{
"type": "FeatureCollection",
"name": "anseongshi",
"crs": { "type": "name", "properties": { "name": "urn:ogc:def:crs:OGC:1.3:CRS84" } },
"features": [
{ "type": "Feature", "properties": { "OBJECTID": 1548, "adm_nm": "경기도 안성시 공도읍", "adm_cd": "3122011", "adm_cd2": "4155025000", "sgg": "41550", "sido": "41", "sidonm": "경기도", "sggnm": "안성시" }, "geometry": { "type": "MultiPolygon", "coordinates": [ [ [ [ 127.216541075307234, 37.025240067646429 ], [ 127.216123359283941, 37.023253655872089 ], [ 127.216028745425803, 37.022869543804326 ], [ 127.215984224178541, 37.02268879841349 ], [ 127.2158981411756, 37.022408245619815 ], [ 127.215765552294087, 37.021976140035171 ], [ 127.215542714598683, 37.02143812453955 ], [ 127.214637529343776, 37.019711133306124 ], [ 127.213583053079248, 37.017699208861181 ], [ 127.212812165033, 37.016229011888207 ], [ 127.212674053554011, 37.015978646813508 ], [ 127.21169085074267, 37.014194796509678 ], [ 127.21160802989624, 37.013987237582803 ], [ 127.211579486150697, 37.013733665911779 ], [ 127.211895726773903, 37.009427812858441 ], [ 127.213076697277813, 37.004868672508579 ], [ 127.214077906379501, 37.00075899235658 ], [ 127.214151747516638, 37.000362536706909 ], [ 127.214076510338103, 36.999631062417563 ], [ 127.213972463582664, 36.999279250169238 ], [ 127.212332378348364, 36.996087568968001 ], [ 127.212149664163476, 36.995738944667394 ], [ 127.21186045697327, 36.99531907317651 ], [ 127.211406450423851, 36.994832319169689 ], [ 127.210825986045919, 36.99444976843062 ], [ 127.210069642341935, 36.993951283801664 ], [ 127.209948624616771, 36.993849404810959 ], [ 127.20981059117824, 36.993733178236077 ], [ 127.209602249039122, 36.993479138533857 ], [ 127.209558927095571, 36.993354895138999 ], [ 127.209500809145055, 36.993188175685965 ], [ 127.209194286021528, 36.991856249389528 ], [ 127.208990204960571, 36.990969380316251 ], [ 127.208848082120298, 36.99066592224321 ], [ 127.208378350095074, 36.990077705653768 ], [ 127.208073281479813, 36.989776099816787 ], [ 127.207789618128757, 36.989572577618411 ], [ 127.205981299331128, 36.988608077586441 ], [ 127.203159604076745, 36.987997089698538 ], [ 127.202491902997693, 36.987763297064255 ], [ 127.202309566388905, 36.987625613533808 ], [ 127.202220908056603, 36.987558666478748 ], [ 127.201997337343713, 36.987258376167496 ], [ 127.201631972311759, 36.986414745785986 ], [ 127.201301443809257, 36.985434588333163 ], [ 127.201270177703776, 36.985341120292006 ], [ 127.201249385525799, 36.985278958630118 ], [ 127.201240805705154, 36.985182834327532 ], [ 127.201233905781123, 36.985105392125185 ], [ 127.201262190340785, 36.984998633432497 ], [ 127.201272374944409, 36.984960217073223 ], [ 127.201438057555592, 36.98480279590558 ], [ 127.201638572290065, 36.98472329254097 ], [ 127.201835213354002, 36.984709142659312 ], [ 127.202066822714642, 36.984746909517817 ], [ 127.199910110518658, 36.983052743027422 ], [ 127.193570229665866, 36.978505331166858 ], [ 127.189078496715666, 36.975110988749897 ], [ 127.188628997423834, 36.974771157524991 ], [ 127.188409957705716, 36.974605555688349 ], [ 127.185633558512663, 36.971849961693316 ], [ 127.185066651196593, 36.97139999029293 ], [ 127.183475729990562, 36.970164163360934 ], [ 127.182126341614492, 36.969117451930643 ], [ 127.181236771604631, 36.968427401532885 ], [ 127.181013471371401, 36.968262288328766 ], [ 127.180258739400784, 36.967741928062523 ], [ 127.179680994977332, 36.967380920078178 ], [ 127.178740094894422, 36.966888217870391 ], [ 127.177400141211166, 36.966291885400331 ], [ 127.177034063720356, 36.966165705790587 ], [ 127.17657635329202, 36.966007943098532 ], [ 127.176202840473096, 36.96588761808863 ], [ 127.176011911172822, 36.965826115479068 ], [ 127.17576656000719, 36.965752328726452 ], [ 127.175520358863736, 36.965678288542705 ], [ 127.174295800904986, 36.965363937613951 ], [ 127.173750561575346, 36.965291452025475 ], [ 127.172702902341811, 36.965153352209356 ], [ 127.172162074369837, 36.965098115215298 ], [ 127.171841085841649, 36.965065336341169 ], [ 127.171444469258361, 36.965046210667879 ], [ 127.171016406851564, 36.965032665731435 ], [ 127.170390749130078, 36.965012866571165 ], [ 127.169772072983108, 36.965033250078442 ], [ 127.169696964436511, 36.965035728373621 ], [ 127.169456782425954, 36.9650495813666 ], [ 127.168895649486046, 36.965081948327253 ], [ 127.167983921758704, 36.965173544780576 ], [ 127.167862458283452, 36.965192474351987 ], [ 127.167069130868981, 36.965317978201597 ], [ 127.16423170390712, 36.965839585840293 ], [ 127.156770704538559, 36.967225622908273 ], [ 127.153805965133117, 36.969418808819945 ], [ 127.149130736850736, 36.969876549679505 ], [ 127.146997009179827, 36.970607288860563 ], [ 127.14669541209912, 36.970710571527384 ], [ 127.145904293861889, 36.970975303237061 ], [ 127.14430057523515, 36.971511914179359 ], [ 127.142685324583908, 36.971014470938222 ], [ 127.14261399404846, 36.970992491825413 ], [ 127.135642884453858, 36.967839427551539 ], [ 127.1355505179191, 36.967688884380593 ], [ 127.134624584157109, 36.966179679854669 ], [ 127.134583908339181, 36.966113391469158 ], [ 127.1336592722826, 36.965454218747254 ], [ 127.133465677367582, 36.965316204409667 ], [ 127.131739130713839, 36.96502480994814 ], [ 127.130216548044913, 36.965254592004662 ], [ 127.12883706272126, 36.966070810094124 ], [ 127.126282885006347, 36.967040341894922 ], [ 127.126112823755363, 36.967104890670953 ], [ 127.125995907113762, 36.967149267363112 ], [ 127.123363935158281, 36.968048911316188 ], [ 127.123267408887912, 36.968081903469539 ], [ 127.123174762635955, 36.968113568314621 ], [ 127.121477108141875, 36.968405326147874 ], [ 127.119498908936762, 36.969127965260277 ], [ 127.119946820947362, 36.969548497379037 ], [ 127.121980210337185, 36.971544920896811 ], [ 127.124967202494489, 36.974987760195177 ], [ 127.124983984211767, 36.975011186677577 ], [ 127.125149225316477, 36.975241864511823 ], [ 127.125164259102917, 36.975326423004553 ], [ 127.125141457296664, 36.975393959114456 ], [ 127.124508959394291, 36.976785812997399 ], [ 127.129235562534078, 36.976790526515529 ], [ 127.1339839431066, 36.976795109980003 ], [ 127.133971403867633, 36.977508345779917 ], [ 127.135323491245614, 36.977559444534691 ], [ 127.135312750588326, 36.977954108435561 ], [ 127.137189796810731, 36.978493453032307 ], [ 127.137121982873907, 36.97895242856773 ], [ 127.136402662533769, 36.979724204390742 ], [ 127.13641285812804, 36.980073703177119 ], [ 127.137695965176817, 36.980062295304386 ], [ 127.139775371497691, 36.978618928377799 ], [ 127.141124353383063, 36.978718571267436 ], [ 127.141139202709908, 36.979710682378759 ], [ 127.136432745068618, 36.982932769101552 ], [ 127.136373693882675, 36.984719407011632 ], [ 127.13627419500169, 36.984775205140338 ], [ 127.13427963726825, 36.985439719979517 ], [ 127.131230701340513, 36.985638764101715 ], [ 127.130607215185989, 36.986678076749577 ], [ 127.131971797136273, 36.987207297616223 ], [ 127.132104816126542, 36.987271333538331 ], [ 127.132758680954339, 36.987586085560899 ], [ 127.133018356414766, 36.987747984882162 ], [ 127.133174612586856, 36.987845408646756 ], [ 127.134561815457175, 36.989287483231159 ], [ 127.134805106437724, 36.989815574015147 ], [ 127.135232053199445, 36.991007913426571 ], [ 127.136175312019006, 36.993372050045522 ], [ 127.140953466872816, 36.994876754993548 ], [ 127.141185593395122, 36.99495520598483 ], [ 127.141552383926495, 36.995079210001904 ], [ 127.141614446649413, 36.995100326100619 ], [ 127.141738890234492, 36.99514279894364 ], [ 127.141886534989425, 36.995246441175347 ], [ 127.142037126083395, 36.995352156402397 ], [ 127.142518780998032, 36.995691647448623 ], [ 127.1428296166292, 36.995911182036885 ], [ 127.143066206428671, 36.996086547439262 ], [ 127.14365208532287, 36.996522125076538 ], [ 127.143883761431212, 36.996695220492256 ], [ 127.144093063237378, 36.99685134639563 ], [ 127.1445372164291, 36.997102826498214 ], [ 127.144776890739308, 36.997220731001285 ], [ 127.145692183911549, 36.997359809152911 ], [ 127.146427791363678, 36.997471302002168 ], [ 127.147437149924301, 36.997624168439039 ], [ 127.147609515634059, 36.99764613451061 ], [ 127.14796224454436, 36.9976910812046 ], [ 127.148960529258773, 36.997816750521643 ], [ 127.149062280851254, 36.997829558854477 ], [ 127.149472447977089, 36.997838653885999 ], [ 127.150004126225696, 36.997850363949965 ], [ 127.152115314691557, 36.99775290470695 ], [ 127.152854988949173, 36.99773663670296 ], [ 127.153915991267993, 36.997757238146789 ], [ 127.153664552529946, 36.998739293772019 ], [ 127.153601401504901, 36.998985938698723 ], [ 127.153440584278471, 36.999453351918739 ], [ 127.152650026749455, 37.001658839253253 ], [ 127.152257744777685, 37.002577425156666 ], [ 127.152725665791834, 37.003219712067782 ], [ 127.156273836038366, 37.007718013351059 ], [ 127.156151788159875, 37.008579669091993 ], [ 127.156029454878734, 37.008912846356303 ], [ 127.15585483932739, 37.009156854076721 ], [ 127.155333917352678, 37.009660120149405 ], [ 127.154902236198396, 37.010087075343598 ], [ 127.154922548045249, 37.010516876396622 ], [ 127.154936861142176, 37.010819594348881 ], [ 127.154972144301766, 37.010939136396559 ], [ 127.155825821806843, 37.011384446749759 ], [ 127.156210269266865, 37.011505001355204 ], [ 127.156242498191375, 37.011512026755796 ], [ 127.156556287200246, 37.011580371680573 ], [ 127.157092450687713, 37.011658133964943 ], [ 127.158361295236659, 37.011696007215157 ], [ 127.160290180927461, 37.012839544678798 ], [ 127.162494073005917, 37.014235792689007 ], [ 127.163354620974715, 37.014956573459315 ], [ 127.164678426979265, 37.015917160660827 ], [ 127.16812539308539, 37.017951511564505 ], [ 127.168230610047203, 37.017991243579168 ], [ 127.169804418583425, 37.018482408296805 ], [ 127.170502638191792, 37.018682664835495 ], [ 127.171879107036659, 37.018830708302922 ], [ 127.17329888200625, 37.021833106364468 ], [ 127.175729896511328, 37.024826825345492 ], [ 127.17573717690496, 37.024932700772652 ], [ 127.17568057652818, 37.024998701523877 ], [ 127.175331844707074, 37.025404909050991 ], [ 127.174739744795104, 37.026007249099521 ], [ 127.173055921183078, 37.026045376956937 ], [ 127.171937186172784, 37.026070554817856 ], [ 127.171734728412304, 37.027313761331676 ], [ 127.172012338979798, 37.027718101269969 ], [ 127.172641548628093, 37.028253017470803 ], [ 127.172753971561804, 37.028385907850861 ], [ 127.17284689080472, 37.028508196667296 ], [ 127.175241109113216, 37.03186343966896 ], [ 127.17607780132191, 37.031588535636303 ], [ 127.176136146193798, 37.031471570647895 ], [ 127.177269204888049, 37.029199600473596 ], [ 127.177642110992295, 37.028589891227845 ], [ 127.179473980442239, 37.027735516581394 ], [ 127.181350957480134, 37.027576779994476 ], [ 127.183776500724306, 37.027098748020713 ], [ 127.185085098122798, 37.025519082417915 ], [ 127.186717288616734, 37.022294009589537 ], [ 127.186735942113501, 37.019992989257346 ], [ 127.186751443278567, 37.018082139289582 ], [ 127.186806942563862, 37.017986111508407 ], [ 127.187032363040004, 37.017596104724106 ], [ 127.187844980001472, 37.016199475695373 ], [ 127.188169423369416, 37.015641852435998 ], [ 127.188844918632142, 37.015736022656149 ], [ 127.188898111885038, 37.015785741135247 ], [ 127.188908338637404, 37.015819517739509 ], [ 127.188920983376576, 37.015861296425705 ], [ 127.188951478608161, 37.015963914797979 ], [ 127.188921544277335, 37.016242154960871 ], [ 127.188800082264777, 37.016448788384544 ], [ 127.188440248882216, 37.017064994905788 ], [ 127.188048274779817, 37.017779056863304 ], [ 127.189444567713508, 37.018585006430961 ], [ 127.189598096195866, 37.018667664166621 ], [ 127.190560312179841, 37.01892933995881 ], [ 127.194532232497977, 37.019733795545235 ], [ 127.19908445314438, 37.020578822516917 ], [ 127.204590284625965, 37.02278846353628 ], [ 127.207322853610691, 37.02449541579729 ], [ 127.213580755655457, 37.02511284408461 ], [ 127.214119882532728, 37.025162723386337 ], [ 127.216541075307234, 37.025240067646429 ] ] ] ] } },
{ "type": "Feature", "properties": { "OBJECTID": 1549, "adm_nm": "경기도 안성시 보개면", "adm_cd": "3122031", "adm_cd2": "4155031000", "sgg": "41550", "sido": "41", "sidonm": "경기도", "sggnm": "안성시" }, "geometry": { "type": "MultiPolygon", "coordinates": [ [ [ [ 127.352317680932785, 37.100179419104961 ], [ 127.350761516597188, 37.098261118125336 ], [ 127.349935992543323, 37.09738425865158 ], [ 127.348904213923475, 37.096315883858061 ], [ 127.346434910341358, 37.093843927066359 ], [ 127.345400301202929, 37.092831856823011 ], [ 127.343769887073734, 37.091211706391015 ], [ 127.343097535146157, 37.090533571232413 ], [ 127.342952424631974, 37.090310275660975 ], [ 127.34280122099652, 37.089986615812201 ], [ 127.342714403694131, 37.089800710009527 ], [ 127.341744025241184, 37.087693399923033 ], [ 127.339288326745006, 37.08201447478524 ], [ 127.339764249177449, 37.079741262339176 ], [ 127.340333439361601, 37.075897430318832 ], [ 127.340226334248968, 37.075336145609811 ], [ 127.339925347751716, 37.07435768757928 ], [ 127.339083438209983, 37.072533481189708 ], [ 127.338476490553205, 37.071589488959866 ], [ 127.338251298106513, 37.071006600676611 ], [ 127.338142825029962, 37.070109528628237 ], [ 127.338129165750132, 37.069920209411684 ], [ 127.338033397963528, 37.066022513674042 ], [ 127.338968915610636, 37.062474398025543 ], [ 127.338973288463947, 37.062401162572186 ], [ 127.338955270979753, 37.062303333588886 ], [ 127.338932992891458, 37.062198519925879 ], [ 127.338888939302706, 37.062063010851233 ], [ 127.338721608031136, 37.061738267751757 ], [ 127.337905995918064, 37.060804173295956 ], [ 127.33647179619355, 37.058555383489534 ], [ 127.334216893884872, 37.054887927406696 ], [ 127.334339935192901, 37.053905536605328 ], [ 127.335766685490057, 37.052370575572965 ], [ 127.336955610919631, 37.051574446341263 ], [ 127.33816520307812, 37.050969888029471 ], [ 127.338461195926996, 37.050934234052328 ], [ 127.338762202634953, 37.050856894816803 ], [ 127.338876139407475, 37.050825499410003 ], [ 127.338916274709064, 37.050795130504795 ], [ 127.338930406548101, 37.050760219114075 ], [ 127.339144516552025, 37.050221902608122 ], [ 127.339158681467723, 37.050171216130309 ], [ 127.339149872840238, 37.050017960346111 ], [ 127.338797124705195, 37.04763882114711 ], [ 127.338781121555925, 37.047564431036243 ], [ 127.338551245870505, 37.046915085396179 ], [ 127.337265050233569, 37.043598300693887 ], [ 127.335751636131022, 37.04010540600332 ], [ 127.335712337459427, 37.040078308520862 ], [ 127.334719678043925, 37.039246482094647 ], [ 127.334657975535137, 37.039177666143587 ], [ 127.33406471244912, 37.038256241897848 ], [ 127.335586982488266, 37.034981639786807 ], [ 127.336624562589847, 37.03351148645428 ], [ 127.336422970509133, 37.031516770332566 ], [ 127.336278699405028, 37.031288336487464 ], [ 127.336254887793643, 37.031250614542571 ], [ 127.336203407947423, 37.031133356656483 ], [ 127.336114322856801, 37.03093041027757 ], [ 127.336020081700752, 37.030641820158728 ], [ 127.336210369384148, 37.030556617693883 ], [ 127.33633871315628, 37.03049915597331 ], [ 127.336541997585286, 37.030408165641987 ], [ 127.338491776306796, 37.029863213116464 ], [ 127.339061994481526, 37.029714123868246 ], [ 127.339105586073345, 37.029702915012912 ], [ 127.341277289792629, 37.029202161490304 ], [ 127.342747187187612, 37.028597901672484 ], [ 127.3467151435365, 37.026592887109551 ], [ 127.347524813679314, 37.026147718362438 ], [ 127.347590966363427, 37.026097096547311 ], [ 127.349189487489085, 37.024355987061504 ], [ 127.349237400659902, 37.024286182859313 ], [ 127.349265941228452, 37.024231429687752 ], [ 127.349314287456778, 37.024138669971826 ], [ 127.34937087476915, 37.023948312037803 ], [ 127.34938732465676, 37.023816822958871 ], [ 127.349393698684793, 37.02376579610835 ], [ 127.349409260784128, 37.023365806118406 ], [ 127.349416963340801, 37.023023270133635 ], [ 127.34946223279411, 37.022871208899261 ], [ 127.349492258653612, 37.022781248251768 ], [ 127.349532988268081, 37.022659351476776 ], [ 127.349613967635079, 37.02253561538096 ], [ 127.34964602359706, 37.022505526312464 ], [ 127.349690693081911, 37.02246359839166 ], [ 127.34979852907685, 37.02240587067481 ], [ 127.349835590028803, 37.022386031838401 ], [ 127.350069699756816, 37.022322101234813 ], [ 127.350233367752708, 37.02228664698282 ], [ 127.350359311958002, 37.022259366064162 ], [ 127.350905251237648, 37.022187956140101 ], [ 127.347554466602787, 37.020101357259044 ], [ 127.346693225797779, 37.018970055020425 ], [ 127.346600226250445, 37.018811718745539 ], [ 127.346412435888311, 37.018491941794935 ], [ 127.346409432412358, 37.017837191888006 ], [ 127.345849764044971, 37.017391457182661 ], [ 127.344354137250946, 37.016948926581456 ], [ 127.343337869824538, 37.016760540720178 ], [ 127.341643444535947, 37.016317713349487 ], [ 127.338250278307896, 37.014506876720219 ], [ 127.335792982103527, 37.012741188222428 ], [ 127.334876040184696, 37.012011498384489 ], [ 127.334654002612126, 37.011834786443778 ], [ 127.333455791700175, 37.011039843754482 ], [ 127.333390068772388, 37.01106471149027 ], [ 127.333117586051699, 37.011167824824064 ], [ 127.331152496063368, 37.011525621535988 ], [ 127.329425545444991, 37.011572731335917 ], [ 127.32896438499084, 37.011481306163866 ], [ 127.326205068356884, 37.010930021669949 ], [ 127.32009467298144, 37.00936732606597 ], [ 127.319541582847393, 37.009371200944415 ], [ 127.319302215795574, 37.009372883028114 ], [ 127.31827480828089, 37.009555064879486 ], [ 127.318234623035352, 37.009561119616365 ], [ 127.316882112967335, 37.009630591512632 ], [ 127.311964036515079, 37.009798710504683 ], [ 127.311852792221245, 37.007899847681415 ], [ 127.311650204345071, 37.004207946415718 ], [ 127.311563667983222, 37.002631122777778 ], [ 127.311519596230056, 37.002119821127813 ], [ 127.311493977318548, 37.001823499219277 ], [ 127.31013141546471, 37.000620224397828 ], [ 127.307035176408121, 37.000325643219931 ], [ 127.306790052308827, 37.000312849654691 ], [ 127.30668127415035, 37.000333396682613 ], [ 127.306547600829532, 37.000358653636297 ], [ 127.306201283540247, 37.000495288102343 ], [ 127.305850779864784, 37.000633582372458 ], [ 127.299830832978699, 37.000379067184788 ], [ 127.299493761692361, 37.000341313822766 ], [ 127.29905913567751, 37.000269590344402 ], [ 127.298602153811814, 37.000156135680676 ], [ 127.298074745085941, 37.000002021650552 ], [ 127.297702229419485, 36.999893144075763 ], [ 127.297126272490701, 36.999648815160079 ], [ 127.296936916455252, 36.999535811190135 ], [ 127.296621433347212, 36.999306530286809 ], [ 127.296050000648648, 36.99891680316923 ], [ 127.294751490436823, 36.99829031667884 ], [ 127.294510077700579, 36.998208769254056 ], [ 127.294244363571551, 36.998166202625001 ], [ 127.293621200895018, 36.998066376885447 ], [ 127.292723620172183, 36.998026501649711 ], [ 127.292334458685943, 36.99803483587251 ], [ 127.291684578260117, 36.998090037239336 ], [ 127.291411192075202, 36.998141390034874 ], [ 127.291061725838702, 36.998246733564095 ], [ 127.290708812593607, 36.998385796517738 ], [ 127.290543039890295, 36.998460134459023 ], [ 127.290368616385166, 36.998538164518955 ], [ 127.287541312164947, 37.000410468574465 ], [ 127.287571298782282, 37.003112789005321 ], [ 127.28814315224588, 37.003601715879959 ], [ 127.288390448457136, 37.003812801174881 ], [ 127.289052493880462, 37.003984194167629 ], [ 127.289304627619131, 37.004001544013839 ], [ 127.289915319902974, 37.003914736023702 ], [ 127.290240160112432, 37.003806010849772 ], [ 127.290624700248927, 37.003698516909324 ], [ 127.292104622316742, 37.004282547507216 ], [ 127.293425561456374, 37.004953046694261 ], [ 127.294813995023731, 37.01136140044914 ], [ 127.294764937299348, 37.011843500176852 ], [ 127.294708666240112, 37.012391027366853 ], [ 127.294052903849959, 37.013581612154155 ], [ 127.293843135922586, 37.01396255676989 ], [ 127.296442629270786, 37.014901133067468 ], [ 127.297235954505638, 37.015187553187012 ], [ 127.295731950752909, 37.017875219237673 ], [ 127.295473968543618, 37.018336212335718 ], [ 127.289947375147122, 37.021878225869159 ], [ 127.287729068636239, 37.023082394711913 ], [ 127.286145352580021, 37.022651179078984 ], [ 127.285453714207634, 37.021983993496356 ], [ 127.284296797294687, 37.02211711196847 ], [ 127.281047275614668, 37.022551851430215 ], [ 127.281085154977958, 37.022810971970088 ], [ 127.281120135431678, 37.023110764513355 ], [ 127.281122552553697, 37.023153866704476 ], [ 127.281132830332567, 37.023337274127812 ], [ 127.28112688906063, 37.023441009622147 ], [ 127.281087097998508, 37.023603113859011 ], [ 127.281018464861674, 37.023770879973434 ], [ 127.280951264303198, 37.023925127124798 ], [ 127.280440577746361, 37.025096052001558 ], [ 127.280359987685983, 37.025264922362524 ], [ 127.280316988554873, 37.02533572729017 ], [ 127.280159541585405, 37.025573293458123 ], [ 127.280115924312611, 37.025591241391432 ], [ 127.279888127090956, 37.025637017739882 ], [ 127.278664213376402, 37.028011154616181 ], [ 127.277560591734868, 37.030799037327284 ], [ 127.27673086242612, 37.032897825466236 ], [ 127.276728544965636, 37.035206542657683 ], [ 127.277129187012235, 37.036787142873827 ], [ 127.276048693045908, 37.039532232408298 ], [ 127.274255264643401, 37.042106937425856 ], [ 127.272281818035339, 37.045022970813186 ], [ 127.272243339329577, 37.045080079429347 ], [ 127.272227003294361, 37.04513526090976 ], [ 127.272211272768402, 37.045462000572918 ], [ 127.272217374064127, 37.046476125540806 ], [ 127.272126565151552, 37.047465235150938 ], [ 127.273691590470236, 37.046846281924473 ], [ 127.274970897938687, 37.047051537883533 ], [ 127.277610150313762, 37.047541035066821 ], [ 127.278291099658063, 37.048068521511929 ], [ 127.281440925860679, 37.051664324106305 ], [ 127.284014309733777, 37.055870842512263 ], [ 127.284882396941512, 37.063603354073216 ], [ 127.284613175473794, 37.064032433717841 ], [ 127.284147255251256, 37.064774979273352 ], [ 127.282193572162896, 37.067447525454163 ], [ 127.282359271526587, 37.067786999270474 ], [ 127.282496380211796, 37.068049851981918 ], [ 127.282941230892845, 37.068834851210248 ], [ 127.282997086854095, 37.068892617929649 ], [ 127.283027459981568, 37.068924026152153 ], [ 127.28499598920078, 37.070940054343659 ], [ 127.28502384695561, 37.070962478338586 ], [ 127.285062037048817, 37.070983005510442 ], [ 127.285121225644133, 37.07096115841069 ], [ 127.285138047304656, 37.070927917085946 ], [ 127.285182758699079, 37.070778135258102 ], [ 127.28522430483595, 37.070685624570061 ], [ 127.28535822524573, 37.070387457432666 ], [ 127.285422371808437, 37.070330539081219 ], [ 127.285490036823163, 37.070270509910571 ], [ 127.285698407754211, 37.070125831053083 ], [ 127.288903014625731, 37.069685069094092 ], [ 127.289328430766474, 37.069663289654919 ], [ 127.289637500482016, 37.069655751444088 ], [ 127.289845232548132, 37.069650684939973 ], [ 127.290073031361032, 37.069649960623387 ], [ 127.290316130269872, 37.069710111291755 ], [ 127.29493170631639, 37.071062439080222 ], [ 127.295068663082048, 37.071114507133935 ], [ 127.295212604589679, 37.071187997866858 ], [ 127.295380255468586, 37.071330262503771 ], [ 127.295472105514548, 37.071427324696757 ], [ 127.295533020653821, 37.071519826343781 ], [ 127.295686262565638, 37.071796152584099 ], [ 127.295749414338019, 37.071910590671685 ], [ 127.295793310560384, 37.071990144471698 ], [ 127.295795810062813, 37.072039710321192 ], [ 127.295798651332404, 37.072096072642509 ], [ 127.295770531677789, 37.072618853847658 ], [ 127.295714590018235, 37.072770842331188 ], [ 127.298354518993264, 37.074447544252138 ], [ 127.29915639010261, 37.074708434594754 ], [ 127.300216592311116, 37.07517409287675 ], [ 127.300322613750737, 37.075242347401954 ], [ 127.300532444662338, 37.075377433595804 ], [ 127.300611275519714, 37.076697172059575 ], [ 127.300623179606447, 37.076983269821575 ], [ 127.300488260129114, 37.077487843585786 ], [ 127.300219692795693, 37.078228528917251 ], [ 127.299957922841855, 37.079155722640039 ], [ 127.299978514387959, 37.079252696184135 ], [ 127.299993351640978, 37.079322546826901 ], [ 127.300397121444576, 37.080066906217716 ], [ 127.30135564089916, 37.081110792975593 ], [ 127.301476959918858, 37.081507624909364 ], [ 127.302123039421446, 37.086696386101032 ], [ 127.302108877518577, 37.087010776143643 ], [ 127.302035075289297, 37.088620828951974 ], [ 127.301900098649185, 37.089951336493243 ], [ 127.300473297662961, 37.090979952495921 ], [ 127.298320479859512, 37.092587671114011 ], [ 127.298285252893393, 37.092630370406134 ], [ 127.298034447708702, 37.093324042538562 ], [ 127.2980349006789, 37.093375965517637 ], [ 127.29819819716586, 37.093901234694854 ], [ 127.298275704995305, 37.094105152192768 ], [ 127.29831134297271, 37.094198898127267 ], [ 127.298356484754933, 37.094234635348691 ], [ 127.298529607312673, 37.094371667066255 ], [ 127.298768375377975, 37.094506159744505 ], [ 127.299266956739871, 37.094796588169437 ], [ 127.299369954764856, 37.094869210157285 ], [ 127.299505638385085, 37.09496488182161 ], [ 127.299667682032833, 37.095099185247548 ], [ 127.299696291422379, 37.09521084375428 ], [ 127.299587539225072, 37.096181946578454 ], [ 127.299048685806738, 37.098085299399003 ], [ 127.29902113514342, 37.098141543188476 ], [ 127.298944790270994, 37.098203029879961 ], [ 127.296546586180554, 37.099785855554487 ], [ 127.296479190165641, 37.100510291825977 ], [ 127.296111459601008, 37.101789653491878 ], [ 127.295862212973702, 37.102472143089763 ], [ 127.295868902455538, 37.102536292853515 ], [ 127.295920044430872, 37.102602148907067 ], [ 127.295974046415239, 37.102671687675986 ], [ 127.296125632083815, 37.102787745548959 ], [ 127.296192355991465, 37.102838826861273 ], [ 127.296747498729601, 37.103298380048088 ], [ 127.297086000718707, 37.103763193994574 ], [ 127.297988500467866, 37.104802501111706 ], [ 127.299275702437797, 37.105877383288117 ], [ 127.299493363978485, 37.106027613505127 ], [ 127.299978705700923, 37.106302241141698 ], [ 127.300045602252169, 37.106336896585567 ], [ 127.300203492773392, 37.106418678620244 ], [ 127.301326923671596, 37.106926491175884 ], [ 127.301514040100813, 37.107044801102901 ], [ 127.301628896818784, 37.10711742282394 ], [ 127.303418118003748, 37.108317044478724 ], [ 127.303621737708937, 37.108462736668763 ], [ 127.303783166705756, 37.108602724789478 ], [ 127.303889045088482, 37.108736986917542 ], [ 127.303959236638818, 37.108852818910677 ], [ 127.303979599938671, 37.108886606433593 ], [ 127.304101270088353, 37.109091147023101 ], [ 127.305703841262485, 37.107114029945926 ], [ 127.310634215037993, 37.105383382072723 ], [ 127.31214149459349, 37.10711191923172 ], [ 127.313282325936882, 37.109469977152585 ], [ 127.316361149936668, 37.10984092359697 ], [ 127.317300541293392, 37.110599571715227 ], [ 127.318251877653225, 37.111369497534092 ], [ 127.320352464099471, 37.113136111694139 ], [ 127.323297045315243, 37.116241436318631 ], [ 127.326720140920372, 37.119442018242012 ], [ 127.329589084404688, 37.118811817679266 ], [ 127.330057752667287, 37.116558930482526 ], [ 127.330776856768438, 37.11682024524324 ], [ 127.330954799652559, 37.116532043364757 ], [ 127.331587072687825, 37.115084813191046 ], [ 127.333356531793811, 37.111735357689938 ], [ 127.335514210510041, 37.110689329111239 ], [ 127.339685778136229, 37.109321503208307 ], [ 127.340615247038656, 37.107989899540321 ], [ 127.3408746384994, 37.10761828366838 ], [ 127.343430573809485, 37.104018236013765 ], [ 127.344371758402417, 37.103585420245693 ], [ 127.344952740926757, 37.103318250391801 ], [ 127.34767501057658, 37.103574178020942 ], [ 127.352317680932785, 37.100179419104961 ] ] ] ] } },
{ "type": "Feature", "properties": { "OBJECTID": 1550, "adm_nm": "경기도 안성시 금광면", "adm_cd": "3122032", "adm_cd2": "4155032000", "sgg": "41550", "sido": "41", "sidonm": "경기도", "sggnm": "안성시" }, "geometry": { "type": "MultiPolygon", "coordinates": [ [ [ [ 127.390007801171947, 37.031080490885351 ], [ 127.391899234939785, 37.028829764520324 ], [ 127.392804939516552, 37.027888583195463 ], [ 127.392813438312899, 37.027841265361879 ], [ 127.392807217723188, 37.027763510689155 ], [ 127.392380374281174, 37.025492626178206 ], [ 127.392106385950925, 37.024461356839218 ], [ 127.392052417487207, 37.024368910281105 ], [ 127.391506261407571, 37.023509791683495 ], [ 127.391465594195608, 37.0234489073679 ], [ 127.391285534873759, 37.023346789806453 ], [ 127.39120091423284, 37.023298800774427 ], [ 127.390972768124328, 37.0217045261547 ], [ 127.393462995950259, 37.014056588995885 ], [ 127.393600342469554, 37.013812196492829 ], [ 127.393729794299787, 37.013682730411325 ], [ 127.393800799151407, 37.013621306714427 ], [ 127.393911971195379, 37.013525141311717 ], [ 127.394170703645528, 37.013387902628047 ], [ 127.394523618266689, 37.013221450297962 ], [ 127.394787202199041, 37.013134920604635 ], [ 127.394974350352186, 37.013029951350553 ], [ 127.395045942601769, 37.012989792403907 ], [ 127.395299806445948, 37.012809728509588 ], [ 127.397442581757275, 37.010728144462064 ], [ 127.397500985431336, 37.01066284044591 ], [ 127.397527074885687, 37.010587367294022 ], [ 127.397988768763568, 37.008913338186446 ], [ 127.39713762987725, 37.007146409558118 ], [ 127.396295659049272, 37.005841335996308 ], [ 127.395547638060407, 37.004205690021578 ], [ 127.395196098305163, 37.002894908812117 ], [ 127.395191254338911, 37.002837437599887 ], [ 127.395043475493054, 36.999961705950014 ], [ 127.395042497763242, 36.999839009737357 ], [ 127.39504231602244, 36.999811786010717 ], [ 127.395357946933999, 36.998584993864107 ], [ 127.395433261961657, 36.998437566166707 ], [ 127.395533974888892, 36.998378186663032 ], [ 127.394784563114229, 36.998160878301412 ], [ 127.394038048410209, 36.997944402525647 ], [ 127.392536228061303, 36.996497463305275 ], [ 127.391617874611029, 36.993883819409128 ], [ 127.391783893876536, 36.993371968995483 ], [ 127.39180430125171, 36.993309085768715 ], [ 127.390697494412649, 36.990881637713606 ], [ 127.388199092487909, 36.987868210023272 ], [ 127.386337565974728, 36.986033677688354 ], [ 127.385364568557534, 36.985057581808562 ], [ 127.384940416901188, 36.984400599658606 ], [ 127.384915694805329, 36.983657766168328 ], [ 127.386082781464438, 36.98139177710204 ], [ 127.386921181915014, 36.981100285867825 ], [ 127.387670749278954, 36.980839674735641 ], [ 127.388465111317132, 36.98056348070029 ], [ 127.389611793190724, 36.98016477306809 ], [ 127.392716985294541, 36.978365033877914 ], [ 127.393747477888979, 36.977581196948627 ], [ 127.394121356940502, 36.977296801134429 ], [ 127.39775739683158, 36.972422608624292 ], [ 127.399596658559673, 36.970035952221941 ], [ 127.401857048879933, 36.96774918631386 ], [ 127.398073135698908, 36.964317852117688 ], [ 127.396814900193377, 36.964033902718356 ], [ 127.396598677332648, 36.963985109449155 ], [ 127.393842714646169, 36.964301798252684 ], [ 127.393550374950919, 36.964434159361936 ], [ 127.391574294814902, 36.964744558129048 ], [ 127.390157644772117, 36.964502813796145 ], [ 127.387594507621401, 36.964065377211888 ], [ 127.387460087010183, 36.963852815559477 ], [ 127.385325328583463, 36.960476747038378 ], [ 127.385673485440122, 36.960059201863842 ], [ 127.385889948196393, 36.959799600874753 ], [ 127.385381752551211, 36.959142829781158 ], [ 127.38157126417839, 36.958597968126526 ], [ 127.380056353720562, 36.958552151335645 ], [ 127.379452718050032, 36.957907932706 ], [ 127.379125861886166, 36.957559095817913 ], [ 127.378633310430359, 36.955804810874668 ], [ 127.378878740438452, 36.954385900894117 ], [ 127.379007236701824, 36.954207494427379 ], [ 127.379171250141894, 36.95397977320934 ], [ 127.378805808071689, 36.952393974644544 ], [ 127.378527710779011, 36.951466248384584 ], [ 127.377364881799423, 36.950254446650277 ], [ 127.376757190821976, 36.949770548416325 ], [ 127.376372361771672, 36.949464100729479 ], [ 127.375495000237635, 36.948184347284332 ], [ 127.374514735527626, 36.948119332418955 ], [ 127.373107097566177, 36.948461409158107 ], [ 127.372748812684506, 36.948969218322858 ], [ 127.372522150837639, 36.949290481919967 ], [ 127.369682580081445, 36.949316193143403 ], [ 127.362046753522151, 36.949272097501208 ], [ 127.359455881376334, 36.948503340949131 ], [ 127.35918939256031, 36.948220368397109 ], [ 127.358885124559691, 36.947897279991025 ], [ 127.357894561390538, 36.94747819285805 ], [ 127.356723787444281, 36.949018015181437 ], [ 127.356056170532455, 36.950201794093289 ], [ 127.356013850878583, 36.950656466483288 ], [ 127.355976009496018, 36.951063056423941 ], [ 127.355095357100126, 36.951673447392075 ], [ 127.354067276449399, 36.952250507086461 ], [ 127.35162911120517, 36.952679791280168 ], [ 127.349949949703799, 36.952579945446914 ], [ 127.349735375184906, 36.952567164720065 ], [ 127.343509353980394, 36.947976288052985 ], [ 127.342807762306592, 36.946290105091997 ], [ 127.342987210586529, 36.945714682655492 ], [ 127.343429796426548, 36.944296119901935 ], [ 127.343047730304193, 36.94352061150741 ], [ 127.34220453376669, 36.943100972305473 ], [ 127.34133387921861, 36.94307868774694 ], [ 127.339307250298205, 36.943026781627559 ], [ 127.339238546366474, 36.943025019163443 ], [ 127.338669538780792, 36.942773401819089 ], [ 127.332177303183201, 36.939516416718028 ], [ 127.331092494315229, 36.938185040112359 ], [ 127.327029551851524, 36.935782676845577 ], [ 127.324547968273961, 36.935789446978369 ], [ 127.323786033879955, 36.936149800177162 ], [ 127.323183647694705, 36.936434691204134 ], [ 127.316488357555968, 36.934646189717157 ], [ 127.315937575029594, 36.933919777047443 ], [ 127.315875146431154, 36.933837439945698 ], [ 127.315623769035625, 36.933357584030375 ], [ 127.315027297260087, 36.93221894323014 ], [ 127.313424969138339, 36.931227086330658 ], [ 127.310579968412767, 36.929748833544636 ], [ 127.309147344150091, 36.929094126824488 ], [ 127.300378564204976, 36.929200929588625 ], [ 127.299526742410592, 36.929469342900404 ], [ 127.298488238766012, 36.929796563375675 ], [ 127.297058376494817, 36.929833892976859 ], [ 127.296573773012952, 36.929565034382229 ], [ 127.296617434484716, 36.930070904885987 ], [ 127.297277759947022, 36.932216362324397 ], [ 127.298359405612345, 36.934492227685226 ], [ 127.297394291737461, 36.935119234947337 ], [ 127.29734684828, 36.935212219837439 ], [ 127.297143843578723, 36.935610099291658 ], [ 127.298966311980408, 36.939167168274082 ], [ 127.300381108978272, 36.94058145155288 ], [ 127.301397592065157, 36.942419860748771 ], [ 127.301323459804536, 36.945019293261609 ], [ 127.297179269067129, 36.950313937290751 ], [ 127.295755184478381, 36.951803394415656 ], [ 127.29370467841072, 36.95466194895171 ], [ 127.294041676587412, 36.954913812596978 ], [ 127.296316887269754, 36.955718898902148 ], [ 127.297920666531382, 36.956913803946343 ], [ 127.299266617623942, 36.962210964496215 ], [ 127.299020128011492, 36.963833152249435 ], [ 127.298390327997026, 36.964104772276407 ], [ 127.298097917198646, 36.964763458424102 ], [ 127.297875076293664, 36.966993032832995 ], [ 127.29803115398154, 36.969305472013062 ], [ 127.29784123793651, 36.969419334986654 ], [ 127.29664570967519, 36.970135911772005 ], [ 127.296173788528762, 36.970159834650566 ], [ 127.295615497736406, 36.970189298740017 ], [ 127.294293533430647, 36.971154943241416 ], [ 127.29425395051932, 36.971241629794356 ], [ 127.292484509719102, 36.974862369157201 ], [ 127.291929972849729, 36.978398442954429 ], [ 127.291259946534026, 36.979209928069587 ], [ 127.289947528081143, 36.980709410560287 ], [ 127.287267322144089, 36.982868104785432 ], [ 127.286594180189027, 36.985511506945628 ], [ 127.286580844647531, 36.985582994480076 ], [ 127.28655069398161, 36.985744677250587 ], [ 127.286582922153855, 36.986021929031622 ], [ 127.286603164102118, 36.986056598873112 ], [ 127.286765357613248, 36.986334381615947 ], [ 127.287109883771251, 36.986716959502672 ], [ 127.287442033037706, 36.986553257628074 ], [ 127.287747692787832, 36.986402623459846 ], [ 127.287985078543869, 36.986400794040648 ], [ 127.290127294099591, 36.987296952771167 ], [ 127.289334974228836, 36.99276148834538 ], [ 127.29403771883058, 36.993223454962767 ], [ 127.29564531927322, 36.993381331017893 ], [ 127.293283376908022, 36.994678622035373 ], [ 127.293254417655106, 36.99469881799196 ], [ 127.293022303913659, 36.994860709139644 ], [ 127.292921677706559, 36.994972384578674 ], [ 127.29278206072226, 36.995127342221146 ], [ 127.291662381783198, 36.996701769933466 ], [ 127.291097558298745, 36.997503069425647 ], [ 127.290999987822914, 36.997641611516762 ], [ 127.290368616385166, 36.998538164518955 ], [ 127.290543039890295, 36.998460134459023 ], [ 127.290708812593607, 36.998385796517738 ], [ 127.291061725838702, 36.998246733564095 ], [ 127.291411192075202, 36.998141390034874 ], [ 127.291684578260117, 36.998090037239336 ], [ 127.292334458685943, 36.99803483587251 ], [ 127.292723620172183, 36.998026501649711 ], [ 127.293621200895018, 36.998066376885447 ], [ 127.294244363571551, 36.998166202625001 ], [ 127.294510077700579, 36.998208769254056 ], [ 127.294751490436823, 36.99829031667884 ], [ 127.296050000648648, 36.99891680316923 ], [ 127.296621433347212, 36.999306530286809 ], [ 127.296936916455252, 36.999535811190135 ], [ 127.297126272490701, 36.999648815160079 ], [ 127.297702229419485, 36.999893144075763 ], [ 127.298074745085941, 37.000002021650552 ], [ 127.298602153811814, 37.000156135680676 ], [ 127.29905913567751, 37.000269590344402 ], [ 127.299493761692361, 37.000341313822766 ], [ 127.299830832978699, 37.000379067184788 ], [ 127.305850779864784, 37.000633582372458 ], [ 127.306201283540247, 37.000495288102343 ], [ 127.306547600829532, 37.000358653636297 ], [ 127.30668127415035, 37.000333396682613 ], [ 127.306790052308827, 37.000312849654691 ], [ 127.307035176408121, 37.000325643219931 ], [ 127.31013141546471, 37.000620224397828 ], [ 127.311493977318548, 37.001823499219277 ], [ 127.311519596230056, 37.002119821127813 ], [ 127.311563667983222, 37.002631122777778 ], [ 127.311650204345071, 37.004207946415718 ], [ 127.311852792221245, 37.007899847681415 ], [ 127.311964036515079, 37.009798710504683 ], [ 127.316882112967335, 37.009630591512632 ], [ 127.318234623035352, 37.009561119616365 ], [ 127.31827480828089, 37.009555064879486 ], [ 127.319302215795574, 37.009372883028114 ], [ 127.319541582847393, 37.009371200944415 ], [ 127.32009467298144, 37.00936732606597 ], [ 127.326205068356884, 37.010930021669949 ], [ 127.32896438499084, 37.011481306163866 ], [ 127.329425545444991, 37.011572731335917 ], [ 127.331152496063368, 37.011525621535988 ], [ 127.333117586051699, 37.011167824824064 ], [ 127.333390068772388, 37.01106471149027 ], [ 127.333455791700175, 37.011039843754482 ], [ 127.334654002612126, 37.011834786443778 ], [ 127.334876040184696, 37.012011498384489 ], [ 127.335792982103527, 37.012741188222428 ], [ 127.338250278307896, 37.014506876720219 ], [ 127.341643444535947, 37.016317713349487 ], [ 127.343337869824538, 37.016760540720178 ], [ 127.344354137250946, 37.016948926581456 ], [ 127.345849764044971, 37.017391457182661 ], [ 127.346409432412358, 37.017837191888006 ], [ 127.346412435888311, 37.018491941794935 ], [ 127.346600226250445, 37.018811718745539 ], [ 127.346693225797779, 37.018970055020425 ], [ 127.347554466602787, 37.020101357259044 ], [ 127.350905251237648, 37.022187956140101 ], [ 127.351244790957537, 37.022538797609762 ], [ 127.352326281170605, 37.023587656070369 ], [ 127.352406919440156, 37.023653525345125 ], [ 127.354566629726477, 37.024784945976961 ], [ 127.357694594507862, 37.026232157255777 ], [ 127.361020862595495, 37.027924321772382 ], [ 127.361206265860943, 37.028273873021305 ], [ 127.361265684903856, 37.028447469304375 ], [ 127.361357175395852, 37.028754065114462 ], [ 127.361457913780228, 37.02900207817757 ], [ 127.361894165535247, 37.029460066384495 ], [ 127.364171814082198, 37.031732064524533 ], [ 127.365255578950013, 37.032706944439042 ], [ 127.365307755264851, 37.032733954848517 ], [ 127.3654110331791, 37.032750973984129 ], [ 127.365657715560573, 37.032735478370427 ], [ 127.366804282316266, 37.032508031198752 ], [ 127.367326455766573, 37.032393700948916 ], [ 127.367475030758641, 37.032343109741326 ], [ 127.369572963657845, 37.031326843241096 ], [ 127.372038035941827, 37.030961064483051 ], [ 127.374196848934261, 37.030075456676627 ], [ 127.374281185427606, 37.030068785273713 ], [ 127.374430855435477, 37.030070070544959 ], [ 127.378186232881021, 37.030328415854072 ], [ 127.38058167938955, 37.030530519187458 ], [ 127.383216367970263, 37.030856532194342 ], [ 127.3870472318211, 37.031102501950947 ], [ 127.390007801171947, 37.031080490885351 ] ] ] ] } },
{ "type": "Feature", "properties": { "OBJECTID": 1551, "adm_nm": "경기도 안성시 서운면", "adm_cd": "3122033", "adm_cd2": "4155033000", "sgg": "41550", "sido": "41", "sidonm": "경기도", "sggnm": "안성시" }, "geometry": { "type": "MultiPolygon", "coordinates": [ [ [ [ 127.29425395051932, 36.971241629794356 ], [ 127.294293533430647, 36.971154943241416 ], [ 127.295615497736406, 36.970189298740017 ], [ 127.296173788528762, 36.970159834650566 ], [ 127.29664570967519, 36.970135911772005 ], [ 127.29784123793651, 36.969419334986654 ], [ 127.29803115398154, 36.969305472013062 ], [ 127.297875076293664, 36.966993032832995 ], [ 127.298097917198646, 36.964763458424102 ], [ 127.298390327997026, 36.964104772276407 ], [ 127.299020128011492, 36.963833152249435 ], [ 127.299266617623942, 36.962210964496215 ], [ 127.297920666531382, 36.956913803946343 ], [ 127.296316887269754, 36.955718898902148 ], [ 127.294041676587412, 36.954913812596978 ], [ 127.29370467841072, 36.95466194895171 ], [ 127.295755184478381, 36.951803394415656 ], [ 127.297179269067129, 36.950313937290751 ], [ 127.301323459804536, 36.945019293261609 ], [ 127.301397592065157, 36.942419860748771 ], [ 127.300381108978272, 36.94058145155288 ], [ 127.298966311980408, 36.939167168274082 ], [ 127.297143843578723, 36.935610099291658 ], [ 127.29734684828, 36.935212219837439 ], [ 127.297394291737461, 36.935119234947337 ], [ 127.298359405612345, 36.934492227685226 ], [ 127.297277759947022, 36.932216362324397 ], [ 127.296617434484716, 36.930070904885987 ], [ 127.296573773012952, 36.929565034382229 ], [ 127.295664850630544, 36.928890730469057 ], [ 127.295645586416981, 36.928697444005373 ], [ 127.295695554582963, 36.928597609389804 ], [ 127.295921385030411, 36.928146407872489 ], [ 127.297596546323604, 36.925345854954237 ], [ 127.301481354929464, 36.919133452270813 ], [ 127.303801663555745, 36.915617203813049 ], [ 127.303947000779445, 36.915366178676081 ], [ 127.304077650789665, 36.915140516788853 ], [ 127.303459616444428, 36.913431528963841 ], [ 127.298029875663985, 36.903285857853092 ], [ 127.297917155153669, 36.902869718095417 ], [ 127.297786592531963, 36.90263205600278 ], [ 127.296986857240285, 36.901771324945919 ], [ 127.296615114901584, 36.901430139712403 ], [ 127.294087434480076, 36.899115960559705 ], [ 127.29278699392583, 36.898063074472439 ], [ 127.292317925346737, 36.89768863050687 ], [ 127.292099663636677, 36.897514397443807 ], [ 127.291854900810023, 36.897380767853441 ], [ 127.291747060011559, 36.897321891343147 ], [ 127.291098244929088, 36.897159861281864 ], [ 127.290671102534958, 36.896848528776204 ], [ 127.289755587450429, 36.894708821041171 ], [ 127.289801866995006, 36.893818800322201 ], [ 127.288558401982741, 36.893533533815472 ], [ 127.287759014564202, 36.893868083642239 ], [ 127.284818395413822, 36.895689008247778 ], [ 127.27952713246016, 36.90024081752145 ], [ 127.279334858718556, 36.900518456173963 ], [ 127.27978955080151, 36.901410871457323 ], [ 127.280502872693162, 36.902810852654369 ], [ 127.280356460223643, 36.904199877803329 ], [ 127.280330570621743, 36.904271323487954 ], [ 127.280188381467454, 36.904470499462995 ], [ 127.279058739332569, 36.905605013389518 ], [ 127.278555466651113, 36.90607269892628 ], [ 127.278260846438002, 36.906279878097585 ], [ 127.277584373517257, 36.906667044418562 ], [ 127.276442228015739, 36.907320716650425 ], [ 127.275481989526483, 36.907896523182039 ], [ 127.274911827318945, 36.908318453003673 ], [ 127.274385344936405, 36.908902136234936 ], [ 127.274351896880802, 36.908939219864138 ], [ 127.274010590341248, 36.909437209965077 ], [ 127.271759316839109, 36.913308809783778 ], [ 127.270157379128264, 36.91324591797278 ], [ 127.266941952434081, 36.913763178470958 ], [ 127.261574088878291, 36.914772931011647 ], [ 127.261468994973555, 36.914808950372979 ], [ 127.261421985717931, 36.914825064114453 ], [ 127.259132877454405, 36.915609808256427 ], [ 127.257575659837471, 36.916544529169258 ], [ 127.257122054856396, 36.917166417672249 ], [ 127.25508802845593, 36.920075707305607 ], [ 127.254058055717351, 36.921807559649409 ], [ 127.253523422582148, 36.92206793588425 ], [ 127.253345676281583, 36.922154500321476 ], [ 127.253120453780184, 36.922264114229137 ], [ 127.249762137973093, 36.921439640241005 ], [ 127.249432330882911, 36.921231284627453 ], [ 127.248835026981254, 36.920853930011553 ], [ 127.248698409066364, 36.920232756565113 ], [ 127.248610787120256, 36.919834343621886 ], [ 127.248208333197823, 36.919214286064005 ], [ 127.246077996400061, 36.918032324314922 ], [ 127.244529625934931, 36.917470032565092 ], [ 127.244258917073594, 36.917435349933797 ], [ 127.2440184977727, 36.917404550512508 ], [ 127.239776859734931, 36.919263115350198 ], [ 127.239474141248792, 36.919403479603339 ], [ 127.237860663179703, 36.920436137175052 ], [ 127.237576089803937, 36.9206492738817 ], [ 127.237266829708702, 36.921081232433906 ], [ 127.237181351727031, 36.921698449814798 ], [ 127.236903619671537, 36.92247194805195 ], [ 127.236358199905553, 36.923544437559272 ], [ 127.236092732208363, 36.92383460598122 ], [ 127.235536792892972, 36.924007996122057 ], [ 127.235110437526316, 36.923964037876772 ], [ 127.235009735119888, 36.923947637622902 ], [ 127.234674657640454, 36.923820400648594 ], [ 127.234351811292584, 36.92369779650052 ], [ 127.233653302643233, 36.923623194030363 ], [ 127.228849773970992, 36.924386439121847 ], [ 127.228160467752275, 36.924786913798769 ], [ 127.22751350089041, 36.925497745838491 ], [ 127.226074030958472, 36.926569937748113 ], [ 127.220207891162502, 36.930301244502701 ], [ 127.21653425358727, 36.930374443702277 ], [ 127.215525708925014, 36.930198886464204 ], [ 127.214212876631649, 36.929912986983361 ], [ 127.212610268642436, 36.929716255871028 ], [ 127.211656770573242, 36.93002908042385 ], [ 127.210733892100421, 36.930406993476538 ], [ 127.209880031857381, 36.931295514104725 ], [ 127.209827902859971, 36.932437536663812 ], [ 127.210163960080337, 36.934122334077891 ], [ 127.210798178945851, 36.934861338889419 ], [ 127.210829035046601, 36.934897290811108 ], [ 127.211604531924323, 36.935649844060514 ], [ 127.211860252026369, 36.936794348203584 ], [ 127.211665918835834, 36.937878362486025 ], [ 127.211290556256685, 36.938306899239372 ], [ 127.211551315454201, 36.938212919407874 ], [ 127.211646851109634, 36.938192382900496 ], [ 127.211703000912124, 36.938190751466067 ], [ 127.212501277338717, 36.938189856815072 ], [ 127.213182854990748, 36.938291241934245 ], [ 127.213290793763306, 36.938330940044608 ], [ 127.213786668798249, 36.938799761890309 ], [ 127.214463508147418, 36.939675798423913 ], [ 127.214953363170338, 36.940634763698917 ], [ 127.215189009554237, 36.941023859789553 ], [ 127.216466713433377, 36.942140465760822 ], [ 127.216559917257015, 36.942218939385583 ], [ 127.217542947996122, 36.9430448168808 ], [ 127.217592564382812, 36.943078360584906 ], [ 127.218559859450053, 36.943254185587215 ], [ 127.221431162145635, 36.94331278835039 ], [ 127.221570840188093, 36.943315368609099 ], [ 127.222745156873287, 36.943237769713669 ], [ 127.223366054038436, 36.943196741299111 ], [ 127.223590872427721, 36.945278484019312 ], [ 127.223635943708274, 36.945703992293936 ], [ 127.22372254171519, 36.946521517967803 ], [ 127.224969257930042, 36.946701465127781 ], [ 127.226204999114387, 36.946810240627293 ], [ 127.226291228341353, 36.946801441135321 ], [ 127.230148770033082, 36.94643257294296 ], [ 127.234944429360567, 36.946139332328571 ], [ 127.242567552495828, 36.946748803562677 ], [ 127.242681805091678, 36.946762627883267 ], [ 127.243222013112955, 36.946882059049351 ], [ 127.243874143077221, 36.947085164557613 ], [ 127.243991237425135, 36.947125982214274 ], [ 127.244487521078199, 36.947754685393377 ], [ 127.249559003253609, 36.952940927423541 ], [ 127.251079326774246, 36.953110099370519 ], [ 127.255260754446581, 36.955106148120535 ], [ 127.259636889926924, 36.95742504451394 ], [ 127.259739783717592, 36.957524411935239 ], [ 127.259903562195504, 36.957683623261275 ], [ 127.26303973925009, 36.961261906540059 ], [ 127.26321501291396, 36.961569874863009 ], [ 127.263240050441922, 36.961646547753887 ], [ 127.263316539582249, 36.961885583599404 ], [ 127.2637926922975, 36.966611237017815 ], [ 127.262939917432917, 36.968324538095494 ], [ 127.26276722135205, 36.968767028329466 ], [ 127.262556882028861, 36.970249485657497 ], [ 127.262688451369954, 36.970618214469219 ], [ 127.265533453684284, 36.97547814693656 ], [ 127.265771782240776, 36.97582131052669 ], [ 127.265844569895762, 36.975926102799299 ], [ 127.265876729981827, 36.975972365254066 ], [ 127.26731845575415, 36.977764621672371 ], [ 127.268087411083755, 36.97940444600944 ], [ 127.26889241013707, 36.979619459682411 ], [ 127.269213611696813, 36.979705243922183 ], [ 127.271556722164505, 36.977688286946822 ], [ 127.27206863915471, 36.977218266135353 ], [ 127.274941811078278, 36.974469833748508 ], [ 127.275505215792222, 36.973871583705893 ], [ 127.275915281888672, 36.97343614007567 ], [ 127.276768182239437, 36.972323335112776 ], [ 127.27865987477206, 36.972316735436571 ], [ 127.279160838152549, 36.972211748455081 ], [ 127.279676543701314, 36.97186001604085 ], [ 127.282659244412372, 36.969440625548344 ], [ 127.284457641724828, 36.967684813152417 ], [ 127.284496226259918, 36.967646715960001 ], [ 127.28486839836161, 36.967632742358369 ], [ 127.285385833598966, 36.967644946815007 ], [ 127.28573431542894, 36.967746213622767 ], [ 127.287512299948091, 36.968262881483177 ], [ 127.29425395051932, 36.971241629794356 ] ] ] ] } },
{ "type": "Feature", "properties": { "OBJECTID": 1552, "adm_nm": "경기도 안성시 미양면", "adm_cd": "3122034", "adm_cd2": "4155034000", "sgg": "41550", "sido": "41", "sidonm": "경기도", "sggnm": "안성시" }, "geometry": { "type": "MultiPolygon", "coordinates": [ [ [ [ 127.26731845575415, 36.977764621672371 ], [ 127.265876729981827, 36.975972365254066 ], [ 127.265844569895762, 36.975926102799299 ], [ 127.265771782240776, 36.97582131052669 ], [ 127.265533453684284, 36.97547814693656 ], [ 127.262688451369954, 36.970618214469219 ], [ 127.262556882028861, 36.970249485657497 ], [ 127.26276722135205, 36.968767028329466 ], [ 127.262939917432917, 36.968324538095494 ], [ 127.2637926922975, 36.966611237017815 ], [ 127.263316539582249, 36.961885583599404 ], [ 127.263240050441922, 36.961646547753887 ], [ 127.26321501291396, 36.961569874863009 ], [ 127.26303973925009, 36.961261906540059 ], [ 127.259903562195504, 36.957683623261275 ], [ 127.259739783717592, 36.957524411935239 ], [ 127.259636889926924, 36.95742504451394 ], [ 127.255260754446581, 36.955106148120535 ], [ 127.251079326774246, 36.953110099370519 ], [ 127.249559003253609, 36.952940927423541 ], [ 127.244487521078199, 36.947754685393377 ], [ 127.243991237425135, 36.947125982214274 ], [ 127.243874143077221, 36.947085164557613 ], [ 127.243222013112955, 36.946882059049351 ], [ 127.242681805091678, 36.946762627883267 ], [ 127.242567552495828, 36.946748803562677 ], [ 127.234944429360567, 36.946139332328571 ], [ 127.230148770033082, 36.94643257294296 ], [ 127.226291228341353, 36.946801441135321 ], [ 127.226204999114387, 36.946810240627293 ], [ 127.224969257930042, 36.946701465127781 ], [ 127.22372254171519, 36.946521517967803 ], [ 127.223635943708274, 36.945703992293936 ], [ 127.223590872427721, 36.945278484019312 ], [ 127.223366054038436, 36.943196741299111 ], [ 127.222745156873287, 36.943237769713669 ], [ 127.221570840188093, 36.943315368609099 ], [ 127.221431162145635, 36.94331278835039 ], [ 127.218559859450053, 36.943254185587215 ], [ 127.217592564382812, 36.943078360584906 ], [ 127.217542947996122, 36.9430448168808 ], [ 127.216559917257015, 36.942218939385583 ], [ 127.216466713433377, 36.942140465760822 ], [ 127.215189009554237, 36.941023859789553 ], [ 127.214953363170338, 36.940634763698917 ], [ 127.214463508147418, 36.939675798423913 ], [ 127.213786668798249, 36.938799761890309 ], [ 127.213290793763306, 36.938330940044608 ], [ 127.213182854990748, 36.938291241934245 ], [ 127.212501277338717, 36.938189856815072 ], [ 127.211703000912124, 36.938190751466067 ], [ 127.211646851109634, 36.938192382900496 ], [ 127.211551315454201, 36.938212919407874 ], [ 127.211290556256685, 36.938306899239372 ], [ 127.210257969791201, 36.939017265087358 ], [ 127.208165019066527, 36.94038283533596 ], [ 127.207217256740194, 36.940994146814937 ], [ 127.206856855203654, 36.941226598697071 ], [ 127.205892753408264, 36.941782016217076 ], [ 127.205866330935407, 36.942213749108859 ], [ 127.206437861689068, 36.944373503514058 ], [ 127.20692417016123, 36.945744013157743 ], [ 127.206828491496083, 36.946076354492142 ], [ 127.204476143386472, 36.95015408781336 ], [ 127.201890887938518, 36.952114776584835 ], [ 127.197810604142788, 36.952230312952253 ], [ 127.197092256580945, 36.952213727050449 ], [ 127.195391615169854, 36.952071627870623 ], [ 127.19197317547038, 36.952345918614185 ], [ 127.19011197699335, 36.95285822726445 ], [ 127.189450856203536, 36.95330215910694 ], [ 127.188790034788781, 36.953890092245196 ], [ 127.188336284375524, 36.954499736629884 ], [ 127.187984060696294, 36.955238952133094 ], [ 127.181900501025311, 36.957532443806713 ], [ 127.180796700520631, 36.956857056628493 ], [ 127.179942169987626, 36.957889710648516 ], [ 127.178363300131323, 36.95815326949517 ], [ 127.177666537098318, 36.958269642630114 ], [ 127.177987385267841, 36.959797081770212 ], [ 127.177078847426969, 36.960706363067715 ], [ 127.175865486483644, 36.961062522749238 ], [ 127.17608809454245, 36.961881496046608 ], [ 127.176036065623933, 36.962070964895126 ], [ 127.172338034662886, 36.963193480389634 ], [ 127.171413327237616, 36.963084077787812 ], [ 127.169894201289509, 36.962477263080721 ], [ 127.167692056892534, 36.962182082398087 ], [ 127.16505017987032, 36.962018999936106 ], [ 127.164099096518413, 36.962474265987595 ], [ 127.163683992779667, 36.962722051899313 ], [ 127.16126515548271, 36.9641658766745 ], [ 127.156125764576828, 36.965399662349157 ], [ 127.15603765186863, 36.965423915587984 ], [ 127.155864796113022, 36.965471495936441 ], [ 127.155672479579067, 36.965562266360109 ], [ 127.155393997901967, 36.965717043135591 ], [ 127.155400463666282, 36.966418259707403 ], [ 127.155933092829002, 36.966936176388273 ], [ 127.156770704538559, 36.967225622908273 ], [ 127.16423170390712, 36.965839585840293 ], [ 127.167069130868981, 36.965317978201597 ], [ 127.167862458283452, 36.965192474351987 ], [ 127.167983921758704, 36.965173544780576 ], [ 127.168895649486046, 36.965081948327253 ], [ 127.169456782425954, 36.9650495813666 ], [ 127.169696964436511, 36.965035728373621 ], [ 127.169772072983108, 36.965033250078442 ], [ 127.170390749130078, 36.965012866571165 ], [ 127.171016406851564, 36.965032665731435 ], [ 127.171444469258361, 36.965046210667879 ], [ 127.171841085841649, 36.965065336341169 ], [ 127.172162074369837, 36.965098115215298 ], [ 127.172702902341811, 36.965153352209356 ], [ 127.173750561575346, 36.965291452025475 ], [ 127.174295800904986, 36.965363937613951 ], [ 127.175520358863736, 36.965678288542705 ], [ 127.17576656000719, 36.965752328726452 ], [ 127.176011911172822, 36.965826115479068 ], [ 127.176202840473096, 36.96588761808863 ], [ 127.17657635329202, 36.966007943098532 ], [ 127.177034063720356, 36.966165705790587 ], [ 127.177400141211166, 36.966291885400331 ], [ 127.178740094894422, 36.966888217870391 ], [ 127.179680994977332, 36.967380920078178 ], [ 127.180258739400784, 36.967741928062523 ], [ 127.181013471371401, 36.968262288328766 ], [ 127.181236771604631, 36.968427401532885 ], [ 127.182126341614492, 36.969117451930643 ], [ 127.183475729990562, 36.970164163360934 ], [ 127.185066651196593, 36.97139999029293 ], [ 127.185633558512663, 36.971849961693316 ], [ 127.188409957705716, 36.974605555688349 ], [ 127.188628997423834, 36.974771157524991 ], [ 127.189078496715666, 36.975110988749897 ], [ 127.193570229665866, 36.978505331166858 ], [ 127.199910110518658, 36.983052743027422 ], [ 127.202066822714642, 36.984746909517817 ], [ 127.203293395314233, 36.985013653177511 ], [ 127.20437244899891, 36.985474953707033 ], [ 127.205973901715069, 36.986515588945508 ], [ 127.206821560691182, 36.987072072007777 ], [ 127.209022485122119, 36.988469132612209 ], [ 127.210626070951974, 36.989463466091564 ], [ 127.210902112773752, 36.989547819464121 ], [ 127.211198516375774, 36.989638387591981 ], [ 127.212043144051933, 36.989527759242911 ], [ 127.214743039395472, 36.988341039515554 ], [ 127.21482750426965, 36.988289788160003 ], [ 127.215822953354561, 36.987685532044424 ], [ 127.216266924057862, 36.987466867565033 ], [ 127.216618548291791, 36.987341505597882 ], [ 127.217083169610959, 36.987237821176144 ], [ 127.217416231339712, 36.987193542366221 ], [ 127.217643433954649, 36.987193379854233 ], [ 127.218146641824816, 36.987193025173944 ], [ 127.219169309311638, 36.987356581559261 ], [ 127.222158562115879, 36.987885324870973 ], [ 127.222423043188314, 36.987964819745386 ], [ 127.222741510762049, 36.988071483386292 ], [ 127.223430969124152, 36.988328875770499 ], [ 127.223754862627018, 36.988489635841141 ], [ 127.223896019675564, 36.988581253244057 ], [ 127.223948251544783, 36.988615160753703 ], [ 127.224234731417482, 36.988827665405644 ], [ 127.224348026507528, 36.988924022226271 ], [ 127.224532315079244, 36.989080760006317 ], [ 127.225003199223522, 36.989575391086262 ], [ 127.226285595136559, 36.991555892257139 ], [ 127.226797497645748, 36.992375129502889 ], [ 127.226899261086245, 36.992603175902318 ], [ 127.226920851190201, 36.992651598711234 ], [ 127.227010804301599, 36.993022404318857 ], [ 127.227013090215152, 36.993168893766793 ], [ 127.226963401006884, 36.993315263674354 ], [ 127.227769029574276, 36.994749341536874 ], [ 127.228662207018075, 36.996171114417628 ], [ 127.234851139664642, 37.000370016207164 ], [ 127.235449035859475, 37.000738687176188 ], [ 127.235868371145102, 37.000948079083969 ], [ 127.237408838869243, 37.001557715518878 ], [ 127.238855453655006, 37.002093883486381 ], [ 127.239277313774053, 37.002192847890598 ], [ 127.239570688884967, 37.002261094538859 ], [ 127.240211004741184, 37.002356022127039 ], [ 127.240675130742318, 37.002369424640129 ], [ 127.241202868742292, 37.002357062072953 ], [ 127.24137347091326, 37.00233687207345 ], [ 127.241791762409605, 37.002287356195254 ], [ 127.24367319853431, 37.00190956784742 ], [ 127.243770537619866, 37.001879235416986 ], [ 127.244032714730338, 37.001795489387519 ], [ 127.244173479151698, 37.001750522533683 ], [ 127.244350024948346, 37.001679914494602 ], [ 127.244663074319249, 37.001544245495111 ], [ 127.245087296561081, 37.001349094052649 ], [ 127.245608629742179, 37.001104570033405 ], [ 127.246236986588286, 37.000788145612745 ], [ 127.246320617645097, 37.000769180488007 ], [ 127.246469039328659, 37.000705269971625 ], [ 127.246531194039022, 37.00060286386617 ], [ 127.247026904836019, 36.997911994260612 ], [ 127.247036958793615, 36.997845534424137 ], [ 127.247044750848957, 36.99777656376029 ], [ 127.247050702039672, 36.99772386919453 ], [ 127.247060093868782, 36.997436554921762 ], [ 127.247031845761668, 36.997268601351259 ], [ 127.246927631490053, 36.996922451240152 ], [ 127.246867856202883, 36.996731894371464 ], [ 127.246807104223635, 36.996622465077742 ], [ 127.246848932312915, 36.996507620556258 ], [ 127.246904901516544, 36.996361255732083 ], [ 127.24697683333693, 36.996274645376793 ], [ 127.247884077260949, 36.995501336354209 ], [ 127.248098134641893, 36.995340658176623 ], [ 127.248239693691858, 36.995280417699426 ], [ 127.25007445134537, 36.994763406004019 ], [ 127.251257555241835, 36.994458274174121 ], [ 127.253596061565887, 36.993069297323572 ], [ 127.256793876744027, 36.99110849509281 ], [ 127.259425664475572, 36.987740209746974 ], [ 127.259187546851379, 36.987302527270174 ], [ 127.258941826567138, 36.986821448720541 ], [ 127.258926130020669, 36.986685635226792 ], [ 127.258929899689136, 36.986634107398025 ], [ 127.258933469535748, 36.986585364621142 ], [ 127.259035575463869, 36.986276827752803 ], [ 127.25939545902645, 36.985510204416748 ], [ 127.260505260872918, 36.984227675759591 ], [ 127.26216284766609, 36.982450323989831 ], [ 127.265149877410991, 36.979420080801049 ], [ 127.26731845575415, 36.977764621672371 ] ] ] ] } },
{ "type": "Feature", "properties": { "OBJECTID": 1553, "adm_nm": "경기도 안성시 대덕면", "adm_cd": "3122035", "adm_cd2": "4155035000", "sgg": "41550", "sido": "41", "sidonm": "경기도", "sggnm": "안성시" }, "geometry": { "type": "MultiPolygon", "coordinates": [ [ [ [ 127.282193572162896, 37.067447525454163 ], [ 127.284147255251256, 37.064774979273352 ], [ 127.284613175473794, 37.064032433717841 ], [ 127.284882396941512, 37.063603354073216 ], [ 127.284014309733777, 37.055870842512263 ], [ 127.281440925860679, 37.051664324106305 ], [ 127.278291099658063, 37.048068521511929 ], [ 127.277610150313762, 37.047541035066821 ], [ 127.274970897938687, 37.047051537883533 ], [ 127.273691590470236, 37.046846281924473 ], [ 127.272126565151552, 37.047465235150938 ], [ 127.267854341443922, 37.046365130720069 ], [ 127.267634312960197, 37.046350078739692 ], [ 127.264771551197697, 37.046397367856891 ], [ 127.262061023961238, 37.046471966954442 ], [ 127.261543265813174, 37.046616283657819 ], [ 127.259793652249698, 37.046878681733993 ], [ 127.259573624546192, 37.046909781731507 ], [ 127.259471436495801, 37.046908799374847 ], [ 127.259425318620075, 37.046908354311114 ], [ 127.259303746928111, 37.046902473776768 ], [ 127.259214541919391, 37.046882010513443 ], [ 127.259149706399555, 37.046861650742358 ], [ 127.259088151463075, 37.04684231621728 ], [ 127.258924632727854, 37.046765362212533 ], [ 127.257236913786016, 37.045924714361114 ], [ 127.254816460903697, 37.04455519168436 ], [ 127.254693323063123, 37.044481632549839 ], [ 127.254615833123125, 37.044435336922888 ], [ 127.252758311816422, 37.043322716882315 ], [ 127.252519137694421, 37.043177383029935 ], [ 127.253832169108875, 37.038991303860591 ], [ 127.253877565831601, 37.038861816791567 ], [ 127.253888992630948, 37.03882977645938 ], [ 127.253959130063336, 37.038633246878952 ], [ 127.254028522785276, 37.038472259281079 ], [ 127.254346561452692, 37.037918535715285 ], [ 127.256095595530624, 37.034901209299932 ], [ 127.257271499948772, 37.033294558139538 ], [ 127.259439213384496, 37.030699456809884 ], [ 127.259501208407258, 37.030650003488518 ], [ 127.259603960621504, 37.030600632710268 ], [ 127.260341952709268, 37.030330567856254 ], [ 127.260786421804141, 37.03021765837812 ], [ 127.260903830242356, 37.030169483372994 ], [ 127.260945488101783, 37.030136849675493 ], [ 127.260963413537112, 37.030107039233016 ], [ 127.260993522882941, 37.030056943970507 ], [ 127.261008620659709, 37.030003780626998 ], [ 127.261025503324518, 37.029944328850696 ], [ 127.261604277667828, 37.027778665237705 ], [ 127.26162073663393, 37.027681793868759 ], [ 127.261904517759362, 37.025914420797939 ], [ 127.262163518364517, 37.022852307601269 ], [ 127.262051013892304, 37.022654883636406 ], [ 127.262035625404408, 37.02262894546999 ], [ 127.260670553747644, 37.022969413586608 ], [ 127.257977267272921, 37.023481610705971 ], [ 127.256574663896686, 37.02373903185773 ], [ 127.25552290283548, 37.023923917946284 ], [ 127.254556489063916, 37.024004179198904 ], [ 127.253507488420198, 37.02398622978901 ], [ 127.252635092657684, 37.023893144017045 ], [ 127.252288446149223, 37.023829671907421 ], [ 127.251769938179436, 37.023734712797676 ], [ 127.246959985051987, 37.022764523674205 ], [ 127.245550029781626, 37.022478683018278 ], [ 127.24524283874841, 37.022376585243997 ], [ 127.244884665532155, 37.022257529226898 ], [ 127.243923929863882, 37.021864930399566 ], [ 127.243820172172377, 37.021822516499718 ], [ 127.243107900531768, 37.021359019974099 ], [ 127.242798773741697, 37.021143132269692 ], [ 127.242516276245013, 37.020945329378733 ], [ 127.241914178084158, 37.0205158387867 ], [ 127.241083803117689, 37.018830636208357 ], [ 127.241170119184815, 37.018573144055175 ], [ 127.241366267462368, 37.01798836738363 ], [ 127.241921919771613, 37.017601958794366 ], [ 127.242322136386093, 37.017047344430523 ], [ 127.242956572561368, 37.014346632596457 ], [ 127.243014149415089, 37.013899238237052 ], [ 127.243044526298704, 37.013662744048005 ], [ 127.24251895531205, 37.012621475731216 ], [ 127.242413723321334, 37.012412993449892 ], [ 127.24219792056472, 37.011815325421878 ], [ 127.242185746842338, 37.011778736626638 ], [ 127.242131154558265, 37.011614610276098 ], [ 127.242040056757503, 37.009896071645841 ], [ 127.242165142696081, 37.008830364773196 ], [ 127.242162328443357, 37.008625281262404 ], [ 127.2417698705801, 37.007929193081907 ], [ 127.241221935663347, 37.00709416835484 ], [ 127.240998778651743, 37.006815362198928 ], [ 127.24055585322013, 37.006505651848421 ], [ 127.240321181100811, 37.006391593341768 ], [ 127.240250778484238, 37.006357373894076 ], [ 127.239950223346142, 37.006116707512227 ], [ 127.239277313774053, 37.002192847890598 ], [ 127.238855453655006, 37.002093883486381 ], [ 127.237408838869243, 37.001557715518878 ], [ 127.235868371145102, 37.000948079083969 ], [ 127.235449035859475, 37.000738687176188 ], [ 127.234851139664642, 37.000370016207164 ], [ 127.228662207018075, 36.996171114417628 ], [ 127.227769029574276, 36.994749341536874 ], [ 127.226963401006884, 36.993315263674354 ], [ 127.227013090215152, 36.993168893766793 ], [ 127.227010804301599, 36.993022404318857 ], [ 127.226920851190201, 36.992651598711234 ], [ 127.226899261086245, 36.992603175902318 ], [ 127.226797497645748, 36.992375129502889 ], [ 127.226285595136559, 36.991555892257139 ], [ 127.225003199223522, 36.989575391086262 ], [ 127.224532315079244, 36.989080760006317 ], [ 127.224348026507528, 36.988924022226271 ], [ 127.224234731417482, 36.988827665405644 ], [ 127.223948251544783, 36.988615160753703 ], [ 127.223896019675564, 36.988581253244057 ], [ 127.223754862627018, 36.988489635841141 ], [ 127.223430969124152, 36.988328875770499 ], [ 127.222741510762049, 36.988071483386292 ], [ 127.222423043188314, 36.987964819745386 ], [ 127.222158562115879, 36.987885324870973 ], [ 127.219169309311638, 36.987356581559261 ], [ 127.218146641824816, 36.987193025173944 ], [ 127.217643433954649, 36.987193379854233 ], [ 127.217416231339712, 36.987193542366221 ], [ 127.217083169610959, 36.987237821176144 ], [ 127.216618548291791, 36.987341505597882 ], [ 127.216266924057862, 36.987466867565033 ], [ 127.215822953354561, 36.987685532044424 ], [ 127.21482750426965, 36.988289788160003 ], [ 127.214743039395472, 36.988341039515554 ], [ 127.212043144051933, 36.989527759242911 ], [ 127.211198516375774, 36.989638387591981 ], [ 127.210902112773752, 36.989547819464121 ], [ 127.210626070951974, 36.989463466091564 ], [ 127.209022485122119, 36.988469132612209 ], [ 127.206821560691182, 36.987072072007777 ], [ 127.205973901715069, 36.986515588945508 ], [ 127.20437244899891, 36.985474953707033 ], [ 127.203293395314233, 36.985013653177511 ], [ 127.202066822714642, 36.984746909517817 ], [ 127.201835213354002, 36.984709142659312 ], [ 127.201638572290065, 36.98472329254097 ], [ 127.201438057555592, 36.98480279590558 ], [ 127.201272374944409, 36.984960217073223 ], [ 127.201262190340785, 36.984998633432497 ], [ 127.201233905781123, 36.985105392125185 ], [ 127.201240805705154, 36.985182834327532 ], [ 127.201249385525799, 36.985278958630118 ], [ 127.201270177703776, 36.985341120292006 ], [ 127.201301443809257, 36.985434588333163 ], [ 127.201631972311759, 36.986414745785986 ], [ 127.201997337343713, 36.987258376167496 ], [ 127.202220908056603, 36.987558666478748 ], [ 127.202309566388905, 36.987625613533808 ], [ 127.202491902997693, 36.987763297064255 ], [ 127.203159604076745, 36.987997089698538 ], [ 127.205981299331128, 36.988608077586441 ], [ 127.207789618128757, 36.989572577618411 ], [ 127.208073281479813, 36.989776099816787 ], [ 127.208378350095074, 36.990077705653768 ], [ 127.208848082120298, 36.99066592224321 ], [ 127.208990204960571, 36.990969380316251 ], [ 127.209194286021528, 36.991856249389528 ], [ 127.209500809145055, 36.993188175685965 ], [ 127.209558927095571, 36.993354895138999 ], [ 127.209602249039122, 36.993479138533857 ], [ 127.20981059117824, 36.993733178236077 ], [ 127.209948624616771, 36.993849404810959 ], [ 127.210069642341935, 36.993951283801664 ], [ 127.210825986045919, 36.99444976843062 ], [ 127.211406450423851, 36.994832319169689 ], [ 127.21186045697327, 36.99531907317651 ], [ 127.212149664163476, 36.995738944667394 ], [ 127.212332378348364, 36.996087568968001 ], [ 127.213972463582664, 36.999279250169238 ], [ 127.214076510338103, 36.999631062417563 ], [ 127.214151747516638, 37.000362536706909 ], [ 127.214077906379501, 37.00075899235658 ], [ 127.213076697277813, 37.004868672508579 ], [ 127.211895726773903, 37.009427812858441 ], [ 127.211579486150697, 37.013733665911779 ], [ 127.21160802989624, 37.013987237582803 ], [ 127.21169085074267, 37.014194796509678 ], [ 127.212674053554011, 37.015978646813508 ], [ 127.212812165033, 37.016229011888207 ], [ 127.213583053079248, 37.017699208861181 ], [ 127.214637529343776, 37.019711133306124 ], [ 127.215542714598683, 37.02143812453955 ], [ 127.215765552294087, 37.021976140035171 ], [ 127.2158981411756, 37.022408245619815 ], [ 127.215984224178541, 37.02268879841349 ], [ 127.216028745425803, 37.022869543804326 ], [ 127.216123359283941, 37.023253655872089 ], [ 127.216541075307234, 37.025240067646429 ], [ 127.216583214573404, 37.02638048481645 ], [ 127.216521683724253, 37.0266766848884 ], [ 127.216180274406582, 37.027597586899937 ], [ 127.215663927420636, 37.028692721863386 ], [ 127.214634858241595, 37.030845808878027 ], [ 127.214298823607308, 37.031443327852514 ], [ 127.213368810299386, 37.032834928812818 ], [ 127.21010318525957, 37.039308308040908 ], [ 127.209885938456907, 37.039701027531486 ], [ 127.209719285820654, 37.039909076479333 ], [ 127.209414609345927, 37.040188901926228 ], [ 127.209139152433437, 37.040360626173339 ], [ 127.208679458388204, 37.040599861147584 ], [ 127.207992700595454, 37.040957263529627 ], [ 127.207677452290582, 37.041152612141993 ], [ 127.207481954224377, 37.041273760739976 ], [ 127.206465400651538, 37.042078033037541 ], [ 127.2063297918301, 37.042204538143935 ], [ 127.206094382512049, 37.042424166371887 ], [ 127.206011422594045, 37.04252731917515 ], [ 127.205865569859739, 37.042708677607877 ], [ 127.205743149663533, 37.042896349917463 ], [ 127.205671848780767, 37.04300567014765 ], [ 127.20344028777609, 37.046759070100137 ], [ 127.202944584148625, 37.047592799835108 ], [ 127.202765617040725, 37.047945866327346 ], [ 127.202658750291917, 37.048249002626505 ], [ 127.202563761681859, 37.049535558948506 ], [ 127.202547417483984, 37.050121448789078 ], [ 127.202557308807371, 37.050287111712585 ], [ 127.202617217301665, 37.050607269330264 ], [ 127.202641368931936, 37.050721135644331 ], [ 127.202982292964876, 37.051713817061653 ], [ 127.203044719190004, 37.051890771140414 ], [ 127.203111477309321, 37.052012442201459 ], [ 127.203195240229675, 37.052082206257872 ], [ 127.203228415549134, 37.052107317501786 ], [ 127.203328825826929, 37.052160640427033 ], [ 127.203463993449844, 37.052182297217712 ], [ 127.203578907367643, 37.052200703168744 ], [ 127.203903511400028, 37.052208400702987 ], [ 127.203959889036184, 37.052208843377414 ], [ 127.204482973112036, 37.05217028168002 ], [ 127.205184677157533, 37.05209348575405 ], [ 127.205217823760989, 37.052089845206091 ], [ 127.205280621678639, 37.052079030801302 ], [ 127.207079674707202, 37.051768823575635 ], [ 127.208204799329692, 37.050868109018893 ], [ 127.208362202974129, 37.050742097256851 ], [ 127.209232536985354, 37.049781954740084 ], [ 127.210075288393838, 37.049601423084844 ], [ 127.210860352072913, 37.049433247718504 ], [ 127.211373501157055, 37.049980990505482 ], [ 127.212663345065423, 37.051274296157864 ], [ 127.212773377551841, 37.051360203150409 ], [ 127.212954272678871, 37.051470512006411 ], [ 127.213003419617181, 37.051500477321397 ], [ 127.213373993791521, 37.051646729106849 ], [ 127.213516958572626, 37.051677010976391 ], [ 127.214202768649415, 37.051822254169871 ], [ 127.214623611646914, 37.051877353150338 ], [ 127.214907686494854, 37.051850993177368 ], [ 127.215165996500602, 37.051758090057817 ], [ 127.215193305773639, 37.051739333720278 ], [ 127.215262943254658, 37.051691499619324 ], [ 127.215442245874783, 37.051568325458604 ], [ 127.215584904912433, 37.051388381133265 ], [ 127.215694299066456, 37.051081029631632 ], [ 127.215918108390085, 37.050249994558129 ], [ 127.21618808012893, 37.049669216858831 ], [ 127.216362798710776, 37.049404144829936 ], [ 127.216493898905512, 37.049273317795638 ], [ 127.216630795464241, 37.049180463777333 ], [ 127.216735604164313, 37.049109383713613 ], [ 127.216860063967573, 37.049058353241968 ], [ 127.217058016651222, 37.048977191772202 ], [ 127.217400697230048, 37.048874343785542 ], [ 127.218185775258135, 37.048695924712689 ], [ 127.218429762117893, 37.048673968201335 ], [ 127.218747308182245, 37.048716412660674 ], [ 127.219045053616611, 37.048791486311977 ], [ 127.219308261727576, 37.048891266904548 ], [ 127.219557705437268, 37.049042954919386 ], [ 127.219656114221465, 37.049102799228663 ], [ 127.219836271276563, 37.049236186090845 ], [ 127.22076323274716, 37.050060604037419 ], [ 127.224709747727402, 37.053612780195643 ], [ 127.226014342819866, 37.054796676044973 ], [ 127.226050362817432, 37.054932379637634 ], [ 127.22618876026209, 37.055163285384765 ], [ 127.226659843519002, 37.055915940391266 ], [ 127.228413626407331, 37.057513249435083 ], [ 127.228771913088835, 37.057775484239826 ], [ 127.229122604216499, 37.057998262990132 ], [ 127.229375278539749, 37.058109265010934 ], [ 127.23859770570084, 37.060722686988882 ], [ 127.238812677165441, 37.060764851685988 ], [ 127.238958282828335, 37.06073812924906 ], [ 127.239139954727506, 37.060650639344892 ], [ 127.241029347196516, 37.060106032777398 ], [ 127.241640970052558, 37.059929946691859 ], [ 127.242664681079958, 37.059635213267498 ], [ 127.243586826164204, 37.059474952392051 ], [ 127.244385118887749, 37.059354981948353 ], [ 127.245550980317645, 37.059259457674152 ], [ 127.246153473134612, 37.059246100175457 ], [ 127.246426986887656, 37.059255059432246 ], [ 127.24648454623123, 37.059256949258661 ], [ 127.246894191685627, 37.059313036660846 ], [ 127.247759653408153, 37.05949741992508 ], [ 127.248278511599892, 37.05965373051253 ], [ 127.24838118006376, 37.059684660093779 ], [ 127.24875891098641, 37.059828562930512 ], [ 127.249236774320138, 37.060077446042548 ], [ 127.250958455093652, 37.06114703719178 ], [ 127.251202680798158, 37.061274876831455 ], [ 127.260914529022955, 37.065564080038065 ], [ 127.261802712342856, 37.065703507243107 ], [ 127.26223345709856, 37.065775358189427 ], [ 127.263054744091775, 37.066183773091666 ], [ 127.263077840657772, 37.066215369301482 ], [ 127.263093329789641, 37.066262139421852 ], [ 127.263114058863053, 37.066324740113728 ], [ 127.263145477334461, 37.066621148203225 ], [ 127.263035906021059, 37.067704638271572 ], [ 127.263433888633983, 37.069738419588539 ], [ 127.264656055598621, 37.072853037883192 ], [ 127.264722329420835, 37.073010833032939 ], [ 127.264771306121318, 37.073043269865508 ], [ 127.264843752695683, 37.073091161348884 ], [ 127.265320989390929, 37.073310703245149 ], [ 127.26542206209362, 37.073319354982324 ], [ 127.2655027088894, 37.073272751879436 ], [ 127.265608576984533, 37.073142253819789 ], [ 127.26648731732287, 37.071852651797485 ], [ 127.267183308495817, 37.072298011136631 ], [ 127.267534967189448, 37.072338076213654 ], [ 127.26926164278153, 37.072351490490149 ], [ 127.2698852020186, 37.072340473053522 ], [ 127.270072253061443, 37.072331816983734 ], [ 127.275182868419449, 37.071930335192718 ], [ 127.276788209473665, 37.070196987878127 ], [ 127.277145392921554, 37.069706379895095 ], [ 127.277433751429271, 37.069191979118706 ], [ 127.277539264567579, 37.068935269333387 ], [ 127.277740793379181, 37.06853789084883 ], [ 127.277797573069535, 37.068449562368869 ], [ 127.27848775568404, 37.067939851094501 ], [ 127.278558229262742, 37.067891516350485 ], [ 127.279943181398053, 37.067189850876673 ], [ 127.280090184786587, 37.067165334147163 ], [ 127.281343770262424, 37.067153003290983 ], [ 127.281587756397997, 37.067167267216256 ], [ 127.28174432780969, 37.067216841140223 ], [ 127.282193572162896, 37.067447525454163 ] ] ] ] } },
{ "type": "Feature", "properties": { "OBJECTID": 1554, "adm_nm": "경기도 안성시 양성면", "adm_cd": "3122036", "adm_cd2": "4155036000", "sgg": "41550", "sido": "41", "sidonm": "경기도", "sggnm": "안성시" }, "geometry": { "type": "MultiPolygon", "coordinates": [ [ [ [ 127.266943699616505, 37.155329918450619 ], [ 127.268767967595679, 37.154240525805115 ], [ 127.269254707854344, 37.152496104586113 ], [ 127.269538032850576, 37.151443123753857 ], [ 127.268671642694471, 37.150278606731142 ], [ 127.268031257910209, 37.149326359003283 ], [ 127.269153484780247, 37.14713695402952 ], [ 127.27091429333052, 37.145521219506023 ], [ 127.271464542052499, 37.145316821311098 ], [ 127.271713979788601, 37.14522416738648 ], [ 127.272246510544164, 37.144811706460892 ], [ 127.273124421680308, 37.143313613513669 ], [ 127.272952254760256, 37.142993280026523 ], [ 127.272919354738647, 37.142932371202271 ], [ 127.27211104505146, 37.141425449573383 ], [ 127.272028171124802, 37.141249594541343 ], [ 127.271925046430709, 37.141030747842755 ], [ 127.272103735701862, 37.139402875218167 ], [ 127.272345039424891, 37.137899653311472 ], [ 127.272728373105451, 37.135965251611502 ], [ 127.273073907199844, 37.135011435578399 ], [ 127.274357944508509, 37.133643763425219 ], [ 127.273706418116987, 37.132212610285762 ], [ 127.273248003056651, 37.130202692143357 ], [ 127.272641546563975, 37.126646549675499 ], [ 127.27264058762853, 37.126496686470617 ], [ 127.272797622073028, 37.125042317980039 ], [ 127.272812618468834, 37.12496459456527 ], [ 127.272837399933067, 37.124916195126787 ], [ 127.27290808609051, 37.124822796296769 ], [ 127.274697405219428, 37.123719077304209 ], [ 127.276207301912606, 37.122621724121338 ], [ 127.276303284766925, 37.122520495242767 ], [ 127.276373902736154, 37.122431613001282 ], [ 127.276887667274622, 37.121655104059535 ], [ 127.276942914699376, 37.121529008855511 ], [ 127.277214560788167, 37.120543588583153 ], [ 127.277229093877565, 37.120385866909331 ], [ 127.277246119872231, 37.118178539483651 ], [ 127.276743851061639, 37.115195726060506 ], [ 127.276424955678195, 37.114162279374533 ], [ 127.275364667327963, 37.112299961865027 ], [ 127.271737903994477, 37.109613552062264 ], [ 127.272235300149845, 37.106302900030244 ], [ 127.272884278800248, 37.102370451749479 ], [ 127.272843659900147, 37.102297960636349 ], [ 127.272407088356346, 37.1020587154118 ], [ 127.269083903176295, 37.101470799936173 ], [ 127.268962240911989, 37.101475070083559 ], [ 127.268830540729354, 37.10151988468531 ], [ 127.267794221834151, 37.102062095484285 ], [ 127.267501519052644, 37.102326315646948 ], [ 127.266936302083892, 37.102915639646923 ], [ 127.266900946678973, 37.102976416355396 ], [ 127.266623362559528, 37.103354468948559 ], [ 127.265906513849615, 37.103614469225541 ], [ 127.265795254012772, 37.103654813657222 ], [ 127.265460834261688, 37.103753309429564 ], [ 127.265359483941566, 37.103773400000513 ], [ 127.26323957379924, 37.104189466590903 ], [ 127.263103824970827, 37.104189195466411 ], [ 127.259860646419725, 37.104181540527904 ], [ 127.25933232535634, 37.104155684730387 ], [ 127.258838193462367, 37.104042002680522 ], [ 127.253059443938071, 37.101772040354817 ], [ 127.249607957480976, 37.100929857396153 ], [ 127.24954673701852, 37.100902378867204 ], [ 127.249441500424069, 37.100855138210967 ], [ 127.246953178943897, 37.099355800481653 ], [ 127.244693531923119, 37.095901818563647 ], [ 127.24097588459955, 37.091950017182562 ], [ 127.240859551204011, 37.091829197246156 ], [ 127.240666571000204, 37.091703702476472 ], [ 127.240519102365027, 37.091639153267423 ], [ 127.240327168084164, 37.09162295819241 ], [ 127.240091436416321, 37.091627381607623 ], [ 127.240058498335841, 37.091628003513399 ], [ 127.240023941540073, 37.091634733532928 ], [ 127.239703809505784, 37.091697086088629 ], [ 127.239374965800252, 37.091815802856637 ], [ 127.238596858063033, 37.091982323485333 ], [ 127.237207919226435, 37.092099465312309 ], [ 127.236771187242496, 37.092088367402731 ], [ 127.236516094672993, 37.092029208204231 ], [ 127.234899957185831, 37.091219956667466 ], [ 127.234055987651288, 37.090023676945684 ], [ 127.233865812168872, 37.09007628125314 ], [ 127.233479589837216, 37.090345769757228 ], [ 127.233394583275526, 37.090411986778911 ], [ 127.233320927360381, 37.090469359226525 ], [ 127.233067381378291, 37.090574706421215 ], [ 127.232779507577902, 37.090640538318091 ], [ 127.232730376627146, 37.090641491286171 ], [ 127.232571325575606, 37.090644576178754 ], [ 127.232457297320224, 37.090605395393169 ], [ 127.232297516281548, 37.090512124796035 ], [ 127.231933334121806, 37.090282565187145 ], [ 127.231547146142574, 37.090035079355282 ], [ 127.230938592074779, 37.089578326589567 ], [ 127.22881203974282, 37.08718019489865 ], [ 127.228743436219204, 37.087092148882263 ], [ 127.228419993140577, 37.086663014510478 ], [ 127.228289877239803, 37.086294474533169 ], [ 127.228125659015035, 37.085806200787495 ], [ 127.228128546958061, 37.085744234293557 ], [ 127.228130228440961, 37.085708181063183 ], [ 127.228144752230051, 37.085667785349244 ], [ 127.228170719871571, 37.085595595485124 ], [ 127.228548133080068, 37.084762071847386 ], [ 127.228901499523033, 37.084372453911541 ], [ 127.228971936454428, 37.084339938155658 ], [ 127.22913356714183, 37.084141013535785 ], [ 127.229254196231395, 37.083869587035252 ], [ 127.22868844826786, 37.081011895356809 ], [ 127.228668175782744, 37.080957772323806 ], [ 127.228636903285832, 37.080874309685285 ], [ 127.228204610643729, 37.080237813144421 ], [ 127.227750773525543, 37.07957013019567 ], [ 127.227277190744701, 37.078845231474361 ], [ 127.226953443892072, 37.078341818705141 ], [ 127.22695858860618, 37.078276598695091 ], [ 127.227018580084518, 37.078215889476979 ], [ 127.23242591742698, 37.076593245639536 ], [ 127.232537769522793, 37.076576596131559 ], [ 127.232643901875221, 37.076564454289723 ], [ 127.232715030523877, 37.076556713577482 ], [ 127.2327853478767, 37.076555745230785 ], [ 127.233119873795559, 37.0766038234161 ], [ 127.233222247276842, 37.076636991922385 ], [ 127.233357973700848, 37.076680980353984 ], [ 127.233470754222793, 37.076739763599036 ], [ 127.23356642074306, 37.076789620208309 ], [ 127.233804521686139, 37.076866776251414 ], [ 127.234665535959891, 37.076990419108952 ], [ 127.235055586418341, 37.077026195250745 ], [ 127.237043923447189, 37.077063302274986 ], [ 127.237281615502198, 37.077054814716256 ], [ 127.237438689578624, 37.076974033954954 ], [ 127.240820669432225, 37.074331271364073 ], [ 127.242933371965961, 37.07250709436002 ], [ 127.242999028147096, 37.072426107986402 ], [ 127.24376665098049, 37.071220979903309 ], [ 127.244036385781214, 37.070040689324557 ], [ 127.244046459800799, 37.069971977038271 ], [ 127.244040262110957, 37.06972407045432 ], [ 127.244034993482231, 37.069618141074024 ], [ 127.243998770258059, 37.069310449944211 ], [ 127.243950623681883, 37.068992591963301 ], [ 127.243909478190346, 37.068891092265247 ], [ 127.243873858682051, 37.06882228132136 ], [ 127.243449116212687, 37.068017143591824 ], [ 127.244528767216309, 37.065572910721833 ], [ 127.246052667933498, 37.063971636313653 ], [ 127.247627773970805, 37.06217326269234 ], [ 127.249236774320138, 37.060077446042548 ], [ 127.24875891098641, 37.059828562930512 ], [ 127.24838118006376, 37.059684660093779 ], [ 127.248278511599892, 37.05965373051253 ], [ 127.247759653408153, 37.05949741992508 ], [ 127.246894191685627, 37.059313036660846 ], [ 127.24648454623123, 37.059256949258661 ], [ 127.246426986887656, 37.059255059432246 ], [ 127.246153473134612, 37.059246100175457 ], [ 127.245550980317645, 37.059259457674152 ], [ 127.244385118887749, 37.059354981948353 ], [ 127.243586826164204, 37.059474952392051 ], [ 127.242664681079958, 37.059635213267498 ], [ 127.241640970052558, 37.059929946691859 ], [ 127.241029347196516, 37.060106032777398 ], [ 127.239139954727506, 37.060650639344892 ], [ 127.238958282828335, 37.06073812924906 ], [ 127.238812677165441, 37.060764851685988 ], [ 127.23859770570084, 37.060722686988882 ], [ 127.229375278539749, 37.058109265010934 ], [ 127.229122604216499, 37.057998262990132 ], [ 127.228771913088835, 37.057775484239826 ], [ 127.228413626407331, 37.057513249435083 ], [ 127.226659843519002, 37.055915940391266 ], [ 127.22618876026209, 37.055163285384765 ], [ 127.226050362817432, 37.054932379637634 ], [ 127.226014342819866, 37.054796676044973 ], [ 127.224709747727402, 37.053612780195643 ], [ 127.22076323274716, 37.050060604037419 ], [ 127.219836271276563, 37.049236186090845 ], [ 127.219656114221465, 37.049102799228663 ], [ 127.219557705437268, 37.049042954919386 ], [ 127.219308261727576, 37.048891266904548 ], [ 127.219045053616611, 37.048791486311977 ], [ 127.218747308182245, 37.048716412660674 ], [ 127.218429762117893, 37.048673968201335 ], [ 127.218185775258135, 37.048695924712689 ], [ 127.217400697230048, 37.048874343785542 ], [ 127.217058016651222, 37.048977191772202 ], [ 127.216860063967573, 37.049058353241968 ], [ 127.216735604164313, 37.049109383713613 ], [ 127.216630795464241, 37.049180463777333 ], [ 127.216493898905512, 37.049273317795638 ], [ 127.216362798710776, 37.049404144829936 ], [ 127.21618808012893, 37.049669216858831 ], [ 127.215918108390085, 37.050249994558129 ], [ 127.215694299066456, 37.051081029631632 ], [ 127.215584904912433, 37.051388381133265 ], [ 127.215442245874783, 37.051568325458604 ], [ 127.215262943254658, 37.051691499619324 ], [ 127.215193305773639, 37.051739333720278 ], [ 127.215165996500602, 37.051758090057817 ], [ 127.214907686494854, 37.051850993177368 ], [ 127.214623611646914, 37.051877353150338 ], [ 127.214202768649415, 37.051822254169871 ], [ 127.213516958572626, 37.051677010976391 ], [ 127.213373993791521, 37.051646729106849 ], [ 127.213003419617181, 37.051500477321397 ], [ 127.212954272678871, 37.051470512006411 ], [ 127.212773377551841, 37.051360203150409 ], [ 127.212663345065423, 37.051274296157864 ], [ 127.211373501157055, 37.049980990505482 ], [ 127.210860352072913, 37.049433247718504 ], [ 127.210075288393838, 37.049601423084844 ], [ 127.209232536985354, 37.049781954740084 ], [ 127.208362202974129, 37.050742097256851 ], [ 127.208204799329692, 37.050868109018893 ], [ 127.207079674707202, 37.051768823575635 ], [ 127.205280621678639, 37.052079030801302 ], [ 127.205217823760989, 37.052089845206091 ], [ 127.205184677157533, 37.05209348575405 ], [ 127.204482973112036, 37.05217028168002 ], [ 127.203959889036184, 37.052208843377414 ], [ 127.203903511400028, 37.052208400702987 ], [ 127.203578907367643, 37.052200703168744 ], [ 127.203463993449844, 37.052182297217712 ], [ 127.203328825826929, 37.052160640427033 ], [ 127.203228415549134, 37.052107317501786 ], [ 127.203195240229675, 37.052082206257872 ], [ 127.203111477309321, 37.052012442201459 ], [ 127.203044719190004, 37.051890771140414 ], [ 127.202982292964876, 37.051713817061653 ], [ 127.202641368931936, 37.050721135644331 ], [ 127.202617217301665, 37.050607269330264 ], [ 127.202557308807371, 37.050287111712585 ], [ 127.202547417483984, 37.050121448789078 ], [ 127.202563761681859, 37.049535558948506 ], [ 127.202658750291917, 37.048249002626505 ], [ 127.202765617040725, 37.047945866327346 ], [ 127.202944584148625, 37.047592799835108 ], [ 127.20344028777609, 37.046759070100137 ], [ 127.205671848780767, 37.04300567014765 ], [ 127.205743149663533, 37.042896349917463 ], [ 127.205865569859739, 37.042708677607877 ], [ 127.206011422594045, 37.04252731917515 ], [ 127.206094382512049, 37.042424166371887 ], [ 127.2063297918301, 37.042204538143935 ], [ 127.206465400651538, 37.042078033037541 ], [ 127.207481954224377, 37.041273760739976 ], [ 127.207677452290582, 37.041152612141993 ], [ 127.207992700595454, 37.040957263529627 ], [ 127.208679458388204, 37.040599861147584 ], [ 127.209139152433437, 37.040360626173339 ], [ 127.209414609345927, 37.040188901926228 ], [ 127.209719285820654, 37.039909076479333 ], [ 127.209885938456907, 37.039701027531486 ], [ 127.21010318525957, 37.039308308040908 ], [ 127.213368810299386, 37.032834928812818 ], [ 127.214298823607308, 37.031443327852514 ], [ 127.214634858241595, 37.030845808878027 ], [ 127.215663927420636, 37.028692721863386 ], [ 127.216180274406582, 37.027597586899937 ], [ 127.216521683724253, 37.0266766848884 ], [ 127.216583214573404, 37.02638048481645 ], [ 127.216541075307234, 37.025240067646429 ], [ 127.214119882532728, 37.025162723386337 ], [ 127.213580755655457, 37.02511284408461 ], [ 127.207322853610691, 37.02449541579729 ], [ 127.204590284625965, 37.02278846353628 ], [ 127.19908445314438, 37.020578822516917 ], [ 127.194532232497977, 37.019733795545235 ], [ 127.190560312179841, 37.01892933995881 ], [ 127.189598096195866, 37.018667664166621 ], [ 127.189444567713508, 37.018585006430961 ], [ 127.188048274779817, 37.017779056863304 ], [ 127.188440248882216, 37.017064994905788 ], [ 127.188800082264777, 37.016448788384544 ], [ 127.188921544277335, 37.016242154960871 ], [ 127.188951478608161, 37.015963914797979 ], [ 127.188920983376576, 37.015861296425705 ], [ 127.188908338637404, 37.015819517739509 ], [ 127.188898111885038, 37.015785741135247 ], [ 127.188844918632142, 37.015736022656149 ], [ 127.188169423369416, 37.015641852435998 ], [ 127.187844980001472, 37.016199475695373 ], [ 127.187032363040004, 37.017596104724106 ], [ 127.186806942563862, 37.017986111508407 ], [ 127.186751443278567, 37.018082139289582 ], [ 127.186735942113501, 37.019992989257346 ], [ 127.186717288616734, 37.022294009589537 ], [ 127.185085098122798, 37.025519082417915 ], [ 127.183776500724306, 37.027098748020713 ], [ 127.181350957480134, 37.027576779994476 ], [ 127.179473980442239, 37.027735516581394 ], [ 127.177642110992295, 37.028589891227845 ], [ 127.177269204888049, 37.029199600473596 ], [ 127.176136146193798, 37.031471570647895 ], [ 127.17607780132191, 37.031588535636303 ], [ 127.175241109113216, 37.03186343966896 ], [ 127.174424121034519, 37.032786296625659 ], [ 127.171716053205841, 37.035008757926931 ], [ 127.169892494562774, 37.035635828045969 ], [ 127.170881278564451, 37.037591305513764 ], [ 127.171517777966372, 37.037968290844624 ], [ 127.173757833277108, 37.040036498161207 ], [ 127.173933710380538, 37.045248419463633 ], [ 127.173908571827454, 37.045288941858701 ], [ 127.173484315127894, 37.045972804753909 ], [ 127.173244063720233, 37.04649187288819 ], [ 127.173096318873263, 37.046811298405984 ], [ 127.17348767823303, 37.047484965867852 ], [ 127.174925563502399, 37.048354288713128 ], [ 127.175807048893276, 37.048336418474555 ], [ 127.176914862766182, 37.048482542725139 ], [ 127.178126386447801, 37.049040216215545 ], [ 127.178225645757152, 37.049381037290473 ], [ 127.178233782281382, 37.049409035285201 ], [ 127.178312725247523, 37.049680792079364 ], [ 127.177945178049129, 37.050338912560697 ], [ 127.176859212267289, 37.050998511655301 ], [ 127.175692758470305, 37.052069158634126 ], [ 127.175038597213131, 37.052990357298064 ], [ 127.174916414992111, 37.053467578092373 ], [ 127.174899188732113, 37.054864802580738 ], [ 127.174884459522701, 37.057331301204442 ], [ 127.175401683331145, 37.059320325848994 ], [ 127.175871434405281, 37.062615254135565 ], [ 127.175802010140316, 37.06280043437139 ], [ 127.175742722788371, 37.062958572344783 ], [ 127.175338282744235, 37.063668468515928 ], [ 127.17488166570719, 37.064167330857089 ], [ 127.174781748233457, 37.064276487762882 ], [ 127.174641142256519, 37.06443052061303 ], [ 127.174563797989009, 37.064599326410317 ], [ 127.174166291918368, 37.067462525514529 ], [ 127.174463686253191, 37.067976578563389 ], [ 127.174774160695776, 37.068513230351755 ], [ 127.174987910889186, 37.068674946566993 ], [ 127.175366968202908, 37.068940674633645 ], [ 127.175686899932643, 37.069135461481551 ], [ 127.176075634295174, 37.069315682594805 ], [ 127.17648842308266, 37.069461037688491 ], [ 127.176564986227447, 37.069479275048167 ], [ 127.177200710145058, 37.069609460338725 ], [ 127.177351492543806, 37.069678919994182 ], [ 127.177390171696501, 37.069696738267325 ], [ 127.178358575686374, 37.070489380884773 ], [ 127.178596149835897, 37.07081440383368 ], [ 127.178698667945426, 37.070989783115088 ], [ 127.178716392767299, 37.071020119115502 ], [ 127.178792997988324, 37.07115184496584 ], [ 127.178801344209617, 37.071341168393801 ], [ 127.178684498094313, 37.071538038440529 ], [ 127.178062006955997, 37.072429892028403 ], [ 127.177912921460901, 37.072604138965289 ], [ 127.177820352921785, 37.072712058020727 ], [ 127.177119859922229, 37.073423408081304 ], [ 127.176905902051232, 37.073640294925475 ], [ 127.176834275621815, 37.073782165718178 ], [ 127.176828370253688, 37.073865223409527 ], [ 127.176823082179595, 37.073939870657455 ], [ 127.176819271268741, 37.074844497046691 ], [ 127.178579405010396, 37.076282644322248 ], [ 127.180757953860791, 37.077742085077375 ], [ 127.180865179454358, 37.077768040876514 ], [ 127.18143578315788, 37.077906159982398 ], [ 127.182062304619222, 37.077820943497798 ], [ 127.182296979066507, 37.077789129062531 ], [ 127.18489052231277, 37.080925027580342 ], [ 127.185922560870779, 37.083538523076591 ], [ 127.186233740044159, 37.084492615123999 ], [ 127.188697027606821, 37.086364945265721 ], [ 127.18881452101661, 37.08655125388379 ], [ 127.188899316274458, 37.086611218363437 ], [ 127.189121870079703, 37.086703071347067 ], [ 127.189484449202737, 37.086773881745884 ], [ 127.18982243454245, 37.086838992803514 ], [ 127.190871322143863, 37.087004870620852 ], [ 127.191694598092482, 37.087100429369329 ], [ 127.191897469485696, 37.087064124312377 ], [ 127.192079715008944, 37.087038681627746 ], [ 127.192159905818656, 37.08703325589218 ], [ 127.192226015933031, 37.087034563272177 ], [ 127.192380473593118, 37.087094674477299 ], [ 127.192872227724692, 37.087394545487307 ], [ 127.193342879540239, 37.087698868820723 ], [ 127.193485236887824, 37.087797266015954 ], [ 127.195147928316629, 37.088971152782833 ], [ 127.195272720465823, 37.089069499061274 ], [ 127.197604569502147, 37.092997800695052 ], [ 127.198907957261397, 37.096859216474066 ], [ 127.20232142732624, 37.100398038381904 ], [ 127.20501967976422, 37.102418333104431 ], [ 127.205292325448539, 37.102417888759831 ], [ 127.205423001692282, 37.102445246268942 ], [ 127.205510196078805, 37.10246350124541 ], [ 127.207056261222334, 37.103183962951434 ], [ 127.207411282330128, 37.10341582939315 ], [ 127.207778810675805, 37.10368828966859 ], [ 127.208589966381865, 37.104385508200636 ], [ 127.20879294436152, 37.10464854745868 ], [ 127.209427420215832, 37.105578674103285 ], [ 127.209592913204901, 37.105912723483229 ], [ 127.209669562259975, 37.106074946591576 ], [ 127.20986214226302, 37.107219071160188 ], [ 127.209825323363475, 37.107653945813453 ], [ 127.209712275298997, 37.107968040507345 ], [ 127.209169987130096, 37.108505312064281 ], [ 127.208842271487214, 37.10884038710644 ], [ 127.208691125564314, 37.109194851179183 ], [ 127.208616647085321, 37.109722000688812 ], [ 127.208605365683439, 37.110096063522931 ], [ 127.209268611857766, 37.112150714665198 ], [ 127.209319493906179, 37.112272499933063 ], [ 127.209607251009956, 37.112446728015371 ], [ 127.209708186413224, 37.112453732245918 ], [ 127.20999019712491, 37.112351930606955 ], [ 127.211227205493643, 37.111388061193082 ], [ 127.211731173045962, 37.110739207459716 ], [ 127.211782806262519, 37.110689711448444 ], [ 127.211869552691539, 37.11060658572363 ], [ 127.211994331879382, 37.110578357037753 ], [ 127.21204697502364, 37.110566452702201 ], [ 127.21289440620491, 37.110625973429251 ], [ 127.213412670196178, 37.110675678716085 ], [ 127.213640477092554, 37.110705525364956 ], [ 127.214696240913781, 37.110925538770331 ], [ 127.215223459461754, 37.111401180050542 ], [ 127.215477660964424, 37.111545927845214 ], [ 127.216046167004023, 37.111869639533367 ], [ 127.220162033851125, 37.113427616992645 ], [ 127.220527929270261, 37.113214393903426 ], [ 127.221096752096713, 37.113101928677771 ], [ 127.221728778361864, 37.113018905313176 ], [ 127.222988749010355, 37.112894536047861 ], [ 127.223119997262458, 37.112894836304534 ], [ 127.223217927656449, 37.112903835798164 ], [ 127.22544066850935, 37.113505312994661 ], [ 127.225546776497509, 37.113556306960874 ], [ 127.226167901443958, 37.113941920488315 ], [ 127.226755173916416, 37.114567520538778 ], [ 127.226825886336485, 37.114663459643985 ], [ 127.226915529347238, 37.114790352092967 ], [ 127.226953563760659, 37.114957841991981 ], [ 127.226965227118527, 37.115050950655451 ], [ 127.226975448317603, 37.115132543927075 ], [ 127.227017973356794, 37.115241938435659 ], [ 127.227102767787471, 37.115332275896819 ], [ 127.228890771196617, 37.1167955564541 ], [ 127.229391895301134, 37.11712797401681 ], [ 127.22994918101007, 37.117296007805756 ], [ 127.230809876527246, 37.117412886543583 ], [ 127.231345207831211, 37.117425378481535 ], [ 127.231627395029747, 37.117402354329109 ], [ 127.231724647522768, 37.11739932930648 ], [ 127.231796257651823, 37.117397103452724 ], [ 127.232374532162495, 37.117401790517498 ], [ 127.232536284321924, 37.117417929515661 ], [ 127.233791975121022, 37.117643858530137 ], [ 127.233855418607632, 37.117678074730073 ], [ 127.234359398084365, 37.118138659057443 ], [ 127.234421047943115, 37.118213165413152 ], [ 127.234470658820314, 37.118309052652286 ], [ 127.234917580300092, 37.11926556030695 ], [ 127.234928242179208, 37.119296971664539 ], [ 127.234960064064126, 37.11939072761075 ], [ 127.236445072842173, 37.121245347071458 ], [ 127.240166745116582, 37.122121167056008 ], [ 127.240295410460419, 37.122145110396609 ], [ 127.24301777428596, 37.122504788521894 ], [ 127.244889856289589, 37.122306064936204 ], [ 127.245046906620772, 37.122251200598789 ], [ 127.245465938819237, 37.122129281341856 ], [ 127.245547049016466, 37.122108002512746 ], [ 127.245632125065285, 37.122085694600315 ], [ 127.245812340786571, 37.122054531355964 ], [ 127.24587140078269, 37.122059485081799 ], [ 127.25051564168551, 37.122697770997028 ], [ 127.250607027059303, 37.122721624694499 ], [ 127.250780092900271, 37.122833308828866 ], [ 127.251025396934736, 37.122996280298658 ], [ 127.251160135437075, 37.123119412564577 ], [ 127.251226550933282, 37.123212759872118 ], [ 127.251253410435311, 37.12325061194823 ], [ 127.251958904865745, 37.124562235435981 ], [ 127.253122430682652, 37.128090347786866 ], [ 127.253370858670081, 37.128940455171715 ], [ 127.25337840920578, 37.129000190023625 ], [ 127.253212015795071, 37.130186338165878 ], [ 127.252907897963851, 37.130875328537797 ], [ 127.252866119355048, 37.130961967138006 ], [ 127.252285859995723, 37.131965840062541 ], [ 127.251650788403964, 37.132942552521591 ], [ 127.251160993181202, 37.13360294166614 ], [ 127.253332106169779, 37.136977664480405 ], [ 127.253713415358206, 37.138093964264996 ], [ 127.252808899214003, 37.141197471352207 ], [ 127.252746695675896, 37.141281848761885 ], [ 127.252211118272598, 37.141724680193086 ], [ 127.251772362485156, 37.142039258850211 ], [ 127.251676227561902, 37.142145325776902 ], [ 127.251611327512336, 37.142216950860387 ], [ 127.251455803761075, 37.142430712762767 ], [ 127.251382941079996, 37.142533718343593 ], [ 127.25128470448962, 37.142672610210923 ], [ 127.251134480341975, 37.142986663839196 ], [ 127.250283746246552, 37.145094194354968 ], [ 127.250257256537182, 37.145237248649416 ], [ 127.25117027069922, 37.145810432905648 ], [ 127.251338785044524, 37.145878870684854 ], [ 127.251435239296555, 37.145918032300912 ], [ 127.251557780958152, 37.145960953351434 ], [ 127.251762127989508, 37.146032521438201 ], [ 127.25216640594347, 37.146152805378101 ], [ 127.252595351348063, 37.146264125245629 ], [ 127.252768231797731, 37.146341106536326 ], [ 127.253499340828284, 37.146862982022988 ], [ 127.253767321451321, 37.147297562929076 ], [ 127.254636146877772, 37.149383416314521 ], [ 127.255218104263975, 37.150966680058801 ], [ 127.255235223278433, 37.151077544721524 ], [ 127.255275769146792, 37.151163263128851 ], [ 127.255335367430149, 37.151221572683696 ], [ 127.255383112389637, 37.151268274527659 ], [ 127.25543373667044, 37.151308410958599 ], [ 127.2554785896981, 37.151343965273725 ], [ 127.255620577846514, 37.151401723497756 ], [ 127.255802056677936, 37.151435900708954 ], [ 127.257365878829361, 37.151687002272737 ], [ 127.257553054539585, 37.151700906568401 ], [ 127.258691047348236, 37.151733651807874 ], [ 127.259730442536195, 37.151788721727051 ], [ 127.25983733226424, 37.151818234441649 ], [ 127.260473517144845, 37.152066284930306 ], [ 127.26056410663162, 37.152132947524102 ], [ 127.260677698173566, 37.152269516363368 ], [ 127.261377088540613, 37.153237696869503 ], [ 127.261564468874525, 37.153858925251384 ], [ 127.261627334385651, 37.154012292662742 ], [ 127.261674969997244, 37.154084501850321 ], [ 127.26379998523646, 37.155873562082654 ], [ 127.263864643633866, 37.155890587990434 ], [ 127.265491967528476, 37.155460016594304 ], [ 127.265880133535475, 37.155350360398565 ], [ 127.266943699616505, 37.155329918450619 ] ] ] ] } },
{ "type": "Feature", "properties": { "OBJECTID": 1555, "adm_nm": "경기도 안성시 원곡면", "adm_cd": "3122038", "adm_cd2": "4155038000", "sgg": "41550", "sido": "41", "sidonm": "경기도", "sggnm": "안성시" }, "geometry": { "type": "MultiPolygon", "coordinates": [ [ [ [ 127.186233740044159, 37.084492615123999 ], [ 127.185922560870779, 37.083538523076591 ], [ 127.18489052231277, 37.080925027580342 ], [ 127.182296979066507, 37.077789129062531 ], [ 127.182062304619222, 37.077820943497798 ], [ 127.18143578315788, 37.077906159982398 ], [ 127.180865179454358, 37.077768040876514 ], [ 127.180757953860791, 37.077742085077375 ], [ 127.178579405010396, 37.076282644322248 ], [ 127.176819271268741, 37.074844497046691 ], [ 127.176823082179595, 37.073939870657455 ], [ 127.176828370253688, 37.073865223409527 ], [ 127.176834275621815, 37.073782165718178 ], [ 127.176905902051232, 37.073640294925475 ], [ 127.177119859922229, 37.073423408081304 ], [ 127.177820352921785, 37.072712058020727 ], [ 127.177912921460901, 37.072604138965289 ], [ 127.178062006955997, 37.072429892028403 ], [ 127.178684498094313, 37.071538038440529 ], [ 127.178801344209617, 37.071341168393801 ], [ 127.178792997988324, 37.07115184496584 ], [ 127.178716392767299, 37.071020119115502 ], [ 127.178698667945426, 37.070989783115088 ], [ 127.178596149835897, 37.07081440383368 ], [ 127.178358575686374, 37.070489380884773 ], [ 127.177390171696501, 37.069696738267325 ], [ 127.177351492543806, 37.069678919994182 ], [ 127.177200710145058, 37.069609460338725 ], [ 127.176564986227447, 37.069479275048167 ], [ 127.17648842308266, 37.069461037688491 ], [ 127.176075634295174, 37.069315682594805 ], [ 127.175686899932643, 37.069135461481551 ], [ 127.175366968202908, 37.068940674633645 ], [ 127.174987910889186, 37.068674946566993 ], [ 127.174774160695776, 37.068513230351755 ], [ 127.174463686253191, 37.067976578563389 ], [ 127.174166291918368, 37.067462525514529 ], [ 127.174563797989009, 37.064599326410317 ], [ 127.174641142256519, 37.06443052061303 ], [ 127.174781748233457, 37.064276487762882 ], [ 127.17488166570719, 37.064167330857089 ], [ 127.175338282744235, 37.063668468515928 ], [ 127.175742722788371, 37.062958572344783 ], [ 127.175802010140316, 37.06280043437139 ], [ 127.175871434405281, 37.062615254135565 ], [ 127.175401683331145, 37.059320325848994 ], [ 127.174884459522701, 37.057331301204442 ], [ 127.174899188732113, 37.054864802580738 ], [ 127.174916414992111, 37.053467578092373 ], [ 127.175038597213131, 37.052990357298064 ], [ 127.175692758470305, 37.052069158634126 ], [ 127.176859212267289, 37.050998511655301 ], [ 127.177945178049129, 37.050338912560697 ], [ 127.178312725247523, 37.049680792079364 ], [ 127.178233782281382, 37.049409035285201 ], [ 127.178225645757152, 37.049381037290473 ], [ 127.178126386447801, 37.049040216215545 ], [ 127.176914862766182, 37.048482542725139 ], [ 127.175807048893276, 37.048336418474555 ], [ 127.174925563502399, 37.048354288713128 ], [ 127.17348767823303, 37.047484965867852 ], [ 127.173096318873263, 37.046811298405984 ], [ 127.173244063720233, 37.04649187288819 ], [ 127.173484315127894, 37.045972804753909 ], [ 127.173908571827454, 37.045288941858701 ], [ 127.173933710380538, 37.045248419463633 ], [ 127.173757833277108, 37.040036498161207 ], [ 127.171517777966372, 37.037968290844624 ], [ 127.170881278564451, 37.037591305513764 ], [ 127.169892494562774, 37.035635828045969 ], [ 127.171716053205841, 37.035008757926931 ], [ 127.174424121034519, 37.032786296625659 ], [ 127.175241109113216, 37.03186343966896 ], [ 127.17284689080472, 37.028508196667296 ], [ 127.172753971561804, 37.028385907850861 ], [ 127.172641548628093, 37.028253017470803 ], [ 127.172012338979798, 37.027718101269969 ], [ 127.171734728412304, 37.027313761331676 ], [ 127.171937186172784, 37.026070554817856 ], [ 127.173055921183078, 37.026045376956937 ], [ 127.174739744795104, 37.026007249099521 ], [ 127.175331844707074, 37.025404909050991 ], [ 127.17568057652818, 37.024998701523877 ], [ 127.17573717690496, 37.024932700772652 ], [ 127.175729896511328, 37.024826825345492 ], [ 127.17329888200625, 37.021833106364468 ], [ 127.171879107036659, 37.018830708302922 ], [ 127.170502638191792, 37.018682664835495 ], [ 127.169804418583425, 37.018482408296805 ], [ 127.168230610047203, 37.017991243579168 ], [ 127.16812539308539, 37.017951511564505 ], [ 127.164678426979265, 37.015917160660827 ], [ 127.163354620974715, 37.014956573459315 ], [ 127.162494073005917, 37.014235792689007 ], [ 127.160290180927461, 37.012839544678798 ], [ 127.158361295236659, 37.011696007215157 ], [ 127.157092450687713, 37.011658133964943 ], [ 127.156556287200246, 37.011580371680573 ], [ 127.156242498191375, 37.011512026755796 ], [ 127.156210269266865, 37.011505001355204 ], [ 127.155825821806843, 37.011384446749759 ], [ 127.154972144301766, 37.010939136396559 ], [ 127.154936861142176, 37.010819594348881 ], [ 127.154922548045249, 37.010516876396622 ], [ 127.154902236198396, 37.010087075343598 ], [ 127.155333917352678, 37.009660120149405 ], [ 127.15585483932739, 37.009156854076721 ], [ 127.156029454878734, 37.008912846356303 ], [ 127.156151788159875, 37.008579669091993 ], [ 127.156273836038366, 37.007718013351059 ], [ 127.152725665791834, 37.003219712067782 ], [ 127.152257744777685, 37.002577425156666 ], [ 127.151076965857271, 37.00251460745789 ], [ 127.150999651669693, 37.002722189540791 ], [ 127.149429249750781, 37.006941923363343 ], [ 127.149184778828541, 37.007458489847771 ], [ 127.148850386640802, 37.008165039860657 ], [ 127.148413335240889, 37.008643760288997 ], [ 127.148340020643786, 37.008698757001227 ], [ 127.147609007226265, 37.009240830435175 ], [ 127.146170723085447, 37.010492943155512 ], [ 127.145877421448446, 37.010577690444471 ], [ 127.145221741775103, 37.010928419319825 ], [ 127.145056182771484, 37.01101727469355 ], [ 127.144812543662184, 37.011148047358844 ], [ 127.144708637339647, 37.01152567078843 ], [ 127.144277130707238, 37.014008113535056 ], [ 127.145367133687159, 37.016680016001324 ], [ 127.146249499463494, 37.017456757221282 ], [ 127.147677753324757, 37.018089757218149 ], [ 127.151824203968658, 37.020924614137911 ], [ 127.152530326630711, 37.021546420390351 ], [ 127.152765485382162, 37.024681848423448 ], [ 127.152838341239431, 37.02581223603795 ], [ 127.153068909963508, 37.029472768276165 ], [ 127.151119022363162, 37.030087877923989 ], [ 127.147994639407017, 37.030575566054246 ], [ 127.147841335429945, 37.030599900609722 ], [ 127.14495372343265, 37.03138906437961 ], [ 127.141625529166973, 37.032608389840121 ], [ 127.137186682916962, 37.033871554999379 ], [ 127.135459688961916, 37.03394400958144 ], [ 127.135089548813994, 37.033902307387734 ], [ 127.131642870003461, 37.033506216814018 ], [ 127.128419798889141, 37.033324974625295 ], [ 127.126327042283833, 37.033334266998999 ], [ 127.126441109350935, 37.033566655802971 ], [ 127.122310735692906, 37.035060098576501 ], [ 127.121316024396549, 37.034107855246774 ], [ 127.120866415519899, 37.033677426958761 ], [ 127.119436489857648, 37.032237319210743 ], [ 127.118835884088995, 37.031630303916188 ], [ 127.118465289183249, 37.030980081383298 ], [ 127.117312292030476, 37.028286718142354 ], [ 127.116938225855833, 37.027210490862394 ], [ 127.115641063056501, 37.027494817248183 ], [ 127.112407681875737, 37.029080962422228 ], [ 127.108489881328708, 37.03177724909186 ], [ 127.10704952476128, 37.032915870882064 ], [ 127.105326576596326, 37.03519299459591 ], [ 127.105294197950471, 37.035746140566538 ], [ 127.107935236111544, 37.038740888243936 ], [ 127.109892645099166, 37.040773306481952 ], [ 127.110053648343694, 37.040898909281701 ], [ 127.11026760994784, 37.041008063441083 ], [ 127.111947718430756, 37.041865143057485 ], [ 127.112286663398379, 37.041967662102429 ], [ 127.113426249649308, 37.041766304981671 ], [ 127.114772242194988, 37.042163932930301 ], [ 127.119665220910093, 37.046094470118156 ], [ 127.120677035176996, 37.047874364592722 ], [ 127.120710538239507, 37.048141016501575 ], [ 127.120736532371637, 37.048347806551405 ], [ 127.122179108814251, 37.050418936760309 ], [ 127.123886435471221, 37.051561290977062 ], [ 127.126613208012657, 37.05209385944287 ], [ 127.127385750114428, 37.052516580877004 ], [ 127.127480985343922, 37.052652626253291 ], [ 127.127624480983968, 37.05285762015307 ], [ 127.130566561138238, 37.058003838836335 ], [ 127.130617269231436, 37.058114273050506 ], [ 127.130633632324461, 37.058232786185371 ], [ 127.130596831160588, 37.058429858268639 ], [ 127.130556388904907, 37.058610009090039 ], [ 127.130532823270826, 37.058714807931658 ], [ 127.128303201054635, 37.063294913853078 ], [ 127.128174401856143, 37.063469161892478 ], [ 127.128036787674489, 37.063578028611978 ], [ 127.125701531165149, 37.064688453627419 ], [ 127.125644392006095, 37.064699297779462 ], [ 127.125526308132947, 37.06472170414375 ], [ 127.125318342463544, 37.064695131392142 ], [ 127.120853138354207, 37.063056119861606 ], [ 127.12023550705166, 37.062709347989987 ], [ 127.118468333082987, 37.062671000620156 ], [ 127.115634128391335, 37.064418508319626 ], [ 127.115542518484702, 37.064599623738758 ], [ 127.115417413477019, 37.064733305547044 ], [ 127.113980729716531, 37.065088083180463 ], [ 127.113897739117007, 37.06509457378791 ], [ 127.110587628379506, 37.065004878589704 ], [ 127.107931977904883, 37.064927397022558 ], [ 127.106731572629059, 37.064855816324872 ], [ 127.10662828694845, 37.064893288727127 ], [ 127.106531537509198, 37.06492839393777 ], [ 127.10593970874173, 37.065176575403292 ], [ 127.104040701415485, 37.066146046451827 ], [ 127.102836841777432, 37.067792929995484 ], [ 127.102310021184948, 37.068681216385585 ], [ 127.102717008960354, 37.07299806441992 ], [ 127.103418813617623, 37.073648343469124 ], [ 127.104821663447282, 37.074415808545417 ], [ 127.104439187165397, 37.074712233061028 ], [ 127.103752876737545, 37.075244106336555 ], [ 127.103642728637126, 37.075747161026534 ], [ 127.104473855954723, 37.076012475681786 ], [ 127.108072574904284, 37.076541613800579 ], [ 127.109031469294294, 37.076303647153694 ], [ 127.1098797899744, 37.075962771922775 ], [ 127.11395734877479, 37.075944563578119 ], [ 127.121447615429645, 37.076408151209478 ], [ 127.123886220140776, 37.077236206821823 ], [ 127.124209560498699, 37.077542589724523 ], [ 127.126439748926586, 37.081594782078817 ], [ 127.1263995749581, 37.082093954970951 ], [ 127.126385077368099, 37.082274059123705 ], [ 127.125114918315958, 37.086598016925741 ], [ 127.124417893674533, 37.088334433730829 ], [ 127.123058280908083, 37.09134760785021 ], [ 127.123918137840661, 37.090987544480647 ], [ 127.124086429475241, 37.090944133645287 ], [ 127.124176095617585, 37.090924135801757 ], [ 127.12421597385152, 37.090915247933815 ], [ 127.125937591293251, 37.09062660123822 ], [ 127.127115531785591, 37.090776793134687 ], [ 127.132174371342145, 37.091457390888458 ], [ 127.132309034573595, 37.091533302742221 ], [ 127.132500907734823, 37.091704042155627 ], [ 127.132782539188, 37.091929142857943 ], [ 127.133422685475963, 37.092334511436697 ], [ 127.133556041494785, 37.092390135792854 ], [ 127.133728203433947, 37.092418836243525 ], [ 127.133847814183497, 37.092407938711702 ], [ 127.133989452387922, 37.092381467539298 ], [ 127.134126565171044, 37.09235583948967 ], [ 127.134513153692296, 37.092255622278337 ], [ 127.134778779211715, 37.092152776874237 ], [ 127.135272733906035, 37.091954856128957 ], [ 127.135699741705579, 37.091763778615721 ], [ 127.135789520195061, 37.091686017197254 ], [ 127.135863975009727, 37.091578138956365 ], [ 127.135888470187481, 37.091437303562905 ], [ 127.135896355567397, 37.090967432530469 ], [ 127.135970856712049, 37.090808988962998 ], [ 127.13720273803699, 37.089256503593234 ], [ 127.137258622818834, 37.08918681414896 ], [ 127.137336189065209, 37.089143106934301 ], [ 127.137398927197253, 37.089112875698738 ], [ 127.141137447937339, 37.088062820746075 ], [ 127.141971009968529, 37.08786702669429 ], [ 127.142114623008922, 37.08783478351593 ], [ 127.142210572806334, 37.087841841823824 ], [ 127.142310616884188, 37.087878174453195 ], [ 127.142359025945197, 37.08790425533919 ], [ 127.142389809371238, 37.087938151595239 ], [ 127.143999729765255, 37.089850635106274 ], [ 127.144017870878244, 37.089881110836096 ], [ 127.144078508632248, 37.089989676512822 ], [ 127.144102022623201, 37.090084183914492 ], [ 127.144114909886767, 37.090184506961215 ], [ 127.144125031585105, 37.090274679779633 ], [ 127.144148595255743, 37.09035137246601 ], [ 127.144367803017275, 37.090545836274444 ], [ 127.144711701323644, 37.090847717443324 ], [ 127.144834342559079, 37.090939353115502 ], [ 127.144982322718533, 37.091001914257269 ], [ 127.14628302637729, 37.09140566286078 ], [ 127.146425754467259, 37.091412849166758 ], [ 127.153704366892882, 37.091012910691454 ], [ 127.157731730333225, 37.090134445540144 ], [ 127.161521734239329, 37.089001641173745 ], [ 127.16159809800692, 37.088974681131873 ], [ 127.161797141729807, 37.08890439601096 ], [ 127.162037389640503, 37.088804798255076 ], [ 127.16222835901435, 37.088718580144082 ], [ 127.162396961806593, 37.088598493709199 ], [ 127.162502808750304, 37.088517667611669 ], [ 127.162609699793137, 37.088389341082944 ], [ 127.16277366788519, 37.088177023312845 ], [ 127.162865496800848, 37.088061766747281 ], [ 127.162934901772871, 37.087974660087696 ], [ 127.162970676968939, 37.087935830104065 ], [ 127.163048791865677, 37.08785556831122 ], [ 127.16308249294535, 37.087835358550997 ], [ 127.16318267782448, 37.087786957142697 ], [ 127.163298144854849, 37.087731180306875 ], [ 127.163485544615739, 37.087655091949031 ], [ 127.166061805821855, 37.086627988350543 ], [ 127.16610500159203, 37.086618130288443 ], [ 127.166203292379947, 37.086595709077642 ], [ 127.170735163827629, 37.086051748181589 ], [ 127.170954665172616, 37.086029820838931 ], [ 127.17137112823832, 37.085993790856719 ], [ 127.172518483141971, 37.085901188985432 ], [ 127.173082167578826, 37.085874800836656 ], [ 127.173571723793003, 37.085945784448775 ], [ 127.173642667378061, 37.085966260873072 ], [ 127.173681960596568, 37.085986650174036 ], [ 127.173705792707025, 37.086004744262063 ], [ 127.173757485674315, 37.086084889818807 ], [ 127.173766618288639, 37.086251677817344 ], [ 127.173805240528594, 37.08642868796391 ], [ 127.173853413277939, 37.086508822890295 ], [ 127.175462905969908, 37.087380860423671 ], [ 127.175579426091815, 37.087431885318964 ], [ 127.176260554739599, 37.087670369035749 ], [ 127.17885855366255, 37.087616587194724 ], [ 127.179037285230507, 37.087611423608962 ], [ 127.179205382372018, 37.087587103635919 ], [ 127.181903364800462, 37.08714590967007 ], [ 127.182121075289089, 37.087066492762695 ], [ 127.183870662363418, 37.086236224418379 ], [ 127.184210289940367, 37.086074871635951 ], [ 127.186233740044159, 37.084492615123999 ] ] ] ] } },
{ "type": "Feature", "properties": { "OBJECTID": 1556, "adm_nm": "경기도 안성시 일죽면", "adm_cd": "3122039", "adm_cd2": "4155039000", "sgg": "41550", "sido": "41", "sidonm": "경기도", "sggnm": "안성시" }, "geometry": { "type": "MultiPolygon", "coordinates": [ [ [ [ 127.450333390045998, 37.148076999719727 ], [ 127.449709629798249, 37.146138718751267 ], [ 127.449559133167526, 37.145959474916367 ], [ 127.448980970654475, 37.14544203735062 ], [ 127.448768528333332, 37.145295464849788 ], [ 127.44839275801975, 37.145226568505961 ], [ 127.448104975530853, 37.145127286574997 ], [ 127.448061696180517, 37.145102514604297 ], [ 127.447967089540967, 37.145048351808171 ], [ 127.447828540519822, 37.144918711668595 ], [ 127.447816090261554, 37.144749383303264 ], [ 127.44785197911186, 37.144598717591649 ], [ 127.448024689977629, 37.144187520175386 ], [ 127.448148000462496, 37.143957711845957 ], [ 127.449612913884863, 37.142241249143389 ], [ 127.449753207630778, 37.142079589222675 ], [ 127.450282746226605, 37.141469577345319 ], [ 127.452575500247676, 37.137019747289123 ], [ 127.453451996462121, 37.135236406519624 ], [ 127.457664033534655, 37.130573123359284 ], [ 127.457962609801683, 37.130352325079883 ], [ 127.45834890208873, 37.130150823907776 ], [ 127.459035674890742, 37.130108245615467 ], [ 127.464495920038289, 37.130057048052727 ], [ 127.469961939035599, 37.129535733626355 ], [ 127.470997803805815, 37.129311762542166 ], [ 127.472405970157325, 37.128765610808088 ], [ 127.47325751770272, 37.12830495326218 ], [ 127.47413720492635, 37.127828520793365 ], [ 127.474660076239815, 37.12755707987985 ], [ 127.475183611746047, 37.127394929885028 ], [ 127.480489754994991, 37.126629716313779 ], [ 127.486107615197596, 37.125091326613706 ], [ 127.492480303200821, 37.123088496119081 ], [ 127.492523845982547, 37.123098629979729 ], [ 127.49258576385094, 37.123120042693351 ], [ 127.492636896462869, 37.123151108958538 ], [ 127.492684961554417, 37.12318202177017 ], [ 127.493070380955402, 37.123465687059479 ], [ 127.493579141221446, 37.123840113206576 ], [ 127.493676681483961, 37.123886983488411 ], [ 127.4937339224211, 37.123914488976929 ], [ 127.494009833961954, 37.123967552046786 ], [ 127.494284822804104, 37.124020434144754 ], [ 127.496034604690436, 37.124347271804794 ], [ 127.496802911819586, 37.124490396077043 ], [ 127.497043537862837, 37.124489275541848 ], [ 127.497166671584552, 37.124468996508277 ], [ 127.497487509661028, 37.124363086419137 ], [ 127.498433834767482, 37.123840276736246 ], [ 127.498815180049419, 37.123481965065693 ], [ 127.502517951994548, 37.118912848744074 ], [ 127.502758560597954, 37.118609677074133 ], [ 127.502781733256896, 37.118580467661332 ], [ 127.502799340374239, 37.118542528075103 ], [ 127.502942150622971, 37.118234516728904 ], [ 127.502955857640075, 37.118149242487085 ], [ 127.502960436765576, 37.118120711370786 ], [ 127.503668628530264, 37.113084090017772 ], [ 127.503887105921976, 37.109656059994897 ], [ 127.50394282415968, 37.109539110715211 ], [ 127.504862149606851, 37.108407786479432 ], [ 127.504886853518983, 37.10837843952531 ], [ 127.50764617023286, 37.105831767891438 ], [ 127.507685952970917, 37.105809455906204 ], [ 127.507744563537486, 37.10577659418221 ], [ 127.510504721924576, 37.105566800034225 ], [ 127.5123828229125, 37.105548590241163 ], [ 127.512784493081057, 37.105586868173255 ], [ 127.513179093487125, 37.105618364997412 ], [ 127.513258575181325, 37.105558636605615 ], [ 127.513317268455125, 37.105498767169621 ], [ 127.513643930681738, 37.104928720817924 ], [ 127.513703736618922, 37.104802279770901 ], [ 127.513826745421454, 37.104542212808717 ], [ 127.513942055973942, 37.104285292593502 ], [ 127.514045394614769, 37.103992316588673 ], [ 127.514195099009953, 37.10331960872913 ], [ 127.514623773129046, 37.101274443255129 ], [ 127.514629382972288, 37.101185426592728 ], [ 127.51460404848757, 37.101116695864029 ], [ 127.514449288787404, 37.101018684574036 ], [ 127.512461380645007, 37.100394644463073 ], [ 127.512250325843723, 37.100324183823638 ], [ 127.511830515550429, 37.10018402739945 ], [ 127.511675756390133, 37.100061223211277 ], [ 127.510910396011724, 37.099322125314309 ], [ 127.510851424587955, 37.099218547651013 ], [ 127.510823184457109, 37.099168931135146 ], [ 127.510819509772148, 37.099142506112507 ], [ 127.51077809912843, 37.098843253851541 ], [ 127.510522515495609, 37.096861262744284 ], [ 127.510527765074514, 37.096820085037209 ], [ 127.510534453518204, 37.096767738505996 ], [ 127.510619007075874, 37.096582153931507 ], [ 127.510631511208274, 37.096554749391949 ], [ 127.511018972755153, 37.096295499304858 ], [ 127.5111604564148, 37.096200881172663 ], [ 127.511419854684732, 37.096135529965892 ], [ 127.511585486972777, 37.096115952905215 ], [ 127.511944523554604, 37.096073505082146 ], [ 127.512301801264854, 37.096012622144613 ], [ 127.512695156575219, 37.095867809490045 ], [ 127.513484709948045, 37.0955730471998 ], [ 127.513558541998734, 37.095513319148701 ], [ 127.514820596760998, 37.09343650205173 ], [ 127.514856442812643, 37.093351988621912 ], [ 127.514856432546267, 37.093299399269739 ], [ 127.514856422575562, 37.093248324317408 ], [ 127.514854341290629, 37.092991309203114 ], [ 127.514845962262925, 37.092465002007451 ], [ 127.514847014531867, 37.091860125034962 ], [ 127.515622146178671, 37.085720569808323 ], [ 127.516058629099462, 37.084541486141852 ], [ 127.516122013622763, 37.084464748714268 ], [ 127.516193611696025, 37.084378083582237 ], [ 127.517374848450146, 37.083665786582756 ], [ 127.518481436565509, 37.082594044036412 ], [ 127.518560881766376, 37.08250952343252 ], [ 127.518603754085504, 37.082435148707283 ], [ 127.518596706437563, 37.082370921994226 ], [ 127.518392043028228, 37.082208696431017 ], [ 127.517239376074215, 37.08165449072856 ], [ 127.516871597653576, 37.081575667542616 ], [ 127.516683014811662, 37.081554231157661 ], [ 127.516624069334867, 37.081547532791092 ], [ 127.516564422584707, 37.081528900454181 ], [ 127.51645107346971, 37.08149347198124 ], [ 127.515949660656545, 37.081327901702053 ], [ 127.515831504888283, 37.081234395010561 ], [ 127.514917218434121, 37.080258750884433 ], [ 127.514685747703965, 37.079810281000142 ], [ 127.514203827191722, 37.078505519348013 ], [ 127.514182573315878, 37.078442682233756 ], [ 127.514148950589544, 37.078343267421275 ], [ 127.514096882511865, 37.078169748144049 ], [ 127.514086070347417, 37.078100529438309 ], [ 127.514071541141377, 37.078007493559653 ], [ 127.514084165544389, 37.077838474631314 ], [ 127.514090567858261, 37.077782025352839 ], [ 127.514131263502136, 37.077730296393256 ], [ 127.514164941397041, 37.077698462842733 ], [ 127.514413153980527, 37.07737081679938 ], [ 127.514685903011568, 37.076998942966647 ], [ 127.514718939750566, 37.076906542168636 ], [ 127.514745538123151, 37.076286805746193 ], [ 127.514748338274103, 37.076216943566656 ], [ 127.514741297291479, 37.076167365716941 ], [ 127.513585495608595, 37.073145455198976 ], [ 127.513563698117522, 37.073101512891725 ], [ 127.512541086352542, 37.071346085757099 ], [ 127.511977112489518, 37.07075570688788 ], [ 127.511391359833794, 37.070256595586443 ], [ 127.511239481625594, 37.0701664677484 ], [ 127.51109885606563, 37.070104507519964 ], [ 127.510863323731016, 37.070074105083094 ], [ 127.510521621309195, 37.07004033307512 ], [ 127.509549258736655, 37.069979567757933 ], [ 127.508827182914388, 37.069936806556882 ], [ 127.508721935380237, 37.069934055959514 ], [ 127.507624203340171, 37.069905339847757 ], [ 127.506788200768085, 37.069315903443183 ], [ 127.506829604468834, 37.068574648635924 ], [ 127.507310369326859, 37.06776833359951 ], [ 127.5074678841044, 37.067504158041231 ], [ 127.507489029758261, 37.067468983705737 ], [ 127.507561382142882, 37.067348654976477 ], [ 127.508015422816825, 37.066086620128566 ], [ 127.508463740932768, 37.06406512444368 ], [ 127.507229089340782, 37.062606010909356 ], [ 127.504809876689094, 37.060393114157669 ], [ 127.503603512100199, 37.059768914012309 ], [ 127.497806758227583, 37.057180705892939 ], [ 127.493548972965968, 37.056531518963055 ], [ 127.492433466367089, 37.055609736349879 ], [ 127.489959382206877, 37.052815033018483 ], [ 127.489704039885638, 37.052493017666578 ], [ 127.489388909108285, 37.052421163560034 ], [ 127.489283200394922, 37.052411952209866 ], [ 127.489224942074188, 37.052406879065479 ], [ 127.484648353411018, 37.05315081705605 ], [ 127.481794343897178, 37.053324174902407 ], [ 127.475464521602817, 37.052903721440096 ], [ 127.471372935052429, 37.052544836782616 ], [ 127.468036731521352, 37.052997906004798 ], [ 127.46856140077746, 37.053772518424033 ], [ 127.468667491597017, 37.05393958685459 ], [ 127.469208560567481, 37.056106276907826 ], [ 127.46920922921386, 37.056177265039601 ], [ 127.466221472603053, 37.059809231385607 ], [ 127.466121002769896, 37.059890292115774 ], [ 127.466009110223197, 37.059944384898024 ], [ 127.465808024753898, 37.060013061437495 ], [ 127.46392443949739, 37.060611957023859 ], [ 127.463657969995197, 37.060672722463828 ], [ 127.463428093582223, 37.060678285778508 ], [ 127.463254458530386, 37.060656823071469 ], [ 127.463198218108559, 37.060630603664428 ], [ 127.461256860310598, 37.060040958969836 ], [ 127.459550161430897, 37.059741789356963 ], [ 127.459354030877748, 37.059747356280241 ], [ 127.458478674650095, 37.059990440251632 ], [ 127.456580942393217, 37.060642173501954 ], [ 127.454120270004125, 37.06211734478866 ], [ 127.447220976659125, 37.065791989447945 ], [ 127.44716592998742, 37.065810053094616 ], [ 127.446943433502724, 37.065911639016591 ], [ 127.446705683540898, 37.066085058256363 ], [ 127.442601207370402, 37.070875383306557 ], [ 127.441048412843685, 37.073782477662064 ], [ 127.440956373898757, 37.073993530033675 ], [ 127.440659629131247, 37.074933119781036 ], [ 127.440608797874177, 37.075204655058968 ], [ 127.440615397138643, 37.075383574462499 ], [ 127.440616390307397, 37.075409817429481 ], [ 127.440659070172671, 37.075657649476298 ], [ 127.438387464399199, 37.079274745268727 ], [ 127.43802272264584, 37.079476115149482 ], [ 127.436976595798228, 37.080105438569809 ], [ 127.436518427395313, 37.080621233490341 ], [ 127.436483809245189, 37.080687752248878 ], [ 127.436448672623513, 37.080755313673791 ], [ 127.436456798081053, 37.080914303326679 ], [ 127.436462482782161, 37.081025313030011 ], [ 127.43646520395005, 37.081074365827234 ], [ 127.436467177007898, 37.081109847187555 ], [ 127.436474282270936, 37.081237592703928 ], [ 127.436531799680239, 37.081410022068077 ], [ 127.436623779169281, 37.08158246981931 ], [ 127.436801434957346, 37.081877783065359 ], [ 127.437338719051581, 37.082682594681977 ], [ 127.437748194953684, 37.083273247088599 ], [ 127.439888494308605, 37.086271605686647 ], [ 127.440709130883818, 37.087218519898634 ], [ 127.440863730704052, 37.087363952602246 ], [ 127.441090739715946, 37.087564011661264 ], [ 127.441340901897206, 37.087784481082558 ], [ 127.442025272065436, 37.088560046904703 ], [ 127.442462292875675, 37.089092103033785 ], [ 127.442614017152749, 37.089329928515632 ], [ 127.442758255183918, 37.089603645092076 ], [ 127.442925820683584, 37.089921641895657 ], [ 127.443064112380156, 37.090265378224991 ], [ 127.443266193264591, 37.090882953975445 ], [ 127.443426115002595, 37.09145431098171 ], [ 127.443508082712839, 37.091872387705223 ], [ 127.443547891284311, 37.092255513915639 ], [ 127.443530789769284, 37.093116676704597 ], [ 127.443525973268819, 37.0933597536619 ], [ 127.443542038970932, 37.093500609534125 ], [ 127.443603065336973, 37.093724868935247 ], [ 127.443636176549958, 37.093808645420182 ], [ 127.443672556295624, 37.093900680532798 ], [ 127.444200573185569, 37.095081801444074 ], [ 127.445025651408656, 37.096908705770389 ], [ 127.445279868496144, 37.097448553399801 ], [ 127.445364162628934, 37.097596201103023 ], [ 127.445460434037216, 37.097707797132792 ], [ 127.445667848373219, 37.097813810132038 ], [ 127.445884460366258, 37.097836444878425 ], [ 127.446075104762926, 37.097804170460485 ], [ 127.446127664501986, 37.097795225141319 ], [ 127.446432420838732, 37.09774317051837 ], [ 127.449336381001018, 37.098826980534547 ], [ 127.452522033212503, 37.100944707634667 ], [ 127.452163785075967, 37.101308515004831 ], [ 127.45202996911668, 37.101444233949486 ], [ 127.451721784069363, 37.101756796018499 ], [ 127.450122401741567, 37.102699252393329 ], [ 127.449644690208231, 37.102863560961822 ], [ 127.449206409831802, 37.102979432786086 ], [ 127.44889970498393, 37.103022118803366 ], [ 127.448279980364049, 37.103074812573304 ], [ 127.447850206867358, 37.103089268928223 ], [ 127.446289413620548, 37.103050261581551 ], [ 127.445739365658838, 37.10305001116074 ], [ 127.445552066458262, 37.10305994016236 ], [ 127.445339129193798, 37.103071236236175 ], [ 127.444802388295827, 37.103141974990848 ], [ 127.444574965174567, 37.103186038839198 ], [ 127.444332459012557, 37.103233024809285 ], [ 127.444171747435959, 37.103281040390826 ], [ 127.444001095991538, 37.103332025769859 ], [ 127.443728801416825, 37.103436687767349 ], [ 127.441975283119177, 37.104315860809024 ], [ 127.44093526049528, 37.10483141423321 ], [ 127.440159144541283, 37.105172440518253 ], [ 127.439223311591348, 37.105551690582494 ], [ 127.437524863551445, 37.106060113964809 ], [ 127.437289866655917, 37.10612872370011 ], [ 127.436987353619159, 37.106182648925852 ], [ 127.436062246475856, 37.106313986446658 ], [ 127.435275051728468, 37.106404828810298 ], [ 127.433371448381322, 37.106582932971577 ], [ 127.433244592995834, 37.106599880556004 ], [ 127.432456186050132, 37.10670523451229 ], [ 127.43150246326239, 37.106852611501772 ], [ 127.430763519172345, 37.106966798711106 ], [ 127.430660005585011, 37.106983045029018 ], [ 127.430420199687376, 37.107020683337247 ], [ 127.429872105064319, 37.107165715466778 ], [ 127.429599632215826, 37.107269091849176 ], [ 127.429483678184923, 37.107313093686685 ], [ 127.429274321595344, 37.107398050131046 ], [ 127.429085372413624, 37.107492014646596 ], [ 127.428814399762118, 37.107649601898288 ], [ 127.428544097996308, 37.107846626333533 ], [ 127.428244939545849, 37.108065041561332 ], [ 127.42785331936669, 37.108497619248261 ], [ 127.427659021600263, 37.108761037332862 ], [ 127.427603065963254, 37.108922006914611 ], [ 127.427548983556235, 37.109077596095887 ], [ 127.427515574559195, 37.109453745310226 ], [ 127.427386700834717, 37.110293376364908 ], [ 127.427291466439229, 37.110597468135495 ], [ 127.427120197611799, 37.110946665525219 ], [ 127.426898961690284, 37.111310480020371 ], [ 127.4267207354482, 37.111517562726213 ], [ 127.426628419631157, 37.111624766289729 ], [ 127.426391982462491, 37.111812711242571 ], [ 127.425114336123031, 37.112707691227101 ], [ 127.425657003189727, 37.11311030560401 ], [ 127.423411559684865, 37.114445239616181 ], [ 127.420273971380709, 37.115732204891522 ], [ 127.420170956604764, 37.115726217720926 ], [ 127.419999694942632, 37.11571624971085 ], [ 127.418957168493279, 37.115654695497071 ], [ 127.417792258879274, 37.115643328817015 ], [ 127.416622955607693, 37.115656286079755 ], [ 127.415207452337057, 37.115696017617836 ], [ 127.414519806702188, 37.115978345958148 ], [ 127.413977128385881, 37.116206802740997 ], [ 127.412657558002806, 37.11787561487084 ], [ 127.412645263378081, 37.117907326949201 ], [ 127.4125234906966, 37.118221437760738 ], [ 127.41256645333749, 37.119428152461232 ], [ 127.413734683510356, 37.121573370535394 ], [ 127.414363858240733, 37.122190391761158 ], [ 127.415014453240175, 37.122828401082259 ], [ 127.41746815422934, 37.123802545665399 ], [ 127.420909808706398, 37.126066339240154 ], [ 127.421408410454433, 37.127675711623631 ], [ 127.424184234829781, 37.131134476705832 ], [ 127.425609113039073, 37.1339748154533 ], [ 127.426149999753903, 37.136425940255798 ], [ 127.426439923475073, 37.138610941664503 ], [ 127.425618709920712, 37.140744544581949 ], [ 127.42586277605902, 37.143041067869149 ], [ 127.427288093362264, 37.145920746160911 ], [ 127.429204922587203, 37.146808797031618 ], [ 127.429543936681682, 37.147008424778058 ], [ 127.429822666464773, 37.147736523114382 ], [ 127.429986471420875, 37.147966457815912 ], [ 127.43026289535274, 37.148145778048097 ], [ 127.430613281335326, 37.148264295088218 ], [ 127.432531418913797, 37.148753296134629 ], [ 127.432693969477157, 37.14879282568274 ], [ 127.432997982947427, 37.148737574111621 ], [ 127.433192462771785, 37.148570006218733 ], [ 127.433566346384637, 37.148378664578267 ], [ 127.433853578540791, 37.148287556425807 ], [ 127.438838867407867, 37.147999525693642 ], [ 127.43911400143466, 37.148058259664467 ], [ 127.439702278485498, 37.148187012784426 ], [ 127.440204076814425, 37.148512346181228 ], [ 127.440651932971591, 37.148802711394012 ], [ 127.440924079272961, 37.148929487868678 ], [ 127.441441324106037, 37.149170432737122 ], [ 127.441604555873525, 37.149239246554572 ], [ 127.441817092918242, 37.149258506254391 ], [ 127.444205042883823, 37.149390360331502 ], [ 127.4453796795014, 37.14942583749027 ], [ 127.445867438050783, 37.149413666734731 ], [ 127.446004561958574, 37.149352955538447 ], [ 127.446048809481425, 37.149317171280565 ], [ 127.446165991520857, 37.14922225093774 ], [ 127.446475973615748, 37.148790836420133 ], [ 127.446587937096425, 37.148700744906904 ], [ 127.446762517198806, 37.148650118562784 ], [ 127.447062388989494, 37.148579266031113 ], [ 127.447761962112338, 37.148596478046876 ], [ 127.448662106643198, 37.148643069135254 ], [ 127.448701013988398, 37.148641860049459 ], [ 127.449411672509783, 37.14861972914661 ], [ 127.449674211960271, 37.148599558954928 ], [ 127.450085368274884, 37.148398040033918 ], [ 127.450155793976833, 37.148329337276138 ], [ 127.450259314879233, 37.148226844206356 ], [ 127.450333390045998, 37.148076999719727 ] ] ] ] } },
{ "type": "Feature", "properties": { "OBJECTID": 1557, "adm_nm": "경기도 안성시 죽산면", "adm_cd": "3122040", "adm_cd2": "4155040000", "sgg": "41550", "sido": "41", "sidonm": "경기도", "sggnm": "안성시" }, "geometry": { "type": "MultiPolygon", "coordinates": [ [ [ [ 127.468036731521352, 37.052997906004798 ], [ 127.468532680483705, 37.051770890835776 ], [ 127.468585962911945, 37.051586842732497 ], [ 127.4685942518541, 37.051477149290811 ], [ 127.468602656121647, 37.051365915324389 ], [ 127.468574500171172, 37.051107319482327 ], [ 127.468513120119866, 37.050826868527338 ], [ 127.468458421053754, 37.05068735780057 ], [ 127.468432714761818, 37.050647323633896 ], [ 127.468302487976644, 37.050552073012909 ], [ 127.466729752634762, 37.049594048568252 ], [ 127.466133576749044, 37.04926794878844 ], [ 127.465885184236498, 37.049157943967082 ], [ 127.465659648403829, 37.049097196069447 ], [ 127.464975365457533, 37.048897461489716 ], [ 127.46448372289133, 37.048730838224849 ], [ 127.463596095160014, 37.048339924887308 ], [ 127.463110175701928, 37.048098699369746 ], [ 127.462881098381601, 37.047977552499006 ], [ 127.461274152774067, 37.047059413396966 ], [ 127.460578191409297, 37.046448901339843 ], [ 127.460338592506872, 37.04622614970242 ], [ 127.45771856487724, 37.043599776327881 ], [ 127.457188392744655, 37.04223171601322 ], [ 127.457157369288751, 37.042031952799 ], [ 127.457209411582298, 37.040585909496166 ], [ 127.457242267505222, 37.040525019373817 ], [ 127.45729254648414, 37.040437670232812 ], [ 127.457977392056449, 37.040093128713352 ], [ 127.458013107907149, 37.040068891805809 ], [ 127.458252312407097, 37.039906560733094 ], [ 127.459050038868128, 37.039323275537413 ], [ 127.459336032700918, 37.038966964655152 ], [ 127.45942863321639, 37.038746665320801 ], [ 127.459495802411681, 37.038449927985297 ], [ 127.45975082271616, 37.036479845320159 ], [ 127.459756027682957, 37.035544528227938 ], [ 127.459741241597712, 37.035474135365881 ], [ 127.45972593983403, 37.03544982200922 ], [ 127.458408207659744, 37.033418590632039 ], [ 127.458056965888076, 37.032969423843589 ], [ 127.457835234686996, 37.030212488845663 ], [ 127.457875013060658, 37.030197776175775 ], [ 127.457997966958985, 37.030152298928009 ], [ 127.45804235562774, 37.030124308745734 ], [ 127.458104312306091, 37.030057033758126 ], [ 127.458139064218685, 37.030002307982514 ], [ 127.45929503028664, 37.027185348660645 ], [ 127.459395770774179, 37.02608059413285 ], [ 127.459413901250358, 37.025374174144702 ], [ 127.458851176294019, 37.022556259705105 ], [ 127.458574167148214, 37.0218688878062 ], [ 127.458007296324098, 37.020583845868813 ], [ 127.457970976787294, 37.020530749026079 ], [ 127.457869283749204, 37.020469950517501 ], [ 127.457636576377269, 37.02045651555008 ], [ 127.456815648990897, 37.020556302016708 ], [ 127.455899241425683, 37.02092571936646 ], [ 127.455096319666211, 37.021312442389778 ], [ 127.454774860977608, 37.021417660755617 ], [ 127.45459608913761, 37.021447020891685 ], [ 127.454391634828767, 37.021451370364204 ], [ 127.45427837506648, 37.021430309717609 ], [ 127.454241180067982, 37.021408488655446 ], [ 127.454175133348215, 37.021369739126534 ], [ 127.450948236800556, 37.019261064179666 ], [ 127.449593149730134, 37.018209523654562 ], [ 127.449516704129493, 37.018141675821148 ], [ 127.449340909627367, 37.017912868590649 ], [ 127.448370578681875, 37.016533471301472 ], [ 127.448331075147522, 37.016452252361773 ], [ 127.448315429547264, 37.016282683712021 ], [ 127.447640421522053, 37.012582171280989 ], [ 127.446704275435962, 37.011031564414779 ], [ 127.444674785619156, 37.011770589982603 ], [ 127.443998437668668, 37.011914772875222 ], [ 127.441111327359991, 37.011618552872612 ], [ 127.439752606353863, 37.010856261355173 ], [ 127.438380617190163, 37.009918616072149 ], [ 127.437799833296509, 37.009186978244969 ], [ 127.437054228936859, 37.007989752075517 ], [ 127.437028686934582, 37.007948730145124 ], [ 127.434463951308771, 37.005256378359356 ], [ 127.42976359678859, 37.00189216500366 ], [ 127.429734576377101, 37.001878225048486 ], [ 127.426716376797543, 37.002789065356161 ], [ 127.424770439352073, 37.003677417341969 ], [ 127.422349352900852, 37.00476296757855 ], [ 127.422202877190031, 37.004773149002631 ], [ 127.422013896700093, 37.004746674032823 ], [ 127.421806028080354, 37.004659837480865 ], [ 127.420334890982204, 37.003716655693026 ], [ 127.419451984530042, 37.003125805382837 ], [ 127.419228704554371, 37.002888520249662 ], [ 127.419084397132991, 37.002670305377045 ], [ 127.419065367722837, 37.002620505743621 ], [ 127.419018919656395, 37.002498910057184 ], [ 127.417984398245679, 37.001419694198823 ], [ 127.41623107740493, 37.000288023818712 ], [ 127.415239705158655, 36.999732121482758 ], [ 127.415087271959308, 36.999660950001669 ], [ 127.414769440675613, 36.999604680418436 ], [ 127.414514353542728, 36.999573300753198 ], [ 127.414366735680161, 36.999566629141739 ], [ 127.414205871289852, 36.999592302356575 ], [ 127.414117192322394, 36.999624783015499 ], [ 127.414067518300811, 36.999642981448368 ], [ 127.41385777249495, 36.999726171404824 ], [ 127.41376862150851, 36.999780264450699 ], [ 127.413742887503687, 36.999825215124545 ], [ 127.41371102289132, 36.999880865066679 ], [ 127.413630982103626, 36.999963616084656 ], [ 127.413539088580805, 37.000049285398816 ], [ 127.413431978659347, 37.000089103381271 ], [ 127.412601010002106, 37.00024975442026 ], [ 127.412332955983231, 37.00030087587669 ], [ 127.412176421307635, 37.000297841290887 ], [ 127.412028740446985, 37.00028042964211 ], [ 127.411970507964369, 37.000262685742371 ], [ 127.409689527498742, 36.99939925339055 ], [ 127.409559420165522, 36.999320812643688 ], [ 127.408653197753381, 36.998565907646864 ], [ 127.408484422454023, 36.998402255905553 ], [ 127.40842842536037, 36.998347962984703 ], [ 127.40829821790804, 36.998251580249139 ], [ 127.408145802023995, 36.998180393544807 ], [ 127.407810274816015, 36.998160037563629 ], [ 127.407644769304, 36.998153436547703 ], [ 127.407550877591575, 36.998157338821734 ], [ 127.406330296863189, 36.998211702561981 ], [ 127.406115691936236, 36.998223190478377 ], [ 127.402456821053448, 36.998659097714786 ], [ 127.401956549440399, 36.998775524264921 ], [ 127.398720751044777, 36.998537852727495 ], [ 127.39808548505215, 36.99833975600307 ], [ 127.397932434609061, 36.998303839020657 ], [ 127.397162615835853, 36.998184484306137 ], [ 127.396965780502697, 36.998170807295622 ], [ 127.396742323173243, 36.998200227321853 ], [ 127.395533974888892, 36.998378186663032 ], [ 127.395433261961657, 36.998437566166707 ], [ 127.395357946933999, 36.998584993864107 ], [ 127.39504231602244, 36.999811786010717 ], [ 127.395042497763242, 36.999839009737357 ], [ 127.395043475493054, 36.999961705950014 ], [ 127.395191254338911, 37.002837437599887 ], [ 127.395196098305163, 37.002894908812117 ], [ 127.395547638060407, 37.004205690021578 ], [ 127.396295659049272, 37.005841335996308 ], [ 127.39713762987725, 37.007146409558118 ], [ 127.397988768763568, 37.008913338186446 ], [ 127.397527074885687, 37.010587367294022 ], [ 127.397500985431336, 37.01066284044591 ], [ 127.397442581757275, 37.010728144462064 ], [ 127.395299806445948, 37.012809728509588 ], [ 127.395045942601769, 37.012989792403907 ], [ 127.394974350352186, 37.013029951350553 ], [ 127.394787202199041, 37.013134920604635 ], [ 127.394523618266689, 37.013221450297962 ], [ 127.394170703645528, 37.013387902628047 ], [ 127.393911971195379, 37.013525141311717 ], [ 127.393800799151407, 37.013621306714427 ], [ 127.393729794299787, 37.013682730411325 ], [ 127.393600342469554, 37.013812196492829 ], [ 127.393462995950259, 37.014056588995885 ], [ 127.390972768124328, 37.0217045261547 ], [ 127.39120091423284, 37.023298800774427 ], [ 127.391285534873759, 37.023346789806453 ], [ 127.391465594195608, 37.0234489073679 ], [ 127.391506261407571, 37.023509791683495 ], [ 127.392052417487207, 37.024368910281105 ], [ 127.392106385950925, 37.024461356839218 ], [ 127.392380374281174, 37.025492626178206 ], [ 127.392807217723188, 37.027763510689155 ], [ 127.392813438312899, 37.027841265361879 ], [ 127.392804939516552, 37.027888583195463 ], [ 127.391899234939785, 37.028829764520324 ], [ 127.390007801171947, 37.031080490885351 ], [ 127.390716812742014, 37.032609095446283 ], [ 127.392055694088171, 37.035456600380471 ], [ 127.392999708869979, 37.036812991352619 ], [ 127.393533612492817, 37.037970691166016 ], [ 127.393559508566213, 37.038047336523533 ], [ 127.393550903690951, 37.038170149560159 ], [ 127.393538126111338, 37.038261408564694 ], [ 127.393490947186891, 37.038323339998357 ], [ 127.392141141294132, 37.03914355481195 ], [ 127.391710257741778, 37.039346896020987 ], [ 127.391460445739668, 37.039416745440846 ], [ 127.390946491906021, 37.039558250431313 ], [ 127.390877447075638, 37.039571266795861 ], [ 127.389177931149632, 37.040263112573989 ], [ 127.387810144860097, 37.04082184448098 ], [ 127.38446553265122, 37.042995731021783 ], [ 127.384400951779924, 37.043050748557249 ], [ 127.382784398064899, 37.045417183691825 ], [ 127.381354882861288, 37.048549642234427 ], [ 127.381334891071958, 37.048659161020694 ], [ 127.38133483493921, 37.04869521836568 ], [ 127.38150292870418, 37.049984438321161 ], [ 127.381526709788787, 37.050059957237693 ], [ 127.381591902661256, 37.050177208846193 ], [ 127.381689442272943, 37.050278717569178 ], [ 127.381753967265681, 37.050370052168908 ], [ 127.381812058373285, 37.05053462189688 ], [ 127.381828779481808, 37.050630415994519 ], [ 127.38186521846437, 37.051609635684471 ], [ 127.381868522077824, 37.051749361333279 ], [ 127.381820520679199, 37.051873260778692 ], [ 127.38177962766936, 37.051953222352203 ], [ 127.381024961178483, 37.053138981020965 ], [ 127.380553204018426, 37.053624749659768 ], [ 127.380432144549459, 37.053746853182524 ], [ 127.380330115049304, 37.053809850704901 ], [ 127.380121222791175, 37.053890768889225 ], [ 127.38002623989523, 37.05394250534092 ], [ 127.379940340254862, 37.054032561862272 ], [ 127.379877644602132, 37.054121515024171 ], [ 127.378068509867916, 37.057057217297682 ], [ 127.378017756050227, 37.057145054908794 ], [ 127.378005712123226, 37.057207016091304 ], [ 127.377946560459065, 37.058148953388539 ], [ 127.378042468847326, 37.060151360972654 ], [ 127.378071185210445, 37.060221251567903 ], [ 127.378137131040077, 37.060305828695725 ], [ 127.37815703911113, 37.060327330298698 ], [ 127.378231169637957, 37.060407336498351 ], [ 127.378317509540409, 37.060484046915214 ], [ 127.378516940005909, 37.060621719874547 ], [ 127.378546709408383, 37.060638219540884 ], [ 127.378578052149663, 37.060655586185987 ], [ 127.378974198519899, 37.060871208168933 ], [ 127.379936846061909, 37.062941023784326 ], [ 127.380040693245647, 37.065751296393621 ], [ 127.380137379774439, 37.070430953319317 ], [ 127.38100247545421, 37.074284316875378 ], [ 127.384884346298804, 37.074875925989694 ], [ 127.390311321097045, 37.074124272313057 ], [ 127.397278349378098, 37.07373388078129 ], [ 127.398860901819475, 37.073850173248665 ], [ 127.399880315720296, 37.073929913346667 ], [ 127.399955531108347, 37.073948005437984 ], [ 127.400011656156934, 37.07404270305306 ], [ 127.400395066259549, 37.075494329894084 ], [ 127.400098604228674, 37.076368468668825 ], [ 127.400049494576336, 37.07647742201663 ], [ 127.399941555825094, 37.076553129633112 ], [ 127.40053662980489, 37.079083270181968 ], [ 127.400928706745916, 37.080386165344251 ], [ 127.4013896687444, 37.080851903884401 ], [ 127.402390245070791, 37.081764311899008 ], [ 127.402524464528625, 37.081838790272457 ], [ 127.405148896468745, 37.082866294881605 ], [ 127.405288813418949, 37.082877674571435 ], [ 127.405471671760196, 37.082856411491015 ], [ 127.405637422085263, 37.082803764753372 ], [ 127.405825525807415, 37.082744014237662 ], [ 127.407168468117078, 37.082262672666964 ], [ 127.407822922140198, 37.0819004926852 ], [ 127.408119898174036, 37.081710295990007 ], [ 127.408367252840222, 37.081499214643038 ], [ 127.408483084683311, 37.081426626263401 ], [ 127.409403113095223, 37.081207608973571 ], [ 127.409923258424712, 37.081386037631873 ], [ 127.411287779486642, 37.082909356294451 ], [ 127.414837960046768, 37.087587066104177 ], [ 127.416076432746777, 37.089414402329901 ], [ 127.416585367850232, 37.091539880093478 ], [ 127.416581595011024, 37.091599317652545 ], [ 127.416566884947045, 37.091720152843003 ], [ 127.416403505635685, 37.092564000387661 ], [ 127.416358299488522, 37.09274200066104 ], [ 127.416301891264894, 37.092873794792311 ], [ 127.416207492625148, 37.093016829913765 ], [ 127.416120094088271, 37.093092353812672 ], [ 127.416281850146603, 37.095737948427917 ], [ 127.417343859526497, 37.096391223679554 ], [ 127.419839628822388, 37.097373239916948 ], [ 127.421063270996783, 37.097525049021073 ], [ 127.421630128242015, 37.097315789824044 ], [ 127.421718330477177, 37.097283224503556 ], [ 127.422540808502276, 37.097698421425434 ], [ 127.423755029934256, 37.098840641268467 ], [ 127.424176880158626, 37.099699522478844 ], [ 127.422773244345152, 37.102911077384213 ], [ 127.422001600452987, 37.104339287188225 ], [ 127.421103223507302, 37.105790231477279 ], [ 127.421072935604073, 37.106510031087055 ], [ 127.422970679648685, 37.108087829713241 ], [ 127.424591357586706, 37.109435196579412 ], [ 127.424200668767625, 37.11041975538852 ], [ 127.423408317235271, 37.11095916336167 ], [ 127.423148984384014, 37.111135711080131 ], [ 127.423068122787228, 37.111190942186184 ], [ 127.425114336123031, 37.112707691227101 ], [ 127.426391982462491, 37.111812711242571 ], [ 127.426628419631157, 37.111624766289729 ], [ 127.4267207354482, 37.111517562726213 ], [ 127.426898961690284, 37.111310480020371 ], [ 127.427120197611799, 37.110946665525219 ], [ 127.427291466439229, 37.110597468135495 ], [ 127.427386700834717, 37.110293376364908 ], [ 127.427515574559195, 37.109453745310226 ], [ 127.427548983556235, 37.109077596095887 ], [ 127.427603065963254, 37.108922006914611 ], [ 127.427659021600263, 37.108761037332862 ], [ 127.42785331936669, 37.108497619248261 ], [ 127.428244939545849, 37.108065041561332 ], [ 127.428544097996308, 37.107846626333533 ], [ 127.428814399762118, 37.107649601898288 ], [ 127.429085372413624, 37.107492014646596 ], [ 127.429274321595344, 37.107398050131046 ], [ 127.429483678184923, 37.107313093686685 ], [ 127.429599632215826, 37.107269091849176 ], [ 127.429872105064319, 37.107165715466778 ], [ 127.430420199687376, 37.107020683337247 ], [ 127.430660005585011, 37.106983045029018 ], [ 127.430763519172345, 37.106966798711106 ], [ 127.43150246326239, 37.106852611501772 ], [ 127.432456186050132, 37.10670523451229 ], [ 127.433244592995834, 37.106599880556004 ], [ 127.433371448381322, 37.106582932971577 ], [ 127.435275051728468, 37.106404828810298 ], [ 127.436062246475856, 37.106313986446658 ], [ 127.436987353619159, 37.106182648925852 ], [ 127.437289866655917, 37.10612872370011 ], [ 127.437524863551445, 37.106060113964809 ], [ 127.439223311591348, 37.105551690582494 ], [ 127.440159144541283, 37.105172440518253 ], [ 127.44093526049528, 37.10483141423321 ], [ 127.441975283119177, 37.104315860809024 ], [ 127.443728801416825, 37.103436687767349 ], [ 127.444001095991538, 37.103332025769859 ], [ 127.444171747435959, 37.103281040390826 ], [ 127.444332459012557, 37.103233024809285 ], [ 127.444574965174567, 37.103186038839198 ], [ 127.444802388295827, 37.103141974990848 ], [ 127.445339129193798, 37.103071236236175 ], [ 127.445552066458262, 37.10305994016236 ], [ 127.445739365658838, 37.10305001116074 ], [ 127.446289413620548, 37.103050261581551 ], [ 127.447850206867358, 37.103089268928223 ], [ 127.448279980364049, 37.103074812573304 ], [ 127.44889970498393, 37.103022118803366 ], [ 127.449206409831802, 37.102979432786086 ], [ 127.449644690208231, 37.102863560961822 ], [ 127.450122401741567, 37.102699252393329 ], [ 127.451721784069363, 37.101756796018499 ], [ 127.45202996911668, 37.101444233949486 ], [ 127.452163785075967, 37.101308515004831 ], [ 127.452522033212503, 37.100944707634667 ], [ 127.449336381001018, 37.098826980534547 ], [ 127.446432420838732, 37.09774317051837 ], [ 127.446127664501986, 37.097795225141319 ], [ 127.446075104762926, 37.097804170460485 ], [ 127.445884460366258, 37.097836444878425 ], [ 127.445667848373219, 37.097813810132038 ], [ 127.445460434037216, 37.097707797132792 ], [ 127.445364162628934, 37.097596201103023 ], [ 127.445279868496144, 37.097448553399801 ], [ 127.445025651408656, 37.096908705770389 ], [ 127.444200573185569, 37.095081801444074 ], [ 127.443672556295624, 37.093900680532798 ], [ 127.443636176549958, 37.093808645420182 ], [ 127.443603065336973, 37.093724868935247 ], [ 127.443542038970932, 37.093500609534125 ], [ 127.443525973268819, 37.0933597536619 ], [ 127.443530789769284, 37.093116676704597 ], [ 127.443547891284311, 37.092255513915639 ], [ 127.443508082712839, 37.091872387705223 ], [ 127.443426115002595, 37.09145431098171 ], [ 127.443266193264591, 37.090882953975445 ], [ 127.443064112380156, 37.090265378224991 ], [ 127.442925820683584, 37.089921641895657 ], [ 127.442758255183918, 37.089603645092076 ], [ 127.442614017152749, 37.089329928515632 ], [ 127.442462292875675, 37.089092103033785 ], [ 127.442025272065436, 37.088560046904703 ], [ 127.441340901897206, 37.087784481082558 ], [ 127.441090739715946, 37.087564011661264 ], [ 127.440863730704052, 37.087363952602246 ], [ 127.440709130883818, 37.087218519898634 ], [ 127.439888494308605, 37.086271605686647 ], [ 127.437748194953684, 37.083273247088599 ], [ 127.437338719051581, 37.082682594681977 ], [ 127.436801434957346, 37.081877783065359 ], [ 127.436623779169281, 37.08158246981931 ], [ 127.436531799680239, 37.081410022068077 ], [ 127.436474282270936, 37.081237592703928 ], [ 127.436467177007898, 37.081109847187555 ], [ 127.43646520395005, 37.081074365827234 ], [ 127.436462482782161, 37.081025313030011 ], [ 127.436456798081053, 37.080914303326679 ], [ 127.436448672623513, 37.080755313673791 ], [ 127.436483809245189, 37.080687752248878 ], [ 127.436518427395313, 37.080621233490341 ], [ 127.436976595798228, 37.080105438569809 ], [ 127.43802272264584, 37.079476115149482 ], [ 127.438387464399199, 37.079274745268727 ], [ 127.440659070172671, 37.075657649476298 ], [ 127.440616390307397, 37.075409817429481 ], [ 127.440615397138643, 37.075383574462499 ], [ 127.440608797874177, 37.075204655058968 ], [ 127.440659629131247, 37.074933119781036 ], [ 127.440956373898757, 37.073993530033675 ], [ 127.441048412843685, 37.073782477662064 ], [ 127.442601207370402, 37.070875383306557 ], [ 127.446705683540898, 37.066085058256363 ], [ 127.446943433502724, 37.065911639016591 ], [ 127.44716592998742, 37.065810053094616 ], [ 127.447220976659125, 37.065791989447945 ], [ 127.454120270004125, 37.06211734478866 ], [ 127.456580942393217, 37.060642173501954 ], [ 127.458478674650095, 37.059990440251632 ], [ 127.459354030877748, 37.059747356280241 ], [ 127.459550161430897, 37.059741789356963 ], [ 127.461256860310598, 37.060040958969836 ], [ 127.463198218108559, 37.060630603664428 ], [ 127.463254458530386, 37.060656823071469 ], [ 127.463428093582223, 37.060678285778508 ], [ 127.463657969995197, 37.060672722463828 ], [ 127.46392443949739, 37.060611957023859 ], [ 127.465808024753898, 37.060013061437495 ], [ 127.466009110223197, 37.059944384898024 ], [ 127.466121002769896, 37.059890292115774 ], [ 127.466221472603053, 37.059809231385607 ], [ 127.46920922921386, 37.056177265039601 ], [ 127.469208560567481, 37.056106276907826 ], [ 127.468667491597017, 37.05393958685459 ], [ 127.46856140077746, 37.053772518424033 ], [ 127.468036731521352, 37.052997906004798 ] ] ] ] } },
{ "type": "Feature", "properties": { "OBJECTID": 1558, "adm_nm": "경기도 안성시 삼죽면", "adm_cd": "3122041", "adm_cd2": "4155041000", "sgg": "41550", "sido": "41", "sidonm": "경기도", "sggnm": "안성시" }, "geometry": { "type": "MultiPolygon", "coordinates": [ [ [ [ 127.416120094088271, 37.093092353812672 ], [ 127.416207492625148, 37.093016829913765 ], [ 127.416301891264894, 37.092873794792311 ], [ 127.416358299488522, 37.09274200066104 ], [ 127.416403505635685, 37.092564000387661 ], [ 127.416566884947045, 37.091720152843003 ], [ 127.416581595011024, 37.091599317652545 ], [ 127.416585367850232, 37.091539880093478 ], [ 127.416076432746777, 37.089414402329901 ], [ 127.414837960046768, 37.087587066104177 ], [ 127.411287779486642, 37.082909356294451 ], [ 127.409923258424712, 37.081386037631873 ], [ 127.409403113095223, 37.081207608973571 ], [ 127.408483084683311, 37.081426626263401 ], [ 127.408367252840222, 37.081499214643038 ], [ 127.408119898174036, 37.081710295990007 ], [ 127.407822922140198, 37.0819004926852 ], [ 127.407168468117078, 37.082262672666964 ], [ 127.405825525807415, 37.082744014237662 ], [ 127.405637422085263, 37.082803764753372 ], [ 127.405471671760196, 37.082856411491015 ], [ 127.405288813418949, 37.082877674571435 ], [ 127.405148896468745, 37.082866294881605 ], [ 127.402524464528625, 37.081838790272457 ], [ 127.402390245070791, 37.081764311899008 ], [ 127.4013896687444, 37.080851903884401 ], [ 127.400928706745916, 37.080386165344251 ], [ 127.40053662980489, 37.079083270181968 ], [ 127.399941555825094, 37.076553129633112 ], [ 127.400049494576336, 37.07647742201663 ], [ 127.400098604228674, 37.076368468668825 ], [ 127.400395066259549, 37.075494329894084 ], [ 127.400011656156934, 37.07404270305306 ], [ 127.399955531108347, 37.073948005437984 ], [ 127.399880315720296, 37.073929913346667 ], [ 127.398860901819475, 37.073850173248665 ], [ 127.397278349378098, 37.07373388078129 ], [ 127.390311321097045, 37.074124272313057 ], [ 127.384884346298804, 37.074875925989694 ], [ 127.38100247545421, 37.074284316875378 ], [ 127.380137379774439, 37.070430953319317 ], [ 127.380040693245647, 37.065751296393621 ], [ 127.379936846061909, 37.062941023784326 ], [ 127.378974198519899, 37.060871208168933 ], [ 127.378578052149663, 37.060655586185987 ], [ 127.378546709408383, 37.060638219540884 ], [ 127.378516940005909, 37.060621719874547 ], [ 127.378317509540409, 37.060484046915214 ], [ 127.378231169637957, 37.060407336498351 ], [ 127.37815703911113, 37.060327330298698 ], [ 127.378137131040077, 37.060305828695725 ], [ 127.378071185210445, 37.060221251567903 ], [ 127.378042468847326, 37.060151360972654 ], [ 127.377946560459065, 37.058148953388539 ], [ 127.378005712123226, 37.057207016091304 ], [ 127.378017756050227, 37.057145054908794 ], [ 127.378068509867916, 37.057057217297682 ], [ 127.379877644602132, 37.054121515024171 ], [ 127.379940340254862, 37.054032561862272 ], [ 127.38002623989523, 37.05394250534092 ], [ 127.380121222791175, 37.053890768889225 ], [ 127.380330115049304, 37.053809850704901 ], [ 127.380432144549459, 37.053746853182524 ], [ 127.380553204018426, 37.053624749659768 ], [ 127.381024961178483, 37.053138981020965 ], [ 127.38177962766936, 37.051953222352203 ], [ 127.381820520679199, 37.051873260778692 ], [ 127.381868522077824, 37.051749361333279 ], [ 127.38186521846437, 37.051609635684471 ], [ 127.381828779481808, 37.050630415994519 ], [ 127.381812058373285, 37.05053462189688 ], [ 127.381753967265681, 37.050370052168908 ], [ 127.381689442272943, 37.050278717569178 ], [ 127.381591902661256, 37.050177208846193 ], [ 127.381526709788787, 37.050059957237693 ], [ 127.38150292870418, 37.049984438321161 ], [ 127.38133483493921, 37.04869521836568 ], [ 127.381334891071958, 37.048659161020694 ], [ 127.381354882861288, 37.048549642234427 ], [ 127.382784398064899, 37.045417183691825 ], [ 127.384400951779924, 37.043050748557249 ], [ 127.38446553265122, 37.042995731021783 ], [ 127.387810144860097, 37.04082184448098 ], [ 127.389177931149632, 37.040263112573989 ], [ 127.390877447075638, 37.039571266795861 ], [ 127.390946491906021, 37.039558250431313 ], [ 127.391460445739668, 37.039416745440846 ], [ 127.391710257741778, 37.039346896020987 ], [ 127.392141141294132, 37.03914355481195 ], [ 127.393490947186891, 37.038323339998357 ], [ 127.393538126111338, 37.038261408564694 ], [ 127.393550903690951, 37.038170149560159 ], [ 127.393559508566213, 37.038047336523533 ], [ 127.393533612492817, 37.037970691166016 ], [ 127.392999708869979, 37.036812991352619 ], [ 127.392055694088171, 37.035456600380471 ], [ 127.390716812742014, 37.032609095446283 ], [ 127.390007801171947, 37.031080490885351 ], [ 127.3870472318211, 37.031102501950947 ], [ 127.383216367970263, 37.030856532194342 ], [ 127.38058167938955, 37.030530519187458 ], [ 127.378186232881021, 37.030328415854072 ], [ 127.374430855435477, 37.030070070544959 ], [ 127.374281185427606, 37.030068785273713 ], [ 127.374196848934261, 37.030075456676627 ], [ 127.372038035941827, 37.030961064483051 ], [ 127.369572963657845, 37.031326843241096 ], [ 127.367475030758641, 37.032343109741326 ], [ 127.367326455766573, 37.032393700948916 ], [ 127.366804282316266, 37.032508031198752 ], [ 127.365657715560573, 37.032735478370427 ], [ 127.3654110331791, 37.032750973984129 ], [ 127.365307755264851, 37.032733954848517 ], [ 127.365255578950013, 37.032706944439042 ], [ 127.364171814082198, 37.031732064524533 ], [ 127.361894165535247, 37.029460066384495 ], [ 127.361457913780228, 37.02900207817757 ], [ 127.361357175395852, 37.028754065114462 ], [ 127.361265684903856, 37.028447469304375 ], [ 127.361206265860943, 37.028273873021305 ], [ 127.361020862595495, 37.027924321772382 ], [ 127.357694594507862, 37.026232157255777 ], [ 127.354566629726477, 37.024784945976961 ], [ 127.352406919440156, 37.023653525345125 ], [ 127.352326281170605, 37.023587656070369 ], [ 127.351244790957537, 37.022538797609762 ], [ 127.350905251237648, 37.022187956140101 ], [ 127.350359311958002, 37.022259366064162 ], [ 127.350233367752708, 37.02228664698282 ], [ 127.350069699756816, 37.022322101234813 ], [ 127.349835590028803, 37.022386031838401 ], [ 127.34979852907685, 37.02240587067481 ], [ 127.349690693081911, 37.02246359839166 ], [ 127.34964602359706, 37.022505526312464 ], [ 127.349613967635079, 37.02253561538096 ], [ 127.349532988268081, 37.022659351476776 ], [ 127.349492258653612, 37.022781248251768 ], [ 127.34946223279411, 37.022871208899261 ], [ 127.349416963340801, 37.023023270133635 ], [ 127.349409260784128, 37.023365806118406 ], [ 127.349393698684793, 37.02376579610835 ], [ 127.34938732465676, 37.023816822958871 ], [ 127.34937087476915, 37.023948312037803 ], [ 127.349314287456778, 37.024138669971826 ], [ 127.349265941228452, 37.024231429687752 ], [ 127.349237400659902, 37.024286182859313 ], [ 127.349189487489085, 37.024355987061504 ], [ 127.347590966363427, 37.026097096547311 ], [ 127.347524813679314, 37.026147718362438 ], [ 127.3467151435365, 37.026592887109551 ], [ 127.342747187187612, 37.028597901672484 ], [ 127.341277289792629, 37.029202161490304 ], [ 127.339105586073345, 37.029702915012912 ], [ 127.339061994481526, 37.029714123868246 ], [ 127.338491776306796, 37.029863213116464 ], [ 127.336541997585286, 37.030408165641987 ], [ 127.33633871315628, 37.03049915597331 ], [ 127.336210369384148, 37.030556617693883 ], [ 127.336020081700752, 37.030641820158728 ], [ 127.336114322856801, 37.03093041027757 ], [ 127.336203407947423, 37.031133356656483 ], [ 127.336254887793643, 37.031250614542571 ], [ 127.336278699405028, 37.031288336487464 ], [ 127.336422970509133, 37.031516770332566 ], [ 127.336624562589847, 37.03351148645428 ], [ 127.335586982488266, 37.034981639786807 ], [ 127.33406471244912, 37.038256241897848 ], [ 127.334657975535137, 37.039177666143587 ], [ 127.334719678043925, 37.039246482094647 ], [ 127.335712337459427, 37.040078308520862 ], [ 127.335751636131022, 37.04010540600332 ], [ 127.337265050233569, 37.043598300693887 ], [ 127.338551245870505, 37.046915085396179 ], [ 127.338781121555925, 37.047564431036243 ], [ 127.338797124705195, 37.04763882114711 ], [ 127.339149872840238, 37.050017960346111 ], [ 127.339158681467723, 37.050171216130309 ], [ 127.339144516552025, 37.050221902608122 ], [ 127.338930406548101, 37.050760219114075 ], [ 127.338916274709064, 37.050795130504795 ], [ 127.338876139407475, 37.050825499410003 ], [ 127.338762202634953, 37.050856894816803 ], [ 127.338461195926996, 37.050934234052328 ], [ 127.33816520307812, 37.050969888029471 ], [ 127.336955610919631, 37.051574446341263 ], [ 127.335766685490057, 37.052370575572965 ], [ 127.334339935192901, 37.053905536605328 ], [ 127.334216893884872, 37.054887927406696 ], [ 127.33647179619355, 37.058555383489534 ], [ 127.337905995918064, 37.060804173295956 ], [ 127.338721608031136, 37.061738267751757 ], [ 127.338888939302706, 37.062063010851233 ], [ 127.338932992891458, 37.062198519925879 ], [ 127.338955270979753, 37.062303333588886 ], [ 127.338973288463947, 37.062401162572186 ], [ 127.338968915610636, 37.062474398025543 ], [ 127.338033397963528, 37.066022513674042 ], [ 127.338129165750132, 37.069920209411684 ], [ 127.338142825029962, 37.070109528628237 ], [ 127.338251298106513, 37.071006600676611 ], [ 127.338476490553205, 37.071589488959866 ], [ 127.339083438209983, 37.072533481189708 ], [ 127.339925347751716, 37.07435768757928 ], [ 127.340226334248968, 37.075336145609811 ], [ 127.340333439361601, 37.075897430318832 ], [ 127.339764249177449, 37.079741262339176 ], [ 127.339288326745006, 37.08201447478524 ], [ 127.341744025241184, 37.087693399923033 ], [ 127.342714403694131, 37.089800710009527 ], [ 127.34280122099652, 37.089986615812201 ], [ 127.342952424631974, 37.090310275660975 ], [ 127.343097535146157, 37.090533571232413 ], [ 127.343769887073734, 37.091211706391015 ], [ 127.345400301202929, 37.092831856823011 ], [ 127.346434910341358, 37.093843927066359 ], [ 127.348904213923475, 37.096315883858061 ], [ 127.349935992543323, 37.09738425865158 ], [ 127.350761516597188, 37.098261118125336 ], [ 127.352317680932785, 37.100179419104961 ], [ 127.352383565843169, 37.100147599641872 ], [ 127.352431730824222, 37.100124347788913 ], [ 127.35280474009231, 37.100006499106414 ], [ 127.352946872446367, 37.099978506758745 ], [ 127.353127648821868, 37.099968588845876 ], [ 127.353351305058027, 37.099974500468079 ], [ 127.353451153355891, 37.099989271192875 ], [ 127.354422032313721, 37.100596114168582 ], [ 127.354545769256589, 37.100995710772359 ], [ 127.354746761545982, 37.10182188938758 ], [ 127.354869825631852, 37.102570224159408 ], [ 127.354989913701118, 37.103410950380294 ], [ 127.355021221224646, 37.103589021281202 ], [ 127.355070192281715, 37.103728801334817 ], [ 127.355116452489213, 37.103796420674946 ], [ 127.355185263035807, 37.103878804957986 ], [ 127.358223271363968, 37.107247049305037 ], [ 127.358268124265408, 37.107288568516751 ], [ 127.358311073771418, 37.107318141544049 ], [ 127.358956397795268, 37.107544266476332 ], [ 127.359003409059014, 37.107557123535393 ], [ 127.359040923272673, 37.10756585337581 ], [ 127.35908718490731, 37.107571465652434 ], [ 127.361215871751526, 37.107508621997177 ], [ 127.368992072368101, 37.10679745551051 ], [ 127.369262233784681, 37.106769583226409 ], [ 127.372996163285123, 37.105822637669533 ], [ 127.373268613995833, 37.105687714331843 ], [ 127.373395372041514, 37.105601087461018 ], [ 127.373871481405345, 37.105236517192459 ], [ 127.373927843439006, 37.105182492451171 ], [ 127.37398002230546, 37.105105925774865 ], [ 127.374034259376941, 37.104989339732477 ], [ 127.374047078841457, 37.104961769702626 ], [ 127.37409374771606, 37.104814209790788 ], [ 127.374212578527093, 37.104408735472674 ], [ 127.374218712558729, 37.10359238666998 ], [ 127.374198084115164, 37.102972030912525 ], [ 127.374209507594557, 37.102916596275065 ], [ 127.374224325462492, 37.102844731326023 ], [ 127.374270507819787, 37.102765833350013 ], [ 127.374355525005541, 37.102620640515816 ], [ 127.374685356837077, 37.102226615323303 ], [ 127.374940303512048, 37.10202969825805 ], [ 127.375823092104469, 37.101567517935074 ], [ 127.376391835893884, 37.101308951006921 ], [ 127.376945728851027, 37.101095439079813 ], [ 127.377018149164357, 37.101114669533686 ], [ 127.378703640666103, 37.10273334009073 ], [ 127.378723233119018, 37.102755137699852 ], [ 127.378811074589422, 37.102852888983911 ], [ 127.378883392334089, 37.102938598412415 ], [ 127.378956311854822, 37.103084027029134 ], [ 127.37901445715724, 37.103229442327326 ], [ 127.379094887293249, 37.103521361249754 ], [ 127.379119256122294, 37.103675755407103 ], [ 127.379126954809308, 37.103753185886575 ], [ 127.379134487245537, 37.103829012557178 ], [ 127.379138448018594, 37.103992401066428 ], [ 127.379131154487396, 37.104155777198415 ], [ 127.379103204810775, 37.104484768489023 ], [ 127.379072015268861, 37.104635725623623 ], [ 127.379037813779718, 37.104910626712332 ], [ 127.379044479341317, 37.10495904011163 ], [ 127.379052412317264, 37.105016559209865 ], [ 127.379090252805611, 37.105106739541633 ], [ 127.379154161449875, 37.105173284888302 ], [ 127.379200200272862, 37.105204418390208 ], [ 127.379260983483604, 37.105234240890105 ], [ 127.380790160092062, 37.105769513634655 ], [ 127.380830828864418, 37.105780065144891 ], [ 127.38171134842932, 37.10591503306587 ], [ 127.381750835954179, 37.105915992807518 ], [ 127.38190613350551, 37.105919734351097 ], [ 127.384138712779091, 37.105942228849663 ], [ 127.387467482935349, 37.108178709068511 ], [ 127.387530760206587, 37.108200177071872 ], [ 127.387640446312801, 37.108232958655435 ], [ 127.387703140011496, 37.108242676827039 ], [ 127.388706734869814, 37.108313964931739 ], [ 127.388946531718517, 37.108322528856149 ], [ 127.389026087757742, 37.108317645497301 ], [ 127.389195677877439, 37.108279493491928 ], [ 127.389276268973987, 37.108260152059003 ], [ 127.389340634872454, 37.108244697703256 ], [ 127.389629833477613, 37.108180741544508 ], [ 127.389788864247478, 37.108143705642654 ], [ 127.39023713396233, 37.108020175369333 ], [ 127.390446171847145, 37.107934733213561 ], [ 127.393074678929281, 37.106586120117264 ], [ 127.393230248411385, 37.106501750681872 ], [ 127.394082517876328, 37.105441086339539 ], [ 127.394075995222707, 37.105328402200485 ], [ 127.394035310669366, 37.10524723746375 ], [ 127.393875303619453, 37.104982299419518 ], [ 127.393851526077285, 37.104939722689899 ], [ 127.39372865351686, 37.104719628489171 ], [ 127.393719575100576, 37.104628224708982 ], [ 127.393718997968662, 37.104582152277331 ], [ 127.39381775698979, 37.104379419761017 ], [ 127.396727783684398, 37.09915145929908 ], [ 127.397912388110058, 37.096522202894292 ], [ 127.397953143426491, 37.096433587948127 ], [ 127.398038408684215, 37.096315349779417 ], [ 127.398794115902675, 37.095529500319927 ], [ 127.398859612642369, 37.095466457136823 ], [ 127.398986305053413, 37.095384325135946 ], [ 127.401973130149955, 37.093878050038903 ], [ 127.402251676280841, 37.093847856753847 ], [ 127.402366317287516, 37.093841190479644 ], [ 127.402447675991141, 37.09384053629087 ], [ 127.402493621711699, 37.09384016933577 ], [ 127.402677876304196, 37.093848207286179 ], [ 127.403776279065056, 37.093969670557108 ], [ 127.415536110947457, 37.09341298217953 ], [ 127.416120094088271, 37.093092353812672 ] ] ] ] } },
{ "type": "Feature", "properties": { "OBJECTID": 1559, "adm_nm": "경기도 안성시 고삼면", "adm_cd": "3122042", "adm_cd2": "4155042000", "sgg": "41550", "sido": "41", "sidonm": "경기도", "sggnm": "안성시" }, "geometry": { "type": "MultiPolygon", "coordinates": [ [ [ [ 127.304101270088353, 37.109091147023101 ], [ 127.303979599938671, 37.108886606433593 ], [ 127.303959236638818, 37.108852818910677 ], [ 127.303889045088482, 37.108736986917542 ], [ 127.303783166705756, 37.108602724789478 ], [ 127.303621737708937, 37.108462736668763 ], [ 127.303418118003748, 37.108317044478724 ], [ 127.301628896818784, 37.10711742282394 ], [ 127.301514040100813, 37.107044801102901 ], [ 127.301326923671596, 37.106926491175884 ], [ 127.300203492773392, 37.106418678620244 ], [ 127.300045602252169, 37.106336896585567 ], [ 127.299978705700923, 37.106302241141698 ], [ 127.299493363978485, 37.106027613505127 ], [ 127.299275702437797, 37.105877383288117 ], [ 127.297988500467866, 37.104802501111706 ], [ 127.297086000718707, 37.103763193994574 ], [ 127.296747498729601, 37.103298380048088 ], [ 127.296192355991465, 37.102838826861273 ], [ 127.296125632083815, 37.102787745548959 ], [ 127.295974046415239, 37.102671687675986 ], [ 127.295920044430872, 37.102602148907067 ], [ 127.295868902455538, 37.102536292853515 ], [ 127.295862212973702, 37.102472143089763 ], [ 127.296111459601008, 37.101789653491878 ], [ 127.296479190165641, 37.100510291825977 ], [ 127.296546586180554, 37.099785855554487 ], [ 127.298944790270994, 37.098203029879961 ], [ 127.29902113514342, 37.098141543188476 ], [ 127.299048685806738, 37.098085299399003 ], [ 127.299587539225072, 37.096181946578454 ], [ 127.299696291422379, 37.09521084375428 ], [ 127.299667682032833, 37.095099185247548 ], [ 127.299505638385085, 37.09496488182161 ], [ 127.299369954764856, 37.094869210157285 ], [ 127.299266956739871, 37.094796588169437 ], [ 127.298768375377975, 37.094506159744505 ], [ 127.298529607312673, 37.094371667066255 ], [ 127.298356484754933, 37.094234635348691 ], [ 127.29831134297271, 37.094198898127267 ], [ 127.298275704995305, 37.094105152192768 ], [ 127.29819819716586, 37.093901234694854 ], [ 127.2980349006789, 37.093375965517637 ], [ 127.298034447708702, 37.093324042538562 ], [ 127.298285252893393, 37.092630370406134 ], [ 127.298320479859512, 37.092587671114011 ], [ 127.300473297662961, 37.090979952495921 ], [ 127.301900098649185, 37.089951336493243 ], [ 127.302035075289297, 37.088620828951974 ], [ 127.302108877518577, 37.087010776143643 ], [ 127.302123039421446, 37.086696386101032 ], [ 127.301476959918858, 37.081507624909364 ], [ 127.30135564089916, 37.081110792975593 ], [ 127.300397121444576, 37.080066906217716 ], [ 127.299993351640978, 37.079322546826901 ], [ 127.299978514387959, 37.079252696184135 ], [ 127.299957922841855, 37.079155722640039 ], [ 127.300219692795693, 37.078228528917251 ], [ 127.300488260129114, 37.077487843585786 ], [ 127.300623179606447, 37.076983269821575 ], [ 127.300611275519714, 37.076697172059575 ], [ 127.300532444662338, 37.075377433595804 ], [ 127.300322613750737, 37.075242347401954 ], [ 127.300216592311116, 37.07517409287675 ], [ 127.29915639010261, 37.074708434594754 ], [ 127.298354518993264, 37.074447544252138 ], [ 127.295714590018235, 37.072770842331188 ], [ 127.295770531677789, 37.072618853847658 ], [ 127.295798651332404, 37.072096072642509 ], [ 127.295795810062813, 37.072039710321192 ], [ 127.295793310560384, 37.071990144471698 ], [ 127.295749414338019, 37.071910590671685 ], [ 127.295686262565638, 37.071796152584099 ], [ 127.295533020653821, 37.071519826343781 ], [ 127.295472105514548, 37.071427324696757 ], [ 127.295380255468586, 37.071330262503771 ], [ 127.295212604589679, 37.071187997866858 ], [ 127.295068663082048, 37.071114507133935 ], [ 127.29493170631639, 37.071062439080222 ], [ 127.290316130269872, 37.069710111291755 ], [ 127.290073031361032, 37.069649960623387 ], [ 127.289845232548132, 37.069650684939973 ], [ 127.289637500482016, 37.069655751444088 ], [ 127.289328430766474, 37.069663289654919 ], [ 127.288903014625731, 37.069685069094092 ], [ 127.285698407754211, 37.070125831053083 ], [ 127.285490036823163, 37.070270509910571 ], [ 127.285422371808437, 37.070330539081219 ], [ 127.28535822524573, 37.070387457432666 ], [ 127.28522430483595, 37.070685624570061 ], [ 127.285182758699079, 37.070778135258102 ], [ 127.285138047304656, 37.070927917085946 ], [ 127.285121225644133, 37.07096115841069 ], [ 127.285062037048817, 37.070983005510442 ], [ 127.28502384695561, 37.070962478338586 ], [ 127.28499598920078, 37.070940054343659 ], [ 127.283027459981568, 37.068924026152153 ], [ 127.282997086854095, 37.068892617929649 ], [ 127.282941230892845, 37.068834851210248 ], [ 127.282496380211796, 37.068049851981918 ], [ 127.282359271526587, 37.067786999270474 ], [ 127.282193572162896, 37.067447525454163 ], [ 127.28174432780969, 37.067216841140223 ], [ 127.281587756397997, 37.067167267216256 ], [ 127.281343770262424, 37.067153003290983 ], [ 127.280090184786587, 37.067165334147163 ], [ 127.279943181398053, 37.067189850876673 ], [ 127.278558229262742, 37.067891516350485 ], [ 127.27848775568404, 37.067939851094501 ], [ 127.277797573069535, 37.068449562368869 ], [ 127.277740793379181, 37.06853789084883 ], [ 127.277539264567579, 37.068935269333387 ], [ 127.277433751429271, 37.069191979118706 ], [ 127.277145392921554, 37.069706379895095 ], [ 127.276788209473665, 37.070196987878127 ], [ 127.275182868419449, 37.071930335192718 ], [ 127.270072253061443, 37.072331816983734 ], [ 127.2698852020186, 37.072340473053522 ], [ 127.26926164278153, 37.072351490490149 ], [ 127.267534967189448, 37.072338076213654 ], [ 127.267183308495817, 37.072298011136631 ], [ 127.26648731732287, 37.071852651797485 ], [ 127.265608576984533, 37.073142253819789 ], [ 127.2655027088894, 37.073272751879436 ], [ 127.26542206209362, 37.073319354982324 ], [ 127.265320989390929, 37.073310703245149 ], [ 127.264843752695683, 37.073091161348884 ], [ 127.264771306121318, 37.073043269865508 ], [ 127.264722329420835, 37.073010833032939 ], [ 127.264656055598621, 37.072853037883192 ], [ 127.263433888633983, 37.069738419588539 ], [ 127.263035906021059, 37.067704638271572 ], [ 127.263145477334461, 37.066621148203225 ], [ 127.263114058863053, 37.066324740113728 ], [ 127.263093329789641, 37.066262139421852 ], [ 127.263077840657772, 37.066215369301482 ], [ 127.263054744091775, 37.066183773091666 ], [ 127.26223345709856, 37.065775358189427 ], [ 127.261802712342856, 37.065703507243107 ], [ 127.260914529022955, 37.065564080038065 ], [ 127.251202680798158, 37.061274876831455 ], [ 127.250958455093652, 37.06114703719178 ], [ 127.249236774320138, 37.060077446042548 ], [ 127.247627773970805, 37.06217326269234 ], [ 127.246052667933498, 37.063971636313653 ], [ 127.244528767216309, 37.065572910721833 ], [ 127.243449116212687, 37.068017143591824 ], [ 127.243873858682051, 37.06882228132136 ], [ 127.243909478190346, 37.068891092265247 ], [ 127.243950623681883, 37.068992591963301 ], [ 127.243998770258059, 37.069310449944211 ], [ 127.244034993482231, 37.069618141074024 ], [ 127.244040262110957, 37.06972407045432 ], [ 127.244046459800799, 37.069971977038271 ], [ 127.244036385781214, 37.070040689324557 ], [ 127.24376665098049, 37.071220979903309 ], [ 127.242999028147096, 37.072426107986402 ], [ 127.242933371965961, 37.07250709436002 ], [ 127.240820669432225, 37.074331271364073 ], [ 127.237438689578624, 37.076974033954954 ], [ 127.237281615502198, 37.077054814716256 ], [ 127.237043923447189, 37.077063302274986 ], [ 127.235055586418341, 37.077026195250745 ], [ 127.234665535959891, 37.076990419108952 ], [ 127.233804521686139, 37.076866776251414 ], [ 127.23356642074306, 37.076789620208309 ], [ 127.233470754222793, 37.076739763599036 ], [ 127.233357973700848, 37.076680980353984 ], [ 127.233222247276842, 37.076636991922385 ], [ 127.233119873795559, 37.0766038234161 ], [ 127.2327853478767, 37.076555745230785 ], [ 127.232715030523877, 37.076556713577482 ], [ 127.232643901875221, 37.076564454289723 ], [ 127.232537769522793, 37.076576596131559 ], [ 127.23242591742698, 37.076593245639536 ], [ 127.227018580084518, 37.078215889476979 ], [ 127.22695858860618, 37.078276598695091 ], [ 127.226953443892072, 37.078341818705141 ], [ 127.227277190744701, 37.078845231474361 ], [ 127.227750773525543, 37.07957013019567 ], [ 127.228204610643729, 37.080237813144421 ], [ 127.228636903285832, 37.080874309685285 ], [ 127.228668175782744, 37.080957772323806 ], [ 127.22868844826786, 37.081011895356809 ], [ 127.229254196231395, 37.083869587035252 ], [ 127.22913356714183, 37.084141013535785 ], [ 127.228971936454428, 37.084339938155658 ], [ 127.228901499523033, 37.084372453911541 ], [ 127.228548133080068, 37.084762071847386 ], [ 127.228170719871571, 37.085595595485124 ], [ 127.228144752230051, 37.085667785349244 ], [ 127.228130228440961, 37.085708181063183 ], [ 127.228128546958061, 37.085744234293557 ], [ 127.228125659015035, 37.085806200787495 ], [ 127.228289877239803, 37.086294474533169 ], [ 127.228419993140577, 37.086663014510478 ], [ 127.228743436219204, 37.087092148882263 ], [ 127.22881203974282, 37.08718019489865 ], [ 127.230938592074779, 37.089578326589567 ], [ 127.231547146142574, 37.090035079355282 ], [ 127.231933334121806, 37.090282565187145 ], [ 127.232297516281548, 37.090512124796035 ], [ 127.232457297320224, 37.090605395393169 ], [ 127.232571325575606, 37.090644576178754 ], [ 127.232730376627146, 37.090641491286171 ], [ 127.232779507577902, 37.090640538318091 ], [ 127.233067381378291, 37.090574706421215 ], [ 127.233320927360381, 37.090469359226525 ], [ 127.233394583275526, 37.090411986778911 ], [ 127.233479589837216, 37.090345769757228 ], [ 127.233865812168872, 37.09007628125314 ], [ 127.234055987651288, 37.090023676945684 ], [ 127.234899957185831, 37.091219956667466 ], [ 127.236516094672993, 37.092029208204231 ], [ 127.236771187242496, 37.092088367402731 ], [ 127.237207919226435, 37.092099465312309 ], [ 127.238596858063033, 37.091982323485333 ], [ 127.239374965800252, 37.091815802856637 ], [ 127.239703809505784, 37.091697086088629 ], [ 127.240023941540073, 37.091634733532928 ], [ 127.240058498335841, 37.091628003513399 ], [ 127.240091436416321, 37.091627381607623 ], [ 127.240327168084164, 37.09162295819241 ], [ 127.240519102365027, 37.091639153267423 ], [ 127.240666571000204, 37.091703702476472 ], [ 127.240859551204011, 37.091829197246156 ], [ 127.24097588459955, 37.091950017182562 ], [ 127.244693531923119, 37.095901818563647 ], [ 127.246953178943897, 37.099355800481653 ], [ 127.249441500424069, 37.100855138210967 ], [ 127.24954673701852, 37.100902378867204 ], [ 127.249607957480976, 37.100929857396153 ], [ 127.253059443938071, 37.101772040354817 ], [ 127.258838193462367, 37.104042002680522 ], [ 127.25933232535634, 37.104155684730387 ], [ 127.259860646419725, 37.104181540527904 ], [ 127.263103824970827, 37.104189195466411 ], [ 127.26323957379924, 37.104189466590903 ], [ 127.265359483941566, 37.103773400000513 ], [ 127.265460834261688, 37.103753309429564 ], [ 127.265795254012772, 37.103654813657222 ], [ 127.265906513849615, 37.103614469225541 ], [ 127.266623362559528, 37.103354468948559 ], [ 127.266900946678973, 37.102976416355396 ], [ 127.266936302083892, 37.102915639646923 ], [ 127.267501519052644, 37.102326315646948 ], [ 127.267794221834151, 37.102062095484285 ], [ 127.268830540729354, 37.10151988468531 ], [ 127.268962240911989, 37.101475070083559 ], [ 127.269083903176295, 37.101470799936173 ], [ 127.272407088356346, 37.1020587154118 ], [ 127.272843659900147, 37.102297960636349 ], [ 127.272884278800248, 37.102370451749479 ], [ 127.272235300149845, 37.106302900030244 ], [ 127.271737903994477, 37.109613552062264 ], [ 127.275364667327963, 37.112299961865027 ], [ 127.276424955678195, 37.114162279374533 ], [ 127.276743851061639, 37.115195726060506 ], [ 127.277246119872231, 37.118178539483651 ], [ 127.277229093877565, 37.120385866909331 ], [ 127.277214560788167, 37.120543588583153 ], [ 127.276942914699376, 37.121529008855511 ], [ 127.276887667274622, 37.121655104059535 ], [ 127.276373902736154, 37.122431613001282 ], [ 127.276303284766925, 37.122520495242767 ], [ 127.276207301912606, 37.122621724121338 ], [ 127.274697405219428, 37.123719077304209 ], [ 127.27290808609051, 37.124822796296769 ], [ 127.272837399933067, 37.124916195126787 ], [ 127.272812618468834, 37.12496459456527 ], [ 127.272797622073028, 37.125042317980039 ], [ 127.27264058762853, 37.126496686470617 ], [ 127.272641546563975, 37.126646549675499 ], [ 127.273248003056651, 37.130202692143357 ], [ 127.273706418116987, 37.132212610285762 ], [ 127.274357944508509, 37.133643763425219 ], [ 127.277824726107525, 37.133960143436099 ], [ 127.278866545807674, 37.13409618680285 ], [ 127.279114783388124, 37.134123683220665 ], [ 127.279282960505483, 37.134125835370696 ], [ 127.281663617536708, 37.134077700244752 ], [ 127.281821287794017, 37.134061088903543 ], [ 127.282064212535644, 37.134004070185078 ], [ 127.282107894862961, 37.133984995293545 ], [ 127.282145268931757, 37.133963159459462 ], [ 127.282246163065096, 37.133902625132549 ], [ 127.282295409398344, 37.133867028334485 ], [ 127.282365416855924, 37.13374884540135 ], [ 127.282919296464399, 37.132700992851731 ], [ 127.283871463596697, 37.131206213147237 ], [ 127.28398577294476, 37.131034655678022 ], [ 127.284128619248762, 37.130820296493553 ], [ 127.28424984195712, 37.130775347856421 ], [ 127.284336383799129, 37.130775505327648 ], [ 127.284422102982361, 37.130819604626787 ], [ 127.284836668025392, 37.131145085794543 ], [ 127.285210366756615, 37.131502736200133 ], [ 127.285351941958169, 37.131597992510891 ], [ 127.285433702676841, 37.131653001018918 ], [ 127.28562194927882, 37.131770526347772 ], [ 127.286022533289824, 37.13194702721642 ], [ 127.286266478336785, 37.132024088992473 ], [ 127.286474028951361, 37.132035729881665 ], [ 127.286664649143532, 37.132034946301147 ], [ 127.286973641012722, 37.131981439230316 ], [ 127.287206275889062, 37.131875917524688 ], [ 127.287352877509832, 37.131789418800317 ], [ 127.287737008099171, 37.131557991267954 ], [ 127.287883617938974, 37.13146811156593 ], [ 127.287954164743269, 37.131402884734285 ], [ 127.288019813552737, 37.131329761665256 ], [ 127.288611936414995, 37.129682344591515 ], [ 127.291706015587366, 37.127039895804387 ], [ 127.291872299432725, 37.126954551857189 ], [ 127.29212526629864, 37.126816402960806 ], [ 127.292307263525629, 37.126645450855676 ], [ 127.292417791367058, 37.126365077718368 ], [ 127.292790042889507, 37.125307706278612 ], [ 127.292797280578185, 37.125281176549777 ], [ 127.292879619654656, 37.124978821135258 ], [ 127.29292451273723, 37.124768192086101 ], [ 127.292943613091566, 37.124471882839977 ], [ 127.292881971370676, 37.124115714208358 ], [ 127.292829869127416, 37.123613079232172 ], [ 127.29283725040824, 37.123500746938078 ], [ 127.292879682932423, 37.123405839083809 ], [ 127.293000484848974, 37.123223512897269 ], [ 127.293237680675105, 37.12293096355566 ], [ 127.294324583284791, 37.121671989068204 ], [ 127.294450866321128, 37.121546008879072 ], [ 127.29492599833803, 37.12119978387144 ], [ 127.295214130056422, 37.121057181022017 ], [ 127.295876799972532, 37.120825080608185 ], [ 127.295973259947274, 37.120795950397834 ], [ 127.296069683517103, 37.120783721727641 ], [ 127.29618573277547, 37.12079518907332 ], [ 127.296363651070038, 37.120827044606067 ], [ 127.296459376744707, 37.120811434083933 ], [ 127.296606489541546, 37.120782391209396 ], [ 127.296758036554138, 37.1206846078247 ], [ 127.297005490864422, 37.120485605442667 ], [ 127.297136742674724, 37.120334840829948 ], [ 127.299084959894543, 37.116839509743095 ], [ 127.299409917510943, 37.115532994611968 ], [ 127.29946407790203, 37.115001246127335 ], [ 127.299486354307561, 37.114288032064891 ], [ 127.299804154417572, 37.112486847483787 ], [ 127.299822916542425, 37.112461531109005 ], [ 127.299840864191026, 37.112437331122365 ], [ 127.299859941859253, 37.112412285701474 ], [ 127.299888867243098, 37.112374312444473 ], [ 127.300045976279122, 37.112286688623918 ], [ 127.300146858032321, 37.112240173940748 ], [ 127.300216422639565, 37.112208101310948 ], [ 127.300302557296703, 37.112194559186136 ], [ 127.300438783217999, 37.112183686602712 ], [ 127.30071392296459, 37.112179903660618 ], [ 127.301430700350181, 37.112122468576722 ], [ 127.303229058119967, 37.111788343863616 ], [ 127.303336506613334, 37.111757677188265 ], [ 127.303402328508639, 37.111704121840596 ], [ 127.303456807621828, 37.111585900192054 ], [ 127.303822322319974, 37.110606207163364 ], [ 127.304207133964852, 37.109502596981621 ], [ 127.304234918959338, 37.109368555910763 ], [ 127.304101270088353, 37.109091147023101 ] ] ] ] } },
{ "type": "Feature", "properties": { "OBJECTID": 1560, "adm_nm": "경기도 안성시 안성1동", "adm_cd": "3122051", "adm_cd2": "4155051000", "sgg": "41550", "sido": "41", "sidonm": "경기도", "sggnm": "안성시" }, "geometry": { "type": "MultiPolygon", "coordinates": [ [ [ [ 127.290368616385166, 36.998538164518955 ], [ 127.290999987822914, 36.997641611516762 ], [ 127.291097558298745, 36.997503069425647 ], [ 127.291662381783198, 36.996701769933466 ], [ 127.29278206072226, 36.995127342221146 ], [ 127.292921677706559, 36.994972384578674 ], [ 127.293022303913659, 36.994860709139644 ], [ 127.293254417655106, 36.99469881799196 ], [ 127.293283376908022, 36.994678622035373 ], [ 127.29564531927322, 36.993381331017893 ], [ 127.29403771883058, 36.993223454962767 ], [ 127.289334974228836, 36.99276148834538 ], [ 127.290127294099591, 36.987296952771167 ], [ 127.287985078543869, 36.986400794040648 ], [ 127.287747692787832, 36.986402623459846 ], [ 127.287442033037706, 36.986553257628074 ], [ 127.287109883771251, 36.986716959502672 ], [ 127.286765357613248, 36.986334381615947 ], [ 127.286603164102118, 36.986056598873112 ], [ 127.286582922153855, 36.986021929031622 ], [ 127.28655069398161, 36.985744677250587 ], [ 127.286580844647531, 36.985582994480076 ], [ 127.286594180189027, 36.985511506945628 ], [ 127.287267322144089, 36.982868104785432 ], [ 127.283689061294353, 36.9821799220584 ], [ 127.283056192144201, 36.981975942386732 ], [ 127.282674350824678, 36.98191994042773 ], [ 127.282402658321445, 36.981880094736795 ], [ 127.282133874933194, 36.981848610148027 ], [ 127.281904214635759, 36.981821713062708 ], [ 127.281455475326624, 36.981816380634655 ], [ 127.278894211169955, 36.981851076302057 ], [ 127.277724515647378, 36.98682147961339 ], [ 127.276379532833772, 36.98755926377774 ], [ 127.274122935764382, 36.989000680476053 ], [ 127.272969509586474, 36.990011476327204 ], [ 127.272955644583405, 36.990097744902087 ], [ 127.272938734011518, 36.990202973998777 ], [ 127.273539133236923, 36.996805461799262 ], [ 127.274135887409273, 36.997424944363786 ], [ 127.27361945163409, 37.001133655830863 ], [ 127.273583254280524, 37.001122881277979 ], [ 127.272566567337492, 37.000932978150232 ], [ 127.272080808080986, 37.000916090902123 ], [ 127.271373525190342, 37.000892194672616 ], [ 127.271212081093623, 37.000897914240475 ], [ 127.270468679220599, 37.000924252407906 ], [ 127.270544955351127, 37.001836525412749 ], [ 127.271033820961648, 37.005484378253648 ], [ 127.271266855266404, 37.0071874223893 ], [ 127.271422322716305, 37.007654370262991 ], [ 127.271495797596685, 37.007932754655684 ], [ 127.271535342532928, 37.008082626633367 ], [ 127.271651344096739, 37.008523420418314 ], [ 127.271753401187155, 37.008939401259696 ], [ 127.271769854053574, 37.009008037862458 ], [ 127.271856049524089, 37.009371168230501 ], [ 127.271956597142392, 37.009814193631591 ], [ 127.272051561584021, 37.010241433003223 ], [ 127.272154790981247, 37.010711267624878 ], [ 127.272116175947005, 37.010718193164799 ], [ 127.271211550031055, 37.010906956663845 ], [ 127.271178641601182, 37.011287732391004 ], [ 127.271193093125632, 37.011640392462382 ], [ 127.271684904833492, 37.014448195269388 ], [ 127.272179490317242, 37.015163536806135 ], [ 127.273275605537762, 37.015837205848229 ], [ 127.273403889413046, 37.015913487196094 ], [ 127.273505645929532, 37.015973987678251 ], [ 127.27431164187071, 37.016165952043089 ], [ 127.274618504972665, 37.016224001904362 ], [ 127.275660683165825, 37.01637922106007 ], [ 127.277003857579146, 37.016436965569454 ], [ 127.277175071229692, 37.01638048750771 ], [ 127.277820310775695, 37.016177079662903 ], [ 127.278617300899811, 37.016087298364681 ], [ 127.279271091339822, 37.016197815567388 ], [ 127.279348170614256, 37.016253142269541 ], [ 127.280816103529233, 37.017376997795978 ], [ 127.281554617246343, 37.018359859129355 ], [ 127.281575653243607, 37.018421700461474 ], [ 127.281596421720536, 37.018482757045597 ], [ 127.281629711264998, 37.018634936022707 ], [ 127.281631370040571, 37.018793817576636 ], [ 127.281592442551826, 37.019138546080306 ], [ 127.281542096980118, 37.01929733190341 ], [ 127.281510765301618, 37.019376132038893 ], [ 127.281498219049624, 37.019407677305722 ], [ 127.281453766635622, 37.019475203317818 ], [ 127.281397393190375, 37.019532566174739 ], [ 127.281367960413021, 37.019556688527381 ], [ 127.281267097740042, 37.01963937187962 ], [ 127.280975479082429, 37.019895743903582 ], [ 127.280902833978132, 37.019993641203527 ], [ 127.280876031964752, 37.020068483195807 ], [ 127.280853266507307, 37.020132100716545 ], [ 127.280832475371653, 37.020293861440152 ], [ 127.280786724935666, 37.020788945856388 ], [ 127.280832293810136, 37.0218008940667 ], [ 127.28085717753828, 37.021944043272875 ], [ 127.280878052657599, 37.02201507004591 ], [ 127.281047275614668, 37.022551851430215 ], [ 127.284296797294687, 37.02211711196847 ], [ 127.285453714207634, 37.021983993496356 ], [ 127.286145352580021, 37.022651179078984 ], [ 127.287729068636239, 37.023082394711913 ], [ 127.289947375147122, 37.021878225869159 ], [ 127.295473968543618, 37.018336212335718 ], [ 127.295731950752909, 37.017875219237673 ], [ 127.297235954505638, 37.015187553187012 ], [ 127.296442629270786, 37.014901133067468 ], [ 127.293843135922586, 37.01396255676989 ], [ 127.294052903849959, 37.013581612154155 ], [ 127.294708666240112, 37.012391027366853 ], [ 127.294764937299348, 37.011843500176852 ], [ 127.294813995023731, 37.01136140044914 ], [ 127.293425561456374, 37.004953046694261 ], [ 127.292104622316742, 37.004282547507216 ], [ 127.290624700248927, 37.003698516909324 ], [ 127.290240160112432, 37.003806010849772 ], [ 127.289915319902974, 37.003914736023702 ], [ 127.289304627619131, 37.004001544013839 ], [ 127.289052493880462, 37.003984194167629 ], [ 127.288390448457136, 37.003812801174881 ], [ 127.28814315224588, 37.003601715879959 ], [ 127.287571298782282, 37.003112789005321 ], [ 127.287541312164947, 37.000410468574465 ], [ 127.290368616385166, 36.998538164518955 ] ] ] ] } },
{ "type": "Feature", "properties": { "OBJECTID": 1561, "adm_nm": "경기도 안성시 안성2동", "adm_cd": "3122052", "adm_cd2": "4155052000", "sgg": "41550", "sido": "41", "sidonm": "경기도", "sggnm": "안성시" }, "geometry": { "type": "MultiPolygon", "coordinates": [ [ [ [ 127.271266855266404, 37.0071874223893 ], [ 127.271033820961648, 37.005484378253648 ], [ 127.270544955351127, 37.001836525412749 ], [ 127.270468679220599, 37.000924252407906 ], [ 127.271212081093623, 37.000897914240475 ], [ 127.271373525190342, 37.000892194672616 ], [ 127.272080808080986, 37.000916090902123 ], [ 127.272566567337492, 37.000932978150232 ], [ 127.273583254280524, 37.001122881277979 ], [ 127.27361945163409, 37.001133655830863 ], [ 127.274135887409273, 36.997424944363786 ], [ 127.273539133236923, 36.996805461799262 ], [ 127.272938734011518, 36.990202973998777 ], [ 127.272955644583405, 36.990097744902087 ], [ 127.272969509586474, 36.990011476327204 ], [ 127.274122935764382, 36.989000680476053 ], [ 127.276379532833772, 36.98755926377774 ], [ 127.277724515647378, 36.98682147961339 ], [ 127.278894211169955, 36.981851076302057 ], [ 127.281455475326624, 36.981816380634655 ], [ 127.281904214635759, 36.981821713062708 ], [ 127.282133874933194, 36.981848610148027 ], [ 127.282402658321445, 36.981880094736795 ], [ 127.282674350824678, 36.98191994042773 ], [ 127.283056192144201, 36.981975942386732 ], [ 127.283689061294353, 36.9821799220584 ], [ 127.287267322144089, 36.982868104785432 ], [ 127.289947528081143, 36.980709410560287 ], [ 127.291259946534026, 36.979209928069587 ], [ 127.291929972849729, 36.978398442954429 ], [ 127.292484509719102, 36.974862369157201 ], [ 127.29425395051932, 36.971241629794356 ], [ 127.287512299948091, 36.968262881483177 ], [ 127.28573431542894, 36.967746213622767 ], [ 127.285385833598966, 36.967644946815007 ], [ 127.28486839836161, 36.967632742358369 ], [ 127.284496226259918, 36.967646715960001 ], [ 127.284457641724828, 36.967684813152417 ], [ 127.282659244412372, 36.969440625548344 ], [ 127.279676543701314, 36.97186001604085 ], [ 127.279160838152549, 36.972211748455081 ], [ 127.27865987477206, 36.972316735436571 ], [ 127.276768182239437, 36.972323335112776 ], [ 127.275915281888672, 36.97343614007567 ], [ 127.275505215792222, 36.973871583705893 ], [ 127.274941811078278, 36.974469833748508 ], [ 127.27206863915471, 36.977218266135353 ], [ 127.271556722164505, 36.977688286946822 ], [ 127.269213611696813, 36.979705243922183 ], [ 127.26889241013707, 36.979619459682411 ], [ 127.268087411083755, 36.97940444600944 ], [ 127.26731845575415, 36.977764621672371 ], [ 127.265149877410991, 36.979420080801049 ], [ 127.26216284766609, 36.982450323989831 ], [ 127.260505260872918, 36.984227675759591 ], [ 127.25939545902645, 36.985510204416748 ], [ 127.259035575463869, 36.986276827752803 ], [ 127.258933469535748, 36.986585364621142 ], [ 127.258929899689136, 36.986634107398025 ], [ 127.258926130020669, 36.986685635226792 ], [ 127.258941826567138, 36.986821448720541 ], [ 127.259187546851379, 36.987302527270174 ], [ 127.259425664475572, 36.987740209746974 ], [ 127.256793876744027, 36.99110849509281 ], [ 127.253596061565887, 36.993069297323572 ], [ 127.251257555241835, 36.994458274174121 ], [ 127.25007445134537, 36.994763406004019 ], [ 127.248239693691858, 36.995280417699426 ], [ 127.248098134641893, 36.995340658176623 ], [ 127.247884077260949, 36.995501336354209 ], [ 127.24697683333693, 36.996274645376793 ], [ 127.246904901516544, 36.996361255732083 ], [ 127.246848932312915, 36.996507620556258 ], [ 127.246807104223635, 36.996622465077742 ], [ 127.246867856202883, 36.996731894371464 ], [ 127.246927631490053, 36.996922451240152 ], [ 127.247031845761668, 36.997268601351259 ], [ 127.247060093868782, 36.997436554921762 ], [ 127.247050702039672, 36.99772386919453 ], [ 127.247044750848957, 36.99777656376029 ], [ 127.247036958793615, 36.997845534424137 ], [ 127.247026904836019, 36.997911994260612 ], [ 127.246531194039022, 37.00060286386617 ], [ 127.246469039328659, 37.000705269971625 ], [ 127.246320617645097, 37.000769180488007 ], [ 127.246236986588286, 37.000788145612745 ], [ 127.245608629742179, 37.001104570033405 ], [ 127.245087296561081, 37.001349094052649 ], [ 127.244663074319249, 37.001544245495111 ], [ 127.244350024948346, 37.001679914494602 ], [ 127.244173479151698, 37.001750522533683 ], [ 127.244032714730338, 37.001795489387519 ], [ 127.243770537619866, 37.001879235416986 ], [ 127.24367319853431, 37.00190956784742 ], [ 127.241791762409605, 37.002287356195254 ], [ 127.24137347091326, 37.00233687207345 ], [ 127.241202868742292, 37.002357062072953 ], [ 127.240675130742318, 37.002369424640129 ], [ 127.240211004741184, 37.002356022127039 ], [ 127.239570688884967, 37.002261094538859 ], [ 127.239277313774053, 37.002192847890598 ], [ 127.239950223346142, 37.006116707512227 ], [ 127.240250778484238, 37.006357373894076 ], [ 127.240321181100811, 37.006391593341768 ], [ 127.24055585322013, 37.006505651848421 ], [ 127.240998778651743, 37.006815362198928 ], [ 127.241221935663347, 37.00709416835484 ], [ 127.2417698705801, 37.007929193081907 ], [ 127.242162328443357, 37.008625281262404 ], [ 127.242165142696081, 37.008830364773196 ], [ 127.242040056757503, 37.009896071645841 ], [ 127.242131154558265, 37.011614610276098 ], [ 127.242185746842338, 37.011778736626638 ], [ 127.24219792056472, 37.011815325421878 ], [ 127.242413723321334, 37.012412993449892 ], [ 127.24256475960415, 37.012405437174557 ], [ 127.244072914204864, 37.012357713537305 ], [ 127.246798063219558, 37.012271440675001 ], [ 127.2470136409285, 37.01230119715148 ], [ 127.247229226316833, 37.012332080051188 ], [ 127.248636565587447, 37.012548053745974 ], [ 127.25105331576961, 37.012940746432577 ], [ 127.253359345656904, 37.013298248963338 ], [ 127.253529976465032, 37.013324519797273 ], [ 127.254320756455343, 37.013417430045536 ], [ 127.25509399463121, 37.013505792537799 ], [ 127.258906984151452, 37.013017754133642 ], [ 127.258985555584104, 37.013034832821837 ], [ 127.259140723563902, 37.013068980625704 ], [ 127.26067364856948, 37.013749294759876 ], [ 127.262347988380085, 37.014158306713135 ], [ 127.264928152499593, 37.013578645878297 ], [ 127.265744813697623, 37.01303826148304 ], [ 127.265980985487218, 37.012757076414651 ], [ 127.266221951230335, 37.011165196147935 ], [ 127.266199305318068, 37.010994017814184 ], [ 127.266226031871284, 37.010752935465121 ], [ 127.26625987757204, 37.010484823941852 ], [ 127.266280707542805, 37.010333873878793 ], [ 127.266410670800511, 37.00978260208899 ], [ 127.266783689732137, 37.008708003968643 ], [ 127.268245738692244, 37.007798962428311 ], [ 127.271266855266404, 37.0071874223893 ] ] ] ] } },
{ "type": "Feature", "properties": { "OBJECTID": 1562, "adm_nm": "경기도 안성시 안성3동", "adm_cd": "3122053", "adm_cd2": "4155053000", "sgg": "41550", "sido": "41", "sidonm": "경기도", "sggnm": "안성시" }, "geometry": { "type": "MultiPolygon", "coordinates": [ [ [ [ 127.281047275614668, 37.022551851430215 ], [ 127.280878052657599, 37.02201507004591 ], [ 127.28085717753828, 37.021944043272875 ], [ 127.280832293810136, 37.0218008940667 ], [ 127.280786724935666, 37.020788945856388 ], [ 127.280832475371653, 37.020293861440152 ], [ 127.280853266507307, 37.020132100716545 ], [ 127.280876031964752, 37.020068483195807 ], [ 127.280902833978132, 37.019993641203527 ], [ 127.280975479082429, 37.019895743903582 ], [ 127.281267097740042, 37.01963937187962 ], [ 127.281367960413021, 37.019556688527381 ], [ 127.281397393190375, 37.019532566174739 ], [ 127.281453766635622, 37.019475203317818 ], [ 127.281498219049624, 37.019407677305722 ], [ 127.281510765301618, 37.019376132038893 ], [ 127.281542096980118, 37.01929733190341 ], [ 127.281592442551826, 37.019138546080306 ], [ 127.281631370040571, 37.018793817576636 ], [ 127.281629711264998, 37.018634936022707 ], [ 127.281596421720536, 37.018482757045597 ], [ 127.281575653243607, 37.018421700461474 ], [ 127.281554617246343, 37.018359859129355 ], [ 127.280816103529233, 37.017376997795978 ], [ 127.279348170614256, 37.016253142269541 ], [ 127.279271091339822, 37.016197815567388 ], [ 127.278617300899811, 37.016087298364681 ], [ 127.277820310775695, 37.016177079662903 ], [ 127.277175071229692, 37.01638048750771 ], [ 127.277003857579146, 37.016436965569454 ], [ 127.275660683165825, 37.01637922106007 ], [ 127.274618504972665, 37.016224001904362 ], [ 127.27431164187071, 37.016165952043089 ], [ 127.273505645929532, 37.015973987678251 ], [ 127.273403889413046, 37.015913487196094 ], [ 127.273275605537762, 37.015837205848229 ], [ 127.272179490317242, 37.015163536806135 ], [ 127.271684904833492, 37.014448195269388 ], [ 127.271193093125632, 37.011640392462382 ], [ 127.271178641601182, 37.011287732391004 ], [ 127.271211550031055, 37.010906956663845 ], [ 127.272116175947005, 37.010718193164799 ], [ 127.272154790981247, 37.010711267624878 ], [ 127.272051561584021, 37.010241433003223 ], [ 127.271956597142392, 37.009814193631591 ], [ 127.271856049524089, 37.009371168230501 ], [ 127.271769854053574, 37.009008037862458 ], [ 127.271753401187155, 37.008939401259696 ], [ 127.271651344096739, 37.008523420418314 ], [ 127.271535342532928, 37.008082626633367 ], [ 127.271495797596685, 37.007932754655684 ], [ 127.271422322716305, 37.007654370262991 ], [ 127.271266855266404, 37.0071874223893 ], [ 127.268245738692244, 37.007798962428311 ], [ 127.266783689732137, 37.008708003968643 ], [ 127.266410670800511, 37.00978260208899 ], [ 127.266280707542805, 37.010333873878793 ], [ 127.26625987757204, 37.010484823941852 ], [ 127.266226031871284, 37.010752935465121 ], [ 127.266199305318068, 37.010994017814184 ], [ 127.266221951230335, 37.011165196147935 ], [ 127.265980985487218, 37.012757076414651 ], [ 127.265744813697623, 37.01303826148304 ], [ 127.264928152499593, 37.013578645878297 ], [ 127.262347988380085, 37.014158306713135 ], [ 127.26067364856948, 37.013749294759876 ], [ 127.259140723563902, 37.013068980625704 ], [ 127.258985555584104, 37.013034832821837 ], [ 127.258906984151452, 37.013017754133642 ], [ 127.25509399463121, 37.013505792537799 ], [ 127.254320756455343, 37.013417430045536 ], [ 127.253529976465032, 37.013324519797273 ], [ 127.253359345656904, 37.013298248963338 ], [ 127.25105331576961, 37.012940746432577 ], [ 127.248636565587447, 37.012548053745974 ], [ 127.247229226316833, 37.012332080051188 ], [ 127.2470136409285, 37.01230119715148 ], [ 127.246798063219558, 37.012271440675001 ], [ 127.244072914204864, 37.012357713537305 ], [ 127.24256475960415, 37.012405437174557 ], [ 127.242413723321334, 37.012412993449892 ], [ 127.24251895531205, 37.012621475731216 ], [ 127.243044526298704, 37.013662744048005 ], [ 127.243014149415089, 37.013899238237052 ], [ 127.242956572561368, 37.014346632596457 ], [ 127.242322136386093, 37.017047344430523 ], [ 127.241921919771613, 37.017601958794366 ], [ 127.241366267462368, 37.01798836738363 ], [ 127.241170119184815, 37.018573144055175 ], [ 127.241083803117689, 37.018830636208357 ], [ 127.241914178084158, 37.0205158387867 ], [ 127.242516276245013, 37.020945329378733 ], [ 127.242798773741697, 37.021143132269692 ], [ 127.243107900531768, 37.021359019974099 ], [ 127.243820172172377, 37.021822516499718 ], [ 127.243923929863882, 37.021864930399566 ], [ 127.244884665532155, 37.022257529226898 ], [ 127.24524283874841, 37.022376585243997 ], [ 127.245550029781626, 37.022478683018278 ], [ 127.246959985051987, 37.022764523674205 ], [ 127.251769938179436, 37.023734712797676 ], [ 127.252288446149223, 37.023829671907421 ], [ 127.252635092657684, 37.023893144017045 ], [ 127.253507488420198, 37.02398622978901 ], [ 127.254556489063916, 37.024004179198904 ], [ 127.25552290283548, 37.023923917946284 ], [ 127.256574663896686, 37.02373903185773 ], [ 127.257977267272921, 37.023481610705971 ], [ 127.260670553747644, 37.022969413586608 ], [ 127.262035625404408, 37.02262894546999 ], [ 127.262051013892304, 37.022654883636406 ], [ 127.262163518364517, 37.022852307601269 ], [ 127.261904517759362, 37.025914420797939 ], [ 127.26162073663393, 37.027681793868759 ], [ 127.261604277667828, 37.027778665237705 ], [ 127.261025503324518, 37.029944328850696 ], [ 127.261008620659709, 37.030003780626998 ], [ 127.260993522882941, 37.030056943970507 ], [ 127.260963413537112, 37.030107039233016 ], [ 127.260945488101783, 37.030136849675493 ], [ 127.260903830242356, 37.030169483372994 ], [ 127.260786421804141, 37.03021765837812 ], [ 127.260341952709268, 37.030330567856254 ], [ 127.259603960621504, 37.030600632710268 ], [ 127.259501208407258, 37.030650003488518 ], [ 127.259439213384496, 37.030699456809884 ], [ 127.257271499948772, 37.033294558139538 ], [ 127.256095595530624, 37.034901209299932 ], [ 127.254346561452692, 37.037918535715285 ], [ 127.254028522785276, 37.038472259281079 ], [ 127.253959130063336, 37.038633246878952 ], [ 127.253888992630948, 37.03882977645938 ], [ 127.253877565831601, 37.038861816791567 ], [ 127.253832169108875, 37.038991303860591 ], [ 127.252519137694421, 37.043177383029935 ], [ 127.252758311816422, 37.043322716882315 ], [ 127.254615833123125, 37.044435336922888 ], [ 127.254693323063123, 37.044481632549839 ], [ 127.254816460903697, 37.04455519168436 ], [ 127.257236913786016, 37.045924714361114 ], [ 127.258924632727854, 37.046765362212533 ], [ 127.259088151463075, 37.04684231621728 ], [ 127.259149706399555, 37.046861650742358 ], [ 127.259214541919391, 37.046882010513443 ], [ 127.259303746928111, 37.046902473776768 ], [ 127.259425318620075, 37.046908354311114 ], [ 127.259471436495801, 37.046908799374847 ], [ 127.259573624546192, 37.046909781731507 ], [ 127.259793652249698, 37.046878681733993 ], [ 127.261543265813174, 37.046616283657819 ], [ 127.262061023961238, 37.046471966954442 ], [ 127.264771551197697, 37.046397367856891 ], [ 127.267634312960197, 37.046350078739692 ], [ 127.267854341443922, 37.046365130720069 ], [ 127.272126565151552, 37.047465235150938 ], [ 127.272217374064127, 37.046476125540806 ], [ 127.272211272768402, 37.045462000572918 ], [ 127.272227003294361, 37.04513526090976 ], [ 127.272243339329577, 37.045080079429347 ], [ 127.272281818035339, 37.045022970813186 ], [ 127.274255264643401, 37.042106937425856 ], [ 127.276048693045908, 37.039532232408298 ], [ 127.277129187012235, 37.036787142873827 ], [ 127.276728544965636, 37.035206542657683 ], [ 127.27673086242612, 37.032897825466236 ], [ 127.277560591734868, 37.030799037327284 ], [ 127.278664213376402, 37.028011154616181 ], [ 127.279888127090956, 37.025637017739882 ], [ 127.280115924312611, 37.025591241391432 ], [ 127.280159541585405, 37.025573293458123 ], [ 127.280316988554873, 37.02533572729017 ], [ 127.280359987685983, 37.025264922362524 ], [ 127.280440577746361, 37.025096052001558 ], [ 127.280951264303198, 37.023925127124798 ], [ 127.281018464861674, 37.023770879973434 ], [ 127.281087097998508, 37.023603113859011 ], [ 127.28112688906063, 37.023441009622147 ], [ 127.281132830332567, 37.023337274127812 ], [ 127.281122552553697, 37.023153866704476 ], [ 127.281120135431678, 37.023110764513355 ], [ 127.281085154977958, 37.022810971970088 ], [ 127.281047275614668, 37.022551851430215 ] ] ] ] } }
]
}
