{
"type": "FeatureCollection",
"name": "pocheonshi",
"crs": { "type": "name", "properties": { "name": "urn:ogc:def:crs:OGC:1.3:CRS84" } },
"features": [
{ "type": "Feature", "properties": { "OBJECTID": 1619, "adm_nm": "경기도 포천시 소흘읍", "adm_cd": "3127011", "adm_cd2": "4165025000", "sgg": "41650", "sido": "41", "sidonm": "경기도", "sggnm": "포천시" }, "geometry": { "type": "MultiPolygon", "coordinates": [ [ [ [ 127.155554014484153, 37.838403932032236 ], [ 127.155513349615646, 37.838221638357545 ], [ 127.155495798164964, 37.838068073960557 ], [ 127.155471271835069, 37.837645803882516 ], [ 127.155460339843003, 37.836790653152875 ], [ 127.155469975233231, 37.836601680927252 ], [ 127.155612498796344, 37.835839088364757 ], [ 127.155678244725507, 37.835602686414902 ], [ 127.15594693753826, 37.834792291522511 ], [ 127.156125756058174, 37.834444356882862 ], [ 127.157269503015755, 37.832941698379386 ], [ 127.157315198460878, 37.832890005924945 ], [ 127.157815518263888, 37.832517416248059 ], [ 127.157919556890235, 37.832443360253819 ], [ 127.157951612756136, 37.832421641610757 ], [ 127.157980830058833, 37.832401852536108 ], [ 127.158018551302874, 37.832386189115013 ], [ 127.158872422158765, 37.832045040220393 ], [ 127.16054050166062, 37.831333316809292 ], [ 127.161855166357924, 37.83070730679016 ], [ 127.16198768447471, 37.83061642932627 ], [ 127.162141364613419, 37.830487239955765 ], [ 127.162359067755929, 37.830288614780869 ], [ 127.16239507684908, 37.830255724570215 ], [ 127.162679612454696, 37.829957075240543 ], [ 127.162772114034084, 37.829836870735164 ], [ 127.162872514325471, 37.829706386764101 ], [ 127.162942801151601, 37.829545847897556 ], [ 127.163039015995508, 37.829326058788375 ], [ 127.163145336056417, 37.829060475772472 ], [ 127.16325849320809, 37.828698021110597 ], [ 127.163429815245834, 37.828036046133541 ], [ 127.163961767839808, 37.823179488447046 ], [ 127.164621863322978, 37.822016287055881 ], [ 127.164733595192715, 37.82177247806726 ], [ 127.164804041056655, 37.821604589895358 ], [ 127.164871710948091, 37.821401986896269 ], [ 127.165863417350408, 37.817544927548425 ], [ 127.165851454984889, 37.817048044149772 ], [ 127.167678855513259, 37.815080461807192 ], [ 127.167898283333571, 37.815076574072087 ], [ 127.168259372169217, 37.815054455692554 ], [ 127.168850202148661, 37.814985742579765 ], [ 127.168985105726478, 37.814964068379261 ], [ 127.169064176386996, 37.814950251670055 ], [ 127.169084082255907, 37.814928942829326 ], [ 127.169344337514417, 37.814367475906835 ], [ 127.169416763760879, 37.81418185512041 ], [ 127.169476502032452, 37.814028727134108 ], [ 127.169701113627752, 37.813408855952424 ], [ 127.171144316242732, 37.811249007478125 ], [ 127.173468303439833, 37.808297077992002 ], [ 127.173636641565949, 37.808425132937003 ], [ 127.173789644371624, 37.808670038615034 ], [ 127.174323263198431, 37.809712534647772 ], [ 127.174760357816268, 37.810585765003729 ], [ 127.174864365697559, 37.81083166057298 ], [ 127.174965371130796, 37.811114727016388 ], [ 127.177139912044098, 37.810492740645195 ], [ 127.177600599140604, 37.807793861418503 ], [ 127.1776186081091, 37.807733071876967 ], [ 127.177694785600281, 37.80761119256649 ], [ 127.177730765277957, 37.80757677420322 ], [ 127.177799904143555, 37.807513871203781 ], [ 127.177951644570868, 37.807398242591624 ], [ 127.178302735650675, 37.807153593250959 ], [ 127.179140225998012, 37.806571147546506 ], [ 127.179479765946454, 37.80637152989889 ], [ 127.179662569106924, 37.806293161053297 ], [ 127.179910610049276, 37.806236377261882 ], [ 127.181228936798817, 37.805938010973144 ], [ 127.181326978200815, 37.805923628932689 ], [ 127.181417847073135, 37.805926128897489 ], [ 127.181501601552313, 37.805931988592796 ], [ 127.181905068962365, 37.806054756418334 ], [ 127.182053862558647, 37.806126136752134 ], [ 127.18217075909169, 37.806183911101776 ], [ 127.183839733533603, 37.806013455645612 ], [ 127.186139128209149, 37.805471244192638 ], [ 127.18739988056771, 37.804506806787074 ], [ 127.188394641952357, 37.803644178108293 ], [ 127.188572089924918, 37.803484664494839 ], [ 127.188999708782632, 37.803094847942901 ], [ 127.191996733592475, 37.80010926062382 ], [ 127.191035199493342, 37.798322094491397 ], [ 127.188319751903151, 37.795784492174256 ], [ 127.18579394508194, 37.793768970373598 ], [ 127.185027896758399, 37.790612310210612 ], [ 127.183041993237367, 37.786563442195359 ], [ 127.181437703130072, 37.784108653350501 ], [ 127.18122571758488, 37.783887256714848 ], [ 127.181111454840178, 37.783719076739779 ], [ 127.181003306615494, 37.783449514734258 ], [ 127.180991455687845, 37.783405749714568 ], [ 127.180985152739424, 37.783379613304902 ], [ 127.180948228170593, 37.783219529070493 ], [ 127.180928070181821, 37.783119202660409 ], [ 127.180879558519052, 37.782846422042958 ], [ 127.180874233953176, 37.782785302644115 ], [ 127.180843706632203, 37.782270606871045 ], [ 127.180843721377698, 37.782187946860979 ], [ 127.180843753444933, 37.782095976261658 ], [ 127.180848755882451, 37.782055042846117 ], [ 127.180886416302513, 37.781747956972815 ], [ 127.181668703443975, 37.778580841703416 ], [ 127.182213414203659, 37.777000458235911 ], [ 127.182449118388078, 37.776487340809247 ], [ 127.182658673302868, 37.775943732860775 ], [ 127.182625669526729, 37.775692581026796 ], [ 127.182622215697194, 37.775666442429717 ], [ 127.182593353380284, 37.775617954740284 ], [ 127.182354429603066, 37.775394233987662 ], [ 127.181485754520878, 37.774731671502714 ], [ 127.181227185184909, 37.774536106689538 ], [ 127.180694879150963, 37.774134659189976 ], [ 127.180348428825596, 37.773832903968753 ], [ 127.179806759919757, 37.773214028341037 ], [ 127.179436185069292, 37.772749967012636 ], [ 127.18082973617058, 37.767857319319212 ], [ 127.180595103820238, 37.767315998475823 ], [ 127.180306902953077, 37.764686627412679 ], [ 127.180317204985329, 37.764614414352863 ], [ 127.180321536129739, 37.764584141662176 ], [ 127.180384244441527, 37.764356727786293 ], [ 127.180444018719172, 37.764154092285395 ], [ 127.180679132599067, 37.763603796064587 ], [ 127.180905548936479, 37.763095161949458 ], [ 127.179636086532909, 37.762438258795655 ], [ 127.179452015770721, 37.762340866062054 ], [ 127.179361545618832, 37.7622583742355 ], [ 127.177026295464771, 37.759816171939704 ], [ 127.176990311332261, 37.759767609168819 ], [ 127.176912962032276, 37.759614604824264 ], [ 127.176768323428206, 37.759325712654494 ], [ 127.176693982918806, 37.759167110177174 ], [ 127.176518746413237, 37.758725305343404 ], [ 127.176506961331285, 37.758695542842723 ], [ 127.176442304883039, 37.758518917770687 ], [ 127.176387203753649, 37.758300195543669 ], [ 127.17637264299043, 37.758223543064723 ], [ 127.17637252089601, 37.758086090895368 ], [ 127.176376305673031, 37.758034275185985 ], [ 127.176383225642169, 37.757910362202182 ], [ 127.176382880066456, 37.757828115479676 ], [ 127.176378472106094, 37.7576985381138 ], [ 127.176371548615379, 37.757659086195879 ], [ 127.176309270381438, 37.757460623974985 ], [ 127.176262246957151, 37.757341069437025 ], [ 127.176150189782646, 37.757168383429743 ], [ 127.176117738412245, 37.757125481380776 ], [ 127.175961626243549, 37.756965067313573 ], [ 127.175806116864095, 37.756830567750768 ], [ 127.175661207301246, 37.75670736369802 ], [ 127.175624360753304, 37.756680583109691 ], [ 127.17556006040428, 37.756633852749339 ], [ 127.173264338189938, 37.755114413355358 ], [ 127.167890877505144, 37.753283226467268 ], [ 127.167698207022056, 37.753235102502067 ], [ 127.167664089406841, 37.753227381102555 ], [ 127.167381283360783, 37.753165743948863 ], [ 127.166885236375776, 37.753057770433493 ], [ 127.166592376085489, 37.752995643294966 ], [ 127.166256314592232, 37.752942866020859 ], [ 127.166105638050098, 37.752925972065896 ], [ 127.165849158591485, 37.752922559245185 ], [ 127.161629034235219, 37.752939812094979 ], [ 127.161351612412645, 37.752943521926021 ], [ 127.160915204112229, 37.752958040356432 ], [ 127.160493830284835, 37.752991384070043 ], [ 127.160096858870645, 37.753025535739546 ], [ 127.15980228944494, 37.753052852221259 ], [ 127.159643210725918, 37.753086192587865 ], [ 127.159458544030215, 37.753129598702763 ], [ 127.159353401176119, 37.753159714540693 ], [ 127.159122452838133, 37.753240165961927 ], [ 127.158996589380905, 37.753300641229842 ], [ 127.158829359343343, 37.753410569435822 ], [ 127.158380762424315, 37.753761912955127 ], [ 127.158270607065973, 37.75384987377015 ], [ 127.158204849729273, 37.753905614735373 ], [ 127.158130804979578, 37.753987338419179 ], [ 127.158091429580054, 37.75403935766316 ], [ 127.158003726084019, 37.754132615537642 ], [ 127.157958526488429, 37.754176099425059 ], [ 127.157906804637832, 37.754225846589691 ], [ 127.157685596419938, 37.754402056632394 ], [ 127.157575738282389, 37.754476129152415 ], [ 127.157316054988357, 37.754629726057772 ], [ 127.157177365734, 37.75470368192213 ], [ 127.156858265055064, 37.754817672057889 ], [ 127.156783384962438, 37.754842564897217 ], [ 127.15658611107213, 37.754908138384494 ], [ 127.155150555282447, 37.755259969519003 ], [ 127.154974410333693, 37.755300013547206 ], [ 127.154823145358108, 37.755331116947062 ], [ 127.153756673760839, 37.755499240136167 ], [ 127.153630366188665, 37.755502248964092 ], [ 127.153529611281868, 37.755503079468959 ], [ 127.149687110737489, 37.755454541321804 ], [ 127.149477828006596, 37.755448285807162 ], [ 127.149440641084027, 37.755445254915848 ], [ 127.149406200384689, 37.755442439486437 ], [ 127.149297000632473, 37.755428594748132 ], [ 127.149158028379262, 37.755409028014498 ], [ 127.148960940819876, 37.755375768186006 ], [ 127.146706540418634, 37.754836124521987 ], [ 127.144816526957015, 37.756889968054267 ], [ 127.14318207347452, 37.758839161811856 ], [ 127.141372874289686, 37.761365872480319 ], [ 127.140596278454296, 37.762459806387 ], [ 127.140631540889615, 37.762796716309417 ], [ 127.140561992825468, 37.762946348982489 ], [ 127.140222517676079, 37.763426474776999 ], [ 127.139660316401518, 37.764072500121877 ], [ 127.133427525066438, 37.762286687077697 ], [ 127.127235479665373, 37.763612486594958 ], [ 127.127005970266495, 37.763645559973114 ], [ 127.126825138648286, 37.763651747410492 ], [ 127.12667195423839, 37.763634362467386 ], [ 127.126094923215391, 37.763508583380229 ], [ 127.125434045432385, 37.763299335821984 ], [ 127.126505007921978, 37.7656209846878 ], [ 127.12698514574825, 37.765541062039851 ], [ 127.127348420955045, 37.765430096892572 ], [ 127.128889538295482, 37.766570578768416 ], [ 127.129098120069102, 37.766887905570684 ], [ 127.129080228445588, 37.767060226902395 ], [ 127.128824093236872, 37.769322862354329 ], [ 127.128672071607767, 37.770632678171744 ], [ 127.128066375973916, 37.771839632382651 ], [ 127.121391685542974, 37.773749368696436 ], [ 127.120121231610895, 37.773993260046382 ], [ 127.118921025366561, 37.773601817313491 ], [ 127.115642890688534, 37.773756788013834 ], [ 127.115772232464863, 37.774683315670664 ], [ 127.115410443912992, 37.776432948278497 ], [ 127.111745292950019, 37.778911949208734 ], [ 127.111492833071651, 37.779028703133605 ], [ 127.110693045254379, 37.779398569424657 ], [ 127.10434295102165, 37.779670346705096 ], [ 127.105916758735106, 37.780548772931169 ], [ 127.10621072171044, 37.781727048598675 ], [ 127.105942575497494, 37.782340454512187 ], [ 127.105908265772143, 37.782418952725266 ], [ 127.105912500368177, 37.78250154564688 ], [ 127.105947506062464, 37.783180724700749 ], [ 127.106182308062543, 37.783316292795682 ], [ 127.106832725182855, 37.78369179978035 ], [ 127.112487730929288, 37.788147210486848 ], [ 127.112930925449419, 37.788504747121458 ], [ 127.113042975770057, 37.788659465760297 ], [ 127.113174766040927, 37.788842415264192 ], [ 127.116386141137085, 37.794380088520974 ], [ 127.117187066548937, 37.795900249973279 ], [ 127.117449170331625, 37.797004275415574 ], [ 127.118000952204923, 37.799588335980204 ], [ 127.118058677175213, 37.79995919012854 ], [ 127.117483413860171, 37.802396706165545 ], [ 127.117128294822024, 37.803743948050226 ], [ 127.117092558654306, 37.803926348205252 ], [ 127.117136279253316, 37.804120273037313 ], [ 127.118265976773984, 37.807684132481924 ], [ 127.118752493761662, 37.809035426364233 ], [ 127.119826240352793, 37.809690096078235 ], [ 127.120976493716711, 37.810940995231135 ], [ 127.12200590125579, 37.812084493071204 ], [ 127.12208752875064, 37.813202347204268 ], [ 127.121910739656698, 37.813759477687483 ], [ 127.121745474787787, 37.814279455752626 ], [ 127.121667568985671, 37.814518053663036 ], [ 127.121349815837519, 37.815143445574172 ], [ 127.12131181828336, 37.815217641226475 ], [ 127.12083832945163, 37.816011503720084 ], [ 127.120210421874447, 37.817165478191711 ], [ 127.120191642186299, 37.817364833165108 ], [ 127.12042495502412, 37.821724559072386 ], [ 127.1207781209134, 37.823625212286082 ], [ 127.121332806563387, 37.824353319193001 ], [ 127.121906115753447, 37.825105863693217 ], [ 127.121896569597922, 37.827406444878044 ], [ 127.121893436994384, 37.828147750948254 ], [ 127.12139546003317, 37.829144352746411 ], [ 127.120392676105098, 37.830917902264517 ], [ 127.120050050814072, 37.831133044508412 ], [ 127.119484907281702, 37.831486913367591 ], [ 127.118666310642737, 37.831999464117281 ], [ 127.118130478997585, 37.833015794528208 ], [ 127.118022934428893, 37.833219781917421 ], [ 127.11794380685312, 37.833402536377569 ], [ 127.117695149892015, 37.833976945873658 ], [ 127.118412769855581, 37.83378887126603 ], [ 127.120980299018584, 37.833248489080127 ], [ 127.12105115472005, 37.833239523712628 ], [ 127.121136656828554, 37.833228712665488 ], [ 127.121689383375127, 37.833200070143491 ], [ 127.122067886842061, 37.833211425074587 ], [ 127.122159410790545, 37.833231998220832 ], [ 127.126240174841499, 37.835135518236591 ], [ 127.126459072798895, 37.835251129802856 ], [ 127.126556044098422, 37.835316782335951 ], [ 127.126618780808229, 37.835412745488917 ], [ 127.126734169018661, 37.835630552403899 ], [ 127.126890339409783, 37.835930732982121 ], [ 127.132848214979518, 37.839366549697147 ], [ 127.134365339587077, 37.839819671356672 ], [ 127.134691798817713, 37.839878142962561 ], [ 127.146406093526792, 37.840692404403747 ], [ 127.14744071749648, 37.840759724605917 ], [ 127.147848425145838, 37.840764324349408 ], [ 127.148319528223539, 37.840733058699286 ], [ 127.149513318843617, 37.840640854222279 ], [ 127.150664946667533, 37.840478625877097 ], [ 127.153211947464797, 37.840044544669581 ], [ 127.153361587213993, 37.840014151377595 ], [ 127.153703958572507, 37.839944595906289 ], [ 127.154693117537079, 37.839709779675715 ], [ 127.154958356836417, 37.839646338694038 ], [ 127.155554014484153, 37.838403932032236 ] ] ] ] } },
{ "type": "Feature", "properties": { "OBJECTID": 1620, "adm_nm": "경기도 포천시 군내면", "adm_cd": "3127031", "adm_cd2": "4165031000", "sgg": "41650", "sido": "41", "sidonm": "경기도", "sggnm": "포천시" }, "geometry": { "type": "MultiPolygon", "coordinates": [ [ [ [ 127.259184220972443, 37.849503440401271 ], [ 127.258518631914527, 37.848203044587322 ], [ 127.255096773187091, 37.845508429463862 ], [ 127.251812200400551, 37.843800862507642 ], [ 127.249697713073814, 37.844321263561689 ], [ 127.242603298750836, 37.846206729047744 ], [ 127.236330434389515, 37.849447710719261 ], [ 127.236212977699083, 37.849516171714228 ], [ 127.236157369002171, 37.849571253319553 ], [ 127.236130038006579, 37.849614273832465 ], [ 127.236103781377366, 37.849655630222806 ], [ 127.236094053841427, 37.849686865878851 ], [ 127.23607503561972, 37.849747951049899 ], [ 127.236067313590752, 37.849824341455694 ], [ 127.236089084542755, 37.84999358879481 ], [ 127.236120184870202, 37.850160757878641 ], [ 127.236148831215402, 37.850372273143776 ], [ 127.236160063566672, 37.850607766602593 ], [ 127.23615900367308, 37.850905196708226 ], [ 127.236151369473149, 37.851053895837943 ], [ 127.236103359072146, 37.851170958620635 ], [ 127.236044831026859, 37.851247438835458 ], [ 127.235930044833296, 37.851359845294404 ], [ 127.235409093250979, 37.851816090954777 ], [ 127.235168962709835, 37.852013839437241 ], [ 127.235102065028656, 37.852046360567215 ], [ 127.235052578066089, 37.852060810804822 ], [ 127.234989703510536, 37.852077653616121 ], [ 127.234912972549353, 37.852078608449659 ], [ 127.234304893211217, 37.852062590825582 ], [ 127.233522820246975, 37.852030405328037 ], [ 127.233250078562804, 37.85201176161209 ], [ 127.23300652005581, 37.851976283867337 ], [ 127.232752335373576, 37.851934021676421 ], [ 127.232690570000841, 37.851923740843546 ], [ 127.232542938339051, 37.851885100841834 ], [ 127.232224335575609, 37.851777346186928 ], [ 127.231653350492593, 37.851525932796832 ], [ 127.231023179449309, 37.851240420084267 ], [ 127.225208720647231, 37.851791603282642 ], [ 127.224978340069953, 37.851845144069095 ], [ 127.224202552595983, 37.852031478168264 ], [ 127.224104981202416, 37.852097720328672 ], [ 127.224078707926196, 37.852119849025023 ], [ 127.2240116146708, 37.852176367078783 ], [ 127.223896778185491, 37.852300027117096 ], [ 127.22370351276578, 37.852495609653971 ], [ 127.223605106419072, 37.852593396186776 ], [ 127.223406323043733, 37.852747278783163 ], [ 127.222832641121002, 37.853030969171435 ], [ 127.221075267513243, 37.853817758735481 ], [ 127.217533846122649, 37.853320381715029 ], [ 127.213879304147255, 37.855343416973042 ], [ 127.212506538821572, 37.855338350106514 ], [ 127.212182580189506, 37.855334178815518 ], [ 127.212026991579492, 37.85533154424504 ], [ 127.211872141048076, 37.855323279893938 ], [ 127.21175071437996, 37.855308335538815 ], [ 127.208196805337479, 37.854621347938149 ], [ 127.207817750214417, 37.854537035986198 ], [ 127.205634080485993, 37.853925467770743 ], [ 127.205119601979675, 37.853775464488294 ], [ 127.204963751790544, 37.853705298334418 ], [ 127.204208273879516, 37.853195214115679 ], [ 127.203982276450731, 37.853034663768724 ], [ 127.203951875889516, 37.852978706149329 ], [ 127.203879309009537, 37.852845129868548 ], [ 127.203862914520798, 37.852809518456759 ], [ 127.203853528657973, 37.852720007425781 ], [ 127.203860142246924, 37.852663693107473 ], [ 127.203933796135075, 37.852545581421182 ], [ 127.203862642934325, 37.852217551110108 ], [ 127.203819303642177, 37.852040560080376 ], [ 127.203760145749669, 37.851910847998369 ], [ 127.203685457808163, 37.851756310788218 ], [ 127.20358933555319, 37.851632138781852 ], [ 127.203539143533874, 37.851610857789979 ], [ 127.203450326263621, 37.851573203660983 ], [ 127.196552718752486, 37.849665133229045 ], [ 127.196457975616156, 37.849640666349472 ], [ 127.194471782498837, 37.850383053779737 ], [ 127.194363603982353, 37.850430091822922 ], [ 127.194298022415168, 37.850484000178476 ], [ 127.193340282545108, 37.851877413309857 ], [ 127.192087676230159, 37.855661896669261 ], [ 127.192046377211113, 37.855853316814802 ], [ 127.191963771137111, 37.856240663565821 ], [ 127.191919228315541, 37.85653121912955 ], [ 127.191907954659243, 37.856850027611237 ], [ 127.192202268781358, 37.857729680521864 ], [ 127.192840665489072, 37.858771124117716 ], [ 127.193510049340674, 37.859262954811385 ], [ 127.193630763425745, 37.859269451930167 ], [ 127.193927735348296, 37.859285447334294 ], [ 127.194283463059392, 37.859381126908872 ], [ 127.194451880507572, 37.85950988333132 ], [ 127.194595590993245, 37.859635312695509 ], [ 127.195053640656639, 37.860037582054709 ], [ 127.195462478838309, 37.860484787759638 ], [ 127.196792015258026, 37.862180424951291 ], [ 127.196746660578782, 37.864047552212021 ], [ 127.196707207475555, 37.864149564253914 ], [ 127.196268511867018, 37.865208749759624 ], [ 127.196242295938276, 37.865238948038019 ], [ 127.196170916300701, 37.86531762828033 ], [ 127.192749775410363, 37.869026642723647 ], [ 127.192662937803235, 37.869061341725448 ], [ 127.191284663715649, 37.869332639038255 ], [ 127.189386760609281, 37.869365560878187 ], [ 127.184239118317933, 37.870798750904811 ], [ 127.186626024987447, 37.873167779170402 ], [ 127.186934640873417, 37.87345701815979 ], [ 127.187364253775471, 37.873695865703979 ], [ 127.18748070559846, 37.873668392114553 ], [ 127.188213639900127, 37.873495337759117 ], [ 127.188928883016033, 37.873586233671205 ], [ 127.189548515588143, 37.874104993559065 ], [ 127.190169671706641, 37.875282834133074 ], [ 127.190378599452316, 37.875803374153193 ], [ 127.190752732253202, 37.876735469407812 ], [ 127.193946308299516, 37.880049352566637 ], [ 127.194731811511659, 37.880524577222388 ], [ 127.196340866624396, 37.881388358280255 ], [ 127.197577111066735, 37.882345755735727 ], [ 127.197794410131536, 37.882866191837117 ], [ 127.198333801707221, 37.884158234696443 ], [ 127.198890617904254, 37.887576729806867 ], [ 127.199607968863972, 37.891031683196836 ], [ 127.201833269090059, 37.892991763413221 ], [ 127.204660653039781, 37.896251991846988 ], [ 127.209032305744628, 37.902317136004299 ], [ 127.209281351949656, 37.902801075535535 ], [ 127.209925370925532, 37.903833077939211 ], [ 127.211634250093979, 37.905240378607523 ], [ 127.212859319022371, 37.905212954650523 ], [ 127.213759573724843, 37.905530603029355 ], [ 127.214787382869858, 37.906653992876919 ], [ 127.215050910111415, 37.906942020175833 ], [ 127.217711881155282, 37.909967791759676 ], [ 127.221140742087258, 37.91305278178622 ], [ 127.222563765907339, 37.91412080622878 ], [ 127.223329585439288, 37.914681415329269 ], [ 127.223569299890656, 37.914846465943072 ], [ 127.223852858535125, 37.914944692879594 ], [ 127.224047220309075, 37.915008694947602 ], [ 127.225418436179226, 37.914732498863216 ], [ 127.225466153650018, 37.914710077665859 ], [ 127.225475225635421, 37.914665935099663 ], [ 127.22548281461448, 37.914628999477898 ], [ 127.225444343054221, 37.912736178242575 ], [ 127.22664471797718, 37.908653824664405 ], [ 127.226729143445525, 37.90852607194779 ], [ 127.226756976294993, 37.90848396466729 ], [ 127.226812676931644, 37.908427194798584 ], [ 127.226878300326135, 37.90836031729949 ], [ 127.226947039787831, 37.908324424726629 ], [ 127.227082386034311, 37.908349524432801 ], [ 127.228456670495106, 37.908749275729249 ], [ 127.22871359388202, 37.908872670526605 ], [ 127.228978818473209, 37.909059174981309 ], [ 127.229214034449299, 37.909286168364055 ], [ 127.23384626635513, 37.910826693597194 ], [ 127.233892568981787, 37.910841931143011 ], [ 127.234011740110446, 37.910881145751603 ], [ 127.234116154041374, 37.910908420713035 ], [ 127.235007680544783, 37.911128996902889 ], [ 127.238803065564028, 37.911926119560256 ], [ 127.239485927185427, 37.912044802177199 ], [ 127.242334000659639, 37.913342185700543 ], [ 127.243193275301692, 37.915286367266006 ], [ 127.247764143888944, 37.917504437981528 ], [ 127.248350847554633, 37.917274735682909 ], [ 127.249133417349768, 37.914428016451566 ], [ 127.250172831499455, 37.911319890768652 ], [ 127.2512775805031, 37.906298598995036 ], [ 127.252128924990814, 37.905301788838649 ], [ 127.252944952426674, 37.904545698319374 ], [ 127.253050286512504, 37.90445363498965 ], [ 127.253095412740677, 37.904414121914826 ], [ 127.253109945510545, 37.904318465605272 ], [ 127.251805734124801, 37.902727176658821 ], [ 127.25137223419307, 37.902255331023817 ], [ 127.251304786127051, 37.902227022819282 ], [ 127.250325090661391, 37.901819362472125 ], [ 127.249993243932096, 37.900515148542581 ], [ 127.24997714339186, 37.900274727772072 ], [ 127.249945192389859, 37.899797383783422 ], [ 127.25051682306885, 37.894513577224089 ], [ 127.250741656806483, 37.893997191650108 ], [ 127.250981391743025, 37.893553545334754 ], [ 127.251627851270669, 37.892617554595667 ], [ 127.252094343889922, 37.892137466685817 ], [ 127.252199086595866, 37.891850396409851 ], [ 127.252468795963253, 37.889633754276822 ], [ 127.25276974648024, 37.887000322603228 ], [ 127.252806144609011, 37.886637812923588 ], [ 127.252809450073173, 37.886604958271555 ], [ 127.252962241710335, 37.886185045366901 ], [ 127.253000974033043, 37.886080350785221 ], [ 127.253077229053218, 37.886045116489889 ], [ 127.253149041959816, 37.886011936819784 ], [ 127.25323499787774, 37.885973143678932 ], [ 127.253285714888023, 37.885950258577687 ], [ 127.256178609738768, 37.885063992312169 ], [ 127.256333654005701, 37.885033894261319 ], [ 127.256901197208393, 37.884924657656939 ], [ 127.257613565597396, 37.884866415032299 ], [ 127.258280282844424, 37.884857646183498 ], [ 127.258412471971525, 37.884895934604224 ], [ 127.258636745008388, 37.884960901081548 ], [ 127.259664672150663, 37.884753567685841 ], [ 127.261911935028877, 37.884292717751443 ], [ 127.262039337648716, 37.884235517094865 ], [ 127.262160230275512, 37.883960655801445 ], [ 127.262352226976503, 37.88352411745376 ], [ 127.263384467708804, 37.880340079125077 ], [ 127.263371432498047, 37.879525497137614 ], [ 127.263281446845767, 37.87855632503382 ], [ 127.26340131430581, 37.877958410124734 ], [ 127.263999969062269, 37.875651139053353 ], [ 127.264010022567007, 37.875618486819008 ], [ 127.26403721819544, 37.875558829724575 ], [ 127.264572557095335, 37.874602262425299 ], [ 127.264628183018431, 37.874539286633755 ], [ 127.264673824538804, 37.874490928091099 ], [ 127.264869774356043, 37.874325704351648 ], [ 127.265022050186332, 37.87420856800626 ], [ 127.265064961088129, 37.874178504906631 ], [ 127.265117702878968, 37.874130164862834 ], [ 127.265148963947084, 37.87409782792529 ], [ 127.265193299747637, 37.874045818079573 ], [ 127.265243277427558, 37.873972686509703 ], [ 127.265273421275339, 37.873879235958249 ], [ 127.265285076232018, 37.873832553438987 ], [ 127.265303948706404, 37.873750869508847 ], [ 127.265313212982292, 37.873658494941317 ], [ 127.265331127745569, 37.873554307952254 ], [ 127.265345031620356, 37.873485056659 ], [ 127.265391717842206, 37.873327420872613 ], [ 127.265402323918721, 37.873299501471188 ], [ 127.265444748144134, 37.873187823854352 ], [ 127.265491688552075, 37.873086177756228 ], [ 127.265585634999468, 37.872908699079993 ], [ 127.265610430761086, 37.872870091360504 ], [ 127.265645624654709, 37.872815307834628 ], [ 127.265751312360436, 37.872653282775197 ], [ 127.265814849077074, 37.872559898496178 ], [ 127.265837777109425, 37.87253617931858 ], [ 127.265913762482413, 37.872470572809625 ], [ 127.265959498142209, 37.872438509579737 ], [ 127.266027828749159, 37.872403872936765 ], [ 127.266059146887031, 37.872388009061602 ], [ 127.266171601091628, 37.872333027352362 ], [ 127.266312515920745, 37.872266835680712 ], [ 127.266414269055147, 37.872223098845033 ], [ 127.266456988058835, 37.872202854593162 ], [ 127.266634898284337, 37.872117632692969 ], [ 127.266698968546351, 37.872081707356259 ], [ 127.26677517482814, 37.872030033138515 ], [ 127.266850001635788, 37.871961456617548 ], [ 127.2669348416822, 37.871876000348109 ], [ 127.267041843589794, 37.871746649110236 ], [ 127.267119558704096, 37.871639876194685 ], [ 127.267706885820772, 37.870647240763184 ], [ 127.267762632028223, 37.870545953579693 ], [ 127.267810630670368, 37.870424371657847 ], [ 127.268285375445942, 37.868592271339743 ], [ 127.2683113484415, 37.868467265915626 ], [ 127.268306894246379, 37.868299388462745 ], [ 127.268298547066692, 37.868241913625667 ], [ 127.268241989972395, 37.868141883262737 ], [ 127.268167816964421, 37.86801069600628 ], [ 127.26808293468693, 37.86788659893061 ], [ 127.267967597761995, 37.867728642710674 ], [ 127.267828845988547, 37.867561627120494 ], [ 127.267743894066697, 37.867460062368167 ], [ 127.26761574756982, 37.867312220246433 ], [ 127.266770370057586, 37.863155100316121 ], [ 127.266339936806219, 37.860206253206229 ], [ 127.266465967266925, 37.857870984227496 ], [ 127.266526502003359, 37.857378876338593 ], [ 127.265944990797777, 37.856805277345586 ], [ 127.263028152476465, 37.854675731225619 ], [ 127.260941343426381, 37.853188857468425 ], [ 127.259864957600172, 37.852547863461957 ], [ 127.259734528184353, 37.85248926458614 ], [ 127.259494645744283, 37.85238149188811 ], [ 127.259229281759815, 37.852319012445982 ], [ 127.259180210455355, 37.852304210824222 ], [ 127.259011257052251, 37.852253193497688 ], [ 127.258789941538424, 37.852144592099279 ], [ 127.258526218518199, 37.851756478969314 ], [ 127.258353644519374, 37.850986865178577 ], [ 127.258347246594312, 37.850920195601937 ], [ 127.258354050353418, 37.850855554025522 ], [ 127.258367497609157, 37.850757951619755 ], [ 127.258624235365374, 37.849584520534911 ], [ 127.258652980034114, 37.849546661291114 ], [ 127.258680605931204, 37.849510277897629 ], [ 127.25881994927154, 37.849479017473151 ], [ 127.259184220972443, 37.849503440401271 ] ] ] ] } },
{ "type": "Feature", "properties": { "OBJECTID": 1621, "adm_nm": "경기도 포천시 내촌면", "adm_cd": "3127032", "adm_cd2": "4165032000", "sgg": "41650", "sido": "41", "sidonm": "경기도", "sggnm": "포천시" }, "geometry": { "type": "MultiPolygon", "coordinates": [ [ [ [ 127.28036268236994, 37.855434894547876 ], [ 127.280331389791613, 37.855284704874293 ], [ 127.2802811944387, 37.854643842457264 ], [ 127.280255955951617, 37.854051183559392 ], [ 127.280286185785627, 37.853959815508347 ], [ 127.280335219402673, 37.853892574564163 ], [ 127.280746688517183, 37.853485678517472 ], [ 127.283539434502899, 37.850740440313906 ], [ 127.285500528662851, 37.849161100502904 ], [ 127.285623552554014, 37.849120765501993 ], [ 127.285793702862719, 37.848993764860275 ], [ 127.285864958657555, 37.848919536242121 ], [ 127.286303636612232, 37.848306314516435 ], [ 127.286317209828283, 37.848278173154213 ], [ 127.286283997884325, 37.848218400981935 ], [ 127.28571681969477, 37.847553727206893 ], [ 127.284929036006261, 37.846825660668955 ], [ 127.284019945360882, 37.846025209134488 ], [ 127.28396535553324, 37.845985676601323 ], [ 127.283932206528888, 37.845964155545715 ], [ 127.283888779313585, 37.845935963936391 ], [ 127.283669567791094, 37.845836417125895 ], [ 127.283465911177274, 37.845758304670476 ], [ 127.282384585498548, 37.845318048456825 ], [ 127.281468982339305, 37.844571643781229 ], [ 127.281352264387522, 37.84447206647453 ], [ 127.281218858270748, 37.8443582443549 ], [ 127.281028964055039, 37.844194528572729 ], [ 127.279034811113775, 37.84234086010548 ], [ 127.278932083979129, 37.842009434946313 ], [ 127.278887818166012, 37.841850495497532 ], [ 127.278882599377511, 37.841824527895525 ], [ 127.278857715324946, 37.841700595750126 ], [ 127.278863759702659, 37.841343461954033 ], [ 127.278565506667704, 37.839412965421467 ], [ 127.27746846279291, 37.837859512479476 ], [ 127.276300207624516, 37.835914969015604 ], [ 127.274145014285807, 37.830615636801085 ], [ 127.274130390183444, 37.830522097400859 ], [ 127.274089505096924, 37.826693685325402 ], [ 127.274099047896968, 37.826590052417188 ], [ 127.274127816154405, 37.826471810008897 ], [ 127.274181429480819, 37.826359248445321 ], [ 127.275061815259605, 37.825039379871654 ], [ 127.27512736694834, 37.824968526471068 ], [ 127.275239087936924, 37.824893254567002 ], [ 127.275390634264213, 37.824803412134649 ], [ 127.275516455844041, 37.824761966172225 ], [ 127.275591997198305, 37.824746607497516 ], [ 127.2756372605823, 37.824737410178692 ], [ 127.275829113336798, 37.824702849504966 ], [ 127.277021358705653, 37.821920047863756 ], [ 127.278999525902464, 37.817271750454957 ], [ 127.279230841129547, 37.816605318202235 ], [ 127.27925616316378, 37.816449888560378 ], [ 127.279258295999753, 37.816389513363376 ], [ 127.278553671383264, 37.813188056650631 ], [ 127.277779463277469, 37.809947485341397 ], [ 127.277399426631789, 37.808822378665162 ], [ 127.277854797123268, 37.806372780342414 ], [ 127.278082950506189, 37.806289838429592 ], [ 127.27830265358206, 37.806196708796371 ], [ 127.278402273795166, 37.806113555852143 ], [ 127.278449999421539, 37.806059566530884 ], [ 127.278752544808157, 37.805463546329563 ], [ 127.278516165817379, 37.805064861012319 ], [ 127.278076314266031, 37.804475923060622 ], [ 127.277738280643476, 37.804029133203855 ], [ 127.277528121734221, 37.803792140437928 ], [ 127.277273177346004, 37.803576468940406 ], [ 127.275529646282195, 37.801174525574872 ], [ 127.271871856684783, 37.796132505450224 ], [ 127.271799758752351, 37.796030967378208 ], [ 127.270825257613424, 37.794590344368679 ], [ 127.270508785540585, 37.793855152727673 ], [ 127.270516110838841, 37.793781934758236 ], [ 127.270957132860175, 37.792344060940088 ], [ 127.271208742176782, 37.791549134772495 ], [ 127.271257327575313, 37.791443314969783 ], [ 127.271318671206842, 37.791351057738353 ], [ 127.272163526998341, 37.790386028457014 ], [ 127.271904099087223, 37.788652440354795 ], [ 127.271000428571, 37.78636388331779 ], [ 127.270969426550593, 37.786289464077477 ], [ 127.270930608500322, 37.786219536238129 ], [ 127.270397786370935, 37.785910923357612 ], [ 127.270343928541493, 37.785882652112576 ], [ 127.270179491671655, 37.785805719203687 ], [ 127.269976757331222, 37.785718571444029 ], [ 127.26966061280477, 37.785595155150205 ], [ 127.26953505316925, 37.785554343869109 ], [ 127.269340042692917, 37.785496503055327 ], [ 127.268913038691167, 37.7854010276574 ], [ 127.268703093113061, 37.785351043056679 ], [ 127.268600191151393, 37.785316825154652 ], [ 127.268525805205428, 37.785279661787037 ], [ 127.268477382644122, 37.78523068349871 ], [ 127.268414794176493, 37.785160072680803 ], [ 127.26813165737471, 37.784684068928243 ], [ 127.26806958229119, 37.784556635135189 ], [ 127.267354860837543, 37.782962140659784 ], [ 127.267080537965313, 37.782168435778239 ], [ 127.266979307802544, 37.781857279678128 ], [ 127.266523837898006, 37.780450292744206 ], [ 127.266401033947503, 37.779768448114716 ], [ 127.266380779009964, 37.77966250353164 ], [ 127.266268296980812, 37.779096700017369 ], [ 127.266252853052109, 37.77904259005993 ], [ 127.266216810473466, 37.778991820093005 ], [ 127.266157359449537, 37.778938748554964 ], [ 127.265306497756711, 37.778228393342793 ], [ 127.264732016729951, 37.777879112050961 ], [ 127.264191499794507, 37.777560314641782 ], [ 127.263453706670404, 37.777013535913561 ], [ 127.26339541157175, 37.776962313901436 ], [ 127.263355556078494, 37.776926992165762 ], [ 127.263286116519154, 37.776822795932034 ], [ 127.261749589634476, 37.774385001889208 ], [ 127.260991847991548, 37.772773479586199 ], [ 127.260977243316859, 37.772724453148328 ], [ 127.260945509928447, 37.772617907387605 ], [ 127.260939480395891, 37.772508609748371 ], [ 127.260939028776534, 37.772446093071636 ], [ 127.261524616988751, 37.771069930832596 ], [ 127.261444564497239, 37.771024702645121 ], [ 127.260528673838195, 37.770275873361832 ], [ 127.260442332486392, 37.770202465356441 ], [ 127.260375090735579, 37.770119193286959 ], [ 127.26029757964541, 37.769979093485873 ], [ 127.260089523158285, 37.769577581204295 ], [ 127.260008462103372, 37.769409544665884 ], [ 127.259985086985182, 37.769341699512061 ], [ 127.259967657586188, 37.769290901476531 ], [ 127.259956045267927, 37.769158193999282 ], [ 127.259960202955185, 37.769017073240342 ], [ 127.259961630268407, 37.76896892744746 ], [ 127.259955581886373, 37.76886423541724 ], [ 127.259926782037525, 37.76877281859926 ], [ 127.259857197504658, 37.768642845674613 ], [ 127.259810602860966, 37.768569874200956 ], [ 127.259776447120629, 37.768517888344249 ], [ 127.259763184084704, 37.768493714849292 ], [ 127.259741173107912, 37.768453597130794 ], [ 127.259725768392443, 37.768400739149243 ], [ 127.259098348707198, 37.76864043519231 ], [ 127.258967568036979, 37.768667365211193 ], [ 127.25879030411879, 37.76865895820081 ], [ 127.25854348599411, 37.768616766532148 ], [ 127.257965457018088, 37.76851418187497 ], [ 127.25374843814501, 37.767759600141453 ], [ 127.253547757407645, 37.767717494411258 ], [ 127.253401101973608, 37.767643955077709 ], [ 127.253254555295371, 37.767534353832197 ], [ 127.253038724612267, 37.767357025985966 ], [ 127.252458205266436, 37.766852076248817 ], [ 127.252108304750379, 37.766537121281281 ], [ 127.251854198064208, 37.766341675235509 ], [ 127.251684173121603, 37.766256817996876 ], [ 127.2515764739003, 37.766208144862681 ], [ 127.251453121864984, 37.766171831820003 ], [ 127.249526652380467, 37.765710331224881 ], [ 127.240473256885835, 37.762705106074719 ], [ 127.236491471328648, 37.76219152879235 ], [ 127.235757954576968, 37.760944948595544 ], [ 127.235706371407559, 37.760882850658867 ], [ 127.233593495364687, 37.758645062166757 ], [ 127.233409031398736, 37.758458803632095 ], [ 127.232989996694911, 37.758161487764085 ], [ 127.232892999386095, 37.758101555211056 ], [ 127.232244442217905, 37.757718148108125 ], [ 127.232188052183972, 37.757691859032995 ], [ 127.231999448479797, 37.757662853805655 ], [ 127.230681341301548, 37.757325890271261 ], [ 127.230535534869858, 37.757217348449707 ], [ 127.228481239815977, 37.755339054163244 ], [ 127.227622364769331, 37.754276888766228 ], [ 127.225528733260006, 37.75354528872478 ], [ 127.225350592732198, 37.753493097111829 ], [ 127.225144295124593, 37.753449803248927 ], [ 127.225081886657065, 37.753443992864099 ], [ 127.225016182260759, 37.753453033102915 ], [ 127.22488304852294, 37.753490880012926 ], [ 127.224621576148934, 37.753592795121094 ], [ 127.221681883817041, 37.754984070394329 ], [ 127.221632774604359, 37.755023387380696 ], [ 127.221571491213396, 37.75509422105749 ], [ 127.221543631939895, 37.755145982323342 ], [ 127.221534627446914, 37.755176858466413 ], [ 127.221513444174747, 37.755249563360223 ], [ 127.221514185380897, 37.755297137039094 ], [ 127.221515737429101, 37.755394907415557 ], [ 127.221750367651694, 37.755758028514755 ], [ 127.222069718788546, 37.756383165758727 ], [ 127.222070098089873, 37.756469919157531 ], [ 127.222025790194579, 37.756933995970307 ], [ 127.221967928166961, 37.757039766029827 ], [ 127.221869528803708, 37.757169099270968 ], [ 127.220754143360935, 37.757924701043486 ], [ 127.219936737150007, 37.758305824336659 ], [ 127.219866516894115, 37.758321926354448 ], [ 127.219776241796808, 37.758342622468348 ], [ 127.219527045809187, 37.758394967177857 ], [ 127.219399906738957, 37.758416086318881 ], [ 127.218910771546476, 37.758417259664689 ], [ 127.214046495661961, 37.760602449649006 ], [ 127.213872325600647, 37.76068877934798 ], [ 127.21383046739254, 37.760718132980777 ], [ 127.213731450974535, 37.760787582871643 ], [ 127.213529384346145, 37.760930177036428 ], [ 127.213414100834967, 37.761016649175261 ], [ 127.213127778083091, 37.761295362951408 ], [ 127.21303657521598, 37.761393159875141 ], [ 127.213022521904207, 37.761422058148632 ], [ 127.212999381824872, 37.761469681826426 ], [ 127.212982895061785, 37.761511327899939 ], [ 127.212680042322916, 37.76421332578456 ], [ 127.21267732868246, 37.76424857893776 ], [ 127.212668850265459, 37.764371138239497 ], [ 127.212650725937181, 37.76465388423366 ], [ 127.210960621732241, 37.764610317355945 ], [ 127.209406802223214, 37.763468575491828 ], [ 127.205282980643418, 37.761241079094319 ], [ 127.205219922488055, 37.761276145113875 ], [ 127.205159947774604, 37.76130949728536 ], [ 127.205009393794029, 37.761403863169335 ], [ 127.204881037862222, 37.761500330452776 ], [ 127.204836130497185, 37.76155317075078 ], [ 127.204815204937034, 37.761587873377827 ], [ 127.204782553627638, 37.761642042257655 ], [ 127.204759417585649, 37.761750143128268 ], [ 127.204757647877287, 37.762018282448373 ], [ 127.204762832657764, 37.762319112154678 ], [ 127.204834343944498, 37.762717000251634 ], [ 127.204853306558206, 37.762810650179375 ], [ 127.20486357315562, 37.762861285199548 ], [ 127.204894427549519, 37.762953748112324 ], [ 127.204894203732763, 37.763010080262887 ], [ 127.204880483257767, 37.763068631923879 ], [ 127.204800428137929, 37.763214896467815 ], [ 127.204739810327766, 37.763292483749652 ], [ 127.204699944542185, 37.763314876387149 ], [ 127.20451169364506, 37.76337754673596 ], [ 127.204260176990104, 37.763456899262501 ], [ 127.204152230453488, 37.763479161407417 ], [ 127.203314398965389, 37.763607747026889 ], [ 127.201150336055804, 37.763912108990802 ], [ 127.200828941950547, 37.763956819373711 ], [ 127.200681036027078, 37.763977390558175 ], [ 127.200610572223894, 37.763983953467005 ], [ 127.200504274583125, 37.763993841287615 ], [ 127.200388130730175, 37.763993131460062 ], [ 127.200192059980324, 37.763991920774906 ], [ 127.200002049417634, 37.76395200434915 ], [ 127.199622393426253, 37.763782039195611 ], [ 127.198613717068483, 37.763285989508958 ], [ 127.190924238485152, 37.762577688274817 ], [ 127.187290449571179, 37.763424359113195 ], [ 127.187167604140399, 37.763613310897163 ], [ 127.187042157100095, 37.76374592295722 ], [ 127.186973770965707, 37.763808833934341 ], [ 127.186937443418458, 37.763840283737544 ], [ 127.186773895908473, 37.763972235466539 ], [ 127.186429205127837, 37.764216361458367 ], [ 127.186364490612007, 37.764251115507378 ], [ 127.186173200445353, 37.764346371810063 ], [ 127.186003356569032, 37.764406758686548 ], [ 127.185779586331208, 37.764463621585072 ], [ 127.184314567880932, 37.764726723141962 ], [ 127.184238597228997, 37.764735532838387 ], [ 127.184155541962184, 37.764744323498597 ], [ 127.184068990533916, 37.764739584887685 ], [ 127.184025723526887, 37.76473383562174 ], [ 127.183920789778909, 37.764713274467361 ], [ 127.18380523703415, 37.764688178115286 ], [ 127.183725858403619, 37.764665432043941 ], [ 127.183638683007672, 37.764639285029148 ], [ 127.18156068128701, 37.763879957268337 ], [ 127.181495510439262, 37.763853868123917 ], [ 127.181459064616277, 37.763835580925225 ], [ 127.181423287268728, 37.763817619998512 ], [ 127.181365284882702, 37.763774650358314 ], [ 127.181338620459357, 37.763747033838051 ], [ 127.181315120997368, 37.763722688658689 ], [ 127.181216948890508, 37.763616517718546 ], [ 127.181130191593041, 37.76349347777888 ], [ 127.181068154674094, 37.763398671013341 ], [ 127.181028391718073, 37.7633359665287 ], [ 127.180970225310546, 37.763236167843687 ], [ 127.180905548936479, 37.763095161949458 ], [ 127.180679132599067, 37.763603796064587 ], [ 127.180444018719172, 37.764154092285395 ], [ 127.180384244441527, 37.764356727786293 ], [ 127.180321536129739, 37.764584141662176 ], [ 127.180317204985329, 37.764614414352863 ], [ 127.180306902953077, 37.764686627412679 ], [ 127.180595103820238, 37.767315998475823 ], [ 127.18082973617058, 37.767857319319212 ], [ 127.179436185069292, 37.772749967012636 ], [ 127.179806759919757, 37.773214028341037 ], [ 127.180348428825596, 37.773832903968753 ], [ 127.180694879150963, 37.774134659189976 ], [ 127.181227185184909, 37.774536106689538 ], [ 127.181485754520878, 37.774731671502714 ], [ 127.182354429603066, 37.775394233987662 ], [ 127.182593353380284, 37.775617954740284 ], [ 127.182622215697194, 37.775666442429717 ], [ 127.182625669526729, 37.775692581026796 ], [ 127.182658673302868, 37.775943732860775 ], [ 127.182449118388078, 37.776487340809247 ], [ 127.182213414203659, 37.777000458235911 ], [ 127.181668703443975, 37.778580841703416 ], [ 127.180886416302513, 37.781747956972815 ], [ 127.180848755882451, 37.782055042846117 ], [ 127.180843753444933, 37.782095976261658 ], [ 127.180843721377698, 37.782187946860979 ], [ 127.180843706632203, 37.782270606871045 ], [ 127.180874233953176, 37.782785302644115 ], [ 127.180879558519052, 37.782846422042958 ], [ 127.180928070181821, 37.783119202660409 ], [ 127.180948228170593, 37.783219529070493 ], [ 127.180985152739424, 37.783379613304902 ], [ 127.180991455687845, 37.783405749714568 ], [ 127.181003306615494, 37.783449514734258 ], [ 127.181111454840178, 37.783719076739779 ], [ 127.18122571758488, 37.783887256714848 ], [ 127.181437703130072, 37.784108653350501 ], [ 127.183041993237367, 37.786563442195359 ], [ 127.185027896758399, 37.790612310210612 ], [ 127.18579394508194, 37.793768970373598 ], [ 127.188319751903151, 37.795784492174256 ], [ 127.191035199493342, 37.798322094491397 ], [ 127.191996733592475, 37.80010926062382 ], [ 127.193483728212527, 37.801756876631067 ], [ 127.194540714817876, 37.803516063638405 ], [ 127.196520179054801, 37.806103452126237 ], [ 127.196603616963614, 37.806187038828106 ], [ 127.196665847434573, 37.806248037950603 ], [ 127.196815160680558, 37.806371227605545 ], [ 127.19691354027114, 37.806445839372806 ], [ 127.196948924499068, 37.806465579104533 ], [ 127.197033263503712, 37.806512619430293 ], [ 127.197462730177563, 37.806707506194641 ], [ 127.197518383308989, 37.80673254256719 ], [ 127.197717149699372, 37.806821950513765 ], [ 127.197822830377191, 37.806850386879873 ], [ 127.198017982583949, 37.806873420211126 ], [ 127.198156415124146, 37.80687940911983 ], [ 127.198306751573227, 37.806924860048525 ], [ 127.198755475319132, 37.807098385144485 ], [ 127.198919207664119, 37.80716865484834 ], [ 127.199175721013901, 37.807294368723625 ], [ 127.199378992942115, 37.807416565347559 ], [ 127.199404803209859, 37.807450213359502 ], [ 127.199437720878763, 37.807497486674059 ], [ 127.199458717697738, 37.807542953072506 ], [ 127.201033195353759, 37.811499230804323 ], [ 127.201540236689283, 37.812894175169397 ], [ 127.201549879574657, 37.813143188951486 ], [ 127.201598681354028, 37.813367513943319 ], [ 127.202025979238812, 37.814468200527415 ], [ 127.202101301656512, 37.814632882003728 ], [ 127.202198653685628, 37.814791985000568 ], [ 127.202355733981534, 37.814930959252465 ], [ 127.20246837271489, 37.814995462531883 ], [ 127.202641315176777, 37.815074764321274 ], [ 127.204091118583108, 37.815657510326837 ], [ 127.20412761032604, 37.815660665561289 ], [ 127.204238766498023, 37.815670274220025 ], [ 127.204418402983364, 37.815672977502373 ], [ 127.204578253798658, 37.815654226455457 ], [ 127.204610826361701, 37.815648701959212 ], [ 127.20470259799221, 37.815633131095474 ], [ 127.204798829930112, 37.81561588768097 ], [ 127.204882384798452, 37.815600909880779 ], [ 127.20527542676237, 37.815508381560925 ], [ 127.20541664765031, 37.815411582929876 ], [ 127.205455468499437, 37.815384978538859 ], [ 127.205587965998461, 37.815304110267789 ], [ 127.205632055923289, 37.815289578586928 ], [ 127.207389034389251, 37.815051727593563 ], [ 127.207508371922813, 37.81504075662869 ], [ 127.207598178946498, 37.815034693814361 ], [ 127.20768944743277, 37.815041206106351 ], [ 127.207783661914149, 37.815077123842421 ], [ 127.207826282511348, 37.81509337212357 ], [ 127.208065216341282, 37.815187475996915 ], [ 127.208158040327547, 37.815236150811316 ], [ 127.208958488680452, 37.815732728963603 ], [ 127.209732930186959, 37.816345281015913 ], [ 127.209822057592405, 37.816433378850348 ], [ 127.20986148887124, 37.816520223070114 ], [ 127.209879628656608, 37.816591088596908 ], [ 127.209866639190125, 37.816654310909684 ], [ 127.209707866108559, 37.816763203310003 ], [ 127.209628141362231, 37.816812579147623 ], [ 127.209527126890322, 37.816858523402701 ], [ 127.209457261103282, 37.816896998592881 ], [ 127.209394762085992, 37.816931428786759 ], [ 127.209322966345908, 37.817007146887391 ], [ 127.209293455711531, 37.81705172972255 ], [ 127.209248754241429, 37.817142723431921 ], [ 127.209174629289649, 37.817293663959475 ], [ 127.209091444233337, 37.817500761032875 ], [ 127.209060572552332, 37.817585183979887 ], [ 127.209041271209202, 37.817705893601222 ], [ 127.209026363182218, 37.817799161814804 ], [ 127.209022965978534, 37.817842586894919 ], [ 127.209017390834376, 37.817914057321737 ], [ 127.209020665856031, 37.817991487473478 ], [ 127.209022589633307, 37.818036873438039 ], [ 127.209297250104598, 37.819885247145749 ], [ 127.209359593192104, 37.820102762954406 ], [ 127.209408310173217, 37.820176196089676 ], [ 127.209465712496865, 37.820207883703333 ], [ 127.209532280491544, 37.820226002065645 ], [ 127.209567175573028, 37.820228412601224 ], [ 127.209671568872551, 37.820228669954375 ], [ 127.211336274272526, 37.820181341322851 ], [ 127.212384698246922, 37.820121534993895 ], [ 127.212729256863739, 37.820082943292753 ], [ 127.212861706537893, 37.820067934874608 ], [ 127.21292391876483, 37.820060885007408 ], [ 127.21308236544688, 37.820039864835316 ], [ 127.21319748868568, 37.820018738971974 ], [ 127.213311939628767, 37.819986344924338 ], [ 127.213557212901307, 37.819915963089578 ], [ 127.214123902384671, 37.819729190317219 ], [ 127.214860708097348, 37.819440302160118 ], [ 127.215156620388214, 37.819310327438473 ], [ 127.215253303026714, 37.819265107882543 ], [ 127.215293209922095, 37.819246438967944 ], [ 127.215456257923464, 37.819137553012219 ], [ 127.215557452103141, 37.819043154836223 ], [ 127.215614628837699, 37.818947528171002 ], [ 127.215778691139391, 37.818569371826811 ], [ 127.21612508514616, 37.817681285050263 ], [ 127.216140850270918, 37.817549963556033 ], [ 127.216087003280478, 37.817425445066398 ], [ 127.216024509143935, 37.817242778077777 ], [ 127.216013434661889, 37.817170772338933 ], [ 127.216003025596891, 37.817103022410819 ], [ 127.216046157978724, 37.816965675805676 ], [ 127.216607862115467, 37.815849397365717 ], [ 127.216656472482725, 37.815761636038438 ], [ 127.21669210866105, 37.815730175708012 ], [ 127.216806616022396, 37.815680878697151 ], [ 127.219171532543427, 37.81484831691666 ], [ 127.221126070096958, 37.814367376466407 ], [ 127.221443837848966, 37.814272363516835 ], [ 127.221545558547561, 37.814223031640935 ], [ 127.221726314038108, 37.814117554165534 ], [ 127.221849571804356, 37.814008560722051 ], [ 127.222441172806924, 37.813410581048288 ], [ 127.222540354984829, 37.813280123879679 ], [ 127.222606135924011, 37.813158601135278 ], [ 127.222651992834869, 37.813048297894049 ], [ 127.222691978028507, 37.812973889243011 ], [ 127.222734228380418, 37.812895267749646 ], [ 127.222788812534574, 37.81279740422562 ], [ 127.222899244086264, 37.812628641137316 ], [ 127.223083359971412, 37.812382338795366 ], [ 127.223230952291729, 37.812220448741876 ], [ 127.223824627116812, 37.811629226643305 ], [ 127.225020564439177, 37.810591007539237 ], [ 127.226184245334636, 37.810252340899723 ], [ 127.226757804033539, 37.810102702149514 ], [ 127.231333521323165, 37.809840577537216 ], [ 127.231398831784929, 37.809844106408399 ], [ 127.231460581464987, 37.809852133709924 ], [ 127.231699584223236, 37.809929285710751 ], [ 127.231917245784686, 37.810017664133831 ], [ 127.23396098364087, 37.811152377212792 ], [ 127.234926794977014, 37.811711124610191 ], [ 127.235025174103995, 37.811778883390026 ], [ 127.236196095373302, 37.813163905446935 ], [ 127.238253082698961, 37.814995912616133 ], [ 127.240709369668338, 37.816391613158949 ], [ 127.244488205908965, 37.818948352571468 ], [ 127.244535591715902, 37.819002534283733 ], [ 127.24458689251226, 37.819160375753036 ], [ 127.244886526013374, 37.822264929651531 ], [ 127.244921050893367, 37.822629739578524 ], [ 127.244950938311248, 37.822945561976979 ], [ 127.245401097086571, 37.828966190128718 ], [ 127.245129836893355, 37.831018345831012 ], [ 127.244529730798462, 37.832239452301664 ], [ 127.244486758651533, 37.83234301013907 ], [ 127.244476481047457, 37.832439879043918 ], [ 127.24448442895067, 37.832606639281956 ], [ 127.244530163189552, 37.832937971184698 ], [ 127.244552572702943, 37.833030404416014 ], [ 127.245292708618351, 37.835082495049313 ], [ 127.24531456231081, 37.835132114530033 ], [ 127.247227089580576, 37.839160597450125 ], [ 127.247285659192045, 37.839272260566979 ], [ 127.247445563627622, 37.839456246002811 ], [ 127.247640969296455, 37.839644813856545 ], [ 127.247782583629473, 37.839776934167354 ], [ 127.247862403192826, 37.839808047137609 ], [ 127.250405724973703, 37.841066892812094 ], [ 127.251630445193598, 37.842093598067848 ], [ 127.251812200400551, 37.843800862507642 ], [ 127.255096773187091, 37.845508429463862 ], [ 127.258518631914527, 37.848203044587322 ], [ 127.259184220972443, 37.849503440401271 ], [ 127.264273786791819, 37.85060205264493 ], [ 127.267716299021444, 37.849989241991246 ], [ 127.275424233258775, 37.85188669299847 ], [ 127.27814479364207, 37.855401524451565 ], [ 127.278196308239799, 37.855438633813193 ], [ 127.278314146080305, 37.855517806010148 ], [ 127.278406028197296, 37.855560259428891 ], [ 127.278439016792291, 37.855575499572261 ], [ 127.278682476764786, 37.855651442158106 ], [ 127.279088050496554, 37.855689382787752 ], [ 127.279149859192032, 37.85568837208907 ], [ 127.27924867752418, 37.855669404534723 ], [ 127.28036268236994, 37.855434894547876 ] ] ] ] } },
{ "type": "Feature", "properties": { "OBJECTID": 1622, "adm_nm": "경기도 포천시 가산면", "adm_cd": "3127033", "adm_cd2": "4165033000", "sgg": "41650", "sido": "41", "sidonm": "경기도", "sggnm": "포천시" }, "geometry": { "type": "MultiPolygon", "coordinates": [ [ [ [ 127.251812200400551, 37.843800862507642 ], [ 127.251630445193598, 37.842093598067848 ], [ 127.250405724973703, 37.841066892812094 ], [ 127.247862403192826, 37.839808047137609 ], [ 127.247782583629473, 37.839776934167354 ], [ 127.247640969296455, 37.839644813856545 ], [ 127.247445563627622, 37.839456246002811 ], [ 127.247285659192045, 37.839272260566979 ], [ 127.247227089580576, 37.839160597450125 ], [ 127.24531456231081, 37.835132114530033 ], [ 127.245292708618351, 37.835082495049313 ], [ 127.244552572702943, 37.833030404416014 ], [ 127.244530163189552, 37.832937971184698 ], [ 127.24448442895067, 37.832606639281956 ], [ 127.244476481047457, 37.832439879043918 ], [ 127.244486758651533, 37.83234301013907 ], [ 127.244529730798462, 37.832239452301664 ], [ 127.245129836893355, 37.831018345831012 ], [ 127.245401097086571, 37.828966190128718 ], [ 127.244950938311248, 37.822945561976979 ], [ 127.244921050893367, 37.822629739578524 ], [ 127.244886526013374, 37.822264929651531 ], [ 127.24458689251226, 37.819160375753036 ], [ 127.244535591715902, 37.819002534283733 ], [ 127.244488205908965, 37.818948352571468 ], [ 127.240709369668338, 37.816391613158949 ], [ 127.238253082698961, 37.814995912616133 ], [ 127.236196095373302, 37.813163905446935 ], [ 127.235025174103995, 37.811778883390026 ], [ 127.234926794977014, 37.811711124610191 ], [ 127.23396098364087, 37.811152377212792 ], [ 127.231917245784686, 37.810017664133831 ], [ 127.231699584223236, 37.809929285710751 ], [ 127.231460581464987, 37.809852133709924 ], [ 127.231398831784929, 37.809844106408399 ], [ 127.231333521323165, 37.809840577537216 ], [ 127.226757804033539, 37.810102702149514 ], [ 127.226184245334636, 37.810252340899723 ], [ 127.225020564439177, 37.810591007539237 ], [ 127.223824627116812, 37.811629226643305 ], [ 127.223230952291729, 37.812220448741876 ], [ 127.223083359971412, 37.812382338795366 ], [ 127.222899244086264, 37.812628641137316 ], [ 127.222788812534574, 37.81279740422562 ], [ 127.222734228380418, 37.812895267749646 ], [ 127.222691978028507, 37.812973889243011 ], [ 127.222651992834869, 37.813048297894049 ], [ 127.222606135924011, 37.813158601135278 ], [ 127.222540354984829, 37.813280123879679 ], [ 127.222441172806924, 37.813410581048288 ], [ 127.221849571804356, 37.814008560722051 ], [ 127.221726314038108, 37.814117554165534 ], [ 127.221545558547561, 37.814223031640935 ], [ 127.221443837848966, 37.814272363516835 ], [ 127.221126070096958, 37.814367376466407 ], [ 127.219171532543427, 37.81484831691666 ], [ 127.216806616022396, 37.815680878697151 ], [ 127.21669210866105, 37.815730175708012 ], [ 127.216656472482725, 37.815761636038438 ], [ 127.216607862115467, 37.815849397365717 ], [ 127.216046157978724, 37.816965675805676 ], [ 127.216003025596891, 37.817103022410819 ], [ 127.216013434661889, 37.817170772338933 ], [ 127.216024509143935, 37.817242778077777 ], [ 127.216087003280478, 37.817425445066398 ], [ 127.216140850270918, 37.817549963556033 ], [ 127.21612508514616, 37.817681285050263 ], [ 127.215778691139391, 37.818569371826811 ], [ 127.215614628837699, 37.818947528171002 ], [ 127.215557452103141, 37.819043154836223 ], [ 127.215456257923464, 37.819137553012219 ], [ 127.215293209922095, 37.819246438967944 ], [ 127.215253303026714, 37.819265107882543 ], [ 127.215156620388214, 37.819310327438473 ], [ 127.214860708097348, 37.819440302160118 ], [ 127.214123902384671, 37.819729190317219 ], [ 127.213557212901307, 37.819915963089578 ], [ 127.213311939628767, 37.819986344924338 ], [ 127.21319748868568, 37.820018738971974 ], [ 127.21308236544688, 37.820039864835316 ], [ 127.21292391876483, 37.820060885007408 ], [ 127.212861706537893, 37.820067934874608 ], [ 127.212729256863739, 37.820082943292753 ], [ 127.212384698246922, 37.820121534993895 ], [ 127.211336274272526, 37.820181341322851 ], [ 127.209671568872551, 37.820228669954375 ], [ 127.209567175573028, 37.820228412601224 ], [ 127.209532280491544, 37.820226002065645 ], [ 127.209465712496865, 37.820207883703333 ], [ 127.209408310173217, 37.820176196089676 ], [ 127.209359593192104, 37.820102762954406 ], [ 127.209297250104598, 37.819885247145749 ], [ 127.209022589633307, 37.818036873438039 ], [ 127.209020665856031, 37.817991487473478 ], [ 127.209017390834376, 37.817914057321737 ], [ 127.209022965978534, 37.817842586894919 ], [ 127.209026363182218, 37.817799161814804 ], [ 127.209041271209202, 37.817705893601222 ], [ 127.209060572552332, 37.817585183979887 ], [ 127.209091444233337, 37.817500761032875 ], [ 127.209174629289649, 37.817293663959475 ], [ 127.209248754241429, 37.817142723431921 ], [ 127.209293455711531, 37.81705172972255 ], [ 127.209322966345908, 37.817007146887391 ], [ 127.209394762085992, 37.816931428786759 ], [ 127.209457261103282, 37.816896998592881 ], [ 127.209527126890322, 37.816858523402701 ], [ 127.209628141362231, 37.816812579147623 ], [ 127.209707866108559, 37.816763203310003 ], [ 127.209866639190125, 37.816654310909684 ], [ 127.209879628656608, 37.816591088596908 ], [ 127.20986148887124, 37.816520223070114 ], [ 127.209822057592405, 37.816433378850348 ], [ 127.209732930186959, 37.816345281015913 ], [ 127.208958488680452, 37.815732728963603 ], [ 127.208158040327547, 37.815236150811316 ], [ 127.208065216341282, 37.815187475996915 ], [ 127.207826282511348, 37.81509337212357 ], [ 127.207783661914149, 37.815077123842421 ], [ 127.20768944743277, 37.815041206106351 ], [ 127.207598178946498, 37.815034693814361 ], [ 127.207508371922813, 37.81504075662869 ], [ 127.207389034389251, 37.815051727593563 ], [ 127.205632055923289, 37.815289578586928 ], [ 127.205587965998461, 37.815304110267789 ], [ 127.205455468499437, 37.815384978538859 ], [ 127.20541664765031, 37.815411582929876 ], [ 127.20527542676237, 37.815508381560925 ], [ 127.204882384798452, 37.815600909880779 ], [ 127.204798829930112, 37.81561588768097 ], [ 127.20470259799221, 37.815633131095474 ], [ 127.204610826361701, 37.815648701959212 ], [ 127.204578253798658, 37.815654226455457 ], [ 127.204418402983364, 37.815672977502373 ], [ 127.204238766498023, 37.815670274220025 ], [ 127.20412761032604, 37.815660665561289 ], [ 127.204091118583108, 37.815657510326837 ], [ 127.202641315176777, 37.815074764321274 ], [ 127.20246837271489, 37.814995462531883 ], [ 127.202355733981534, 37.814930959252465 ], [ 127.202198653685628, 37.814791985000568 ], [ 127.202101301656512, 37.814632882003728 ], [ 127.202025979238812, 37.814468200527415 ], [ 127.201598681354028, 37.813367513943319 ], [ 127.201549879574657, 37.813143188951486 ], [ 127.201540236689283, 37.812894175169397 ], [ 127.201033195353759, 37.811499230804323 ], [ 127.199458717697738, 37.807542953072506 ], [ 127.199437720878763, 37.807497486674059 ], [ 127.199404803209859, 37.807450213359502 ], [ 127.199378992942115, 37.807416565347559 ], [ 127.199175721013901, 37.807294368723625 ], [ 127.198919207664119, 37.80716865484834 ], [ 127.198755475319132, 37.807098385144485 ], [ 127.198306751573227, 37.806924860048525 ], [ 127.198156415124146, 37.80687940911983 ], [ 127.198017982583949, 37.806873420211126 ], [ 127.197822830377191, 37.806850386879873 ], [ 127.197717149699372, 37.806821950513765 ], [ 127.197518383308989, 37.80673254256719 ], [ 127.197462730177563, 37.806707506194641 ], [ 127.197033263503712, 37.806512619430293 ], [ 127.196948924499068, 37.806465579104533 ], [ 127.19691354027114, 37.806445839372806 ], [ 127.196815160680558, 37.806371227605545 ], [ 127.196665847434573, 37.806248037950603 ], [ 127.196603616963614, 37.806187038828106 ], [ 127.196520179054801, 37.806103452126237 ], [ 127.194540714817876, 37.803516063638405 ], [ 127.193483728212527, 37.801756876631067 ], [ 127.191996733592475, 37.80010926062382 ], [ 127.188999708782632, 37.803094847942901 ], [ 127.188572089924918, 37.803484664494839 ], [ 127.188394641952357, 37.803644178108293 ], [ 127.18739988056771, 37.804506806787074 ], [ 127.186139128209149, 37.805471244192638 ], [ 127.183839733533603, 37.806013455645612 ], [ 127.18217075909169, 37.806183911101776 ], [ 127.182053862558647, 37.806126136752134 ], [ 127.181905068962365, 37.806054756418334 ], [ 127.181501601552313, 37.805931988592796 ], [ 127.181417847073135, 37.805926128897489 ], [ 127.181326978200815, 37.805923628932689 ], [ 127.181228936798817, 37.805938010973144 ], [ 127.179910610049276, 37.806236377261882 ], [ 127.179662569106924, 37.806293161053297 ], [ 127.179479765946454, 37.80637152989889 ], [ 127.179140225998012, 37.806571147546506 ], [ 127.178302735650675, 37.807153593250959 ], [ 127.177951644570868, 37.807398242591624 ], [ 127.177799904143555, 37.807513871203781 ], [ 127.177730765277957, 37.80757677420322 ], [ 127.177694785600281, 37.80761119256649 ], [ 127.1776186081091, 37.807733071876967 ], [ 127.177600599140604, 37.807793861418503 ], [ 127.177139912044098, 37.810492740645195 ], [ 127.174965371130796, 37.811114727016388 ], [ 127.174864365697559, 37.81083166057298 ], [ 127.174760357816268, 37.810585765003729 ], [ 127.174323263198431, 37.809712534647772 ], [ 127.173789644371624, 37.808670038615034 ], [ 127.173636641565949, 37.808425132937003 ], [ 127.173468303439833, 37.808297077992002 ], [ 127.171144316242732, 37.811249007478125 ], [ 127.169701113627752, 37.813408855952424 ], [ 127.169476502032452, 37.814028727134108 ], [ 127.169416763760879, 37.81418185512041 ], [ 127.169344337514417, 37.814367475906835 ], [ 127.169084082255907, 37.814928942829326 ], [ 127.169064176386996, 37.814950251670055 ], [ 127.168985105726478, 37.814964068379261 ], [ 127.168850202148661, 37.814985742579765 ], [ 127.168259372169217, 37.815054455692554 ], [ 127.167898283333571, 37.815076574072087 ], [ 127.167678855513259, 37.815080461807192 ], [ 127.165851454984889, 37.817048044149772 ], [ 127.165863417350408, 37.817544927548425 ], [ 127.164871710948091, 37.821401986896269 ], [ 127.164804041056655, 37.821604589895358 ], [ 127.164733595192715, 37.82177247806726 ], [ 127.164621863322978, 37.822016287055881 ], [ 127.163961767839808, 37.823179488447046 ], [ 127.163429815245834, 37.828036046133541 ], [ 127.16325849320809, 37.828698021110597 ], [ 127.163145336056417, 37.829060475772472 ], [ 127.163039015995508, 37.829326058788375 ], [ 127.162942801151601, 37.829545847897556 ], [ 127.162872514325471, 37.829706386764101 ], [ 127.162772114034084, 37.829836870735164 ], [ 127.162679612454696, 37.829957075240543 ], [ 127.16239507684908, 37.830255724570215 ], [ 127.162359067755929, 37.830288614780869 ], [ 127.162141364613419, 37.830487239955765 ], [ 127.16198768447471, 37.83061642932627 ], [ 127.161855166357924, 37.83070730679016 ], [ 127.16054050166062, 37.831333316809292 ], [ 127.158872422158765, 37.832045040220393 ], [ 127.158018551302874, 37.832386189115013 ], [ 127.157980830058833, 37.832401852536108 ], [ 127.157951612756136, 37.832421641610757 ], [ 127.157919556890235, 37.832443360253819 ], [ 127.157815518263888, 37.832517416248059 ], [ 127.157315198460878, 37.832890005924945 ], [ 127.157269503015755, 37.832941698379386 ], [ 127.156125756058174, 37.834444356882862 ], [ 127.15594693753826, 37.834792291522511 ], [ 127.155678244725507, 37.835602686414902 ], [ 127.155612498796344, 37.835839088364757 ], [ 127.155469975233231, 37.836601680927252 ], [ 127.155460339843003, 37.836790653152875 ], [ 127.155471271835069, 37.837645803882516 ], [ 127.155495798164964, 37.838068073960557 ], [ 127.155513349615646, 37.838221638357545 ], [ 127.155554014484153, 37.838403932032236 ], [ 127.155836405956023, 37.839014610572065 ], [ 127.157979803030955, 37.842932541073324 ], [ 127.158139679399866, 37.843164813226849 ], [ 127.158340370341449, 37.843456347538798 ], [ 127.159144633183402, 37.843734704297255 ], [ 127.160234848922954, 37.844085985710599 ], [ 127.162654015980237, 37.844779062635588 ], [ 127.163226362160898, 37.844942981628506 ], [ 127.16415380176376, 37.845208091645041 ], [ 127.164334836810724, 37.845328923650378 ], [ 127.16457584572305, 37.845489786642801 ], [ 127.164586372254476, 37.845555932210821 ], [ 127.164617346293568, 37.845751325259634 ], [ 127.164527540520623, 37.846130746223523 ], [ 127.164259652176781, 37.846918015897316 ], [ 127.164076088517859, 37.847198412601337 ], [ 127.164003810445465, 37.847266029949324 ], [ 127.163987082513685, 37.847350479994539 ], [ 127.163987303817621, 37.847459765313346 ], [ 127.163987441264297, 37.8474946013202 ], [ 127.163987640431245, 37.847540884134325 ], [ 127.164012836447654, 37.847782055423728 ], [ 127.164052014548517, 37.847882655095439 ], [ 127.164105529404239, 37.848020041133069 ], [ 127.164134476002204, 37.848058429347731 ], [ 127.164159897835745, 37.848085806119506 ], [ 127.164186552302567, 37.848109564939293 ], [ 127.164234238163417, 37.848148844783012 ], [ 127.164317195141891, 37.84818288038899 ], [ 127.165319220437922, 37.84841781962303 ], [ 127.166089506667461, 37.848530416691062 ], [ 127.166415131165365, 37.848629356950028 ], [ 127.166496710712622, 37.84865662729802 ], [ 127.166539767470368, 37.848675203539372 ], [ 127.166604483107179, 37.84870312457317 ], [ 127.166689472183123, 37.84876082363369 ], [ 127.166842427362639, 37.848882978297205 ], [ 127.166907494347285, 37.848934941685258 ], [ 127.167137411407452, 37.849148527040967 ], [ 127.167174361025886, 37.849183358927732 ], [ 127.167250892196094, 37.849217509500747 ], [ 127.167535837825554, 37.849332167711943 ], [ 127.167834896785422, 37.849450451353214 ], [ 127.168164149829011, 37.849580673342665 ], [ 127.168701301876325, 37.849880744474284 ], [ 127.172582304641296, 37.854382370559144 ], [ 127.173380105607677, 37.855520235021892 ], [ 127.17353511005031, 37.855974699029012 ], [ 127.173591972482939, 37.856291441259515 ], [ 127.173597776280218, 37.856426653610981 ], [ 127.173603403263726, 37.856595267056647 ], [ 127.173600482716026, 37.856643002167623 ], [ 127.173587362806927, 37.856854746226105 ], [ 127.1735579741826, 37.857234340885633 ], [ 127.173372950551595, 37.857785879101229 ], [ 127.173281003925666, 37.858013204333311 ], [ 127.173205791175505, 37.858168254961889 ], [ 127.17315765194121, 37.858267733925906 ], [ 127.173140418408792, 37.858473607952426 ], [ 127.173133377918361, 37.858621177606757 ], [ 127.173137865067048, 37.858760919850774 ], [ 127.173143372696543, 37.858932156626359 ], [ 127.173253810831895, 37.859182576104935 ], [ 127.173493939149736, 37.859509966332908 ], [ 127.173679694209511, 37.859762847482379 ], [ 127.17505231031133, 37.861079172963684 ], [ 127.175847324562881, 37.86158046341609 ], [ 127.176260675682585, 37.861738022570556 ], [ 127.176663076177562, 37.86189140418756 ], [ 127.177494113380831, 37.862119010216055 ], [ 127.17857580680591, 37.862224491721328 ], [ 127.178934855149819, 37.862335881485564 ], [ 127.179538967590034, 37.862628198901781 ], [ 127.179971925244487, 37.862870405929002 ], [ 127.18045193439221, 37.863139918890816 ], [ 127.182759067657216, 37.865283342233646 ], [ 127.182906888389169, 37.865622897826221 ], [ 127.18301172354937, 37.865864279784454 ], [ 127.183044990945987, 37.866060403650231 ], [ 127.183097662264728, 37.866371496383842 ], [ 127.183148946643414, 37.866674698909172 ], [ 127.183177268680581, 37.867197533191721 ], [ 127.183150199572822, 37.867446806920078 ], [ 127.183146932944553, 37.867476856715648 ], [ 127.183057035634832, 37.867893469200666 ], [ 127.182943441587582, 37.86870447919177 ], [ 127.183002503880431, 37.869178811174336 ], [ 127.183293881169135, 37.869668554157066 ], [ 127.184239118317933, 37.870798750904811 ], [ 127.189386760609281, 37.869365560878187 ], [ 127.191284663715649, 37.869332639038255 ], [ 127.192662937803235, 37.869061341725448 ], [ 127.192749775410363, 37.869026642723647 ], [ 127.196170916300701, 37.86531762828033 ], [ 127.196242295938276, 37.865238948038019 ], [ 127.196268511867018, 37.865208749759624 ], [ 127.196707207475555, 37.864149564253914 ], [ 127.196746660578782, 37.864047552212021 ], [ 127.196792015258026, 37.862180424951291 ], [ 127.195462478838309, 37.860484787759638 ], [ 127.195053640656639, 37.860037582054709 ], [ 127.194595590993245, 37.859635312695509 ], [ 127.194451880507572, 37.85950988333132 ], [ 127.194283463059392, 37.859381126908872 ], [ 127.193927735348296, 37.859285447334294 ], [ 127.193630763425745, 37.859269451930167 ], [ 127.193510049340674, 37.859262954811385 ], [ 127.192840665489072, 37.858771124117716 ], [ 127.192202268781358, 37.857729680521864 ], [ 127.191907954659243, 37.856850027611237 ], [ 127.191919228315541, 37.85653121912955 ], [ 127.191963771137111, 37.856240663565821 ], [ 127.192046377211113, 37.855853316814802 ], [ 127.192087676230159, 37.855661896669261 ], [ 127.193340282545108, 37.851877413309857 ], [ 127.194298022415168, 37.850484000178476 ], [ 127.194363603982353, 37.850430091822922 ], [ 127.194471782498837, 37.850383053779737 ], [ 127.196457975616156, 37.849640666349472 ], [ 127.196552718752486, 37.849665133229045 ], [ 127.203450326263621, 37.851573203660983 ], [ 127.203539143533874, 37.851610857789979 ], [ 127.20358933555319, 37.851632138781852 ], [ 127.203685457808163, 37.851756310788218 ], [ 127.203760145749669, 37.851910847998369 ], [ 127.203819303642177, 37.852040560080376 ], [ 127.203862642934325, 37.852217551110108 ], [ 127.203933796135075, 37.852545581421182 ], [ 127.203860142246924, 37.852663693107473 ], [ 127.203853528657973, 37.852720007425781 ], [ 127.203862914520798, 37.852809518456759 ], [ 127.203879309009537, 37.852845129868548 ], [ 127.203951875889516, 37.852978706149329 ], [ 127.203982276450731, 37.853034663768724 ], [ 127.204208273879516, 37.853195214115679 ], [ 127.204963751790544, 37.853705298334418 ], [ 127.205119601979675, 37.853775464488294 ], [ 127.205634080485993, 37.853925467770743 ], [ 127.207817750214417, 37.854537035986198 ], [ 127.208196805337479, 37.854621347938149 ], [ 127.21175071437996, 37.855308335538815 ], [ 127.211872141048076, 37.855323279893938 ], [ 127.212026991579492, 37.85533154424504 ], [ 127.212182580189506, 37.855334178815518 ], [ 127.212506538821572, 37.855338350106514 ], [ 127.213879304147255, 37.855343416973042 ], [ 127.217533846122649, 37.853320381715029 ], [ 127.221075267513243, 37.853817758735481 ], [ 127.222832641121002, 37.853030969171435 ], [ 127.223406323043733, 37.852747278783163 ], [ 127.223605106419072, 37.852593396186776 ], [ 127.22370351276578, 37.852495609653971 ], [ 127.223896778185491, 37.852300027117096 ], [ 127.2240116146708, 37.852176367078783 ], [ 127.224078707926196, 37.852119849025023 ], [ 127.224104981202416, 37.852097720328672 ], [ 127.224202552595983, 37.852031478168264 ], [ 127.224978340069953, 37.851845144069095 ], [ 127.225208720647231, 37.851791603282642 ], [ 127.231023179449309, 37.851240420084267 ], [ 127.231653350492593, 37.851525932796832 ], [ 127.232224335575609, 37.851777346186928 ], [ 127.232542938339051, 37.851885100841834 ], [ 127.232690570000841, 37.851923740843546 ], [ 127.232752335373576, 37.851934021676421 ], [ 127.23300652005581, 37.851976283867337 ], [ 127.233250078562804, 37.85201176161209 ], [ 127.233522820246975, 37.852030405328037 ], [ 127.234304893211217, 37.852062590825582 ], [ 127.234912972549353, 37.852078608449659 ], [ 127.234989703510536, 37.852077653616121 ], [ 127.235052578066089, 37.852060810804822 ], [ 127.235102065028656, 37.852046360567215 ], [ 127.235168962709835, 37.852013839437241 ], [ 127.235409093250979, 37.851816090954777 ], [ 127.235930044833296, 37.851359845294404 ], [ 127.236044831026859, 37.851247438835458 ], [ 127.236103359072146, 37.851170958620635 ], [ 127.236151369473149, 37.851053895837943 ], [ 127.23615900367308, 37.850905196708226 ], [ 127.236160063566672, 37.850607766602593 ], [ 127.236148831215402, 37.850372273143776 ], [ 127.236120184870202, 37.850160757878641 ], [ 127.236089084542755, 37.84999358879481 ], [ 127.236067313590752, 37.849824341455694 ], [ 127.23607503561972, 37.849747951049899 ], [ 127.236094053841427, 37.849686865878851 ], [ 127.236103781377366, 37.849655630222806 ], [ 127.236130038006579, 37.849614273832465 ], [ 127.236157369002171, 37.849571253319553 ], [ 127.236212977699083, 37.849516171714228 ], [ 127.236330434389515, 37.849447710719261 ], [ 127.242603298750836, 37.846206729047744 ], [ 127.249697713073814, 37.844321263561689 ], [ 127.251812200400551, 37.843800862507642 ] ] ] ] } },
{ "type": "Feature", "properties": { "OBJECTID": 1623, "adm_nm": "경기도 포천시 신북면", "adm_cd": "3127034", "adm_cd2": "4165034000", "sgg": "41650", "sido": "41", "sidonm": "경기도", "sggnm": "포천시" }, "geometry": { "type": "MultiPolygon", "coordinates": [ [ [ [ 127.143287304201181, 37.991261828486628 ], [ 127.144324207883074, 37.987460409310621 ], [ 127.144280092482092, 37.987311563428328 ], [ 127.14390994302731, 37.985848103910079 ], [ 127.143882888281126, 37.985701562710524 ], [ 127.143879391219045, 37.985541573509913 ], [ 127.143888810370612, 37.985515320470697 ], [ 127.143929891705213, 37.985400900152548 ], [ 127.144013646690752, 37.985302011991784 ], [ 127.148970379361458, 37.980622295961439 ], [ 127.155402732698903, 37.977818054729575 ], [ 127.155754977257601, 37.977670373358485 ], [ 127.160258375273074, 37.977342103103304 ], [ 127.160487132617192, 37.977427259489417 ], [ 127.161794355153233, 37.978064181199862 ], [ 127.162195286229618, 37.978314314507408 ], [ 127.162306545247873, 37.978418282261352 ], [ 127.163582369073723, 37.979859494663842 ], [ 127.163863939651108, 37.980226448401922 ], [ 127.164037721749082, 37.980487047944571 ], [ 127.165612252075917, 37.981275367752893 ], [ 127.168791650909753, 37.980206628583687 ], [ 127.172006990295699, 37.978765688743991 ], [ 127.17434390559994, 37.979206621434706 ], [ 127.177044351575603, 37.979025251051908 ], [ 127.179221058544897, 37.978770937278519 ], [ 127.179372104896743, 37.978730791053728 ], [ 127.179448153849236, 37.978640871141835 ], [ 127.17993526004058, 37.978020305734219 ], [ 127.180643095925603, 37.976767183213092 ], [ 127.180709969854661, 37.976606259135721 ], [ 127.180351517191639, 37.97442528962214 ], [ 127.17995284367565, 37.972004240135931 ], [ 127.179966250163318, 37.971938138083495 ], [ 127.181264105011238, 37.968458687007306 ], [ 127.182838468070457, 37.967679097916879 ], [ 127.190872016976115, 37.967138301767747 ], [ 127.193811657447881, 37.9670817726455 ], [ 127.193966363996097, 37.967090169667799 ], [ 127.194051388853737, 37.967094789129519 ], [ 127.194237050102601, 37.967108791216006 ], [ 127.194311891279156, 37.967123036856556 ], [ 127.194387062377587, 37.967137346397024 ], [ 127.194650680518393, 37.967227033524871 ], [ 127.194806906887024, 37.967302922124738 ], [ 127.194909079728205, 37.9673730372701 ], [ 127.195023203482819, 37.967476981754643 ], [ 127.195575024949704, 37.968408904712994 ], [ 127.195591851820126, 37.968464071259248 ], [ 127.195622112546516, 37.968563462895432 ], [ 127.195633800696001, 37.968663761839949 ], [ 127.195600307757246, 37.968854992365635 ], [ 127.195508924041107, 37.969266177474523 ], [ 127.19545928143053, 37.969570234880244 ], [ 127.195503965254076, 37.969777647605945 ], [ 127.195645979445004, 37.970021363824777 ], [ 127.195779257174053, 37.970219370806063 ], [ 127.195810217379133, 37.970265362655795 ], [ 127.196209762922294, 37.970841932807822 ], [ 127.196530993948315, 37.971277571925739 ], [ 127.199309233695999, 37.974716372184275 ], [ 127.199389442665705, 37.974765021570349 ], [ 127.199437126440699, 37.974765143417471 ], [ 127.202216322022622, 37.973276068657228 ], [ 127.203168462779928, 37.972744460073542 ], [ 127.203426685282579, 37.972589638634922 ], [ 127.203528193577299, 37.972474979871514 ], [ 127.203549668177587, 37.972443488796706 ], [ 127.203584141660627, 37.972364712680154 ], [ 127.203614327413618, 37.972290432205817 ], [ 127.203640953997748, 37.972215016141902 ], [ 127.203751295193456, 37.971851397690948 ], [ 127.20376945942445, 37.971756807838027 ], [ 127.203769762750241, 37.97168132544693 ], [ 127.203765022777361, 37.971622729568772 ], [ 127.203749847867172, 37.97150327023963 ], [ 127.203730169982393, 37.971385250644566 ], [ 127.203719964096805, 37.971324063301864 ], [ 127.20367667995491, 37.970940905393839 ], [ 127.203676911381308, 37.970883331474248 ], [ 127.2036770739373, 37.970842890932708 ], [ 127.203683879982094, 37.970741512778304 ], [ 127.203717592298275, 37.970676254054432 ], [ 127.203789698577125, 37.970601790674095 ], [ 127.203859072288168, 37.970530150424963 ], [ 127.205004311296165, 37.969385007610583 ], [ 127.205105709052546, 37.969296259274358 ], [ 127.205245481251765, 37.969219999769294 ], [ 127.205574020035968, 37.969094641646166 ], [ 127.205727004851312, 37.969068867148223 ], [ 127.206258629432597, 37.969073820811801 ], [ 127.206728630141157, 37.968981484432753 ], [ 127.207511310701776, 37.968633055818778 ], [ 127.207725902746418, 37.968527687366702 ], [ 127.208073300422612, 37.968309986660209 ], [ 127.208331706578377, 37.968102203843962 ], [ 127.208752539201953, 37.967663866592062 ], [ 127.208906514592911, 37.967414139128827 ], [ 127.208930270018143, 37.967343221149825 ], [ 127.209046107124692, 37.967118977791557 ], [ 127.209126734861712, 37.966962911131503 ], [ 127.209196395754532, 37.966882661045581 ], [ 127.209228235404993, 37.966845994063043 ], [ 127.209317471976888, 37.966772984599508 ], [ 127.209421684895531, 37.966689872522338 ], [ 127.209464802314201, 37.966645617410627 ], [ 127.20953885167313, 37.966569614028437 ], [ 127.209610887446487, 37.966452723008288 ], [ 127.209712862249575, 37.966287263073994 ], [ 127.209850722803921, 37.966156888743093 ], [ 127.210086927655823, 37.965977239642264 ], [ 127.210218094702086, 37.965903458553598 ], [ 127.210312271008405, 37.965850487205984 ], [ 127.210442658841586, 37.965806870203835 ], [ 127.210592106130576, 37.965800478259574 ], [ 127.210685994995217, 37.965774238238197 ], [ 127.210755938624771, 37.965754689950472 ], [ 127.210984721688803, 37.96565611006536 ], [ 127.211351478088432, 37.965393382466637 ], [ 127.211634272402719, 37.965130447929091 ], [ 127.21201522163868, 37.964695380803505 ], [ 127.212232954037319, 37.96451002199381 ], [ 127.213459763234894, 37.963740157977462 ], [ 127.215439793781215, 37.963216581061332 ], [ 127.215537985503687, 37.963215691913284 ], [ 127.215774726194653, 37.963266961840645 ], [ 127.216246416362893, 37.963400356215672 ], [ 127.216601200283804, 37.963567274631018 ], [ 127.217026384616233, 37.963793855676187 ], [ 127.217172981780223, 37.963879326301942 ], [ 127.217383464509453, 37.964004264629693 ], [ 127.2176420833066, 37.964101774612793 ], [ 127.217780030280338, 37.964124637943357 ], [ 127.217852795403275, 37.964089788241296 ], [ 127.218347539575305, 37.963453408176882 ], [ 127.218461974002835, 37.963298209053995 ], [ 127.218755297567157, 37.962877556168131 ], [ 127.218820535160305, 37.962750404464977 ], [ 127.218964251588943, 37.962190819523698 ], [ 127.218963910740882, 37.962095056310631 ], [ 127.218292898272296, 37.960249180030473 ], [ 127.217575985080913, 37.959625568686683 ], [ 127.21723340370005, 37.958792175841637 ], [ 127.217232843494727, 37.957453753279005 ], [ 127.217251042926904, 37.957344515138907 ], [ 127.2174767632591, 37.956176106169252 ], [ 127.218115320693244, 37.954960413051275 ], [ 127.218219902919614, 37.954773645014875 ], [ 127.218251624538738, 37.954729566577612 ], [ 127.218336489795817, 37.954611691212307 ], [ 127.218413993378661, 37.954543648753045 ], [ 127.218484963901076, 37.954481358893531 ], [ 127.218768229011332, 37.954262345840853 ], [ 127.218929394851202, 37.954160014959562 ], [ 127.219131057838482, 37.954076193984093 ], [ 127.219309737294907, 37.954045075099167 ], [ 127.219377823810717, 37.954043398875925 ], [ 127.219476942530292, 37.954040967417335 ], [ 127.219633312403445, 37.954078518544499 ], [ 127.219657114622024, 37.954096249646099 ], [ 127.219687931528725, 37.954119206937477 ], [ 127.21969697306352, 37.954148205094036 ], [ 127.219713942798776, 37.954202638639515 ], [ 127.220135367073993, 37.956578583669447 ], [ 127.221593040552293, 37.9580995642673 ], [ 127.225614401554452, 37.960726143374302 ], [ 127.227530780369023, 37.961332805582835 ], [ 127.227643406075302, 37.961343737686164 ], [ 127.229315066498955, 37.96182528132433 ], [ 127.229471992073172, 37.96187858425769 ], [ 127.229592204771478, 37.961919427844286 ], [ 127.230568591494347, 37.962277775347395 ], [ 127.230589727647853, 37.962308146865496 ], [ 127.230733393407405, 37.962520279712372 ], [ 127.230985050545371, 37.96296924795336 ], [ 127.231047050399539, 37.963137256480231 ], [ 127.231054245448888, 37.963307292882874 ], [ 127.23095779933351, 37.963611357950107 ], [ 127.230870333409229, 37.963792543135114 ], [ 127.231543422936383, 37.966335727141214 ], [ 127.231786979668769, 37.967086641308207 ], [ 127.233394507805613, 37.967412475082781 ], [ 127.236890194573277, 37.967458650325725 ], [ 127.236931282860795, 37.967461698455608 ], [ 127.237062344256302, 37.967471427098658 ], [ 127.240605823851794, 37.968697166399451 ], [ 127.242215521546882, 37.969265139245138 ], [ 127.242793923896684, 37.969498487214501 ], [ 127.242982559964702, 37.969682538742489 ], [ 127.245182110372482, 37.969249070333724 ], [ 127.247867531501456, 37.967718422045003 ], [ 127.250225335968807, 37.966417434142421 ], [ 127.25259819051081, 37.96582083417254 ], [ 127.255428654249215, 37.965398638329539 ], [ 127.255975259163165, 37.965353582140999 ], [ 127.258993363725651, 37.965417261340811 ], [ 127.260677568575503, 37.963879487721009 ], [ 127.2594445777262, 37.958622428874975 ], [ 127.259340134399125, 37.958360839887689 ], [ 127.259186173145537, 37.958012399854546 ], [ 127.256284665856711, 37.954667066830439 ], [ 127.255675825950988, 37.952426143329255 ], [ 127.254024925072045, 37.952240438117627 ], [ 127.25265062097742, 37.9525212215678 ], [ 127.252423750024988, 37.952502718486549 ], [ 127.25226361725214, 37.952466536905135 ], [ 127.252172103138179, 37.952445857734823 ], [ 127.252112663311138, 37.952256298278641 ], [ 127.252091862879169, 37.952189946158846 ], [ 127.251949037927673, 37.950236087285383 ], [ 127.250985213460027, 37.944936684290866 ], [ 127.249871111203177, 37.942672066897565 ], [ 127.248644969914636, 37.940694753202735 ], [ 127.248360637125103, 37.94027590310673 ], [ 127.24787149120327, 37.939794915326765 ], [ 127.246837990943376, 37.938781062320658 ], [ 127.24657699423615, 37.938540458002201 ], [ 127.246521852067474, 37.938442323149935 ], [ 127.245552388662247, 37.93658581133343 ], [ 127.245500896961929, 37.936459518318301 ], [ 127.245572538110054, 37.936309832516827 ], [ 127.246469101144513, 37.934749141779292 ], [ 127.246566253918147, 37.934625422601265 ], [ 127.246648105513401, 37.934546699240336 ], [ 127.24670183585593, 37.934495026332939 ], [ 127.246774620693358, 37.934425332395861 ], [ 127.246910752921252, 37.934340001962248 ], [ 127.247029083821189, 37.934285484530619 ], [ 127.247085992477125, 37.934259261918555 ], [ 127.24717864084883, 37.934204256510483 ], [ 127.247280689074486, 37.934107590691958 ], [ 127.247357885027569, 37.933993963078173 ], [ 127.24740164945014, 37.933881394780926 ], [ 127.247604321065253, 37.93326556711223 ], [ 127.247633139448368, 37.933157473146288 ], [ 127.249350305065391, 37.923857485735091 ], [ 127.24935323570125, 37.923624280706171 ], [ 127.248403865454165, 37.920914975592567 ], [ 127.248341477128804, 37.920792833215749 ], [ 127.248269521198665, 37.920652112571112 ], [ 127.248087555809406, 37.920551417527427 ], [ 127.247811851993006, 37.920398840823658 ], [ 127.247735940169363, 37.920349106626006 ], [ 127.247693491327411, 37.920272278939002 ], [ 127.247677988638216, 37.920244206256157 ], [ 127.247636421285833, 37.920129201364269 ], [ 127.247504206003484, 37.918867097472742 ], [ 127.247593381206599, 37.917741889028079 ], [ 127.247622791175331, 37.91766862229094 ], [ 127.247685029208156, 37.917557219800926 ], [ 127.247764143888944, 37.917504437981528 ], [ 127.243193275301692, 37.915286367266006 ], [ 127.242334000659639, 37.913342185700543 ], [ 127.239485927185427, 37.912044802177199 ], [ 127.238803065564028, 37.911926119560256 ], [ 127.235007680544783, 37.911128996902889 ], [ 127.234116154041374, 37.910908420713035 ], [ 127.234011740110446, 37.910881145751603 ], [ 127.233892568981787, 37.910841931143011 ], [ 127.23384626635513, 37.910826693597194 ], [ 127.229214034449299, 37.909286168364055 ], [ 127.228978818473209, 37.909059174981309 ], [ 127.22871359388202, 37.908872670526605 ], [ 127.228456670495106, 37.908749275729249 ], [ 127.227082386034311, 37.908349524432801 ], [ 127.226947039787831, 37.908324424726629 ], [ 127.226878300326135, 37.90836031729949 ], [ 127.226812676931644, 37.908427194798584 ], [ 127.226756976294993, 37.90848396466729 ], [ 127.226729143445525, 37.90852607194779 ], [ 127.22664471797718, 37.908653824664405 ], [ 127.225444343054221, 37.912736178242575 ], [ 127.22548281461448, 37.914628999477898 ], [ 127.225475225635421, 37.914665935099663 ], [ 127.225466153650018, 37.914710077665859 ], [ 127.225418436179226, 37.914732498863216 ], [ 127.224047220309075, 37.915008694947602 ], [ 127.223852858535125, 37.914944692879594 ], [ 127.223569299890656, 37.914846465943072 ], [ 127.223329585439288, 37.914681415329269 ], [ 127.222563765907339, 37.91412080622878 ], [ 127.221140742087258, 37.91305278178622 ], [ 127.217711881155282, 37.909967791759676 ], [ 127.215050910111415, 37.906942020175833 ], [ 127.214787382869858, 37.906653992876919 ], [ 127.213759573724843, 37.905530603029355 ], [ 127.212859319022371, 37.905212954650523 ], [ 127.211634250093979, 37.905240378607523 ], [ 127.209925370925532, 37.903833077939211 ], [ 127.209281351949656, 37.902801075535535 ], [ 127.2078413537579, 37.903074660468896 ], [ 127.202971603730077, 37.904713096648756 ], [ 127.199768884710551, 37.904615852007389 ], [ 127.196701631256985, 37.904388630398834 ], [ 127.195220651053035, 37.904529819806584 ], [ 127.195029240272802, 37.904563107499868 ], [ 127.194499917093765, 37.904655244858134 ], [ 127.190733823483271, 37.905747232519502 ], [ 127.188843939423364, 37.908128464086104 ], [ 127.188709215753477, 37.908212604800127 ], [ 127.187168861456286, 37.908796637568351 ], [ 127.18553433292621, 37.909565895168257 ], [ 127.184352774971927, 37.910408053039262 ], [ 127.182802238015455, 37.911563190994556 ], [ 127.182696782171348, 37.911615858123142 ], [ 127.178501235917679, 37.911421959079526 ], [ 127.176849136619339, 37.912167766878397 ], [ 127.176305675503144, 37.912387091951516 ], [ 127.176213179970915, 37.912401483650648 ], [ 127.173029977141042, 37.911591653134948 ], [ 127.168420848539796, 37.908185363372645 ], [ 127.16794364099448, 37.907185287009419 ], [ 127.167486899819366, 37.906228033102146 ], [ 127.165134339203107, 37.90497080876019 ], [ 127.163419812290144, 37.904285436315156 ], [ 127.161114362350887, 37.901777711787062 ], [ 127.159370124998802, 37.89863844472557 ], [ 127.159038438482099, 37.896548674266761 ], [ 127.158254764458093, 37.896150955442842 ], [ 127.157014139061161, 37.895576146931695 ], [ 127.155652327647402, 37.895675708128238 ], [ 127.153457043124874, 37.8960231384835 ], [ 127.151252554930991, 37.89712485046001 ], [ 127.149660583333002, 37.897920406776684 ], [ 127.149894748455068, 37.898934607946885 ], [ 127.15027359416878, 37.900575435458656 ], [ 127.149713867247911, 37.901377055651302 ], [ 127.149601839270673, 37.901465725681881 ], [ 127.147751785146994, 37.902713011898207 ], [ 127.146729042257107, 37.902803456705385 ], [ 127.146636884976928, 37.903487059963744 ], [ 127.146751150546294, 37.904422484213377 ], [ 127.14705545703427, 37.904865313709905 ], [ 127.14746567447169, 37.90546224853238 ], [ 127.147856043029094, 37.90662842875512 ], [ 127.146632452197181, 37.910811218000219 ], [ 127.145959720028699, 37.911865983329598 ], [ 127.143992060728579, 37.912671203708591 ], [ 127.139831543757325, 37.91376038321841 ], [ 127.138760851985296, 37.914027491436599 ], [ 127.138699206592264, 37.913992926674872 ], [ 127.13850061764947, 37.91388135797466 ], [ 127.137205597654344, 37.913347860100522 ], [ 127.136241935461285, 37.91310491482654 ], [ 127.135428284488881, 37.913261548607693 ], [ 127.13512456367809, 37.913320021021157 ], [ 127.13490694300512, 37.913453476536077 ], [ 127.134712337281826, 37.913573360118775 ], [ 127.133514961176047, 37.915149188759884 ], [ 127.133510732753706, 37.915192007099286 ], [ 127.133478281593099, 37.91552083491348 ], [ 127.132841314881873, 37.915922180540775 ], [ 127.130780726754878, 37.916198516471063 ], [ 127.129132125510012, 37.916344863706939 ], [ 127.128041280697587, 37.916150458625026 ], [ 127.127384446955119, 37.915972627742846 ], [ 127.127121509332596, 37.915660847090045 ], [ 127.12623368918446, 37.915745907464206 ], [ 127.121966404506551, 37.916483762277529 ], [ 127.1216643829829, 37.916637842057874 ], [ 127.120896980816482, 37.917027573300679 ], [ 127.120229745300037, 37.917789531574314 ], [ 127.118197478755079, 37.922608276684208 ], [ 127.115245137388143, 37.928303845354485 ], [ 127.111325869927356, 37.932894355462203 ], [ 127.109477708845617, 37.935523442699299 ], [ 127.108361998457013, 37.937630972082751 ], [ 127.108156729603976, 37.938109867435408 ], [ 127.108138742976067, 37.938151906995117 ], [ 127.108008543041976, 37.93908990539969 ], [ 127.105989335032959, 37.93984798600264 ], [ 127.105863994924619, 37.939895023865503 ], [ 127.10357427966008, 37.940584703586183 ], [ 127.102343145697247, 37.940781258466828 ], [ 127.097942514833164, 37.942632936941628 ], [ 127.096048427448537, 37.943646024036369 ], [ 127.096409572731773, 37.945248198621201 ], [ 127.09628859751426, 37.946817159676598 ], [ 127.095963977913698, 37.948289658720881 ], [ 127.095576593069708, 37.949018316046129 ], [ 127.096313514456128, 37.950182360106865 ], [ 127.096768210828458, 37.950487722376224 ], [ 127.097131505898332, 37.950731657835156 ], [ 127.098030992527669, 37.951070465668913 ], [ 127.099087211239507, 37.952424862854258 ], [ 127.09911541955411, 37.952461037686909 ], [ 127.099240487925925, 37.954580616933818 ], [ 127.098833067497736, 37.955325047137222 ], [ 127.09681190073573, 37.956034547421908 ], [ 127.095581966464991, 37.956466442785619 ], [ 127.094488031790419, 37.957194976335998 ], [ 127.092565139421367, 37.959228629914499 ], [ 127.092419194008784, 37.959598951406882 ], [ 127.092239695454197, 37.960054436512898 ], [ 127.092694057786829, 37.963839176330019 ], [ 127.09414464730294, 37.968010401296226 ], [ 127.092539283208112, 37.970860811651491 ], [ 127.091712762136353, 37.971441530383423 ], [ 127.092189239931642, 37.973551071983266 ], [ 127.092667094351015, 37.974901280398093 ], [ 127.092379624159307, 37.976698354425757 ], [ 127.092349531522046, 37.976764035152399 ], [ 127.092115265557155, 37.977275388942282 ], [ 127.090924479492756, 37.979875975155664 ], [ 127.090376873147591, 37.982069533169472 ], [ 127.090370695542745, 37.984395480901213 ], [ 127.090519059817069, 37.985477721787177 ], [ 127.090812439478626, 37.987550724642638 ], [ 127.090961148421414, 37.987786118908105 ], [ 127.091188111823286, 37.988024366282858 ], [ 127.09143383328238, 37.988126773425968 ], [ 127.092714460793701, 37.988607770044425 ], [ 127.094804246399576, 37.989110695428664 ], [ 127.100569153706971, 37.989695971732054 ], [ 127.101261366948279, 37.989493277867062 ], [ 127.101907415094487, 37.989405337674363 ], [ 127.104804249356675, 37.989011781164344 ], [ 127.107949674679375, 37.988845430348547 ], [ 127.108083486062142, 37.988845155274426 ], [ 127.108368908559044, 37.988844573810191 ], [ 127.108904150747151, 37.988844101581705 ], [ 127.109307821484038, 37.988844568913876 ], [ 127.109425152129461, 37.988844706236485 ], [ 127.110447225917341, 37.989115101991786 ], [ 127.111535868478953, 37.989314714407584 ], [ 127.112939116502517, 37.987893038220498 ], [ 127.114094606864143, 37.986468329463094 ], [ 127.114608845746218, 37.9863979125725 ], [ 127.117334539906537, 37.985743263597406 ], [ 127.117449869789738, 37.98539394198307 ], [ 127.12019877746053, 37.979495332140523 ], [ 127.120784156238571, 37.979419484680925 ], [ 127.121162268801143, 37.979515338344676 ], [ 127.123432792715818, 37.980289850762929 ], [ 127.124324261214483, 37.98075911800742 ], [ 127.1295020724057, 37.983802742589354 ], [ 127.129595710373536, 37.983863874434277 ], [ 127.13025225339689, 37.984361648445208 ], [ 127.130415836864429, 37.984524394367696 ], [ 127.130530454753668, 37.984659947626852 ], [ 127.131346335597996, 37.986031338310767 ], [ 127.132051334877758, 37.987378717462157 ], [ 127.132051562799205, 37.987476733179236 ], [ 127.131998258817916, 37.987603873256894 ], [ 127.131992659271219, 37.987726551589937 ], [ 127.132027451771052, 37.987785118842936 ], [ 127.132554958935103, 37.988292845317112 ], [ 127.135200048325942, 37.989684554902688 ], [ 127.136950299323715, 37.990547319834214 ], [ 127.140401883800436, 37.991962804504944 ], [ 127.140536167584273, 37.992013912381601 ], [ 127.140627922557002, 37.992032228428918 ], [ 127.14069133551223, 37.99204339533955 ], [ 127.140757353764471, 37.992049513052926 ], [ 127.140854955149166, 37.992032911998898 ], [ 127.143151721571044, 37.991260092309119 ], [ 127.143287304201181, 37.991261828486628 ] ] ] ] } },
{ "type": "Feature", "properties": { "OBJECTID": 1624, "adm_nm": "경기도 포천시 창수면", "adm_cd": "3127035", "adm_cd2": "4165035000", "sgg": "41650", "sido": "41", "sidonm": "경기도", "sggnm": "포천시" }, "geometry": { "type": "MultiPolygon", "coordinates": [ [ [ [ 127.186623638458471, 38.064436539756514 ], [ 127.187471966428433, 38.064792483779037 ], [ 127.187833019683623, 38.064857641169574 ], [ 127.187978871911582, 38.064883958168828 ], [ 127.188108515376342, 38.064891061821179 ], [ 127.188284538201032, 38.064883642588313 ], [ 127.188849465210268, 38.064734176432395 ], [ 127.189343886677293, 38.064575506660695 ], [ 127.190142940945279, 38.064155142246221 ], [ 127.191024383865553, 38.063623455917707 ], [ 127.191283216104864, 38.063371923529644 ], [ 127.19157567556266, 38.062813755249948 ], [ 127.191659887531699, 38.062595352470694 ], [ 127.191751429946009, 38.062357943784029 ], [ 127.191882992044768, 38.062148480381644 ], [ 127.192032594800821, 38.061910296220077 ], [ 127.192285320264759, 38.0617302871321 ], [ 127.192385603340981, 38.061658862013573 ], [ 127.196826634098585, 38.059005998184347 ], [ 127.197244798069761, 38.058841466139953 ], [ 127.197822028835233, 38.058631151124168 ], [ 127.198295548358061, 38.058689823913056 ], [ 127.198740519504156, 38.058764193996844 ], [ 127.199063264159179, 38.058935136923346 ], [ 127.19925505351722, 38.059221837591288 ], [ 127.199348567785364, 38.059361635186733 ], [ 127.199590234463216, 38.061256148529026 ], [ 127.199532436405775, 38.061480021453484 ], [ 127.199478031861929, 38.061690728141663 ], [ 127.199336658513545, 38.061938217925778 ], [ 127.19916791799244, 38.062084244677592 ], [ 127.198919535538437, 38.062292866420677 ], [ 127.198279973445054, 38.062830028122086 ], [ 127.197921014643427, 38.063320303188405 ], [ 127.197875765081463, 38.063753844532577 ], [ 127.197854262008846, 38.063960037526144 ], [ 127.198008040798058, 38.064850367228402 ], [ 127.198250902569967, 38.065242573268065 ], [ 127.198504931376831, 38.065652729319524 ], [ 127.19854863478173, 38.065706540390934 ], [ 127.19874242559419, 38.065945126651087 ], [ 127.200669538184883, 38.066870479041029 ], [ 127.201247766579044, 38.066951938473402 ], [ 127.202193869676464, 38.066628753157339 ], [ 127.203319692034668, 38.066789323674051 ], [ 127.203714042167874, 38.067066406514442 ], [ 127.204424115505446, 38.06768544268148 ], [ 127.205516180422563, 38.066836531351257 ], [ 127.205827958727085, 38.066732538633474 ], [ 127.206240066991484, 38.066842849138155 ], [ 127.206477636947383, 38.067019389913746 ], [ 127.207090418388603, 38.067474738493971 ], [ 127.208398925119951, 38.068111138975347 ], [ 127.20899965716518, 38.068254993472387 ], [ 127.209078746612377, 38.068273926798277 ], [ 127.214451706692884, 38.069422711426661 ], [ 127.214956779063968, 38.06935718883549 ], [ 127.215457607410755, 38.069292212589104 ], [ 127.218019389871856, 38.068491743714532 ], [ 127.218815973808745, 38.068125255145191 ], [ 127.219062093855783, 38.067938224856576 ], [ 127.219163269588094, 38.067861335359694 ], [ 127.219226673438456, 38.067621008110621 ], [ 127.219294854394221, 38.067362567544365 ], [ 127.219215344614696, 38.067081823603125 ], [ 127.219184548075532, 38.067066604069005 ], [ 127.218333572043832, 38.066646005803342 ], [ 127.217489929789934, 38.064983377786625 ], [ 127.217599232626014, 38.064169110962169 ], [ 127.217558859714856, 38.061958495286433 ], [ 127.216398861940476, 38.0591415968006 ], [ 127.21634813165727, 38.058809128032031 ], [ 127.216871453069672, 38.057043883940167 ], [ 127.218421039519654, 38.056093377255344 ], [ 127.218700364484647, 38.055964234836431 ], [ 127.218891342156667, 38.055875942771863 ], [ 127.223211377495559, 38.053982242352305 ], [ 127.223623506493794, 38.053884071319516 ], [ 127.226408354311161, 38.053651755779626 ], [ 127.227637185925474, 38.053858514761806 ], [ 127.230616718523422, 38.053963394550301 ], [ 127.235195049164076, 38.053844675321102 ], [ 127.235461423004551, 38.053832445354978 ], [ 127.235775016110466, 38.053792593068934 ], [ 127.236106525927923, 38.053721235387869 ], [ 127.236326907374647, 38.05365188075794 ], [ 127.236576567552063, 38.053557828674251 ], [ 127.236784286745788, 38.053443358301706 ], [ 127.238160831076414, 38.05258120410015 ], [ 127.23900116573445, 38.052039970720891 ], [ 127.239026277441994, 38.052004056397458 ], [ 127.239156407209492, 38.051869153252319 ], [ 127.239321515764487, 38.051715175334614 ], [ 127.239419074008467, 38.051643298258604 ], [ 127.239480074935628, 38.051598360458478 ], [ 127.239740546908763, 38.051467125241068 ], [ 127.239957474265239, 38.051362831521629 ], [ 127.240504664820563, 38.051135340911692 ], [ 127.240673145095286, 38.051074353563223 ], [ 127.240779987204277, 38.051035680953852 ], [ 127.241171499904468, 38.050912617629983 ], [ 127.241235217260709, 38.050898508666727 ], [ 127.241467587575258, 38.050845574933291 ], [ 127.241439681192944, 38.050817446797566 ], [ 127.241331732180882, 38.050691498784758 ], [ 127.241290698031847, 38.05064362262106 ], [ 127.241280812437608, 38.050609081840939 ], [ 127.241247777839988, 38.05049369035531 ], [ 127.241164238924512, 38.050317216073317 ], [ 127.24111484433972, 38.050212874267167 ], [ 127.240866460697987, 38.049946449384393 ], [ 127.239864676181824, 38.049001272485832 ], [ 127.239175017454954, 38.048444366451754 ], [ 127.238038854560088, 38.04853092180425 ], [ 127.23687547746735, 38.048665651693497 ], [ 127.236413071789073, 38.048695034007373 ], [ 127.236066096430037, 38.048712281113445 ], [ 127.235725058514433, 38.048663071128026 ], [ 127.23549310161205, 38.0485927002333 ], [ 127.232382400657556, 38.046582498655326 ], [ 127.22476734994612, 38.042154340325816 ], [ 127.224048977522742, 38.041960710512107 ], [ 127.222895267914254, 38.041649731673424 ], [ 127.219338617600187, 38.040999145478807 ], [ 127.219211302110892, 38.041035753438422 ], [ 127.218919272598299, 38.041119803060781 ], [ 127.218419806469569, 38.041537703522977 ], [ 127.217356205093438, 38.041771737518971 ], [ 127.216922518417348, 38.04174816204339 ], [ 127.216710593367765, 38.041603086107379 ], [ 127.216663201696434, 38.041570620421048 ], [ 127.214474517842348, 38.039713233211209 ], [ 127.21428722127817, 38.039523509135755 ], [ 127.212538883700333, 38.036915499456029 ], [ 127.211540775234027, 38.034528939270373 ], [ 127.210769384406177, 38.032661876985863 ], [ 127.210503054564768, 38.032266815905366 ], [ 127.210240905217319, 38.032252339958504 ], [ 127.21007592124478, 38.032243235868641 ], [ 127.20910736877606, 38.032419973378929 ], [ 127.20853416336017, 38.032646857585569 ], [ 127.208123016846116, 38.032809591582406 ], [ 127.20777639925474, 38.032756906867917 ], [ 127.207379722286589, 38.032395407416558 ], [ 127.205790079917151, 38.027604503595576 ], [ 127.20574743772967, 38.027226984669937 ], [ 127.205985640232143, 38.026782572084976 ], [ 127.206459853420697, 38.026261012754254 ], [ 127.207116189395791, 38.025699536774482 ], [ 127.20736590265065, 38.025485914491924 ], [ 127.208042262185387, 38.02480487376679 ], [ 127.208325033775495, 38.024410250130551 ], [ 127.208368894560195, 38.023962984350355 ], [ 127.207914128134092, 38.023539378899855 ], [ 127.204656637252569, 38.022391118166077 ], [ 127.204042997681896, 38.021903062313562 ], [ 127.203906374549646, 38.021794384053386 ], [ 127.203845309113333, 38.021655144159531 ], [ 127.203790656599892, 38.02153046710616 ], [ 127.203612609786845, 38.020298639376762 ], [ 127.203710909627745, 38.020012531164866 ], [ 127.203754594566078, 38.019885488084057 ], [ 127.204017033180136, 38.019585913233115 ], [ 127.204261729346541, 38.019306603593378 ], [ 127.204075474596394, 38.018875776329082 ], [ 127.200678208433416, 38.015571857501364 ], [ 127.197981129826232, 38.015738459454511 ], [ 127.196041440628392, 38.015776271678945 ], [ 127.195960861754074, 38.014770005362443 ], [ 127.196597430342365, 38.013034423082338 ], [ 127.202698927664784, 38.009220671190064 ], [ 127.206709594312841, 38.006125816705378 ], [ 127.206932075109421, 38.005494375922069 ], [ 127.206111134412453, 38.00391841890815 ], [ 127.204593319265982, 38.001798846585316 ], [ 127.202495767104594, 38.000475426165977 ], [ 127.200809607091216, 37.998658435917093 ], [ 127.200715600775766, 37.998542353382398 ], [ 127.200614969669971, 37.998390910828569 ], [ 127.200760829670585, 37.998225693939986 ], [ 127.200959430218006, 37.998051573771207 ], [ 127.201034651239425, 37.998023793558453 ], [ 127.20320510989086, 37.997540189294874 ], [ 127.203245988104555, 37.997532473778541 ], [ 127.203648328893323, 37.997456771601414 ], [ 127.203804854068736, 37.99746240239039 ], [ 127.203883908097097, 37.997465251244506 ], [ 127.205374447419373, 37.996946233495507 ], [ 127.206784198267385, 37.993993284725981 ], [ 127.208815216538852, 37.994305030870962 ], [ 127.208850829459479, 37.994480870201706 ], [ 127.208892140555065, 37.994536234934735 ], [ 127.209037512029141, 37.99461201894853 ], [ 127.211140484407025, 37.995086999106334 ], [ 127.211476908988715, 37.995153167377254 ], [ 127.211539449388724, 37.995152415891063 ], [ 127.211634424098776, 37.995131760543394 ], [ 127.211667859673625, 37.995123156805548 ], [ 127.215513039600651, 37.993832473804581 ], [ 127.215583610697962, 37.993804479226313 ], [ 127.21655400857685, 37.992825544200457 ], [ 127.216704758210568, 37.992311046374056 ], [ 127.216728587971545, 37.992220974919306 ], [ 127.216753291101782, 37.992090347577708 ], [ 127.216772952399708, 37.991976607247125 ], [ 127.216772467143997, 37.991917986270906 ], [ 127.216755134884906, 37.991797433237259 ], [ 127.216707851613677, 37.991690291338593 ], [ 127.216676279456465, 37.991658525981293 ], [ 127.216653964511607, 37.991636084215678 ], [ 127.216582925496141, 37.991599861510061 ], [ 127.216509043780349, 37.991562505298859 ], [ 127.21640182279171, 37.991496902486311 ], [ 127.216358755694216, 37.991457340217515 ], [ 127.216328058408124, 37.991429127952898 ], [ 127.216307638865828, 37.991392149301625 ], [ 127.216277361664979, 37.991285926998408 ], [ 127.216277001808223, 37.99110141341415 ], [ 127.216276884050416, 37.991040324684576 ], [ 127.216464536120569, 37.98907146109137 ], [ 127.216484989798275, 37.988935190434887 ], [ 127.216513806655158, 37.988845130991841 ], [ 127.216558947356972, 37.988768630214985 ], [ 127.217464329611843, 37.987460559452543 ], [ 127.217821388996072, 37.98715047180697 ], [ 127.217927066371942, 37.987061722066414 ], [ 127.217994271135396, 37.986983021300915 ], [ 127.218450812848033, 37.986320431646348 ], [ 127.219264278679049, 37.984860142753107 ], [ 127.219277326969788, 37.984799336841213 ], [ 127.219275369309401, 37.984749761235307 ], [ 127.219139397592997, 37.984386667520099 ], [ 127.219100406908112, 37.984344889759477 ], [ 127.218000288062029, 37.983551374661793 ], [ 127.217917795395721, 37.983504598197527 ], [ 127.217790795548339, 37.983432578825692 ], [ 127.217690803003492, 37.983337703436668 ], [ 127.217655146618654, 37.983293877352011 ], [ 127.217532843061392, 37.983143546879475 ], [ 127.217451522574819, 37.983022907684756 ], [ 127.217426991499167, 37.98272081206909 ], [ 127.219158021629738, 37.978393041902052 ], [ 127.219218139192634, 37.978290752831626 ], [ 127.219303059954868, 37.978227865159674 ], [ 127.219438478910334, 37.978174110789169 ], [ 127.220979763466204, 37.977839792843042 ], [ 127.221729066736813, 37.977858467935967 ], [ 127.221830056464697, 37.977875606003451 ], [ 127.221933994833392, 37.97786571223034 ], [ 127.222028033889913, 37.977838895769636 ], [ 127.222080135420541, 37.977797333278772 ], [ 127.222505355028275, 37.977324033750357 ], [ 127.222557500937071, 37.977264464256969 ], [ 127.22260842471772, 37.977166550941632 ], [ 127.223047859621559, 37.974416998114101 ], [ 127.222813636627279, 37.973948767227199 ], [ 127.222386285405037, 37.973038112991745 ], [ 127.22214299516736, 37.972449445810071 ], [ 127.222009129226066, 37.97207055008208 ], [ 127.221991623150871, 37.972020960199522 ], [ 127.222017473930819, 37.971959071905609 ], [ 127.222619929374005, 37.97072675440031 ], [ 127.222740570234905, 37.970602080085065 ], [ 127.223751845669952, 37.970000593591443 ], [ 127.224041383576846, 37.969830027667292 ], [ 127.224164587321226, 37.969804405373729 ], [ 127.224278358481655, 37.969798235962458 ], [ 127.224458072967948, 37.969786157025709 ], [ 127.22510195465145, 37.969742381613344 ], [ 127.226038991364163, 37.969578956046234 ], [ 127.231322165506512, 37.967693920689129 ], [ 127.231786979668769, 37.967086641308207 ], [ 127.231543422936383, 37.966335727141214 ], [ 127.230870333409229, 37.963792543135114 ], [ 127.23095779933351, 37.963611357950107 ], [ 127.231054245448888, 37.963307292882874 ], [ 127.231047050399539, 37.963137256480231 ], [ 127.230985050545371, 37.96296924795336 ], [ 127.230733393407405, 37.962520279712372 ], [ 127.230589727647853, 37.962308146865496 ], [ 127.230568591494347, 37.962277775347395 ], [ 127.229592204771478, 37.961919427844286 ], [ 127.229471992073172, 37.96187858425769 ], [ 127.229315066498955, 37.96182528132433 ], [ 127.227643406075302, 37.961343737686164 ], [ 127.227530780369023, 37.961332805582835 ], [ 127.225614401554452, 37.960726143374302 ], [ 127.221593040552293, 37.9580995642673 ], [ 127.220135367073993, 37.956578583669447 ], [ 127.219713942798776, 37.954202638639515 ], [ 127.21969697306352, 37.954148205094036 ], [ 127.219687931528725, 37.954119206937477 ], [ 127.219657114622024, 37.954096249646099 ], [ 127.219633312403445, 37.954078518544499 ], [ 127.219476942530292, 37.954040967417335 ], [ 127.219377823810717, 37.954043398875925 ], [ 127.219309737294907, 37.954045075099167 ], [ 127.219131057838482, 37.954076193984093 ], [ 127.218929394851202, 37.954160014959562 ], [ 127.218768229011332, 37.954262345840853 ], [ 127.218484963901076, 37.954481358893531 ], [ 127.218413993378661, 37.954543648753045 ], [ 127.218336489795817, 37.954611691212307 ], [ 127.218251624538738, 37.954729566577612 ], [ 127.218219902919614, 37.954773645014875 ], [ 127.218115320693244, 37.954960413051275 ], [ 127.2174767632591, 37.956176106169252 ], [ 127.217251042926904, 37.957344515138907 ], [ 127.217232843494727, 37.957453753279005 ], [ 127.21723340370005, 37.958792175841637 ], [ 127.217575985080913, 37.959625568686683 ], [ 127.218292898272296, 37.960249180030473 ], [ 127.218963910740882, 37.962095056310631 ], [ 127.218964251588943, 37.962190819523698 ], [ 127.218820535160305, 37.962750404464977 ], [ 127.218755297567157, 37.962877556168131 ], [ 127.218461974002835, 37.963298209053995 ], [ 127.218347539575305, 37.963453408176882 ], [ 127.217852795403275, 37.964089788241296 ], [ 127.217780030280338, 37.964124637943357 ], [ 127.2176420833066, 37.964101774612793 ], [ 127.217383464509453, 37.964004264629693 ], [ 127.217172981780223, 37.963879326301942 ], [ 127.217026384616233, 37.963793855676187 ], [ 127.216601200283804, 37.963567274631018 ], [ 127.216246416362893, 37.963400356215672 ], [ 127.215774726194653, 37.963266961840645 ], [ 127.215537985503687, 37.963215691913284 ], [ 127.215439793781215, 37.963216581061332 ], [ 127.213459763234894, 37.963740157977462 ], [ 127.212232954037319, 37.96451002199381 ], [ 127.21201522163868, 37.964695380803505 ], [ 127.211634272402719, 37.965130447929091 ], [ 127.211351478088432, 37.965393382466637 ], [ 127.210984721688803, 37.96565611006536 ], [ 127.210755938624771, 37.965754689950472 ], [ 127.210685994995217, 37.965774238238197 ], [ 127.210592106130576, 37.965800478259574 ], [ 127.210442658841586, 37.965806870203835 ], [ 127.210312271008405, 37.965850487205984 ], [ 127.210218094702086, 37.965903458553598 ], [ 127.210086927655823, 37.965977239642264 ], [ 127.209850722803921, 37.966156888743093 ], [ 127.209712862249575, 37.966287263073994 ], [ 127.209610887446487, 37.966452723008288 ], [ 127.20953885167313, 37.966569614028437 ], [ 127.209464802314201, 37.966645617410627 ], [ 127.209421684895531, 37.966689872522338 ], [ 127.209317471976888, 37.966772984599508 ], [ 127.209228235404993, 37.966845994063043 ], [ 127.209196395754532, 37.966882661045581 ], [ 127.209126734861712, 37.966962911131503 ], [ 127.209046107124692, 37.967118977791557 ], [ 127.208930270018143, 37.967343221149825 ], [ 127.208906514592911, 37.967414139128827 ], [ 127.208752539201953, 37.967663866592062 ], [ 127.208331706578377, 37.968102203843962 ], [ 127.208073300422612, 37.968309986660209 ], [ 127.207725902746418, 37.968527687366702 ], [ 127.207511310701776, 37.968633055818778 ], [ 127.206728630141157, 37.968981484432753 ], [ 127.206258629432597, 37.969073820811801 ], [ 127.205727004851312, 37.969068867148223 ], [ 127.205574020035968, 37.969094641646166 ], [ 127.205245481251765, 37.969219999769294 ], [ 127.205105709052546, 37.969296259274358 ], [ 127.205004311296165, 37.969385007610583 ], [ 127.203859072288168, 37.970530150424963 ], [ 127.203789698577125, 37.970601790674095 ], [ 127.203717592298275, 37.970676254054432 ], [ 127.203683879982094, 37.970741512778304 ], [ 127.2036770739373, 37.970842890932708 ], [ 127.203676911381308, 37.970883331474248 ], [ 127.20367667995491, 37.970940905393839 ], [ 127.203719964096805, 37.971324063301864 ], [ 127.203730169982393, 37.971385250644566 ], [ 127.203749847867172, 37.97150327023963 ], [ 127.203765022777361, 37.971622729568772 ], [ 127.203769762750241, 37.97168132544693 ], [ 127.20376945942445, 37.971756807838027 ], [ 127.203751295193456, 37.971851397690948 ], [ 127.203640953997748, 37.972215016141902 ], [ 127.203614327413618, 37.972290432205817 ], [ 127.203584141660627, 37.972364712680154 ], [ 127.203549668177587, 37.972443488796706 ], [ 127.203528193577299, 37.972474979871514 ], [ 127.203426685282579, 37.972589638634922 ], [ 127.203168462779928, 37.972744460073542 ], [ 127.202216322022622, 37.973276068657228 ], [ 127.199437126440699, 37.974765143417471 ], [ 127.199389442665705, 37.974765021570349 ], [ 127.199309233695999, 37.974716372184275 ], [ 127.196530993948315, 37.971277571925739 ], [ 127.196209762922294, 37.970841932807822 ], [ 127.195810217379133, 37.970265362655795 ], [ 127.195779257174053, 37.970219370806063 ], [ 127.195645979445004, 37.970021363824777 ], [ 127.195503965254076, 37.969777647605945 ], [ 127.19545928143053, 37.969570234880244 ], [ 127.195508924041107, 37.969266177474523 ], [ 127.195600307757246, 37.968854992365635 ], [ 127.195633800696001, 37.968663761839949 ], [ 127.195622112546516, 37.968563462895432 ], [ 127.195591851820126, 37.968464071259248 ], [ 127.195575024949704, 37.968408904712994 ], [ 127.195023203482819, 37.967476981754643 ], [ 127.194909079728205, 37.9673730372701 ], [ 127.194806906887024, 37.967302922124738 ], [ 127.194650680518393, 37.967227033524871 ], [ 127.194387062377587, 37.967137346397024 ], [ 127.194311891279156, 37.967123036856556 ], [ 127.194237050102601, 37.967108791216006 ], [ 127.194051388853737, 37.967094789129519 ], [ 127.193966363996097, 37.967090169667799 ], [ 127.193811657447881, 37.9670817726455 ], [ 127.190872016976115, 37.967138301767747 ], [ 127.182838468070457, 37.967679097916879 ], [ 127.181264105011238, 37.968458687007306 ], [ 127.179966250163318, 37.971938138083495 ], [ 127.17995284367565, 37.972004240135931 ], [ 127.180351517191639, 37.97442528962214 ], [ 127.180709969854661, 37.976606259135721 ], [ 127.180643095925603, 37.976767183213092 ], [ 127.17993526004058, 37.978020305734219 ], [ 127.179448153849236, 37.978640871141835 ], [ 127.179372104896743, 37.978730791053728 ], [ 127.179221058544897, 37.978770937278519 ], [ 127.177044351575603, 37.979025251051908 ], [ 127.17434390559994, 37.979206621434706 ], [ 127.172006990295699, 37.978765688743991 ], [ 127.168791650909753, 37.980206628583687 ], [ 127.165612252075917, 37.981275367752893 ], [ 127.164037721749082, 37.980487047944571 ], [ 127.163863939651108, 37.980226448401922 ], [ 127.163582369073723, 37.979859494663842 ], [ 127.162306545247873, 37.978418282261352 ], [ 127.162195286229618, 37.978314314507408 ], [ 127.161794355153233, 37.978064181199862 ], [ 127.160487132617192, 37.977427259489417 ], [ 127.160258375273074, 37.977342103103304 ], [ 127.155754977257601, 37.977670373358485 ], [ 127.155402732698903, 37.977818054729575 ], [ 127.148970379361458, 37.980622295961439 ], [ 127.144013646690752, 37.985302011991784 ], [ 127.143929891705213, 37.985400900152548 ], [ 127.143888810370612, 37.985515320470697 ], [ 127.143879391219045, 37.985541573509913 ], [ 127.143882888281126, 37.985701562710524 ], [ 127.14390994302731, 37.985848103910079 ], [ 127.144280092482092, 37.987311563428328 ], [ 127.144324207883074, 37.987460409310621 ], [ 127.143287304201181, 37.991261828486628 ], [ 127.144818025482351, 37.991916514333333 ], [ 127.145403929898492, 37.992823255467812 ], [ 127.146866729102115, 37.995643032952728 ], [ 127.146835864804117, 37.997721243476484 ], [ 127.145671824800388, 38.000865483272172 ], [ 127.145639406393855, 38.000946501304881 ], [ 127.143356359267514, 38.003320084058196 ], [ 127.142863732907614, 38.003754612828857 ], [ 127.141807023553994, 38.004389067257108 ], [ 127.141360060178471, 38.004789038232659 ], [ 127.141213496547266, 38.004920219336796 ], [ 127.141128198598963, 38.005045170080649 ], [ 127.14079910754306, 38.005527245042359 ], [ 127.140506962493276, 38.006609112579611 ], [ 127.140240371599845, 38.011480791590614 ], [ 127.142608392511903, 38.014419450298327 ], [ 127.142919468475881, 38.014627452598745 ], [ 127.142968909363873, 38.0146604815438 ], [ 127.144580374349019, 38.014759998014746 ], [ 127.145199550315326, 38.014962403429713 ], [ 127.14529641491329, 38.015504285897663 ], [ 127.145322234453303, 38.015648917018396 ], [ 127.145057391980828, 38.01594662655328 ], [ 127.143955317221852, 38.017165795364349 ], [ 127.142878420070218, 38.018335189045821 ], [ 127.140368608947327, 38.020638203278999 ], [ 127.139817062806841, 38.021012800525646 ], [ 127.139670893142238, 38.021112160707503 ], [ 127.139198350985723, 38.021433379796164 ], [ 127.138984845133081, 38.021871293857153 ], [ 127.138820607224758, 38.022208404413952 ], [ 127.138726153105651, 38.02244592656821 ], [ 127.138710193190732, 38.022674525609141 ], [ 127.138709641977826, 38.022764974790036 ], [ 127.138709293842609, 38.022852582850916 ], [ 127.138852659339889, 38.023101978126185 ], [ 127.13952198235306, 38.024268904775099 ], [ 127.139793216492976, 38.025449290433833 ], [ 127.139584787613089, 38.026131372620327 ], [ 127.139159095048825, 38.026680975358374 ], [ 127.138794158022648, 38.026912672071319 ], [ 127.138526888652038, 38.027082356943083 ], [ 127.138188701239756, 38.027235434091025 ], [ 127.137199372356847, 38.027683253393917 ], [ 127.136141240777334, 38.028535045405256 ], [ 127.135493835225972, 38.029260853490612 ], [ 127.135178342815038, 38.030842749652464 ], [ 127.135350783677922, 38.031379285289432 ], [ 127.136160767538115, 38.032067029329447 ], [ 127.136561212246633, 38.032533029434028 ], [ 127.136713088388845, 38.032709773072078 ], [ 127.1371524177232, 38.033305974887256 ], [ 127.137582609149888, 38.034309976221287 ], [ 127.1380201486256, 38.035416519079931 ], [ 127.138148868573566, 38.036035417018567 ], [ 127.138036822019899, 38.036516132149266 ], [ 127.137787956584248, 38.037443678638013 ], [ 127.137422055412983, 38.037841372511942 ], [ 127.135209937186076, 38.039118853059463 ], [ 127.135020165081883, 38.039182480241486 ], [ 127.134814337046009, 38.039181841076882 ], [ 127.133596029870859, 38.038970756157063 ], [ 127.132598478184264, 38.038440069986343 ], [ 127.131838628043397, 38.038035821404669 ], [ 127.130000494496613, 38.037357315980287 ], [ 127.128154004257553, 38.036675685617439 ], [ 127.127172677868387, 38.036514852030166 ], [ 127.12601810098306, 38.036528085837318 ], [ 127.125021669823127, 38.03681670130679 ], [ 127.124437076216466, 38.0370671936221 ], [ 127.123617177699074, 38.037939856479362 ], [ 127.1227316537001, 38.038944288018584 ], [ 127.122542258805581, 38.039069851988621 ], [ 127.121276991562368, 38.039133378863731 ], [ 127.119631312885033, 38.038935417601422 ], [ 127.118251819099939, 38.038640282022506 ], [ 127.115399958090066, 38.039878137509135 ], [ 127.114355977429412, 38.039980614295963 ], [ 127.114796314462779, 38.040083450863449 ], [ 127.115469754332949, 38.040559952576537 ], [ 127.117009131689301, 38.041753539793831 ], [ 127.117883364708177, 38.042658788912995 ], [ 127.117932507208948, 38.042932712897532 ], [ 127.117961626739429, 38.043908441475537 ], [ 127.117688981942905, 38.044288345255914 ], [ 127.116981250836631, 38.044918062052766 ], [ 127.116220545504035, 38.045593793876442 ], [ 127.115419677539322, 38.046312324370319 ], [ 127.114581498162977, 38.047232137323398 ], [ 127.113636710490383, 38.048498710038473 ], [ 127.112283847598178, 38.050958123810737 ], [ 127.112290018834074, 38.051408782733631 ], [ 127.113192240666834, 38.054310400253549 ], [ 127.114225052659876, 38.056094913224499 ], [ 127.114797952658762, 38.057442062293589 ], [ 127.115632517335698, 38.058607440450857 ], [ 127.11717284013038, 38.060650476466279 ], [ 127.118980510306841, 38.061430297964854 ], [ 127.119137842353723, 38.061442665036154 ], [ 127.120656997213999, 38.061561922394311 ], [ 127.122577341480351, 38.061617304779823 ], [ 127.123092205307984, 38.061557398794385 ], [ 127.123726263365711, 38.061425330277252 ], [ 127.124017067148642, 38.06112320589861 ], [ 127.124279449516422, 38.060526950447695 ], [ 127.124841594571052, 38.059963194308878 ], [ 127.125687944901955, 38.059689877554533 ], [ 127.126269652341847, 38.05975442938427 ], [ 127.126565895165925, 38.059787304016062 ], [ 127.129305166969942, 38.060929329342734 ], [ 127.129491093063535, 38.061039240329904 ], [ 127.130121352388102, 38.061411829977338 ], [ 127.130673669703242, 38.062176650001419 ], [ 127.131147986416579, 38.062833439035963 ], [ 127.131691410583358, 38.063277362146913 ], [ 127.132789941998354, 38.064174720492467 ], [ 127.134912454993596, 38.065605347715788 ], [ 127.136331544723404, 38.065790002049049 ], [ 127.13725951287887, 38.066019315896156 ], [ 127.137458805769612, 38.066084298962295 ], [ 127.137800145675016, 38.066195604332904 ], [ 127.138264117109415, 38.066459530535816 ], [ 127.138384226637982, 38.066666065975532 ], [ 127.138717104447807, 38.067499553514324 ], [ 127.138602755639923, 38.068440064816535 ], [ 127.138339494598767, 38.06910401844609 ], [ 127.138538376829047, 38.069655394890525 ], [ 127.139664297655486, 38.071375780683923 ], [ 127.141148290642562, 38.072741245668837 ], [ 127.142183408505517, 38.073229962294732 ], [ 127.143668689344878, 38.073614137501174 ], [ 127.144019983731056, 38.073541225413493 ], [ 127.144214353189611, 38.073500878069012 ], [ 127.144321069542713, 38.073378230268247 ], [ 127.14468657148312, 38.072958161170007 ], [ 127.146157390887936, 38.071314393080073 ], [ 127.147028319466571, 38.070535155786871 ], [ 127.147680850371103, 38.069677521562369 ], [ 127.147639327908152, 38.067935683452276 ], [ 127.147102236021809, 38.065234751564518 ], [ 127.146832532257775, 38.064275209256913 ], [ 127.146196060891441, 38.063445319921911 ], [ 127.146253612581191, 38.06272777989922 ], [ 127.146637693331627, 38.059751342205089 ], [ 127.146854362688075, 38.05914025267262 ], [ 127.147517880694551, 38.058570950964445 ], [ 127.148025438839866, 38.058135461604138 ], [ 127.14851175090557, 38.057841215902691 ], [ 127.148740640241954, 38.057702733912876 ], [ 127.149353379035603, 38.057691044159817 ], [ 127.150881113482143, 38.05807863422806 ], [ 127.152275605538833, 38.058773372037685 ], [ 127.153170583043249, 38.059492531283915 ], [ 127.153689379081726, 38.06006749827403 ], [ 127.154455879312195, 38.060995814968784 ], [ 127.155360348768227, 38.062285043572409 ], [ 127.155656550708869, 38.06262839672771 ], [ 127.155983971996903, 38.062849041585977 ], [ 127.156964661230717, 38.063389293758405 ], [ 127.157308243754372, 38.063458035898201 ], [ 127.157376089310574, 38.063471608621896 ], [ 127.157571833940636, 38.063510482378824 ], [ 127.158472530848101, 38.063483812289704 ], [ 127.159496038018332, 38.063400033853732 ], [ 127.160392912637619, 38.063122105357031 ], [ 127.161747231013962, 38.06267875290434 ], [ 127.162796915400421, 38.062320131640426 ], [ 127.16337783885109, 38.061997787760859 ], [ 127.163431895389579, 38.061967821887784 ], [ 127.164008329661641, 38.061648769694301 ], [ 127.164668571379664, 38.061383651837957 ], [ 127.164919344727309, 38.061376012142077 ], [ 127.165446683496398, 38.061359957356522 ], [ 127.166115754331884, 38.061350187315881 ], [ 127.166350846788788, 38.061346754950975 ], [ 127.167455901515368, 38.061811790843194 ], [ 127.168220222712932, 38.062634112579005 ], [ 127.168547723017824, 38.063002306788789 ], [ 127.168651067671533, 38.063291348272841 ], [ 127.168688443043891, 38.06339588545098 ], [ 127.168769867235554, 38.063591105221825 ], [ 127.168887907756016, 38.063874088043733 ], [ 127.170923253337833, 38.065515656770039 ], [ 127.171415172344965, 38.065768263740964 ], [ 127.172168595909696, 38.066019345113354 ], [ 127.172520757651583, 38.066136366126024 ], [ 127.173757106212122, 38.066423705363604 ], [ 127.174820715993135, 38.06645932397641 ], [ 127.175278327467552, 38.066397589880133 ], [ 127.175573572423588, 38.066357757609424 ], [ 127.177054753569692, 38.06606216216354 ], [ 127.178670825851768, 38.065546104116997 ], [ 127.180139075641748, 38.065043167780374 ], [ 127.181091939647743, 38.064716763903888 ], [ 127.183597171238745, 38.063861688358479 ], [ 127.184163681103016, 38.063842933209813 ], [ 127.18483938319801, 38.063945013937506 ], [ 127.185776200631693, 38.064134537009423 ], [ 127.186623638458471, 38.064436539756514 ] ] ] ] } },
{ "type": "Feature", "properties": { "OBJECTID": 1625, "adm_nm": "경기도 포천시 영중면", "adm_cd": "3127036", "adm_cd2": "4165036000", "sgg": "41650", "sido": "41", "sidonm": "경기도", "sggnm": "포천시" }, "geometry": { "type": "MultiPolygon", "coordinates": [ [ [ [ 127.239175017454954, 38.048444366451754 ], [ 127.239131654758708, 38.048405929771093 ], [ 127.239139109068176, 38.048283750727265 ], [ 127.239141492384533, 38.048244847744058 ], [ 127.239157340953014, 38.047992524412436 ], [ 127.239195526012011, 38.047846772954074 ], [ 127.239233167675835, 38.0477031563087 ], [ 127.239323260721022, 38.047404806971535 ], [ 127.239492546574482, 38.046976037516963 ], [ 127.239522371279165, 38.046900558269009 ], [ 127.240077064299058, 38.04554645817295 ], [ 127.240503907197578, 38.044688931138843 ], [ 127.240836646395977, 38.044055388658059 ], [ 127.241087509426791, 38.043815975339122 ], [ 127.241267528171093, 38.043667660288889 ], [ 127.24570980817488, 38.040857469793259 ], [ 127.246030805456243, 38.04071846501423 ], [ 127.24615200527343, 38.040684927809984 ], [ 127.24710769445646, 38.040732051531947 ], [ 127.247309467630615, 38.040763607543248 ], [ 127.247472892987517, 38.04078916753604 ], [ 127.247689124577278, 38.040875253549004 ], [ 127.247852672897309, 38.040954465670296 ], [ 127.248055289638913, 38.041063053847182 ], [ 127.248318517058379, 38.041363294675911 ], [ 127.248433895552125, 38.04143239862826 ], [ 127.24866965734455, 38.041573592922639 ], [ 127.249361484660795, 38.041926569662614 ], [ 127.249648061614479, 38.042065753200681 ], [ 127.250005330484385, 38.04211469596477 ], [ 127.250057421810425, 38.042121826804127 ], [ 127.250796805211294, 38.042108751491355 ], [ 127.251235030750081, 38.042057855904098 ], [ 127.252074303456624, 38.041878831729335 ], [ 127.252197289864185, 38.041852593347599 ], [ 127.259773841511276, 38.040065755485976 ], [ 127.262635217095735, 38.03932462989583 ], [ 127.268779372230057, 38.036956361268821 ], [ 127.271192743984841, 38.03615556143987 ], [ 127.279035214585946, 38.035116061341114 ], [ 127.279121169889081, 38.03511583530311 ], [ 127.279536610999287, 38.035114749392974 ], [ 127.280253766291551, 38.035128493628875 ], [ 127.28053570058043, 38.035161682734469 ], [ 127.283495284777629, 38.036001983341237 ], [ 127.283882164228402, 38.036194217755735 ], [ 127.28418560338018, 38.036426855486951 ], [ 127.284412808481179, 38.036667238887645 ], [ 127.284662674120199, 38.036952727487275 ], [ 127.284839150761158, 38.037247094087185 ], [ 127.284987035924075, 38.037580839241883 ], [ 127.285140179442791, 38.03803036806422 ], [ 127.285201659427642, 38.038471248151346 ], [ 127.285238465397896, 38.038784272232604 ], [ 127.286113191521906, 38.03876357362028 ], [ 127.287620509322622, 38.038688570544238 ], [ 127.28789541573903, 38.038655367869701 ], [ 127.288162706862082, 38.038623079151719 ], [ 127.288340514062725, 38.038568313003488 ], [ 127.288595424973948, 38.038489792252648 ], [ 127.289067845051846, 38.038169558843492 ], [ 127.289250686363346, 38.037991883411834 ], [ 127.289425521764386, 38.037804098984026 ], [ 127.289617182440082, 38.03759822861479 ], [ 127.289969967893555, 38.037267637949363 ], [ 127.290279898143325, 38.036978654098583 ], [ 127.290387138533276, 38.036923858076683 ], [ 127.290688602163044, 38.036769834161518 ], [ 127.291136060499426, 38.036705286915655 ], [ 127.293291094546035, 38.036501800518785 ], [ 127.294602543517044, 38.036412844057097 ], [ 127.295898296098628, 38.036565935741287 ], [ 127.295630222516664, 38.03594953683055 ], [ 127.295548753304956, 38.035762189672418 ], [ 127.294998511010604, 38.031822623002022 ], [ 127.294964157551306, 38.029581746025052 ], [ 127.295000354991529, 38.027583211391295 ], [ 127.294901335557938, 38.025296029177468 ], [ 127.294822820093913, 38.02510436918994 ], [ 127.294641288468114, 38.024829160427451 ], [ 127.294589067267935, 38.024773423887652 ], [ 127.29439279249398, 38.024563973751128 ], [ 127.294158395269761, 38.024350635101356 ], [ 127.293957880962651, 38.024242919249126 ], [ 127.29193775047365, 38.023204348008946 ], [ 127.290273854065774, 38.022364323514587 ], [ 127.289650405639563, 38.02199593617641 ], [ 127.289545929685929, 38.021928152844133 ], [ 127.289467721396434, 38.021848292364773 ], [ 127.288752751481056, 38.020909404830334 ], [ 127.288669106461157, 38.020777441551694 ], [ 127.288606787987561, 38.020657909226664 ], [ 127.288570660645163, 38.020344647607061 ], [ 127.288628547600183, 38.020023668748166 ], [ 127.279291272031031, 38.017662044646791 ], [ 127.276871033470158, 38.015794068729768 ], [ 127.276720377011969, 38.015461433570835 ], [ 127.27660486420109, 38.015054589990079 ], [ 127.276679280226688, 38.014937428960629 ], [ 127.276880994605278, 38.014620162602654 ], [ 127.277084919632415, 38.014053864786895 ], [ 127.277093844392411, 38.013224698351401 ], [ 127.276834741756574, 38.012497544784743 ], [ 127.276340761553854, 38.011158556324609 ], [ 127.275707022924038, 38.00976487031631 ], [ 127.27562597717052, 38.009629090066468 ], [ 127.275446978371022, 38.008798500928471 ], [ 127.275471882141147, 38.008487649530252 ], [ 127.275491505614795, 38.008244132198833 ], [ 127.275574784343434, 38.008134478341354 ], [ 127.27560074633945, 38.008100297001121 ], [ 127.27611429874851, 38.007786951948923 ], [ 127.277462041882217, 38.00706735368945 ], [ 127.278063634108918, 38.006594188115912 ], [ 127.281339448008296, 38.003880689293858 ], [ 127.281687161355009, 38.003532059208531 ], [ 127.28161377037226, 38.003317894111568 ], [ 127.281421081181662, 38.002760990830069 ], [ 127.280961875961296, 38.001576069251307 ], [ 127.280802086528581, 38.001217572572983 ], [ 127.280789873530878, 38.000767043581881 ], [ 127.280883813880692, 38.000508121688959 ], [ 127.280959800875934, 38.000416522000116 ], [ 127.281251114535522, 38.000065823115499 ], [ 127.281629273438369, 37.999772480534887 ], [ 127.282113912135273, 37.999448383791524 ], [ 127.282669222499962, 37.999077034905568 ], [ 127.283331180807451, 37.998616345878702 ], [ 127.28343623423909, 37.998474586406452 ], [ 127.283870806012786, 37.997872648986828 ], [ 127.285257180292533, 37.995291868975514 ], [ 127.285328714689541, 37.994682502719606 ], [ 127.285451291645927, 37.993655256514032 ], [ 127.285523712501046, 37.993471750873915 ], [ 127.285885513498826, 37.992911357360263 ], [ 127.286283883949679, 37.992501995144508 ], [ 127.287795625100642, 37.991054777984857 ], [ 127.288389031837639, 37.990636751816517 ], [ 127.289735114088671, 37.990099518542301 ], [ 127.290497258258441, 37.989865948293676 ], [ 127.291303075276645, 37.989618994329632 ], [ 127.292217997339364, 37.989258971495389 ], [ 127.293169997645961, 37.988871968010706 ], [ 127.293517145669824, 37.988687813441125 ], [ 127.294713505768783, 37.987700741379435 ], [ 127.300172114228033, 37.98289724831271 ], [ 127.300349543073764, 37.982555058902463 ], [ 127.300885978430301, 37.981042925133124 ], [ 127.301072930990571, 37.980333474278289 ], [ 127.301155143838457, 37.979932538463054 ], [ 127.301111519214871, 37.979481818808758 ], [ 127.300604840510957, 37.976579927220619 ], [ 127.301386911315845, 37.972516380140114 ], [ 127.301403363175098, 37.972330556809077 ], [ 127.301296863105833, 37.971997071615533 ], [ 127.300599183102548, 37.969988087566271 ], [ 127.300397049043198, 37.96947964065604 ], [ 127.300105260855844, 37.968971041048675 ], [ 127.299962022874652, 37.968781498904427 ], [ 127.299872083550852, 37.968663184556725 ], [ 127.299333184230306, 37.968196867416751 ], [ 127.295673508287692, 37.965723682005645 ], [ 127.293647373364209, 37.964549184375457 ], [ 127.291046411403485, 37.963162233561498 ], [ 127.289316491556832, 37.962498950227136 ], [ 127.288601425956585, 37.962300040686536 ], [ 127.288183260606672, 37.962183715566375 ], [ 127.287982974847779, 37.962059426818726 ], [ 127.286732345088609, 37.960027000541515 ], [ 127.285338994598817, 37.957676593563747 ], [ 127.285243462595105, 37.957501793318599 ], [ 127.285089653005883, 37.957302100937738 ], [ 127.279707243953084, 37.955487302436914 ], [ 127.279507396683982, 37.955463269071792 ], [ 127.276563681498843, 37.956571896388482 ], [ 127.274792715274444, 37.957559989185995 ], [ 127.274129899535254, 37.9577535829876 ], [ 127.273393725544807, 37.957880642399751 ], [ 127.272603488492905, 37.957816027027697 ], [ 127.272161131292265, 37.957761093510449 ], [ 127.271488823009676, 37.95760246860619 ], [ 127.271231942062698, 37.957541853025042 ], [ 127.26530931323741, 37.955676900024322 ], [ 127.26503236805496, 37.955304292679514 ], [ 127.264780145659273, 37.954964946816283 ], [ 127.2634119180384, 37.954121745706388 ], [ 127.262123802917614, 37.953817214510678 ], [ 127.261921455395921, 37.953809261382489 ], [ 127.260340508071209, 37.953747124947718 ], [ 127.258898760077315, 37.95387374046264 ], [ 127.257008979733428, 37.954381337607074 ], [ 127.256284665856711, 37.954667066830439 ], [ 127.259186173145537, 37.958012399854546 ], [ 127.259340134399125, 37.958360839887689 ], [ 127.2594445777262, 37.958622428874975 ], [ 127.260677568575503, 37.963879487721009 ], [ 127.258993363725651, 37.965417261340811 ], [ 127.255975259163165, 37.965353582140999 ], [ 127.255428654249215, 37.965398638329539 ], [ 127.25259819051081, 37.96582083417254 ], [ 127.250225335968807, 37.966417434142421 ], [ 127.247867531501456, 37.967718422045003 ], [ 127.245182110372482, 37.969249070333724 ], [ 127.242982559964702, 37.969682538742489 ], [ 127.242793923896684, 37.969498487214501 ], [ 127.242215521546882, 37.969265139245138 ], [ 127.240605823851794, 37.968697166399451 ], [ 127.237062344256302, 37.967471427098658 ], [ 127.236931282860795, 37.967461698455608 ], [ 127.236890194573277, 37.967458650325725 ], [ 127.233394507805613, 37.967412475082781 ], [ 127.231786979668769, 37.967086641308207 ], [ 127.231322165506512, 37.967693920689129 ], [ 127.226038991364163, 37.969578956046234 ], [ 127.22510195465145, 37.969742381613344 ], [ 127.224458072967948, 37.969786157025709 ], [ 127.224278358481655, 37.969798235962458 ], [ 127.224164587321226, 37.969804405373729 ], [ 127.224041383576846, 37.969830027667292 ], [ 127.223751845669952, 37.970000593591443 ], [ 127.222740570234905, 37.970602080085065 ], [ 127.222619929374005, 37.97072675440031 ], [ 127.222017473930819, 37.971959071905609 ], [ 127.221991623150871, 37.972020960199522 ], [ 127.222009129226066, 37.97207055008208 ], [ 127.22214299516736, 37.972449445810071 ], [ 127.222386285405037, 37.973038112991745 ], [ 127.222813636627279, 37.973948767227199 ], [ 127.223047859621559, 37.974416998114101 ], [ 127.22260842471772, 37.977166550941632 ], [ 127.222557500937071, 37.977264464256969 ], [ 127.222505355028275, 37.977324033750357 ], [ 127.222080135420541, 37.977797333278772 ], [ 127.222028033889913, 37.977838895769636 ], [ 127.221933994833392, 37.97786571223034 ], [ 127.221830056464697, 37.977875606003451 ], [ 127.221729066736813, 37.977858467935967 ], [ 127.220979763466204, 37.977839792843042 ], [ 127.219438478910334, 37.978174110789169 ], [ 127.219303059954868, 37.978227865159674 ], [ 127.219218139192634, 37.978290752831626 ], [ 127.219158021629738, 37.978393041902052 ], [ 127.217426991499167, 37.98272081206909 ], [ 127.217451522574819, 37.983022907684756 ], [ 127.217532843061392, 37.983143546879475 ], [ 127.217655146618654, 37.983293877352011 ], [ 127.217690803003492, 37.983337703436668 ], [ 127.217790795548339, 37.983432578825692 ], [ 127.217917795395721, 37.983504598197527 ], [ 127.218000288062029, 37.983551374661793 ], [ 127.219100406908112, 37.984344889759477 ], [ 127.219139397592997, 37.984386667520099 ], [ 127.219275369309401, 37.984749761235307 ], [ 127.219277326969788, 37.984799336841213 ], [ 127.219264278679049, 37.984860142753107 ], [ 127.218450812848033, 37.986320431646348 ], [ 127.217994271135396, 37.986983021300915 ], [ 127.217927066371942, 37.987061722066414 ], [ 127.217821388996072, 37.98715047180697 ], [ 127.217464329611843, 37.987460559452543 ], [ 127.216558947356972, 37.988768630214985 ], [ 127.216513806655158, 37.988845130991841 ], [ 127.216484989798275, 37.988935190434887 ], [ 127.216464536120569, 37.98907146109137 ], [ 127.216276884050416, 37.991040324684576 ], [ 127.216277001808223, 37.99110141341415 ], [ 127.216277361664979, 37.991285926998408 ], [ 127.216307638865828, 37.991392149301625 ], [ 127.216328058408124, 37.991429127952898 ], [ 127.216358755694216, 37.991457340217515 ], [ 127.21640182279171, 37.991496902486311 ], [ 127.216509043780349, 37.991562505298859 ], [ 127.216582925496141, 37.991599861510061 ], [ 127.216653964511607, 37.991636084215678 ], [ 127.216676279456465, 37.991658525981293 ], [ 127.216707851613677, 37.991690291338593 ], [ 127.216755134884906, 37.991797433237259 ], [ 127.216772467143997, 37.991917986270906 ], [ 127.216772952399708, 37.991976607247125 ], [ 127.216753291101782, 37.992090347577708 ], [ 127.216728587971545, 37.992220974919306 ], [ 127.216704758210568, 37.992311046374056 ], [ 127.21655400857685, 37.992825544200457 ], [ 127.215583610697962, 37.993804479226313 ], [ 127.215513039600651, 37.993832473804581 ], [ 127.211667859673625, 37.995123156805548 ], [ 127.211634424098776, 37.995131760543394 ], [ 127.211539449388724, 37.995152415891063 ], [ 127.211476908988715, 37.995153167377254 ], [ 127.211140484407025, 37.995086999106334 ], [ 127.209037512029141, 37.99461201894853 ], [ 127.208892140555065, 37.994536234934735 ], [ 127.208850829459479, 37.994480870201706 ], [ 127.208815216538852, 37.994305030870962 ], [ 127.206784198267385, 37.993993284725981 ], [ 127.205374447419373, 37.996946233495507 ], [ 127.203883908097097, 37.997465251244506 ], [ 127.203804854068736, 37.99746240239039 ], [ 127.203648328893323, 37.997456771601414 ], [ 127.203245988104555, 37.997532473778541 ], [ 127.20320510989086, 37.997540189294874 ], [ 127.201034651239425, 37.998023793558453 ], [ 127.200959430218006, 37.998051573771207 ], [ 127.200760829670585, 37.998225693939986 ], [ 127.200614969669971, 37.998390910828569 ], [ 127.200715600775766, 37.998542353382398 ], [ 127.200809607091216, 37.998658435917093 ], [ 127.202495767104594, 38.000475426165977 ], [ 127.204593319265982, 38.001798846585316 ], [ 127.206111134412453, 38.00391841890815 ], [ 127.206932075109421, 38.005494375922069 ], [ 127.206709594312841, 38.006125816705378 ], [ 127.202698927664784, 38.009220671190064 ], [ 127.196597430342365, 38.013034423082338 ], [ 127.195960861754074, 38.014770005362443 ], [ 127.196041440628392, 38.015776271678945 ], [ 127.197981129826232, 38.015738459454511 ], [ 127.200678208433416, 38.015571857501364 ], [ 127.204075474596394, 38.018875776329082 ], [ 127.204261729346541, 38.019306603593378 ], [ 127.204017033180136, 38.019585913233115 ], [ 127.203754594566078, 38.019885488084057 ], [ 127.203710909627745, 38.020012531164866 ], [ 127.203612609786845, 38.020298639376762 ], [ 127.203790656599892, 38.02153046710616 ], [ 127.203845309113333, 38.021655144159531 ], [ 127.203906374549646, 38.021794384053386 ], [ 127.204042997681896, 38.021903062313562 ], [ 127.204656637252569, 38.022391118166077 ], [ 127.207914128134092, 38.023539378899855 ], [ 127.208368894560195, 38.023962984350355 ], [ 127.208325033775495, 38.024410250130551 ], [ 127.208042262185387, 38.02480487376679 ], [ 127.20736590265065, 38.025485914491924 ], [ 127.207116189395791, 38.025699536774482 ], [ 127.206459853420697, 38.026261012754254 ], [ 127.205985640232143, 38.026782572084976 ], [ 127.20574743772967, 38.027226984669937 ], [ 127.205790079917151, 38.027604503595576 ], [ 127.207379722286589, 38.032395407416558 ], [ 127.20777639925474, 38.032756906867917 ], [ 127.208123016846116, 38.032809591582406 ], [ 127.20853416336017, 38.032646857585569 ], [ 127.20910736877606, 38.032419973378929 ], [ 127.21007592124478, 38.032243235868641 ], [ 127.210240905217319, 38.032252339958504 ], [ 127.210503054564768, 38.032266815905366 ], [ 127.210769384406177, 38.032661876985863 ], [ 127.211540775234027, 38.034528939270373 ], [ 127.212538883700333, 38.036915499456029 ], [ 127.21428722127817, 38.039523509135755 ], [ 127.214474517842348, 38.039713233211209 ], [ 127.216663201696434, 38.041570620421048 ], [ 127.216710593367765, 38.041603086107379 ], [ 127.216922518417348, 38.04174816204339 ], [ 127.217356205093438, 38.041771737518971 ], [ 127.218419806469569, 38.041537703522977 ], [ 127.218919272598299, 38.041119803060781 ], [ 127.219211302110892, 38.041035753438422 ], [ 127.219338617600187, 38.040999145478807 ], [ 127.222895267914254, 38.041649731673424 ], [ 127.224048977522742, 38.041960710512107 ], [ 127.22476734994612, 38.042154340325816 ], [ 127.232382400657556, 38.046582498655326 ], [ 127.23549310161205, 38.0485927002333 ], [ 127.235725058514433, 38.048663071128026 ], [ 127.236066096430037, 38.048712281113445 ], [ 127.236413071789073, 38.048695034007373 ], [ 127.23687547746735, 38.048665651693497 ], [ 127.238038854560088, 38.04853092180425 ], [ 127.239175017454954, 38.048444366451754 ] ] ] ] } },
{ "type": "Feature", "properties": { "OBJECTID": 1626, "adm_nm": "경기도 포천시 일동면", "adm_cd": "3127037", "adm_cd2": "4165037000", "sgg": "41650", "sido": "41", "sidonm": "경기도", "sggnm": "포천시" }, "geometry": { "type": "MultiPolygon", "coordinates": [ [ [ [ 127.310357142632824, 38.029100608011852 ], [ 127.310813478264748, 38.028328491779931 ], [ 127.310871511288056, 38.02625337729485 ], [ 127.310196322261774, 38.0232532634584 ], [ 127.309952115696802, 38.022979509188566 ], [ 127.309885327288796, 38.022904639607198 ], [ 127.309278172244632, 38.022504981822316 ], [ 127.309001712493341, 38.022323005197229 ], [ 127.308869150647993, 38.020448115944603 ], [ 127.308897158234714, 38.018985825317614 ], [ 127.30890617793824, 38.018539608816297 ], [ 127.309469494059897, 38.016294161892695 ], [ 127.310245752145448, 38.015271690953675 ], [ 127.310346836573302, 38.015138553757978 ], [ 127.312512550069556, 38.012303009558387 ], [ 127.314079911528637, 38.010348542341951 ], [ 127.314216645290571, 38.008925850993023 ], [ 127.312604365447825, 38.006222340973373 ], [ 127.310447898250956, 38.002989362327902 ], [ 127.308858115800192, 38.00274001194196 ], [ 127.308539512242859, 38.002470770046649 ], [ 127.308213776352389, 38.002183537646772 ], [ 127.308319364706378, 38.001904312167291 ], [ 127.308850227500542, 38.001412901421006 ], [ 127.310281337113523, 38.000217631427603 ], [ 127.310321942325473, 38.000208684035584 ], [ 127.310699961375278, 38.000128871104693 ], [ 127.31077208700043, 38.000113647240724 ], [ 127.312506463669024, 38.000285416691447 ], [ 127.312925380488423, 38.000434796449348 ], [ 127.313476121615423, 38.000810832656072 ], [ 127.31368852257917, 38.000995158410362 ], [ 127.313937827130331, 38.001211510875727 ], [ 127.314374102219602, 38.001820570111839 ], [ 127.314490373321618, 38.001974053747084 ], [ 127.314650102137463, 38.002184900674791 ], [ 127.315451580341261, 38.003081816519256 ], [ 127.322550277865517, 38.004101058217969 ], [ 127.323046550349417, 38.004072514119912 ], [ 127.323554511974962, 38.003914425263957 ], [ 127.323990648415432, 38.003677967861236 ], [ 127.324111942672346, 38.003612202058555 ], [ 127.326138363363071, 38.002274508048878 ], [ 127.326340321415756, 38.002050651442552 ], [ 127.32668154796751, 38.001320020370045 ], [ 127.327184724637277, 38.00048364823828 ], [ 127.327366545001638, 38.000363372380548 ], [ 127.327821815341892, 38.000169163082212 ], [ 127.327915518913869, 38.000172022120992 ], [ 127.328551495736107, 38.000191607656106 ], [ 127.329161121070157, 38.000690456948135 ], [ 127.329709551640306, 38.001181328175313 ], [ 127.330742836398144, 38.001957928184943 ], [ 127.332279429825888, 38.00305632197329 ], [ 127.332516761008435, 38.003160479636193 ], [ 127.332851224270115, 38.003307243629102 ], [ 127.336404004160059, 38.004722755987807 ], [ 127.337494598108378, 38.00479403678515 ], [ 127.338165020781403, 38.004837853593621 ], [ 127.339388351273428, 38.005045700401482 ], [ 127.340111590986581, 38.005731665051506 ], [ 127.340623789077611, 38.006235955115926 ], [ 127.341278609457902, 38.006966884130733 ], [ 127.341812452615073, 38.007350650863316 ], [ 127.341996123265773, 38.007413293953 ], [ 127.342479045632103, 38.007577994250809 ], [ 127.343129074134353, 38.007567597047455 ], [ 127.344753940545928, 38.007122489091415 ], [ 127.344802094345127, 38.006931362400017 ], [ 127.344896092376686, 38.006558244955052 ], [ 127.344942020259495, 38.006374406673316 ], [ 127.344993737575564, 38.006167439929158 ], [ 127.345673033166292, 38.005774019696126 ], [ 127.346814936120637, 38.005438656132668 ], [ 127.349472609942794, 38.004705284595438 ], [ 127.352122218151948, 38.00441122093094 ], [ 127.352216477682745, 38.0044438759369 ], [ 127.352344179518312, 38.004488109354405 ], [ 127.352545544555767, 38.004543570438209 ], [ 127.352593257412664, 38.004553776058287 ], [ 127.352657978737071, 38.004567365677516 ], [ 127.354699077268009, 38.004538360117273 ], [ 127.354874611945917, 38.004535251108742 ], [ 127.354936863535826, 38.004534147224646 ], [ 127.354982077975563, 38.004531454057826 ], [ 127.355159005525479, 38.004520901698363 ], [ 127.356039457613605, 38.003882067821273 ], [ 127.356548884260789, 38.003309245336652 ], [ 127.356998455546091, 38.002755500206341 ], [ 127.357203124779929, 38.002204836026579 ], [ 127.357313320243563, 38.001907490322836 ], [ 127.3602620368207, 37.999615050673249 ], [ 127.365752996613367, 37.995507058829361 ], [ 127.366072189635233, 37.995344063903261 ], [ 127.366265884403646, 37.995300346415164 ], [ 127.367248664255129, 37.995041212272525 ], [ 127.368421186395835, 37.994554706539532 ], [ 127.370670800778697, 37.993180480695344 ], [ 127.37123453712384, 37.992775518490944 ], [ 127.371856449378512, 37.992070937806531 ], [ 127.374723431485535, 37.990459589286075 ], [ 127.374896915976223, 37.990369347418479 ], [ 127.375358893296621, 37.99012903997864 ], [ 127.376145676967411, 37.989900073447785 ], [ 127.376756986876259, 37.989602131369892 ], [ 127.377237181831561, 37.989323233301377 ], [ 127.377879230014329, 37.9888676230171 ], [ 127.378227321891274, 37.988411705217324 ], [ 127.378407123018718, 37.987717896890445 ], [ 127.378430014659799, 37.986785083875425 ], [ 127.378398415218612, 37.986611525546536 ], [ 127.378274129588917, 37.985928695621332 ], [ 127.378297484184543, 37.985874480055102 ], [ 127.378404162588296, 37.985626897399712 ], [ 127.379751651519726, 37.984642494778072 ], [ 127.379921875583705, 37.984535288762032 ], [ 127.380008839783045, 37.984480524883701 ], [ 127.380228843255324, 37.984390872280343 ], [ 127.38065692947572, 37.984216429729109 ], [ 127.381306339951635, 37.984013169531579 ], [ 127.383585626566287, 37.983322579195999 ], [ 127.385043855608814, 37.98241260598374 ], [ 127.383949937790518, 37.981111393231387 ], [ 127.383944477909424, 37.980059254980574 ], [ 127.383953749605411, 37.979948972948492 ], [ 127.384123611383018, 37.977932254419947 ], [ 127.385389568541399, 37.976145554509948 ], [ 127.384887576605891, 37.975874676362821 ], [ 127.382445756169147, 37.974222894604146 ], [ 127.381841871494004, 37.972269862196974 ], [ 127.382630812176458, 37.96973125613826 ], [ 127.382640034379904, 37.969701090009124 ], [ 127.381769444624084, 37.96862292824008 ], [ 127.380091266465257, 37.966627116466029 ], [ 127.379676939240525, 37.966339846477929 ], [ 127.377899699462063, 37.965344946202109 ], [ 127.37696726078903, 37.963415280095631 ], [ 127.376143653675697, 37.961527328926792 ], [ 127.376263727767068, 37.961190163487601 ], [ 127.37630449181529, 37.96107572380415 ], [ 127.377435068022905, 37.959397090333425 ], [ 127.378707899128145, 37.958920749739931 ], [ 127.379168934398507, 37.958918970909032 ], [ 127.379502001197807, 37.958245251345183 ], [ 127.379732798455279, 37.9577783908641 ], [ 127.379514433099189, 37.95647455978299 ], [ 127.377707465070841, 37.954262266072128 ], [ 127.376969446465949, 37.953589496218022 ], [ 127.376832604138784, 37.952934126578675 ], [ 127.378749175932796, 37.951123451569693 ], [ 127.380293537405478, 37.950731842124092 ], [ 127.381351306379486, 37.950771218688274 ], [ 127.38168559480755, 37.950662949016845 ], [ 127.382353462671304, 37.950446631432087 ], [ 127.383127403070588, 37.949579904169305 ], [ 127.384912574491068, 37.947087314021474 ], [ 127.384710956797903, 37.946666399875582 ], [ 127.384444554027567, 37.945713583905999 ], [ 127.384002478353423, 37.944125697218652 ], [ 127.384156538693503, 37.943807077860122 ], [ 127.384199916771507, 37.943717977660484 ], [ 127.384284179505343, 37.943544538118068 ], [ 127.383525896402475, 37.943194605375105 ], [ 127.382819532556695, 37.94276240747417 ], [ 127.382194236789303, 37.941906676233749 ], [ 127.381919780943548, 37.941312751854277 ], [ 127.381689538168885, 37.940814471987203 ], [ 127.381193949130548, 37.94025854733971 ], [ 127.380433232094205, 37.939591942347512 ], [ 127.379814455912765, 37.939133902801132 ], [ 127.379537610443805, 37.939108671756458 ], [ 127.379276809206374, 37.939084907613413 ], [ 127.377539667384141, 37.938773291068728 ], [ 127.376154389862066, 37.937754500013099 ], [ 127.374546170939695, 37.936527029580347 ], [ 127.371951877184785, 37.933856289706725 ], [ 127.370531269110018, 37.931592571981682 ], [ 127.369888631138863, 37.930619585791987 ], [ 127.369085194429942, 37.930093687396081 ], [ 127.368103793036141, 37.929674613547924 ], [ 127.367168437473552, 37.92935923300881 ], [ 127.366097600315371, 37.928834201709307 ], [ 127.364303644901057, 37.925950175193741 ], [ 127.358102974497527, 37.922691418816726 ], [ 127.357207165755312, 37.922221658664263 ], [ 127.356898854401052, 37.922060176571883 ], [ 127.356630255067202, 37.921956200012076 ], [ 127.355826584850675, 37.921646522507125 ], [ 127.354629785986106, 37.921649556778213 ], [ 127.351336698239038, 37.92197103807208 ], [ 127.350607288150897, 37.922224732005667 ], [ 127.350314858054205, 37.92232686541174 ], [ 127.349178381112097, 37.9237551212764 ], [ 127.348589957288496, 37.924817936771312 ], [ 127.348503710041129, 37.925045368166778 ], [ 127.347928623363259, 37.925600431543373 ], [ 127.34744056476751, 37.926071477506873 ], [ 127.345753851210191, 37.927028037215663 ], [ 127.345176721461499, 37.927205286178697 ], [ 127.343928802582241, 37.926786786342618 ], [ 127.34361480046158, 37.926539431191593 ], [ 127.343125114924845, 37.926153680776686 ], [ 127.339956757480238, 37.924260063127861 ], [ 127.338398157890921, 37.923842208214388 ], [ 127.337285392989784, 37.923774203993403 ], [ 127.336441834233142, 37.924163973853652 ], [ 127.336101021979431, 37.92446757152414 ], [ 127.334623380136492, 37.925473951556121 ], [ 127.333025990834841, 37.926500273524624 ], [ 127.33146710452813, 37.926187134277271 ], [ 127.331270343089315, 37.926074838716964 ], [ 127.330976332758979, 37.925907027292588 ], [ 127.330658840024341, 37.924498288779269 ], [ 127.330558933543514, 37.92410911656917 ], [ 127.330432583030557, 37.923616941550961 ], [ 127.329225330252143, 37.922281270601061 ], [ 127.328994138537055, 37.92203087704592 ], [ 127.327659179115003, 37.922398409906798 ], [ 127.325410756807884, 37.922376907557862 ], [ 127.322281210339497, 37.922015244963482 ], [ 127.319458050591749, 37.922031227101641 ], [ 127.319317815812212, 37.922092976320002 ], [ 127.318944073275702, 37.922256889330654 ], [ 127.318380663869846, 37.922340518149063 ], [ 127.316762070825931, 37.922377441028523 ], [ 127.312341542241612, 37.922466238411367 ], [ 127.312208330648318, 37.922434651642163 ], [ 127.312040210180356, 37.922394780097527 ], [ 127.310952175673279, 37.922129125661272 ], [ 127.310253216122533, 37.920440596097627 ], [ 127.310078136357831, 37.919945724737936 ], [ 127.310015728061487, 37.919703525519175 ], [ 127.308855927915346, 37.919320717124641 ], [ 127.306196664243117, 37.918987402140516 ], [ 127.302313820233024, 37.919637762724932 ], [ 127.301954530500453, 37.919710389371716 ], [ 127.300291271469732, 37.92024047288723 ], [ 127.300071519826233, 37.920511616670822 ], [ 127.299936201428565, 37.920588997730569 ], [ 127.299713993789709, 37.920716054703654 ], [ 127.299574118991998, 37.920795131047726 ], [ 127.299439804723022, 37.920871062147583 ], [ 127.296741626672457, 37.919684606799748 ], [ 127.296681341204689, 37.919605580248088 ], [ 127.296069158540973, 37.91778845343056 ], [ 127.295248757592177, 37.915416043006005 ], [ 127.295207858176951, 37.915397517696 ], [ 127.295117374959617, 37.915357793075856 ], [ 127.287194316531085, 37.915793257844442 ], [ 127.286913233394017, 37.915870486514265 ], [ 127.282633354073212, 37.917094062624322 ], [ 127.278632309070716, 37.919663198001821 ], [ 127.272590676573358, 37.922431938172799 ], [ 127.27250261681165, 37.922463565848012 ], [ 127.272312500782917, 37.922542061946238 ], [ 127.272232888301403, 37.922763853050434 ], [ 127.271516514820874, 37.925147524825519 ], [ 127.268002254346555, 37.928027065399498 ], [ 127.267966678322139, 37.928032628378759 ], [ 127.267859943132606, 37.928051570485948 ], [ 127.267767478611091, 37.928090928047844 ], [ 127.267693552357684, 37.928164607556113 ], [ 127.267520650469422, 37.928521829525415 ], [ 127.265743909099484, 37.93262710209649 ], [ 127.265245926033558, 37.933788784653146 ], [ 127.263252924395175, 37.93871263815101 ], [ 127.262402976385104, 37.943344719045925 ], [ 127.261764243464512, 37.944875631888195 ], [ 127.261389029991477, 37.945640973605443 ], [ 127.261176507251363, 37.946030353126346 ], [ 127.260898841265046, 37.94632271051961 ], [ 127.260836850616414, 37.946356383143261 ], [ 127.260799416571032, 37.946370457399475 ], [ 127.260756364570511, 37.946386638267036 ], [ 127.260467807111922, 37.946397371463014 ], [ 127.260354410257079, 37.946401592961074 ], [ 127.259828362642196, 37.946510929156204 ], [ 127.259382440318433, 37.94670041692175 ], [ 127.259215750070283, 37.946772179619323 ], [ 127.259117121826691, 37.946843892168069 ], [ 127.258919123106594, 37.946987883309909 ], [ 127.258817800577091, 37.947096750525205 ], [ 127.258795630878481, 37.947120571401953 ], [ 127.258661974895759, 37.947312246372441 ], [ 127.258634883363456, 37.947351109669093 ], [ 127.258164522776667, 37.949306405855168 ], [ 127.25781558467061, 37.950741767646079 ], [ 127.257765482824468, 37.950896921683558 ], [ 127.257753805452381, 37.950933066632572 ], [ 127.25772187826098, 37.950969440272168 ], [ 127.257568840890414, 37.951143462635805 ], [ 127.255675825950988, 37.952426143329255 ], [ 127.256284665856711, 37.954667066830439 ], [ 127.257008979733428, 37.954381337607074 ], [ 127.258898760077315, 37.95387374046264 ], [ 127.260340508071209, 37.953747124947718 ], [ 127.261921455395921, 37.953809261382489 ], [ 127.262123802917614, 37.953817214510678 ], [ 127.2634119180384, 37.954121745706388 ], [ 127.264780145659273, 37.954964946816283 ], [ 127.26503236805496, 37.955304292679514 ], [ 127.26530931323741, 37.955676900024322 ], [ 127.271231942062698, 37.957541853025042 ], [ 127.271488823009676, 37.95760246860619 ], [ 127.272161131292265, 37.957761093510449 ], [ 127.272603488492905, 37.957816027027697 ], [ 127.273393725544807, 37.957880642399751 ], [ 127.274129899535254, 37.9577535829876 ], [ 127.274792715274444, 37.957559989185995 ], [ 127.276563681498843, 37.956571896388482 ], [ 127.279507396683982, 37.955463269071792 ], [ 127.279707243953084, 37.955487302436914 ], [ 127.285089653005883, 37.957302100937738 ], [ 127.285243462595105, 37.957501793318599 ], [ 127.285338994598817, 37.957676593563747 ], [ 127.286732345088609, 37.960027000541515 ], [ 127.287982974847779, 37.962059426818726 ], [ 127.288183260606672, 37.962183715566375 ], [ 127.288601425956585, 37.962300040686536 ], [ 127.289316491556832, 37.962498950227136 ], [ 127.291046411403485, 37.963162233561498 ], [ 127.293647373364209, 37.964549184375457 ], [ 127.295673508287692, 37.965723682005645 ], [ 127.299333184230306, 37.968196867416751 ], [ 127.299872083550852, 37.968663184556725 ], [ 127.299962022874652, 37.968781498904427 ], [ 127.300105260855844, 37.968971041048675 ], [ 127.300397049043198, 37.96947964065604 ], [ 127.300599183102548, 37.969988087566271 ], [ 127.301296863105833, 37.971997071615533 ], [ 127.301403363175098, 37.972330556809077 ], [ 127.301386911315845, 37.972516380140114 ], [ 127.300604840510957, 37.976579927220619 ], [ 127.301111519214871, 37.979481818808758 ], [ 127.301155143838457, 37.979932538463054 ], [ 127.301072930990571, 37.980333474278289 ], [ 127.300885978430301, 37.981042925133124 ], [ 127.300349543073764, 37.982555058902463 ], [ 127.300172114228033, 37.98289724831271 ], [ 127.294713505768783, 37.987700741379435 ], [ 127.293517145669824, 37.988687813441125 ], [ 127.293169997645961, 37.988871968010706 ], [ 127.292217997339364, 37.989258971495389 ], [ 127.291303075276645, 37.989618994329632 ], [ 127.290497258258441, 37.989865948293676 ], [ 127.289735114088671, 37.990099518542301 ], [ 127.288389031837639, 37.990636751816517 ], [ 127.287795625100642, 37.991054777984857 ], [ 127.286283883949679, 37.992501995144508 ], [ 127.285885513498826, 37.992911357360263 ], [ 127.285523712501046, 37.993471750873915 ], [ 127.285451291645927, 37.993655256514032 ], [ 127.285328714689541, 37.994682502719606 ], [ 127.285257180292533, 37.995291868975514 ], [ 127.283870806012786, 37.997872648986828 ], [ 127.28343623423909, 37.998474586406452 ], [ 127.283331180807451, 37.998616345878702 ], [ 127.282669222499962, 37.999077034905568 ], [ 127.282113912135273, 37.999448383791524 ], [ 127.281629273438369, 37.999772480534887 ], [ 127.281251114535522, 38.000065823115499 ], [ 127.280959800875934, 38.000416522000116 ], [ 127.280883813880692, 38.000508121688959 ], [ 127.280789873530878, 38.000767043581881 ], [ 127.280802086528581, 38.001217572572983 ], [ 127.280961875961296, 38.001576069251307 ], [ 127.281421081181662, 38.002760990830069 ], [ 127.28161377037226, 38.003317894111568 ], [ 127.281687161355009, 38.003532059208531 ], [ 127.281339448008296, 38.003880689293858 ], [ 127.278063634108918, 38.006594188115912 ], [ 127.277462041882217, 38.00706735368945 ], [ 127.27611429874851, 38.007786951948923 ], [ 127.27560074633945, 38.008100297001121 ], [ 127.275574784343434, 38.008134478341354 ], [ 127.275491505614795, 38.008244132198833 ], [ 127.275471882141147, 38.008487649530252 ], [ 127.275446978371022, 38.008798500928471 ], [ 127.27562597717052, 38.009629090066468 ], [ 127.275707022924038, 38.00976487031631 ], [ 127.276340761553854, 38.011158556324609 ], [ 127.276834741756574, 38.012497544784743 ], [ 127.277093844392411, 38.013224698351401 ], [ 127.277084919632415, 38.014053864786895 ], [ 127.276880994605278, 38.014620162602654 ], [ 127.276679280226688, 38.014937428960629 ], [ 127.27660486420109, 38.015054589990079 ], [ 127.276720377011969, 38.015461433570835 ], [ 127.276871033470158, 38.015794068729768 ], [ 127.279291272031031, 38.017662044646791 ], [ 127.288628547600183, 38.020023668748166 ], [ 127.288570660645163, 38.020344647607061 ], [ 127.288606787987561, 38.020657909226664 ], [ 127.288669106461157, 38.020777441551694 ], [ 127.288752751481056, 38.020909404830334 ], [ 127.289467721396434, 38.021848292364773 ], [ 127.289545929685929, 38.021928152844133 ], [ 127.289650405639563, 38.02199593617641 ], [ 127.290273854065774, 38.022364323514587 ], [ 127.29193775047365, 38.023204348008946 ], [ 127.293957880962651, 38.024242919249126 ], [ 127.294158395269761, 38.024350635101356 ], [ 127.29439279249398, 38.024563973751128 ], [ 127.294589067267935, 38.024773423887652 ], [ 127.294641288468114, 38.024829160427451 ], [ 127.294822820093913, 38.02510436918994 ], [ 127.294901335557938, 38.025296029177468 ], [ 127.295000354991529, 38.027583211391295 ], [ 127.294964157551306, 38.029581746025052 ], [ 127.294998511010604, 38.031822623002022 ], [ 127.295548753304956, 38.035762189672418 ], [ 127.295630222516664, 38.03594953683055 ], [ 127.295898296098628, 38.036565935741287 ], [ 127.300269955682651, 38.037288695550117 ], [ 127.303448903365435, 38.037454409321469 ], [ 127.305842750129031, 38.037498836540479 ], [ 127.306058591759452, 38.037456958668223 ], [ 127.306205358475864, 38.037428474989973 ], [ 127.306340456098724, 38.0372822228857 ], [ 127.3068298917931, 38.036685928018557 ], [ 127.307349606095201, 38.035677312026792 ], [ 127.307723192045657, 38.033894540537446 ], [ 127.307703452186857, 38.033272622557298 ], [ 127.307715171544629, 38.033096242482536 ], [ 127.307719026344515, 38.033038314270719 ], [ 127.307802811130244, 38.032590062603951 ], [ 127.307871357232372, 38.03224102630454 ], [ 127.308192724702707, 38.031090061665246 ], [ 127.30834687911711, 38.030689241646655 ], [ 127.308455279838469, 38.030473335433506 ], [ 127.308507956572214, 38.030368421638656 ], [ 127.308672430842989, 38.030086006130567 ], [ 127.309516465254603, 38.029512713236414 ], [ 127.310156916800025, 38.029141969294471 ], [ 127.310357142632824, 38.029100608011852 ] ] ] ] } },
{ "type": "Feature", "properties": { "OBJECTID": 1627, "adm_nm": "경기도 포천시 이동면", "adm_cd": "3127038", "adm_cd2": "4165038000", "sgg": "41650", "sido": "41", "sidonm": "경기도", "sggnm": "포천시" }, "geometry": { "type": "MultiPolygon", "coordinates": [ [ [ [ 127.430567312365923, 38.115281264381494 ], [ 127.430635918199172, 38.115293705507803 ], [ 127.430700412041801, 38.115291151506874 ], [ 127.430758559148543, 38.115272318558212 ], [ 127.430813823990036, 38.115236025340877 ], [ 127.430845642065748, 38.115204988938672 ], [ 127.430870240370126, 38.115180992623067 ], [ 127.430931958413467, 38.115105964666384 ], [ 127.432315926175932, 38.113360345003287 ], [ 127.432625004147752, 38.112816454192007 ], [ 127.439712920904029, 38.109334382557343 ], [ 127.439793525679619, 38.109289006032427 ], [ 127.439872893726388, 38.109239614548564 ], [ 127.439951213974183, 38.10918671201641 ], [ 127.440028636562118, 38.109130814042778 ], [ 127.440105358392429, 38.109072444369446 ], [ 127.440181522737404, 38.109012151044702 ], [ 127.440226814853872, 38.108975284083307 ], [ 127.440257345928899, 38.108950415459432 ], [ 127.440332962108371, 38.108887796471741 ], [ 127.440408400580424, 38.10882472580667 ], [ 127.440435204369464, 38.108801975941226 ], [ 127.440483088631254, 38.10876132033998 ], [ 127.44052888932498, 38.108721462192392 ], [ 127.440556239133187, 38.1086976598882 ], [ 127.44062712886533, 38.108633791856242 ], [ 127.440694979838597, 38.108569787056076 ], [ 127.440759050586422, 38.10850569378789 ], [ 127.440818596215038, 38.108441570265455 ], [ 127.440842173472802, 38.108413726486681 ], [ 127.440872860436926, 38.108377462080007 ], [ 127.440921369090887, 38.10831294450076 ], [ 127.440964888451731, 38.108245514182762 ], [ 127.441004774420605, 38.108171360327532 ], [ 127.441041034357326, 38.108089841235639 ], [ 127.441075756581583, 38.107995566540616 ], [ 127.441093804109698, 38.107937349729418 ], [ 127.441109605560285, 38.107886349185854 ], [ 127.441123015469756, 38.107836218071391 ], [ 127.441143625138693, 38.107759146094082 ], [ 127.441178844278255, 38.107610967354105 ], [ 127.441206757503821, 38.107482573302654 ], [ 127.44121597949686, 38.107440108112478 ], [ 127.441254387990512, 38.107250128975252 ], [ 127.441278344723045, 38.107123729241295 ], [ 127.443907819371233, 38.099366686569496 ], [ 127.444396902695658, 38.097521210111736 ], [ 127.444896516563233, 38.092649762264649 ], [ 127.445568352509696, 38.085991980466908 ], [ 127.446265619186576, 38.084116105228993 ], [ 127.446296911037138, 38.084028803816928 ], [ 127.446309717141588, 38.083987361741144 ], [ 127.446325882496865, 38.08393503196902 ], [ 127.446333554956297, 38.083904565099409 ], [ 127.446349200674561, 38.083842367905106 ], [ 127.446356504163219, 38.083803411736646 ], [ 127.446366292896002, 38.083751186298493 ], [ 127.446935351741686, 38.079516812712257 ], [ 127.446938380212984, 38.079469405971203 ], [ 127.446940171245203, 38.079441349103497 ], [ 127.446938075897393, 38.07936667098982 ], [ 127.446932165199357, 38.079317504522443 ], [ 127.44692900179399, 38.079291302049086 ], [ 127.446914036757263, 38.079219924007674 ], [ 127.446889678799039, 38.079132606227269 ], [ 127.446859265461597, 38.079046550195422 ], [ 127.446824669025403, 38.078963281716646 ], [ 127.446775575535682, 38.078858697751244 ], [ 127.446721621882659, 38.078756705437932 ], [ 127.446108646430815, 38.072748377907637 ], [ 127.44620275359722, 38.072603772089593 ], [ 127.446317248209326, 38.072421208235966 ], [ 127.446410322774966, 38.072267190618426 ], [ 127.446497319059461, 38.072116297593851 ], [ 127.446580516064003, 38.071963978753615 ], [ 127.446647025889476, 38.071834101331135 ], [ 127.446710900602639, 38.071701234032524 ], [ 127.446723513469209, 38.071672987360664 ], [ 127.446749798905898, 38.071614116918759 ], [ 127.446763084356846, 38.071584355497059 ], [ 127.446797050222273, 38.071502326555077 ], [ 127.446807672822146, 38.071476669247907 ], [ 127.446848821823409, 38.071368532587613 ], [ 127.446860057631895, 38.071336742349132 ], [ 127.446877428294314, 38.071287568309884 ], [ 127.446904177094765, 38.071205581134542 ], [ 127.446926663611507, 38.071130697710913 ], [ 127.446944873582154, 38.071063749915837 ], [ 127.446959332428747, 38.071001823252374 ], [ 127.446970176174247, 38.070944446414508 ], [ 127.446975897401913, 38.0709030000748 ], [ 127.446981898438992, 38.070838754205141 ], [ 127.44698323689164, 38.070788216488189 ], [ 127.446981686819413, 38.070737060091723 ], [ 127.446977847217084, 38.070686246950565 ], [ 127.446970788649992, 38.070632997100539 ], [ 127.446960133788124, 38.070577270714473 ], [ 127.446945308537565, 38.07051837985621 ], [ 127.446925773029761, 38.070455609566011 ], [ 127.446329184676898, 38.064466886734373 ], [ 127.446318279611276, 38.064393508548484 ], [ 127.446038806826436, 38.062833496287652 ], [ 127.446028705575216, 38.062782371934723 ], [ 127.446017775251008, 38.062727051740083 ], [ 127.445991820754557, 38.062624591287722 ], [ 127.44596130335789, 38.062526416120669 ], [ 127.445926869348582, 38.062432633785278 ], [ 127.445892205564675, 38.062350681538227 ], [ 127.444894617493361, 38.060235841101388 ], [ 127.444858860440434, 38.060220717968157 ], [ 127.444792393478309, 38.060192603765685 ], [ 127.44467736503438, 38.060141591275851 ], [ 127.444602727934324, 38.060106563902671 ], [ 127.444549724683, 38.060081541891911 ], [ 127.44442692812494, 38.060019879563974 ], [ 127.444367378375631, 38.059987438637975 ], [ 127.444300570420381, 38.059951036719013 ], [ 127.444184460464356, 38.05988111075812 ], [ 127.444068167361266, 38.059801991531323 ], [ 127.444013182163758, 38.059757571871948 ], [ 127.443971168078534, 38.059723628548127 ], [ 127.443891940119698, 38.059643888699441 ], [ 127.443832406522418, 38.059567162177245 ], [ 127.443786970762375, 38.059491313003797 ], [ 127.443767153262172, 38.059448371015684 ], [ 127.443747951354425, 38.059403914265523 ], [ 127.443724809277711, 38.05932610553262 ], [ 127.443712133634321, 38.059257510192445 ], [ 127.443703344771365, 38.059132783139859 ], [ 127.443705612457975, 38.059044442481785 ], [ 127.443709361809951, 38.059012909362131 ], [ 127.443940059818615, 38.058496960599911 ], [ 127.443955844093978, 38.058468325418858 ], [ 127.444047018709455, 38.058303211825447 ], [ 127.444141942597994, 38.058131317798903 ], [ 127.445075391057955, 38.056498547970463 ], [ 127.445286290092056, 38.056131717597246 ], [ 127.445315406620466, 38.056081104373142 ], [ 127.44593797868383, 38.05537887868077 ], [ 127.446229371681838, 38.055076964984373 ], [ 127.446423726242088, 38.054868329554921 ], [ 127.446505413597095, 38.054749540001943 ], [ 127.446533144350838, 38.054709191429652 ], [ 127.446638615782433, 38.054470132068467 ], [ 127.446675804954822, 38.054333548908559 ], [ 127.446658621144081, 38.054227992928197 ], [ 127.446358194481206, 38.052925881824791 ], [ 127.446248278100796, 38.05253663109125 ], [ 127.446154074110098, 38.05228077354257 ], [ 127.445655583522992, 38.050982043769551 ], [ 127.445138991751989, 38.050581391219197 ], [ 127.444393199378084, 38.050002597904523 ], [ 127.442195041426814, 38.046148494447209 ], [ 127.441675107210074, 38.045087105024031 ], [ 127.441708158701275, 38.045047496510904 ], [ 127.441805682903919, 38.044930504218051 ], [ 127.441770186514731, 38.044780648341678 ], [ 127.437486660110153, 38.040295690584905 ], [ 127.435042246564493, 38.03799313536669 ], [ 127.433546119245904, 38.036734584268991 ], [ 127.431207923754556, 38.03517401751639 ], [ 127.430444831710503, 38.034781699072227 ], [ 127.430189964557144, 38.034650672493335 ], [ 127.427762477265347, 38.034008095335309 ], [ 127.424906702165003, 38.033401390833951 ], [ 127.424729032994875, 38.033031750488675 ], [ 127.42429322611811, 38.030939484759813 ], [ 127.426228087286077, 38.029578525782831 ], [ 127.4271880063054, 38.027489268506393 ], [ 127.426551762517263, 38.025659262714115 ], [ 127.424659624545555, 38.022229798377239 ], [ 127.423491126682848, 38.020148198527366 ], [ 127.422495177999693, 38.019571885420966 ], [ 127.42154198713466, 38.019020305652369 ], [ 127.42000641942019, 38.017416106801569 ], [ 127.419125398316808, 38.016058192643456 ], [ 127.418277015154189, 38.014750527531739 ], [ 127.418272870138281, 38.014677155339669 ], [ 127.416797127403527, 38.010620423400937 ], [ 127.414814799463116, 38.006919269239987 ], [ 127.41452224188852, 38.005246094538094 ], [ 127.414541009070035, 38.005003777707522 ], [ 127.41463244476644, 38.004686779650086 ], [ 127.414694682351339, 38.004471002131901 ], [ 127.414797650952977, 38.004079016012433 ], [ 127.414793624005426, 38.003267303022845 ], [ 127.414786105189805, 38.001752554583227 ], [ 127.413022459980809, 37.997795727880259 ], [ 127.412739390093236, 37.99758934808338 ], [ 127.411394168853718, 37.996867310161569 ], [ 127.410862585567841, 37.996731714938193 ], [ 127.410630684517841, 37.996686681735333 ], [ 127.41016942247569, 37.996597120619889 ], [ 127.409559403231796, 37.996435277084252 ], [ 127.40906644161349, 37.996304480267348 ], [ 127.407478945910228, 37.9935655722376 ], [ 127.406497690167186, 37.991629274120932 ], [ 127.405289060862273, 37.990535491635569 ], [ 127.405248481133555, 37.990537712179687 ], [ 127.405132407413433, 37.990544567568953 ], [ 127.40385614910096, 37.990614318645441 ], [ 127.399452612393901, 37.989414172536264 ], [ 127.399422017794237, 37.989401753622666 ], [ 127.394306582994375, 37.985919409342046 ], [ 127.389804777478574, 37.982677413381232 ], [ 127.386655355319348, 37.983225308543872 ], [ 127.385043855608814, 37.98241260598374 ], [ 127.383585626566287, 37.983322579195999 ], [ 127.381306339951635, 37.984013169531579 ], [ 127.38065692947572, 37.984216429729109 ], [ 127.380228843255324, 37.984390872280343 ], [ 127.380008839783045, 37.984480524883701 ], [ 127.379921875583705, 37.984535288762032 ], [ 127.379751651519726, 37.984642494778072 ], [ 127.378404162588296, 37.985626897399712 ], [ 127.378297484184543, 37.985874480055102 ], [ 127.378274129588917, 37.985928695621332 ], [ 127.378398415218612, 37.986611525546536 ], [ 127.378430014659799, 37.986785083875425 ], [ 127.378407123018718, 37.987717896890445 ], [ 127.378227321891274, 37.988411705217324 ], [ 127.377879230014329, 37.9888676230171 ], [ 127.377237181831561, 37.989323233301377 ], [ 127.376756986876259, 37.989602131369892 ], [ 127.376145676967411, 37.989900073447785 ], [ 127.375358893296621, 37.99012903997864 ], [ 127.374896915976223, 37.990369347418479 ], [ 127.374723431485535, 37.990459589286075 ], [ 127.371856449378512, 37.992070937806531 ], [ 127.37123453712384, 37.992775518490944 ], [ 127.370670800778697, 37.993180480695344 ], [ 127.368421186395835, 37.994554706539532 ], [ 127.367248664255129, 37.995041212272525 ], [ 127.366265884403646, 37.995300346415164 ], [ 127.366072189635233, 37.995344063903261 ], [ 127.365752996613367, 37.995507058829361 ], [ 127.3602620368207, 37.999615050673249 ], [ 127.357313320243563, 38.001907490322836 ], [ 127.357203124779929, 38.002204836026579 ], [ 127.356998455546091, 38.002755500206341 ], [ 127.356548884260789, 38.003309245336652 ], [ 127.356039457613605, 38.003882067821273 ], [ 127.355159005525479, 38.004520901698363 ], [ 127.354982077975563, 38.004531454057826 ], [ 127.354936863535826, 38.004534147224646 ], [ 127.354874611945917, 38.004535251108742 ], [ 127.354699077268009, 38.004538360117273 ], [ 127.352657978737071, 38.004567365677516 ], [ 127.352593257412664, 38.004553776058287 ], [ 127.352545544555767, 38.004543570438209 ], [ 127.352344179518312, 38.004488109354405 ], [ 127.352216477682745, 38.0044438759369 ], [ 127.352122218151948, 38.00441122093094 ], [ 127.349472609942794, 38.004705284595438 ], [ 127.346814936120637, 38.005438656132668 ], [ 127.345673033166292, 38.005774019696126 ], [ 127.344993737575564, 38.006167439929158 ], [ 127.344942020259495, 38.006374406673316 ], [ 127.344896092376686, 38.006558244955052 ], [ 127.344802094345127, 38.006931362400017 ], [ 127.344753940545928, 38.007122489091415 ], [ 127.343129074134353, 38.007567597047455 ], [ 127.342479045632103, 38.007577994250809 ], [ 127.341996123265773, 38.007413293953 ], [ 127.341812452615073, 38.007350650863316 ], [ 127.341278609457902, 38.006966884130733 ], [ 127.340623789077611, 38.006235955115926 ], [ 127.340111590986581, 38.005731665051506 ], [ 127.339388351273428, 38.005045700401482 ], [ 127.338165020781403, 38.004837853593621 ], [ 127.337494598108378, 38.00479403678515 ], [ 127.336404004160059, 38.004722755987807 ], [ 127.332851224270115, 38.003307243629102 ], [ 127.332516761008435, 38.003160479636193 ], [ 127.332279429825888, 38.00305632197329 ], [ 127.330742836398144, 38.001957928184943 ], [ 127.329709551640306, 38.001181328175313 ], [ 127.329161121070157, 38.000690456948135 ], [ 127.328551495736107, 38.000191607656106 ], [ 127.327915518913869, 38.000172022120992 ], [ 127.327821815341892, 38.000169163082212 ], [ 127.327366545001638, 38.000363372380548 ], [ 127.327184724637277, 38.00048364823828 ], [ 127.32668154796751, 38.001320020370045 ], [ 127.326340321415756, 38.002050651442552 ], [ 127.326138363363071, 38.002274508048878 ], [ 127.324111942672346, 38.003612202058555 ], [ 127.323990648415432, 38.003677967861236 ], [ 127.323554511974962, 38.003914425263957 ], [ 127.323046550349417, 38.004072514119912 ], [ 127.322550277865517, 38.004101058217969 ], [ 127.315451580341261, 38.003081816519256 ], [ 127.314650102137463, 38.002184900674791 ], [ 127.314490373321618, 38.001974053747084 ], [ 127.314374102219602, 38.001820570111839 ], [ 127.313937827130331, 38.001211510875727 ], [ 127.31368852257917, 38.000995158410362 ], [ 127.313476121615423, 38.000810832656072 ], [ 127.312925380488423, 38.000434796449348 ], [ 127.312506463669024, 38.000285416691447 ], [ 127.31077208700043, 38.000113647240724 ], [ 127.310699961375278, 38.000128871104693 ], [ 127.310321942325473, 38.000208684035584 ], [ 127.310281337113523, 38.000217631427603 ], [ 127.308850227500542, 38.001412901421006 ], [ 127.308319364706378, 38.001904312167291 ], [ 127.308213776352389, 38.002183537646772 ], [ 127.308539512242859, 38.002470770046649 ], [ 127.308858115800192, 38.00274001194196 ], [ 127.310447898250956, 38.002989362327902 ], [ 127.312604365447825, 38.006222340973373 ], [ 127.314216645290571, 38.008925850993023 ], [ 127.314079911528637, 38.010348542341951 ], [ 127.312512550069556, 38.012303009558387 ], [ 127.310346836573302, 38.015138553757978 ], [ 127.310245752145448, 38.015271690953675 ], [ 127.309469494059897, 38.016294161892695 ], [ 127.30890617793824, 38.018539608816297 ], [ 127.308897158234714, 38.018985825317614 ], [ 127.308869150647993, 38.020448115944603 ], [ 127.309001712493341, 38.022323005197229 ], [ 127.309278172244632, 38.022504981822316 ], [ 127.309885327288796, 38.022904639607198 ], [ 127.309952115696802, 38.022979509188566 ], [ 127.310196322261774, 38.0232532634584 ], [ 127.310871511288056, 38.02625337729485 ], [ 127.310813478264748, 38.028328491779931 ], [ 127.310357142632824, 38.029100608011852 ], [ 127.311403707394305, 38.028934427161452 ], [ 127.31183311791473, 38.028941874789865 ], [ 127.312241709662871, 38.029012377513467 ], [ 127.312301733141453, 38.029048858199026 ], [ 127.312511190051225, 38.029176165325779 ], [ 127.312799744754713, 38.029403072790757 ], [ 127.317618124002763, 38.03487467964564 ], [ 127.318062646160769, 38.035407125634222 ], [ 127.318225139711288, 38.03564847029778 ], [ 127.318309324535761, 38.035873885227062 ], [ 127.318302499478222, 38.036623102508159 ], [ 127.318350254085189, 38.037187604929784 ], [ 127.318389052061463, 38.037424603202894 ], [ 127.318400065101358, 38.037491864950681 ], [ 127.318956782300461, 38.038748886816279 ], [ 127.319015790550139, 38.038873697203833 ], [ 127.319072985109813, 38.03899466530298 ], [ 127.319335090706957, 38.039286858711385 ], [ 127.319357127213536, 38.039311371415778 ], [ 127.319413224448112, 38.039373727230156 ], [ 127.320854392473265, 38.040715463615633 ], [ 127.321123828017591, 38.040923168884021 ], [ 127.321253529066226, 38.040969638003837 ], [ 127.321426987824722, 38.041031783668409 ], [ 127.327418247874888, 38.041454203698073 ], [ 127.331143770433371, 38.042545650133178 ], [ 127.334174858205103, 38.043339713363792 ], [ 127.334364577228556, 38.043339548196812 ], [ 127.33466561815456, 38.04333927796106 ], [ 127.334950571113552, 38.043311846754904 ], [ 127.335276890909697, 38.043280426067533 ], [ 127.335479249763438, 38.043249164540519 ], [ 127.339030427521095, 38.040771046674308 ], [ 127.340268438443871, 38.039743019420825 ], [ 127.340842549002247, 38.039231193266339 ], [ 127.341022148744003, 38.039015128304811 ], [ 127.341166534960536, 38.038777610015906 ], [ 127.341490467086871, 38.038511042040355 ], [ 127.341695140468104, 38.038387211103519 ], [ 127.341772881250918, 38.03834017863938 ], [ 127.342022473285624, 38.038196308954639 ], [ 127.342330397342181, 38.038085188499089 ], [ 127.342491613719744, 38.038047640821482 ], [ 127.342522796633801, 38.03804038219841 ], [ 127.342757002094032, 38.038093646067047 ], [ 127.343349265305434, 38.038242021846045 ], [ 127.343522940162302, 38.038294076916173 ], [ 127.343574012965959, 38.038311611750629 ], [ 127.34371724465835, 38.038360805007805 ], [ 127.344722181102497, 38.038712510443474 ], [ 127.345180492844975, 38.038888865098045 ], [ 127.345715539854268, 38.039155447008298 ], [ 127.347177505633795, 38.039969637903233 ], [ 127.347252844079762, 38.040024894334799 ], [ 127.347346764108906, 38.040093784220623 ], [ 127.347461120643487, 38.040183123622441 ], [ 127.347531650684104, 38.040238229429562 ], [ 127.350217468497732, 38.043086355934896 ], [ 127.350297716619266, 38.043201371683963 ], [ 127.350945005425601, 38.044697197420405 ], [ 127.351027416244392, 38.045152449475374 ], [ 127.351017576423601, 38.045441428673143 ], [ 127.350995294114938, 38.045537706951563 ], [ 127.350903726104661, 38.045731366542554 ], [ 127.350808654346821, 38.045899109745342 ], [ 127.35049587740923, 38.046285137134973 ], [ 127.34839309395214, 38.048715905436559 ], [ 127.348286780749703, 38.048808933778183 ], [ 127.348224678009998, 38.048863273007299 ], [ 127.348195426702588, 38.04888802048594 ], [ 127.347409273326491, 38.04944467072486 ], [ 127.346840089098038, 38.049796556968346 ], [ 127.346711003864115, 38.04996424790307 ], [ 127.346366665237611, 38.050681448291904 ], [ 127.346266968366677, 38.051003526061486 ], [ 127.346077455699415, 38.05271909226208 ], [ 127.345758883656188, 38.056221061096203 ], [ 127.345867784736029, 38.058601927099666 ], [ 127.346133565284376, 38.059945182670198 ], [ 127.346155265620155, 38.060126593673303 ], [ 127.346132568646269, 38.060423869186508 ], [ 127.345646270547633, 38.061971296869224 ], [ 127.345524358191241, 38.062348547577386 ], [ 127.345382616283743, 38.062668315478341 ], [ 127.34534498286618, 38.062751192703537 ], [ 127.345314610420843, 38.062818054720353 ], [ 127.345040213180397, 38.063200746112621 ], [ 127.344994767975962, 38.063263126836148 ], [ 127.344896576469111, 38.063401091351444 ], [ 127.344741060278437, 38.063833500167021 ], [ 127.344692884347836, 38.064044110579161 ], [ 127.344658191373995, 38.0646118707092 ], [ 127.344681797870493, 38.064861168710216 ], [ 127.344690952965209, 38.064957779915709 ], [ 127.345155114111833, 38.068180464671002 ], [ 127.34517335804388, 38.068281693292668 ], [ 127.345198780204726, 38.068422740844269 ], [ 127.345234060007428, 38.068587270664075 ], [ 127.345424856304192, 38.069019044938408 ], [ 127.346307261381341, 38.07056811186095 ], [ 127.346493449711033, 38.070807193944034 ], [ 127.346788747683632, 38.071006987075229 ], [ 127.347062116595268, 38.071127889075811 ], [ 127.348264700670441, 38.071571074088546 ], [ 127.34855896468126, 38.071584972781899 ], [ 127.348618403976928, 38.071576460171094 ], [ 127.348933162881693, 38.071531377635168 ], [ 127.349419258392416, 38.071467785326348 ], [ 127.351043563976077, 38.071280586641365 ], [ 127.351400520790065, 38.071294557656486 ], [ 127.354235228011817, 38.071557224895258 ], [ 127.354780351766124, 38.073728853420675 ], [ 127.354816014709584, 38.073884719427241 ], [ 127.354889149536305, 38.074204411913179 ], [ 127.354705161433628, 38.07786904531293 ], [ 127.354558974382314, 38.078287917890727 ], [ 127.354482617848063, 38.078344144191924 ], [ 127.35430223574285, 38.078385613800506 ], [ 127.354049763212743, 38.078487820831356 ], [ 127.353821434032469, 38.078632868016889 ], [ 127.353578743576406, 38.0788319734949 ], [ 127.353049429443715, 38.079462206853982 ], [ 127.352858635034778, 38.079713496541565 ], [ 127.352535318137129, 38.080318902667905 ], [ 127.352451921202672, 38.080495042701372 ], [ 127.352405785300462, 38.08059250293293 ], [ 127.352363450398784, 38.080733274273847 ], [ 127.352931317723218, 38.082927468470849 ], [ 127.35298224855724, 38.08311792686245 ], [ 127.353083835660769, 38.083425605492408 ], [ 127.353325882284608, 38.084122152875707 ], [ 127.35357284987451, 38.084646327711752 ], [ 127.35365703399323, 38.084963005860267 ], [ 127.353686555992951, 38.085169209555765 ], [ 127.353595618609418, 38.085379769615102 ], [ 127.353388966425712, 38.085709631421985 ], [ 127.353138950135204, 38.086011219709164 ], [ 127.352899802461252, 38.086204694965815 ], [ 127.352669233172961, 38.086390294317987 ], [ 127.352220294298093, 38.086709683618835 ], [ 127.351815109814368, 38.086891681786099 ], [ 127.351542030597983, 38.086949920069081 ], [ 127.351360580690255, 38.086983722889549 ], [ 127.351019411991118, 38.087047272459792 ], [ 127.350474811591639, 38.087091644599312 ], [ 127.348245647329591, 38.086998659614622 ], [ 127.348029012371839, 38.086984860534365 ], [ 127.347007453216136, 38.086761595877405 ], [ 127.346534436317455, 38.086656205808566 ], [ 127.344796572118838, 38.08606421869451 ], [ 127.342912255872093, 38.085422304802854 ], [ 127.341173980706969, 38.085100015436048 ], [ 127.340477756149625, 38.085226008176733 ], [ 127.339876371898484, 38.085334839572134 ], [ 127.337749993267352, 38.085845650445521 ], [ 127.337291836019318, 38.086118779579124 ], [ 127.336846105699792, 38.086894385429751 ], [ 127.336848754277824, 38.087508752719145 ], [ 127.336853638216866, 38.088636111063053 ], [ 127.33706046785565, 38.08921546750144 ], [ 127.33739004471947, 38.089815672293817 ], [ 127.338102647028407, 38.100502424623485 ], [ 127.338119972021843, 38.100549927590329 ], [ 127.33816544455614, 38.100674483159317 ], [ 127.338185328768745, 38.100725202680444 ], [ 127.338208338786401, 38.10078389195828 ], [ 127.338396693400398, 38.100947068076543 ], [ 127.338523503313183, 38.101055368203731 ], [ 127.338612056025312, 38.101130982339754 ], [ 127.338944567331055, 38.101363792295444 ], [ 127.339266858074097, 38.101544976794436 ], [ 127.346005600751639, 38.104263750157166 ], [ 127.350177457709208, 38.104460279285654 ], [ 127.353117795527481, 38.104348076141569 ], [ 127.353371851538412, 38.104338867888238 ], [ 127.353512368768833, 38.104398580361888 ], [ 127.354446555575052, 38.105031217453842 ], [ 127.355046643746903, 38.105540108779451 ], [ 127.355478386026846, 38.105936964613214 ], [ 127.355871751811094, 38.106196192448252 ], [ 127.356001319564868, 38.106234038037059 ], [ 127.356068431335061, 38.106253639133499 ], [ 127.356243865310944, 38.106285676947053 ], [ 127.356352140075714, 38.106305449005575 ], [ 127.359469195047524, 38.106806354213639 ], [ 127.359773403458632, 38.106838447869691 ], [ 127.360105646947574, 38.106873490639011 ], [ 127.363306289646815, 38.107077518742919 ], [ 127.363710410338143, 38.107097845928848 ], [ 127.363849328166467, 38.107104830516555 ], [ 127.363904242010989, 38.107100701412342 ], [ 127.364180069484519, 38.107079942498871 ], [ 127.364452873180056, 38.107038687206462 ], [ 127.369279777274073, 38.109118757523987 ], [ 127.370073632646296, 38.109538498186375 ], [ 127.370614449889004, 38.109840342628523 ], [ 127.370746089448104, 38.109931301540186 ], [ 127.370798239435601, 38.109967637821072 ], [ 127.37089598747653, 38.110035745378596 ], [ 127.371098019638708, 38.110222307995258 ], [ 127.371419807360041, 38.110538029343935 ], [ 127.371605926908643, 38.11072277021222 ], [ 127.371793604837038, 38.110998006540242 ], [ 127.371851537394591, 38.111111279466662 ], [ 127.371896517703092, 38.111371306840631 ], [ 127.371903262646981, 38.11175084537664 ], [ 127.3718966231325, 38.111963411315635 ], [ 127.371894089524929, 38.11204443202756 ], [ 127.371864433729371, 38.112213773076981 ], [ 127.371831548090597, 38.112401564138864 ], [ 127.371779301320643, 38.113092043821133 ], [ 127.371771718437017, 38.113221451005572 ], [ 127.371796075068417, 38.113371177070555 ], [ 127.371855366766141, 38.113517870600148 ], [ 127.371886394746241, 38.113557244059088 ], [ 127.371905297248404, 38.113581228590185 ], [ 127.3719718234249, 38.113662233523577 ], [ 127.372614521276091, 38.114271159976397 ], [ 127.372638319851958, 38.114292139446981 ], [ 127.372704393035136, 38.114350385449001 ], [ 127.377701499015885, 38.117565657069342 ], [ 127.377924227173565, 38.117691829669759 ], [ 127.378089205798233, 38.117737044715966 ], [ 127.378269116732582, 38.117756144440364 ], [ 127.381940287003843, 38.116521559905934 ], [ 127.382873469703966, 38.116598109691985 ], [ 127.382961575981341, 38.11659856791487 ], [ 127.383004774119868, 38.116598781279151 ], [ 127.383062472008021, 38.116587393471065 ], [ 127.383109705503657, 38.11657806905022 ], [ 127.383203886995844, 38.116528786545651 ], [ 127.383306869630147, 38.116378388223403 ], [ 127.383418457526858, 38.116162239759767 ], [ 127.383486755862165, 38.115969499351195 ], [ 127.383547741820351, 38.115797343004935 ], [ 127.383582830350292, 38.115519019986742 ], [ 127.383599816033595, 38.115384215564603 ], [ 127.385763403178288, 38.114262641396998 ], [ 127.391964869812824, 38.114038362095215 ], [ 127.393957330888327, 38.113396205695473 ], [ 127.396747109061991, 38.113423521408556 ], [ 127.399774702668481, 38.113607166265275 ], [ 127.399891205240593, 38.113643783335078 ], [ 127.400007518401111, 38.113677173573464 ], [ 127.400123696200254, 38.113705330795121 ], [ 127.40025397460505, 38.113727837180086 ], [ 127.400373456738308, 38.1137387979824 ], [ 127.400477088794005, 38.1137400565623 ], [ 127.400598008863199, 38.11372957979237 ], [ 127.400685333828449, 38.113714872774551 ], [ 127.400720635546108, 38.113708927174258 ], [ 127.402481731359245, 38.113367366129054 ], [ 127.402575808867468, 38.113345681152829 ], [ 127.402721791564375, 38.113304888853705 ], [ 127.402828841425233, 38.113268590370083 ], [ 127.4029017821493, 38.113240669772125 ], [ 127.402972689410078, 38.11321061954559 ], [ 127.403008903665707, 38.113194904218886 ], [ 127.403056277298205, 38.113171788729417 ], [ 127.40309397231934, 38.113153392411746 ], [ 127.403169853484059, 38.113111779239055 ], [ 127.403244032733042, 38.113064860627858 ], [ 127.403282202919712, 38.113037268057894 ], [ 127.403331786690686, 38.112993704406684 ], [ 127.403368247181206, 38.112949402615072 ], [ 127.403399013233795, 38.112894580084294 ], [ 127.404929303314191, 38.109645442695118 ], [ 127.404967487693895, 38.109561888638098 ], [ 127.405003557909751, 38.109472469176787 ], [ 127.405039192299299, 38.109375998692826 ], [ 127.405071937515856, 38.109282847954233 ], [ 127.40511526199019, 38.109157428461117 ], [ 127.405156527730369, 38.109035277105782 ], [ 127.405198982066395, 38.108905948954352 ], [ 127.405241783970794, 38.108770584338458 ], [ 127.405284127804094, 38.108630309199079 ], [ 127.405325284861675, 38.108485861091864 ], [ 127.405364128454465, 38.108339668041218 ], [ 127.405400137474331, 38.108191602550221 ], [ 127.405432634779928, 38.108043125941357 ], [ 127.405462045952916, 38.10789504970576 ], [ 127.405489064757077, 38.107748084607081 ], [ 127.405493594713064, 38.107722093730274 ], [ 127.40551436100246, 38.107602937783824 ], [ 127.405538621601934, 38.107460318190206 ], [ 127.40556402702434, 38.107312611820866 ], [ 127.405587295625381, 38.107182851680655 ], [ 127.405602284496013, 38.107105152338868 ], [ 127.405614103697687, 38.107045013560118 ], [ 127.405638884838069, 38.106929271220771 ], [ 127.405667737705599, 38.106809318690182 ], [ 127.405690807796177, 38.106724570652084 ], [ 127.405698851938595, 38.106695025257515 ], [ 127.40573247713084, 38.106586548844398 ], [ 127.405754669724843, 38.106524153467994 ], [ 127.405765400805038, 38.106493998258351 ], [ 127.405794903895654, 38.106420779936656 ], [ 127.405808529191276, 38.106387606875842 ], [ 127.405828624352864, 38.106345398325544 ], [ 127.405851479239772, 38.106297426536955 ], [ 127.405898100635426, 38.106213662582675 ], [ 127.405943228357287, 38.1061445070549 ], [ 127.406002567825453, 38.106065009049772 ], [ 127.406059720182341, 38.105999180681657 ], [ 127.406119586425234, 38.105938362829768 ], [ 127.40618175660353, 38.105882031522981 ], [ 127.406215040717882, 38.105854812597421 ], [ 127.40624583447412, 38.105829647480036 ], [ 127.408165594469452, 38.104380443878661 ], [ 127.408231146344178, 38.104333810016442 ], [ 127.408307352167512, 38.104283802852564 ], [ 127.408391113152575, 38.104233865519674 ], [ 127.408483470048012, 38.104184483697495 ], [ 127.408584143226108, 38.104136705329566 ], [ 127.408698490910879, 38.104088944711179 ], [ 127.412057711070375, 38.10272263498851 ], [ 127.415188430564754, 38.103669593998411 ], [ 127.422496604385117, 38.108880345854075 ], [ 127.426227782484489, 38.111957289592347 ], [ 127.430567312365923, 38.115281264381494 ] ] ] ] } },
{ "type": "Feature", "properties": { "OBJECTID": 1628, "adm_nm": "경기도 포천시 영북면", "adm_cd": "3127039", "adm_cd2": "4165039000", "sgg": "41650", "sido": "41", "sidonm": "경기도", "sggnm": "포천시" }, "geometry": { "type": "MultiPolygon", "coordinates": [ [ [ [ 127.33739004471947, 38.089815672293817 ], [ 127.33706046785565, 38.08921546750144 ], [ 127.336853638216866, 38.088636111063053 ], [ 127.336848754277824, 38.087508752719145 ], [ 127.336846105699792, 38.086894385429751 ], [ 127.337291836019318, 38.086118779579124 ], [ 127.337749993267352, 38.085845650445521 ], [ 127.339876371898484, 38.085334839572134 ], [ 127.340477756149625, 38.085226008176733 ], [ 127.341173980706969, 38.085100015436048 ], [ 127.342912255872093, 38.085422304802854 ], [ 127.344796572118838, 38.08606421869451 ], [ 127.346534436317455, 38.086656205808566 ], [ 127.347007453216136, 38.086761595877405 ], [ 127.348029012371839, 38.086984860534365 ], [ 127.348245647329591, 38.086998659614622 ], [ 127.350474811591639, 38.087091644599312 ], [ 127.351019411991118, 38.087047272459792 ], [ 127.351360580690255, 38.086983722889549 ], [ 127.351542030597983, 38.086949920069081 ], [ 127.351815109814368, 38.086891681786099 ], [ 127.352220294298093, 38.086709683618835 ], [ 127.352669233172961, 38.086390294317987 ], [ 127.352899802461252, 38.086204694965815 ], [ 127.353138950135204, 38.086011219709164 ], [ 127.353388966425712, 38.085709631421985 ], [ 127.353595618609418, 38.085379769615102 ], [ 127.353686555992951, 38.085169209555765 ], [ 127.35365703399323, 38.084963005860267 ], [ 127.35357284987451, 38.084646327711752 ], [ 127.353325882284608, 38.084122152875707 ], [ 127.353083835660769, 38.083425605492408 ], [ 127.35298224855724, 38.08311792686245 ], [ 127.352931317723218, 38.082927468470849 ], [ 127.352363450398784, 38.080733274273847 ], [ 127.352405785300462, 38.08059250293293 ], [ 127.352451921202672, 38.080495042701372 ], [ 127.352535318137129, 38.080318902667905 ], [ 127.352858635034778, 38.079713496541565 ], [ 127.353049429443715, 38.079462206853982 ], [ 127.353578743576406, 38.0788319734949 ], [ 127.353821434032469, 38.078632868016889 ], [ 127.354049763212743, 38.078487820831356 ], [ 127.35430223574285, 38.078385613800506 ], [ 127.354482617848063, 38.078344144191924 ], [ 127.354558974382314, 38.078287917890727 ], [ 127.354705161433628, 38.07786904531293 ], [ 127.354889149536305, 38.074204411913179 ], [ 127.354816014709584, 38.073884719427241 ], [ 127.354780351766124, 38.073728853420675 ], [ 127.354235228011817, 38.071557224895258 ], [ 127.351400520790065, 38.071294557656486 ], [ 127.351043563976077, 38.071280586641365 ], [ 127.349419258392416, 38.071467785326348 ], [ 127.348933162881693, 38.071531377635168 ], [ 127.348618403976928, 38.071576460171094 ], [ 127.34855896468126, 38.071584972781899 ], [ 127.348264700670441, 38.071571074088546 ], [ 127.347062116595268, 38.071127889075811 ], [ 127.346788747683632, 38.071006987075229 ], [ 127.346493449711033, 38.070807193944034 ], [ 127.346307261381341, 38.07056811186095 ], [ 127.345424856304192, 38.069019044938408 ], [ 127.345234060007428, 38.068587270664075 ], [ 127.345198780204726, 38.068422740844269 ], [ 127.34517335804388, 38.068281693292668 ], [ 127.345155114111833, 38.068180464671002 ], [ 127.344690952965209, 38.064957779915709 ], [ 127.344681797870493, 38.064861168710216 ], [ 127.344658191373995, 38.0646118707092 ], [ 127.344692884347836, 38.064044110579161 ], [ 127.344741060278437, 38.063833500167021 ], [ 127.344896576469111, 38.063401091351444 ], [ 127.344994767975962, 38.063263126836148 ], [ 127.345040213180397, 38.063200746112621 ], [ 127.345314610420843, 38.062818054720353 ], [ 127.34534498286618, 38.062751192703537 ], [ 127.345382616283743, 38.062668315478341 ], [ 127.345524358191241, 38.062348547577386 ], [ 127.345646270547633, 38.061971296869224 ], [ 127.346132568646269, 38.060423869186508 ], [ 127.346155265620155, 38.060126593673303 ], [ 127.346133565284376, 38.059945182670198 ], [ 127.345867784736029, 38.058601927099666 ], [ 127.345758883656188, 38.056221061096203 ], [ 127.346077455699415, 38.05271909226208 ], [ 127.346266968366677, 38.051003526061486 ], [ 127.346366665237611, 38.050681448291904 ], [ 127.346711003864115, 38.04996424790307 ], [ 127.346840089098038, 38.049796556968346 ], [ 127.347409273326491, 38.04944467072486 ], [ 127.348195426702588, 38.04888802048594 ], [ 127.348224678009998, 38.048863273007299 ], [ 127.348286780749703, 38.048808933778183 ], [ 127.34839309395214, 38.048715905436559 ], [ 127.35049587740923, 38.046285137134973 ], [ 127.350808654346821, 38.045899109745342 ], [ 127.350903726104661, 38.045731366542554 ], [ 127.350995294114938, 38.045537706951563 ], [ 127.351017576423601, 38.045441428673143 ], [ 127.351027416244392, 38.045152449475374 ], [ 127.350945005425601, 38.044697197420405 ], [ 127.350297716619266, 38.043201371683963 ], [ 127.350217468497732, 38.043086355934896 ], [ 127.347531650684104, 38.040238229429562 ], [ 127.347461120643487, 38.040183123622441 ], [ 127.347346764108906, 38.040093784220623 ], [ 127.347252844079762, 38.040024894334799 ], [ 127.347177505633795, 38.039969637903233 ], [ 127.345715539854268, 38.039155447008298 ], [ 127.345180492844975, 38.038888865098045 ], [ 127.344722181102497, 38.038712510443474 ], [ 127.34371724465835, 38.038360805007805 ], [ 127.343574012965959, 38.038311611750629 ], [ 127.343522940162302, 38.038294076916173 ], [ 127.343349265305434, 38.038242021846045 ], [ 127.342757002094032, 38.038093646067047 ], [ 127.342522796633801, 38.03804038219841 ], [ 127.342491613719744, 38.038047640821482 ], [ 127.342330397342181, 38.038085188499089 ], [ 127.342022473285624, 38.038196308954639 ], [ 127.341772881250918, 38.03834017863938 ], [ 127.341695140468104, 38.038387211103519 ], [ 127.341490467086871, 38.038511042040355 ], [ 127.341166534960536, 38.038777610015906 ], [ 127.341022148744003, 38.039015128304811 ], [ 127.340842549002247, 38.039231193266339 ], [ 127.340268438443871, 38.039743019420825 ], [ 127.339030427521095, 38.040771046674308 ], [ 127.335479249763438, 38.043249164540519 ], [ 127.335276890909697, 38.043280426067533 ], [ 127.334950571113552, 38.043311846754904 ], [ 127.33466561815456, 38.04333927796106 ], [ 127.334364577228556, 38.043339548196812 ], [ 127.334174858205103, 38.043339713363792 ], [ 127.331143770433371, 38.042545650133178 ], [ 127.327418247874888, 38.041454203698073 ], [ 127.321426987824722, 38.041031783668409 ], [ 127.321253529066226, 38.040969638003837 ], [ 127.321123828017591, 38.040923168884021 ], [ 127.320854392473265, 38.040715463615633 ], [ 127.319413224448112, 38.039373727230156 ], [ 127.319357127213536, 38.039311371415778 ], [ 127.319335090706957, 38.039286858711385 ], [ 127.319072985109813, 38.03899466530298 ], [ 127.319015790550139, 38.038873697203833 ], [ 127.318956782300461, 38.038748886816279 ], [ 127.318400065101358, 38.037491864950681 ], [ 127.318389052061463, 38.037424603202894 ], [ 127.318350254085189, 38.037187604929784 ], [ 127.318302499478222, 38.036623102508159 ], [ 127.318309324535761, 38.035873885227062 ], [ 127.318225139711288, 38.03564847029778 ], [ 127.318062646160769, 38.035407125634222 ], [ 127.317618124002763, 38.03487467964564 ], [ 127.312799744754713, 38.029403072790757 ], [ 127.312511190051225, 38.029176165325779 ], [ 127.312301733141453, 38.029048858199026 ], [ 127.312241709662871, 38.029012377513467 ], [ 127.31183311791473, 38.028941874789865 ], [ 127.311403707394305, 38.028934427161452 ], [ 127.310357142632824, 38.029100608011852 ], [ 127.310156916800025, 38.029141969294471 ], [ 127.309516465254603, 38.029512713236414 ], [ 127.308672430842989, 38.030086006130567 ], [ 127.308507956572214, 38.030368421638656 ], [ 127.308455279838469, 38.030473335433506 ], [ 127.30834687911711, 38.030689241646655 ], [ 127.308192724702707, 38.031090061665246 ], [ 127.307871357232372, 38.03224102630454 ], [ 127.307802811130244, 38.032590062603951 ], [ 127.307719026344515, 38.033038314270719 ], [ 127.307715171544629, 38.033096242482536 ], [ 127.307703452186857, 38.033272622557298 ], [ 127.307723192045657, 38.033894540537446 ], [ 127.307349606095201, 38.035677312026792 ], [ 127.3068298917931, 38.036685928018557 ], [ 127.306340456098724, 38.0372822228857 ], [ 127.306205358475864, 38.037428474989973 ], [ 127.306058591759452, 38.037456958668223 ], [ 127.305842750129031, 38.037498836540479 ], [ 127.303448903365435, 38.037454409321469 ], [ 127.300269955682651, 38.037288695550117 ], [ 127.295898296098628, 38.036565935741287 ], [ 127.294602543517044, 38.036412844057097 ], [ 127.293291094546035, 38.036501800518785 ], [ 127.291136060499426, 38.036705286915655 ], [ 127.290688602163044, 38.036769834161518 ], [ 127.290387138533276, 38.036923858076683 ], [ 127.290279898143325, 38.036978654098583 ], [ 127.289969967893555, 38.037267637949363 ], [ 127.289617182440082, 38.03759822861479 ], [ 127.289425521764386, 38.037804098984026 ], [ 127.289250686363346, 38.037991883411834 ], [ 127.289067845051846, 38.038169558843492 ], [ 127.288595424973948, 38.038489792252648 ], [ 127.288340514062725, 38.038568313003488 ], [ 127.288162706862082, 38.038623079151719 ], [ 127.28789541573903, 38.038655367869701 ], [ 127.287620509322622, 38.038688570544238 ], [ 127.286113191521906, 38.03876357362028 ], [ 127.285238465397896, 38.038784272232604 ], [ 127.285201659427642, 38.038471248151346 ], [ 127.285140179442791, 38.03803036806422 ], [ 127.284987035924075, 38.037580839241883 ], [ 127.284839150761158, 38.037247094087185 ], [ 127.284662674120199, 38.036952727487275 ], [ 127.284412808481179, 38.036667238887645 ], [ 127.28418560338018, 38.036426855486951 ], [ 127.283882164228402, 38.036194217755735 ], [ 127.283495284777629, 38.036001983341237 ], [ 127.28053570058043, 38.035161682734469 ], [ 127.280253766291551, 38.035128493628875 ], [ 127.279536610999287, 38.035114749392974 ], [ 127.279121169889081, 38.03511583530311 ], [ 127.279035214585946, 38.035116061341114 ], [ 127.271192743984841, 38.03615556143987 ], [ 127.268779372230057, 38.036956361268821 ], [ 127.262635217095735, 38.03932462989583 ], [ 127.259773841511276, 38.040065755485976 ], [ 127.252197289864185, 38.041852593347599 ], [ 127.252074303456624, 38.041878831729335 ], [ 127.251235030750081, 38.042057855904098 ], [ 127.250796805211294, 38.042108751491355 ], [ 127.250057421810425, 38.042121826804127 ], [ 127.250005330484385, 38.04211469596477 ], [ 127.249648061614479, 38.042065753200681 ], [ 127.249361484660795, 38.041926569662614 ], [ 127.24866965734455, 38.041573592922639 ], [ 127.248433895552125, 38.04143239862826 ], [ 127.248318517058379, 38.041363294675911 ], [ 127.248055289638913, 38.041063053847182 ], [ 127.247852672897309, 38.040954465670296 ], [ 127.247689124577278, 38.040875253549004 ], [ 127.247472892987517, 38.04078916753604 ], [ 127.247309467630615, 38.040763607543248 ], [ 127.24710769445646, 38.040732051531947 ], [ 127.24615200527343, 38.040684927809984 ], [ 127.246030805456243, 38.04071846501423 ], [ 127.24570980817488, 38.040857469793259 ], [ 127.241267528171093, 38.043667660288889 ], [ 127.241087509426791, 38.043815975339122 ], [ 127.240836646395977, 38.044055388658059 ], [ 127.240503907197578, 38.044688931138843 ], [ 127.240077064299058, 38.04554645817295 ], [ 127.239522371279165, 38.046900558269009 ], [ 127.239492546574482, 38.046976037516963 ], [ 127.239323260721022, 38.047404806971535 ], [ 127.239233167675835, 38.0477031563087 ], [ 127.239195526012011, 38.047846772954074 ], [ 127.239157340953014, 38.047992524412436 ], [ 127.239141492384533, 38.048244847744058 ], [ 127.239139109068176, 38.048283750727265 ], [ 127.239131654758708, 38.048405929771093 ], [ 127.239175017454954, 38.048444366451754 ], [ 127.239864676181824, 38.049001272485832 ], [ 127.240866460697987, 38.049946449384393 ], [ 127.24111484433972, 38.050212874267167 ], [ 127.241164238924512, 38.050317216073317 ], [ 127.241247777839988, 38.05049369035531 ], [ 127.241280812437608, 38.050609081840939 ], [ 127.241290698031847, 38.05064362262106 ], [ 127.241331732180882, 38.050691498784758 ], [ 127.241439681192944, 38.050817446797566 ], [ 127.241467587575258, 38.050845574933291 ], [ 127.241235217260709, 38.050898508666727 ], [ 127.241171499904468, 38.050912617629983 ], [ 127.240779987204277, 38.051035680953852 ], [ 127.240673145095286, 38.051074353563223 ], [ 127.240504664820563, 38.051135340911692 ], [ 127.239957474265239, 38.051362831521629 ], [ 127.239740546908763, 38.051467125241068 ], [ 127.239480074935628, 38.051598360458478 ], [ 127.239419074008467, 38.051643298258604 ], [ 127.239321515764487, 38.051715175334614 ], [ 127.239156407209492, 38.051869153252319 ], [ 127.239026277441994, 38.052004056397458 ], [ 127.23900116573445, 38.052039970720891 ], [ 127.238160831076414, 38.05258120410015 ], [ 127.236784286745788, 38.053443358301706 ], [ 127.236576567552063, 38.053557828674251 ], [ 127.236326907374647, 38.05365188075794 ], [ 127.236106525927923, 38.053721235387869 ], [ 127.235775016110466, 38.053792593068934 ], [ 127.235461423004551, 38.053832445354978 ], [ 127.235195049164076, 38.053844675321102 ], [ 127.230616718523422, 38.053963394550301 ], [ 127.227637185925474, 38.053858514761806 ], [ 127.226408354311161, 38.053651755779626 ], [ 127.223623506493794, 38.053884071319516 ], [ 127.223211377495559, 38.053982242352305 ], [ 127.218891342156667, 38.055875942771863 ], [ 127.218700364484647, 38.055964234836431 ], [ 127.218421039519654, 38.056093377255344 ], [ 127.216871453069672, 38.057043883940167 ], [ 127.21634813165727, 38.058809128032031 ], [ 127.216398861940476, 38.0591415968006 ], [ 127.217558859714856, 38.061958495286433 ], [ 127.217599232626014, 38.064169110962169 ], [ 127.217489929789934, 38.064983377786625 ], [ 127.218333572043832, 38.066646005803342 ], [ 127.219184548075532, 38.067066604069005 ], [ 127.219215344614696, 38.067081823603125 ], [ 127.219294854394221, 38.067362567544365 ], [ 127.219226673438456, 38.067621008110621 ], [ 127.219163269588094, 38.067861335359694 ], [ 127.219062093855783, 38.067938224856576 ], [ 127.218815973808745, 38.068125255145191 ], [ 127.218019389871856, 38.068491743714532 ], [ 127.215457607410755, 38.069292212589104 ], [ 127.214956779063968, 38.06935718883549 ], [ 127.214451706692884, 38.069422711426661 ], [ 127.209078746612377, 38.068273926798277 ], [ 127.20899965716518, 38.068254993472387 ], [ 127.208398925119951, 38.068111138975347 ], [ 127.207090418388603, 38.067474738493971 ], [ 127.206477636947383, 38.067019389913746 ], [ 127.206240066991484, 38.066842849138155 ], [ 127.205827958727085, 38.066732538633474 ], [ 127.205516180422563, 38.066836531351257 ], [ 127.204424115505446, 38.06768544268148 ], [ 127.205291758772873, 38.068075225313081 ], [ 127.206697847882026, 38.068717521370459 ], [ 127.207658821347721, 38.06949276099445 ], [ 127.208272608663705, 38.070135318903674 ], [ 127.208364726771322, 38.070623362441111 ], [ 127.20819376745979, 38.071508442951455 ], [ 127.207777602036117, 38.072232936274325 ], [ 127.206821990190235, 38.073167135432897 ], [ 127.206067140527821, 38.073905260641887 ], [ 127.206059097511471, 38.073977757176216 ], [ 127.206021329723512, 38.074318390011051 ], [ 127.20603538252854, 38.075441671464063 ], [ 127.206374538554101, 38.076159000839446 ], [ 127.207060622471758, 38.07673302367207 ], [ 127.207523669885532, 38.077079266215208 ], [ 127.208043243608273, 38.077467754032682 ], [ 127.208238627655149, 38.077613569867339 ], [ 127.210024218411846, 38.078574468211698 ], [ 127.213184468843835, 38.079730222189589 ], [ 127.214652036332367, 38.080034594169895 ], [ 127.214886159834279, 38.080134086322381 ], [ 127.215190611233751, 38.08026347250869 ], [ 127.215518823072401, 38.080529017854779 ], [ 127.216534208024314, 38.081672710615855 ], [ 127.217189331641222, 38.08288489914969 ], [ 127.217379803463061, 38.08323733121793 ], [ 127.217783683432287, 38.08421458124559 ], [ 127.217801974564964, 38.084258846197955 ], [ 127.217822850112711, 38.084781829238345 ], [ 127.217796582593508, 38.085127629282034 ], [ 127.217969979624797, 38.086370678230786 ], [ 127.21822551414003, 38.086825307109081 ], [ 127.218507058627679, 38.087192125295644 ], [ 127.222012431685258, 38.090153329970427 ], [ 127.222205035279956, 38.090296439906417 ], [ 127.222576681461661, 38.090572566795892 ], [ 127.223035045149231, 38.090851293398693 ], [ 127.223921395821179, 38.091390258642527 ], [ 127.225034945498379, 38.091899836638227 ], [ 127.226254769517951, 38.092010837309992 ], [ 127.22724149199469, 38.091938775743955 ], [ 127.228447801728407, 38.091850316441352 ], [ 127.228857497946734, 38.091694665285708 ], [ 127.229292310803118, 38.091299107379633 ], [ 127.229459143479801, 38.091217350406097 ], [ 127.229784276973575, 38.091058023270655 ], [ 127.230253406956734, 38.090929281604865 ], [ 127.230574088135967, 38.090841277861429 ], [ 127.231116526335654, 38.090829000243197 ], [ 127.231363801637585, 38.090918539500969 ], [ 127.231579916470736, 38.090996795223496 ], [ 127.231977372765314, 38.091457352835214 ], [ 127.232187661819452, 38.091838620339637 ], [ 127.232307474066261, 38.092601595996335 ], [ 127.232307440299081, 38.093783390553412 ], [ 127.232096769786949, 38.094482522853404 ], [ 127.231965400611813, 38.094735707243053 ], [ 127.231948175779777, 38.094768339102082 ], [ 127.23157014757119, 38.095498264388638 ], [ 127.231059460611917, 38.096484360024455 ], [ 127.230992185475571, 38.098503033296318 ], [ 127.231047253203513, 38.098841159951014 ], [ 127.231339345675792, 38.099275564573119 ], [ 127.231949133276359, 38.099697960408086 ], [ 127.232119399037998, 38.09981587189192 ], [ 127.232805399484079, 38.100094513711461 ], [ 127.233084435564635, 38.100119438963546 ], [ 127.233479628839717, 38.100154672651861 ], [ 127.234102792977993, 38.100114401480276 ], [ 127.240550772660015, 38.099600444312344 ], [ 127.241793924513516, 38.099202116279663 ], [ 127.242580405558968, 38.098932333464219 ], [ 127.243731855356287, 38.098457175749658 ], [ 127.245081269952067, 38.098238171567971 ], [ 127.24787050435954, 38.098024513107084 ], [ 127.250089617465036, 38.098417918449691 ], [ 127.251442828590854, 38.099176731146834 ], [ 127.253379752525348, 38.100823382525917 ], [ 127.253813505093348, 38.101356041938004 ], [ 127.254006486808606, 38.102267857772901 ], [ 127.254008985346701, 38.102491838176284 ], [ 127.25401251702246, 38.102806380566129 ], [ 127.25434410335825, 38.103413179788255 ], [ 127.254763371569467, 38.103809489610107 ], [ 127.255298925618874, 38.104182380848698 ], [ 127.2567620202461, 38.104529027718939 ], [ 127.257312327801046, 38.104753230423263 ], [ 127.25979435760577, 38.106127137274889 ], [ 127.260775767191532, 38.107732277376421 ], [ 127.263208808818959, 38.1084177379064 ], [ 127.264719642645204, 38.107269325460237 ], [ 127.265060445136015, 38.107258742393007 ], [ 127.265328221769138, 38.107344898317677 ], [ 127.267478949025588, 38.108280862777036 ], [ 127.268144983327858, 38.108677611822102 ], [ 127.268345888015446, 38.109376637689458 ], [ 127.268083874260128, 38.109966309367181 ], [ 127.267711113704351, 38.110386350447463 ], [ 127.266906173377691, 38.111293353944333 ], [ 127.266252107006977, 38.111831691497969 ], [ 127.265636822537871, 38.112058036745609 ], [ 127.263619348657073, 38.112444920582554 ], [ 127.262958878240042, 38.112970833395288 ], [ 127.262478958073416, 38.113480078961722 ], [ 127.262310350299245, 38.114212209654646 ], [ 127.262505763805763, 38.11528951853019 ], [ 127.262802589393004, 38.115442253499644 ], [ 127.263920875395513, 38.115340859732029 ], [ 127.265028473547858, 38.115886131521286 ], [ 127.265605144116165, 38.116170020923278 ], [ 127.266394675619551, 38.116763051132345 ], [ 127.266830395918021, 38.117410578950718 ], [ 127.267049291531606, 38.117860521649021 ], [ 127.266946376527301, 38.118385306459082 ], [ 127.266755360751247, 38.119255793909723 ], [ 127.266407151933279, 38.119786836888707 ], [ 127.26611608620891, 38.12005551306391 ], [ 127.265651904712087, 38.120278778031626 ], [ 127.2646494335429, 38.120543289500226 ], [ 127.264490824160376, 38.120585141169386 ], [ 127.264387406348391, 38.120655927726283 ], [ 127.264164242719062, 38.12080867687888 ], [ 127.264207434045076, 38.121348398723441 ], [ 127.264981831166082, 38.122448373427567 ], [ 127.265389835883752, 38.122932359391854 ], [ 127.265466675523513, 38.12302347792199 ], [ 127.26553866112846, 38.1231088005649 ], [ 127.265721322742408, 38.123325208213899 ], [ 127.26730056397281, 38.124730946060474 ], [ 127.267605283105539, 38.12488138520844 ], [ 127.268684743092535, 38.125152770587604 ], [ 127.269295117399807, 38.125206658984055 ], [ 127.269533071584391, 38.125227665045976 ], [ 127.270692887957978, 38.125116149350035 ], [ 127.272240555058346, 38.124564880374891 ], [ 127.272878332107283, 38.124239405003514 ], [ 127.273486802273055, 38.124169604793487 ], [ 127.275820568301498, 38.124905235893962 ], [ 127.276740563638057, 38.125447758318423 ], [ 127.280429749589956, 38.125520846383147 ], [ 127.281612800370951, 38.125001549235677 ], [ 127.28189787176494, 38.124786380745086 ], [ 127.28192360368449, 38.124766957491701 ], [ 127.281953951868672, 38.12474404317188 ], [ 127.28305189598467, 38.123371078509514 ], [ 127.283311235733052, 38.120224269118431 ], [ 127.283010295529593, 38.119686864089729 ], [ 127.282880015821647, 38.119454212886339 ], [ 127.282626402868928, 38.119001307227116 ], [ 127.282590190727646, 38.118936628164462 ], [ 127.282620306345379, 38.118664943716574 ], [ 127.282649208407975, 38.118404249796342 ], [ 127.283204373868955, 38.116480068205398 ], [ 127.284627431315499, 38.115594522880251 ], [ 127.285592589240366, 38.115109338759886 ], [ 127.285637736107134, 38.115103573693588 ], [ 127.286034691689565, 38.115052923926591 ], [ 127.286478765277977, 38.115437493798304 ], [ 127.286731918272494, 38.115715977588728 ], [ 127.287351008299368, 38.116526716570547 ], [ 127.287677039075476, 38.116681857895529 ], [ 127.287757381008703, 38.116686478768202 ], [ 127.288191782881412, 38.116711460012858 ], [ 127.288561625331027, 38.116688896825146 ], [ 127.289778910332188, 38.115548059028647 ], [ 127.291502173430302, 38.114350571998024 ], [ 127.292336560378232, 38.11408241194728 ], [ 127.292626123125117, 38.114088296758453 ], [ 127.292927417891619, 38.114094425949965 ], [ 127.294846282942046, 38.115259351103035 ], [ 127.295863976560199, 38.116315496123505 ], [ 127.299510799644665, 38.115509223297614 ], [ 127.300134338145909, 38.115463119447448 ], [ 127.301678403186671, 38.115539243583719 ], [ 127.302159993659942, 38.115601010263227 ], [ 127.302737794689705, 38.115675134342304 ], [ 127.305642770213282, 38.117142478803892 ], [ 127.305692352188217, 38.117179775185114 ], [ 127.306834229423373, 38.118345731199703 ], [ 127.306747366783355, 38.119195224187372 ], [ 127.307007883772243, 38.119419075556742 ], [ 127.30722515075739, 38.119356101781008 ], [ 127.307389869089192, 38.119237628654133 ], [ 127.30932311640089, 38.117846956345353 ], [ 127.310636176311519, 38.116597719574031 ], [ 127.311291735746252, 38.115973997083216 ], [ 127.311372519894007, 38.115704529603576 ], [ 127.311469171986872, 38.115382119816267 ], [ 127.311345460254401, 38.114932603329869 ], [ 127.311576919297366, 38.112399237766361 ], [ 127.311843131125883, 38.10949063754142 ], [ 127.312385750494556, 38.107583286731263 ], [ 127.31247827385188, 38.107363605095372 ], [ 127.312801242047342, 38.106722217662046 ], [ 127.313632873856818, 38.105193827738162 ], [ 127.313997541283058, 38.104617175521994 ], [ 127.316702671156378, 38.100620223572093 ], [ 127.321192096889135, 38.095224940221748 ], [ 127.321489270315595, 38.095119494099713 ], [ 127.32173460086058, 38.095032443812201 ], [ 127.32184837978609, 38.094992075236632 ], [ 127.322016688228189, 38.094969656917812 ], [ 127.322647571289039, 38.094885635906685 ], [ 127.324147684723428, 38.094766541858306 ], [ 127.324488112717489, 38.09478848400979 ], [ 127.324728155066509, 38.094823129466405 ], [ 127.324788711458837, 38.094842991029012 ], [ 127.324981534782154, 38.094916804338638 ], [ 127.32509924232356, 38.094972865812906 ], [ 127.325203555739648, 38.095022541545099 ], [ 127.32556228072724, 38.095122112031575 ], [ 127.325811388388033, 38.095095536149621 ], [ 127.328619333191753, 38.094618724961435 ], [ 127.329035038174638, 38.094545377314859 ], [ 127.329090697431738, 38.094532356450983 ], [ 127.329448471126639, 38.094443318403464 ], [ 127.32992854412997, 38.094311130256976 ], [ 127.330173654301078, 38.094205404723212 ], [ 127.330321063801208, 38.094114145502978 ], [ 127.33047064768698, 38.093962190190275 ], [ 127.330568735142492, 38.093831150231082 ], [ 127.330678654938907, 38.093620737555931 ], [ 127.330736308306584, 38.093500696920515 ], [ 127.330780840596276, 38.093407949589377 ], [ 127.330811276615961, 38.09334457071175 ], [ 127.330926947841846, 38.093207691158426 ], [ 127.331088185364905, 38.093016897844208 ], [ 127.331369891674058, 38.092730423953753 ], [ 127.331955190051687, 38.092197895131186 ], [ 127.332281658905799, 38.091965825383518 ], [ 127.33233098310113, 38.09193076317036 ], [ 127.332409143738687, 38.091886677040563 ], [ 127.332626640808513, 38.091764000837038 ], [ 127.33307289862303, 38.091570885791356 ], [ 127.335258116133474, 38.090877626351798 ], [ 127.33739004471947, 38.089815672293817 ] ] ] ] } },
{ "type": "Feature", "properties": { "OBJECTID": 1629, "adm_nm": "경기도 포천시 관인면", "adm_cd": "3127040", "adm_cd2": "4165040000", "sgg": "41650", "sido": "41", "sidonm": "경기도", "sggnm": "포천시" }, "geometry": { "type": "MultiPolygon", "coordinates": [ [ [ [ 127.286577872436268, 38.180335085430713 ], [ 127.286613592717543, 38.179647411713596 ], [ 127.286617909551168, 38.17958249812996 ], [ 127.286628918221936, 38.179416994355279 ], [ 127.286703704807948, 38.179177908526228 ], [ 127.286870410269941, 38.178930045390963 ], [ 127.287082943930983, 38.17867191412671 ], [ 127.287144956264072, 38.178596597306345 ], [ 127.287425105451305, 38.178314346727753 ], [ 127.287780790392688, 38.177984962651919 ], [ 127.289014051772085, 38.177108244311036 ], [ 127.289073524812281, 38.177069033625081 ], [ 127.2892416369519, 38.176958198224881 ], [ 127.289332344049171, 38.176898400068261 ], [ 127.289699514975538, 38.176743915056086 ], [ 127.289913050259159, 38.176667274570313 ], [ 127.290142382324575, 38.176584964151075 ], [ 127.290509932061681, 38.176524332833836 ], [ 127.290807491800294, 38.176544923562695 ], [ 127.291283933748375, 38.176671749655839 ], [ 127.29195301079497, 38.176812855967526 ], [ 127.292001863641801, 38.176823148391996 ], [ 127.292272329494111, 38.176835271437874 ], [ 127.29286724249296, 38.176825265619428 ], [ 127.295860457464528, 38.176420047398295 ], [ 127.296179089581983, 38.17629978495701 ], [ 127.296632207008443, 38.176004284403753 ], [ 127.296750402756274, 38.175903840645645 ], [ 127.296955745358019, 38.175729335793534 ], [ 127.297014895473154, 38.175679068340543 ], [ 127.297224713212827, 38.175401236586538 ], [ 127.297289445644012, 38.174984220984044 ], [ 127.29728322501164, 38.174783735378924 ], [ 127.297247972538614, 38.174655239305324 ], [ 127.297211864474903, 38.174523657622991 ], [ 127.297070233089713, 38.174272299781698 ], [ 127.296346856028194, 38.17360143696672 ], [ 127.295467959831896, 38.172916763720295 ], [ 127.295191035615375, 38.172752127014391 ], [ 127.295153528002217, 38.172729829261364 ], [ 127.294783157191205, 38.172636178686183 ], [ 127.294477007662934, 38.17260779339292 ], [ 127.294114643103967, 38.172604444057995 ], [ 127.293651128386472, 38.172664566646922 ], [ 127.293202289013323, 38.172674199312667 ], [ 127.292884473595436, 38.172664653640808 ], [ 127.292677623418527, 38.172658437651457 ], [ 127.292223241366116, 38.17263824304117 ], [ 127.291811918121695, 38.172562450255619 ], [ 127.29165518703293, 38.172504642939096 ], [ 127.291503248455115, 38.172448593271646 ], [ 127.291424436038298, 38.172419332641091 ], [ 127.291365095776086, 38.172396117070186 ], [ 127.291194444430104, 38.172329345689022 ], [ 127.287974283706291, 38.170028641475376 ], [ 127.28793493853199, 38.169970783291063 ], [ 127.287872876027706, 38.169879517523896 ], [ 127.287528253827702, 38.16937270227497 ], [ 127.287245492071932, 38.168707622792887 ], [ 127.287173597782242, 38.167939057967693 ], [ 127.287165307331762, 38.16785039654539 ], [ 127.287163050445685, 38.167270103609496 ], [ 127.287168080311844, 38.167221400371282 ], [ 127.287279397947088, 38.166143966511001 ], [ 127.287437136744117, 38.165790288278217 ], [ 127.287563804298998, 38.165506246483332 ], [ 127.287944151956026, 38.164518001224238 ], [ 127.287986915569277, 38.164223426628851 ], [ 127.287992538130993, 38.16400369706858 ], [ 127.28799692898049, 38.1638320467749 ], [ 127.287995230231047, 38.163539219634131 ], [ 127.287522905381749, 38.160884161010486 ], [ 127.28746746888099, 38.160728567463089 ], [ 127.287446359403773, 38.16068180233718 ], [ 127.287400966850754, 38.160581322991654 ], [ 127.287358885011969, 38.160540086089 ], [ 127.287312813694925, 38.160494941276497 ], [ 127.287154800341739, 38.160363728419284 ], [ 127.287125618212002, 38.160339496422722 ], [ 127.284643089428783, 38.157753426809514 ], [ 127.285205861818895, 38.156598649851645 ], [ 127.287236179494357, 38.152328107963953 ], [ 127.287263692460272, 38.152057520499326 ], [ 127.287271459907075, 38.151981085652189 ], [ 127.287268339984536, 38.15195143829159 ], [ 127.287265006812618, 38.15191976450047 ], [ 127.287233418457376, 38.151619787858117 ], [ 127.28717887635969, 38.151352627031493 ], [ 127.284167538802635, 38.145927848921353 ], [ 127.283822801276671, 38.145417786032233 ], [ 127.283337035255727, 38.144807247552976 ], [ 127.283292912623892, 38.144751793264426 ], [ 127.278410264888265, 38.139216826446066 ], [ 127.276208320038521, 38.137574623488874 ], [ 127.275773285109352, 38.137222625031541 ], [ 127.27555055916369, 38.136787799660894 ], [ 127.275500358623688, 38.136516200549735 ], [ 127.275486362224555, 38.136440470946042 ], [ 127.275481397595641, 38.136413555021015 ], [ 127.275439493202867, 38.136082048254373 ], [ 127.27539511234842, 38.135087305658629 ], [ 127.275447608397172, 38.134627191734083 ], [ 127.27546958752032, 38.134562839072842 ], [ 127.275568273735587, 38.134273900079073 ], [ 127.275770444108417, 38.133973912541833 ], [ 127.276297616501253, 38.133598285912235 ], [ 127.27671237999364, 38.13339031163153 ], [ 127.276799971034521, 38.133346389865835 ], [ 127.276855250539469, 38.133318656521894 ], [ 127.277189979884909, 38.133029234120499 ], [ 127.277391267820519, 38.132493894834568 ], [ 127.277484418386948, 38.127639244951624 ], [ 127.277400960630388, 38.126882758278924 ], [ 127.277072988751272, 38.126156111993303 ], [ 127.276740563638057, 38.125447758318423 ], [ 127.275820568301498, 38.124905235893962 ], [ 127.273486802273055, 38.124169604793487 ], [ 127.272878332107283, 38.124239405003514 ], [ 127.272240555058346, 38.124564880374891 ], [ 127.270692887957978, 38.125116149350035 ], [ 127.269533071584391, 38.125227665045976 ], [ 127.269295117399807, 38.125206658984055 ], [ 127.268684743092535, 38.125152770587604 ], [ 127.267605283105539, 38.12488138520844 ], [ 127.26730056397281, 38.124730946060474 ], [ 127.265721322742408, 38.123325208213899 ], [ 127.26553866112846, 38.1231088005649 ], [ 127.265466675523513, 38.12302347792199 ], [ 127.265389835883752, 38.122932359391854 ], [ 127.264981831166082, 38.122448373427567 ], [ 127.264207434045076, 38.121348398723441 ], [ 127.264164242719062, 38.12080867687888 ], [ 127.264387406348391, 38.120655927726283 ], [ 127.264490824160376, 38.120585141169386 ], [ 127.2646494335429, 38.120543289500226 ], [ 127.265651904712087, 38.120278778031626 ], [ 127.26611608620891, 38.12005551306391 ], [ 127.266407151933279, 38.119786836888707 ], [ 127.266755360751247, 38.119255793909723 ], [ 127.266946376527301, 38.118385306459082 ], [ 127.267049291531606, 38.117860521649021 ], [ 127.266830395918021, 38.117410578950718 ], [ 127.266394675619551, 38.116763051132345 ], [ 127.265605144116165, 38.116170020923278 ], [ 127.265028473547858, 38.115886131521286 ], [ 127.263920875395513, 38.115340859732029 ], [ 127.262802589393004, 38.115442253499644 ], [ 127.262505763805763, 38.11528951853019 ], [ 127.262310350299245, 38.114212209654646 ], [ 127.262478958073416, 38.113480078961722 ], [ 127.262958878240042, 38.112970833395288 ], [ 127.263619348657073, 38.112444920582554 ], [ 127.265636822537871, 38.112058036745609 ], [ 127.266252107006977, 38.111831691497969 ], [ 127.266906173377691, 38.111293353944333 ], [ 127.267711113704351, 38.110386350447463 ], [ 127.268083874260128, 38.109966309367181 ], [ 127.268345888015446, 38.109376637689458 ], [ 127.268144983327858, 38.108677611822102 ], [ 127.267478949025588, 38.108280862777036 ], [ 127.265328221769138, 38.107344898317677 ], [ 127.265060445136015, 38.107258742393007 ], [ 127.264719642645204, 38.107269325460237 ], [ 127.263208808818959, 38.1084177379064 ], [ 127.260775767191532, 38.107732277376421 ], [ 127.25979435760577, 38.106127137274889 ], [ 127.257312327801046, 38.104753230423263 ], [ 127.2567620202461, 38.104529027718939 ], [ 127.255298925618874, 38.104182380848698 ], [ 127.254763371569467, 38.103809489610107 ], [ 127.25434410335825, 38.103413179788255 ], [ 127.25401251702246, 38.102806380566129 ], [ 127.254008985346701, 38.102491838176284 ], [ 127.254006486808606, 38.102267857772901 ], [ 127.253813505093348, 38.101356041938004 ], [ 127.253379752525348, 38.100823382525917 ], [ 127.251442828590854, 38.099176731146834 ], [ 127.250089617465036, 38.098417918449691 ], [ 127.24787050435954, 38.098024513107084 ], [ 127.245081269952067, 38.098238171567971 ], [ 127.243731855356287, 38.098457175749658 ], [ 127.242580405558968, 38.098932333464219 ], [ 127.241793924513516, 38.099202116279663 ], [ 127.240550772660015, 38.099600444312344 ], [ 127.234102792977993, 38.100114401480276 ], [ 127.233479628839717, 38.100154672651861 ], [ 127.233084435564635, 38.100119438963546 ], [ 127.232805399484079, 38.100094513711461 ], [ 127.232119399037998, 38.09981587189192 ], [ 127.231949133276359, 38.099697960408086 ], [ 127.231339345675792, 38.099275564573119 ], [ 127.231047253203513, 38.098841159951014 ], [ 127.230992185475571, 38.098503033296318 ], [ 127.231059460611917, 38.096484360024455 ], [ 127.23157014757119, 38.095498264388638 ], [ 127.231948175779777, 38.094768339102082 ], [ 127.231965400611813, 38.094735707243053 ], [ 127.232096769786949, 38.094482522853404 ], [ 127.232307440299081, 38.093783390553412 ], [ 127.232307474066261, 38.092601595996335 ], [ 127.232187661819452, 38.091838620339637 ], [ 127.231977372765314, 38.091457352835214 ], [ 127.231579916470736, 38.090996795223496 ], [ 127.231363801637585, 38.090918539500969 ], [ 127.231116526335654, 38.090829000243197 ], [ 127.230574088135967, 38.090841277861429 ], [ 127.230253406956734, 38.090929281604865 ], [ 127.229784276973575, 38.091058023270655 ], [ 127.229459143479801, 38.091217350406097 ], [ 127.229292310803118, 38.091299107379633 ], [ 127.228857497946734, 38.091694665285708 ], [ 127.228447801728407, 38.091850316441352 ], [ 127.22724149199469, 38.091938775743955 ], [ 127.226254769517951, 38.092010837309992 ], [ 127.225034945498379, 38.091899836638227 ], [ 127.223921395821179, 38.091390258642527 ], [ 127.223035045149231, 38.090851293398693 ], [ 127.222576681461661, 38.090572566795892 ], [ 127.222205035279956, 38.090296439906417 ], [ 127.222012431685258, 38.090153329970427 ], [ 127.218507058627679, 38.087192125295644 ], [ 127.21822551414003, 38.086825307109081 ], [ 127.217969979624797, 38.086370678230786 ], [ 127.217796582593508, 38.085127629282034 ], [ 127.217822850112711, 38.084781829238345 ], [ 127.217801974564964, 38.084258846197955 ], [ 127.217783683432287, 38.08421458124559 ], [ 127.217379803463061, 38.08323733121793 ], [ 127.217189331641222, 38.08288489914969 ], [ 127.216534208024314, 38.081672710615855 ], [ 127.215518823072401, 38.080529017854779 ], [ 127.215190611233751, 38.08026347250869 ], [ 127.214886159834279, 38.080134086322381 ], [ 127.214652036332367, 38.080034594169895 ], [ 127.213184468843835, 38.079730222189589 ], [ 127.210024218411846, 38.078574468211698 ], [ 127.208238627655149, 38.077613569867339 ], [ 127.208043243608273, 38.077467754032682 ], [ 127.207523669885532, 38.077079266215208 ], [ 127.207060622471758, 38.07673302367207 ], [ 127.206374538554101, 38.076159000839446 ], [ 127.20603538252854, 38.075441671464063 ], [ 127.206021329723512, 38.074318390011051 ], [ 127.206059097511471, 38.073977757176216 ], [ 127.206067140527821, 38.073905260641887 ], [ 127.206821990190235, 38.073167135432897 ], [ 127.207777602036117, 38.072232936274325 ], [ 127.20819376745979, 38.071508442951455 ], [ 127.208364726771322, 38.070623362441111 ], [ 127.208272608663705, 38.070135318903674 ], [ 127.207658821347721, 38.06949276099445 ], [ 127.206697847882026, 38.068717521370459 ], [ 127.205291758772873, 38.068075225313081 ], [ 127.204424115505446, 38.06768544268148 ], [ 127.203714042167874, 38.067066406514442 ], [ 127.203319692034668, 38.066789323674051 ], [ 127.202193869676464, 38.066628753157339 ], [ 127.201247766579044, 38.066951938473402 ], [ 127.200669538184883, 38.066870479041029 ], [ 127.19874242559419, 38.065945126651087 ], [ 127.19854863478173, 38.065706540390934 ], [ 127.198504931376831, 38.065652729319524 ], [ 127.198250902569967, 38.065242573268065 ], [ 127.198008040798058, 38.064850367228402 ], [ 127.197854262008846, 38.063960037526144 ], [ 127.197875765081463, 38.063753844532577 ], [ 127.197921014643427, 38.063320303188405 ], [ 127.198279973445054, 38.062830028122086 ], [ 127.198919535538437, 38.062292866420677 ], [ 127.19916791799244, 38.062084244677592 ], [ 127.199336658513545, 38.061938217925778 ], [ 127.199478031861929, 38.061690728141663 ], [ 127.199532436405775, 38.061480021453484 ], [ 127.199590234463216, 38.061256148529026 ], [ 127.199348567785364, 38.059361635186733 ], [ 127.19925505351722, 38.059221837591288 ], [ 127.199063264159179, 38.058935136923346 ], [ 127.198740519504156, 38.058764193996844 ], [ 127.198295548358061, 38.058689823913056 ], [ 127.197822028835233, 38.058631151124168 ], [ 127.197244798069761, 38.058841466139953 ], [ 127.196826634098585, 38.059005998184347 ], [ 127.192385603340981, 38.061658862013573 ], [ 127.192285320264759, 38.0617302871321 ], [ 127.192032594800821, 38.061910296220077 ], [ 127.191882992044768, 38.062148480381644 ], [ 127.191751429946009, 38.062357943784029 ], [ 127.191659887531699, 38.062595352470694 ], [ 127.19157567556266, 38.062813755249948 ], [ 127.191283216104864, 38.063371923529644 ], [ 127.191024383865553, 38.063623455917707 ], [ 127.190142940945279, 38.064155142246221 ], [ 127.189343886677293, 38.064575506660695 ], [ 127.188849465210268, 38.064734176432395 ], [ 127.188284538201032, 38.064883642588313 ], [ 127.188108515376342, 38.064891061821179 ], [ 127.187978871911582, 38.064883958168828 ], [ 127.187833019683623, 38.064857641169574 ], [ 127.187471966428433, 38.064792483779037 ], [ 127.186623638458471, 38.064436539756514 ], [ 127.186548525113693, 38.065414222062053 ], [ 127.186229928486867, 38.068001099938321 ], [ 127.185850867113501, 38.070666738007134 ], [ 127.185739338028128, 38.0722538117707 ], [ 127.186249280984228, 38.07431335837596 ], [ 127.187842255437616, 38.075446288674868 ], [ 127.189847051635041, 38.07686122748904 ], [ 127.190727978797099, 38.077842557918089 ], [ 127.19207990977192, 38.081897336993428 ], [ 127.192254144287347, 38.08249488845243 ], [ 127.192181857470132, 38.083078273248489 ], [ 127.190987538093836, 38.085428537283562 ], [ 127.190675615088963, 38.085703784931219 ], [ 127.189487556838387, 38.08637886022327 ], [ 127.188197150277773, 38.087484009919969 ], [ 127.185252252585002, 38.090801857024516 ], [ 127.184879826729627, 38.091398871419635 ], [ 127.184845207395369, 38.091454433971236 ], [ 127.18451059808568, 38.092228323228099 ], [ 127.184498355954275, 38.09229725573524 ], [ 127.184437521583703, 38.092640522277321 ], [ 127.1841934179822, 38.095038377394268 ], [ 127.183545377842975, 38.099047771121327 ], [ 127.182909120363107, 38.102253337681354 ], [ 127.182207190219671, 38.107311714204698 ], [ 127.183048084638443, 38.109368881206315 ], [ 127.183943619664177, 38.110337905420913 ], [ 127.184022267239413, 38.110780865700889 ], [ 127.184334165209037, 38.114015008194052 ], [ 127.184282550757501, 38.114411436954896 ], [ 127.183737172727348, 38.115557952597761 ], [ 127.183395429991592, 38.116091090794704 ], [ 127.183039691998886, 38.116423544321428 ], [ 127.182655856005297, 38.116646699701583 ], [ 127.177674776924135, 38.119263716394805 ], [ 127.1765656981337, 38.119823961016557 ], [ 127.175022327377462, 38.119949245821147 ], [ 127.173907445547428, 38.119844778426163 ], [ 127.173342500118139, 38.119896157613759 ], [ 127.172828485182279, 38.120038930213177 ], [ 127.171564480931877, 38.121562971401573 ], [ 127.173545183195799, 38.123056783167129 ], [ 127.174216520203316, 38.123940772225033 ], [ 127.174482933519656, 38.12448564910315 ], [ 127.175772287772162, 38.128809665410643 ], [ 127.175740988556214, 38.129759288779063 ], [ 127.175445924458231, 38.135021452133962 ], [ 127.174926380896935, 38.137046026435563 ], [ 127.174006563041544, 38.14020691827605 ], [ 127.173795297855378, 38.140561203043305 ], [ 127.173465108746029, 38.140746623954094 ], [ 127.173258312359124, 38.140862762710626 ], [ 127.17297439325985, 38.141194314018094 ], [ 127.172908568468728, 38.141560269549494 ], [ 127.173462843357129, 38.142980176885793 ], [ 127.173550395701383, 38.143167538975682 ], [ 127.173564503447892, 38.143197721874877 ], [ 127.175217400533398, 38.144464575027321 ], [ 127.176731747930035, 38.146521048206147 ], [ 127.176817817451692, 38.146733054160784 ], [ 127.177184089565785, 38.15150966012407 ], [ 127.176928820407156, 38.152133081251357 ], [ 127.176331901422074, 38.153069879857973 ], [ 127.176105380387952, 38.153801531580598 ], [ 127.17586107710639, 38.155974027423419 ], [ 127.175829482107815, 38.156811941321926 ], [ 127.175784282027521, 38.158010666735777 ], [ 127.175679915695582, 38.158542889372605 ], [ 127.175600350495046, 38.158948599910353 ], [ 127.175185349140804, 38.159867864967239 ], [ 127.174306280005993, 38.160541376918971 ], [ 127.173935610048517, 38.161112651459668 ], [ 127.173927896640564, 38.161404413529745 ], [ 127.174080648806537, 38.164109746812734 ], [ 127.174108758042223, 38.16452665815131 ], [ 127.174482697900146, 38.165952816171391 ], [ 127.174593957714677, 38.167885202507122 ], [ 127.17452067915869, 38.168159882152587 ], [ 127.17411979258263, 38.168789330204795 ], [ 127.174069395890015, 38.168868423769432 ], [ 127.173861475169986, 38.169031664157288 ], [ 127.173604685946515, 38.169233261196425 ], [ 127.1737811146307, 38.171127485086899 ], [ 127.174277707558574, 38.172735357825374 ], [ 127.175231972341166, 38.173449474280382 ], [ 127.175465379658476, 38.173624133904646 ], [ 127.176753081687849, 38.174804929075897 ], [ 127.176819637782145, 38.174909443887366 ], [ 127.177526266739548, 38.176019277872406 ], [ 127.177648565928152, 38.176442077245248 ], [ 127.179048049611822, 38.182742237686824 ], [ 127.179377182665846, 38.18465332788373 ], [ 127.180159140027015, 38.184751212802766 ], [ 127.180321010400235, 38.184773394654904 ], [ 127.180691710605643, 38.184824205019972 ], [ 127.18112827038739, 38.184907171527328 ], [ 127.181661603818824, 38.185082173037102 ], [ 127.181697237155888, 38.185093866125648 ], [ 127.181898583828286, 38.185176736287666 ], [ 127.182063665205447, 38.185244686724722 ], [ 127.182422022290709, 38.185435108167475 ], [ 127.183447828808781, 38.186051124781791 ], [ 127.187895890284281, 38.188250130165017 ], [ 127.190399654722981, 38.188855032483886 ], [ 127.190282035213116, 38.188246046967457 ], [ 127.189400013542084, 38.187184504661282 ], [ 127.189215339805713, 38.186958260778695 ], [ 127.189043333652634, 38.186711446483869 ], [ 127.188956944406627, 38.186551670646566 ], [ 127.188927896207773, 38.186497939092867 ], [ 127.188872118983937, 38.186368487802923 ], [ 127.188847468256327, 38.186311274602915 ], [ 127.188324033623005, 38.184936224551208 ], [ 127.188177173512585, 38.184522687868899 ], [ 127.188082423246442, 38.184109913081414 ], [ 127.188077461682099, 38.183950368128798 ], [ 127.188076260249147, 38.183889897698712 ], [ 127.188073136662751, 38.183732322366069 ], [ 127.188073626490237, 38.183660826823825 ], [ 127.18807595155377, 38.183328158617812 ], [ 127.187043847888063, 38.178195172120624 ], [ 127.186043706837552, 38.173386669057145 ], [ 127.18603335957819, 38.172953227186532 ], [ 127.186199035666391, 38.170936448374142 ], [ 127.186245873647422, 38.170787846609244 ], [ 127.186311141374887, 38.170657228235179 ], [ 127.186414051529198, 38.170493917976842 ], [ 127.186798363788853, 38.17013498367988 ], [ 127.187387878186513, 38.168781514288526 ], [ 127.187721823364924, 38.167184109222006 ], [ 127.188698960392017, 38.163623273549881 ], [ 127.189081196004977, 38.162538780293076 ], [ 127.189347620375827, 38.161909523974089 ], [ 127.189586442447364, 38.161377447409784 ], [ 127.189991867208022, 38.16069191516884 ], [ 127.190247474070645, 38.160421509749916 ], [ 127.192946725093492, 38.158540506180223 ], [ 127.194841644809486, 38.157308967507618 ], [ 127.194903320463268, 38.157269824569525 ], [ 127.195515346324754, 38.156881518418942 ], [ 127.196018588580145, 38.156660774239533 ], [ 127.196735981380698, 38.156426903469729 ], [ 127.197237666924963, 38.156307446570359 ], [ 127.19760254755262, 38.156220560313471 ], [ 127.198658074819733, 38.155889811299375 ], [ 127.198850906041741, 38.15579011427198 ], [ 127.199014486731528, 38.155705530056075 ], [ 127.199126700576358, 38.155640410199624 ], [ 127.199355364372153, 38.155507707939336 ], [ 127.202646542023544, 38.153568413032417 ], [ 127.202760821558698, 38.153491048530796 ], [ 127.20288450527994, 38.153407316846611 ], [ 127.203054203851636, 38.153219171025164 ], [ 127.203276167528571, 38.152834743721151 ], [ 127.203304446382745, 38.152779371222806 ], [ 127.203606424620986, 38.15218805748583 ], [ 127.204042491639285, 38.151630840392336 ], [ 127.204558842809092, 38.151053944407813 ], [ 127.206958074288707, 38.148403341659609 ], [ 127.207630767722534, 38.14766605416834 ], [ 127.207929745599145, 38.147386929206576 ], [ 127.207995429398807, 38.147325607346183 ], [ 127.208196271797519, 38.147138110790351 ], [ 127.20833536368967, 38.147059876794906 ], [ 127.208592688885915, 38.146915161323022 ], [ 127.208811592678714, 38.14687346823527 ], [ 127.208912541911118, 38.146854242120817 ], [ 127.209608488329167, 38.146767371329382 ], [ 127.209921884631541, 38.146790386217212 ], [ 127.210293045328243, 38.14681764260839 ], [ 127.210844343378469, 38.146922633875704 ], [ 127.211022299389015, 38.146956519557449 ], [ 127.211449486738104, 38.146968823851026 ], [ 127.211610063548989, 38.146924543423665 ], [ 127.211772896622747, 38.146879637427347 ], [ 127.211981841144251, 38.146722092460166 ], [ 127.212228089446796, 38.146391600184678 ], [ 127.212413550759734, 38.146063588448726 ], [ 127.212585144387376, 38.145738455355165 ], [ 127.212634361460971, 38.145490366516519 ], [ 127.213416274963649, 38.143377157251123 ], [ 127.218887644071742, 38.139235662872295 ], [ 127.219162304208169, 38.139052762596776 ], [ 127.219785229916511, 38.138688004522024 ], [ 127.221890933589023, 38.137630070649656 ], [ 127.222520645450743, 38.138108944338043 ], [ 127.223553076096678, 38.140606530984684 ], [ 127.223696530292187, 38.141430698467403 ], [ 127.223635424729537, 38.144687698515774 ], [ 127.223267026782196, 38.146858910664712 ], [ 127.223328998583128, 38.146912680112393 ], [ 127.223737151997554, 38.147265910986143 ], [ 127.224193667579073, 38.147552728033993 ], [ 127.225910888077081, 38.148207571737991 ], [ 127.22597240501527, 38.148188505714309 ], [ 127.228718874711916, 38.147607562785403 ], [ 127.232034541277642, 38.147031100880596 ], [ 127.232617366089016, 38.147123771366509 ], [ 127.233887423803878, 38.147325702721105 ], [ 127.235084302549737, 38.148014422313153 ], [ 127.237659874105532, 38.151587722396997 ], [ 127.23748838254555, 38.152016623194726 ], [ 127.2390993846561, 38.154039025725524 ], [ 127.239223691460225, 38.154159340247482 ], [ 127.239620700255756, 38.154543585423177 ], [ 127.24206734731159, 38.156308968490528 ], [ 127.247053656841516, 38.159425413427982 ], [ 127.249720012806222, 38.160902159574064 ], [ 127.251664553323963, 38.161971493869174 ], [ 127.254339610673725, 38.162802240514225 ], [ 127.255862539628197, 38.163964884634979 ], [ 127.255842949596683, 38.164039225132456 ], [ 127.25584148485288, 38.164182684202487 ], [ 127.256146780828459, 38.1649340127004 ], [ 127.258501879191954, 38.168650181486797 ], [ 127.260380415841212, 38.170372416254608 ], [ 127.261645511157511, 38.170471065277205 ], [ 127.263095312131895, 38.17118636352199 ], [ 127.263350794265307, 38.17134682827286 ], [ 127.263517856371479, 38.171464687545793 ], [ 127.26372073624988, 38.171648240422371 ], [ 127.264105501291041, 38.172096587735844 ], [ 127.26437524820517, 38.172478660388357 ], [ 127.26504795201312, 38.173520184853231 ], [ 127.265184875691446, 38.173788554275163 ], [ 127.265695626032624, 38.174807767310803 ], [ 127.265923381413174, 38.175333182786709 ], [ 127.265990370940727, 38.175622792394215 ], [ 127.26599434769021, 38.175823748219614 ], [ 127.265995018004645, 38.175857626160649 ], [ 127.265963864947665, 38.176053665889654 ], [ 127.265903920076511, 38.176226053195315 ], [ 127.265830263291477, 38.176360114032505 ], [ 127.265684933372938, 38.1765397672239 ], [ 127.265626056757256, 38.176612496859285 ], [ 127.265558619733568, 38.176695793783949 ], [ 127.265499155349147, 38.176746643167178 ], [ 127.265407440011273, 38.176825037326267 ], [ 127.265052200052111, 38.177104682379714 ], [ 127.264911147221213, 38.177212162055596 ], [ 127.264797875484533, 38.177298463498204 ], [ 127.264625037731349, 38.177469957007773 ], [ 127.264563659219519, 38.177539746576436 ], [ 127.264522517804721, 38.177586535058545 ], [ 127.264437139407406, 38.177808184851372 ], [ 127.264412087007528, 38.178022430988491 ], [ 127.264424687231156, 38.178277450886711 ], [ 127.264448825955327, 38.178345976201733 ], [ 127.264478556201254, 38.178430371310149 ], [ 127.264492731752426, 38.178470610390434 ], [ 127.264516694149151, 38.178538619814617 ], [ 127.264662582737415, 38.178815017106409 ], [ 127.264839873563133, 38.179111579714188 ], [ 127.265031237161182, 38.179399564063303 ], [ 127.265126540823644, 38.179519077122052 ], [ 127.265289413856593, 38.179723320197944 ], [ 127.265592103205179, 38.180061951595697 ], [ 127.265768619533816, 38.18023127845413 ], [ 127.265804386876638, 38.180265585074963 ], [ 127.266122913416538, 38.180497615834582 ], [ 127.266327303719336, 38.180570239836591 ], [ 127.266512504680009, 38.180635961328981 ], [ 127.27192729591907, 38.181500226505833 ], [ 127.275274414174419, 38.18144880805891 ], [ 127.276976968305362, 38.182366790056484 ], [ 127.282826637715871, 38.182909140315353 ], [ 127.282957696721681, 38.182897549083272 ], [ 127.283120360605324, 38.182883158185668 ], [ 127.28337839060957, 38.182801376441539 ], [ 127.283447732758205, 38.18275075797461 ], [ 127.283513239134606, 38.182702938919377 ], [ 127.283621010097391, 38.182596019155312 ], [ 127.283667971095497, 38.182496345165859 ], [ 127.283685395077498, 38.182459339066384 ], [ 127.283779483362835, 38.18221051752473 ], [ 127.285633075734509, 38.1806765438442 ], [ 127.286577872436268, 38.180335085430713 ] ] ] ] } },
{ "type": "Feature", "properties": { "OBJECTID": 1630, "adm_nm": "경기도 포천시 화현면", "adm_cd": "3127041", "adm_cd2": "4165041000", "sgg": "41650", "sido": "41", "sidonm": "경기도", "sggnm": "포천시" }, "geometry": { "type": "MultiPolygon", "coordinates": [ [ [ [ 127.255675825950988, 37.952426143329255 ], [ 127.257568840890414, 37.951143462635805 ], [ 127.25772187826098, 37.950969440272168 ], [ 127.257753805452381, 37.950933066632572 ], [ 127.257765482824468, 37.950896921683558 ], [ 127.25781558467061, 37.950741767646079 ], [ 127.258164522776667, 37.949306405855168 ], [ 127.258634883363456, 37.947351109669093 ], [ 127.258661974895759, 37.947312246372441 ], [ 127.258795630878481, 37.947120571401953 ], [ 127.258817800577091, 37.947096750525205 ], [ 127.258919123106594, 37.946987883309909 ], [ 127.259117121826691, 37.946843892168069 ], [ 127.259215750070283, 37.946772179619323 ], [ 127.259382440318433, 37.94670041692175 ], [ 127.259828362642196, 37.946510929156204 ], [ 127.260354410257079, 37.946401592961074 ], [ 127.260467807111922, 37.946397371463014 ], [ 127.260756364570511, 37.946386638267036 ], [ 127.260799416571032, 37.946370457399475 ], [ 127.260836850616414, 37.946356383143261 ], [ 127.260898841265046, 37.94632271051961 ], [ 127.261176507251363, 37.946030353126346 ], [ 127.261389029991477, 37.945640973605443 ], [ 127.261764243464512, 37.944875631888195 ], [ 127.262402976385104, 37.943344719045925 ], [ 127.263252924395175, 37.93871263815101 ], [ 127.265245926033558, 37.933788784653146 ], [ 127.265743909099484, 37.93262710209649 ], [ 127.267520650469422, 37.928521829525415 ], [ 127.267693552357684, 37.928164607556113 ], [ 127.267767478611091, 37.928090928047844 ], [ 127.267859943132606, 37.928051570485948 ], [ 127.267966678322139, 37.928032628378759 ], [ 127.268002254346555, 37.928027065399498 ], [ 127.271516514820874, 37.925147524825519 ], [ 127.272232888301403, 37.922763853050434 ], [ 127.272312500782917, 37.922542061946238 ], [ 127.27250261681165, 37.922463565848012 ], [ 127.272590676573358, 37.922431938172799 ], [ 127.278632309070716, 37.919663198001821 ], [ 127.282633354073212, 37.917094062624322 ], [ 127.286913233394017, 37.915870486514265 ], [ 127.287194316531085, 37.915793257844442 ], [ 127.295117374959617, 37.915357793075856 ], [ 127.295207858176951, 37.915397517696 ], [ 127.295248757592177, 37.915416043006005 ], [ 127.296069158540973, 37.91778845343056 ], [ 127.296681341204689, 37.919605580248088 ], [ 127.296741626672457, 37.919684606799748 ], [ 127.299439804723022, 37.920871062147583 ], [ 127.299574118991998, 37.920795131047726 ], [ 127.299713993789709, 37.920716054703654 ], [ 127.299936201428565, 37.920588997730569 ], [ 127.300071519826233, 37.920511616670822 ], [ 127.300291271469732, 37.92024047288723 ], [ 127.301954530500453, 37.919710389371716 ], [ 127.302313820233024, 37.919637762724932 ], [ 127.306196664243117, 37.918987402140516 ], [ 127.308855927915346, 37.919320717124641 ], [ 127.310015728061487, 37.919703525519175 ], [ 127.310078136357831, 37.919945724737936 ], [ 127.310253216122533, 37.920440596097627 ], [ 127.310952175673279, 37.922129125661272 ], [ 127.312040210180356, 37.922394780097527 ], [ 127.312208330648318, 37.922434651642163 ], [ 127.312341542241612, 37.922466238411367 ], [ 127.316762070825931, 37.922377441028523 ], [ 127.318380663869846, 37.922340518149063 ], [ 127.318944073275702, 37.922256889330654 ], [ 127.319317815812212, 37.922092976320002 ], [ 127.319458050591749, 37.922031227101641 ], [ 127.322281210339497, 37.922015244963482 ], [ 127.325410756807884, 37.922376907557862 ], [ 127.327659179115003, 37.922398409906798 ], [ 127.328994138537055, 37.92203087704592 ], [ 127.329466101387425, 37.920254819744258 ], [ 127.329790258772633, 37.919479871529504 ], [ 127.330397701865408, 37.918369065202022 ], [ 127.330877303623666, 37.917574411654847 ], [ 127.330893196926851, 37.917184566513249 ], [ 127.330767634879834, 37.916754096441402 ], [ 127.330621881245705, 37.916517664567266 ], [ 127.330467943611396, 37.916268007629611 ], [ 127.330302147836605, 37.916064858589394 ], [ 127.329742585404517, 37.915379178108132 ], [ 127.32968347159067, 37.915305158772256 ], [ 127.329642610453277, 37.915253976880969 ], [ 127.328856150052388, 37.914043965296422 ], [ 127.327863073278564, 37.912414539694211 ], [ 127.327862068642077, 37.912235404358128 ], [ 127.327901374482664, 37.912152091357932 ], [ 127.329370364179766, 37.910599483134021 ], [ 127.329773242612845, 37.910404033153092 ], [ 127.329956532960253, 37.9103398810906 ], [ 127.330103413219746, 37.91028846657786 ], [ 127.330386959590228, 37.910041017253491 ], [ 127.330477962314347, 37.909735832911707 ], [ 127.330561286571964, 37.909053215905878 ], [ 127.330517316172021, 37.908077492012517 ], [ 127.330463154648456, 37.907820542605258 ], [ 127.330316420670158, 37.907632184112884 ], [ 127.330258086386451, 37.907597606225195 ], [ 127.330051582323009, 37.90747520057468 ], [ 127.32967191051489, 37.907356986616463 ], [ 127.329335435925429, 37.907252218428823 ], [ 127.329222978037095, 37.907202681019058 ], [ 127.329096792649722, 37.907147095653656 ], [ 127.32789227828485, 37.904458328643621 ], [ 127.327465477949303, 37.903352547661491 ], [ 127.327445408434286, 37.903214984680936 ], [ 127.32739057426538, 37.902838627932056 ], [ 127.327369325495525, 37.902502861048852 ], [ 127.328191404384995, 37.896891190612543 ], [ 127.328904430496081, 37.895036666600113 ], [ 127.329125766462838, 37.8943114374175 ], [ 127.328992659343029, 37.894081411281149 ], [ 127.328613032161542, 37.893483745297679 ], [ 127.32839970798149, 37.893206282207665 ], [ 127.327315851266903, 37.891919211159269 ], [ 127.326856167675359, 37.891521961459148 ], [ 127.326685198265594, 37.891375247696089 ], [ 127.326264411884225, 37.891095942803311 ], [ 127.325802320525113, 37.890789222454067 ], [ 127.324751321334873, 37.889449136808111 ], [ 127.323701069135282, 37.887854632742481 ], [ 127.323635165409897, 37.887463556407248 ], [ 127.323081494133405, 37.880747494648652 ], [ 127.323906887314905, 37.876159408009428 ], [ 127.323746774784567, 37.873740192522249 ], [ 127.323721454589148, 37.87362974524288 ], [ 127.323601165040259, 37.873394705748176 ], [ 127.323561923373703, 37.87333097491711 ], [ 127.323461028533032, 37.87317194012558 ], [ 127.323158704744927, 37.872700553651853 ], [ 127.322362181945735, 37.871475827279305 ], [ 127.32229264082882, 37.871434037713499 ], [ 127.322210956643502, 37.871415888222167 ], [ 127.32124241679, 37.871399775442569 ], [ 127.320604298184747, 37.871389791795472 ], [ 127.317553788290923, 37.869287307162843 ], [ 127.314285129087096, 37.867817569638433 ], [ 127.313953128030732, 37.867881264680236 ], [ 127.313716453316474, 37.867897789111424 ], [ 127.313593790226037, 37.867883328155983 ], [ 127.313532470080929, 37.867876092691212 ], [ 127.313488418117288, 37.86785569839742 ], [ 127.31341039065363, 37.867819567471166 ], [ 127.31328633600846, 37.867698819814748 ], [ 127.312591075106013, 37.866978922052851 ], [ 127.312531438955503, 37.866906424944325 ], [ 127.312100446542686, 37.866119382519351 ], [ 127.312036171501333, 37.866115032959698 ], [ 127.311998499719934, 37.866117226989878 ], [ 127.311876977366552, 37.866124919349232 ], [ 127.311780694432954, 37.866132696997795 ], [ 127.311699296821828, 37.866139281606138 ], [ 127.310322957130552, 37.86639845216402 ], [ 127.310251850683713, 37.866415183065449 ], [ 127.310197667416176, 37.866438537887959 ], [ 127.310112424361591, 37.866476976482851 ], [ 127.31007041080646, 37.866509582081882 ], [ 127.309997079556084, 37.866566921334716 ], [ 127.309809792441129, 37.866722095707559 ], [ 127.309730036702049, 37.866788438407561 ], [ 127.309694068030751, 37.86682009734934 ], [ 127.309603279613398, 37.866900892649191 ], [ 127.309433721922261, 37.867065111778501 ], [ 127.309318250535398, 37.867203501117409 ], [ 127.3092680566741, 37.867379175103068 ], [ 127.309159949343254, 37.867668428311887 ], [ 127.309120749052127, 37.867738333392623 ], [ 127.309016016162943, 37.867847447281491 ], [ 127.308841680288424, 37.867938421911433 ], [ 127.308672344201568, 37.868021517951995 ], [ 127.308567796795259, 37.868058527015727 ], [ 127.305699344905904, 37.868787268498338 ], [ 127.305474662521263, 37.868837596128138 ], [ 127.305333218019527, 37.868848627815375 ], [ 127.305174040877858, 37.868849492069714 ], [ 127.30495235478368, 37.868841238584245 ], [ 127.304756339484385, 37.868799228170644 ], [ 127.304665456142061, 37.868771325227279 ], [ 127.304568188332922, 37.868741457579056 ], [ 127.304317573988769, 37.868653162815157 ], [ 127.303939882646389, 37.868521844708859 ], [ 127.303313427667419, 37.86841151708105 ], [ 127.302954739044239, 37.86835233226769 ], [ 127.302269274991076, 37.868252039139314 ], [ 127.3019276060203, 37.868206399411683 ], [ 127.300849168511206, 37.868112507044039 ], [ 127.300638882380596, 37.868096067315967 ], [ 127.300378062242629, 37.868105764228076 ], [ 127.299795992787821, 37.868141955828037 ], [ 127.298754697205254, 37.868240451249513 ], [ 127.298289791347855, 37.868304999698736 ], [ 127.296174925504658, 37.868868056388649 ], [ 127.295741529476828, 37.869616517254023 ], [ 127.293167626923733, 37.873421853962199 ], [ 127.291538300031846, 37.87414498389932 ], [ 127.288606354480564, 37.870216334827326 ], [ 127.287284713790513, 37.868329570688189 ], [ 127.285947806582428, 37.865722365167848 ], [ 127.285877173567727, 37.865575774014445 ], [ 127.285838517106157, 37.865426987708084 ], [ 127.285758004843345, 37.865013365670222 ], [ 127.285756416563842, 37.864961145433035 ], [ 127.285803011857936, 37.86468446969603 ], [ 127.285844914379823, 37.863899974208806 ], [ 127.285211832958311, 37.861007176647369 ], [ 127.285147635669944, 37.860850456950033 ], [ 127.284906202439487, 37.86031148353814 ], [ 127.284780936635585, 37.860138879130631 ], [ 127.284661340662623, 37.859975298053804 ], [ 127.281684430236012, 37.856550470932909 ], [ 127.28036268236994, 37.855434894547876 ], [ 127.27924867752418, 37.855669404534723 ], [ 127.279149859192032, 37.85568837208907 ], [ 127.279088050496554, 37.855689382787752 ], [ 127.278682476764786, 37.855651442158106 ], [ 127.278439016792291, 37.855575499572261 ], [ 127.278406028197296, 37.855560259428891 ], [ 127.278314146080305, 37.855517806010148 ], [ 127.278196308239799, 37.855438633813193 ], [ 127.27814479364207, 37.855401524451565 ], [ 127.275424233258775, 37.85188669299847 ], [ 127.267716299021444, 37.849989241991246 ], [ 127.264273786791819, 37.85060205264493 ], [ 127.259184220972443, 37.849503440401271 ], [ 127.25881994927154, 37.849479017473151 ], [ 127.258680605931204, 37.849510277897629 ], [ 127.258652980034114, 37.849546661291114 ], [ 127.258624235365374, 37.849584520534911 ], [ 127.258367497609157, 37.850757951619755 ], [ 127.258354050353418, 37.850855554025522 ], [ 127.258347246594312, 37.850920195601937 ], [ 127.258353644519374, 37.850986865178577 ], [ 127.258526218518199, 37.851756478969314 ], [ 127.258789941538424, 37.852144592099279 ], [ 127.259011257052251, 37.852253193497688 ], [ 127.259180210455355, 37.852304210824222 ], [ 127.259229281759815, 37.852319012445982 ], [ 127.259494645744283, 37.85238149188811 ], [ 127.259734528184353, 37.85248926458614 ], [ 127.259864957600172, 37.852547863461957 ], [ 127.260941343426381, 37.853188857468425 ], [ 127.263028152476465, 37.854675731225619 ], [ 127.265944990797777, 37.856805277345586 ], [ 127.266526502003359, 37.857378876338593 ], [ 127.266465967266925, 37.857870984227496 ], [ 127.266339936806219, 37.860206253206229 ], [ 127.266770370057586, 37.863155100316121 ], [ 127.26761574756982, 37.867312220246433 ], [ 127.267743894066697, 37.867460062368167 ], [ 127.267828845988547, 37.867561627120494 ], [ 127.267967597761995, 37.867728642710674 ], [ 127.26808293468693, 37.86788659893061 ], [ 127.268167816964421, 37.86801069600628 ], [ 127.268241989972395, 37.868141883262737 ], [ 127.268298547066692, 37.868241913625667 ], [ 127.268306894246379, 37.868299388462745 ], [ 127.2683113484415, 37.868467265915626 ], [ 127.268285375445942, 37.868592271339743 ], [ 127.267810630670368, 37.870424371657847 ], [ 127.267762632028223, 37.870545953579693 ], [ 127.267706885820772, 37.870647240763184 ], [ 127.267119558704096, 37.871639876194685 ], [ 127.267041843589794, 37.871746649110236 ], [ 127.2669348416822, 37.871876000348109 ], [ 127.266850001635788, 37.871961456617548 ], [ 127.26677517482814, 37.872030033138515 ], [ 127.266698968546351, 37.872081707356259 ], [ 127.266634898284337, 37.872117632692969 ], [ 127.266456988058835, 37.872202854593162 ], [ 127.266414269055147, 37.872223098845033 ], [ 127.266312515920745, 37.872266835680712 ], [ 127.266171601091628, 37.872333027352362 ], [ 127.266059146887031, 37.872388009061602 ], [ 127.266027828749159, 37.872403872936765 ], [ 127.265959498142209, 37.872438509579737 ], [ 127.265913762482413, 37.872470572809625 ], [ 127.265837777109425, 37.87253617931858 ], [ 127.265814849077074, 37.872559898496178 ], [ 127.265751312360436, 37.872653282775197 ], [ 127.265645624654709, 37.872815307834628 ], [ 127.265610430761086, 37.872870091360504 ], [ 127.265585634999468, 37.872908699079993 ], [ 127.265491688552075, 37.873086177756228 ], [ 127.265444748144134, 37.873187823854352 ], [ 127.265402323918721, 37.873299501471188 ], [ 127.265391717842206, 37.873327420872613 ], [ 127.265345031620356, 37.873485056659 ], [ 127.265331127745569, 37.873554307952254 ], [ 127.265313212982292, 37.873658494941317 ], [ 127.265303948706404, 37.873750869508847 ], [ 127.265285076232018, 37.873832553438987 ], [ 127.265273421275339, 37.873879235958249 ], [ 127.265243277427558, 37.873972686509703 ], [ 127.265193299747637, 37.874045818079573 ], [ 127.265148963947084, 37.87409782792529 ], [ 127.265117702878968, 37.874130164862834 ], [ 127.265064961088129, 37.874178504906631 ], [ 127.265022050186332, 37.87420856800626 ], [ 127.264869774356043, 37.874325704351648 ], [ 127.264673824538804, 37.874490928091099 ], [ 127.264628183018431, 37.874539286633755 ], [ 127.264572557095335, 37.874602262425299 ], [ 127.26403721819544, 37.875558829724575 ], [ 127.264010022567007, 37.875618486819008 ], [ 127.263999969062269, 37.875651139053353 ], [ 127.26340131430581, 37.877958410124734 ], [ 127.263281446845767, 37.87855632503382 ], [ 127.263371432498047, 37.879525497137614 ], [ 127.263384467708804, 37.880340079125077 ], [ 127.262352226976503, 37.88352411745376 ], [ 127.262160230275512, 37.883960655801445 ], [ 127.262039337648716, 37.884235517094865 ], [ 127.261911935028877, 37.884292717751443 ], [ 127.259664672150663, 37.884753567685841 ], [ 127.258636745008388, 37.884960901081548 ], [ 127.258412471971525, 37.884895934604224 ], [ 127.258280282844424, 37.884857646183498 ], [ 127.257613565597396, 37.884866415032299 ], [ 127.256901197208393, 37.884924657656939 ], [ 127.256333654005701, 37.885033894261319 ], [ 127.256178609738768, 37.885063992312169 ], [ 127.253285714888023, 37.885950258577687 ], [ 127.25323499787774, 37.885973143678932 ], [ 127.253149041959816, 37.886011936819784 ], [ 127.253077229053218, 37.886045116489889 ], [ 127.253000974033043, 37.886080350785221 ], [ 127.252962241710335, 37.886185045366901 ], [ 127.252809450073173, 37.886604958271555 ], [ 127.252806144609011, 37.886637812923588 ], [ 127.25276974648024, 37.887000322603228 ], [ 127.252468795963253, 37.889633754276822 ], [ 127.252199086595866, 37.891850396409851 ], [ 127.252094343889922, 37.892137466685817 ], [ 127.251627851270669, 37.892617554595667 ], [ 127.250981391743025, 37.893553545334754 ], [ 127.250741656806483, 37.893997191650108 ], [ 127.25051682306885, 37.894513577224089 ], [ 127.249945192389859, 37.899797383783422 ], [ 127.24997714339186, 37.900274727772072 ], [ 127.249993243932096, 37.900515148542581 ], [ 127.250325090661391, 37.901819362472125 ], [ 127.251304786127051, 37.902227022819282 ], [ 127.25137223419307, 37.902255331023817 ], [ 127.251805734124801, 37.902727176658821 ], [ 127.253109945510545, 37.904318465605272 ], [ 127.253095412740677, 37.904414121914826 ], [ 127.253050286512504, 37.90445363498965 ], [ 127.252944952426674, 37.904545698319374 ], [ 127.252128924990814, 37.905301788838649 ], [ 127.2512775805031, 37.906298598995036 ], [ 127.250172831499455, 37.911319890768652 ], [ 127.249133417349768, 37.914428016451566 ], [ 127.248350847554633, 37.917274735682909 ], [ 127.247764143888944, 37.917504437981528 ], [ 127.247685029208156, 37.917557219800926 ], [ 127.247622791175331, 37.91766862229094 ], [ 127.247593381206599, 37.917741889028079 ], [ 127.247504206003484, 37.918867097472742 ], [ 127.247636421285833, 37.920129201364269 ], [ 127.247677988638216, 37.920244206256157 ], [ 127.247693491327411, 37.920272278939002 ], [ 127.247735940169363, 37.920349106626006 ], [ 127.247811851993006, 37.920398840823658 ], [ 127.248087555809406, 37.920551417527427 ], [ 127.248269521198665, 37.920652112571112 ], [ 127.248341477128804, 37.920792833215749 ], [ 127.248403865454165, 37.920914975592567 ], [ 127.24935323570125, 37.923624280706171 ], [ 127.249350305065391, 37.923857485735091 ], [ 127.247633139448368, 37.933157473146288 ], [ 127.247604321065253, 37.93326556711223 ], [ 127.24740164945014, 37.933881394780926 ], [ 127.247357885027569, 37.933993963078173 ], [ 127.247280689074486, 37.934107590691958 ], [ 127.24717864084883, 37.934204256510483 ], [ 127.247085992477125, 37.934259261918555 ], [ 127.247029083821189, 37.934285484530619 ], [ 127.246910752921252, 37.934340001962248 ], [ 127.246774620693358, 37.934425332395861 ], [ 127.24670183585593, 37.934495026332939 ], [ 127.246648105513401, 37.934546699240336 ], [ 127.246566253918147, 37.934625422601265 ], [ 127.246469101144513, 37.934749141779292 ], [ 127.245572538110054, 37.936309832516827 ], [ 127.245500896961929, 37.936459518318301 ], [ 127.245552388662247, 37.93658581133343 ], [ 127.246521852067474, 37.938442323149935 ], [ 127.24657699423615, 37.938540458002201 ], [ 127.246837990943376, 37.938781062320658 ], [ 127.24787149120327, 37.939794915326765 ], [ 127.248360637125103, 37.94027590310673 ], [ 127.248644969914636, 37.940694753202735 ], [ 127.249871111203177, 37.942672066897565 ], [ 127.250985213460027, 37.944936684290866 ], [ 127.251949037927673, 37.950236087285383 ], [ 127.252091862879169, 37.952189946158846 ], [ 127.252112663311138, 37.952256298278641 ], [ 127.252172103138179, 37.952445857734823 ], [ 127.25226361725214, 37.952466536905135 ], [ 127.252423750024988, 37.952502718486549 ], [ 127.25265062097742, 37.9525212215678 ], [ 127.254024925072045, 37.952240438117627 ], [ 127.255675825950988, 37.952426143329255 ] ] ] ] } },
{ "type": "Feature", "properties": { "OBJECTID": 1631, "adm_nm": "경기도 포천시 포천동", "adm_cd": "3127051", "adm_cd2": "4165051000", "sgg": "41650", "sido": "41", "sidonm": "경기도", "sggnm": "포천시" }, "geometry": { "type": "MultiPolygon", "coordinates": [ [ [ [ 127.209281351949656, 37.902801075535535 ], [ 127.209032305744628, 37.902317136004299 ], [ 127.204660653039781, 37.896251991846988 ], [ 127.201833269090059, 37.892991763413221 ], [ 127.199607968863972, 37.891031683196836 ], [ 127.198890617904254, 37.887576729806867 ], [ 127.198333801707221, 37.884158234696443 ], [ 127.197794410131536, 37.882866191837117 ], [ 127.197577111066735, 37.882345755735727 ], [ 127.196340866624396, 37.881388358280255 ], [ 127.194731811511659, 37.880524577222388 ], [ 127.193946308299516, 37.880049352566637 ], [ 127.190752732253202, 37.876735469407812 ], [ 127.190378599452316, 37.875803374153193 ], [ 127.190169671706641, 37.875282834133074 ], [ 127.189548515588143, 37.874104993559065 ], [ 127.188928883016033, 37.873586233671205 ], [ 127.188213639900127, 37.873495337759117 ], [ 127.18748070559846, 37.873668392114553 ], [ 127.187364253775471, 37.873695865703979 ], [ 127.186934640873417, 37.87345701815979 ], [ 127.186626024987447, 37.873167779170402 ], [ 127.184239118317933, 37.870798750904811 ], [ 127.183596498795453, 37.871041575382272 ], [ 127.183795279595486, 37.87339455019449 ], [ 127.18417074254647, 37.875170004003934 ], [ 127.184430270266347, 37.876781768466905 ], [ 127.182639243672583, 37.877329019074715 ], [ 127.181471673914217, 37.877639069558164 ], [ 127.180860567978684, 37.877767418867812 ], [ 127.180757893715224, 37.877863589178553 ], [ 127.180209170952693, 37.878209102490658 ], [ 127.177141230686871, 37.879323980529804 ], [ 127.176426422203107, 37.879449328308411 ], [ 127.175440040956644, 37.879919798219653 ], [ 127.170886126450142, 37.882248294344329 ], [ 127.165674499689075, 37.885675464170447 ], [ 127.164505972501701, 37.886778489150117 ], [ 127.163148874199223, 37.888079251361994 ], [ 127.162103771914943, 37.888599012105161 ], [ 127.158184103649845, 37.890053444596042 ], [ 127.157734992028409, 37.89009857839266 ], [ 127.157138070589184, 37.890158554440553 ], [ 127.15553566565481, 37.89021246110017 ], [ 127.153401049991189, 37.890549801819255 ], [ 127.155652327647402, 37.895675708128238 ], [ 127.157014139061161, 37.895576146931695 ], [ 127.158254764458093, 37.896150955442842 ], [ 127.159038438482099, 37.896548674266761 ], [ 127.159370124998802, 37.89863844472557 ], [ 127.161114362350887, 37.901777711787062 ], [ 127.163419812290144, 37.904285436315156 ], [ 127.165134339203107, 37.90497080876019 ], [ 127.167486899819366, 37.906228033102146 ], [ 127.16794364099448, 37.907185287009419 ], [ 127.168420848539796, 37.908185363372645 ], [ 127.173029977141042, 37.911591653134948 ], [ 127.176213179970915, 37.912401483650648 ], [ 127.176305675503144, 37.912387091951516 ], [ 127.176849136619339, 37.912167766878397 ], [ 127.178501235917679, 37.911421959079526 ], [ 127.182696782171348, 37.911615858123142 ], [ 127.182802238015455, 37.911563190994556 ], [ 127.184352774971927, 37.910408053039262 ], [ 127.18553433292621, 37.909565895168257 ], [ 127.187168861456286, 37.908796637568351 ], [ 127.188709215753477, 37.908212604800127 ], [ 127.188843939423364, 37.908128464086104 ], [ 127.190733823483271, 37.905747232519502 ], [ 127.194499917093765, 37.904655244858134 ], [ 127.195029240272802, 37.904563107499868 ], [ 127.195220651053035, 37.904529819806584 ], [ 127.196701631256985, 37.904388630398834 ], [ 127.199768884710551, 37.904615852007389 ], [ 127.202971603730077, 37.904713096648756 ], [ 127.2078413537579, 37.903074660468896 ], [ 127.209281351949656, 37.902801075535535 ] ] ] ] } },
{ "type": "Feature", "properties": { "OBJECTID": 1632, "adm_nm": "경기도 포천시 선단동", "adm_cd": "3127052", "adm_cd2": "4165052000", "sgg": "41650", "sido": "41", "sidonm": "경기도", "sggnm": "포천시" }, "geometry": { "type": "MultiPolygon", "coordinates": [ [ [ [ 127.184239118317933, 37.870798750904811 ], [ 127.183293881169135, 37.869668554157066 ], [ 127.183002503880431, 37.869178811174336 ], [ 127.182943441587582, 37.86870447919177 ], [ 127.183057035634832, 37.867893469200666 ], [ 127.183146932944553, 37.867476856715648 ], [ 127.183150199572822, 37.867446806920078 ], [ 127.183177268680581, 37.867197533191721 ], [ 127.183148946643414, 37.866674698909172 ], [ 127.183097662264728, 37.866371496383842 ], [ 127.183044990945987, 37.866060403650231 ], [ 127.18301172354937, 37.865864279784454 ], [ 127.182906888389169, 37.865622897826221 ], [ 127.182759067657216, 37.865283342233646 ], [ 127.18045193439221, 37.863139918890816 ], [ 127.179971925244487, 37.862870405929002 ], [ 127.179538967590034, 37.862628198901781 ], [ 127.178934855149819, 37.862335881485564 ], [ 127.17857580680591, 37.862224491721328 ], [ 127.177494113380831, 37.862119010216055 ], [ 127.176663076177562, 37.86189140418756 ], [ 127.176260675682585, 37.861738022570556 ], [ 127.175847324562881, 37.86158046341609 ], [ 127.17505231031133, 37.861079172963684 ], [ 127.173679694209511, 37.859762847482379 ], [ 127.173493939149736, 37.859509966332908 ], [ 127.173253810831895, 37.859182576104935 ], [ 127.173143372696543, 37.858932156626359 ], [ 127.173137865067048, 37.858760919850774 ], [ 127.173133377918361, 37.858621177606757 ], [ 127.173140418408792, 37.858473607952426 ], [ 127.17315765194121, 37.858267733925906 ], [ 127.173205791175505, 37.858168254961889 ], [ 127.173281003925666, 37.858013204333311 ], [ 127.173372950551595, 37.857785879101229 ], [ 127.1735579741826, 37.857234340885633 ], [ 127.173587362806927, 37.856854746226105 ], [ 127.173600482716026, 37.856643002167623 ], [ 127.173603403263726, 37.856595267056647 ], [ 127.173597776280218, 37.856426653610981 ], [ 127.173591972482939, 37.856291441259515 ], [ 127.17353511005031, 37.855974699029012 ], [ 127.173380105607677, 37.855520235021892 ], [ 127.172582304641296, 37.854382370559144 ], [ 127.168701301876325, 37.849880744474284 ], [ 127.168164149829011, 37.849580673342665 ], [ 127.167834896785422, 37.849450451353214 ], [ 127.167535837825554, 37.849332167711943 ], [ 127.167250892196094, 37.849217509500747 ], [ 127.167174361025886, 37.849183358927732 ], [ 127.167137411407452, 37.849148527040967 ], [ 127.166907494347285, 37.848934941685258 ], [ 127.166842427362639, 37.848882978297205 ], [ 127.166689472183123, 37.84876082363369 ], [ 127.166604483107179, 37.84870312457317 ], [ 127.166539767470368, 37.848675203539372 ], [ 127.166496710712622, 37.84865662729802 ], [ 127.166415131165365, 37.848629356950028 ], [ 127.166089506667461, 37.848530416691062 ], [ 127.165319220437922, 37.84841781962303 ], [ 127.164317195141891, 37.84818288038899 ], [ 127.164234238163417, 37.848148844783012 ], [ 127.164186552302567, 37.848109564939293 ], [ 127.164159897835745, 37.848085806119506 ], [ 127.164134476002204, 37.848058429347731 ], [ 127.164105529404239, 37.848020041133069 ], [ 127.164052014548517, 37.847882655095439 ], [ 127.164012836447654, 37.847782055423728 ], [ 127.163987640431245, 37.847540884134325 ], [ 127.163987441264297, 37.8474946013202 ], [ 127.163987303817621, 37.847459765313346 ], [ 127.163987082513685, 37.847350479994539 ], [ 127.164003810445465, 37.847266029949324 ], [ 127.164076088517859, 37.847198412601337 ], [ 127.164259652176781, 37.846918015897316 ], [ 127.164527540520623, 37.846130746223523 ], [ 127.164617346293568, 37.845751325259634 ], [ 127.164586372254476, 37.845555932210821 ], [ 127.16457584572305, 37.845489786642801 ], [ 127.164334836810724, 37.845328923650378 ], [ 127.16415380176376, 37.845208091645041 ], [ 127.163226362160898, 37.844942981628506 ], [ 127.162654015980237, 37.844779062635588 ], [ 127.160234848922954, 37.844085985710599 ], [ 127.159144633183402, 37.843734704297255 ], [ 127.158340370341449, 37.843456347538798 ], [ 127.158139679399866, 37.843164813226849 ], [ 127.157979803030955, 37.842932541073324 ], [ 127.155836405956023, 37.839014610572065 ], [ 127.155554014484153, 37.838403932032236 ], [ 127.154958356836417, 37.839646338694038 ], [ 127.154693117537079, 37.839709779675715 ], [ 127.153703958572507, 37.839944595906289 ], [ 127.153361587213993, 37.840014151377595 ], [ 127.153211947464797, 37.840044544669581 ], [ 127.150664946667533, 37.840478625877097 ], [ 127.149513318843617, 37.840640854222279 ], [ 127.148319528223539, 37.840733058699286 ], [ 127.147848425145838, 37.840764324349408 ], [ 127.14744071749648, 37.840759724605917 ], [ 127.146406093526792, 37.840692404403747 ], [ 127.134691798817713, 37.839878142962561 ], [ 127.134365339587077, 37.839819671356672 ], [ 127.132848214979518, 37.839366549697147 ], [ 127.126890339409783, 37.835930732982121 ], [ 127.126734169018661, 37.835630552403899 ], [ 127.126618780808229, 37.835412745488917 ], [ 127.126556044098422, 37.835316782335951 ], [ 127.126459072798895, 37.835251129802856 ], [ 127.126240174841499, 37.835135518236591 ], [ 127.122159410790545, 37.833231998220832 ], [ 127.122067886842061, 37.833211425074587 ], [ 127.121689383375127, 37.833200070143491 ], [ 127.121136656828554, 37.833228712665488 ], [ 127.12105115472005, 37.833239523712628 ], [ 127.120980299018584, 37.833248489080127 ], [ 127.118412769855581, 37.83378887126603 ], [ 127.117695149892015, 37.833976945873658 ], [ 127.11672046352453, 37.837447201234909 ], [ 127.116147853720761, 37.843913547349658 ], [ 127.115239893370983, 37.847034339959109 ], [ 127.11505361070661, 37.847793299788229 ], [ 127.114917196215217, 37.848473255893559 ], [ 127.114928376573758, 37.848787709304005 ], [ 127.11488716619975, 37.850004079940582 ], [ 127.114846452759707, 37.850339754295476 ], [ 127.114777482073563, 37.850481675764165 ], [ 127.114741146124857, 37.850555256838589 ], [ 127.114701375329702, 37.850635775745779 ], [ 127.114506294652855, 37.850854831077683 ], [ 127.112553522167545, 37.852583439487745 ], [ 127.110361689259591, 37.855574180583325 ], [ 127.109145550419015, 37.858248987077594 ], [ 127.108866221405378, 37.85893549052529 ], [ 127.108861211761592, 37.859060642815045 ], [ 127.109185300669552, 37.859851488629083 ], [ 127.111252970731698, 37.862137512114124 ], [ 127.111893444913051, 37.863979415587693 ], [ 127.111931291463392, 37.86435020140793 ], [ 127.113676935245508, 37.865476941681962 ], [ 127.117549902289511, 37.86622865606342 ], [ 127.120352224583272, 37.866048451025847 ], [ 127.123162256467509, 37.867157071021055 ], [ 127.123559383209241, 37.869826128650558 ], [ 127.128560039663739, 37.873912605150004 ], [ 127.12872642914293, 37.873870227871585 ], [ 127.129058128286772, 37.873785739596478 ], [ 127.129534915763742, 37.873663296106372 ], [ 127.131695865261221, 37.873110154736722 ], [ 127.134777704281916, 37.873727009304616 ], [ 127.136743917345171, 37.875059136917329 ], [ 127.139837491281526, 37.876212734862662 ], [ 127.140109273009401, 37.876149911337144 ], [ 127.140267930604622, 37.87611209077771 ], [ 127.142086506215719, 37.875677120735425 ], [ 127.143868594630504, 37.875804354252324 ], [ 127.145679117734971, 37.875933593199896 ], [ 127.146963920413341, 37.876025909614178 ], [ 127.147615292345435, 37.8785095916001 ], [ 127.149455346867896, 37.884385612323179 ], [ 127.153114722190281, 37.889896654966662 ], [ 127.153401049991189, 37.890549801819255 ], [ 127.15553566565481, 37.89021246110017 ], [ 127.157138070589184, 37.890158554440553 ], [ 127.157734992028409, 37.89009857839266 ], [ 127.158184103649845, 37.890053444596042 ], [ 127.162103771914943, 37.888599012105161 ], [ 127.163148874199223, 37.888079251361994 ], [ 127.164505972501701, 37.886778489150117 ], [ 127.165674499689075, 37.885675464170447 ], [ 127.170886126450142, 37.882248294344329 ], [ 127.175440040956644, 37.879919798219653 ], [ 127.176426422203107, 37.879449328308411 ], [ 127.177141230686871, 37.879323980529804 ], [ 127.180209170952693, 37.878209102490658 ], [ 127.180757893715224, 37.877863589178553 ], [ 127.180860567978684, 37.877767418867812 ], [ 127.181471673914217, 37.877639069558164 ], [ 127.182639243672583, 37.877329019074715 ], [ 127.184430270266347, 37.876781768466905 ], [ 127.18417074254647, 37.875170004003934 ], [ 127.183795279595486, 37.87339455019449 ], [ 127.183596498795453, 37.871041575382272 ], [ 127.184239118317933, 37.870798750904811 ] ] ] ] } }
]
}
