{
"type": "FeatureCollection",
"name": "yangpyeonggun",
"crs": { "type": "name", "properties": { "name": "urn:ogc:def:crs:OGC:1.3:CRS84" } },
"features": [
{ "type": "Feature", "properties": { "OBJECTID": 1661, "adm_nm": "경기도 양평군 양평읍", "adm_cd": "3138011", "adm_cd2": "4183025000", "sgg": "41830", "sido": "41", "sidonm": "경기도", "sggnm": "양평군" }, "geometry": { "type": "MultiPolygon", "coordinates": [ [ [ [ 127.557478704546028, 37.462962726569423 ], [ 127.553998103830523, 37.462017948064947 ], [ 127.553184134559828, 37.461966235897137 ], [ 127.552959156725933, 37.461951942016725 ], [ 127.551536491959311, 37.461948064149915 ], [ 127.550321179424813, 37.462351952040535 ], [ 127.549919866479826, 37.46269406684852 ], [ 127.549525138692601, 37.463030570980017 ], [ 127.548703641259323, 37.463729475850876 ], [ 127.54655380947294, 37.46502831806896 ], [ 127.542780952956548, 37.467220077611714 ], [ 127.537159024424284, 37.469759339811723 ], [ 127.532758926198454, 37.471189310331283 ], [ 127.532297498503354, 37.471181554863122 ], [ 127.530670438965615, 37.469543746276237 ], [ 127.528475397685796, 37.467020176010138 ], [ 127.528279669957072, 37.46679516401877 ], [ 127.525985641084716, 37.465205891643592 ], [ 127.524351232941143, 37.464073891096021 ], [ 127.52117540015044, 37.462729204763122 ], [ 127.519855949568381, 37.462888309717783 ], [ 127.517930686641009, 37.462446936049439 ], [ 127.517376401817756, 37.462114538617193 ], [ 127.517119239120149, 37.461960315266545 ], [ 127.512792821593592, 37.459087737319081 ], [ 127.511988347565548, 37.458429197446925 ], [ 127.511413869214238, 37.457958908850102 ], [ 127.510778943001853, 37.456814648166294 ], [ 127.510181088548308, 37.455737136377302 ], [ 127.508582431698514, 37.454375062518352 ], [ 127.508537903572659, 37.454351404685283 ], [ 127.507224055826285, 37.453674398400004 ], [ 127.505457449850354, 37.452764042521189 ], [ 127.503447040573519, 37.451137201246432 ], [ 127.501165207021216, 37.449103461415568 ], [ 127.500630289701263, 37.447816748795177 ], [ 127.500831668335536, 37.447052832481795 ], [ 127.501013781658529, 37.446524309940081 ], [ 127.501069391636207, 37.446423634892078 ], [ 127.501559431425363, 37.445651187186634 ], [ 127.501778967119748, 37.445379890040016 ], [ 127.499730028816899, 37.446146619877574 ], [ 127.499316765143092, 37.446301307663973 ], [ 127.499154920951895, 37.446460178445733 ], [ 127.498441263005176, 37.447163234523828 ], [ 127.496222264382439, 37.452687491367691 ], [ 127.495775507368435, 37.455459200357211 ], [ 127.495850586581142, 37.457260786937738 ], [ 127.495888426773121, 37.458168957752711 ], [ 127.495880602620815, 37.459192015825366 ], [ 127.495861385249981, 37.461561498722965 ], [ 127.495365796925427, 37.464407563469152 ], [ 127.495141744806446, 37.466745767356059 ], [ 127.494836762530142, 37.469928443158523 ], [ 127.494840987242682, 37.470163367732702 ], [ 127.494845211982224, 37.470398283283672 ], [ 127.494846621278697, 37.470461379328739 ], [ 127.494910712770888, 37.473750259316468 ], [ 127.494821598686329, 37.474497266353737 ], [ 127.494189263298338, 37.479781519558962 ], [ 127.492881325848586, 37.482029206867182 ], [ 127.492053366576386, 37.483088294601821 ], [ 127.49023411818834, 37.485413690457889 ], [ 127.489614755173179, 37.485919530912724 ], [ 127.486320247556037, 37.488608374569615 ], [ 127.485793393880826, 37.489027045774833 ], [ 127.481646468356502, 37.492272081800699 ], [ 127.481058235313313, 37.492635856717413 ], [ 127.476913480512465, 37.495196189613274 ], [ 127.475219778784009, 37.496189603947876 ], [ 127.473228289667318, 37.497356439877422 ], [ 127.470514914741855, 37.498244766997978 ], [ 127.466730092472318, 37.499483141078919 ], [ 127.46568769322792, 37.499814095165284 ], [ 127.462167229955412, 37.500930714712752 ], [ 127.457953568861271, 37.502266692444231 ], [ 127.45627354828801, 37.50307499558842 ], [ 127.456048761529345, 37.503183175253341 ], [ 127.457079092445099, 37.505581151440659 ], [ 127.456944001406015, 37.509320610708897 ], [ 127.460370989378376, 37.510688536501704 ], [ 127.46477978967107, 37.512201972934179 ], [ 127.468613010697496, 37.511767910832091 ], [ 127.469980669378401, 37.511613015248308 ], [ 127.470412448417662, 37.511696969151608 ], [ 127.47181997424893, 37.511970634191194 ], [ 127.476148660365638, 37.514573151216894 ], [ 127.481354711979549, 37.516899607516969 ], [ 127.482220332197826, 37.517138602465295 ], [ 127.482179177462385, 37.517701948760738 ], [ 127.481973714860601, 37.519186914507223 ], [ 127.481954941823005, 37.519277399544293 ], [ 127.481926266681228, 37.519415628297047 ], [ 127.481921990677648, 37.519549705490093 ], [ 127.481974299117965, 37.519674777692686 ], [ 127.482076831599656, 37.519794223978856 ], [ 127.483812859730364, 37.521358340358795 ], [ 127.488016967909687, 37.52167206549052 ], [ 127.489696795354419, 37.521742079634826 ], [ 127.492287069429466, 37.520300095665327 ], [ 127.49458160043298, 37.518915503275387 ], [ 127.498031632271534, 37.520367933367652 ], [ 127.500639401064674, 37.52216166124331 ], [ 127.501457769384459, 37.522832042880594 ], [ 127.502306555995048, 37.523553151401472 ], [ 127.502127650672804, 37.52519247706595 ], [ 127.504878918404742, 37.527266331785093 ], [ 127.505870365131301, 37.528013615281168 ], [ 127.508503372980968, 37.529986311643 ], [ 127.509050898426665, 37.53012260196455 ], [ 127.511331568139553, 37.530688009823329 ], [ 127.512436498938925, 37.530683391827161 ], [ 127.513825824800492, 37.530827455265317 ], [ 127.51416552871018, 37.53089361102893 ], [ 127.51559505796169, 37.531172005824473 ], [ 127.516829559949215, 37.531642797925656 ], [ 127.5176590584135, 37.532097927602173 ], [ 127.517874508474975, 37.532216135822843 ], [ 127.519265326833704, 37.532511113087168 ], [ 127.520583732793199, 37.532571182738039 ], [ 127.521285686750375, 37.532603155794156 ], [ 127.524546176428331, 37.532968502984275 ], [ 127.524949545377098, 37.533013710975261 ], [ 127.527847890667644, 37.533529066445652 ], [ 127.527993976948679, 37.530737063953374 ], [ 127.52752449419603, 37.529394144857193 ], [ 127.527161145531451, 37.528119928103905 ], [ 127.526996123143178, 37.527527320169206 ], [ 127.52674231613797, 37.525917319041511 ], [ 127.527893885931192, 37.522192219801873 ], [ 127.528435463662177, 37.517886903291171 ], [ 127.529918999525776, 37.517647783541236 ], [ 127.531291895704882, 37.517426485465407 ], [ 127.532559096576165, 37.516956306960715 ], [ 127.533705233169968, 37.516155961725289 ], [ 127.535121463754948, 37.513904454784296 ], [ 127.535929005489706, 37.512215279934345 ], [ 127.535555728323629, 37.510983903156117 ], [ 127.536848630890077, 37.506979191778939 ], [ 127.544490433607692, 37.505009330161641 ], [ 127.545750387934774, 37.504731678904484 ], [ 127.546686959144765, 37.505247344399457 ], [ 127.548874993019481, 37.505454900199915 ], [ 127.550751959730562, 37.503669404245713 ], [ 127.555235412642944, 37.499221403443876 ], [ 127.555614066092602, 37.498757021932263 ], [ 127.555650020931338, 37.498622926694509 ], [ 127.555617352652192, 37.498551157229009 ], [ 127.555605409016181, 37.498524924064327 ], [ 127.555168591728844, 37.497787134760415 ], [ 127.55505045384335, 37.497700433306228 ], [ 127.55485030260364, 37.497639684138989 ], [ 127.554474358062279, 37.497549108469144 ], [ 127.554406886154823, 37.49753285186172 ], [ 127.554346778257298, 37.497515415544356 ], [ 127.55425354354702, 37.497448220931275 ], [ 127.5540730055463, 37.497317803795461 ], [ 127.553313780741675, 37.496564380681953 ], [ 127.552949287281635, 37.495904480660336 ], [ 127.552907088018955, 37.495806657959101 ], [ 127.552711277008484, 37.495352438368812 ], [ 127.553385130322013, 37.493495192700976 ], [ 127.553774557752263, 37.49270640504335 ], [ 127.55407559888171, 37.492096632076596 ], [ 127.554444701332457, 37.490203589923311 ], [ 127.553759580547393, 37.488169064902038 ], [ 127.553350462300358, 37.484515327151477 ], [ 127.553286957862156, 37.482694590272033 ], [ 127.553262029370188, 37.481438318031579 ], [ 127.553819160668766, 37.480554723484211 ], [ 127.554245344874261, 37.48027660119925 ], [ 127.554277033291299, 37.480255935368099 ], [ 127.55448124606184, 37.480164577710347 ], [ 127.554590108408632, 37.480164527463558 ], [ 127.554703232211665, 37.480190389519471 ], [ 127.555143818584583, 37.480431301076209 ], [ 127.55542799235343, 37.480426661259727 ], [ 127.558561089675607, 37.47962969125831 ], [ 127.558740604257366, 37.479582280241708 ], [ 127.559137083475193, 37.479457017424529 ], [ 127.559264237104131, 37.479402574983112 ], [ 127.559906625459504, 37.479124249679252 ], [ 127.5602285467549, 37.478596784703278 ], [ 127.560482409974441, 37.477830490634965 ], [ 127.560567636250966, 37.477457505157552 ], [ 127.560523852537898, 37.476627140432555 ], [ 127.560441576778672, 37.476281281755632 ], [ 127.559502482753317, 37.474913929001524 ], [ 127.558962651673852, 37.474286620450229 ], [ 127.558800776595476, 37.474096683201395 ], [ 127.55867470615398, 37.473948749844887 ], [ 127.558588453643168, 37.473796406939009 ], [ 127.558539506404998, 37.473709953706717 ], [ 127.558423211121323, 37.473231158129316 ], [ 127.557750961010214, 37.470416958083646 ], [ 127.557538770019605, 37.469295981212731 ], [ 127.557371102766311, 37.46725107635794 ], [ 127.557370375806386, 37.467217275277164 ], [ 127.557478704546028, 37.462962726569423 ] ] ] ] } },
{ "type": "Feature", "properties": { "OBJECTID": 1662, "adm_nm": "경기도 양평군 강상면", "adm_cd": "3138031", "adm_cd2": "4183031000", "sgg": "41830", "sido": "41", "sidonm": "경기도", "sggnm": "양평군" }, "geometry": { "type": "MultiPolygon", "coordinates": [ [ [ [ 127.456048761529345, 37.503183175253341 ], [ 127.45627354828801, 37.50307499558842 ], [ 127.457953568861271, 37.502266692444231 ], [ 127.462167229955412, 37.500930714712752 ], [ 127.46568769322792, 37.499814095165284 ], [ 127.466730092472318, 37.499483141078919 ], [ 127.470514914741855, 37.498244766997978 ], [ 127.473228289667318, 37.497356439877422 ], [ 127.475219778784009, 37.496189603947876 ], [ 127.476913480512465, 37.495196189613274 ], [ 127.481058235313313, 37.492635856717413 ], [ 127.481646468356502, 37.492272081800699 ], [ 127.485793393880826, 37.489027045774833 ], [ 127.486320247556037, 37.488608374569615 ], [ 127.489614755173179, 37.485919530912724 ], [ 127.49023411818834, 37.485413690457889 ], [ 127.492053366576386, 37.483088294601821 ], [ 127.492881325848586, 37.482029206867182 ], [ 127.494189263298338, 37.479781519558962 ], [ 127.494821598686329, 37.474497266353737 ], [ 127.494910712770888, 37.473750259316468 ], [ 127.494846621278697, 37.470461379328739 ], [ 127.494845211982224, 37.470398283283672 ], [ 127.494840987242682, 37.470163367732702 ], [ 127.494836762530142, 37.469928443158523 ], [ 127.495141744806446, 37.466745767356059 ], [ 127.495365796925427, 37.464407563469152 ], [ 127.495861385249981, 37.461561498722965 ], [ 127.495880602620815, 37.459192015825366 ], [ 127.495888426773121, 37.458168957752711 ], [ 127.495850586581142, 37.457260786937738 ], [ 127.495775507368435, 37.455459200357211 ], [ 127.496222264382439, 37.452687491367691 ], [ 127.498441263005176, 37.447163234523828 ], [ 127.499154920951895, 37.446460178445733 ], [ 127.499316765143092, 37.446301307663973 ], [ 127.499730028816899, 37.446146619877574 ], [ 127.501778967119748, 37.445379890040016 ], [ 127.508005655668427, 37.43981001447203 ], [ 127.505547486715457, 37.438122305398529 ], [ 127.503934500270205, 37.436922435528068 ], [ 127.498377958342886, 37.433255013844608 ], [ 127.498205955865217, 37.433176312143381 ], [ 127.498114455712368, 37.433134450776279 ], [ 127.497102809585058, 37.432885424937034 ], [ 127.496282608217228, 37.432770476428303 ], [ 127.494452878875251, 37.432739983252986 ], [ 127.494251994191629, 37.432758686240895 ], [ 127.493739348956396, 37.432806424165577 ], [ 127.491766871640721, 37.433170234169317 ], [ 127.491365585045941, 37.433302031906933 ], [ 127.491039164339, 37.433585941319627 ], [ 127.490689273580486, 37.433653539172134 ], [ 127.489748428864019, 37.433766111787811 ], [ 127.489192425946513, 37.433806624215606 ], [ 127.488536841217524, 37.433680369705229 ], [ 127.488355990663592, 37.433645423677177 ], [ 127.486454323229609, 37.432839615472282 ], [ 127.485225876007007, 37.432231014517541 ], [ 127.484741367064075, 37.43182761107186 ], [ 127.482426348557865, 37.428972230141518 ], [ 127.482327019960238, 37.428807390338527 ], [ 127.481725797222069, 37.427809293619951 ], [ 127.481601532429309, 37.427547874806081 ], [ 127.481690648868337, 37.427101706644557 ], [ 127.481581961314589, 37.4266971964555 ], [ 127.481440043485392, 37.426394085942704 ], [ 127.480929586197519, 37.425351786390763 ], [ 127.480840581072599, 37.425200746100664 ], [ 127.479908518815435, 37.423955607806889 ], [ 127.47964582640391, 37.423660361473047 ], [ 127.479237582117022, 37.42351494322034 ], [ 127.474308914434332, 37.422333169106274 ], [ 127.473065669409905, 37.422466972441335 ], [ 127.472297093550424, 37.422609888668717 ], [ 127.472870499433228, 37.422777425657749 ], [ 127.473003384037625, 37.42281628295526 ], [ 127.473044992227884, 37.422988640513502 ], [ 127.472580761686999, 37.423716315658041 ], [ 127.471707099075545, 37.424965726463391 ], [ 127.47093061680917, 37.425373411658008 ], [ 127.468160517148561, 37.426195205436841 ], [ 127.465201103993394, 37.426854630596054 ], [ 127.464473517628647, 37.426833006451119 ], [ 127.464180002684287, 37.426764259928376 ], [ 127.464092412238799, 37.426733054695966 ], [ 127.463714952684299, 37.42659841781029 ], [ 127.462889108854512, 37.426731114667533 ], [ 127.460108423252393, 37.427263148628633 ], [ 127.455479973385394, 37.428552719567172 ], [ 127.454314848351331, 37.42895338800637 ], [ 127.454267757672227, 37.428977346438188 ], [ 127.454162213370779, 37.42903107272415 ], [ 127.45108194001908, 37.430665342240694 ], [ 127.449900946815205, 37.431318841793676 ], [ 127.445615115319669, 37.433017169924746 ], [ 127.442596293736287, 37.434083873870094 ], [ 127.442222495989029, 37.434187350064107 ], [ 127.441701057722412, 37.434265964492901 ], [ 127.438759245079822, 37.43433320694092 ], [ 127.434224274550942, 37.435265948528695 ], [ 127.43311158337805, 37.436037127623457 ], [ 127.432886086590443, 37.436172206246781 ], [ 127.432693848239055, 37.436253220803827 ], [ 127.432637672465191, 37.436273397658901 ], [ 127.432440141112494, 37.436344340412568 ], [ 127.43204086428895, 37.436470006745608 ], [ 127.431618248131755, 37.436603013456661 ], [ 127.430686861469695, 37.436846969253793 ], [ 127.430465693676609, 37.436889654722265 ], [ 127.43006724018673, 37.436877025731647 ], [ 127.429738056292024, 37.436829508267714 ], [ 127.429556510775214, 37.436761166038366 ], [ 127.429198483111549, 37.436626376664186 ], [ 127.429001377910836, 37.436612737793816 ], [ 127.428887331734387, 37.436625486805859 ], [ 127.428620541749751, 37.436655323798142 ], [ 127.427605108412138, 37.436978183098105 ], [ 127.427484130869104, 37.437033210063213 ], [ 127.426454770687926, 37.437744661157545 ], [ 127.427681414551998, 37.438318918470699 ], [ 127.428038750047065, 37.438491520194113 ], [ 127.428316251786271, 37.438657321138564 ], [ 127.431088430911487, 37.440402005202742 ], [ 127.4312429201199, 37.440511215702728 ], [ 127.431303874182021, 37.440554418021961 ], [ 127.431377842266798, 37.440693993928882 ], [ 127.433845641756363, 37.445645077494035 ], [ 127.433893462725806, 37.44581260673236 ], [ 127.433916082726896, 37.445891940363865 ], [ 127.433916118159644, 37.446661416949958 ], [ 127.433902802806173, 37.447339693905697 ], [ 127.433911083362034, 37.447514060430123 ], [ 127.433918065485358, 37.447660817121402 ], [ 127.434762656137863, 37.449047149493659 ], [ 127.434866403926364, 37.449197060191871 ], [ 127.436823494514869, 37.45197663249467 ], [ 127.437441272187826, 37.452632686236718 ], [ 127.438333169362082, 37.453381313196381 ], [ 127.439679249233137, 37.454352093203951 ], [ 127.439812757241839, 37.454423144435836 ], [ 127.442255167787948, 37.455099266437735 ], [ 127.443950680960626, 37.455812192019863 ], [ 127.444596939914661, 37.456244004875508 ], [ 127.444810230744508, 37.456416492306104 ], [ 127.446011974276729, 37.457849103954572 ], [ 127.446403475709346, 37.458462459146105 ], [ 127.44650115721349, 37.458615520471774 ], [ 127.447543574113823, 37.465662439185664 ], [ 127.447557557605279, 37.465879901340969 ], [ 127.447591068132169, 37.466473694845838 ], [ 127.447574722721114, 37.466610020063627 ], [ 127.44598028956662, 37.469325927379572 ], [ 127.44578869463912, 37.469545431698485 ], [ 127.44526394331163, 37.469958693825873 ], [ 127.444743420453563, 37.470150515728655 ], [ 127.443015296746083, 37.47126461884752 ], [ 127.442922410527714, 37.471329553848086 ], [ 127.442823640243034, 37.471398605192974 ], [ 127.442684965265428, 37.471578812193549 ], [ 127.442616303830704, 37.471716237930352 ], [ 127.442600670945026, 37.471824394842116 ], [ 127.443679868496389, 37.47482084480643 ], [ 127.444483373016951, 37.476958716439832 ], [ 127.444426254276166, 37.477381502450562 ], [ 127.442990078916992, 37.480270422312543 ], [ 127.442900169227443, 37.480437132265195 ], [ 127.441612278684374, 37.481228581284959 ], [ 127.439314170075122, 37.482730001391296 ], [ 127.439230770377492, 37.482854351978105 ], [ 127.438802063655686, 37.484103653568361 ], [ 127.438782175490033, 37.484218567807702 ], [ 127.438676776261431, 37.486055083649262 ], [ 127.439865765049035, 37.48793388992631 ], [ 127.442011323026165, 37.489930366447467 ], [ 127.443510548467927, 37.492221694035884 ], [ 127.445276490558072, 37.497989887926749 ], [ 127.445636273590068, 37.499704859200435 ], [ 127.445845444599726, 37.502560339791344 ], [ 127.445870377661493, 37.502642456663189 ], [ 127.445891292580626, 37.50271133963313 ], [ 127.447404289036768, 37.504162122633538 ], [ 127.449613292798361, 37.506280141362815 ], [ 127.456048761529345, 37.503183175253341 ] ] ] ] } },
{ "type": "Feature", "properties": { "OBJECTID": 1663, "adm_nm": "경기도 양평군 강하면", "adm_cd": "3138032", "adm_cd2": "4183032000", "sgg": "41830", "sido": "41", "sidonm": "경기도", "sggnm": "양평군" }, "geometry": { "type": "MultiPolygon", "coordinates": [ [ [ [ 127.449613292798361, 37.506280141362815 ], [ 127.447404289036768, 37.504162122633538 ], [ 127.445891292580626, 37.50271133963313 ], [ 127.445870377661493, 37.502642456663189 ], [ 127.445845444599726, 37.502560339791344 ], [ 127.445636273590068, 37.499704859200435 ], [ 127.445276490558072, 37.497989887926749 ], [ 127.443510548467927, 37.492221694035884 ], [ 127.442011323026165, 37.489930366447467 ], [ 127.439865765049035, 37.48793388992631 ], [ 127.438676776261431, 37.486055083649262 ], [ 127.438782175490033, 37.484218567807702 ], [ 127.438802063655686, 37.484103653568361 ], [ 127.439230770377492, 37.482854351978105 ], [ 127.439314170075122, 37.482730001391296 ], [ 127.441612278684374, 37.481228581284959 ], [ 127.442900169227443, 37.480437132265195 ], [ 127.442990078916992, 37.480270422312543 ], [ 127.444426254276166, 37.477381502450562 ], [ 127.444483373016951, 37.476958716439832 ], [ 127.443679868496389, 37.47482084480643 ], [ 127.442600670945026, 37.471824394842116 ], [ 127.442616303830704, 37.471716237930352 ], [ 127.442684965265428, 37.471578812193549 ], [ 127.442823640243034, 37.471398605192974 ], [ 127.442922410527714, 37.471329553848086 ], [ 127.443015296746083, 37.47126461884752 ], [ 127.444743420453563, 37.470150515728655 ], [ 127.44526394331163, 37.469958693825873 ], [ 127.44578869463912, 37.469545431698485 ], [ 127.44598028956662, 37.469325927379572 ], [ 127.447574722721114, 37.466610020063627 ], [ 127.447591068132169, 37.466473694845838 ], [ 127.447557557605279, 37.465879901340969 ], [ 127.447543574113823, 37.465662439185664 ], [ 127.44650115721349, 37.458615520471774 ], [ 127.446403475709346, 37.458462459146105 ], [ 127.446011974276729, 37.457849103954572 ], [ 127.444810230744508, 37.456416492306104 ], [ 127.444596939914661, 37.456244004875508 ], [ 127.443950680960626, 37.455812192019863 ], [ 127.442255167787948, 37.455099266437735 ], [ 127.439812757241839, 37.454423144435836 ], [ 127.439679249233137, 37.454352093203951 ], [ 127.438333169362082, 37.453381313196381 ], [ 127.437441272187826, 37.452632686236718 ], [ 127.436823494514869, 37.45197663249467 ], [ 127.434866403926364, 37.449197060191871 ], [ 127.434762656137863, 37.449047149493659 ], [ 127.433918065485358, 37.447660817121402 ], [ 127.433911083362034, 37.447514060430123 ], [ 127.433902802806173, 37.447339693905697 ], [ 127.433916118159644, 37.446661416949958 ], [ 127.433916082726896, 37.445891940363865 ], [ 127.433893462725806, 37.44581260673236 ], [ 127.433845641756363, 37.445645077494035 ], [ 127.431377842266798, 37.440693993928882 ], [ 127.431303874182021, 37.440554418021961 ], [ 127.4312429201199, 37.440511215702728 ], [ 127.431088430911487, 37.440402005202742 ], [ 127.428316251786271, 37.438657321138564 ], [ 127.428038750047065, 37.438491520194113 ], [ 127.427681414551998, 37.438318918470699 ], [ 127.426454770687926, 37.437744661157545 ], [ 127.424262054057522, 37.438868869655103 ], [ 127.423238527516517, 37.439348191984635 ], [ 127.422866015160025, 37.439513577267547 ], [ 127.422659817176239, 37.43940978432051 ], [ 127.420241854617302, 37.437647114412151 ], [ 127.419566404768304, 37.437010059895506 ], [ 127.418082432062107, 37.435377576913609 ], [ 127.414623252502452, 37.432168427903498 ], [ 127.413040316056424, 37.431644502497463 ], [ 127.412424273127442, 37.431660948515152 ], [ 127.411696592469866, 37.431693082073927 ], [ 127.41081865432831, 37.431547075961234 ], [ 127.409868346092765, 37.431334603733085 ], [ 127.409771978771104, 37.431313050404285 ], [ 127.408556070371631, 37.430826499239359 ], [ 127.407375813287032, 37.4300853244644 ], [ 127.405573946607305, 37.428171809236225 ], [ 127.404295920646518, 37.426628342572329 ], [ 127.402586421867056, 37.424534713352983 ], [ 127.402189171419749, 37.423568694082455 ], [ 127.402187941189936, 37.423289365025461 ], [ 127.402187530309746, 37.423196874282475 ], [ 127.402185267641315, 37.422764210920896 ], [ 127.402016886635025, 37.4223958585007 ], [ 127.401920429762114, 37.422184856014198 ], [ 127.401582018631672, 37.42169445033965 ], [ 127.401132597477414, 37.421413615983319 ], [ 127.400703039361389, 37.42137034584465 ], [ 127.400630278550707, 37.421380384651762 ], [ 127.398849634395361, 37.422372684590172 ], [ 127.394881074177334, 37.426107662697923 ], [ 127.389290129507714, 37.428817982380856 ], [ 127.386175733181261, 37.432871220082156 ], [ 127.384484856781043, 37.434456002142142 ], [ 127.384082008767336, 37.435012207556234 ], [ 127.38402033684055, 37.435150733638281 ], [ 127.384013014501903, 37.435200410304049 ], [ 127.383996770386105, 37.435310704768881 ], [ 127.383988651698232, 37.435539420976355 ], [ 127.383989969018899, 37.435601391871856 ], [ 127.384033236344834, 37.436405912383705 ], [ 127.384352065721757, 37.437193801904669 ], [ 127.384385012525044, 37.437358335215094 ], [ 127.384365076189269, 37.43745859376665 ], [ 127.383866696444827, 37.439020865153857 ], [ 127.382608180503595, 37.442774976416345 ], [ 127.382570597261989, 37.442858316262615 ], [ 127.382448853270077, 37.442996781635799 ], [ 127.382307334084544, 37.443129593597597 ], [ 127.382265706646336, 37.44316020789892 ], [ 127.382157371052642, 37.443239862596961 ], [ 127.381878070604813, 37.443377043461602 ], [ 127.38144539917387, 37.44353998444916 ], [ 127.381301182660138, 37.443589415318961 ], [ 127.381164093932426, 37.443599418032136 ], [ 127.379744446292349, 37.44369938681551 ], [ 127.379418734441373, 37.443694548100964 ], [ 127.379285203203281, 37.443685398050079 ], [ 127.378849358754252, 37.443624109311649 ], [ 127.372588018127885, 37.444747623950249 ], [ 127.372550562143374, 37.444755470594018 ], [ 127.372500711647305, 37.444775697755929 ], [ 127.372465122447807, 37.444810659732084 ], [ 127.372450794180466, 37.444835359959882 ], [ 127.372411109452685, 37.444904046933821 ], [ 127.372384799695496, 37.445005423161071 ], [ 127.372348476401001, 37.445157631494773 ], [ 127.372338956537092, 37.445218692938205 ], [ 127.372296357310901, 37.445492069841244 ], [ 127.372264674068305, 37.445841318180953 ], [ 127.372275085171268, 37.445948367637136 ], [ 127.372397536774628, 37.446239193122679 ], [ 127.372439054690446, 37.446336388061042 ], [ 127.372461587278153, 37.44638911573233 ], [ 127.372643745056337, 37.447306460419142 ], [ 127.372639287215961, 37.449102443325451 ], [ 127.372276159922492, 37.451553787867475 ], [ 127.372144054865302, 37.451987701415739 ], [ 127.37069847419572, 37.453485464035261 ], [ 127.367734129396737, 37.456240438938224 ], [ 127.367710709072071, 37.456293931730023 ], [ 127.367703596222427, 37.456336117024904 ], [ 127.367700658074455, 37.456380114244858 ], [ 127.367709018492604, 37.456406380590849 ], [ 127.367720847595564, 37.456440510788617 ], [ 127.367742182958253, 37.45648269186853 ], [ 127.36798516634714, 37.456947170467778 ], [ 127.374487825996354, 37.458382931018662 ], [ 127.374593041433116, 37.458395355464717 ], [ 127.374670819720961, 37.458404532823202 ], [ 127.377990947772957, 37.458782067775914 ], [ 127.378569950079836, 37.458733081435334 ], [ 127.378766386347394, 37.458696117725125 ], [ 127.379004697718429, 37.458605097995921 ], [ 127.379741286329491, 37.458477404269196 ], [ 127.381087714218026, 37.458371728745114 ], [ 127.381284189094586, 37.458364039267437 ], [ 127.381514587269876, 37.458355256763753 ], [ 127.381723813976393, 37.45837076264101 ], [ 127.381838218261734, 37.458379241821881 ], [ 127.382097499458467, 37.458432456418876 ], [ 127.382387114080785, 37.458517248677225 ], [ 127.383255177711263, 37.458817815758202 ], [ 127.385087558552371, 37.459813374806515 ], [ 127.385214406414178, 37.459901377378543 ], [ 127.385305648431469, 37.459996114568035 ], [ 127.385325322885691, 37.460070496876774 ], [ 127.386167828675326, 37.463734262008956 ], [ 127.386982914972549, 37.467359684417325 ], [ 127.386716631046156, 37.468649516833338 ], [ 127.386527180748431, 37.469603661533341 ], [ 127.38653447715852, 37.469917963028834 ], [ 127.386655324485787, 37.470395864106969 ], [ 127.387551382734642, 37.472381682479309 ], [ 127.388029753708238, 37.472981854529763 ], [ 127.388153908543885, 37.473148725626572 ], [ 127.388356156793975, 37.473565800654349 ], [ 127.388686540737282, 37.474321009904799 ], [ 127.388715243230394, 37.474512578095158 ], [ 127.388809977928361, 37.475455725697699 ], [ 127.388813397057731, 37.475533472075497 ], [ 127.388811131899843, 37.47563487496604 ], [ 127.388706590342863, 37.476053912657292 ], [ 127.388626307156926, 37.476332134958049 ], [ 127.388498615498918, 37.47663848026896 ], [ 127.388331339508696, 37.476943661309306 ], [ 127.385567857034317, 37.481776863887795 ], [ 127.385363999047243, 37.481950179800542 ], [ 127.383442494037908, 37.484763878316905 ], [ 127.38084145799624, 37.488852440629195 ], [ 127.380694918511665, 37.489183662600745 ], [ 127.380593834080784, 37.489412165380685 ], [ 127.380544501564927, 37.489640350841867 ], [ 127.380479875277175, 37.489939350276551 ], [ 127.380462845856471, 37.490013420964935 ], [ 127.380463633762176, 37.490157861425267 ], [ 127.380463901216956, 37.490202984161009 ], [ 127.380880172325789, 37.492075968583407 ], [ 127.382496271718438, 37.498940396013353 ], [ 127.383279897026426, 37.501551754559884 ], [ 127.383359429802624, 37.50178618825754 ], [ 127.3835896785573, 37.502418498190046 ], [ 127.389268961419461, 37.501159792519687 ], [ 127.391431199327656, 37.500640142892117 ], [ 127.392122403845519, 37.500474014364215 ], [ 127.393687585738618, 37.500101104931794 ], [ 127.39461929272791, 37.499879112982683 ], [ 127.40070837289997, 37.499645525751227 ], [ 127.402025932552476, 37.499595383142285 ], [ 127.402765391692483, 37.499567240512548 ], [ 127.404517783998571, 37.499637993987548 ], [ 127.408034355412255, 37.49977990084227 ], [ 127.41422886080818, 37.501910658520288 ], [ 127.414766506002508, 37.502325676065375 ], [ 127.415567969656607, 37.502946039904558 ], [ 127.416380863896052, 37.503575221697595 ], [ 127.418128415830083, 37.504653577934405 ], [ 127.420301555919409, 37.505216164241041 ], [ 127.420786669855929, 37.505341618121761 ], [ 127.422398377822958, 37.505758379693944 ], [ 127.425282211348076, 37.506249473170477 ], [ 127.426768426566383, 37.506502528442461 ], [ 127.430248542180536, 37.507138985024085 ], [ 127.432688638649282, 37.507494186587003 ], [ 127.436642612481137, 37.508067613801984 ], [ 127.437887208747739, 37.508093062347037 ], [ 127.440388572405155, 37.507952386110752 ], [ 127.442220833437375, 37.50770967552446 ], [ 127.443142560825621, 37.507587564129061 ], [ 127.44509959131048, 37.507300413514514 ], [ 127.445332051774145, 37.50726628746574 ], [ 127.447952482397767, 37.50688108278473 ], [ 127.449613292798361, 37.506280141362815 ] ] ] ] } },
{ "type": "Feature", "properties": { "OBJECTID": 1664, "adm_nm": "경기도 양평군 양서면", "adm_cd": "3138033", "adm_cd2": "4183033000", "sgg": "41830", "sido": "41", "sidonm": "경기도", "sggnm": "양평군" }, "geometry": { "type": "MultiPolygon", "coordinates": [ [ [ [ 127.43526220001921, 37.557147097814294 ], [ 127.43518066294854, 37.555397826536954 ], [ 127.435118485517009, 37.554063268552866 ], [ 127.436852256880869, 37.55382648429724 ], [ 127.4372065745724, 37.553709397530589 ], [ 127.439367744704057, 37.552995173026225 ], [ 127.443324435406339, 37.549482966213304 ], [ 127.443685974059576, 37.547642113169935 ], [ 127.443864306044318, 37.54287513231165 ], [ 127.44369542431113, 37.541654835682301 ], [ 127.443691294409803, 37.541626831156115 ], [ 127.440540170626306, 37.540602077694722 ], [ 127.439424657231115, 37.540335005529187 ], [ 127.437974657912847, 37.539987832990548 ], [ 127.435231492800341, 37.537072712076288 ], [ 127.433230763368329, 37.53399006963285 ], [ 127.432276681326215, 37.526706522484027 ], [ 127.432433631361647, 37.52522725111529 ], [ 127.432878628729469, 37.523615142614659 ], [ 127.433166588206191, 37.523383660150785 ], [ 127.433536777148362, 37.523086063234508 ], [ 127.433699168117514, 37.522691758612496 ], [ 127.432086109347125, 37.520322672486706 ], [ 127.42976451212823, 37.516562484004467 ], [ 127.429886540969804, 37.516396083591793 ], [ 127.430761563415871, 37.515203121611449 ], [ 127.430788571564122, 37.515058919170464 ], [ 127.430888745322321, 37.514524036177491 ], [ 127.428467564846898, 37.512697088415464 ], [ 127.427877747721325, 37.512698983162807 ], [ 127.42675477115543, 37.511172732468488 ], [ 127.426437198768511, 37.509052074116966 ], [ 127.42654906678176, 37.508187959883934 ], [ 127.426768426566383, 37.506502528442461 ], [ 127.425282211348076, 37.506249473170477 ], [ 127.422398377822958, 37.505758379693944 ], [ 127.420786669855929, 37.505341618121761 ], [ 127.420301555919409, 37.505216164241041 ], [ 127.418128415830083, 37.504653577934405 ], [ 127.416380863896052, 37.503575221697595 ], [ 127.415567969656607, 37.502946039904558 ], [ 127.414766506002508, 37.502325676065375 ], [ 127.41422886080818, 37.501910658520288 ], [ 127.408034355412255, 37.49977990084227 ], [ 127.404517783998571, 37.499637993987548 ], [ 127.402765391692483, 37.499567240512548 ], [ 127.402025932552476, 37.499595383142285 ], [ 127.40070837289997, 37.499645525751227 ], [ 127.39461929272791, 37.499879112982683 ], [ 127.393687585738618, 37.500101104931794 ], [ 127.392122403845519, 37.500474014364215 ], [ 127.391431199327656, 37.500640142892117 ], [ 127.389268961419461, 37.501159792519687 ], [ 127.3835896785573, 37.502418498190046 ], [ 127.383602235203497, 37.502528927874692 ], [ 127.383561663689022, 37.502623639463167 ], [ 127.383462512333352, 37.502716039845893 ], [ 127.383364912993343, 37.502806990477318 ], [ 127.380727157347451, 37.50428146053919 ], [ 127.380664754014546, 37.50438114262068 ], [ 127.380128791707676, 37.505237437933957 ], [ 127.37961725291315, 37.506102850350025 ], [ 127.378956678836076, 37.507220372831988 ], [ 127.377099478360762, 37.510363091542487 ], [ 127.376254372699805, 37.511793305524442 ], [ 127.375678279829302, 37.512768247105143 ], [ 127.375238704286247, 37.513567131338753 ], [ 127.374185035315989, 37.515482024886929 ], [ 127.374137510373956, 37.515568730513564 ], [ 127.372573922168769, 37.518410855842077 ], [ 127.371556772683988, 37.520120090655354 ], [ 127.371092307834672, 37.520811380706554 ], [ 127.370136647767382, 37.522231341243206 ], [ 127.368351486959796, 37.524883642976029 ], [ 127.368298293212717, 37.524962452866546 ], [ 127.367639084957133, 37.525930373781534 ], [ 127.366362931749933, 37.527804075950854 ], [ 127.365924047888598, 37.528377069924275 ], [ 127.365492369723626, 37.52887908818645 ], [ 127.36418978842606, 37.529971408675962 ], [ 127.363931575355281, 37.530129435591185 ], [ 127.362779580359444, 37.530834175092664 ], [ 127.361456807201137, 37.531580760547129 ], [ 127.361411417614534, 37.531603403564858 ], [ 127.35996352381288, 37.532324884617353 ], [ 127.358649427572232, 37.532942995738864 ], [ 127.357568824541872, 37.533393423430482 ], [ 127.357056502933361, 37.533606958744791 ], [ 127.355547261846866, 37.534148192161844 ], [ 127.353813832307068, 37.534648567691583 ], [ 127.352331693344354, 37.535055716048518 ], [ 127.350649454895418, 37.535400624338841 ], [ 127.349055900871605, 37.535613798060659 ], [ 127.348130374371749, 37.53571739459764 ], [ 127.347866450036051, 37.535746349105651 ], [ 127.347727092546393, 37.535740535994442 ], [ 127.34454554577232, 37.535513304081483 ], [ 127.331331202939651, 37.534681863474738 ], [ 127.329334445162189, 37.534583053930142 ], [ 127.327626467715774, 37.534390160912402 ], [ 127.327164682638184, 37.534324137354687 ], [ 127.326540984765685, 37.53422894962975 ], [ 127.325964617540933, 37.534140976158653 ], [ 127.324821691977021, 37.533852491470213 ], [ 127.324262884836159, 37.53371143659821 ], [ 127.323751190914408, 37.533511248049926 ], [ 127.323279114357106, 37.533311116571234 ], [ 127.322868629277181, 37.533089668286166 ], [ 127.321031326638888, 37.531980478170468 ], [ 127.319777710334421, 37.531143686416257 ], [ 127.319471377909323, 37.530906687961306 ], [ 127.31849904188779, 37.530152484718379 ], [ 127.317451521261432, 37.529285446519999 ], [ 127.317358996365783, 37.529208848224435 ], [ 127.317279800522172, 37.529125369658473 ], [ 127.316331652732458, 37.528125578420841 ], [ 127.316177000600604, 37.527943875777474 ], [ 127.316057987589588, 37.527804042586069 ], [ 127.315097530852412, 37.526604858974679 ], [ 127.31262734336218, 37.523269308001595 ], [ 127.312047266567475, 37.5224942155767 ], [ 127.311161784010679, 37.521311018339993 ], [ 127.307103341118747, 37.516375185227098 ], [ 127.306740739002038, 37.517379488475846 ], [ 127.305987045757831, 37.519467232581846 ], [ 127.305783674913741, 37.520184680175092 ], [ 127.30561801276076, 37.520769094260075 ], [ 127.304770294704454, 37.524987196030537 ], [ 127.304770768341939, 37.525170245301204 ], [ 127.30477135947757, 37.525395063848926 ], [ 127.304852144635902, 37.525880805807894 ], [ 127.304928414529996, 37.526188593468959 ], [ 127.304972541736618, 37.526366613091625 ], [ 127.305410890656262, 37.527803880506106 ], [ 127.307026791209353, 37.534003386079796 ], [ 127.307279278406654, 37.53540090644136 ], [ 127.307898573322802, 37.538040646089726 ], [ 127.308343212079265, 37.539295466006664 ], [ 127.308892374568444, 37.540600992409296 ], [ 127.30946191432011, 37.541630913294227 ], [ 127.309551539448236, 37.541792978003834 ], [ 127.310242482509295, 37.543018811727094 ], [ 127.311689522344594, 37.545468316881141 ], [ 127.312491134550541, 37.54659967057809 ], [ 127.312855758200385, 37.547070082013953 ], [ 127.313009404871266, 37.547267993280187 ], [ 127.313395285612032, 37.547764981661196 ], [ 127.313785379532305, 37.548249626783964 ], [ 127.314264299690748, 37.548844601351107 ], [ 127.315105370351404, 37.549788967049146 ], [ 127.315283896387982, 37.549988671880115 ], [ 127.316237943948423, 37.551039115565132 ], [ 127.317102615233068, 37.55219081569394 ], [ 127.319348399208067, 37.55545042617387 ], [ 127.321329168449736, 37.558352429055894 ], [ 127.324128385398936, 37.562660608248926 ], [ 127.32726269560213, 37.567591126163535 ], [ 127.330205396911836, 37.572268938505339 ], [ 127.333949308477528, 37.577742546496644 ], [ 127.334565422218404, 37.578715701803922 ], [ 127.33559346400267, 37.580359224837153 ], [ 127.335825736776812, 37.580741899507927 ], [ 127.339921685804725, 37.579691220740735 ], [ 127.342080065955088, 37.57982186774602 ], [ 127.345633982584886, 37.579906563754236 ], [ 127.350687940733224, 37.579590830579811 ], [ 127.354162001174203, 37.578885357554078 ], [ 127.356234701237284, 37.576226652128859 ], [ 127.357925568398002, 37.573699615712442 ], [ 127.360352642560926, 37.57098007736812 ], [ 127.361381752185565, 37.570589200718523 ], [ 127.362840745500165, 37.570038824728748 ], [ 127.367410180710593, 37.569141563020544 ], [ 127.369438453164832, 37.570024898461725 ], [ 127.371523041787412, 37.571522308483303 ], [ 127.371833361879382, 37.571746659580562 ], [ 127.372543801375045, 37.572260272732805 ], [ 127.37402356479582, 37.57237903722843 ], [ 127.375286354285166, 37.571881252631016 ], [ 127.375966023522707, 37.571332142029085 ], [ 127.377147116206487, 37.571004382364414 ], [ 127.378777701870391, 37.570622987435172 ], [ 127.384382685179474, 37.570478763864692 ], [ 127.385096687238359, 37.570476089888501 ], [ 127.386054419956423, 37.57047250236846 ], [ 127.390276330579482, 37.570378479379066 ], [ 127.39359917602718, 37.569934223246577 ], [ 127.396324263912916, 37.569256124322543 ], [ 127.398101260893412, 37.56864285671368 ], [ 127.398312040652769, 37.568569740200275 ], [ 127.403069487721353, 37.566215271961013 ], [ 127.403687876402842, 37.564692485859879 ], [ 127.403912121890272, 37.562548683723094 ], [ 127.403728891176257, 37.559763224197575 ], [ 127.403410703034012, 37.553579639897208 ], [ 127.404671329171748, 37.553277332143395 ], [ 127.405822159252537, 37.553001349407012 ], [ 127.406805073985964, 37.552951427896389 ], [ 127.407906897112213, 37.552947316910313 ], [ 127.408801909677493, 37.552943973501229 ], [ 127.410415163414868, 37.553578412675968 ], [ 127.41086853893124, 37.554612144836895 ], [ 127.411048869639274, 37.555023318104134 ], [ 127.414042270487343, 37.557312730716404 ], [ 127.416134317417317, 37.558324882416983 ], [ 127.420388630997309, 37.559692257437575 ], [ 127.423758240551678, 37.559893904934029 ], [ 127.42997684499521, 37.557998147726295 ], [ 127.432250654290527, 37.557039528391996 ], [ 127.433441210504739, 37.556679662408378 ], [ 127.43526220001921, 37.557147097814294 ] ] ] ] } },
{ "type": "Feature", "properties": { "OBJECTID": 1665, "adm_nm": "경기도 양평군 옥천면", "adm_cd": "3138034", "adm_cd2": "4183034000", "sgg": "41830", "sido": "41", "sidonm": "경기도", "sggnm": "양평군" }, "geometry": { "type": "MultiPolygon", "coordinates": [ [ [ [ 127.470907259855039, 37.594947219567189 ], [ 127.47104150443387, 37.593840842758304 ], [ 127.469885411855913, 37.591931908144907 ], [ 127.469406514539202, 37.591055273630062 ], [ 127.470773739083185, 37.585357639571392 ], [ 127.471172601447662, 37.582499598836982 ], [ 127.471589820714968, 37.57989365960433 ], [ 127.474729312544866, 37.577246644222576 ], [ 127.478395245365675, 37.576855282699121 ], [ 127.481741379500988, 37.575712253526532 ], [ 127.484144489399839, 37.575263049888235 ], [ 127.486708853954141, 37.575283646948101 ], [ 127.4901169775612, 37.574975267319488 ], [ 127.491095301391411, 37.573778796023561 ], [ 127.496566599388927, 37.57200003148106 ], [ 127.497354350868079, 37.571840061132214 ], [ 127.498340282477358, 37.571835572331892 ], [ 127.499132980489932, 37.572365127253313 ], [ 127.504357222339635, 37.574915885818903 ], [ 127.504747549319546, 37.575010846564325 ], [ 127.505621377534553, 37.575223419847518 ], [ 127.506356093496024, 37.575409287074237 ], [ 127.50657198461046, 37.575464014549716 ], [ 127.506964819367468, 37.575563609794067 ], [ 127.508242425131286, 37.575940924875077 ], [ 127.510027627670013, 37.576468124479156 ], [ 127.512957555938186, 37.578118445288361 ], [ 127.51463161398209, 37.579613173304111 ], [ 127.517610506107943, 37.582723763611327 ], [ 127.52011647032046, 37.585660649766147 ], [ 127.521778842439133, 37.586406224770407 ], [ 127.524107942261622, 37.586646884098023 ], [ 127.531324925815554, 37.586238453768225 ], [ 127.536057103704877, 37.585840507577764 ], [ 127.536744331047856, 37.585551862529336 ], [ 127.537772462723282, 37.584696847487891 ], [ 127.537881449344795, 37.584606203985032 ], [ 127.544466034945543, 37.585067604086923 ], [ 127.547095976117845, 37.585422546630255 ], [ 127.550951613966433, 37.586145985031415 ], [ 127.551425012842969, 37.586123714608611 ], [ 127.552450197865937, 37.586075473767544 ], [ 127.554685117976149, 37.584214291173346 ], [ 127.558602262308355, 37.583816942548211 ], [ 127.560246789568154, 37.583075877874755 ], [ 127.561776735063589, 37.582485827913288 ], [ 127.564462239189453, 37.579840044329039 ], [ 127.564881013531448, 37.578705234160687 ], [ 127.56508353955401, 37.577176200844136 ], [ 127.564737256036338, 37.57610611355355 ], [ 127.564027444156011, 37.573910387853452 ], [ 127.564000699946746, 37.573860221206296 ], [ 127.563124347404653, 37.572216430704422 ], [ 127.561586927407035, 37.571161539967079 ], [ 127.561157044492418, 37.570866559546936 ], [ 127.559467828940882, 37.569104893302679 ], [ 127.558968281984306, 37.568583849132565 ], [ 127.558808307174942, 37.567831365078199 ], [ 127.558669907257539, 37.56718014908563 ], [ 127.556909855526911, 37.566337115749839 ], [ 127.554605668296901, 37.565375465106101 ], [ 127.551278557295944, 37.564185471723185 ], [ 127.551210462906482, 37.564157135581894 ], [ 127.550789313970739, 37.563981733206042 ], [ 127.546362456969902, 37.561366239183705 ], [ 127.545561769665213, 37.560848270466501 ], [ 127.543052838827464, 37.559185080859471 ], [ 127.542079930435122, 37.558127463091857 ], [ 127.541719426091746, 37.557573256003309 ], [ 127.541743131249433, 37.55693779034074 ], [ 127.541653067543251, 37.556482370490734 ], [ 127.54156935875001, 37.556202118217939 ], [ 127.541368813943379, 37.555620929883226 ], [ 127.540644939488487, 37.554427891200547 ], [ 127.54022297077907, 37.554051696071681 ], [ 127.538975649356857, 37.552979520396732 ], [ 127.536076440677363, 37.55109772889913 ], [ 127.535425334371368, 37.550808364513472 ], [ 127.535176937988595, 37.550642381431359 ], [ 127.535049501353967, 37.550557222885715 ], [ 127.534077469384243, 37.54938799413371 ], [ 127.533915781400111, 37.548583577656643 ], [ 127.533798758203261, 37.547957166534744 ], [ 127.533656364533257, 37.547578636291007 ], [ 127.533315746754127, 37.546911726926048 ], [ 127.53210881226957, 37.545558895242102 ], [ 127.531628193260303, 37.545046376619894 ], [ 127.530693217115882, 37.544219625721695 ], [ 127.529555177594204, 37.543300528898271 ], [ 127.527941155974659, 37.540841335167549 ], [ 127.527880889199977, 37.540474045039176 ], [ 127.527999259213274, 37.539174931137687 ], [ 127.528162082751308, 37.538857793734465 ], [ 127.528184692546319, 37.537520889999797 ], [ 127.528110007450067, 37.534562189891382 ], [ 127.527847890667644, 37.533529066445652 ], [ 127.524949545377098, 37.533013710975261 ], [ 127.524546176428331, 37.532968502984275 ], [ 127.521285686750375, 37.532603155794156 ], [ 127.520583732793199, 37.532571182738039 ], [ 127.519265326833704, 37.532511113087168 ], [ 127.517874508474975, 37.532216135822843 ], [ 127.5176590584135, 37.532097927602173 ], [ 127.516829559949215, 37.531642797925656 ], [ 127.51559505796169, 37.531172005824473 ], [ 127.51416552871018, 37.53089361102893 ], [ 127.513825824800492, 37.530827455265317 ], [ 127.512436498938925, 37.530683391827161 ], [ 127.511331568139553, 37.530688009823329 ], [ 127.509050898426665, 37.53012260196455 ], [ 127.508503372980968, 37.529986311643 ], [ 127.505870365131301, 37.528013615281168 ], [ 127.504878918404742, 37.527266331785093 ], [ 127.502127650672804, 37.52519247706595 ], [ 127.502306555995048, 37.523553151401472 ], [ 127.501457769384459, 37.522832042880594 ], [ 127.500639401064674, 37.52216166124331 ], [ 127.498031632271534, 37.520367933367652 ], [ 127.49458160043298, 37.518915503275387 ], [ 127.492287069429466, 37.520300095665327 ], [ 127.489696795354419, 37.521742079634826 ], [ 127.488016967909687, 37.52167206549052 ], [ 127.483812859730364, 37.521358340358795 ], [ 127.482076831599656, 37.519794223978856 ], [ 127.481974299117965, 37.519674777692686 ], [ 127.481921990677648, 37.519549705490093 ], [ 127.481926266681228, 37.519415628297047 ], [ 127.481954941823005, 37.519277399544293 ], [ 127.481973714860601, 37.519186914507223 ], [ 127.482179177462385, 37.517701948760738 ], [ 127.482220332197826, 37.517138602465295 ], [ 127.481354711979549, 37.516899607516969 ], [ 127.476148660365638, 37.514573151216894 ], [ 127.47181997424893, 37.511970634191194 ], [ 127.470412448417662, 37.511696969151608 ], [ 127.469980669378401, 37.511613015248308 ], [ 127.468613010697496, 37.511767910832091 ], [ 127.46477978967107, 37.512201972934179 ], [ 127.460370989378376, 37.510688536501704 ], [ 127.456944001406015, 37.509320610708897 ], [ 127.457079092445099, 37.505581151440659 ], [ 127.456048761529345, 37.503183175253341 ], [ 127.449613292798361, 37.506280141362815 ], [ 127.447952482397767, 37.50688108278473 ], [ 127.445332051774145, 37.50726628746574 ], [ 127.44509959131048, 37.507300413514514 ], [ 127.443142560825621, 37.507587564129061 ], [ 127.442220833437375, 37.50770967552446 ], [ 127.440388572405155, 37.507952386110752 ], [ 127.437887208747739, 37.508093062347037 ], [ 127.436642612481137, 37.508067613801984 ], [ 127.432688638649282, 37.507494186587003 ], [ 127.430248542180536, 37.507138985024085 ], [ 127.426768426566383, 37.506502528442461 ], [ 127.42654906678176, 37.508187959883934 ], [ 127.426437198768511, 37.509052074116966 ], [ 127.42675477115543, 37.511172732468488 ], [ 127.427877747721325, 37.512698983162807 ], [ 127.428467564846898, 37.512697088415464 ], [ 127.430888745322321, 37.514524036177491 ], [ 127.430788571564122, 37.515058919170464 ], [ 127.430761563415871, 37.515203121611449 ], [ 127.429886540969804, 37.516396083591793 ], [ 127.42976451212823, 37.516562484004467 ], [ 127.432086109347125, 37.520322672486706 ], [ 127.433699168117514, 37.522691758612496 ], [ 127.433536777148362, 37.523086063234508 ], [ 127.433166588206191, 37.523383660150785 ], [ 127.432878628729469, 37.523615142614659 ], [ 127.432433631361647, 37.52522725111529 ], [ 127.432276681326215, 37.526706522484027 ], [ 127.433230763368329, 37.53399006963285 ], [ 127.435231492800341, 37.537072712076288 ], [ 127.437974657912847, 37.539987832990548 ], [ 127.439424657231115, 37.540335005529187 ], [ 127.440540170626306, 37.540602077694722 ], [ 127.443691294409803, 37.541626831156115 ], [ 127.44369542431113, 37.541654835682301 ], [ 127.443864306044318, 37.54287513231165 ], [ 127.443685974059576, 37.547642113169935 ], [ 127.443324435406339, 37.549482966213304 ], [ 127.439367744704057, 37.552995173026225 ], [ 127.4372065745724, 37.553709397530589 ], [ 127.436852256880869, 37.55382648429724 ], [ 127.435118485517009, 37.554063268552866 ], [ 127.43518066294854, 37.555397826536954 ], [ 127.43526220001921, 37.557147097814294 ], [ 127.436674545078745, 37.558558536289269 ], [ 127.43694074672149, 37.5588245612146 ], [ 127.438123027159165, 37.560770991995909 ], [ 127.438893315900486, 37.561773729386935 ], [ 127.439775118993495, 37.56292158290919 ], [ 127.441160050230309, 37.563606906852264 ], [ 127.442106762948526, 37.564075359316845 ], [ 127.445138755185681, 37.567643925446845 ], [ 127.444789401132439, 37.569201981935677 ], [ 127.44440279596968, 37.569560026397276 ], [ 127.443247519321119, 37.570630098129094 ], [ 127.442789264036435, 37.573880191917475 ], [ 127.442933122412654, 37.57438306452508 ], [ 127.443105352533323, 37.574948398275787 ], [ 127.443165701774845, 37.574959746562747 ], [ 127.443643079236438, 37.575046640715811 ], [ 127.444109066571073, 37.575131454428821 ], [ 127.444557603642394, 37.575414466080325 ], [ 127.446719648895325, 37.576892660710719 ], [ 127.45028399362829, 37.584584880883817 ], [ 127.449729271310105, 37.586481192844623 ], [ 127.449495103154476, 37.587281643325973 ], [ 127.448774068281921, 37.587803518061122 ], [ 127.447980738819282, 37.588377495271757 ], [ 127.44692403826933, 37.591155458485972 ], [ 127.450593890767408, 37.591783793648275 ], [ 127.451317730672443, 37.591907714911997 ], [ 127.455322507283825, 37.593362729511199 ], [ 127.455845597431008, 37.595944173480923 ], [ 127.455436917758831, 37.597440207097449 ], [ 127.455426609800668, 37.597537741174683 ], [ 127.455324393208159, 37.598507196309541 ], [ 127.455394302037348, 37.599890148208772 ], [ 127.455398557518819, 37.599972875840102 ], [ 127.456970808290123, 37.599758838757658 ], [ 127.458945399455061, 37.599474084153975 ], [ 127.463869045304605, 37.597495325614432 ], [ 127.468269788555972, 37.59558180391565 ], [ 127.470907259855039, 37.594947219567189 ] ] ] ] } },
{ "type": "Feature", "properties": { "OBJECTID": 1666, "adm_nm": "경기도 양평군 서종면", "adm_cd": "3138035", "adm_cd2": "4183035000", "sgg": "41830", "sido": "41", "sidonm": "경기도", "sggnm": "양평군" }, "geometry": { "type": "MultiPolygon", "coordinates": [ [ [ [ 127.470907259855039, 37.594947219567189 ], [ 127.468269788555972, 37.59558180391565 ], [ 127.463869045304605, 37.597495325614432 ], [ 127.458945399455061, 37.599474084153975 ], [ 127.456970808290123, 37.599758838757658 ], [ 127.455398557518819, 37.599972875840102 ], [ 127.455394302037348, 37.599890148208772 ], [ 127.455324393208159, 37.598507196309541 ], [ 127.455426609800668, 37.597537741174683 ], [ 127.455436917758831, 37.597440207097449 ], [ 127.455845597431008, 37.595944173480923 ], [ 127.455322507283825, 37.593362729511199 ], [ 127.451317730672443, 37.591907714911997 ], [ 127.450593890767408, 37.591783793648275 ], [ 127.44692403826933, 37.591155458485972 ], [ 127.447980738819282, 37.588377495271757 ], [ 127.448774068281921, 37.587803518061122 ], [ 127.449495103154476, 37.587281643325973 ], [ 127.449729271310105, 37.586481192844623 ], [ 127.45028399362829, 37.584584880883817 ], [ 127.446719648895325, 37.576892660710719 ], [ 127.444557603642394, 37.575414466080325 ], [ 127.444109066571073, 37.575131454428821 ], [ 127.443643079236438, 37.575046640715811 ], [ 127.443165701774845, 37.574959746562747 ], [ 127.443105352533323, 37.574948398275787 ], [ 127.442933122412654, 37.57438306452508 ], [ 127.442789264036435, 37.573880191917475 ], [ 127.443247519321119, 37.570630098129094 ], [ 127.44440279596968, 37.569560026397276 ], [ 127.444789401132439, 37.569201981935677 ], [ 127.445138755185681, 37.567643925446845 ], [ 127.442106762948526, 37.564075359316845 ], [ 127.441160050230309, 37.563606906852264 ], [ 127.439775118993495, 37.56292158290919 ], [ 127.438893315900486, 37.561773729386935 ], [ 127.438123027159165, 37.560770991995909 ], [ 127.43694074672149, 37.5588245612146 ], [ 127.436674545078745, 37.558558536289269 ], [ 127.43526220001921, 37.557147097814294 ], [ 127.433441210504739, 37.556679662408378 ], [ 127.432250654290527, 37.557039528391996 ], [ 127.42997684499521, 37.557998147726295 ], [ 127.423758240551678, 37.559893904934029 ], [ 127.420388630997309, 37.559692257437575 ], [ 127.416134317417317, 37.558324882416983 ], [ 127.414042270487343, 37.557312730716404 ], [ 127.411048869639274, 37.555023318104134 ], [ 127.41086853893124, 37.554612144836895 ], [ 127.410415163414868, 37.553578412675968 ], [ 127.408801909677493, 37.552943973501229 ], [ 127.407906897112213, 37.552947316910313 ], [ 127.406805073985964, 37.552951427896389 ], [ 127.405822159252537, 37.553001349407012 ], [ 127.404671329171748, 37.553277332143395 ], [ 127.403410703034012, 37.553579639897208 ], [ 127.403728891176257, 37.559763224197575 ], [ 127.403912121890272, 37.562548683723094 ], [ 127.403687876402842, 37.564692485859879 ], [ 127.403069487721353, 37.566215271961013 ], [ 127.398312040652769, 37.568569740200275 ], [ 127.398101260893412, 37.56864285671368 ], [ 127.396324263912916, 37.569256124322543 ], [ 127.39359917602718, 37.569934223246577 ], [ 127.390276330579482, 37.570378479379066 ], [ 127.386054419956423, 37.57047250236846 ], [ 127.385096687238359, 37.570476089888501 ], [ 127.384382685179474, 37.570478763864692 ], [ 127.378777701870391, 37.570622987435172 ], [ 127.377147116206487, 37.571004382364414 ], [ 127.375966023522707, 37.571332142029085 ], [ 127.375286354285166, 37.571881252631016 ], [ 127.37402356479582, 37.57237903722843 ], [ 127.372543801375045, 37.572260272732805 ], [ 127.371833361879382, 37.571746659580562 ], [ 127.371523041787412, 37.571522308483303 ], [ 127.369438453164832, 37.570024898461725 ], [ 127.367410180710593, 37.569141563020544 ], [ 127.362840745500165, 37.570038824728748 ], [ 127.361381752185565, 37.570589200718523 ], [ 127.360352642560926, 37.57098007736812 ], [ 127.357925568398002, 37.573699615712442 ], [ 127.356234701237284, 37.576226652128859 ], [ 127.354162001174203, 37.578885357554078 ], [ 127.350687940733224, 37.579590830579811 ], [ 127.345633982584886, 37.579906563754236 ], [ 127.342080065955088, 37.57982186774602 ], [ 127.339921685804725, 37.579691220740735 ], [ 127.335825736776812, 37.580741899507927 ], [ 127.336319349150642, 37.581555886882761 ], [ 127.337393576757762, 37.583416006708575 ], [ 127.33918891848846, 37.586544312461641 ], [ 127.339912278658758, 37.587924364914329 ], [ 127.339932713436156, 37.587966080171284 ], [ 127.340122260559099, 37.58836098513887 ], [ 127.340487388809692, 37.589121688581244 ], [ 127.341078372731573, 37.590517328020226 ], [ 127.341467167046318, 37.591793263694107 ], [ 127.341583489777761, 37.592310633502308 ], [ 127.341693698175746, 37.592800828214862 ], [ 127.341805216503573, 37.593298974461035 ], [ 127.341899869400237, 37.593732876681507 ], [ 127.342075869945731, 37.594540948475611 ], [ 127.342581900312027, 37.597312152444864 ], [ 127.343010137792078, 37.600062969139238 ], [ 127.343237182514514, 37.601522331846567 ], [ 127.343429938517332, 37.602794618143299 ], [ 127.343907914371712, 37.60515115456527 ], [ 127.344585021290797, 37.608132134940838 ], [ 127.344711835118588, 37.608617633368681 ], [ 127.344828792678086, 37.609065352134252 ], [ 127.345177274448815, 37.610390792895984 ], [ 127.345246750013345, 37.610648318283694 ], [ 127.34532410816071, 37.610935008981329 ], [ 127.3461688159191, 37.614789543144276 ], [ 127.346198484528855, 37.614886404645532 ], [ 127.346356632142786, 37.615402704616095 ], [ 127.346570493357731, 37.616097020920819 ], [ 127.347099615731722, 37.617775341555223 ], [ 127.347987958515205, 37.619700719628526 ], [ 127.348373084189888, 37.620509194717016 ], [ 127.348472523921174, 37.620717739207002 ], [ 127.352158331635749, 37.627792374061791 ], [ 127.353251182559376, 37.628896805856527 ], [ 127.354529304075726, 37.63018839507599 ], [ 127.355120802365761, 37.630709659152721 ], [ 127.355448556248888, 37.630998482816715 ], [ 127.358093991484935, 37.633327166089238 ], [ 127.358738742707615, 37.633823093939888 ], [ 127.359341016970703, 37.634286338897034 ], [ 127.361130611099568, 37.635664137106545 ], [ 127.361917986777186, 37.636312515492904 ], [ 127.363311952313296, 37.63746036114825 ], [ 127.364081528915634, 37.638094445030404 ], [ 127.365975102349992, 37.640053656048636 ], [ 127.366676139901642, 37.641012128901657 ], [ 127.368005990674888, 37.643278143600696 ], [ 127.368706771904556, 37.644472187892625 ], [ 127.370011811193947, 37.646475742956767 ], [ 127.370285584686201, 37.646895998314214 ], [ 127.371127534360355, 37.648188393058867 ], [ 127.373277289727667, 37.647667942640453 ], [ 127.374784920252893, 37.649017118539746 ], [ 127.378351012482824, 37.651001493657617 ], [ 127.380051502086118, 37.651422359431166 ], [ 127.386122175037173, 37.651367525188952 ], [ 127.388911203368266, 37.651224852860942 ], [ 127.393222905972465, 37.651074677568843 ], [ 127.399427564776659, 37.650859103903407 ], [ 127.400000472074296, 37.652158650813099 ], [ 127.400364463941173, 37.653364504980992 ], [ 127.400769301499338, 37.653881450845091 ], [ 127.401242990424464, 37.654486288782621 ], [ 127.40405831564469, 37.657056311535719 ], [ 127.408126330269724, 37.65988300416339 ], [ 127.410064713984951, 37.660184194130693 ], [ 127.410533812878242, 37.66018455084933 ], [ 127.412101968110491, 37.660186856463241 ], [ 127.41277942629479, 37.66059926353963 ], [ 127.413417633997199, 37.660987770366852 ], [ 127.415004740944127, 37.662401777692537 ], [ 127.415206504851085, 37.662588816071754 ], [ 127.415514419357265, 37.662874221467526 ], [ 127.415947685133119, 37.663104823740433 ], [ 127.416440761094535, 37.663367239083335 ], [ 127.416971814309875, 37.663353093470256 ], [ 127.417058713087414, 37.663350775063847 ], [ 127.418870049160844, 37.663301334343032 ], [ 127.422172348458972, 37.663934498409709 ], [ 127.425093083048552, 37.665632033075696 ], [ 127.425874634454686, 37.666458385064601 ], [ 127.427066366405157, 37.668161535537372 ], [ 127.428087643818316, 37.670300593143011 ], [ 127.428124089742965, 37.670545987255473 ], [ 127.42815524069735, 37.670755811231281 ], [ 127.428148028101589, 37.671544583245627 ], [ 127.429829778113799, 37.669409315345682 ], [ 127.430307953370047, 37.66910275547226 ], [ 127.431011181248408, 37.668625881967351 ], [ 127.433650903818005, 37.666414568490517 ], [ 127.434007969286384, 37.666083228514928 ], [ 127.434456608780479, 37.665666905834442 ], [ 127.435059516513832, 37.665040807168623 ], [ 127.439859009655137, 37.661806409142649 ], [ 127.441381894848092, 37.659802744518544 ], [ 127.439817045751013, 37.658817339358272 ], [ 127.439670174710216, 37.658724849714623 ], [ 127.438420977709228, 37.657798074989479 ], [ 127.438252447063164, 37.657647958450909 ], [ 127.437778058927307, 37.65722538518029 ], [ 127.435460443167315, 37.654592219375729 ], [ 127.434772584288652, 37.653611630600523 ], [ 127.435056385705138, 37.653419575781314 ], [ 127.435324872143383, 37.653237877322432 ], [ 127.437232399590215, 37.651401294209634 ], [ 127.437430991975674, 37.650575778145715 ], [ 127.438076326925056, 37.647893260135788 ], [ 127.4405887396059, 37.647172521543048 ], [ 127.44190659083678, 37.646794442089636 ], [ 127.44247833240054, 37.647364930511564 ], [ 127.442549429196603, 37.647435851353912 ], [ 127.442778110094551, 37.647553844767252 ], [ 127.443917667070991, 37.648141797833816 ], [ 127.444600519764833, 37.647867643227237 ], [ 127.444853861148175, 37.647765928084617 ], [ 127.448628141790081, 37.644466458801936 ], [ 127.449516583461161, 37.643379595453773 ], [ 127.450935237561268, 37.640703195276366 ], [ 127.451465080529758, 37.639704052527954 ], [ 127.452269658686106, 37.638888663298928 ], [ 127.453614139549231, 37.638609530114941 ], [ 127.454100416472713, 37.638508571316393 ], [ 127.455582633273949, 37.636911503698535 ], [ 127.456597101822467, 37.635586893983216 ], [ 127.456586539534769, 37.635487751066108 ], [ 127.45641743114021, 37.633944133721009 ], [ 127.458268590167776, 37.629974254857999 ], [ 127.461658095343623, 37.626641664997109 ], [ 127.462163565302205, 37.625725833960963 ], [ 127.462596732149123, 37.624926026209657 ], [ 127.468348734663437, 37.624666318515594 ], [ 127.469876195723145, 37.623609888240502 ], [ 127.471181770850151, 37.621132634238585 ], [ 127.471845756219395, 37.618284533828394 ], [ 127.471915238166702, 37.616211448376184 ], [ 127.471916451154542, 37.616164758793808 ], [ 127.472024814130776, 37.612932866591585 ], [ 127.472171370450724, 37.609281236403802 ], [ 127.473513023022107, 37.607915986337062 ], [ 127.473135532453597, 37.600224035359652 ], [ 127.472883459595053, 37.598317619388538 ], [ 127.472601692045842, 37.596410289515717 ], [ 127.470907259855039, 37.594947219567189 ] ] ] ] } },
{ "type": "Feature", "properties": { "OBJECTID": 1667, "adm_nm": "경기도 양평군 단월면", "adm_cd": "3138036", "adm_cd2": "4183036000", "sgg": "41830", "sido": "41", "sidonm": "경기도", "sggnm": "양평군" }, "geometry": { "type": "MultiPolygon", "coordinates": [ [ [ [ 127.696157960028614, 37.600489988888938 ], [ 127.696528369905693, 37.600367587682172 ], [ 127.700248044652128, 37.596670095325919 ], [ 127.700357773902041, 37.595726997305647 ], [ 127.698434697983274, 37.593954272359653 ], [ 127.698200345695639, 37.593339806870382 ], [ 127.697776306468384, 37.592227723633457 ], [ 127.697904438047132, 37.591709840332122 ], [ 127.697938098859311, 37.5915782965698 ], [ 127.697359641705802, 37.591587132202577 ], [ 127.69611182151634, 37.591167830306588 ], [ 127.694885263337412, 37.590478075532999 ], [ 127.694132283715575, 37.590038780812094 ], [ 127.693421696420629, 37.589016912361757 ], [ 127.693173236347761, 37.587928936934617 ], [ 127.693152735052948, 37.587393792773632 ], [ 127.693312580283362, 37.585695609077639 ], [ 127.693600031655379, 37.584072704637407 ], [ 127.693157948738374, 37.582836321559569 ], [ 127.691655015036517, 37.579199563197491 ], [ 127.69096012878417, 37.578451435791088 ], [ 127.689855054169001, 37.578395756973421 ], [ 127.688492931965357, 37.577172099041604 ], [ 127.688534092342394, 37.575530442839174 ], [ 127.688542407917566, 37.575203327335394 ], [ 127.688551477637958, 37.574846559668792 ], [ 127.688831174746198, 37.571527955565294 ], [ 127.688985445357702, 37.571263503680782 ], [ 127.689593761107233, 37.570220867983451 ], [ 127.689647403813126, 37.570205440766934 ], [ 127.689801186444043, 37.570161444577003 ], [ 127.689857473469274, 37.570146109458555 ], [ 127.6904777184088, 37.569969346194981 ], [ 127.691202388369277, 37.568896905623355 ], [ 127.691701734765033, 37.568157895208678 ], [ 127.691724818490087, 37.56783767841452 ], [ 127.691749573771261, 37.567494194910353 ], [ 127.691959353424494, 37.565802650324713 ], [ 127.692895217190966, 37.563033999657989 ], [ 127.694311061003546, 37.560489854357954 ], [ 127.692986405317512, 37.55421472567663 ], [ 127.690534451638783, 37.554438893147065 ], [ 127.690406828200707, 37.554347818594543 ], [ 127.689041506354627, 37.553373184647896 ], [ 127.688654231365703, 37.552160351749279 ], [ 127.68823533273904, 37.547939285931534 ], [ 127.686712087501817, 37.545992517158872 ], [ 127.686101713372793, 37.544658343425773 ], [ 127.686794302035494, 37.54292776780823 ], [ 127.686258725855765, 37.541974173830134 ], [ 127.686072250333225, 37.541642226869577 ], [ 127.682558375593473, 37.542292174189342 ], [ 127.681416969981726, 37.54287085708571 ], [ 127.681306244062881, 37.54292467602761 ], [ 127.680197325573218, 37.5434562462763 ], [ 127.6796595396426, 37.543230581262385 ], [ 127.679055101457124, 37.54297693754053 ], [ 127.679161758132494, 37.541425311468274 ], [ 127.680762030072131, 37.538472047381923 ], [ 127.681544445219913, 37.537875949769258 ], [ 127.681869548164684, 37.535713348619865 ], [ 127.678943838730305, 37.533129751402051 ], [ 127.678348561170552, 37.530903164413388 ], [ 127.678904525449653, 37.528811166079585 ], [ 127.680434099672567, 37.527464467888329 ], [ 127.680688322813694, 37.524736360985585 ], [ 127.681382575848119, 37.520112625412807 ], [ 127.682530697646811, 37.519905796708642 ], [ 127.684789793798672, 37.519350199351379 ], [ 127.687757703105206, 37.517730952940248 ], [ 127.68938219492378, 37.517086580131327 ], [ 127.691747657057618, 37.516148201881563 ], [ 127.691207109399258, 37.513887866506266 ], [ 127.690360462225073, 37.508280498531697 ], [ 127.6902784673089, 37.507738686348169 ], [ 127.690068961337957, 37.507106941968225 ], [ 127.689571032281393, 37.506512841648252 ], [ 127.689441751052499, 37.506395078479585 ], [ 127.689336430460614, 37.506299142963499 ], [ 127.688509704728602, 37.505712324858102 ], [ 127.688359341599565, 37.505610935865811 ], [ 127.688122946464759, 37.505451546609038 ], [ 127.686969121772449, 37.504691725381413 ], [ 127.686697272226482, 37.504567090991799 ], [ 127.685818039334791, 37.504175256044256 ], [ 127.684691612580394, 37.503617050557914 ], [ 127.684414412280915, 37.503288590892602 ], [ 127.684074434642895, 37.502811292248211 ], [ 127.684033893126454, 37.502427147658189 ], [ 127.684029653955506, 37.502332240518001 ], [ 127.684027907151261, 37.502293078925504 ], [ 127.683880374399877, 37.497921478957053 ], [ 127.683883376947307, 37.497851825749493 ], [ 127.683904267358358, 37.497743693332112 ], [ 127.683910600462809, 37.497710945866963 ], [ 127.683968143165004, 37.497535084528103 ], [ 127.684034223185748, 37.497376121283146 ], [ 127.684091940857101, 37.497268993257087 ], [ 127.68459398619099, 37.496416419942129 ], [ 127.682639074164129, 37.493265802302084 ], [ 127.680752985312097, 37.490440665801096 ], [ 127.680487634525861, 37.489475487446484 ], [ 127.680018534661329, 37.489609147593193 ], [ 127.679660346055641, 37.489718983590976 ], [ 127.67952403427195, 37.48977439953466 ], [ 127.679429429253929, 37.489829751986349 ], [ 127.677519818768829, 37.491021314494027 ], [ 127.673043572885604, 37.494004719338051 ], [ 127.672935571868592, 37.494083747052251 ], [ 127.67287208017818, 37.494144682215087 ], [ 127.672773890534842, 37.494244480933716 ], [ 127.672668928913964, 37.494351166893438 ], [ 127.672544993626758, 37.494498748426174 ], [ 127.672501116957378, 37.494553092788372 ], [ 127.672441939286045, 37.494645569241627 ], [ 127.672401476027176, 37.494735088914247 ], [ 127.67237721941612, 37.494788755611097 ], [ 127.672282453816592, 37.495084091336807 ], [ 127.67194822993639, 37.495794404236243 ], [ 127.671899622161334, 37.495869964398096 ], [ 127.671840290067877, 37.495942231223573 ], [ 127.670451875097669, 37.496936800924964 ], [ 127.670291651576122, 37.497027655341292 ], [ 127.670262625772466, 37.497044111054585 ], [ 127.670150349173582, 37.497106241737512 ], [ 127.669833183716364, 37.497244156449646 ], [ 127.669774295416303, 37.497267451269565 ], [ 127.669590170316923, 37.497340275702349 ], [ 127.669506078557106, 37.497359550419517 ], [ 127.662802701671751, 37.49848779914452 ], [ 127.660520252574685, 37.499147792997817 ], [ 127.655152134641341, 37.500098091400744 ], [ 127.652503816875793, 37.500357219570233 ], [ 127.65240399249204, 37.50036862628599 ], [ 127.652206769627099, 37.500410573235698 ], [ 127.652072535720009, 37.500455809894511 ], [ 127.652033689999556, 37.500475013917274 ], [ 127.651946838386891, 37.500538221265373 ], [ 127.651868266449085, 37.500610638876843 ], [ 127.651770403140503, 37.500705200736775 ], [ 127.651541320591761, 37.500997129904995 ], [ 127.65142977965553, 37.501150687181593 ], [ 127.651302803789207, 37.501300701922339 ], [ 127.651232555023157, 37.501372549595523 ], [ 127.65118918858343, 37.501416898213215 ], [ 127.650992277548028, 37.501598549896208 ], [ 127.650877176915174, 37.501679819863753 ], [ 127.650817155584363, 37.501718204545909 ], [ 127.648638560184111, 37.502791337437138 ], [ 127.648521976206482, 37.502839932466458 ], [ 127.64832194119839, 37.502877365122082 ], [ 127.647658904394433, 37.502999880097342 ], [ 127.646177451611536, 37.50298482198815 ], [ 127.645501932187827, 37.502889875071972 ], [ 127.645465085735552, 37.503926501467667 ], [ 127.645105258983691, 37.509090638310994 ], [ 127.644815770500855, 37.509694907776371 ], [ 127.643903574963488, 37.510468942554681 ], [ 127.639748939555389, 37.513943056061116 ], [ 127.638327194690504, 37.514967777507586 ], [ 127.637736654754391, 37.515352673884742 ], [ 127.637375416505904, 37.515455390337202 ], [ 127.636964752769714, 37.515572152170506 ], [ 127.636298139149687, 37.515336756994721 ], [ 127.636192003571495, 37.515299274528601 ], [ 127.636105602400988, 37.51528772850213 ], [ 127.635313413888824, 37.515181971310092 ], [ 127.634412832401509, 37.516248853048879 ], [ 127.63406541776915, 37.517258576671829 ], [ 127.633909060713847, 37.517713014132063 ], [ 127.633705601051503, 37.519428088097534 ], [ 127.633674676192484, 37.520726951073897 ], [ 127.633502274505361, 37.521026137136928 ], [ 127.63334890917406, 37.521292059183992 ], [ 127.632513685592798, 37.521793994665018 ], [ 127.631423569874087, 37.522449088224803 ], [ 127.630745881222026, 37.522792457309272 ], [ 127.630683688674281, 37.522824014340465 ], [ 127.630719279048648, 37.52288550737191 ], [ 127.630851872115841, 37.523114513944876 ], [ 127.631996125293753, 37.523850068431123 ], [ 127.633785229611092, 37.524812513045987 ], [ 127.635114661133414, 37.525407025377255 ], [ 127.641000266732618, 37.530237077713124 ], [ 127.642814019663319, 37.530623610384076 ], [ 127.644782832237965, 37.531447085320657 ], [ 127.645149215469502, 37.531750682705336 ], [ 127.647893455793266, 37.534427862000719 ], [ 127.651771300186638, 37.536767605759088 ], [ 127.65312942295904, 37.537723547648824 ], [ 127.653036553073079, 37.538324199149145 ], [ 127.652229316322476, 37.539001262453603 ], [ 127.646723966150645, 37.541950043797932 ], [ 127.645908962087177, 37.542321737715106 ], [ 127.645445396226918, 37.542371163273792 ], [ 127.644433437472344, 37.542479036174299 ], [ 127.643070700800337, 37.542791664097365 ], [ 127.641498067429922, 37.543612669304736 ], [ 127.641150710697275, 37.543954637086948 ], [ 127.641527697618628, 37.544687504645125 ], [ 127.641639092786903, 37.545228186528391 ], [ 127.640572443061089, 37.548396610640999 ], [ 127.640131024359519, 37.549110993233221 ], [ 127.639725941084123, 37.54976655352592 ], [ 127.638587562614688, 37.551346398756415 ], [ 127.637734901130884, 37.552095523661393 ], [ 127.636919992382275, 37.552610245492119 ], [ 127.636261866434523, 37.552908689292245 ], [ 127.635843927334079, 37.553098221672741 ], [ 127.635422104575383, 37.553829932768437 ], [ 127.634219617860552, 37.558803418639613 ], [ 127.634102023579317, 37.559523511148548 ], [ 127.634185301928184, 37.559650652073209 ], [ 127.634515011996129, 37.560153991162693 ], [ 127.634890938645199, 37.560634661450891 ], [ 127.634924917481229, 37.561425563117062 ], [ 127.634431520369901, 37.562524654227673 ], [ 127.633895493430501, 37.563134810131238 ], [ 127.632155737174841, 37.564264732142583 ], [ 127.631809092147662, 37.564703534799719 ], [ 127.631486881431513, 37.56616494266175 ], [ 127.63144045334964, 37.567130571825103 ], [ 127.631370939590042, 37.567895749683473 ], [ 127.629489355422592, 37.570901586482783 ], [ 127.629012790311464, 37.571547638091523 ], [ 127.625372611708144, 37.572321091951466 ], [ 127.621566739308491, 37.573958778268654 ], [ 127.621263346716546, 37.574025565221845 ], [ 127.620779955150496, 37.574131969963346 ], [ 127.620095418381354, 37.574016159208149 ], [ 127.619985595903884, 37.57399757678094 ], [ 127.619204520201052, 37.57376176241273 ], [ 127.618505375386718, 37.57359984385873 ], [ 127.618473065772051, 37.573592370705462 ], [ 127.61722398551089, 37.573672483476017 ], [ 127.61670607077302, 37.573792714577671 ], [ 127.616258909055134, 37.573896523171371 ], [ 127.615620401347229, 37.574217293472671 ], [ 127.614991527133796, 37.574533219661674 ], [ 127.614012012719257, 37.575511012909779 ], [ 127.61365531211429, 37.576464539342425 ], [ 127.613050266131765, 37.577487030910682 ], [ 127.611406040338935, 37.579425378959996 ], [ 127.610577739659249, 37.580299344464599 ], [ 127.609819369741331, 37.580574950049659 ], [ 127.605386942269348, 37.580721195199779 ], [ 127.603433678136739, 37.581013383250962 ], [ 127.602873941739603, 37.580843319092438 ], [ 127.602231949277197, 37.580648255984201 ], [ 127.601621058231657, 37.58025161984942 ], [ 127.600771074467644, 37.579699710299089 ], [ 127.598683580355441, 37.57804748878641 ], [ 127.597817526316476, 37.577268646161592 ], [ 127.597209571042654, 37.576721467305006 ], [ 127.596540694851612, 37.576175011114046 ], [ 127.596194192328113, 37.575891926080175 ], [ 127.595464724173382, 37.575557890283967 ], [ 127.595017402940016, 37.575424228729105 ], [ 127.593505498239125, 37.574972451061875 ], [ 127.592517283542506, 37.574871827239143 ], [ 127.58843227160267, 37.575218599557424 ], [ 127.587838746512119, 37.57549846178344 ], [ 127.583845161641889, 37.575370670207754 ], [ 127.582599162287423, 37.575132689545484 ], [ 127.581254256559959, 37.575060387811497 ], [ 127.580309296327201, 37.575010333225634 ], [ 127.578111685302758, 37.575124477157615 ], [ 127.576280339062976, 37.575630117998415 ], [ 127.572278383958448, 37.576142098993415 ], [ 127.567637032622869, 37.576039057485367 ], [ 127.564737256036338, 37.57610611355355 ], [ 127.56508353955401, 37.577176200844136 ], [ 127.564881013531448, 37.578705234160687 ], [ 127.564462239189453, 37.579840044329039 ], [ 127.561776735063589, 37.582485827913288 ], [ 127.560246789568154, 37.583075877874755 ], [ 127.561233225767083, 37.586109552732502 ], [ 127.561516457270912, 37.587060332283244 ], [ 127.561115917808095, 37.588966902994223 ], [ 127.560620943787853, 37.59054452565173 ], [ 127.559004659801474, 37.592300728793944 ], [ 127.559081234808303, 37.594234091120292 ], [ 127.559965706535991, 37.595365968573319 ], [ 127.561411203598567, 37.597667052404738 ], [ 127.562442495063763, 37.600006482653697 ], [ 127.562396686020136, 37.600494020700097 ], [ 127.56231488172331, 37.601362118198232 ], [ 127.562306318480196, 37.602968006437266 ], [ 127.562299055693998, 37.604351307737566 ], [ 127.566151983011721, 37.60796016981228 ], [ 127.567121655917319, 37.608249180970624 ], [ 127.568249454744034, 37.608277142990296 ], [ 127.569564823829268, 37.60830999982899 ], [ 127.570317107666597, 37.610211136122238 ], [ 127.5704966482011, 37.611451700588177 ], [ 127.570608633574494, 37.612225478134832 ], [ 127.570672440870922, 37.612853842625675 ], [ 127.570750358042076, 37.61367221917326 ], [ 127.570719794330785, 37.61369460987909 ], [ 127.569838013912261, 37.614332831351085 ], [ 127.568733469415093, 37.614557698527207 ], [ 127.567589340627777, 37.615662512667129 ], [ 127.567094327288501, 37.617240155357926 ], [ 127.566461150892138, 37.618781819519967 ], [ 127.5651740354878, 37.620082732256755 ], [ 127.562875110983668, 37.620899698700633 ], [ 127.559805546376722, 37.623405874112933 ], [ 127.559681688620557, 37.625348382168653 ], [ 127.559760529581311, 37.626142392281558 ], [ 127.559881621716727, 37.627361665197284 ], [ 127.558981626272811, 37.628449266439425 ], [ 127.560089640226522, 37.629257794138709 ], [ 127.561971789481618, 37.630631424728982 ], [ 127.562357698611947, 37.63099262981445 ], [ 127.564574072942534, 37.633067137272761 ], [ 127.566262876295752, 37.632980089015156 ], [ 127.566805398451962, 37.632819448925076 ], [ 127.567461946487029, 37.63262503715751 ], [ 127.5682658879429, 37.632386967270783 ], [ 127.569697461166683, 37.632314747296434 ], [ 127.571921227584482, 37.632202535438779 ], [ 127.573925497008389, 37.633025751747603 ], [ 127.574415433664228, 37.633226982046686 ], [ 127.575070237334415, 37.633495900264684 ], [ 127.577124253213256, 37.633057739950353 ], [ 127.577271195220106, 37.633026392337342 ], [ 127.579511530600485, 37.63312665682728 ], [ 127.580917807523988, 37.63369043010708 ], [ 127.582024859895768, 37.6341342275269 ], [ 127.583469197402891, 37.635364469175322 ], [ 127.583666316165278, 37.63596131963353 ], [ 127.583520506573592, 37.637498206198025 ], [ 127.583482408609626, 37.637690696535856 ], [ 127.583308121005359, 37.638571148345136 ], [ 127.583229760855843, 37.638966990630635 ], [ 127.583217478804599, 37.639029013643402 ], [ 127.583377448156213, 37.639347985889373 ], [ 127.58361382404766, 37.639788944992702 ], [ 127.584016687660608, 37.640540463422781 ], [ 127.585198975371085, 37.64165359393867 ], [ 127.585680094419899, 37.642106551595354 ], [ 127.588186138405959, 37.642566924446079 ], [ 127.590675697984537, 37.643166243100751 ], [ 127.595139450393958, 37.645122503666286 ], [ 127.598207231389125, 37.646558851237792 ], [ 127.598595077866506, 37.646740450481964 ], [ 127.600282616966481, 37.647920629366595 ], [ 127.600511613402375, 37.648145426988904 ], [ 127.600547074874783, 37.648180242715753 ], [ 127.601040727694141, 37.648765604143591 ], [ 127.601961639375787, 37.650105748542579 ], [ 127.60228402376103, 37.65095256989094 ], [ 127.60233119711242, 37.651238005996277 ], [ 127.602347961112827, 37.651339426808221 ], [ 127.603388027767551, 37.651274381205319 ], [ 127.60721939494087, 37.651034674990285 ], [ 127.607742741617272, 37.650706980859184 ], [ 127.608638022523223, 37.650146381484497 ], [ 127.608650583337777, 37.650113115757875 ], [ 127.609064537403938, 37.649011367908599 ], [ 127.609189531578778, 37.648630846582691 ], [ 127.609354408675117, 37.648128836598914 ], [ 127.610800138057755, 37.646980582809654 ], [ 127.610849790076117, 37.6469411546556 ], [ 127.612626488896552, 37.646255453788257 ], [ 127.612941353338613, 37.645988428005154 ], [ 127.613615583655317, 37.646124459497585 ], [ 127.614320968051643, 37.646585294041309 ], [ 127.615407493796241, 37.64729511332586 ], [ 127.615663269540534, 37.647249534263892 ], [ 127.615831381362256, 37.647219574508519 ], [ 127.61590780412412, 37.647205953154838 ], [ 127.616133891172439, 37.647165654366859 ], [ 127.617212272738442, 37.646442087876629 ], [ 127.618120265153863, 37.645703081716192 ], [ 127.618314204360587, 37.645453996585388 ], [ 127.618526393135411, 37.645052725201019 ], [ 127.620146243205781, 37.643056266132504 ], [ 127.623401168087895, 37.641379795023497 ], [ 127.62408777201172, 37.642080327152136 ], [ 127.624181249003385, 37.642142036686103 ], [ 127.624375001740574, 37.642269941563974 ], [ 127.624578568490364, 37.642404316423537 ], [ 127.624800796907977, 37.642515667079529 ], [ 127.625223506927867, 37.642727466820993 ], [ 127.625470755409367, 37.64277100134931 ], [ 127.625673735384837, 37.642806731814723 ], [ 127.626012742794231, 37.642858728394081 ], [ 127.626252493879292, 37.642895500194953 ], [ 127.626958502489202, 37.642840743026127 ], [ 127.62716092144386, 37.642767594559231 ], [ 127.62756037618496, 37.642623237588374 ], [ 127.627994595175977, 37.642324982080503 ], [ 127.633794956086831, 37.637987182167798 ], [ 127.636433854430635, 37.635797728631943 ], [ 127.638548961603419, 37.633933616148333 ], [ 127.638502167426182, 37.633805105868994 ], [ 127.638474309728139, 37.633550137098936 ], [ 127.638587803837069, 37.633304600794958 ], [ 127.638791972860048, 37.633150414580783 ], [ 127.639367610048268, 37.632881980510582 ], [ 127.639703482341446, 37.632818472883201 ], [ 127.64014893914549, 37.632734244745606 ], [ 127.640534449302407, 37.632661354064481 ], [ 127.640831249535481, 37.632635122544514 ], [ 127.641055505418578, 37.632615306275987 ], [ 127.641743105908802, 37.632649056968106 ], [ 127.642366053186549, 37.632679635033753 ], [ 127.642969433732475, 37.632781289301114 ], [ 127.643304937977106, 37.63283781217838 ], [ 127.644333662320705, 37.632985296491675 ], [ 127.644783406196296, 37.633013447919303 ], [ 127.644975151223221, 37.633022557625146 ], [ 127.645361586147914, 37.633040909478318 ], [ 127.6460039708019, 37.63306802197328 ], [ 127.646038490078496, 37.633065944014447 ], [ 127.64637621584238, 37.633045585049402 ], [ 127.646876017727564, 37.632920398884764 ], [ 127.646903576893166, 37.632723117713503 ], [ 127.646931216312865, 37.632525225317046 ], [ 127.647021181089073, 37.631881048586408 ], [ 127.647054773609682, 37.631157021457781 ], [ 127.647096957130955, 37.630247796585941 ], [ 127.647503646697174, 37.62911880992506 ], [ 127.647623699004356, 37.628785579027848 ], [ 127.649440618928452, 37.624725351571293 ], [ 127.649501455867494, 37.624624231728347 ], [ 127.649617767675409, 37.624430907654748 ], [ 127.650489966212305, 37.623744270127396 ], [ 127.65162990052724, 37.623044411113462 ], [ 127.652414336071757, 37.622668890803986 ], [ 127.653081008843799, 37.622435544260924 ], [ 127.653368804553267, 37.622340195608956 ], [ 127.653921639530651, 37.622285421989396 ], [ 127.654923198889264, 37.62229425234338 ], [ 127.656013684183677, 37.622418146109766 ], [ 127.657253740540156, 37.622614431359985 ], [ 127.657617015182581, 37.622713323793612 ], [ 127.658183043058344, 37.622912829447337 ], [ 127.658302062277301, 37.622966053914425 ], [ 127.659076625384643, 37.623312410294062 ], [ 127.661972823137049, 37.624408783121353 ], [ 127.662179771960638, 37.624419991938225 ], [ 127.662326611739573, 37.62442794450962 ], [ 127.662897819020344, 37.624353723715728 ], [ 127.663252716623276, 37.624238491805407 ], [ 127.663679523445964, 37.624015906951023 ], [ 127.6639898791679, 37.623772735243449 ], [ 127.664391813628129, 37.623323644162042 ], [ 127.664486953230565, 37.622510294770109 ], [ 127.664503773658055, 37.622226566048255 ], [ 127.664518681958043, 37.621975093779248 ], [ 127.664626207566528, 37.621667405097121 ], [ 127.664788596456674, 37.621360194927881 ], [ 127.665890771357056, 37.61943059396507 ], [ 127.667255436823979, 37.617686607982229 ], [ 127.667564286697313, 37.617334628002254 ], [ 127.667722410456818, 37.617222069299288 ], [ 127.672574008848272, 37.614420343853872 ], [ 127.676483977300805, 37.611878626902374 ], [ 127.680819426052096, 37.609032033177904 ], [ 127.683307991849361, 37.60824845423511 ], [ 127.685224381916186, 37.607140298218731 ], [ 127.685941981421905, 37.606725314445889 ], [ 127.687204411792024, 37.604332728554382 ], [ 127.691917394676295, 37.601714017340825 ], [ 127.693061407309656, 37.601310629002334 ], [ 127.693729298593766, 37.601075119617342 ], [ 127.696157960028614, 37.600489988888938 ] ] ] ] } },
{ "type": "Feature", "properties": { "OBJECTID": 1668, "adm_nm": "경기도 양평군 청운면", "adm_cd": "3138037", "adm_cd2": "4183037000", "sgg": "41830", "sido": "41", "sidonm": "경기도", "sggnm": "양평군" }, "geometry": { "type": "MultiPolygon", "coordinates": [ [ [ [ 127.849444049106822, 37.55317710418489 ], [ 127.849468847642271, 37.550705198026094 ], [ 127.849401826958456, 37.550339764582681 ], [ 127.849394394845916, 37.550299295021311 ], [ 127.849204139639582, 37.549792467273612 ], [ 127.849138079965499, 37.54965590187301 ], [ 127.849104539820232, 37.549586564278513 ], [ 127.848765762364138, 37.549308865617263 ], [ 127.84849254057761, 37.549105779547602 ], [ 127.848444717027618, 37.549070327983692 ], [ 127.847872126033877, 37.54878468058692 ], [ 127.847503497383912, 37.548649441511479 ], [ 127.84741826473531, 37.548604157671242 ], [ 127.847243175121463, 37.548511129184369 ], [ 127.846949417471862, 37.548325560940356 ], [ 127.846833838626893, 37.54825254731697 ], [ 127.846458228801112, 37.547958641006169 ], [ 127.846350852259533, 37.547791307575515 ], [ 127.846291967635295, 37.547551681967775 ], [ 127.846122745189092, 37.546043581666005 ], [ 127.84612085003333, 37.546006094443733 ], [ 127.846116234642054, 37.545914752000577 ], [ 127.846133440648288, 37.545691991972021 ], [ 127.846559865624698, 37.545136740225693 ], [ 127.846653737085106, 37.545030023615482 ], [ 127.846779154587423, 37.544887437687564 ], [ 127.846835472304804, 37.544687978970551 ], [ 127.846844997630598, 37.544406614485617 ], [ 127.846709509028486, 37.544096160065713 ], [ 127.846675944379953, 37.544019276530193 ], [ 127.8466299782405, 37.543937167274407 ], [ 127.846438684143138, 37.54359550012439 ], [ 127.842925767145459, 37.53950955664326 ], [ 127.842731206207574, 37.539326874816233 ], [ 127.842398658049362, 37.539023215267498 ], [ 127.838050669061118, 37.53866282302215 ], [ 127.834595325354442, 37.538515111316997 ], [ 127.83374905034141, 37.538491736332425 ], [ 127.833208309009947, 37.538404660882854 ], [ 127.832382886131612, 37.538271735755814 ], [ 127.831083813146535, 37.537746337210102 ], [ 127.830680466106173, 37.53752416878433 ], [ 127.830427893417479, 37.537385035637953 ], [ 127.828775199077512, 37.536474591561856 ], [ 127.828616667532685, 37.536387263156243 ], [ 127.828157074525336, 37.536429850383549 ], [ 127.826857089129987, 37.536966536364908 ], [ 127.825938469286655, 37.53734576607058 ], [ 127.824930255630534, 37.537761963678683 ], [ 127.821926742426896, 37.538023401723166 ], [ 127.820451264075928, 37.537457326203175 ], [ 127.819609663021382, 37.5372894361224 ], [ 127.815102330567044, 37.536526999060719 ], [ 127.814775349662867, 37.536669999845145 ], [ 127.813987673158138, 37.537014474730377 ], [ 127.813256018192092, 37.537144484503507 ], [ 127.81278399726709, 37.537228355000906 ], [ 127.811231833958658, 37.537101943900964 ], [ 127.809504898992515, 37.536736789022257 ], [ 127.80638497550575, 37.535010032688085 ], [ 127.806386678396734, 37.534962858405017 ], [ 127.806387775451682, 37.534932491512784 ], [ 127.806389386174359, 37.534887965657923 ], [ 127.806390367699279, 37.534860899837973 ], [ 127.806417714159807, 37.53410606230765 ], [ 127.806517830865587, 37.531342199164726 ], [ 127.805073403974589, 37.530244592609542 ], [ 127.802686019960476, 37.529740505206547 ], [ 127.80200708781021, 37.529597142592543 ], [ 127.800670245980626, 37.529314848089882 ], [ 127.798536999141561, 37.528899735307014 ], [ 127.797816165762598, 37.528759461396866 ], [ 127.796532777469054, 37.528509693678849 ], [ 127.796208477713293, 37.526643032513043 ], [ 127.796244766537257, 37.525354132532897 ], [ 127.796262196329195, 37.525059377548196 ], [ 127.796287197937687, 37.52489959388901 ], [ 127.796484567040437, 37.524598568123864 ], [ 127.79650171204085, 37.524572419901176 ], [ 127.796583290479973, 37.524468319836579 ], [ 127.796738768728275, 37.524217438708348 ], [ 127.796881795370695, 37.523978099032149 ], [ 127.796857572478572, 37.523816765125716 ], [ 127.796747199644443, 37.523571333590041 ], [ 127.796620367465806, 37.523476089113331 ], [ 127.796568490095851, 37.523437136423681 ], [ 127.793371496440528, 37.521146238722451 ], [ 127.790144180013925, 37.519056817027504 ], [ 127.789926936762342, 37.518830349996378 ], [ 127.788847618603114, 37.517705167548129 ], [ 127.788490460591746, 37.517332821105505 ], [ 127.788245028301262, 37.516847586695036 ], [ 127.78784795832, 37.51606253293231 ], [ 127.78771038575934, 37.515790524516682 ], [ 127.786847759925564, 37.514649480023877 ], [ 127.786075103157415, 37.513870213258315 ], [ 127.783987336399562, 37.512187649666011 ], [ 127.783858073787343, 37.51224229266942 ], [ 127.783745248453371, 37.512289987107508 ], [ 127.782203117958915, 37.512941776082279 ], [ 127.78183601632594, 37.51309692245998 ], [ 127.781552835422474, 37.513056596661208 ], [ 127.781139849702043, 37.51299778401399 ], [ 127.77969118607686, 37.511555059086177 ], [ 127.77947173313504, 37.51116560328957 ], [ 127.778877930460794, 37.510111783745543 ], [ 127.778584705887027, 37.50959139717655 ], [ 127.773943669863215, 37.506094869752658 ], [ 127.764861617993333, 37.502718947711791 ], [ 127.759362489779633, 37.503656793329405 ], [ 127.757071445854265, 37.503369041094714 ], [ 127.755559241540624, 37.503258524198053 ], [ 127.75125436696473, 37.503496480015286 ], [ 127.748015714077226, 37.504539887133461 ], [ 127.747873295935676, 37.504602106149449 ], [ 127.74605970485112, 37.505394646049922 ], [ 127.743501422657516, 37.506523213150714 ], [ 127.74320709058199, 37.506621802240915 ], [ 127.742861402559328, 37.506737535570963 ], [ 127.742383847148858, 37.506448954305959 ], [ 127.741968643016136, 37.506197422833495 ], [ 127.738819896662875, 37.504923895117912 ], [ 127.733858211935043, 37.503661771159862 ], [ 127.728414538226446, 37.503334411868543 ], [ 127.727465538005902, 37.503344693343415 ], [ 127.727245576549322, 37.503551934728073 ], [ 127.727566036375606, 37.504281364244754 ], [ 127.727794533499221, 37.504801451698896 ], [ 127.727747832823127, 37.505954103260507 ], [ 127.721587933381613, 37.511713191592641 ], [ 127.719935177435758, 37.513155085795887 ], [ 127.719416230201091, 37.512993039445327 ], [ 127.717958837606744, 37.512537936333516 ], [ 127.711366770479728, 37.514235465280706 ], [ 127.710964677866059, 37.51433913779988 ], [ 127.709927896373088, 37.514606462522366 ], [ 127.709500261337709, 37.515114915296365 ], [ 127.708353055501902, 37.517431486898559 ], [ 127.707310110934515, 37.517095359798098 ], [ 127.707206194664181, 37.517061849212546 ], [ 127.702298506986907, 37.514945394082318 ], [ 127.700555820499531, 37.513069023904571 ], [ 127.700208525130677, 37.512932786135188 ], [ 127.69990661934591, 37.512814361689962 ], [ 127.698435545329403, 37.513052323371589 ], [ 127.697433069266751, 37.51345849091188 ], [ 127.692671488133726, 37.515431325523288 ], [ 127.691747657057618, 37.516148201881563 ], [ 127.68938219492378, 37.517086580131327 ], [ 127.687757703105206, 37.517730952940248 ], [ 127.684789793798672, 37.519350199351379 ], [ 127.682530697646811, 37.519905796708642 ], [ 127.681382575848119, 37.520112625412807 ], [ 127.680688322813694, 37.524736360985585 ], [ 127.680434099672567, 37.527464467888329 ], [ 127.678904525449653, 37.528811166079585 ], [ 127.678348561170552, 37.530903164413388 ], [ 127.678943838730305, 37.533129751402051 ], [ 127.681869548164684, 37.535713348619865 ], [ 127.681544445219913, 37.537875949769258 ], [ 127.680762030072131, 37.538472047381923 ], [ 127.679161758132494, 37.541425311468274 ], [ 127.679055101457124, 37.54297693754053 ], [ 127.6796595396426, 37.543230581262385 ], [ 127.680197325573218, 37.5434562462763 ], [ 127.681306244062881, 37.54292467602761 ], [ 127.681416969981726, 37.54287085708571 ], [ 127.682558375593473, 37.542292174189342 ], [ 127.686072250333225, 37.541642226869577 ], [ 127.686258725855765, 37.541974173830134 ], [ 127.686794302035494, 37.54292776780823 ], [ 127.686101713372793, 37.544658343425773 ], [ 127.686712087501817, 37.545992517158872 ], [ 127.68823533273904, 37.547939285931534 ], [ 127.688654231365703, 37.552160351749279 ], [ 127.689041506354627, 37.553373184647896 ], [ 127.690406828200707, 37.554347818594543 ], [ 127.690534451638783, 37.554438893147065 ], [ 127.692986405317512, 37.55421472567663 ], [ 127.694311061003546, 37.560489854357954 ], [ 127.692895217190966, 37.563033999657989 ], [ 127.691959353424494, 37.565802650324713 ], [ 127.691749573771261, 37.567494194910353 ], [ 127.691724818490087, 37.56783767841452 ], [ 127.691701734765033, 37.568157895208678 ], [ 127.691202388369277, 37.568896905623355 ], [ 127.6904777184088, 37.569969346194981 ], [ 127.689857473469274, 37.570146109458555 ], [ 127.689801186444043, 37.570161444577003 ], [ 127.689647403813126, 37.570205440766934 ], [ 127.689593761107233, 37.570220867983451 ], [ 127.688985445357702, 37.571263503680782 ], [ 127.688831174746198, 37.571527955565294 ], [ 127.688551477637958, 37.574846559668792 ], [ 127.688542407917566, 37.575203327335394 ], [ 127.688534092342394, 37.575530442839174 ], [ 127.688492931965357, 37.577172099041604 ], [ 127.689855054169001, 37.578395756973421 ], [ 127.69096012878417, 37.578451435791088 ], [ 127.691655015036517, 37.579199563197491 ], [ 127.693157948738374, 37.582836321559569 ], [ 127.693600031655379, 37.584072704637407 ], [ 127.693312580283362, 37.585695609077639 ], [ 127.693152735052948, 37.587393792773632 ], [ 127.693173236347761, 37.587928936934617 ], [ 127.693421696420629, 37.589016912361757 ], [ 127.694132283715575, 37.590038780812094 ], [ 127.694885263337412, 37.590478075532999 ], [ 127.69611182151634, 37.591167830306588 ], [ 127.697359641705802, 37.591587132202577 ], [ 127.697938098859311, 37.5915782965698 ], [ 127.700799768197712, 37.589680307781592 ], [ 127.702684768899772, 37.589042679624505 ], [ 127.706249352917723, 37.588565467566461 ], [ 127.707934933039624, 37.586608829465078 ], [ 127.708124983236473, 37.586401592799383 ], [ 127.70817444791372, 37.586407901566346 ], [ 127.708658548428033, 37.5864699728875 ], [ 127.708863677644246, 37.586496276594715 ], [ 127.70983317407709, 37.587186507800624 ], [ 127.712102225888216, 37.588286546825053 ], [ 127.713690988644842, 37.588838846175094 ], [ 127.713972692217752, 37.588753439354541 ], [ 127.714816432574196, 37.588497447194975 ], [ 127.71560255617014, 37.588258933214334 ], [ 127.715983400100868, 37.588143387650803 ], [ 127.717011875600377, 37.588643253887682 ], [ 127.717380428266438, 37.588825560874291 ], [ 127.718504597145639, 37.589497928545924 ], [ 127.720133295574684, 37.590405359831301 ], [ 127.72027996464827, 37.590485180262583 ], [ 127.72042872271355, 37.590566135916752 ], [ 127.720492919360069, 37.590601063246226 ], [ 127.720584717987464, 37.590621362310848 ], [ 127.720775940089126, 37.590663621575551 ], [ 127.720960524975439, 37.59067379764636 ], [ 127.721038584207591, 37.590678097857776 ], [ 127.723114342039764, 37.590626272969182 ], [ 127.730888875578685, 37.589138326009909 ], [ 127.733568019843688, 37.588287128762218 ], [ 127.739473134568556, 37.587163265789698 ], [ 127.7456515565719, 37.588551221205634 ], [ 127.746110313588161, 37.588979605160411 ], [ 127.746688502503218, 37.589444211808775 ], [ 127.747647446177723, 37.59021475599495 ], [ 127.747827473936383, 37.590359396452122 ], [ 127.748803628058397, 37.590683549759902 ], [ 127.753189869687702, 37.591838559038905 ], [ 127.753339588331869, 37.59185744105352 ], [ 127.75349455431747, 37.591875449917666 ], [ 127.764584371437167, 37.585808161655571 ], [ 127.765705875212831, 37.583863145946992 ], [ 127.766077877059757, 37.583217955335911 ], [ 127.766216173501405, 37.582978097658128 ], [ 127.767032888714496, 37.582601901825527 ], [ 127.768425291038795, 37.582325533295787 ], [ 127.773859629479787, 37.58079938222123 ], [ 127.775606718494444, 37.580049199713706 ], [ 127.782909697295437, 37.578690557674157 ], [ 127.784726557679804, 37.578608932749461 ], [ 127.785445588546906, 37.578576623317247 ], [ 127.785643250708972, 37.578567743689874 ], [ 127.785964867614595, 37.57855329601982 ], [ 127.788397340492011, 37.579490899714614 ], [ 127.791188478937144, 37.58264629794963 ], [ 127.792751489582756, 37.585329388349791 ], [ 127.792827909903494, 37.585339585056076 ], [ 127.792885849564598, 37.585347315505537 ], [ 127.792982384713056, 37.585360194193463 ], [ 127.793354675288953, 37.585409856950719 ], [ 127.796406995042133, 37.584410333327355 ], [ 127.798212117015936, 37.58353252937232 ], [ 127.800025320502954, 37.582358907947771 ], [ 127.800197767793307, 37.582247283379388 ], [ 127.800374508360562, 37.582132878683218 ], [ 127.802243429793876, 37.580560579505793 ], [ 127.803155887497496, 37.579792904251541 ], [ 127.804260250878016, 37.578863742453834 ], [ 127.804486194045538, 37.577513162599203 ], [ 127.804873992077162, 37.575195019061127 ], [ 127.805037018765233, 37.57508488536952 ], [ 127.806483403368702, 37.574107761960136 ], [ 127.80765020597795, 37.573841948596808 ], [ 127.809727658654069, 37.573368647947603 ], [ 127.810330024090277, 37.572845174154928 ], [ 127.810670575857273, 37.572243359587503 ], [ 127.810633887955959, 37.572061415434469 ], [ 127.81052779229573, 37.571747433590858 ], [ 127.810390281580794, 37.571541175530108 ], [ 127.810190107121642, 37.571216503658704 ], [ 127.810073367017736, 37.570656279111276 ], [ 127.810228131682905, 37.569582800625618 ], [ 127.810294712331313, 37.569229926363121 ], [ 127.810451430754313, 37.568670915437032 ], [ 127.812904088336495, 37.564640993418777 ], [ 127.81414911875197, 37.564202065740147 ], [ 127.814506400601715, 37.56407610491776 ], [ 127.818269764432941, 37.562987417901354 ], [ 127.82347794289538, 37.561966293560864 ], [ 127.826858306076417, 37.56075103021859 ], [ 127.828602163148346, 37.561210296476069 ], [ 127.828740906586475, 37.561243481148928 ], [ 127.830794965463738, 37.561115451017237 ], [ 127.831309783031955, 37.561083351546941 ], [ 127.837105008634637, 37.560460410998317 ], [ 127.839953548514018, 37.55950406741119 ], [ 127.840372759026408, 37.559109793792949 ], [ 127.84118074970813, 37.558349823567092 ], [ 127.841607204146854, 37.557917203531403 ], [ 127.841758961031815, 37.55776325030719 ], [ 127.842731217668018, 37.556776901886586 ], [ 127.843420233013418, 37.556077873875765 ], [ 127.843477831041454, 37.556019432901316 ], [ 127.843541845780805, 37.555954482578791 ], [ 127.846135346869204, 37.554189769761223 ], [ 127.846400460204251, 37.554129729139163 ], [ 127.848220751966707, 37.553717480069913 ], [ 127.849056772267119, 37.553527857052394 ], [ 127.849447699977105, 37.553211227662707 ], [ 127.849444049106822, 37.55317710418489 ] ] ] ] } },
{ "type": "Feature", "properties": { "OBJECTID": 1669, "adm_nm": "경기도 양평군 양동면", "adm_cd": "3138038", "adm_cd2": "4183038000", "sgg": "41830", "sido": "41", "sidonm": "경기도", "sggnm": "양평군" }, "geometry": { "type": "MultiPolygon", "coordinates": [ [ [ [ 127.759362489779633, 37.503656793329405 ], [ 127.759887671376603, 37.503228556714092 ], [ 127.76002774804391, 37.502706873499378 ], [ 127.760040182644644, 37.502624531779013 ], [ 127.760041980552003, 37.502512353089735 ], [ 127.760073730874339, 37.499732684606109 ], [ 127.759914467588231, 37.498649748382505 ], [ 127.759707656160259, 37.498488847265328 ], [ 127.759664295351897, 37.498448162149302 ], [ 127.759627373097715, 37.498407848650935 ], [ 127.759609444900548, 37.498383625121541 ], [ 127.759590879202364, 37.498355312598072 ], [ 127.759577340063359, 37.498321796265749 ], [ 127.759246936422414, 37.496826466536916 ], [ 127.759233931687959, 37.496749094883796 ], [ 127.759227604208689, 37.496640069771551 ], [ 127.759227947448167, 37.496611728307101 ], [ 127.759228596101309, 37.496558830291555 ], [ 127.759254651837296, 37.496292055662494 ], [ 127.759307328771285, 37.495866256073242 ], [ 127.759740782235241, 37.492952821945373 ], [ 127.760334848861277, 37.492341617188025 ], [ 127.764336958064888, 37.492512140783319 ], [ 127.765226053504207, 37.493077991979838 ], [ 127.7653339881943, 37.49308938443658 ], [ 127.765405904966798, 37.493087889774948 ], [ 127.765754758445553, 37.493064626397654 ], [ 127.765882891269356, 37.493051060984193 ], [ 127.774476462884138, 37.491646757796332 ], [ 127.774561563970167, 37.491378051451562 ], [ 127.774646205939945, 37.491110788286093 ], [ 127.774835642513366, 37.490512600996915 ], [ 127.77504749585745, 37.489843632814065 ], [ 127.776267883554567, 37.488431034231596 ], [ 127.778006180351028, 37.487932142011687 ], [ 127.778861449579352, 37.488012504004345 ], [ 127.780597997909652, 37.488175655230222 ], [ 127.780969548426995, 37.487196081021857 ], [ 127.781254547062105, 37.48644458949498 ], [ 127.781387204421122, 37.484132766292795 ], [ 127.782046391394701, 37.481646120965891 ], [ 127.78784229141948, 37.476052941440479 ], [ 127.787926003368085, 37.475976269982205 ], [ 127.78796318371657, 37.475956335773297 ], [ 127.789844180926295, 37.474996748679025 ], [ 127.794911766759029, 37.472724972053882 ], [ 127.794988410025525, 37.472708831038496 ], [ 127.796450160963317, 37.472522517808301 ], [ 127.796549948952062, 37.472512011651339 ], [ 127.798619548625453, 37.472407267742753 ], [ 127.799118508870777, 37.472402483168786 ], [ 127.799301148842403, 37.47239300430671 ], [ 127.799363721652497, 37.472379593887347 ], [ 127.799415594729311, 37.472363631734943 ], [ 127.79947800686314, 37.472341991274021 ], [ 127.799545190254136, 37.472307859249426 ], [ 127.799599004350142, 37.472274722844368 ], [ 127.799663870390958, 37.472217370185227 ], [ 127.799682392724918, 37.472187918793665 ], [ 127.800631673811537, 37.470141385460352 ], [ 127.800662653111161, 37.47006956225438 ], [ 127.800680444999074, 37.470018627548285 ], [ 127.80068564100479, 37.469984354230036 ], [ 127.800695611421403, 37.469811126487038 ], [ 127.800694974893304, 37.469778135332682 ], [ 127.800588317943081, 37.46832716792035 ], [ 127.800583797749837, 37.468281948759163 ], [ 127.800578024797062, 37.468224360603102 ], [ 127.800563192439583, 37.468159132056492 ], [ 127.800548772681125, 37.468114758317427 ], [ 127.800516573321076, 37.468051693051038 ], [ 127.800494333588816, 37.468008139606681 ], [ 127.799314847113493, 37.465940851033253 ], [ 127.799140230296459, 37.465635588602481 ], [ 127.799092806058084, 37.465576354417223 ], [ 127.799056862971014, 37.46554432691412 ], [ 127.798996485180623, 37.465498417955125 ], [ 127.798941504863791, 37.465470111661084 ], [ 127.798905607918556, 37.465451633369312 ], [ 127.798495601887808, 37.46526537794491 ], [ 127.798320419087474, 37.465210320345186 ], [ 127.798151650937058, 37.465165895972632 ], [ 127.79796764511444, 37.46511746083273 ], [ 127.797894793947236, 37.465113649639314 ], [ 127.797828976794904, 37.465110202853396 ], [ 127.79777244999481, 37.4650923837306 ], [ 127.797705513792607, 37.465067372644008 ], [ 127.79767078113241, 37.46504351978497 ], [ 127.796346167289741, 37.463609326020247 ], [ 127.79629599442039, 37.462820287832898 ], [ 127.79655703892702, 37.459790642387837 ], [ 127.797497096834832, 37.456351205690851 ], [ 127.798278515354156, 37.45470326090841 ], [ 127.799055486733153, 37.452895383510544 ], [ 127.799553542859627, 37.451678875216352 ], [ 127.79970567323187, 37.449351257779952 ], [ 127.799708790959073, 37.44928200744129 ], [ 127.799591967022366, 37.446200034316718 ], [ 127.799584686426755, 37.44612803047162 ], [ 127.799536316278562, 37.445787672530116 ], [ 127.799525198175161, 37.445750116209894 ], [ 127.79951533154069, 37.445716804881918 ], [ 127.799496409062257, 37.445672064572847 ], [ 127.799450075371823, 37.445562521987789 ], [ 127.799354169001177, 37.445393261976065 ], [ 127.799320859064792, 37.445341838348895 ], [ 127.799205352194633, 37.445208028322469 ], [ 127.799181719299042, 37.445181209239742 ], [ 127.799046372675733, 37.445027596557672 ], [ 127.798946760246892, 37.444885721139151 ], [ 127.798933066518316, 37.444842294326676 ], [ 127.798909250966091, 37.444737964878065 ], [ 127.798617577341858, 37.442381703411648 ], [ 127.801400143086113, 37.436268010199477 ], [ 127.801799585135811, 37.435333195407424 ], [ 127.802994435390573, 37.434393283660739 ], [ 127.803023208564625, 37.434365794630786 ], [ 127.803048327747661, 37.434324123739167 ], [ 127.803086520098319, 37.434225426383009 ], [ 127.803103424702158, 37.434181738536275 ], [ 127.803129444347832, 37.434114481635554 ], [ 127.803139838505388, 37.434071740695877 ], [ 127.803960657805987, 37.429116676696381 ], [ 127.803964862690535, 37.429081796224317 ], [ 127.803963578047117, 37.429044176169675 ], [ 127.80395435870858, 37.429005676946247 ], [ 127.803936233436232, 37.428967051894006 ], [ 127.803913222134312, 37.428934609306999 ], [ 127.803858819418394, 37.428878032894744 ], [ 127.802118717073526, 37.427290856998042 ], [ 127.802030187207166, 37.427220881475392 ], [ 127.801996715751287, 37.427200834790682 ], [ 127.801958750297729, 37.427183564992902 ], [ 127.801841490803497, 37.427145644379465 ], [ 127.801758760444315, 37.427128556414431 ], [ 127.801456451063103, 37.427080093754491 ], [ 127.801377275513531, 37.427071471180014 ], [ 127.801324102537151, 37.42707020869905 ], [ 127.800485586960477, 37.4271020298888 ], [ 127.800402244789097, 37.427137380894479 ], [ 127.799956719811505, 37.427166386339863 ], [ 127.798932472423985, 37.427154475062906 ], [ 127.79888816447324, 37.42715220476709 ], [ 127.798812807755695, 37.42714090004614 ], [ 127.798743930323397, 37.427118958907499 ], [ 127.797838671435088, 37.426788023033637 ], [ 127.797710875421004, 37.426736191412388 ], [ 127.797527527234863, 37.426661823601378 ], [ 127.79748800548974, 37.426643381789596 ], [ 127.797445564645415, 37.42662129944619 ], [ 127.794772250626167, 37.424427734240751 ], [ 127.794743955543964, 37.42440284751882 ], [ 127.794708503000535, 37.424370492713592 ], [ 127.794654321098818, 37.424314295438322 ], [ 127.794623235982755, 37.424275655248756 ], [ 127.794608460624204, 37.424248778814025 ], [ 127.794036002252312, 37.4228797162258 ], [ 127.79375355558534, 37.422164482977195 ], [ 127.793740573648151, 37.422131012912139 ], [ 127.792482560266706, 37.41824318940639 ], [ 127.792213018281899, 37.416097244661252 ], [ 127.791804515155846, 37.41385107585679 ], [ 127.790982537229837, 37.412492028118315 ], [ 127.790110398678294, 37.409996914023047 ], [ 127.789421998197838, 37.406907037275701 ], [ 127.788578606276488, 37.406293744296718 ], [ 127.788469529802157, 37.40615155669488 ], [ 127.787903857165432, 37.405414122739707 ], [ 127.787663549575512, 37.402791219881088 ], [ 127.787820841345834, 37.401674811399893 ], [ 127.787869504078742, 37.401329384662112 ], [ 127.787438402813834, 37.400600849319588 ], [ 127.785503491624127, 37.399343264035842 ], [ 127.783785932036665, 37.398638624424123 ], [ 127.783694023832325, 37.398612344419824 ], [ 127.784052384329783, 37.397212820963311 ], [ 127.78433774322653, 37.396098528480003 ], [ 127.784420732511066, 37.395774444258997 ], [ 127.784227525460466, 37.394977549218723 ], [ 127.784209509864581, 37.39490324671528 ], [ 127.783198910755871, 37.393707912348908 ], [ 127.782382817160666, 37.392079125828452 ], [ 127.782619046743022, 37.391558631794815 ], [ 127.783144159587593, 37.390268714375644 ], [ 127.780945699490417, 37.386787936940095 ], [ 127.780371362271211, 37.386833391975252 ], [ 127.778765830076651, 37.385514210511992 ], [ 127.778510947284502, 37.385287201453046 ], [ 127.77748841340042, 37.384376458906118 ], [ 127.776909644787779, 37.383650177034468 ], [ 127.77658544630286, 37.383243234457026 ], [ 127.7758299799101, 37.379814859076738 ], [ 127.77584688488929, 37.378419451782072 ], [ 127.776323655461667, 37.377681324260401 ], [ 127.777173050849058, 37.37671647880061 ], [ 127.777381837851124, 37.37566125335082 ], [ 127.777824113094738, 37.373091917996405 ], [ 127.777797787848058, 37.371195339353939 ], [ 127.773352580375132, 37.370145600824493 ], [ 127.769889510052693, 37.369478963522269 ], [ 127.768650247772129, 37.369389377676931 ], [ 127.76857260692006, 37.369406371125187 ], [ 127.766837378709312, 37.369786115369962 ], [ 127.764108472172609, 37.369940516352642 ], [ 127.76316393267939, 37.369895118796833 ], [ 127.762936485026032, 37.36979512033033 ], [ 127.762312921769407, 37.369520961720703 ], [ 127.761877285349101, 37.369264779308466 ], [ 127.761696021229824, 37.369158178998177 ], [ 127.760309382325715, 37.368029791621808 ], [ 127.759484782416237, 37.367043940374877 ], [ 127.754473871254078, 37.36806375613471 ], [ 127.753605478815459, 37.3684250483483 ], [ 127.752409833403931, 37.369231694932367 ], [ 127.749201042915701, 37.368880595494815 ], [ 127.745779088449666, 37.368895642941489 ], [ 127.739725833685029, 37.370950829252124 ], [ 127.73866615946821, 37.371396976191512 ], [ 127.73204698626715, 37.375666861898445 ], [ 127.728276838188549, 37.374794222950747 ], [ 127.728275084710205, 37.374647940738129 ], [ 127.72823762146858, 37.374473063429825 ], [ 127.728206269703449, 37.374335780052036 ], [ 127.727621466266697, 37.373532417223679 ], [ 127.727542864218606, 37.37344359014137 ], [ 127.725847370025789, 37.372076691702546 ], [ 127.725684709483403, 37.371963217743236 ], [ 127.725525579745991, 37.371863242267374 ], [ 127.724506185383717, 37.371358152912201 ], [ 127.724455275738421, 37.371338725548995 ], [ 127.724007227069251, 37.371213430731068 ], [ 127.723914160334715, 37.371191392337899 ], [ 127.723769678041904, 37.371203820950939 ], [ 127.723643928880719, 37.371230212468468 ], [ 127.723566409447102, 37.371273174789366 ], [ 127.723523845831252, 37.371309498106172 ], [ 127.723498892551532, 37.371356680461574 ], [ 127.723471588022605, 37.371378426577486 ], [ 127.723443944317182, 37.371393966394074 ], [ 127.723002551161201, 37.371559302125725 ], [ 127.722925657905833, 37.371577474771129 ], [ 127.720558347943935, 37.371411776719228 ], [ 127.719816945818948, 37.371080713712061 ], [ 127.719538990474604, 37.371150017339453 ], [ 127.719354890262508, 37.371194301420218 ], [ 127.719208771341499, 37.371195699057296 ], [ 127.718282931710618, 37.371082448783909 ], [ 127.718107120270119, 37.371030979562754 ], [ 127.718018870483178, 37.370988376074209 ], [ 127.717780412958589, 37.370826516571945 ], [ 127.717485175898261, 37.370623220688785 ], [ 127.717132542319007, 37.370380395555436 ], [ 127.716468575367557, 37.369977116186895 ], [ 127.714125100575501, 37.370728404679213 ], [ 127.712867888217303, 37.371133764306599 ], [ 127.711022045954806, 37.37172888515606 ], [ 127.708924167873818, 37.370968685979953 ], [ 127.708755476419768, 37.370718849552645 ], [ 127.708067824321674, 37.370161202625226 ], [ 127.707972434037515, 37.370108233752916 ], [ 127.707700546253761, 37.370079596786567 ], [ 127.707527612464006, 37.370083280538338 ], [ 127.70748367973745, 37.370087621165943 ], [ 127.707423172037224, 37.370093604325518 ], [ 127.707292045024843, 37.370153550967643 ], [ 127.702691832560134, 37.372851215670025 ], [ 127.701310684582225, 37.373877493346427 ], [ 127.70145501552571, 37.376153256468633 ], [ 127.702940229230705, 37.380587859992239 ], [ 127.703343146064597, 37.381042366512581 ], [ 127.704389075328095, 37.382221375559133 ], [ 127.705230041944532, 37.382734599887876 ], [ 127.705999901316119, 37.383204576526218 ], [ 127.703712768969694, 37.38587649179987 ], [ 127.703357389680704, 37.387884964426846 ], [ 127.703359191284477, 37.388029182496169 ], [ 127.703826615930097, 37.390016997996177 ], [ 127.703908467217815, 37.390365069745542 ], [ 127.704012745934634, 37.390807702752561 ], [ 127.704603526105146, 37.392551973367006 ], [ 127.707675971510739, 37.394258773282374 ], [ 127.714362225169324, 37.398487180282565 ], [ 127.715698093646864, 37.401638455153062 ], [ 127.713687371082742, 37.405274666572979 ], [ 127.71366331230918, 37.40530552821663 ], [ 127.713592374275592, 37.405396524452556 ], [ 127.713536054624768, 37.40544278582292 ], [ 127.712477894774608, 37.406111748977565 ], [ 127.712359382744168, 37.406158157586617 ], [ 127.712280338615543, 37.40617632711681 ], [ 127.711612588302856, 37.406291323260014 ], [ 127.710991410881917, 37.406393838565577 ], [ 127.710885979535007, 37.406419148104447 ], [ 127.710754983505041, 37.406450596445779 ], [ 127.710522139750466, 37.406524248335337 ], [ 127.710403262601318, 37.406584198857615 ], [ 127.710372693284341, 37.406621412616353 ], [ 127.709553449524847, 37.408129297494156 ], [ 127.707793482230073, 37.410668658755249 ], [ 127.708585155652074, 37.412691986390058 ], [ 127.70993638732449, 37.415018530786654 ], [ 127.709973679325429, 37.415071077997879 ], [ 127.710005877286591, 37.415116432234939 ], [ 127.710052435729779, 37.415160805488554 ], [ 127.710097940397731, 37.415204153025137 ], [ 127.7102125200187, 37.415261412200039 ], [ 127.710251874800775, 37.415275583990862 ], [ 127.710358864670027, 37.415314107857647 ], [ 127.710491770407017, 37.415357813481087 ], [ 127.710568163465226, 37.415398239454071 ], [ 127.710608590939771, 37.415445546574304 ], [ 127.711389477977534, 37.416617014101305 ], [ 127.712146371668254, 37.419774986626649 ], [ 127.712214032393334, 37.420223300383064 ], [ 127.712231350157737, 37.420352842271519 ], [ 127.712241973455306, 37.42061309586569 ], [ 127.712284320639526, 37.422102545429013 ], [ 127.712256552392518, 37.422775247800288 ], [ 127.712220581591922, 37.423044598707023 ], [ 127.712177435600296, 37.423274527235591 ], [ 127.712120756683561, 37.423467298232715 ], [ 127.712058284385293, 37.423604870265081 ], [ 127.711976892668545, 37.423754987296704 ], [ 127.711956829573737, 37.423787130308845 ], [ 127.711863436714438, 37.423897040334055 ], [ 127.709925826228343, 37.425910567618438 ], [ 127.705479095571192, 37.429539660329226 ], [ 127.705422705838657, 37.429584827131571 ], [ 127.703759066014342, 37.430625414525267 ], [ 127.70363140500983, 37.430703379070899 ], [ 127.703548167569735, 37.430748590317314 ], [ 127.703441551891487, 37.430798377464988 ], [ 127.703153004571092, 37.430912644461351 ], [ 127.702581224971567, 37.431074747556153 ], [ 127.702478139399432, 37.431095205130021 ], [ 127.702257240980799, 37.431115843522349 ], [ 127.702195624813967, 37.431119349824009 ], [ 127.702100945917252, 37.431112750515837 ], [ 127.702047967837728, 37.431104160832739 ], [ 127.699235015547131, 37.434653469286964 ], [ 127.699180209493662, 37.434732223765224 ], [ 127.6991478989558, 37.434794428928171 ], [ 127.699123978106243, 37.434840483530053 ], [ 127.69850219185426, 37.436144016379657 ], [ 127.698875455960092, 37.436767591110957 ], [ 127.698979746313526, 37.436934169951286 ], [ 127.699203050428693, 37.43721772781339 ], [ 127.699250510416235, 37.437267223435917 ], [ 127.699862506018164, 37.437859970849487 ], [ 127.699987802660658, 37.437949895492544 ], [ 127.700088998130184, 37.438013948081974 ], [ 127.701731956086661, 37.440012044672741 ], [ 127.704689894758161, 37.444538778321871 ], [ 127.705744201695566, 37.446385890099599 ], [ 127.705763386932176, 37.446423038351043 ], [ 127.70577479224724, 37.446459107680028 ], [ 127.706401359450197, 37.448736566575434 ], [ 127.706403633611728, 37.448768873219372 ], [ 127.706398138633432, 37.448826344440704 ], [ 127.706376494423736, 37.448918772964689 ], [ 127.704158970004954, 37.45561193565225 ], [ 127.703195269765899, 37.456994948008159 ], [ 127.702464981313554, 37.458201786915168 ], [ 127.701858781970856, 37.460094576341852 ], [ 127.701844057855951, 37.460172571010276 ], [ 127.701831502582735, 37.46046305934626 ], [ 127.701833014934252, 37.460650892613643 ], [ 127.701834672843518, 37.46085627622486 ], [ 127.701916456653933, 37.461829617318685 ], [ 127.701995263618471, 37.462490864503785 ], [ 127.702036357423722, 37.46371215174748 ], [ 127.700637102501943, 37.465735858446209 ], [ 127.700421330316232, 37.465923258970996 ], [ 127.700362771202663, 37.465963920846434 ], [ 127.700214595180071, 37.466056562462491 ], [ 127.699876505088682, 37.46622613725021 ], [ 127.695732676355121, 37.468116378743112 ], [ 127.694063255631335, 37.468060538616349 ], [ 127.694029157432468, 37.468057781433657 ], [ 127.692040924226063, 37.467769210741331 ], [ 127.691992122190868, 37.467759149626637 ], [ 127.691230392262867, 37.467554478459974 ], [ 127.691148613391832, 37.467479073236738 ], [ 127.690820153674736, 37.467158256550654 ], [ 127.690553866904111, 37.466946865111716 ], [ 127.690420129825, 37.466882858052323 ], [ 127.690340176654786, 37.466850311284404 ], [ 127.690294232615557, 37.46684006098284 ], [ 127.69019850567625, 37.466831295137169 ], [ 127.690058121347846, 37.466828231908778 ], [ 127.687387215887213, 37.466837003460903 ], [ 127.686046599520338, 37.466892077269257 ], [ 127.682776844246419, 37.467687005862743 ], [ 127.682703395067307, 37.467710780421214 ], [ 127.682630900281126, 37.467743849291956 ], [ 127.682574230057327, 37.467780836263628 ], [ 127.681053508383769, 37.469072135617651 ], [ 127.680268107148706, 37.470007472260626 ], [ 127.679703812242948, 37.471826313858841 ], [ 127.679284224430077, 37.473450953521457 ], [ 127.676069061176008, 37.476012563912001 ], [ 127.675840968037676, 37.476061116012104 ], [ 127.675733602343669, 37.476093950376743 ], [ 127.675631980109529, 37.476145804010791 ], [ 127.675538739689017, 37.476193390642585 ], [ 127.674787563911849, 37.476593360982491 ], [ 127.67454192608632, 37.47674582923338 ], [ 127.672369356527994, 37.478442466529344 ], [ 127.672271309274791, 37.478531618799771 ], [ 127.672219858566351, 37.478600424082423 ], [ 127.672178315512099, 37.478669213102044 ], [ 127.672157963637133, 37.478716456458464 ], [ 127.671900575683296, 37.480242506874362 ], [ 127.671893777144106, 37.480293944352276 ], [ 127.671895239044744, 37.480381099162472 ], [ 127.67189976994392, 37.480416607395121 ], [ 127.672174125664441, 37.48208315280727 ], [ 127.672184932881933, 37.482144174116854 ], [ 127.672194838877985, 37.482173259455564 ], [ 127.672238868630131, 37.482261079591389 ], [ 127.672746577258991, 37.483248426348638 ], [ 127.672791265942379, 37.483306986887733 ], [ 127.672844374168491, 37.483353094409388 ], [ 127.673782935194737, 37.484153944243282 ], [ 127.673827602884657, 37.484187725804503 ], [ 127.673870758257834, 37.484219527465918 ], [ 127.67394650180978, 37.484269754674699 ], [ 127.674159559501703, 37.4843821118045 ], [ 127.674236372217521, 37.484415737657287 ], [ 127.674303209752892, 37.484444996626806 ], [ 127.67433736458878, 37.484458034096725 ], [ 127.674397321509346, 37.484480911565178 ], [ 127.674489264587606, 37.484497676463626 ], [ 127.674632548223087, 37.484519954799488 ], [ 127.674819520071068, 37.484549016919814 ], [ 127.675801805857077, 37.484689524844697 ], [ 127.676004037150832, 37.484708378727767 ], [ 127.677853539318392, 37.485892051562175 ], [ 127.678191363236081, 37.486211780440549 ], [ 127.680487634525861, 37.489475487446484 ], [ 127.680752985312097, 37.490440665801096 ], [ 127.682639074164129, 37.493265802302084 ], [ 127.68459398619099, 37.496416419942129 ], [ 127.684091940857101, 37.497268993257087 ], [ 127.684034223185748, 37.497376121283146 ], [ 127.683968143165004, 37.497535084528103 ], [ 127.683910600462809, 37.497710945866963 ], [ 127.683904267358358, 37.497743693332112 ], [ 127.683883376947307, 37.497851825749493 ], [ 127.683880374399877, 37.497921478957053 ], [ 127.684027907151261, 37.502293078925504 ], [ 127.684029653955506, 37.502332240518001 ], [ 127.684033893126454, 37.502427147658189 ], [ 127.684074434642895, 37.502811292248211 ], [ 127.684414412280915, 37.503288590892602 ], [ 127.684691612580394, 37.503617050557914 ], [ 127.685818039334791, 37.504175256044256 ], [ 127.686697272226482, 37.504567090991799 ], [ 127.686969121772449, 37.504691725381413 ], [ 127.688122946464759, 37.505451546609038 ], [ 127.688359341599565, 37.505610935865811 ], [ 127.688509704728602, 37.505712324858102 ], [ 127.689336430460614, 37.506299142963499 ], [ 127.689441751052499, 37.506395078479585 ], [ 127.689571032281393, 37.506512841648252 ], [ 127.690068961337957, 37.507106941968225 ], [ 127.6902784673089, 37.507738686348169 ], [ 127.690360462225073, 37.508280498531697 ], [ 127.691207109399258, 37.513887866506266 ], [ 127.691747657057618, 37.516148201881563 ], [ 127.692671488133726, 37.515431325523288 ], [ 127.697433069266751, 37.51345849091188 ], [ 127.698435545329403, 37.513052323371589 ], [ 127.69990661934591, 37.512814361689962 ], [ 127.700208525130677, 37.512932786135188 ], [ 127.700555820499531, 37.513069023904571 ], [ 127.702298506986907, 37.514945394082318 ], [ 127.707206194664181, 37.517061849212546 ], [ 127.707310110934515, 37.517095359798098 ], [ 127.708353055501902, 37.517431486898559 ], [ 127.709500261337709, 37.515114915296365 ], [ 127.709927896373088, 37.514606462522366 ], [ 127.710964677866059, 37.51433913779988 ], [ 127.711366770479728, 37.514235465280706 ], [ 127.717958837606744, 37.512537936333516 ], [ 127.719416230201091, 37.512993039445327 ], [ 127.719935177435758, 37.513155085795887 ], [ 127.721587933381613, 37.511713191592641 ], [ 127.727747832823127, 37.505954103260507 ], [ 127.727794533499221, 37.504801451698896 ], [ 127.727566036375606, 37.504281364244754 ], [ 127.727245576549322, 37.503551934728073 ], [ 127.727465538005902, 37.503344693343415 ], [ 127.728414538226446, 37.503334411868543 ], [ 127.733858211935043, 37.503661771159862 ], [ 127.738819896662875, 37.504923895117912 ], [ 127.741968643016136, 37.506197422833495 ], [ 127.742383847148858, 37.506448954305959 ], [ 127.742861402559328, 37.506737535570963 ], [ 127.74320709058199, 37.506621802240915 ], [ 127.743501422657516, 37.506523213150714 ], [ 127.74605970485112, 37.505394646049922 ], [ 127.747873295935676, 37.504602106149449 ], [ 127.748015714077226, 37.504539887133461 ], [ 127.75125436696473, 37.503496480015286 ], [ 127.755559241540624, 37.503258524198053 ], [ 127.757071445854265, 37.503369041094714 ], [ 127.759362489779633, 37.503656793329405 ] ] ] ] } },
{ "type": "Feature", "properties": { "OBJECTID": 1670, "adm_nm": "경기도 양평군 지평면", "adm_cd": "3138039", "adm_cd2": "4183039500", "sgg": "41830", "sido": "41", "sidonm": "경기도", "sggnm": "양평군" }, "geometry": { "type": "MultiPolygon", "coordinates": [ [ [ [ 127.645501932187827, 37.502889875071972 ], [ 127.646177451611536, 37.50298482198815 ], [ 127.647658904394433, 37.502999880097342 ], [ 127.64832194119839, 37.502877365122082 ], [ 127.648521976206482, 37.502839932466458 ], [ 127.648638560184111, 37.502791337437138 ], [ 127.650817155584363, 37.501718204545909 ], [ 127.650877176915174, 37.501679819863753 ], [ 127.650992277548028, 37.501598549896208 ], [ 127.65118918858343, 37.501416898213215 ], [ 127.651232555023157, 37.501372549595523 ], [ 127.651302803789207, 37.501300701922339 ], [ 127.65142977965553, 37.501150687181593 ], [ 127.651541320591761, 37.500997129904995 ], [ 127.651770403140503, 37.500705200736775 ], [ 127.651868266449085, 37.500610638876843 ], [ 127.651946838386891, 37.500538221265373 ], [ 127.652033689999556, 37.500475013917274 ], [ 127.652072535720009, 37.500455809894511 ], [ 127.652206769627099, 37.500410573235698 ], [ 127.65240399249204, 37.50036862628599 ], [ 127.652503816875793, 37.500357219570233 ], [ 127.655152134641341, 37.500098091400744 ], [ 127.660520252574685, 37.499147792997817 ], [ 127.662802701671751, 37.49848779914452 ], [ 127.669506078557106, 37.497359550419517 ], [ 127.669590170316923, 37.497340275702349 ], [ 127.669774295416303, 37.497267451269565 ], [ 127.669833183716364, 37.497244156449646 ], [ 127.670150349173582, 37.497106241737512 ], [ 127.670262625772466, 37.497044111054585 ], [ 127.670291651576122, 37.497027655341292 ], [ 127.670451875097669, 37.496936800924964 ], [ 127.671840290067877, 37.495942231223573 ], [ 127.671899622161334, 37.495869964398096 ], [ 127.67194822993639, 37.495794404236243 ], [ 127.672282453816592, 37.495084091336807 ], [ 127.67237721941612, 37.494788755611097 ], [ 127.672401476027176, 37.494735088914247 ], [ 127.672441939286045, 37.494645569241627 ], [ 127.672501116957378, 37.494553092788372 ], [ 127.672544993626758, 37.494498748426174 ], [ 127.672668928913964, 37.494351166893438 ], [ 127.672773890534842, 37.494244480933716 ], [ 127.67287208017818, 37.494144682215087 ], [ 127.672935571868592, 37.494083747052251 ], [ 127.673043572885604, 37.494004719338051 ], [ 127.677519818768829, 37.491021314494027 ], [ 127.679429429253929, 37.489829751986349 ], [ 127.67952403427195, 37.48977439953466 ], [ 127.679660346055641, 37.489718983590976 ], [ 127.680018534661329, 37.489609147593193 ], [ 127.680487634525861, 37.489475487446484 ], [ 127.678191363236081, 37.486211780440549 ], [ 127.677853539318392, 37.485892051562175 ], [ 127.676004037150832, 37.484708378727767 ], [ 127.675801805857077, 37.484689524844697 ], [ 127.674819520071068, 37.484549016919814 ], [ 127.674632548223087, 37.484519954799488 ], [ 127.674489264587606, 37.484497676463626 ], [ 127.674397321509346, 37.484480911565178 ], [ 127.67433736458878, 37.484458034096725 ], [ 127.674303209752892, 37.484444996626806 ], [ 127.674236372217521, 37.484415737657287 ], [ 127.674159559501703, 37.4843821118045 ], [ 127.67394650180978, 37.484269754674699 ], [ 127.673870758257834, 37.484219527465918 ], [ 127.673827602884657, 37.484187725804503 ], [ 127.673782935194737, 37.484153944243282 ], [ 127.672844374168491, 37.483353094409388 ], [ 127.672791265942379, 37.483306986887733 ], [ 127.672746577258991, 37.483248426348638 ], [ 127.672238868630131, 37.482261079591389 ], [ 127.672194838877985, 37.482173259455564 ], [ 127.672184932881933, 37.482144174116854 ], [ 127.672174125664441, 37.48208315280727 ], [ 127.67189976994392, 37.480416607395121 ], [ 127.671895239044744, 37.480381099162472 ], [ 127.671893777144106, 37.480293944352276 ], [ 127.671900575683296, 37.480242506874362 ], [ 127.672157963637133, 37.478716456458464 ], [ 127.672178315512099, 37.478669213102044 ], [ 127.672219858566351, 37.478600424082423 ], [ 127.672271309274791, 37.478531618799771 ], [ 127.672369356527994, 37.478442466529344 ], [ 127.67454192608632, 37.47674582923338 ], [ 127.674787563911849, 37.476593360982491 ], [ 127.675538739689017, 37.476193390642585 ], [ 127.675631980109529, 37.476145804010791 ], [ 127.675733602343669, 37.476093950376743 ], [ 127.675840968037676, 37.476061116012104 ], [ 127.676069061176008, 37.476012563912001 ], [ 127.679284224430077, 37.473450953521457 ], [ 127.679703812242948, 37.471826313858841 ], [ 127.680268107148706, 37.470007472260626 ], [ 127.681053508383769, 37.469072135617651 ], [ 127.682574230057327, 37.467780836263628 ], [ 127.682630900281126, 37.467743849291956 ], [ 127.682703395067307, 37.467710780421214 ], [ 127.682776844246419, 37.467687005862743 ], [ 127.686046599520338, 37.466892077269257 ], [ 127.687387215887213, 37.466837003460903 ], [ 127.690058121347846, 37.466828231908778 ], [ 127.69019850567625, 37.466831295137169 ], [ 127.690294232615557, 37.46684006098284 ], [ 127.690340176654786, 37.466850311284404 ], [ 127.690420129825, 37.466882858052323 ], [ 127.690553866904111, 37.466946865111716 ], [ 127.690820153674736, 37.467158256550654 ], [ 127.691148613391832, 37.467479073236738 ], [ 127.691230392262867, 37.467554478459974 ], [ 127.691992122190868, 37.467759149626637 ], [ 127.692040924226063, 37.467769210741331 ], [ 127.694029157432468, 37.468057781433657 ], [ 127.694063255631335, 37.468060538616349 ], [ 127.695732676355121, 37.468116378743112 ], [ 127.699876505088682, 37.46622613725021 ], [ 127.700214595180071, 37.466056562462491 ], [ 127.700362771202663, 37.465963920846434 ], [ 127.700421330316232, 37.465923258970996 ], [ 127.700637102501943, 37.465735858446209 ], [ 127.702036357423722, 37.46371215174748 ], [ 127.701995263618471, 37.462490864503785 ], [ 127.701916456653933, 37.461829617318685 ], [ 127.701834672843518, 37.46085627622486 ], [ 127.701833014934252, 37.460650892613643 ], [ 127.701831502582735, 37.46046305934626 ], [ 127.701844057855951, 37.460172571010276 ], [ 127.701858781970856, 37.460094576341852 ], [ 127.702464981313554, 37.458201786915168 ], [ 127.703195269765899, 37.456994948008159 ], [ 127.704158970004954, 37.45561193565225 ], [ 127.706376494423736, 37.448918772964689 ], [ 127.706398138633432, 37.448826344440704 ], [ 127.706403633611728, 37.448768873219372 ], [ 127.706401359450197, 37.448736566575434 ], [ 127.70577479224724, 37.446459107680028 ], [ 127.705763386932176, 37.446423038351043 ], [ 127.705744201695566, 37.446385890099599 ], [ 127.704689894758161, 37.444538778321871 ], [ 127.701731956086661, 37.440012044672741 ], [ 127.700088998130184, 37.438013948081974 ], [ 127.699987802660658, 37.437949895492544 ], [ 127.699862506018164, 37.437859970849487 ], [ 127.699250510416235, 37.437267223435917 ], [ 127.699203050428693, 37.43721772781339 ], [ 127.698979746313526, 37.436934169951286 ], [ 127.698875455960092, 37.436767591110957 ], [ 127.69850219185426, 37.436144016379657 ], [ 127.699123978106243, 37.434840483530053 ], [ 127.6991478989558, 37.434794428928171 ], [ 127.699180209493662, 37.434732223765224 ], [ 127.699235015547131, 37.434653469286964 ], [ 127.702047967837728, 37.431104160832739 ], [ 127.702100945917252, 37.431112750515837 ], [ 127.702195624813967, 37.431119349824009 ], [ 127.702257240980799, 37.431115843522349 ], [ 127.702478139399432, 37.431095205130021 ], [ 127.702581224971567, 37.431074747556153 ], [ 127.703153004571092, 37.430912644461351 ], [ 127.703441551891487, 37.430798377464988 ], [ 127.703548167569735, 37.430748590317314 ], [ 127.70363140500983, 37.430703379070899 ], [ 127.703759066014342, 37.430625414525267 ], [ 127.705422705838657, 37.429584827131571 ], [ 127.705479095571192, 37.429539660329226 ], [ 127.709925826228343, 37.425910567618438 ], [ 127.711863436714438, 37.423897040334055 ], [ 127.711956829573737, 37.423787130308845 ], [ 127.711976892668545, 37.423754987296704 ], [ 127.712058284385293, 37.423604870265081 ], [ 127.712120756683561, 37.423467298232715 ], [ 127.712177435600296, 37.423274527235591 ], [ 127.712220581591922, 37.423044598707023 ], [ 127.712256552392518, 37.422775247800288 ], [ 127.712284320639526, 37.422102545429013 ], [ 127.712241973455306, 37.42061309586569 ], [ 127.712231350157737, 37.420352842271519 ], [ 127.712214032393334, 37.420223300383064 ], [ 127.712146371668254, 37.419774986626649 ], [ 127.711389477977534, 37.416617014101305 ], [ 127.710608590939771, 37.415445546574304 ], [ 127.710568163465226, 37.415398239454071 ], [ 127.710491770407017, 37.415357813481087 ], [ 127.710358864670027, 37.415314107857647 ], [ 127.710251874800775, 37.415275583990862 ], [ 127.7102125200187, 37.415261412200039 ], [ 127.710097940397731, 37.415204153025137 ], [ 127.710052435729779, 37.415160805488554 ], [ 127.710005877286591, 37.415116432234939 ], [ 127.709973679325429, 37.415071077997879 ], [ 127.70993638732449, 37.415018530786654 ], [ 127.708585155652074, 37.412691986390058 ], [ 127.707793482230073, 37.410668658755249 ], [ 127.707306727883704, 37.410613177064846 ], [ 127.707171075650649, 37.410594260542062 ], [ 127.707077754074803, 37.410569464850617 ], [ 127.705482109740331, 37.409961735897177 ], [ 127.705414218284048, 37.409928052161717 ], [ 127.703441373329809, 37.408724796211004 ], [ 127.703380412173047, 37.408685411670739 ], [ 127.703319487659655, 37.408615659572384 ], [ 127.70328738687175, 37.408574467660507 ], [ 127.702279877286855, 37.408076615252433 ], [ 127.700080394950376, 37.407435871569575 ], [ 127.699946000420042, 37.407457939343153 ], [ 127.699768381299236, 37.407487101749496 ], [ 127.699595374947194, 37.407496407728459 ], [ 127.699326336395714, 37.407505875390449 ], [ 127.69900851124676, 37.407496270255002 ], [ 127.698880611561123, 37.407470570806154 ], [ 127.698807814215954, 37.407447032026745 ], [ 127.69874489564144, 37.407424603321346 ], [ 127.698699488359424, 37.407407449772606 ], [ 127.698607660380205, 37.407338076159171 ], [ 127.698565159498955, 37.407289698400348 ], [ 127.698448923935786, 37.407132152151597 ], [ 127.698365171713078, 37.406973424565798 ], [ 127.698286478845347, 37.406856377232621 ], [ 127.698170734949528, 37.406713423207059 ], [ 127.698152286368838, 37.406690681674874 ], [ 127.697998002905436, 37.406519788900319 ], [ 127.697874183106805, 37.406370323012055 ], [ 127.697834819602988, 37.406332986137578 ], [ 127.697794180476706, 37.40629609305968 ], [ 127.697776247951495, 37.406270136284078 ], [ 127.697745974791957, 37.406226316774642 ], [ 127.697711878511399, 37.40615088325378 ], [ 127.697694701618644, 37.406064154188165 ], [ 127.697661124923997, 37.40591548268651 ], [ 127.697590116953535, 37.40576800045524 ], [ 127.697493683073588, 37.405619433925182 ], [ 127.696627690113672, 37.404739778529866 ], [ 127.696513746813849, 37.404643069629145 ], [ 127.69629555229065, 37.404462200637816 ], [ 127.696269561344366, 37.404440675566832 ], [ 127.695005818463201, 37.403477152463395 ], [ 127.694947066328751, 37.403434451821354 ], [ 127.694914554588522, 37.403410826166862 ], [ 127.691509685430816, 37.401606869178337 ], [ 127.687002006804931, 37.399529641523451 ], [ 127.686818254365178, 37.399467962058623 ], [ 127.686392375632039, 37.399435959106505 ], [ 127.686247826966095, 37.399524071503564 ], [ 127.686135287433927, 37.400676141121977 ], [ 127.686156885204156, 37.401660703094606 ], [ 127.686659678166507, 37.405888545971493 ], [ 127.68722793722506, 37.410581328489378 ], [ 127.68747392196309, 37.411229936097222 ], [ 127.687419114814816, 37.411344944301412 ], [ 127.687285456518879, 37.411558106876619 ], [ 127.68694640912264, 37.411834677238922 ], [ 127.686897593931732, 37.411873554270343 ], [ 127.686834358673536, 37.411923879047173 ], [ 127.686732104672487, 37.411988263836612 ], [ 127.68658750565686, 37.412060602438039 ], [ 127.686314475289123, 37.412181592436902 ], [ 127.686192263982548, 37.412228070767384 ], [ 127.686094327515093, 37.412265316700733 ], [ 127.685690678412826, 37.412401158186746 ], [ 127.685148652341553, 37.41255862282226 ], [ 127.684771715220322, 37.412644843499777 ], [ 127.684445445698984, 37.412655493467213 ], [ 127.676280597072619, 37.412798649272005 ], [ 127.671217633906053, 37.412311458126169 ], [ 127.668441063495877, 37.411891798352315 ], [ 127.667270616048398, 37.412447808231441 ], [ 127.666639296643169, 37.413123607266549 ], [ 127.665230834539727, 37.41434131882307 ], [ 127.662381740280381, 37.415425848159643 ], [ 127.6621609861526, 37.415499334089958 ], [ 127.662066058368751, 37.415519637111245 ], [ 127.6616731534655, 37.415603660751017 ], [ 127.661400634429455, 37.415655862378266 ], [ 127.661161976226964, 37.415688862928036 ], [ 127.660955783369843, 37.415710551568282 ], [ 127.660646701401831, 37.415734434844858 ], [ 127.660178237568729, 37.41574991618122 ], [ 127.658538301910426, 37.41747150619878 ], [ 127.658472579375044, 37.417489671458412 ], [ 127.658423178438127, 37.417471660524335 ], [ 127.657521310144332, 37.416506137215599 ], [ 127.654128166277829, 37.412694396745486 ], [ 127.653763978674831, 37.412124748608107 ], [ 127.652803440949057, 37.410398609402819 ], [ 127.652763751178114, 37.410306385567658 ], [ 127.65275669673575, 37.410276955626493 ], [ 127.652746049016457, 37.410230881846772 ], [ 127.652754937624493, 37.410139641737921 ], [ 127.652789864930355, 37.410027951732694 ], [ 127.652829316634438, 37.409901806751868 ], [ 127.652887831816741, 37.409787120681806 ], [ 127.652958749865448, 37.409648126354355 ], [ 127.6530633665528, 37.409349408951215 ], [ 127.653079464355727, 37.409275024285641 ], [ 127.65308214486798, 37.409204037163761 ], [ 127.653068528167864, 37.409109409923545 ], [ 127.653025963832931, 37.409015946874788 ], [ 127.652190670618467, 37.40770777080558 ], [ 127.652163350683438, 37.407675464456169 ], [ 127.652132383748409, 37.407638924504383 ], [ 127.652069663003886, 37.407590747110646 ], [ 127.647287704416073, 37.405001952556816 ], [ 127.647024725029254, 37.40486256589201 ], [ 127.646840358213154, 37.404781715832726 ], [ 127.64654767450223, 37.404670488057342 ], [ 127.646348422647307, 37.404616652020991 ], [ 127.646238234551419, 37.404605503071416 ], [ 127.646023589007967, 37.404624940717042 ], [ 127.645945987106899, 37.404642659419942 ], [ 127.645666412169689, 37.40470650553516 ], [ 127.645496690730297, 37.404754731946369 ], [ 127.645399616626634, 37.404782324536122 ], [ 127.645195527061432, 37.404867881981218 ], [ 127.645130067476643, 37.404895328258128 ], [ 127.6450807114675, 37.404918112630916 ], [ 127.64490005153317, 37.405001522569385 ], [ 127.643085603063767, 37.405930656864754 ], [ 127.642925325391246, 37.406017979041202 ], [ 127.642716270805025, 37.40619252335884 ], [ 127.64245292323622, 37.406417409915939 ], [ 127.642375382942646, 37.406492993907982 ], [ 127.642256309448697, 37.406636223230763 ], [ 127.642218299695443, 37.406730278405213 ], [ 127.642193163438421, 37.406854891999032 ], [ 127.64218193242948, 37.407268413648438 ], [ 127.64218855921095, 37.407408119595736 ], [ 127.642204996142993, 37.407519645613299 ], [ 127.642236971950837, 37.40761425205784 ], [ 127.641441235329822, 37.408570895705267 ], [ 127.635382315742021, 37.413474507188127 ], [ 127.635272192158922, 37.413506181512474 ], [ 127.63509283734227, 37.413527794345192 ], [ 127.634876048170767, 37.41354606944541 ], [ 127.634050524552279, 37.413614611777447 ], [ 127.633820282744225, 37.413618252781689 ], [ 127.632226891256579, 37.41360427144825 ], [ 127.627050872995227, 37.413399227109032 ], [ 127.626612220548964, 37.413316776192659 ], [ 127.626569807411542, 37.413308500973251 ], [ 127.626503298587721, 37.413271454255842 ], [ 127.62638811856975, 37.413207290164578 ], [ 127.626205472112389, 37.413088668151268 ], [ 127.624350903357197, 37.411731188065666 ], [ 127.624259065303121, 37.411661933376799 ], [ 127.624228560887872, 37.41163892526842 ], [ 127.624066519561467, 37.411479181659146 ], [ 127.623997881128361, 37.41137213370758 ], [ 127.623916401772775, 37.411211097516244 ], [ 127.623800084438983, 37.410912637339948 ], [ 127.623770359330081, 37.410854088693512 ], [ 127.623749771715779, 37.410813538240035 ], [ 127.623693151123518, 37.410740360384722 ], [ 127.623648858607041, 37.410701332803733 ], [ 127.623561597732902, 37.41062444529684 ], [ 127.623072240204664, 37.41023848910875 ], [ 127.622304341001765, 37.409677050245044 ], [ 127.621991214202353, 37.409511745175926 ], [ 127.621850551822433, 37.409440906553932 ], [ 127.62141157375558, 37.409250888445548 ], [ 127.621292231049893, 37.409199234767478 ], [ 127.621157266707513, 37.40914979724613 ], [ 127.62025516453663, 37.409005370689705 ], [ 127.620200205994479, 37.409085424055505 ], [ 127.619177994074221, 37.41068415479635 ], [ 127.619058478822723, 37.411030179702429 ], [ 127.619055238033127, 37.411067356768498 ], [ 127.619048767783127, 37.41114173522557 ], [ 127.619060290771955, 37.411282564205663 ], [ 127.619066598110606, 37.411326582140752 ], [ 127.619077429982482, 37.411401979756953 ], [ 127.618226317479895, 37.41315827063449 ], [ 127.616942833987636, 37.414851765129491 ], [ 127.614464997504641, 37.41474614628244 ], [ 127.611141633743287, 37.415521123145574 ], [ 127.609145975305083, 37.416731957055916 ], [ 127.60897579203872, 37.41724590004155 ], [ 127.60011535688146, 37.420629398605499 ], [ 127.596219276186631, 37.420725025123268 ], [ 127.595669279559289, 37.420710733949335 ], [ 127.5942852360469, 37.42067475415972 ], [ 127.594130529771803, 37.420368160872641 ], [ 127.593538952597655, 37.419804389971112 ], [ 127.592709961973853, 37.420575721653528 ], [ 127.591231845697536, 37.421962740880247 ], [ 127.590557569138696, 37.422794762715007 ], [ 127.590224158826487, 37.423374171127314 ], [ 127.589020996203075, 37.424985169684703 ], [ 127.587316991816692, 37.426029785380443 ], [ 127.585487017174373, 37.428782577745103 ], [ 127.58452169873361, 37.434125056725634 ], [ 127.584510776491356, 37.434464207428753 ], [ 127.585525637593221, 37.436023985231273 ], [ 127.586492242261471, 37.437567357123491 ], [ 127.587486921044302, 37.441538961398102 ], [ 127.588673589396606, 37.44385108595467 ], [ 127.588405729244911, 37.445408564909833 ], [ 127.588293693155379, 37.44687000227264 ], [ 127.588296192793763, 37.447198993982049 ], [ 127.588965226721754, 37.448377998328603 ], [ 127.589317529224573, 37.448639306916093 ], [ 127.593291277695613, 37.450737565340759 ], [ 127.594261909696712, 37.451139376687578 ], [ 127.594739209331479, 37.45133695385725 ], [ 127.598755091084897, 37.451934206692513 ], [ 127.599908468619873, 37.452040275429475 ], [ 127.600865840221573, 37.452109941538815 ], [ 127.600979841145502, 37.452118235076149 ], [ 127.601388955105023, 37.452099857340045 ], [ 127.601881458370514, 37.45207577274634 ], [ 127.603412321094282, 37.451769102832166 ], [ 127.604895568770999, 37.451272040153846 ], [ 127.605039652994591, 37.451223463346636 ], [ 127.606123143685181, 37.451375728943042 ], [ 127.609010551153872, 37.452908816178414 ], [ 127.609092593835058, 37.452957189298012 ], [ 127.610976191587142, 37.454180213557159 ], [ 127.611973128759303, 37.455008499561799 ], [ 127.612019203038386, 37.455083955810863 ], [ 127.612117295947385, 37.455242524283889 ], [ 127.612167179772328, 37.455292248065511 ], [ 127.612458643492218, 37.45550266702287 ], [ 127.614670225271809, 37.456686973936527 ], [ 127.614864929934413, 37.45674541104335 ], [ 127.614897083744822, 37.456754411542668 ], [ 127.61497351795289, 37.456772309679423 ], [ 127.615053391021064, 37.456780118958541 ], [ 127.615283071641969, 37.456788908859195 ], [ 127.616111830684417, 37.456732627027201 ], [ 127.616499849498368, 37.456702085227903 ], [ 127.616699084138247, 37.456670340609719 ], [ 127.616732764816049, 37.456660582435099 ], [ 127.616788799410656, 37.456644337516437 ], [ 127.61694133243688, 37.456573203571551 ], [ 127.617059230357853, 37.456500977024724 ], [ 127.617151287001604, 37.456418456160989 ], [ 127.617221540307014, 37.456355469772483 ], [ 127.617271658691905, 37.456315984987754 ], [ 127.617350010016494, 37.456261824841356 ], [ 127.617506780675612, 37.456190685955022 ], [ 127.617550571204603, 37.456174868380764 ], [ 127.617929923537744, 37.456085479870154 ], [ 127.61807475672461, 37.456066181081731 ], [ 127.618558064398272, 37.45602851558769 ], [ 127.619614584177825, 37.456046605146234 ], [ 127.619790489524732, 37.456056562913794 ], [ 127.620268356157567, 37.456109037734834 ], [ 127.620820445872809, 37.456213259196737 ], [ 127.620905279994986, 37.456233453326071 ], [ 127.621412205523967, 37.456382786857617 ], [ 127.621539657426737, 37.456428477138239 ], [ 127.62160666872812, 37.456456950172857 ], [ 127.621837222273896, 37.456564877444599 ], [ 127.622060733454205, 37.456687458845266 ], [ 127.62211732858097, 37.456724582004334 ], [ 127.622166462359814, 37.456767304064456 ], [ 127.622172222958397, 37.456803958741588 ], [ 127.622402613023013, 37.460497657339189 ], [ 127.622404852702601, 37.460567511362427 ], [ 127.62239384452171, 37.46075117733934 ], [ 127.622377514884619, 37.460840449020239 ], [ 127.622372661338886, 37.460866611865164 ], [ 127.621808458943889, 37.462742191793588 ], [ 127.621063423126898, 37.464029034602319 ], [ 127.620245607683771, 37.467937314416908 ], [ 127.62029256592109, 37.469458330082382 ], [ 127.619861543371115, 37.476620154938871 ], [ 127.619858520903506, 37.47664678536804 ], [ 127.619855275355718, 37.476675370192865 ], [ 127.619836271330158, 37.476749100779699 ], [ 127.619812202848451, 37.476828619686032 ], [ 127.619787079011971, 37.476910922184587 ], [ 127.619770221696342, 37.476950049703731 ], [ 127.619744821854567, 37.477008988969565 ], [ 127.619571455978857, 37.477338164458772 ], [ 127.61794664496567, 37.480226433100874 ], [ 127.61721349640942, 37.481528514328978 ], [ 127.617114739000286, 37.481663817609075 ], [ 127.617002512477455, 37.48177885334082 ], [ 127.616942517561768, 37.48182061096621 ], [ 127.616772304491704, 37.481939074073608 ], [ 127.616426943208083, 37.482143349616955 ], [ 127.61626022106033, 37.482215623300021 ], [ 127.615685547308203, 37.482512539437636 ], [ 127.614797706733327, 37.483217572759266 ], [ 127.614762886811192, 37.483269886875384 ], [ 127.613391594703145, 37.48600753959046 ], [ 127.613347231550165, 37.486209716712636 ], [ 127.613357341849294, 37.486268969275322 ], [ 127.613617442544651, 37.487161073992127 ], [ 127.613904710446008, 37.487779361261715 ], [ 127.613933442178194, 37.488546623081909 ], [ 127.613957210699255, 37.489300369064637 ], [ 127.613958749630001, 37.489382617395286 ], [ 127.613978901241168, 37.489429188757413 ], [ 127.614027112196283, 37.489471403767908 ], [ 127.614066395652756, 37.489503071459666 ], [ 127.614389797600396, 37.489699932981893 ], [ 127.614479411666423, 37.489759868261366 ], [ 127.614595035980415, 37.489837192671082 ], [ 127.614682031609235, 37.48988599844332 ], [ 127.614787504337457, 37.489945169956584 ], [ 127.614997598223198, 37.490024962030006 ], [ 127.615776653159159, 37.490324131251342 ], [ 127.615823165153856, 37.490344141092493 ], [ 127.616016963448232, 37.490395779581512 ], [ 127.616133625941714, 37.490418667863487 ], [ 127.616228415676886, 37.490437259999396 ], [ 127.616647079619696, 37.490513463628105 ], [ 127.61735582707432, 37.49072458311781 ], [ 127.617386494689455, 37.490739398174775 ], [ 127.617444275270088, 37.490767310186285 ], [ 127.617546133346295, 37.490798756751978 ], [ 127.617650805390355, 37.490821186751617 ], [ 127.619342282329924, 37.490829396237565 ], [ 127.619493948972661, 37.49081144993783 ], [ 127.619689801402316, 37.49080111129787 ], [ 127.619816328763008, 37.490802109755315 ], [ 127.619848942827403, 37.490810002399677 ], [ 127.619891300744911, 37.490821187758122 ], [ 127.61998713351403, 37.490860840777273 ], [ 127.620043414556903, 37.490884129023698 ], [ 127.620525941673534, 37.491101083650193 ], [ 127.620818991234444, 37.491317121536632 ], [ 127.624794724112661, 37.495268863857234 ], [ 127.624849411291919, 37.495457865062612 ], [ 127.625714416345346, 37.499802888874022 ], [ 127.625067838177998, 37.500899861646246 ], [ 127.624899832290481, 37.501491560788622 ], [ 127.624953088601444, 37.50162896276445 ], [ 127.627112382035236, 37.503584876003941 ], [ 127.628851499697333, 37.504950844502055 ], [ 127.630469242943761, 37.505692664495989 ], [ 127.632757867009346, 37.506660208750787 ], [ 127.632914855170341, 37.506660032211705 ], [ 127.633345225648981, 37.50650180829404 ], [ 127.636496010962134, 37.504787869173946 ], [ 127.6392064800405, 37.503050847805234 ], [ 127.640113579034221, 37.502057003214887 ], [ 127.645501932187827, 37.502889875071972 ] ] ] ] } },
{ "type": "Feature", "properties": { "OBJECTID": 1671, "adm_nm": "경기도 양평군 용문면", "adm_cd": "3138040", "adm_cd2": "4183040000", "sgg": "41830", "sido": "41", "sidonm": "경기도", "sggnm": "양평군" }, "geometry": { "type": "MultiPolygon", "coordinates": [ [ [ [ 127.645501932187827, 37.502889875071972 ], [ 127.640113579034221, 37.502057003214887 ], [ 127.6392064800405, 37.503050847805234 ], [ 127.636496010962134, 37.504787869173946 ], [ 127.633345225648981, 37.50650180829404 ], [ 127.632914855170341, 37.506660032211705 ], [ 127.632757867009346, 37.506660208750787 ], [ 127.630469242943761, 37.505692664495989 ], [ 127.628851499697333, 37.504950844502055 ], [ 127.627112382035236, 37.503584876003941 ], [ 127.624953088601444, 37.50162896276445 ], [ 127.624899832290481, 37.501491560788622 ], [ 127.625067838177998, 37.500899861646246 ], [ 127.625714416345346, 37.499802888874022 ], [ 127.624849411291919, 37.495457865062612 ], [ 127.624794724112661, 37.495268863857234 ], [ 127.620818991234444, 37.491317121536632 ], [ 127.620525941673534, 37.491101083650193 ], [ 127.620043414556903, 37.490884129023698 ], [ 127.61998713351403, 37.490860840777273 ], [ 127.619891300744911, 37.490821187758122 ], [ 127.619848942827403, 37.490810002399677 ], [ 127.619816328763008, 37.490802109755315 ], [ 127.619689801402316, 37.49080111129787 ], [ 127.619493948972661, 37.49081144993783 ], [ 127.619342282329924, 37.490829396237565 ], [ 127.617650805390355, 37.490821186751617 ], [ 127.617546133346295, 37.490798756751978 ], [ 127.617444275270088, 37.490767310186285 ], [ 127.617386494689455, 37.490739398174775 ], [ 127.61735582707432, 37.49072458311781 ], [ 127.616647079619696, 37.490513463628105 ], [ 127.616228415676886, 37.490437259999396 ], [ 127.616133625941714, 37.490418667863487 ], [ 127.616016963448232, 37.490395779581512 ], [ 127.615823165153856, 37.490344141092493 ], [ 127.615776653159159, 37.490324131251342 ], [ 127.614997598223198, 37.490024962030006 ], [ 127.614787504337457, 37.489945169956584 ], [ 127.614682031609235, 37.48988599844332 ], [ 127.614595035980415, 37.489837192671082 ], [ 127.614479411666423, 37.489759868261366 ], [ 127.614389797600396, 37.489699932981893 ], [ 127.614066395652756, 37.489503071459666 ], [ 127.614027112196283, 37.489471403767908 ], [ 127.613978901241168, 37.489429188757413 ], [ 127.613958749630001, 37.489382617395286 ], [ 127.613957210699255, 37.489300369064637 ], [ 127.613933442178194, 37.488546623081909 ], [ 127.613904710446008, 37.487779361261715 ], [ 127.613617442544651, 37.487161073992127 ], [ 127.613357341849294, 37.486268969275322 ], [ 127.613347231550165, 37.486209716712636 ], [ 127.613391594703145, 37.48600753959046 ], [ 127.614762886811192, 37.483269886875384 ], [ 127.614797706733327, 37.483217572759266 ], [ 127.615685547308203, 37.482512539437636 ], [ 127.61626022106033, 37.482215623300021 ], [ 127.616426943208083, 37.482143349616955 ], [ 127.616772304491704, 37.481939074073608 ], [ 127.616942517561768, 37.48182061096621 ], [ 127.617002512477455, 37.48177885334082 ], [ 127.617114739000286, 37.481663817609075 ], [ 127.61721349640942, 37.481528514328978 ], [ 127.61794664496567, 37.480226433100874 ], [ 127.619571455978857, 37.477338164458772 ], [ 127.619744821854567, 37.477008988969565 ], [ 127.619770221696342, 37.476950049703731 ], [ 127.619787079011971, 37.476910922184587 ], [ 127.619812202848451, 37.476828619686032 ], [ 127.619836271330158, 37.476749100779699 ], [ 127.619855275355718, 37.476675370192865 ], [ 127.619858520903506, 37.47664678536804 ], [ 127.619861543371115, 37.476620154938871 ], [ 127.62029256592109, 37.469458330082382 ], [ 127.620245607683771, 37.467937314416908 ], [ 127.621063423126898, 37.464029034602319 ], [ 127.621808458943889, 37.462742191793588 ], [ 127.622372661338886, 37.460866611865164 ], [ 127.622377514884619, 37.460840449020239 ], [ 127.62239384452171, 37.46075117733934 ], [ 127.622404852702601, 37.460567511362427 ], [ 127.622402613023013, 37.460497657339189 ], [ 127.622172222958397, 37.456803958741588 ], [ 127.622166462359814, 37.456767304064456 ], [ 127.62211732858097, 37.456724582004334 ], [ 127.622060733454205, 37.456687458845266 ], [ 127.621837222273896, 37.456564877444599 ], [ 127.62160666872812, 37.456456950172857 ], [ 127.621539657426737, 37.456428477138239 ], [ 127.621412205523967, 37.456382786857617 ], [ 127.620905279994986, 37.456233453326071 ], [ 127.620820445872809, 37.456213259196737 ], [ 127.620268356157567, 37.456109037734834 ], [ 127.619790489524732, 37.456056562913794 ], [ 127.619614584177825, 37.456046605146234 ], [ 127.618558064398272, 37.45602851558769 ], [ 127.61807475672461, 37.456066181081731 ], [ 127.617929923537744, 37.456085479870154 ], [ 127.617550571204603, 37.456174868380764 ], [ 127.617506780675612, 37.456190685955022 ], [ 127.617350010016494, 37.456261824841356 ], [ 127.617271658691905, 37.456315984987754 ], [ 127.617221540307014, 37.456355469772483 ], [ 127.617151287001604, 37.456418456160989 ], [ 127.617059230357853, 37.456500977024724 ], [ 127.61694133243688, 37.456573203571551 ], [ 127.616788799410656, 37.456644337516437 ], [ 127.616732764816049, 37.456660582435099 ], [ 127.616699084138247, 37.456670340609719 ], [ 127.616499849498368, 37.456702085227903 ], [ 127.616111830684417, 37.456732627027201 ], [ 127.615283071641969, 37.456788908859195 ], [ 127.615053391021064, 37.456780118958541 ], [ 127.61497351795289, 37.456772309679423 ], [ 127.614897083744822, 37.456754411542668 ], [ 127.614864929934413, 37.45674541104335 ], [ 127.614670225271809, 37.456686973936527 ], [ 127.612458643492218, 37.45550266702287 ], [ 127.612167179772328, 37.455292248065511 ], [ 127.612117295947385, 37.455242524283889 ], [ 127.612019203038386, 37.455083955810863 ], [ 127.611973128759303, 37.455008499561799 ], [ 127.610976191587142, 37.454180213557159 ], [ 127.609092593835058, 37.452957189298012 ], [ 127.609010551153872, 37.452908816178414 ], [ 127.606123143685181, 37.451375728943042 ], [ 127.605039652994591, 37.451223463346636 ], [ 127.604895568770999, 37.451272040153846 ], [ 127.603412321094282, 37.451769102832166 ], [ 127.601881458370514, 37.45207577274634 ], [ 127.601388955105023, 37.452099857340045 ], [ 127.600979841145502, 37.452118235076149 ], [ 127.600865840221573, 37.452109941538815 ], [ 127.599908468619873, 37.452040275429475 ], [ 127.598755091084897, 37.451934206692513 ], [ 127.594739209331479, 37.45133695385725 ], [ 127.594261909696712, 37.451139376687578 ], [ 127.593291277695613, 37.450737565340759 ], [ 127.589317529224573, 37.448639306916093 ], [ 127.588965226721754, 37.448377998328603 ], [ 127.588296192793763, 37.447198993982049 ], [ 127.585775155479823, 37.449608627639357 ], [ 127.584704182073011, 37.450611078994967 ], [ 127.580994176476253, 37.453037248528652 ], [ 127.576098372800388, 37.45500774997663 ], [ 127.573141532847544, 37.455935498550133 ], [ 127.571515602471464, 37.455728330507554 ], [ 127.570643019837604, 37.455893355934769 ], [ 127.570378832211105, 37.455962171157545 ], [ 127.570196508451559, 37.456009673798114 ], [ 127.569865863814201, 37.456096626902372 ], [ 127.565243849744618, 37.457342037164935 ], [ 127.564772644495335, 37.457532711418565 ], [ 127.557691887748902, 37.462395878567918 ], [ 127.557607799042003, 37.46261941484822 ], [ 127.557478704546028, 37.462962726569423 ], [ 127.557370375806386, 37.467217275277164 ], [ 127.557371102766311, 37.46725107635794 ], [ 127.557538770019605, 37.469295981212731 ], [ 127.557750961010214, 37.470416958083646 ], [ 127.558423211121323, 37.473231158129316 ], [ 127.558539506404998, 37.473709953706717 ], [ 127.558588453643168, 37.473796406939009 ], [ 127.55867470615398, 37.473948749844887 ], [ 127.558800776595476, 37.474096683201395 ], [ 127.558962651673852, 37.474286620450229 ], [ 127.559502482753317, 37.474913929001524 ], [ 127.560441576778672, 37.476281281755632 ], [ 127.560523852537898, 37.476627140432555 ], [ 127.560567636250966, 37.477457505157552 ], [ 127.560482409974441, 37.477830490634965 ], [ 127.5602285467549, 37.478596784703278 ], [ 127.559906625459504, 37.479124249679252 ], [ 127.559264237104131, 37.479402574983112 ], [ 127.559137083475193, 37.479457017424529 ], [ 127.558740604257366, 37.479582280241708 ], [ 127.558561089675607, 37.47962969125831 ], [ 127.55542799235343, 37.480426661259727 ], [ 127.555143818584583, 37.480431301076209 ], [ 127.554703232211665, 37.480190389519471 ], [ 127.554590108408632, 37.480164527463558 ], [ 127.55448124606184, 37.480164577710347 ], [ 127.554277033291299, 37.480255935368099 ], [ 127.554245344874261, 37.48027660119925 ], [ 127.553819160668766, 37.480554723484211 ], [ 127.553262029370188, 37.481438318031579 ], [ 127.553286957862156, 37.482694590272033 ], [ 127.553350462300358, 37.484515327151477 ], [ 127.553759580547393, 37.488169064902038 ], [ 127.554444701332457, 37.490203589923311 ], [ 127.55407559888171, 37.492096632076596 ], [ 127.553774557752263, 37.49270640504335 ], [ 127.553385130322013, 37.493495192700976 ], [ 127.552711277008484, 37.495352438368812 ], [ 127.552907088018955, 37.495806657959101 ], [ 127.552949287281635, 37.495904480660336 ], [ 127.553313780741675, 37.496564380681953 ], [ 127.5540730055463, 37.497317803795461 ], [ 127.55425354354702, 37.497448220931275 ], [ 127.554346778257298, 37.497515415544356 ], [ 127.554406886154823, 37.49753285186172 ], [ 127.554474358062279, 37.497549108469144 ], [ 127.55485030260364, 37.497639684138989 ], [ 127.55505045384335, 37.497700433306228 ], [ 127.555168591728844, 37.497787134760415 ], [ 127.555605409016181, 37.498524924064327 ], [ 127.555617352652192, 37.498551157229009 ], [ 127.555650020931338, 37.498622926694509 ], [ 127.555614066092602, 37.498757021932263 ], [ 127.555235412642944, 37.499221403443876 ], [ 127.550751959730562, 37.503669404245713 ], [ 127.548874993019481, 37.505454900199915 ], [ 127.546686959144765, 37.505247344399457 ], [ 127.545750387934774, 37.504731678904484 ], [ 127.544490433607692, 37.505009330161641 ], [ 127.536848630890077, 37.506979191778939 ], [ 127.535555728323629, 37.510983903156117 ], [ 127.535929005489706, 37.512215279934345 ], [ 127.535121463754948, 37.513904454784296 ], [ 127.533705233169968, 37.516155961725289 ], [ 127.532559096576165, 37.516956306960715 ], [ 127.531291895704882, 37.517426485465407 ], [ 127.529918999525776, 37.517647783541236 ], [ 127.528435463662177, 37.517886903291171 ], [ 127.527893885931192, 37.522192219801873 ], [ 127.52674231613797, 37.525917319041511 ], [ 127.526996123143178, 37.527527320169206 ], [ 127.527161145531451, 37.528119928103905 ], [ 127.52752449419603, 37.529394144857193 ], [ 127.527993976948679, 37.530737063953374 ], [ 127.527847890667644, 37.533529066445652 ], [ 127.528110007450067, 37.534562189891382 ], [ 127.528184692546319, 37.537520889999797 ], [ 127.528162082751308, 37.538857793734465 ], [ 127.527999259213274, 37.539174931137687 ], [ 127.527880889199977, 37.540474045039176 ], [ 127.527941155974659, 37.540841335167549 ], [ 127.529555177594204, 37.543300528898271 ], [ 127.530693217115882, 37.544219625721695 ], [ 127.531628193260303, 37.545046376619894 ], [ 127.53210881226957, 37.545558895242102 ], [ 127.533315746754127, 37.546911726926048 ], [ 127.533656364533257, 37.547578636291007 ], [ 127.533798758203261, 37.547957166534744 ], [ 127.533915781400111, 37.548583577656643 ], [ 127.534077469384243, 37.54938799413371 ], [ 127.535049501353967, 37.550557222885715 ], [ 127.535176937988595, 37.550642381431359 ], [ 127.535425334371368, 37.550808364513472 ], [ 127.536076440677363, 37.55109772889913 ], [ 127.538975649356857, 37.552979520396732 ], [ 127.54022297077907, 37.554051696071681 ], [ 127.540644939488487, 37.554427891200547 ], [ 127.541368813943379, 37.555620929883226 ], [ 127.54156935875001, 37.556202118217939 ], [ 127.541653067543251, 37.556482370490734 ], [ 127.541743131249433, 37.55693779034074 ], [ 127.541719426091746, 37.557573256003309 ], [ 127.542079930435122, 37.558127463091857 ], [ 127.543052838827464, 37.559185080859471 ], [ 127.545561769665213, 37.560848270466501 ], [ 127.546362456969902, 37.561366239183705 ], [ 127.550789313970739, 37.563981733206042 ], [ 127.551210462906482, 37.564157135581894 ], [ 127.551278557295944, 37.564185471723185 ], [ 127.554605668296901, 37.565375465106101 ], [ 127.556909855526911, 37.566337115749839 ], [ 127.558669907257539, 37.56718014908563 ], [ 127.558808307174942, 37.567831365078199 ], [ 127.558968281984306, 37.568583849132565 ], [ 127.559467828940882, 37.569104893302679 ], [ 127.561157044492418, 37.570866559546936 ], [ 127.561586927407035, 37.571161539967079 ], [ 127.563124347404653, 37.572216430704422 ], [ 127.564000699946746, 37.573860221206296 ], [ 127.564027444156011, 37.573910387853452 ], [ 127.564737256036338, 37.57610611355355 ], [ 127.567637032622869, 37.576039057485367 ], [ 127.572278383958448, 37.576142098993415 ], [ 127.576280339062976, 37.575630117998415 ], [ 127.578111685302758, 37.575124477157615 ], [ 127.580309296327201, 37.575010333225634 ], [ 127.581254256559959, 37.575060387811497 ], [ 127.582599162287423, 37.575132689545484 ], [ 127.583845161641889, 37.575370670207754 ], [ 127.587838746512119, 37.57549846178344 ], [ 127.58843227160267, 37.575218599557424 ], [ 127.592517283542506, 37.574871827239143 ], [ 127.593505498239125, 37.574972451061875 ], [ 127.595017402940016, 37.575424228729105 ], [ 127.595464724173382, 37.575557890283967 ], [ 127.596194192328113, 37.575891926080175 ], [ 127.596540694851612, 37.576175011114046 ], [ 127.597209571042654, 37.576721467305006 ], [ 127.597817526316476, 37.577268646161592 ], [ 127.598683580355441, 37.57804748878641 ], [ 127.600771074467644, 37.579699710299089 ], [ 127.601621058231657, 37.58025161984942 ], [ 127.602231949277197, 37.580648255984201 ], [ 127.602873941739603, 37.580843319092438 ], [ 127.603433678136739, 37.581013383250962 ], [ 127.605386942269348, 37.580721195199779 ], [ 127.609819369741331, 37.580574950049659 ], [ 127.610577739659249, 37.580299344464599 ], [ 127.611406040338935, 37.579425378959996 ], [ 127.613050266131765, 37.577487030910682 ], [ 127.61365531211429, 37.576464539342425 ], [ 127.614012012719257, 37.575511012909779 ], [ 127.614991527133796, 37.574533219661674 ], [ 127.615620401347229, 37.574217293472671 ], [ 127.616258909055134, 37.573896523171371 ], [ 127.61670607077302, 37.573792714577671 ], [ 127.61722398551089, 37.573672483476017 ], [ 127.618473065772051, 37.573592370705462 ], [ 127.618505375386718, 37.57359984385873 ], [ 127.619204520201052, 37.57376176241273 ], [ 127.619985595903884, 37.57399757678094 ], [ 127.620095418381354, 37.574016159208149 ], [ 127.620779955150496, 37.574131969963346 ], [ 127.621263346716546, 37.574025565221845 ], [ 127.621566739308491, 37.573958778268654 ], [ 127.625372611708144, 37.572321091951466 ], [ 127.629012790311464, 37.571547638091523 ], [ 127.629489355422592, 37.570901586482783 ], [ 127.631370939590042, 37.567895749683473 ], [ 127.63144045334964, 37.567130571825103 ], [ 127.631486881431513, 37.56616494266175 ], [ 127.631809092147662, 37.564703534799719 ], [ 127.632155737174841, 37.564264732142583 ], [ 127.633895493430501, 37.563134810131238 ], [ 127.634431520369901, 37.562524654227673 ], [ 127.634924917481229, 37.561425563117062 ], [ 127.634890938645199, 37.560634661450891 ], [ 127.634515011996129, 37.560153991162693 ], [ 127.634185301928184, 37.559650652073209 ], [ 127.634102023579317, 37.559523511148548 ], [ 127.634219617860552, 37.558803418639613 ], [ 127.635422104575383, 37.553829932768437 ], [ 127.635843927334079, 37.553098221672741 ], [ 127.636261866434523, 37.552908689292245 ], [ 127.636919992382275, 37.552610245492119 ], [ 127.637734901130884, 37.552095523661393 ], [ 127.638587562614688, 37.551346398756415 ], [ 127.639725941084123, 37.54976655352592 ], [ 127.640131024359519, 37.549110993233221 ], [ 127.640572443061089, 37.548396610640999 ], [ 127.641639092786903, 37.545228186528391 ], [ 127.641527697618628, 37.544687504645125 ], [ 127.641150710697275, 37.543954637086948 ], [ 127.641498067429922, 37.543612669304736 ], [ 127.643070700800337, 37.542791664097365 ], [ 127.644433437472344, 37.542479036174299 ], [ 127.645445396226918, 37.542371163273792 ], [ 127.645908962087177, 37.542321737715106 ], [ 127.646723966150645, 37.541950043797932 ], [ 127.652229316322476, 37.539001262453603 ], [ 127.653036553073079, 37.538324199149145 ], [ 127.65312942295904, 37.537723547648824 ], [ 127.651771300186638, 37.536767605759088 ], [ 127.647893455793266, 37.534427862000719 ], [ 127.645149215469502, 37.531750682705336 ], [ 127.644782832237965, 37.531447085320657 ], [ 127.642814019663319, 37.530623610384076 ], [ 127.641000266732618, 37.530237077713124 ], [ 127.635114661133414, 37.525407025377255 ], [ 127.633785229611092, 37.524812513045987 ], [ 127.631996125293753, 37.523850068431123 ], [ 127.630851872115841, 37.523114513944876 ], [ 127.630719279048648, 37.52288550737191 ], [ 127.630683688674281, 37.522824014340465 ], [ 127.630745881222026, 37.522792457309272 ], [ 127.631423569874087, 37.522449088224803 ], [ 127.632513685592798, 37.521793994665018 ], [ 127.63334890917406, 37.521292059183992 ], [ 127.633502274505361, 37.521026137136928 ], [ 127.633674676192484, 37.520726951073897 ], [ 127.633705601051503, 37.519428088097534 ], [ 127.633909060713847, 37.517713014132063 ], [ 127.63406541776915, 37.517258576671829 ], [ 127.634412832401509, 37.516248853048879 ], [ 127.635313413888824, 37.515181971310092 ], [ 127.636105602400988, 37.51528772850213 ], [ 127.636192003571495, 37.515299274528601 ], [ 127.636298139149687, 37.515336756994721 ], [ 127.636964752769714, 37.515572152170506 ], [ 127.637375416505904, 37.515455390337202 ], [ 127.637736654754391, 37.515352673884742 ], [ 127.638327194690504, 37.514967777507586 ], [ 127.639748939555389, 37.513943056061116 ], [ 127.643903574963488, 37.510468942554681 ], [ 127.644815770500855, 37.509694907776371 ], [ 127.645105258983691, 37.509090638310994 ], [ 127.645465085735552, 37.503926501467667 ], [ 127.645501932187827, 37.502889875071972 ] ] ] ] } },
{ "type": "Feature", "properties": { "OBJECTID": 1672, "adm_nm": "경기도 양평군 개군면", "adm_cd": "3138041", "adm_cd2": "4183041000", "sgg": "41830", "sido": "41", "sidonm": "경기도", "sggnm": "양평군" }, "geometry": { "type": "MultiPolygon", "coordinates": [ [ [ [ 127.557478704546028, 37.462962726569423 ], [ 127.557607799042003, 37.46261941484822 ], [ 127.557691887748902, 37.462395878567918 ], [ 127.564772644495335, 37.457532711418565 ], [ 127.565243849744618, 37.457342037164935 ], [ 127.569865863814201, 37.456096626902372 ], [ 127.570196508451559, 37.456009673798114 ], [ 127.570378832211105, 37.455962171157545 ], [ 127.570643019837604, 37.455893355934769 ], [ 127.571515602471464, 37.455728330507554 ], [ 127.573141532847544, 37.455935498550133 ], [ 127.576098372800388, 37.45500774997663 ], [ 127.580994176476253, 37.453037248528652 ], [ 127.584704182073011, 37.450611078994967 ], [ 127.585775155479823, 37.449608627639357 ], [ 127.588296192793763, 37.447198993982049 ], [ 127.588293693155379, 37.44687000227264 ], [ 127.588405729244911, 37.445408564909833 ], [ 127.588673589396606, 37.44385108595467 ], [ 127.587486921044302, 37.441538961398102 ], [ 127.586492242261471, 37.437567357123491 ], [ 127.585525637593221, 37.436023985231273 ], [ 127.584510776491356, 37.434464207428753 ], [ 127.58452169873361, 37.434125056725634 ], [ 127.585487017174373, 37.428782577745103 ], [ 127.587316991816692, 37.426029785380443 ], [ 127.589020996203075, 37.424985169684703 ], [ 127.590224158826487, 37.423374171127314 ], [ 127.590557569138696, 37.422794762715007 ], [ 127.590420595958278, 37.422254058654246 ], [ 127.59035332496839, 37.422120030069749 ], [ 127.587482163597372, 37.419850715849279 ], [ 127.58767822602104, 37.419593677681753 ], [ 127.588291563396623, 37.418607270588666 ], [ 127.588507615971665, 37.417321584938222 ], [ 127.588402006849691, 37.417014068352486 ], [ 127.588106243261763, 37.416564726306675 ], [ 127.586490116682768, 37.414634714508352 ], [ 127.585563580542583, 37.414120475658351 ], [ 127.585440662794383, 37.414099156788694 ], [ 127.584460931217976, 37.413991695217426 ], [ 127.584189375656237, 37.414240809372444 ], [ 127.583959044326278, 37.414879948461788 ], [ 127.583921460614306, 37.415121057182795 ], [ 127.583770398521281, 37.416090147087793 ], [ 127.583202797767001, 37.416964885718578 ], [ 127.583024104179458, 37.416972898410535 ], [ 127.581927116882824, 37.416878766498044 ], [ 127.581864939894871, 37.416873405801297 ], [ 127.579634830275793, 37.415930756816465 ], [ 127.576788220157454, 37.414337198384651 ], [ 127.571748383941625, 37.411641926190455 ], [ 127.571163594655502, 37.412913797664544 ], [ 127.566293040303989, 37.413816242061131 ], [ 127.563618678703989, 37.415039080765794 ], [ 127.562721803268985, 37.416019810129342 ], [ 127.562497386384393, 37.416245273814738 ], [ 127.560039632642869, 37.417526759338394 ], [ 127.558541788794159, 37.417686125315775 ], [ 127.557142629671233, 37.417769060718399 ], [ 127.556559918928713, 37.417764834037463 ], [ 127.556133998862038, 37.41775940341801 ], [ 127.554905502399791, 37.417467032115376 ], [ 127.554155963247794, 37.417283721829413 ], [ 127.551454981434631, 37.414126719940157 ], [ 127.55117355832769, 37.41367041493303 ], [ 127.551071234217744, 37.412741014867763 ], [ 127.551100667556952, 37.41266848162784 ], [ 127.551233440340255, 37.412393913408998 ], [ 127.551215702036174, 37.412282375321695 ], [ 127.551029663583762, 37.411846413178807 ], [ 127.550748267533109, 37.411396970977478 ], [ 127.550222474575691, 37.410893549327504 ], [ 127.549698178566345, 37.410507304100726 ], [ 127.54917467470618, 37.410252883064025 ], [ 127.548103118674106, 37.409967135632805 ], [ 127.547475149180912, 37.409880280059042 ], [ 127.547372084934011, 37.409866025506147 ], [ 127.546615712984917, 37.409883227025205 ], [ 127.543952334182194, 37.410020644004931 ], [ 127.542407140639867, 37.411032944606404 ], [ 127.54067143092405, 37.411527060080658 ], [ 127.540167933235409, 37.411661312507661 ], [ 127.539699016548894, 37.411739214924665 ], [ 127.539546547447898, 37.41173701257194 ], [ 127.539333881617182, 37.411733703339607 ], [ 127.538526126331078, 37.411590036933987 ], [ 127.536956423924309, 37.411310828932244 ], [ 127.536716336395514, 37.412125114089982 ], [ 127.536329552007288, 37.413437147038053 ], [ 127.535769135289669, 37.415685133519794 ], [ 127.535715558186084, 37.415899227349236 ], [ 127.535595536067618, 37.416361256570532 ], [ 127.535403226877719, 37.417101536059221 ], [ 127.534442956876148, 37.419320339119274 ], [ 127.531517982581434, 37.424265216700967 ], [ 127.530504991463005, 37.425919511239321 ], [ 127.529583026009007, 37.427409272461432 ], [ 127.529519138838452, 37.427511351432891 ], [ 127.528817046245635, 37.428633081827378 ], [ 127.528150269531807, 37.429523830491583 ], [ 127.527889885434547, 37.429871641808219 ], [ 127.527726654336149, 37.430058834990376 ], [ 127.526736128372661, 37.431194609225557 ], [ 127.524977656383328, 37.432930144673897 ], [ 127.52437781632932, 37.433442693637254 ], [ 127.52390295127708, 37.433848446230343 ], [ 127.522863771752213, 37.434735579433877 ], [ 127.52102332426152, 37.435755039967844 ], [ 127.519065453101788, 37.436613403004074 ], [ 127.518734198885284, 37.436744122188422 ], [ 127.5164319165346, 37.437651474530718 ], [ 127.515360348674619, 37.437891492868225 ], [ 127.514816214430596, 37.438013365286253 ], [ 127.512068646436433, 37.43834042659855 ], [ 127.510486695037699, 37.438688851221187 ], [ 127.510369535689136, 37.438714676967344 ], [ 127.510192561045017, 37.438791552695101 ], [ 127.509809300314345, 37.438958078286952 ], [ 127.508005655668427, 37.43981001447203 ], [ 127.501778967119748, 37.445379890040016 ], [ 127.501559431425363, 37.445651187186634 ], [ 127.501069391636207, 37.446423634892078 ], [ 127.501013781658529, 37.446524309940081 ], [ 127.500831668335536, 37.447052832481795 ], [ 127.500630289701263, 37.447816748795177 ], [ 127.501165207021216, 37.449103461415568 ], [ 127.503447040573519, 37.451137201246432 ], [ 127.505457449850354, 37.452764042521189 ], [ 127.507224055826285, 37.453674398400004 ], [ 127.508537903572659, 37.454351404685283 ], [ 127.508582431698514, 37.454375062518352 ], [ 127.510181088548308, 37.455737136377302 ], [ 127.510778943001853, 37.456814648166294 ], [ 127.511413869214238, 37.457958908850102 ], [ 127.511988347565548, 37.458429197446925 ], [ 127.512792821593592, 37.459087737319081 ], [ 127.517119239120149, 37.461960315266545 ], [ 127.517376401817756, 37.462114538617193 ], [ 127.517930686641009, 37.462446936049439 ], [ 127.519855949568381, 37.462888309717783 ], [ 127.52117540015044, 37.462729204763122 ], [ 127.524351232941143, 37.464073891096021 ], [ 127.525985641084716, 37.465205891643592 ], [ 127.528279669957072, 37.46679516401877 ], [ 127.528475397685796, 37.467020176010138 ], [ 127.530670438965615, 37.469543746276237 ], [ 127.532297498503354, 37.471181554863122 ], [ 127.532758926198454, 37.471189310331283 ], [ 127.537159024424284, 37.469759339811723 ], [ 127.542780952956548, 37.467220077611714 ], [ 127.54655380947294, 37.46502831806896 ], [ 127.548703641259323, 37.463729475850876 ], [ 127.549525138692601, 37.463030570980017 ], [ 127.549919866479826, 37.46269406684852 ], [ 127.550321179424813, 37.462351952040535 ], [ 127.551536491959311, 37.461948064149915 ], [ 127.552959156725933, 37.461951942016725 ], [ 127.553184134559828, 37.461966235897137 ], [ 127.553998103830523, 37.462017948064947 ], [ 127.557478704546028, 37.462962726569423 ] ] ] ] } }
]
}
