{
"type": "FeatureCollection",
"name": "yeojushi",
"crs": { "type": "name", "properties": { "name": "urn:ogc:def:crs:OGC:1.3:CRS84" } },
"features": [
{ "type": "Feature", "properties": { "OBJECTID": 1633, "adm_nm": "경기도 여주시 가남읍", "adm_cd": "3128011", "adm_cd2": "4167025000", "sgg": "41670", "sido": "41", "sidonm": "경기도", "sggnm": "여주시" }, "geometry": { "type": "MultiPolygon", "coordinates": [ [ [ [ 127.599002609451475, 37.251058431591595 ], [ 127.59917175831022, 37.251102134351981 ], [ 127.600179350922758, 37.250999887199754 ], [ 127.60107260284741, 37.25065433191925 ], [ 127.602562653498808, 37.249759533504353 ], [ 127.602775218939982, 37.249611789277324 ], [ 127.604090413015726, 37.246588635925853 ], [ 127.604208865353002, 37.246124308156062 ], [ 127.604165458574215, 37.245815615106629 ], [ 127.603659651596871, 37.244914653786402 ], [ 127.603189324250081, 37.244705487843859 ], [ 127.603005216190084, 37.244568183826601 ], [ 127.602254588965124, 37.243955878739321 ], [ 127.602148864822865, 37.24342301401601 ], [ 127.602151518208444, 37.243301321985193 ], [ 127.602197934324536, 37.243231423009021 ], [ 127.602582156505719, 37.242818719390065 ], [ 127.602791261422226, 37.242693447308085 ], [ 127.602930520097587, 37.242496143868991 ], [ 127.603256756450449, 37.241957269069957 ], [ 127.603391023428557, 37.241722786432277 ], [ 127.603632794973194, 37.241258351126426 ], [ 127.603744546242609, 37.24104191588038 ], [ 127.604069843380515, 37.24034529530455 ], [ 127.605480377631366, 37.238684333413396 ], [ 127.607267312257406, 37.237108373539776 ], [ 127.610111213351104, 37.238264646536308 ], [ 127.61026195127387, 37.238107584981471 ], [ 127.610401026555579, 37.237802104041066 ], [ 127.610264383226081, 37.235907022537504 ], [ 127.610045806478666, 37.235330263417126 ], [ 127.60977708353947, 37.234648886187131 ], [ 127.609446164933132, 37.234335953610177 ], [ 127.609537169464758, 37.233434462589706 ], [ 127.612247450076936, 37.233236995547074 ], [ 127.614958804693941, 37.233288479109255 ], [ 127.615315751679034, 37.233415527924954 ], [ 127.615633716976731, 37.233392664691976 ], [ 127.615847357778378, 37.233375504945101 ], [ 127.615955795960687, 37.233293357271378 ], [ 127.616353444210503, 37.232991906358201 ], [ 127.616563195528514, 37.232505362178635 ], [ 127.617884375275693, 37.22927321429917 ], [ 127.618578894829469, 37.227362663496649 ], [ 127.61864783701192, 37.226851045502308 ], [ 127.618645204785011, 37.226516400454685 ], [ 127.618588498339392, 37.226296739059947 ], [ 127.61856808321086, 37.226217093062928 ], [ 127.618532492877577, 37.226078203688118 ], [ 127.618530688611784, 37.225890505303425 ], [ 127.618529974055448, 37.225815671123733 ], [ 127.618668793928208, 37.22493891273421 ], [ 127.619317480964213, 37.221698824533327 ], [ 127.620632835796116, 37.21997467463315 ], [ 127.624956352268697, 37.217095824100937 ], [ 127.626242916023813, 37.216400374657688 ], [ 127.626624586567985, 37.216245844276564 ], [ 127.627015863168623, 37.216087435315877 ], [ 127.628277019675679, 37.215804385779606 ], [ 127.629018759514565, 37.215785551987196 ], [ 127.630412211073647, 37.215835857045157 ], [ 127.631028347081156, 37.215683055220531 ], [ 127.632273568143404, 37.215171257106391 ], [ 127.633546843741385, 37.214590672748265 ], [ 127.638461157040695, 37.21243291897752 ], [ 127.641158521870423, 37.212166007098155 ], [ 127.641570534933706, 37.207989793871533 ], [ 127.641522278773522, 37.207416329053324 ], [ 127.640852064356096, 37.204561909005797 ], [ 127.639996939479687, 37.202619254722933 ], [ 127.639884158829801, 37.20256981032373 ], [ 127.639664165982637, 37.202434858180894 ], [ 127.638244746169377, 37.201527224270926 ], [ 127.638060103172123, 37.201085698342048 ], [ 127.638030946653018, 37.200922401036209 ], [ 127.637992060386139, 37.199295398090307 ], [ 127.637991319943012, 37.199240243361452 ], [ 127.638895780494948, 37.197057713322252 ], [ 127.638966656838036, 37.196922418369759 ], [ 127.639035465063685, 37.19680853434037 ], [ 127.639635212277582, 37.195892895457789 ], [ 127.639718580186411, 37.195813296200008 ], [ 127.639796888556205, 37.195754437141467 ], [ 127.641899865656143, 37.194280056545061 ], [ 127.643444183592337, 37.193499601616523 ], [ 127.645576289888893, 37.192254178081001 ], [ 127.646347888334574, 37.191773225097968 ], [ 127.646963982512887, 37.191364573096443 ], [ 127.647131219790126, 37.191177322328613 ], [ 127.648924751952222, 37.187196468417255 ], [ 127.648970828379717, 37.186993592424528 ], [ 127.648816412320798, 37.186174626759588 ], [ 127.648656498299943, 37.185779332195828 ], [ 127.648446427349896, 37.18529733915058 ], [ 127.648383900389092, 37.18501009177939 ], [ 127.648518706444364, 37.184063023493813 ], [ 127.648605811096786, 37.183629523375458 ], [ 127.648989566711151, 37.182555272287317 ], [ 127.649213876748789, 37.182042270036504 ], [ 127.649297521367359, 37.181965544447046 ], [ 127.64938123443072, 37.181929382360487 ], [ 127.64963948793293, 37.181846802425468 ], [ 127.64978792353736, 37.181782389093819 ], [ 127.649879344741592, 37.181724808317014 ], [ 127.649958701295191, 37.181616538175604 ], [ 127.649992948715763, 37.181491423569362 ], [ 127.650005066933119, 37.18120408235594 ], [ 127.64885516589672, 37.177572830834372 ], [ 127.648071979624561, 37.173835182794342 ], [ 127.648094788001174, 37.173787694756101 ], [ 127.648145598996265, 37.173681859126788 ], [ 127.648236029350258, 37.173478927502529 ], [ 127.648264623889602, 37.17334367936877 ], [ 127.648260846285893, 37.173208471732501 ], [ 127.648126623487329, 37.172617085467266 ], [ 127.64805034985595, 37.172518000703761 ], [ 127.646741757078544, 37.171160957445409 ], [ 127.646053201496244, 37.170760488624225 ], [ 127.645843383358866, 37.170749479338824 ], [ 127.643771021908705, 37.170507502603442 ], [ 127.642770163724506, 37.17026645704582 ], [ 127.64240075983939, 37.16999873017901 ], [ 127.641923275774232, 37.169155351908621 ], [ 127.64144662213954, 37.168371689441592 ], [ 127.641179990196719, 37.168090314708429 ], [ 127.641125018477993, 37.168057703833838 ], [ 127.641003089232441, 37.167985735644741 ], [ 127.63888957564204, 37.167907104079745 ], [ 127.637215553086321, 37.167939477061203 ], [ 127.636861986943472, 37.167847490715715 ], [ 127.632710938694942, 37.16643811442534 ], [ 127.630772973462172, 37.165666176965395 ], [ 127.630739379193159, 37.165780017939198 ], [ 127.630669928896694, 37.165917560640835 ], [ 127.630592678662708, 37.166025815840719 ], [ 127.630502250527897, 37.166104964322543 ], [ 127.630356482194799, 37.166186059385851 ], [ 127.630088402062128, 37.166303556210032 ], [ 127.629879447228504, 37.166372518449407 ], [ 127.629648625564712, 37.166420095591285 ], [ 127.629509246901037, 37.166424755078253 ], [ 127.629288171048913, 37.166408094906267 ], [ 127.62664614827203, 37.16597826767611 ], [ 127.626592620434138, 37.16596255006943 ], [ 127.626508063599175, 37.165914189196968 ], [ 127.626260001098018, 37.165754452211651 ], [ 127.626124821699065, 37.165642064144492 ], [ 127.625931461548035, 37.165458460902556 ], [ 127.625838597391095, 37.165351426116253 ], [ 127.625766418760762, 37.165268211789261 ], [ 127.62573042694828, 37.165224233778119 ], [ 127.625609822446648, 37.165076826715435 ], [ 127.625476066168233, 37.164962100813128 ], [ 127.62533141992229, 37.16487542936607 ], [ 127.624059804731857, 37.164278451630125 ], [ 127.624001328766425, 37.164252597081465 ], [ 127.619470656753492, 37.162443148320619 ], [ 127.618227625935745, 37.162521015407428 ], [ 127.616018388453952, 37.163255600624645 ], [ 127.615802416097679, 37.163342573303566 ], [ 127.615640684225241, 37.163457661972039 ], [ 127.615544936902623, 37.163531996113676 ], [ 127.61550990488648, 37.163559198989446 ], [ 127.615465947844186, 37.163613002368649 ], [ 127.615426993543963, 37.163660689247656 ], [ 127.615394852783425, 37.163715373493424 ], [ 127.615332907849279, 37.163820782460611 ], [ 127.615221995391821, 37.164025962830635 ], [ 127.615183227695638, 37.164130060150676 ], [ 127.615158190175705, 37.164197294169327 ], [ 127.614576582659765, 37.165968016192473 ], [ 127.614077906454796, 37.167664288148814 ], [ 127.614080797520344, 37.167736750273278 ], [ 127.614085221241311, 37.16784794480624 ], [ 127.614089753708882, 37.168053950260749 ], [ 127.614090672513314, 37.168191604746781 ], [ 127.614088315677975, 37.168969079008292 ], [ 127.61408292306244, 37.169105829118315 ], [ 127.614080177685807, 37.169175285919358 ], [ 127.614003960613005, 37.169990014565592 ], [ 127.61398377010913, 37.17010576686274 ], [ 127.613976040712885, 37.170150042864847 ], [ 127.613919215767282, 37.170278549365122 ], [ 127.612387654983692, 37.173375250101593 ], [ 127.612305410498521, 37.173465469684615 ], [ 127.611461125230065, 37.174322612055619 ], [ 127.611386575826941, 37.174376767111958 ], [ 127.611246580725307, 37.17445577251862 ], [ 127.609804036888974, 37.174968671545876 ], [ 127.604843087369275, 37.178910097394272 ], [ 127.60355731092632, 37.180372647487943 ], [ 127.602540351873301, 37.182282278084067 ], [ 127.601674997884274, 37.183373753661506 ], [ 127.601570189490403, 37.183420023024979 ], [ 127.601446994273729, 37.183444917470183 ], [ 127.601381874448748, 37.183447790127985 ], [ 127.601303341187631, 37.183437152999367 ], [ 127.600608813350789, 37.183245067386004 ], [ 127.600525684397596, 37.183213588429105 ], [ 127.600234727325414, 37.183094397476829 ], [ 127.599808392652349, 37.182913318812957 ], [ 127.599759887924009, 37.182898740517153 ], [ 127.59968596840308, 37.182913450719852 ], [ 127.59948450555342, 37.18298346165718 ], [ 127.599405878988975, 37.183030869948958 ], [ 127.599301772669719, 37.183109831031594 ], [ 127.599227958454549, 37.183196654035868 ], [ 127.599175254065884, 37.183282332557241 ], [ 127.599152115896118, 37.183352211559338 ], [ 127.598807554274799, 37.184502659334498 ], [ 127.598597902256088, 37.18547550521744 ], [ 127.598524825220778, 37.186131344910756 ], [ 127.598223935526192, 37.187596392713303 ], [ 127.598176956249105, 37.187755305871512 ], [ 127.598099018051855, 37.187933442057584 ], [ 127.597953536883963, 37.188148732639768 ], [ 127.597686862424283, 37.188383482687854 ], [ 127.596004150519931, 37.189629773725294 ], [ 127.595260665596626, 37.189739670255101 ], [ 127.593034579678374, 37.189627635691615 ], [ 127.592328414258972, 37.189160579687638 ], [ 127.592214916055553, 37.189058136762071 ], [ 127.592083027340422, 37.188888092965897 ], [ 127.591886996344272, 37.188667398755051 ], [ 127.591754483704165, 37.188561585314815 ], [ 127.591633970092005, 37.188474917491028 ], [ 127.590809521660219, 37.188006816985926 ], [ 127.590706663926667, 37.187966332145137 ], [ 127.590623647542529, 37.187935670974333 ], [ 127.590486171683764, 37.187898894691394 ], [ 127.587002611630638, 37.187268260519076 ], [ 127.584960238744088, 37.187009459303077 ], [ 127.584729249172369, 37.186988216126096 ], [ 127.583811692544643, 37.186955065703373 ], [ 127.583672267008495, 37.18695403747985 ], [ 127.58353989551776, 37.186964271796576 ], [ 127.581626147268508, 37.187121099644521 ], [ 127.58068427579245, 37.187404563489814 ], [ 127.580483650696962, 37.187470052469813 ], [ 127.580154281045338, 37.187640417671695 ], [ 127.580029822821061, 37.187709441957132 ], [ 127.57985729472513, 37.187805126293433 ], [ 127.579720777924095, 37.187893106104056 ], [ 127.578775753684639, 37.188541629557314 ], [ 127.578597031456326, 37.188675833585052 ], [ 127.578545690183034, 37.188732034738223 ], [ 127.578439473632002, 37.18884833342436 ], [ 127.578355804405248, 37.188979093811916 ], [ 127.57829764521756, 37.189207802947202 ], [ 127.578275853262525, 37.189293514766781 ], [ 127.578222492109134, 37.189445663602925 ], [ 127.578183811637757, 37.189488506293301 ], [ 127.57814509198991, 37.189504306580552 ], [ 127.578085943807423, 37.189508852647258 ], [ 127.577972563731862, 37.189496532877286 ], [ 127.576607576521127, 37.18922699915484 ], [ 127.576466703349212, 37.189196667437848 ], [ 127.576431806312229, 37.189182226768693 ], [ 127.576374413254726, 37.189155036571378 ], [ 127.573196193369469, 37.185985191487944 ], [ 127.573141207400923, 37.1859209996652 ], [ 127.572378997676964, 37.18485892535498 ], [ 127.572350019485583, 37.184739505616058 ], [ 127.572361831634396, 37.184579497303638 ], [ 127.57237657370024, 37.18452653018818 ], [ 127.572401836723159, 37.184436373286665 ], [ 127.572725701707753, 37.183666592114243 ], [ 127.572788309199183, 37.183597820791604 ], [ 127.572817521764236, 37.183585579657468 ], [ 127.572886136742923, 37.183556070219275 ], [ 127.573042390010329, 37.183488367887172 ], [ 127.5732887259351, 37.183374412152823 ], [ 127.573462562202124, 37.183281909479575 ], [ 127.57373696791187, 37.183064245650648 ], [ 127.573768829434584, 37.183037634079312 ], [ 127.574082400256387, 37.182775604452232 ], [ 127.574251250051717, 37.182632399140957 ], [ 127.574309780413046, 37.182578584032306 ], [ 127.574384913008416, 37.182509497517565 ], [ 127.574449614818917, 37.18243058307155 ], [ 127.577544600191445, 37.177277009267229 ], [ 127.577598009505678, 37.177178945340657 ], [ 127.577626060577899, 37.177069630306391 ], [ 127.577616142450111, 37.1763282493283 ], [ 127.577608998020565, 37.176225690907714 ], [ 127.577555348671723, 37.176088260107335 ], [ 127.577182023899937, 37.175222017742598 ], [ 127.577153083315721, 37.175155557155037 ], [ 127.577081186260116, 37.175072222958967 ], [ 127.576963532764793, 37.174991171985987 ], [ 127.576810675950881, 37.174920284650526 ], [ 127.576059488386861, 37.174579628262478 ], [ 127.575589392623613, 37.174461347773175 ], [ 127.575316767549197, 37.17429588614209 ], [ 127.575152438727031, 37.174160605872487 ], [ 127.574478228691149, 37.173558381582033 ], [ 127.572782126127734, 37.172021393659406 ], [ 127.572711638319703, 37.171933548815865 ], [ 127.572704307619333, 37.171899623993554 ], [ 127.572594251932586, 37.171390517270837 ], [ 127.572520249443983, 37.17130042091506 ], [ 127.570831127665201, 37.170351574679373 ], [ 127.570507881288108, 37.170227823535797 ], [ 127.569565817922069, 37.171670647110368 ], [ 127.569023208568694, 37.173424219514573 ], [ 127.568920576479002, 37.173583956145968 ], [ 127.568879079861915, 37.173648530698358 ], [ 127.568715235937063, 37.173861584527707 ], [ 127.568493676825923, 37.174105095198442 ], [ 127.567172012655519, 37.175492905911206 ], [ 127.566176552453442, 37.176396009704298 ], [ 127.564389965005589, 37.17760939742189 ], [ 127.560386548018869, 37.180224483678614 ], [ 127.56031338939205, 37.180267384142589 ], [ 127.560076887250759, 37.180406050929683 ], [ 127.559688451761673, 37.180572963103643 ], [ 127.559642424598337, 37.180589987875031 ], [ 127.55927939172345, 37.180724202398153 ], [ 127.559083572402514, 37.180781873598519 ], [ 127.55889996089104, 37.180835941760066 ], [ 127.558797758923887, 37.180865739224103 ], [ 127.558760032705123, 37.180876448724177 ], [ 127.558704241033624, 37.18086420721518 ], [ 127.558629653695945, 37.180831600291768 ], [ 127.557900714592975, 37.179758116115821 ], [ 127.557638249586574, 37.179046125821664 ], [ 127.557818692845515, 37.178372229734308 ], [ 127.557791867009158, 37.178280973582105 ], [ 127.557765049497291, 37.178197606608528 ], [ 127.557710078802472, 37.178128900446495 ], [ 127.556919463578353, 37.177281952035372 ], [ 127.556686068624415, 37.177044391204397 ], [ 127.556156483781422, 37.176659211445767 ], [ 127.555478954851438, 37.176363191003951 ], [ 127.555379659023089, 37.176326054042775 ], [ 127.553378124118169, 37.175593431736537 ], [ 127.552825393009115, 37.175439324541387 ], [ 127.552712799514651, 37.175412347521871 ], [ 127.552026217480886, 37.175329255541669 ], [ 127.551918500169734, 37.175340569587114 ], [ 127.551788974318171, 37.175372175833061 ], [ 127.548790677197019, 37.174708653856044 ], [ 127.546811277984872, 37.174190011186084 ], [ 127.543388765159719, 37.173940044878776 ], [ 127.537896393269534, 37.17366361634113 ], [ 127.531371852506396, 37.173201293806713 ], [ 127.530045341212229, 37.172927832285431 ], [ 127.529915796371625, 37.172921105337679 ], [ 127.527893825385974, 37.172957655211228 ], [ 127.527818208152098, 37.172977494236363 ], [ 127.527269427001059, 37.173160617473151 ], [ 127.527175097510678, 37.173192188722808 ], [ 127.526989970230375, 37.173310541955523 ], [ 127.526878761828058, 37.173390567950463 ], [ 127.526788669710015, 37.173463828444298 ], [ 127.526763388481854, 37.173540347291912 ], [ 127.526754913537033, 37.173567499870842 ], [ 127.526749546381694, 37.173619881493892 ], [ 127.526746494055828, 37.173649755125425 ], [ 127.526764128979295, 37.173733133971282 ], [ 127.526889666560621, 37.174342687510624 ], [ 127.526913769210339, 37.174808037327416 ], [ 127.526904457841127, 37.174983131445472 ], [ 127.526902549842177, 37.175018828864914 ], [ 127.526759868881214, 37.175637376034281 ], [ 127.526594551951092, 37.17601826067807 ], [ 127.526551624940197, 37.176093765707861 ], [ 127.523834444544406, 37.179914092089234 ], [ 127.52286487194317, 37.181238194715213 ], [ 127.519745596860133, 37.182051199376218 ], [ 127.518048698647988, 37.182159638029852 ], [ 127.517937446878236, 37.182165289670515 ], [ 127.517757189950402, 37.182155174999281 ], [ 127.517548147266027, 37.182134085984636 ], [ 127.517270398550423, 37.183276201728951 ], [ 127.517431758902021, 37.184731044664488 ], [ 127.517405730365581, 37.184814401417029 ], [ 127.517341346562247, 37.184852691239968 ], [ 127.517038911428045, 37.184967695250393 ], [ 127.516826342869649, 37.185038699422215 ], [ 127.516647436417074, 37.185098456042127 ], [ 127.515972935696851, 37.185316010691665 ], [ 127.517957639983265, 37.18671971223025 ], [ 127.518588502634785, 37.186886349574927 ], [ 127.518997677592992, 37.187087976161358 ], [ 127.519286437716062, 37.187298635134034 ], [ 127.51960339237533, 37.187606191681127 ], [ 127.525696539172372, 37.193733513695136 ], [ 127.525886751554353, 37.193941925039667 ], [ 127.526005134620675, 37.194153731258304 ], [ 127.526097490625176, 37.194465825319433 ], [ 127.526098535163285, 37.194652471727828 ], [ 127.526098990661083, 37.194735122211334 ], [ 127.526113838379558, 37.194886104759931 ], [ 127.526165312886235, 37.195094545213806 ], [ 127.526237903481942, 37.195230868809148 ], [ 127.527927319949498, 37.19698823808578 ], [ 127.528293648354847, 37.197295757416676 ], [ 127.528808573089336, 37.197602113692525 ], [ 127.529102995533961, 37.197707966752688 ], [ 127.529620687312146, 37.197841915489299 ], [ 127.530422342662476, 37.198022027348571 ], [ 127.531089188548592, 37.198126610110556 ], [ 127.531294823414569, 37.199786281957238 ], [ 127.531279414271111, 37.199992484131272 ], [ 127.530889581861643, 37.200833153481419 ], [ 127.53026323842613, 37.20215517398848 ], [ 127.53007829178479, 37.202761257565456 ], [ 127.530799011273572, 37.2050134752918 ], [ 127.531194891214781, 37.205121541107907 ], [ 127.53147108592907, 37.205353582459317 ], [ 127.531518779230254, 37.205546615192532 ], [ 127.531542349406848, 37.205642014323502 ], [ 127.531563719781786, 37.20621891202758 ], [ 127.531474352733085, 37.208226897215148 ], [ 127.531208216780684, 37.208692055229541 ], [ 127.531103775059037, 37.208874510282094 ], [ 127.530693109330528, 37.20959154656979 ], [ 127.529866320602849, 37.211767538317638 ], [ 127.529722016262028, 37.2137777191654 ], [ 127.529733765973106, 37.215027297102594 ], [ 127.530076480490166, 37.217790017687534 ], [ 127.52870172212566, 37.222283899128492 ], [ 127.527770646253643, 37.226846375087199 ], [ 127.527608692417303, 37.227390758119071 ], [ 127.525498998378779, 37.227574065563843 ], [ 127.526963462772542, 37.229461765763247 ], [ 127.526849312779831, 37.231378416406422 ], [ 127.526055854762348, 37.235218489970727 ], [ 127.525201806404894, 37.239226653916333 ], [ 127.525190117659278, 37.239268959409706 ], [ 127.525172246711179, 37.23933370222305 ], [ 127.525214122004996, 37.239746266141836 ], [ 127.525554557288714, 37.240488546370713 ], [ 127.527374400669331, 37.241614898338909 ], [ 127.529692576167591, 37.242930392556346 ], [ 127.529908336003189, 37.24299075949795 ], [ 127.530038621320401, 37.243027206417786 ], [ 127.531628509021047, 37.243309608540322 ], [ 127.532811074122094, 37.243538018513178 ], [ 127.533006313751272, 37.243643879437982 ], [ 127.534839696268634, 37.244677717291182 ], [ 127.535765213524073, 37.245211524190211 ], [ 127.53736836209346, 37.24662732097422 ], [ 127.539272381859305, 37.247623925835008 ], [ 127.543288323405775, 37.249794866803896 ], [ 127.546289205101061, 37.25298713321822 ], [ 127.546387811655109, 37.253115348238829 ], [ 127.546830302026663, 37.25400199628892 ], [ 127.548280824728664, 37.258529841192249 ], [ 127.548342104961222, 37.259923187497293 ], [ 127.548353736656111, 37.261218246709994 ], [ 127.548297052536086, 37.261869533529378 ], [ 127.548480031978869, 37.26251508858936 ], [ 127.548571299960813, 37.262719931037921 ], [ 127.548660738757846, 37.262920645735775 ], [ 127.549525627539381, 37.264016618170714 ], [ 127.550698430207518, 37.26489949628531 ], [ 127.550984709946519, 37.265040217487964 ], [ 127.5510241875849, 37.265045834246351 ], [ 127.551153898015556, 37.265061552817293 ], [ 127.551554989989498, 37.265067012605222 ], [ 127.551697353162226, 37.265030894428115 ], [ 127.551741021644489, 37.264980171462426 ], [ 127.551776202859187, 37.264887761425371 ], [ 127.551775424450526, 37.264788607490097 ], [ 127.551760697213766, 37.264742237671513 ], [ 127.551721036619597, 37.264617365683478 ], [ 127.551621915876552, 37.264506356149283 ], [ 127.55153198283476, 37.26440561852062 ], [ 127.551262510165387, 37.264100385373837 ], [ 127.551247028156894, 37.264004690159204 ], [ 127.551225702184553, 37.263872797139086 ], [ 127.551285255960352, 37.262300950267829 ], [ 127.551387368831087, 37.260098102257295 ], [ 127.552809836916651, 37.254173000665666 ], [ 127.552880162215985, 37.253953252018626 ], [ 127.553017293094115, 37.253529530725189 ], [ 127.553117321018306, 37.253440472226842 ], [ 127.555264186647833, 37.251646821742696 ], [ 127.557847327157091, 37.249405786656304 ], [ 127.558004214079631, 37.250605515679524 ], [ 127.557087979605441, 37.252403136220671 ], [ 127.556992192830592, 37.25248430965879 ], [ 127.556418179365281, 37.252998510317205 ], [ 127.556408472347485, 37.25319782444209 ], [ 127.556787992486178, 37.253692332769816 ], [ 127.557430645899629, 37.25445366512605 ], [ 127.557750370188558, 37.254582743917325 ], [ 127.558096886038726, 37.25472263456188 ], [ 127.564518884945002, 37.255457333859475 ], [ 127.566325729611435, 37.255155491969823 ], [ 127.566735895431123, 37.25508057567879 ], [ 127.567004340623299, 37.255025533079937 ], [ 127.567075176527894, 37.254994872281564 ], [ 127.567103412796811, 37.254981371279719 ], [ 127.567196664348728, 37.254935283695282 ], [ 127.567450322655617, 37.254770209586141 ], [ 127.567479129206347, 37.254751461998218 ], [ 127.567610119167568, 37.254637585021719 ], [ 127.567821377219119, 37.254436901812355 ], [ 127.5679509241576, 37.254286969118084 ], [ 127.568079718586901, 37.25409083975255 ], [ 127.568251322790587, 37.253688489380053 ], [ 127.568372407318165, 37.253515399504273 ], [ 127.568453391528635, 37.253455134408128 ], [ 127.570673464895506, 37.251956372279764 ], [ 127.570717161643799, 37.251933441505315 ], [ 127.570798140879106, 37.251890945981572 ], [ 127.570913702703379, 37.251868341719288 ], [ 127.571043372419069, 37.251860376701956 ], [ 127.571204069805347, 37.251872674487451 ], [ 127.571276140992452, 37.251888216408098 ], [ 127.571448726438462, 37.251926127321745 ], [ 127.571733806200655, 37.252031412059999 ], [ 127.571838546300512, 37.252067219947136 ], [ 127.571896338412969, 37.252068311625955 ], [ 127.571939324235728, 37.252057017963068 ], [ 127.571975251083344, 37.252045728575624 ], [ 127.572805807014561, 37.251658743672103 ], [ 127.573419579792159, 37.251328621933361 ], [ 127.57397555785677, 37.25078027603886 ], [ 127.574045938710526, 37.250683331058468 ], [ 127.574070034380441, 37.2506473860022 ], [ 127.574097316498438, 37.250606679530698 ], [ 127.5740993511982, 37.250531185623913 ], [ 127.574076607123857, 37.250335144354054 ], [ 127.574068938213387, 37.250276323485913 ], [ 127.574051044164989, 37.250139104836151 ], [ 127.574043192802506, 37.250032067943344 ], [ 127.574049135220321, 37.249968655817483 ], [ 127.574101364603862, 37.249865131069903 ], [ 127.574216296028638, 37.24976153816953 ], [ 127.574304793379497, 37.249707776976763 ], [ 127.57437969993623, 37.249662281122433 ], [ 127.574583144147326, 37.249562913001711 ], [ 127.574636104251468, 37.249537049879535 ], [ 127.575767027916854, 37.249000743972424 ], [ 127.57880129268402, 37.24831970828091 ], [ 127.579615777631247, 37.24814113598741 ], [ 127.579683422422235, 37.248132076437429 ], [ 127.586242411442129, 37.249411982866121 ], [ 127.586502535817189, 37.249471511184318 ], [ 127.586621066837935, 37.249499800754066 ], [ 127.586850775236016, 37.249554636205872 ], [ 127.587060156686093, 37.249622087795231 ], [ 127.587170163223277, 37.249679471409266 ], [ 127.587283747387644, 37.249778542247228 ], [ 127.587772731651214, 37.250296488427644 ], [ 127.588957585339742, 37.251035882641808 ], [ 127.589035697638408, 37.251065705488983 ], [ 127.589090140839374, 37.251086486980896 ], [ 127.589144928276667, 37.251093152195509 ], [ 127.589237462446732, 37.25110440413409 ], [ 127.589474268310781, 37.251109859209812 ], [ 127.590072785020666, 37.251043981505759 ], [ 127.59025483478392, 37.251003036304944 ], [ 127.590536840811268, 37.250937784688176 ], [ 127.590858119788763, 37.250862045979524 ], [ 127.5910018347071, 37.25081573863978 ], [ 127.591110975703003, 37.250741288844452 ], [ 127.591144018833461, 37.250706338499199 ], [ 127.59122289606006, 37.250622893338971 ], [ 127.591281992176931, 37.250537214371796 ], [ 127.591331194412618, 37.250429007893281 ], [ 127.591335311934998, 37.250402440326788 ], [ 127.59134238341413, 37.250356886902516 ], [ 127.591372589614238, 37.250280244213918 ], [ 127.591426087000585, 37.25022837216008 ], [ 127.591818210947025, 37.249874267461749 ], [ 127.591927355257482, 37.249804323923684 ], [ 127.592135841120509, 37.249706134134463 ], [ 127.592495805292089, 37.249568389295938 ], [ 127.592777605270996, 37.249488169174981 ], [ 127.593387723417123, 37.249333324019567 ], [ 127.593425136501878, 37.249323910884648 ], [ 127.593553991212289, 37.249291502807154 ], [ 127.593652649593039, 37.249286917795288 ], [ 127.59680669230336, 37.249539028034469 ], [ 127.597787567290297, 37.250048601822627 ], [ 127.598244052022636, 37.250377277160382 ], [ 127.599002609451475, 37.251058431591595 ] ] ] ] } },
{ "type": "Feature", "properties": { "OBJECTID": 1634, "adm_nm": "경기도 여주시 점동면", "adm_cd": "3128031", "adm_cd2": "4167031000", "sgg": "41670", "sido": "41", "sidonm": "경기도", "sggnm": "여주시" }, "geometry": { "type": "MultiPolygon", "coordinates": [ [ [ [ 127.746397332701235, 37.229632359584109 ], [ 127.746644170155051, 37.229489273147941 ], [ 127.746879127901394, 37.229352941756353 ], [ 127.746999135231704, 37.229283302221887 ], [ 127.747507825147338, 37.228979707720157 ], [ 127.747934865089562, 37.22871455116632 ], [ 127.748083032337107, 37.228617447034267 ], [ 127.748291661552756, 37.228480711864144 ], [ 127.748532899831048, 37.228311005683409 ], [ 127.748589667898457, 37.228271067839529 ], [ 127.748628505972221, 37.228241230905198 ], [ 127.74884029323799, 37.22807852313607 ], [ 127.749014408133263, 37.227930432975064 ], [ 127.749054986759958, 37.227895916647491 ], [ 127.74924514015008, 37.227716153968174 ], [ 127.749306972701731, 37.22765171482078 ], [ 127.749420370593967, 37.227533510866216 ], [ 127.749582933517416, 37.227347893415306 ], [ 127.749615555513031, 37.227307262296414 ], [ 127.749734964265642, 37.227158350688384 ], [ 127.749871814096068, 37.226973081807351 ], [ 127.750000289602326, 37.226784267182332 ], [ 127.750115152037097, 37.226602346270845 ], [ 127.750193097811646, 37.226469241362359 ], [ 127.750220952716504, 37.2264216684978 ], [ 127.750316609749547, 37.226246043713807 ], [ 127.750337688409743, 37.226204539886879 ], [ 127.750365142930349, 37.226150480412613 ], [ 127.750402697000425, 37.226076497432061 ], [ 127.750479750068664, 37.225913393610597 ], [ 127.750509598839315, 37.225845763774736 ], [ 127.750549058691774, 37.225756081428074 ], [ 127.750595778388444, 37.225642034920938 ], [ 127.750608123329982, 37.225611896422976 ], [ 127.750645995333983, 37.225513216859056 ], [ 127.750666211736913, 37.225460271441207 ], [ 127.750715768616303, 37.225321458147299 ], [ 127.750760349345029, 37.225188656027292 ], [ 127.750800734960592, 37.225061814757275 ], [ 127.750837520026465, 37.224940400351556 ], [ 127.750870610469093, 37.224822208173045 ], [ 127.750899731081674, 37.224704459772092 ], [ 127.750912430419788, 37.224643235487768 ], [ 127.750924613719434, 37.224584467725819 ], [ 127.750944966370838, 37.224459486070039 ], [ 127.750960510703564, 37.22432681478282 ], [ 127.750967043600539, 37.224237553588665 ], [ 127.750970980667631, 37.224183717759217 ], [ 127.750976110309935, 37.22402748683681 ], [ 127.750975801914279, 37.223856517718708 ], [ 127.750970754633983, 37.223673606887942 ], [ 127.750961823506543, 37.223482671846803 ], [ 127.750949897380679, 37.223287630927665 ], [ 127.750935858346466, 37.223092406984762 ], [ 127.750929834372471, 37.223016801645748 ], [ 127.750920592999833, 37.222900925567856 ], [ 127.750904949534203, 37.222717092478085 ], [ 127.750889835859709, 37.222544809785276 ], [ 127.750877382571645, 37.222405245219285 ], [ 127.750861737881721, 37.222242419395378 ], [ 127.750846460570457, 37.22210881909902 ], [ 127.750828598296664, 37.221983949889747 ], [ 127.750806526454653, 37.221864302424756 ], [ 127.750779819581382, 37.221751418107118 ], [ 127.750746231453462, 37.221639235221254 ], [ 127.750704742187224, 37.221526786006265 ], [ 127.750679287237531, 37.221468885730879 ], [ 127.750654238097965, 37.221412004081806 ], [ 127.750596407356568, 37.221297501747237 ], [ 127.750569669868739, 37.221249488987652 ], [ 127.75052513126964, 37.221170189984193 ], [ 127.750446285465472, 37.221040859705944 ], [ 127.750357769954405, 37.220904356583915 ], [ 127.75025946597286, 37.22075950901764 ], [ 127.750160096092387, 37.220617738316257 ], [ 127.750144004080397, 37.220595004563812 ], [ 127.750033078730326, 37.220440170625935 ], [ 127.749905117588725, 37.220263681965903 ], [ 127.74980003324211, 37.220118836587382 ], [ 127.749769058086258, 37.22007614095979 ], [ 127.74962042721279, 37.219869154989304 ], [ 127.74948064959618, 37.219671019121733 ], [ 127.749362836768555, 37.219499416635266 ], [ 127.749332327506295, 37.219454972980166 ], [ 127.749084752650944, 37.219074388808806 ], [ 127.748253581231538, 37.217365847526658 ], [ 127.747919169604231, 37.216678398051677 ], [ 127.747793357187732, 37.21684319435645 ], [ 127.747735329917944, 37.216919187216611 ], [ 127.747025157424005, 37.216813546238392 ], [ 127.746945353212638, 37.216798779023932 ], [ 127.746898778797942, 37.216786938773488 ], [ 127.746867974335572, 37.216779101240249 ], [ 127.746801363917271, 37.216757372801638 ], [ 127.746721544967059, 37.216725934833129 ], [ 127.746660095941095, 37.216696337992879 ], [ 127.74661552311521, 37.216671609642347 ], [ 127.746584509957813, 37.216653650562655 ], [ 127.746526442907836, 37.216615220929093 ], [ 127.746467479379859, 37.216570750094832 ], [ 127.746409950860354, 37.216522511065492 ], [ 127.746351971595232, 37.216469772216371 ], [ 127.746297428841061, 37.216417352502177 ], [ 127.746234368680447, 37.216354871828862 ], [ 127.746170996114344, 37.216291256898046 ], [ 127.74610326491738, 37.216223744287326 ], [ 127.746030310774429, 37.216152378150483 ], [ 127.745993251385116, 37.216116799034666 ], [ 127.745952347936012, 37.21607752941285 ], [ 127.745869870560455, 37.215999689207251 ], [ 127.745830705478951, 37.215963280608044 ], [ 127.745783398582674, 37.215919304444895 ], [ 127.745715550205986, 37.215857154325541 ], [ 127.7456934183176, 37.215836882502238 ], [ 127.745637031586341, 37.215785900441681 ], [ 127.745600452951464, 37.215752832426894 ], [ 127.745504034838149, 37.215666830674181 ], [ 127.745478724918584, 37.215644545341817 ], [ 127.745407525597855, 37.215581856635168 ], [ 127.74530856090449, 37.215495914080726 ], [ 127.745208550528801, 37.215410675803483 ], [ 127.745144563006448, 37.215357480957991 ], [ 127.745107924496011, 37.215327026093583 ], [ 127.745007146715579, 37.215245873510526 ], [ 127.744906640396039, 37.21516808974193 ], [ 127.744840777126342, 37.215119558886968 ], [ 127.744806861503292, 37.215094570747226 ], [ 127.744750427422431, 37.215055440066315 ], [ 127.744708260332459, 37.215026203484975 ], [ 127.744611264683783, 37.214963891187125 ], [ 127.744516284541518, 37.214908256785861 ], [ 127.744414161146935, 37.214854370455157 ], [ 127.744373719454558, 37.214834795991216 ], [ 127.744333074614616, 37.214815129988793 ], [ 127.744258714840967, 37.214782276493693 ], [ 127.744204940162376, 37.214759968452498 ], [ 127.744159886264228, 37.21474169063449 ], [ 127.744093600609503, 37.21471676810642 ], [ 127.740774930405962, 37.211951142233389 ], [ 127.739630233453127, 37.211471541608788 ], [ 127.737975901426168, 37.210709103010728 ], [ 127.737933168616962, 37.210688684508277 ], [ 127.737887588206704, 37.210665500778532 ], [ 127.737827711885771, 37.210633404660996 ], [ 127.737787463280156, 37.210611250413088 ], [ 127.737741025031369, 37.210585105417877 ], [ 127.737714812495383, 37.21057020996215 ], [ 127.737674571546236, 37.210547241688026 ], [ 127.737616746259988, 37.210513969516178 ], [ 127.737549294145069, 37.210474955718212 ], [ 127.737483730536297, 37.210436883673168 ], [ 127.737417405595735, 37.210398238919993 ], [ 127.737359642261481, 37.210364523905561 ], [ 127.737105192804307, 37.210215976531259 ], [ 127.737051812461942, 37.210184717043823 ], [ 127.737001018714651, 37.210154562892654 ], [ 127.736955634173555, 37.210127147196197 ], [ 127.736912716368082, 37.210100353929271 ], [ 127.736873162434208, 37.210074558089509 ], [ 127.736836900647873, 37.210049529964429 ], [ 127.736803869321619, 37.210025005567573 ], [ 127.736773963928812, 37.210000716490725 ], [ 127.736746814513978, 37.209976207362807 ], [ 127.736727046093392, 37.209956105790297 ], [ 127.736699251728993, 37.209924633655007 ], [ 127.736678008096504, 37.209896595412253 ], [ 127.73541498863581, 37.208065588502606 ], [ 127.735393634490279, 37.208032852094057 ], [ 127.735377597398326, 37.208005914698923 ], [ 127.73536256669874, 37.207976798398605 ], [ 127.735349347690828, 37.207937726037585 ], [ 127.735343195071607, 37.207898014058081 ], [ 127.735287431650974, 37.207154672197412 ], [ 127.735286090742804, 37.207119517191998 ], [ 127.735287361242797, 37.207076817611672 ], [ 127.735296141543046, 37.207026415895434 ], [ 127.735305143529303, 37.207000958439274 ], [ 127.735320379404129, 37.206974635865521 ], [ 127.735340213205447, 37.206949750015823 ], [ 127.735366537399386, 37.206922046081132 ], [ 127.7354007965357, 37.206887469351386 ], [ 127.735424421489711, 37.206862986094769 ], [ 127.735446448621673, 37.206838209445472 ], [ 127.735472267653265, 37.206804634710139 ], [ 127.735496017335521, 37.206758289308887 ], [ 127.73550691711165, 37.20671146646346 ], [ 127.735568102129648, 37.205574586308764 ], [ 127.735568936237613, 37.205547811884102 ], [ 127.735564407570862, 37.205520412629767 ], [ 127.735549792147978, 37.205481550375438 ], [ 127.735529287045409, 37.205443667943229 ], [ 127.734597123314231, 37.203323673845766 ], [ 127.73375682850822, 37.202111062585161 ], [ 127.733732924058401, 37.202077126589167 ], [ 127.73370959760453, 37.202045345620888 ], [ 127.733686537488211, 37.20201514790007 ], [ 127.733664127013498, 37.201986952728021 ], [ 127.733642277323085, 37.201960449293821 ], [ 127.733620903504729, 37.201935509765079 ], [ 127.733600288513358, 37.201912169640487 ], [ 127.733580124795481, 37.201890091498065 ], [ 127.733552797027656, 37.201861275012526 ], [ 127.733523680683547, 37.2018316498757 ], [ 127.733497458708399, 37.201806216893971 ], [ 127.733465142512443, 37.201776735965097 ], [ 127.733436509116117, 37.201752420963459 ], [ 127.733408905516498, 37.201731338185581 ], [ 127.733379116951511, 37.201712463653578 ], [ 127.733336158681666, 37.20169289302504 ], [ 127.733288964557673, 37.201680298623344 ], [ 127.733222653422175, 37.201668953335385 ], [ 127.733189679009726, 37.201665021394724 ], [ 127.733143511207601, 37.201661120819097 ], [ 127.73310492029286, 37.201658606108104 ], [ 127.732566646364262, 37.199635784108224 ], [ 127.732810150294711, 37.198384903259594 ], [ 127.732897802296975, 37.196727092315598 ], [ 127.732899594652864, 37.196655437436128 ], [ 127.732899105611082, 37.19659711169804 ], [ 127.732895739270262, 37.196528694911109 ], [ 127.732892675441349, 37.196488693609346 ], [ 127.732887922738087, 37.196443620683191 ], [ 127.732881752497704, 37.196394503207443 ], [ 127.73287543829457, 37.196350606085268 ], [ 127.732868100327053, 37.196308335317404 ], [ 127.732858982450253, 37.196267669854706 ], [ 127.732843652790692, 37.196219011168246 ], [ 127.732829866226567, 37.196185556251358 ], [ 127.732813799474883, 37.196154444975242 ], [ 127.732795636606397, 37.19612727608061 ], [ 127.732761507508968, 37.19608557265154 ], [ 127.730619735417903, 37.194016207942298 ], [ 127.728624445820302, 37.191866998495712 ], [ 127.728578775602458, 37.191811184663244 ], [ 127.728535322089641, 37.191748760089503 ], [ 127.728511010777709, 37.191706937305142 ], [ 127.728495995370153, 37.191680563912989 ], [ 127.728463256022337, 37.191613636827633 ], [ 127.728431172887056, 37.191536743359265 ], [ 127.728400531225844, 37.191452102171596 ], [ 127.728373397996137, 37.191369245317354 ], [ 127.728338483544604, 37.191254167160757 ], [ 127.728305362591968, 37.191138598772973 ], [ 127.728271559407133, 37.191017568230336 ], [ 127.728232181935482, 37.190873903142887 ], [ 127.728193565474072, 37.190730346545166 ], [ 127.728154762373734, 37.190583501939614 ], [ 127.728116672244269, 37.190436527944279 ], [ 127.728080154050332, 37.190292559820101 ], [ 127.728046095000934, 37.190154762521672 ], [ 127.72801535627417, 37.190026265899753 ], [ 127.727988662834818, 37.189909492459698 ], [ 127.727964086740172, 37.189795030664961 ], [ 127.727946706019949, 37.189708370795053 ], [ 127.727930893202938, 37.189621168860441 ], [ 127.727918716864721, 37.189546158737642 ], [ 127.727908030977218, 37.189469209512211 ], [ 127.727904998854754, 37.189442155852973 ], [ 127.727900419754675, 37.189401221618894 ], [ 127.727895686223036, 37.189345638832037 ], [ 127.727891437856172, 37.189275659558518 ], [ 127.727889929316802, 37.189216829088707 ], [ 127.727890605417031, 37.189160616624363 ], [ 127.727893613617738, 37.189106978614127 ], [ 127.727899136618618, 37.189055975101091 ], [ 127.727907108383107, 37.189008878104602 ], [ 127.727918334188061, 37.188961837946387 ], [ 127.727937198485094, 37.188907152636972 ], [ 127.72794935748415, 37.188878214643474 ], [ 127.727964160789668, 37.188849269757924 ], [ 127.727990239329188, 37.188803995724811 ], [ 127.728012817606057, 37.188769716637481 ], [ 127.728035936672214, 37.188736936454852 ], [ 127.728058780736717, 37.188705631507403 ], [ 127.728081828441788, 37.188673861936053 ], [ 127.728102137335554, 37.188644773926057 ], [ 127.728118362779753, 37.188619321959166 ], [ 127.728140447735626, 37.188579143151571 ], [ 127.728151515764438, 37.188555003651452 ], [ 127.728162465050303, 37.188523604404189 ], [ 127.728170173911295, 37.188490681699548 ], [ 127.728173331247689, 37.18846421736491 ], [ 127.728174569557225, 37.188426798256295 ], [ 127.728156084480091, 37.186940109089484 ], [ 127.728153788744891, 37.186887433158013 ], [ 127.728148670872898, 37.186822818042501 ], [ 127.728142447552585, 37.186768246790699 ], [ 127.728132173906587, 37.186697941968923 ], [ 127.72812032882166, 37.18663745114565 ], [ 127.728105046803705, 37.186577865645802 ], [ 127.728094399765155, 37.186543722605542 ], [ 127.727666440327752, 37.185410946225616 ], [ 127.727623882818349, 37.185305103875997 ], [ 127.726689348615622, 37.18300395752793 ], [ 127.726671573594018, 37.182964535777906 ], [ 127.726645444701603, 37.182906587935598 ], [ 127.726600414720579, 37.182820672032079 ], [ 127.726552872041395, 37.182744399725976 ], [ 127.726501655376723, 37.182676343593243 ], [ 127.726465679443947, 37.182636986348307 ], [ 127.726445516261791, 37.182614930345018 ], [ 127.726383206367103, 37.182558629957143 ], [ 127.726313515517475, 37.182505860046987 ], [ 127.726235190992384, 37.182455124844665 ], [ 127.726184495086301, 37.18242629257491 ], [ 127.726147414645254, 37.182405206282496 ], [ 127.726050861823879, 37.182356273418158 ], [ 127.725946648301388, 37.182308850527797 ], [ 127.725835858350891, 37.182263479076944 ], [ 127.725719604360521, 37.182220686057605 ], [ 127.725598975088133, 37.182181010228788 ], [ 127.725564966585367, 37.1821711044431 ], [ 127.725461890656035, 37.182141599956793 ], [ 127.725348983578613, 37.182113023604636 ], [ 127.725221634828202, 37.182085574320574 ], [ 127.725082414828819, 37.182060236927079 ], [ 127.724963500234594, 37.182041260853907 ], [ 127.723311931236239, 37.181784274105752 ], [ 127.72322849459313, 37.181771759258062 ], [ 127.723146086355484, 37.181761477018625 ], [ 127.723095604937527, 37.181756370021724 ], [ 127.723043345973764, 37.181752861851137 ], [ 127.722992812428586, 37.181751862649492 ], [ 127.722960244137184, 37.181752657688669 ], [ 127.722922987246989, 37.181755834060219 ], [ 127.722882429614685, 37.181762128308108 ], [ 127.722829562789826, 37.181775277503888 ], [ 127.722780118200163, 37.181794076610885 ], [ 127.722730318071655, 37.181819563951692 ], [ 127.722678677264128, 37.18185125735647 ], [ 127.722632343887796, 37.181882996653989 ], [ 127.722597184361703, 37.18190988787326 ], [ 127.722566261049153, 37.18193495387542 ], [ 127.72253798460666, 37.18195982019293 ], [ 127.722493861268262, 37.182001094041624 ], [ 127.722451064525785, 37.182044510746977 ], [ 127.722407952499282, 37.182091457061787 ], [ 127.722382694501945, 37.182120695840688 ], [ 127.722362322830037, 37.182144282596404 ], [ 127.722334035297195, 37.18217848302082 ], [ 127.722314073045112, 37.18220262427046 ], [ 127.722263134162148, 37.182266014376467 ], [ 127.722209404210872, 37.182333877098912 ], [ 127.722169794047019, 37.182384149282946 ], [ 127.722152800610857, 37.182405717712811 ], [ 127.722123281642098, 37.182443037481804 ], [ 127.72209322946847, 37.182481025288553 ], [ 127.722067941020384, 37.182512647392684 ], [ 127.7220338140623, 37.182555309437589 ], [ 127.721964892241076, 37.182639959589828 ], [ 127.721934221329363, 37.182676764958629 ], [ 127.721914844265143, 37.182700004531355 ], [ 127.721896149751444, 37.182722420733676 ], [ 127.721868017999299, 37.182755331731322 ], [ 127.721830085673517, 37.182799706315599 ], [ 127.721753387169286, 37.182887286973084 ], [ 127.721681555515786, 37.182966810656772 ], [ 127.72161192086638, 37.183041417484702 ], [ 127.721542538167654, 37.183112845416787 ], [ 127.721498861795936, 37.183155590060672 ], [ 127.721472084703151, 37.183181448477121 ], [ 127.72141697539513, 37.183231886388079 ], [ 127.721361653168103, 37.183278106056981 ], [ 127.721311074946215, 37.183315808399612 ], [ 127.72126439686069, 37.183346129877293 ], [ 127.72122082340104, 37.183370179816798 ], [ 127.721179511836667, 37.183389102786684 ], [ 127.721139648616443, 37.183404006341796 ], [ 127.721107866093988, 37.18341373421368 ], [ 127.721069198522784, 37.183424117630864 ], [ 127.721020656229783, 37.183435662447813 ], [ 127.720979405196076, 37.18344445515342 ], [ 127.720937314152025, 37.183452628337328 ], [ 127.720902053653873, 37.183458843522097 ], [ 127.720850944635501, 37.183467202052107 ], [ 127.720806825125706, 37.183473640144513 ], [ 127.718296493270287, 37.183816236949575 ], [ 127.71826438121019, 37.183819690830155 ], [ 127.718228139695796, 37.183821826328987 ], [ 127.718181587353882, 37.183821591157397 ], [ 127.718139176398026, 37.183818598131374 ], [ 127.718106987609104, 37.183814177364965 ], [ 127.718067858811906, 37.183805420044131 ], [ 127.718033332122403, 37.183794270905345 ], [ 127.717992008549558, 37.183774092185878 ], [ 127.717965415487555, 37.183756276902479 ], [ 127.717295039670717, 37.183255735637815 ], [ 127.717251673453035, 37.183223153351129 ], [ 127.717211420214824, 37.183192585408804 ], [ 127.717168718374651, 37.183159866661363 ], [ 127.717131736753856, 37.18313122983232 ], [ 127.717104799151684, 37.183110186122143 ], [ 127.717066968185392, 37.183080390709883 ], [ 127.717036452055723, 37.183056030930253 ], [ 127.716992983865765, 37.183020410971338 ], [ 127.71696383592159, 37.182995418579118 ], [ 127.716917852286926, 37.18295237825658 ], [ 127.71687692990173, 37.182905182150456 ], [ 127.716853932935578, 37.182872190146604 ], [ 127.716840285959165, 37.182847982427234 ], [ 127.716817196650396, 37.182802773729563 ], [ 127.716797925973225, 37.18276328111353 ], [ 127.71677555165455, 37.182717126417586 ], [ 127.715658711943192, 37.181638833915663 ], [ 127.71560972485328, 37.18162219823909 ], [ 127.715561234076233, 37.181602997117629 ], [ 127.715518372298533, 37.181583603652243 ], [ 127.715483928378944, 37.181565807491644 ], [ 127.714598879315673, 37.181074002462474 ], [ 127.714580873678585, 37.181040680061791 ], [ 127.714576821097154, 37.180993975242941 ], [ 127.714577262264953, 37.180955582334008 ], [ 127.714580645310619, 37.180917331929038 ], [ 127.714587258008876, 37.18087980041139 ], [ 127.714595596462388, 37.180851378158714 ], [ 127.714605242445472, 37.18082559828494 ], [ 127.71461993561401, 37.180793107257493 ], [ 127.714635082672103, 37.180764560893678 ], [ 127.714653527604256, 37.180734969223487 ], [ 127.714673742659087, 37.180707872160653 ], [ 127.714694953451499, 37.180683514489168 ], [ 127.714724534746395, 37.180652037603657 ], [ 127.714761379146893, 37.180607485160131 ], [ 127.714782463491119, 37.180572705556244 ], [ 127.71479426569644, 37.180546952405521 ], [ 127.714806332847971, 37.180516499703373 ], [ 127.714817767571546, 37.180482717422613 ], [ 127.714827921684204, 37.180448246078043 ], [ 127.714837833313908, 37.180407714967373 ], [ 127.714844451595525, 37.180371021737031 ], [ 127.71484802763193, 37.180328177366356 ], [ 127.714844774275292, 37.180292032967309 ], [ 127.714835563027563, 37.180256457345571 ], [ 127.71482198260189, 37.180227110300848 ], [ 127.713797019830707, 37.178430924552977 ], [ 127.712279857624381, 37.176803977391621 ], [ 127.71225912376471, 37.176782070503251 ], [ 127.712234666101551, 37.176760314507206 ], [ 127.712203964153431, 37.176737327539755 ], [ 127.712171666861053, 37.176716273348994 ], [ 127.712142587003726, 37.176699287782014 ], [ 127.712104916325885, 37.176678644322273 ], [ 127.712058689310183, 37.176654584478783 ], [ 127.712013770638208, 37.176631891524629 ], [ 127.711963400651896, 37.176611554686495 ], [ 127.711909835874636, 37.176602897758059 ], [ 127.711862171954152, 37.176601575880902 ], [ 127.711813614318814, 37.176602936388512 ], [ 127.711546700978829, 37.17658594650171 ], [ 127.711010595860145, 37.176434548034841 ], [ 127.710972674262649, 37.17641790243345 ], [ 127.710616666166942, 37.175890243770752 ], [ 127.710251773798646, 37.17454501664816 ], [ 127.709721019396454, 37.172705825093573 ], [ 127.709720651554164, 37.172376277419971 ], [ 127.709720215895729, 37.17233317342383 ], [ 127.709719195888326, 37.172300765751459 ], [ 127.709716472288008, 37.172254350399236 ], [ 127.709712565525038, 37.172219609564522 ], [ 127.709707117156015, 37.172189936509021 ], [ 127.709694400453898, 37.172149875787902 ], [ 127.709671862943992, 37.172108403699497 ], [ 127.708836471369523, 37.170922929598859 ], [ 127.708814024730117, 37.170892481486668 ], [ 127.70878191697301, 37.170855956824518 ], [ 127.708754837091746, 37.170829079257075 ], [ 127.708714945279482, 37.170793584183784 ], [ 127.708680462224223, 37.170766155351998 ], [ 127.708648053670402, 37.17074309201751 ], [ 127.708610988443994, 37.170721230345691 ], [ 127.708577917764799, 37.170708474038975 ], [ 127.708531973025558, 37.170699322603397 ], [ 127.708478448741573, 37.170698413505562 ], [ 127.708419386815677, 37.170705645791102 ], [ 127.70836362964809, 37.170718159037357 ], [ 127.708311906930092, 37.170733821921793 ], [ 127.708253839576273, 37.1707537740511 ], [ 127.708040130787722, 37.170831033849744 ], [ 127.708001748461356, 37.170845174123812 ], [ 127.707953849666325, 37.170863672302232 ], [ 127.707907818867426, 37.170883143416717 ], [ 127.707866196526879, 37.170902904247349 ], [ 127.707815802097272, 37.170922027822733 ], [ 127.707766826943086, 37.17092140608996 ], [ 127.707727068727038, 37.170911521462017 ], [ 127.707670424130626, 37.170896211950925 ], [ 127.707636833870808, 37.170887021389966 ], [ 127.707602424413267, 37.170877310335207 ], [ 127.707566558086526, 37.170866623786623 ], [ 127.707527931651555, 37.170854148244416 ], [ 127.707481498971561, 37.170837493875013 ], [ 127.707452318677966, 37.17082582385931 ], [ 127.707413068736798, 37.170808994633553 ], [ 127.707208091629667, 37.170718186786047 ], [ 127.707158864297796, 37.170690332583341 ], [ 127.707132147069203, 37.170664853907596 ], [ 127.707104403572544, 37.170630251090081 ], [ 127.706988370708046, 37.170476826501755 ], [ 127.706958557967681, 37.170435558592047 ], [ 127.705793233905581, 37.168674943863195 ], [ 127.705772643339927, 37.168649120707158 ], [ 127.705753002153173, 37.168623646549761 ], [ 127.705723554182953, 37.168583456675861 ], [ 127.704874300119812, 37.167399812251659 ], [ 127.704848987022885, 37.167360097259859 ], [ 127.704830489728309, 37.167322095791732 ], [ 127.704816919449897, 37.167287531016612 ], [ 127.704584313284641, 37.166639051230796 ], [ 127.704578184178246, 37.166605402036105 ], [ 127.704575941372838, 37.166579409069676 ], [ 127.704574825036048, 37.166540502275261 ], [ 127.704577506947601, 37.166497062913692 ], [ 127.704600355297515, 37.166449507124199 ], [ 127.704626841015639, 37.166419645254869 ], [ 127.704649819355595, 37.166396508591795 ], [ 127.704672740459586, 37.166374289664589 ], [ 127.704697588176558, 37.166350608012444 ], [ 127.7047194773792, 37.166329592446068 ], [ 127.704747181076044, 37.166301160795427 ], [ 127.704774041144688, 37.166269400764989 ], [ 127.704794279784508, 37.166236961686529 ], [ 127.704813061968039, 37.166195732709184 ], [ 127.7048272993447, 37.166150762594476 ], [ 127.704993327256375, 37.165554104909923 ], [ 127.70500468622221, 37.165507325197602 ], [ 127.705012057311379, 37.16547282786847 ], [ 127.705018514305735, 37.165439349818975 ], [ 127.705028646536093, 37.16538251873083 ], [ 127.705037385351801, 37.165327311699933 ], [ 127.705042982523523, 37.165286179408028 ], [ 127.705046393157374, 37.1652561896991 ], [ 127.705049314563226, 37.165220633689799 ], [ 127.705162956451289, 37.163780089982254 ], [ 127.705163910520724, 37.163740531472556 ], [ 127.705136889202834, 37.163143338438999 ], [ 127.705135085706203, 37.163107808621994 ], [ 127.705133016097761, 37.163070915422118 ], [ 127.705130824183342, 37.163035025710307 ], [ 127.705128510630416, 37.163000386473563 ], [ 127.705126107261904, 37.162967520478418 ], [ 127.705123904906017, 37.162939851703065 ], [ 127.705121206814496, 37.162909204603814 ], [ 127.705117252595301, 37.162871776518649 ], [ 127.705111070734006, 37.162826078185745 ], [ 127.70510310150722, 37.162781238389897 ], [ 127.70509557717665, 37.162745568835746 ], [ 127.70508959298121, 37.162719663464543 ], [ 127.705083009470698, 37.162692460188701 ], [ 127.705075722728679, 37.162663431859208 ], [ 127.70506491551248, 37.162621601392097 ], [ 127.705051976958742, 37.162572537137315 ], [ 127.705043770694488, 37.1625416606893 ], [ 127.705027576941887, 37.162480835871747 ], [ 127.705019660291086, 37.162451260566158 ], [ 127.705012777624106, 37.162425869650122 ], [ 127.705003983362076, 37.162394120743009 ], [ 127.704996107581806, 37.162366743919932 ], [ 127.704984714694916, 37.162329470216221 ], [ 127.704971699160126, 37.162290233327873 ], [ 127.704960726972473, 37.16226067862614 ], [ 127.70462043834145, 37.159264525060223 ], [ 127.703994026969966, 37.156489859637318 ], [ 127.702626019378812, 37.155125311011481 ], [ 127.702593265559798, 37.155093317094675 ], [ 127.70254900966529, 37.155053167868125 ], [ 127.702517392826053, 37.155026041445808 ], [ 127.702493623064768, 37.155006438362555 ], [ 127.702467563758432, 37.154985560073854 ], [ 127.702441340926157, 37.154965012879011 ], [ 127.702405610192642, 37.154937458068417 ], [ 127.702368099625502, 37.154908875063924 ], [ 127.701826503897564, 37.154497870449056 ], [ 127.701732629248369, 37.154426735325139 ], [ 127.701668586787079, 37.154378347129068 ], [ 127.701636803130796, 37.154354335150813 ], [ 127.701540378835873, 37.154281798899525 ], [ 127.701455411358566, 37.154218200485595 ], [ 127.701350535012566, 37.154140391627543 ], [ 127.701248481361958, 37.154066942548312 ], [ 127.701201540996536, 37.154034495477831 ], [ 127.70115987970226, 37.154005700988563 ], [ 127.701059080623821, 37.153940201924406 ], [ 127.700950480039964, 37.153874862031003 ], [ 127.700835802972193, 37.153811275676532 ], [ 127.700709016369316, 37.153747244586071 ], [ 127.700569260729182, 37.153683092882915 ], [ 127.700415255210004, 37.153618659530309 ], [ 127.70024918918503, 37.153554398693963 ], [ 127.700074153446479, 37.15349095412666 ], [ 127.699893219444917, 37.153428901121728 ], [ 127.699702912680792, 37.153366842900077 ], [ 127.699525926162352, 37.153311529795587 ], [ 127.699451642302364, 37.153289222135385 ], [ 127.699345712104162, 37.153257418937891 ], [ 127.69917190397932, 37.153207203786693 ], [ 127.699006809181483, 37.153161288838511 ], [ 127.698944580109711, 37.153144603495569 ], [ 127.698849768714112, 37.153119186666878 ], [ 127.698697026968489, 37.153079668657284 ], [ 127.698554252367373, 37.153043786299669 ], [ 127.698412982313116, 37.153009146109447 ], [ 127.69827415576664, 37.152975654576636 ], [ 127.698136374560647, 37.152942650603435 ], [ 127.698042449492235, 37.152920072915855 ], [ 127.697998223530121, 37.152909429845728 ], [ 127.697906118868914, 37.152887028390992 ], [ 127.697865337453905, 37.152877097048325 ], [ 127.697715650713036, 37.152840127290169 ], [ 127.697578887755697, 37.152805716559243 ], [ 127.697479515991034, 37.152780173725567 ], [ 127.697429891347028, 37.152767339977537 ], [ 127.697305136318903, 37.152734472887524 ], [ 127.697173307345025, 37.152698736501655 ], [ 127.697046306705715, 37.152663154196887 ], [ 127.697011436110188, 37.152652999096496 ], [ 127.696969245637234, 37.152640709873971 ], [ 127.696925211400483, 37.15262788284889 ], [ 127.696810904429839, 37.152592964277638 ], [ 127.69677286824863, 37.152580620311369 ], [ 127.696703337576523, 37.152558047931095 ], [ 127.696602229979263, 37.152522528540416 ], [ 127.696567995796002, 37.152509333572439 ], [ 127.696514918110168, 37.15248887015418 ], [ 127.696418282750329, 37.152447738171659 ], [ 127.696334876127352, 37.152407390966246 ], [ 127.69625682206356, 37.152364388274563 ], [ 127.696182919258078, 37.152317537716257 ], [ 127.69611564947013, 37.152268479379593 ], [ 127.696089773454673, 37.152246889054588 ], [ 127.696052110606033, 37.152215463916221 ], [ 127.696025294702054, 37.152190104498644 ], [ 127.695993100702395, 37.152159644729252 ], [ 127.695938484483889, 37.152101406053276 ], [ 127.695893415890851, 37.152047574831478 ], [ 127.695841871475437, 37.151979547938865 ], [ 127.695799614478972, 37.151916780780866 ], [ 127.694858334161438, 37.150588993044352 ], [ 127.694413974477158, 37.149642193800673 ], [ 127.694418509155497, 37.149595945382771 ], [ 127.694422520847183, 37.14955259317928 ], [ 127.694427575271149, 37.14949383131367 ], [ 127.694431527775478, 37.149441439778641 ], [ 127.694434243100915, 37.149399766339194 ], [ 127.694437258716988, 37.14934519039948 ], [ 127.694438792233214, 37.149308151289254 ], [ 127.694440683940954, 37.149244757710605 ], [ 127.694441343791752, 37.149203834917849 ], [ 127.694441489400219, 37.149156465119468 ], [ 127.694440388343082, 37.147515028975761 ], [ 127.69444022044398, 37.147463080469201 ], [ 127.694439687165371, 37.147422360637876 ], [ 127.694438660263273, 37.147381043073764 ], [ 127.694437011613786, 37.147340104223893 ], [ 127.694434661204951, 37.147300399666214 ], [ 127.694431554478911, 37.14726305085567 ], [ 127.694427436793276, 37.147226239146072 ], [ 127.694422585405945, 37.147192259095661 ], [ 127.69441650055262, 37.147158113404124 ], [ 127.694406969234535, 37.147115335966717 ], [ 127.694398619336923, 37.147083181618065 ], [ 127.694388085180563, 37.147047627092192 ], [ 127.694378751654952, 37.147018763633461 ], [ 127.694365826165068, 37.146982051097496 ], [ 127.694351903246456, 37.146944997656099 ], [ 127.694337325545817, 37.146908168838365 ], [ 127.694322176916558, 37.146871329236149 ], [ 127.694306941919152, 37.146835496658561 ], [ 127.69429484669017, 37.146807699591228 ], [ 127.694277175499934, 37.146767692924861 ], [ 127.694263108578397, 37.146736382649372 ], [ 127.694243895255312, 37.146695266153706 ], [ 127.694224050143646, 37.146655436113683 ], [ 127.69420096696993, 37.146614028483285 ], [ 127.694175806577135, 37.146574074634565 ], [ 127.694159496676136, 37.146551155726137 ], [ 127.694138080023464, 37.14652336038894 ], [ 127.694073236773491, 37.145092730182974 ], [ 127.694034965385157, 37.144068449426257 ], [ 127.694305008285184, 37.14301495776148 ], [ 127.694667291984459, 37.14218957410592 ], [ 127.695434932243231, 37.140449000280796 ], [ 127.695421383170256, 37.140405121654958 ], [ 127.695401072515153, 37.140366436438107 ], [ 127.69538110208947, 37.140337010044604 ], [ 127.695357447456288, 37.140306686496523 ], [ 127.69532526484879, 37.14027026536764 ], [ 127.695300642301802, 37.140244467630644 ], [ 127.69526014884427, 37.140205800315982 ], [ 127.695233803233819, 37.140182046218413 ], [ 127.69519759807558, 37.140151482797677 ], [ 127.692592989436335, 37.138040100619492 ], [ 127.692100838497339, 37.137656968858458 ], [ 127.692054985963125, 37.137625708874836 ], [ 127.692017834550128, 37.137604215192667 ], [ 127.691990004929963, 37.137589935794665 ], [ 127.691948500892465, 37.137571185853233 ], [ 127.691899411385464, 37.137551498080001 ], [ 127.691844250047808, 37.137532362768432 ], [ 127.69180323083107, 37.137519650608141 ], [ 127.691768554802408, 37.137509943424021 ], [ 127.691728618556496, 37.137499830985803 ], [ 127.691695000948528, 37.137492367507043 ], [ 127.691644504431579, 37.137483058156285 ], [ 127.691583986985833, 37.137474563639081 ], [ 127.691524793601843, 37.137469179557158 ], [ 127.691468438851686, 37.137466541996467 ], [ 127.691401319706699, 37.137465922944294 ], [ 127.691362901518644, 37.137466186888993 ], [ 127.691313362659443, 37.137466044200622 ], [ 127.691261742386487, 37.137463833385212 ], [ 127.691223402309177, 37.137459791072182 ], [ 127.691164347466739, 37.137449938244501 ], [ 127.691004261677662, 37.13741838246245 ], [ 127.690967900316082, 37.137410926803966 ], [ 127.690932747663894, 37.137401911532464 ], [ 127.690369867071979, 37.137237373688485 ], [ 127.690335242731706, 37.137227051232294 ], [ 127.690303789876253, 37.137216180117804 ], [ 127.690273799840483, 37.137203155857051 ], [ 127.690243651811414, 37.137186384636351 ], [ 127.690206279641458, 37.137159173026596 ], [ 127.690178384456431, 37.137134242119508 ], [ 127.690143857115771, 37.137094714321321 ], [ 127.69012627304572, 37.137070640338273 ], [ 127.689120430323371, 37.136269262789895 ], [ 127.687906465769984, 37.135307295797041 ], [ 127.687872610117012, 37.135281334447455 ], [ 127.687839043925237, 37.135257228655341 ], [ 127.687806070795688, 37.135235277211706 ], [ 127.687773448324904, 37.135215345287939 ], [ 127.68774155525162, 37.135197611667301 ], [ 127.687710280692173, 37.135181856579223 ], [ 127.687669973717234, 37.135164066852845 ], [ 127.687605528329101, 37.135140172132346 ], [ 127.68754996528061, 37.135124089461591 ], [ 127.687493953924488, 37.135111565382743 ], [ 127.687427392365308, 37.135101071733573 ], [ 127.686803558077102, 37.135037213617878 ], [ 127.686770239268213, 37.13503386956382 ], [ 127.686737895726893, 37.135031082845153 ], [ 127.68669132109882, 37.135027903877301 ], [ 127.686636464480145, 37.135025204867063 ], [ 127.686577348691998, 37.135023450914517 ], [ 127.686537379137889, 37.135022806201803 ], [ 127.686473629191084, 37.13502426404176 ], [ 127.686422655466799, 37.13502832218694 ], [ 127.686369882104955, 37.135035865329336 ], [ 127.686314488896159, 37.135047586145582 ], [ 127.686271328165901, 37.135059182248746 ], [ 127.682262660603811, 37.136157376967383 ], [ 127.679726836689426, 37.136542476878908 ], [ 127.676159761362968, 37.136755052861638 ], [ 127.676116541576278, 37.136737402356779 ], [ 127.676066443367702, 37.136719654783683 ], [ 127.676029577603913, 37.136708512984356 ], [ 127.67599329022211, 37.136699650909939 ], [ 127.675955386513309, 37.136692940211226 ], [ 127.675129814005615, 37.136559161462138 ], [ 127.675081082304018, 37.136553815006046 ], [ 127.670674220090532, 37.136306452227991 ], [ 127.670629888577807, 37.136304465315085 ], [ 127.670568931686319, 37.136304393490683 ], [ 127.670519781739443, 37.136305618923323 ], [ 127.670439027688161, 37.136309932978271 ], [ 127.670361110620689, 37.136315620272555 ], [ 127.670265649375196, 37.136324213658419 ], [ 127.670158760153171, 37.136335333830075 ], [ 127.670039975824835, 37.136349042723317 ], [ 127.669899747176927, 37.13636669440254 ], [ 127.669764674782471, 37.136384692790095 ], [ 127.669683860840067, 37.136396024881265 ], [ 127.669607979079814, 37.136406669287524 ], [ 127.669442251595981, 37.136430830913149 ], [ 127.66927183668426, 37.136456440373031 ], [ 127.669237081614625, 37.136461807480252 ], [ 127.66910109232883, 37.136482809054463 ], [ 127.668934356219609, 37.136509230370173 ], [ 127.668775937873022, 37.136534980670106 ], [ 127.668630393379374, 37.136559330566634 ], [ 127.668494705564072, 37.136582901869346 ], [ 127.668393448495564, 37.136601567253827 ], [ 127.668288077608707, 37.136625461226032 ], [ 127.668216102278748, 37.136647264197101 ], [ 127.668160919790637, 37.136669514746522 ], [ 127.668102320430862, 37.136703102781667 ], [ 127.668073707600144, 37.136725522935599 ], [ 127.668047189832762, 37.136746303131822 ], [ 127.667991939537401, 37.136801595288048 ], [ 127.667932963092227, 37.136871475886892 ], [ 127.667867531162159, 37.136957445146429 ], [ 127.6678375775071, 37.13699937479425 ], [ 127.667796327495665, 37.137057125040187 ], [ 127.667754128867784, 37.137118715765901 ], [ 127.667720931070889, 37.137167169952491 ], [ 127.667642890491962, 37.137284237919872 ], [ 127.667563756584443, 37.137404963542849 ], [ 127.667485093743721, 37.137525997632636 ], [ 127.667408465272985, 37.137643995513429 ], [ 127.66733540410209, 37.137755614359428 ], [ 127.667267082265454, 37.137858253727188 ], [ 127.667202895029973, 37.137952357075982 ], [ 127.667141850906049, 37.13803914002488 ], [ 127.667082993198363, 37.1381197730704 ], [ 127.66702529550372, 37.138195476383324 ], [ 127.666967774180122, 37.138267462860689 ], [ 127.666909433069989, 37.138336889527018 ], [ 127.666849290831863, 37.138404998117601 ], [ 127.666786635556562, 37.13847267212244 ], [ 127.666764616021766, 37.138495472091435 ], [ 127.666721949690654, 37.138539648545539 ], [ 127.666648151712351, 37.138612904420967 ], [ 127.666589519049907, 37.138669264340251 ], [ 127.666523310934707, 37.13873075854827 ], [ 127.666458133255489, 37.138789307231455 ], [ 127.666394727853842, 37.138844319821089 ], [ 127.666333882882824, 37.138895271488678 ], [ 127.666270032006636, 37.138946432864962 ], [ 127.666221199525225, 37.138983958989819 ], [ 127.666168510379009, 37.139022405442901 ], [ 127.666117539892525, 37.139057481755898 ], [ 127.666067773323036, 37.13908961502429 ], [ 127.666017177749723, 37.139120082705738 ], [ 127.665969683787111, 37.139146784394022 ], [ 127.665920317781556, 37.139172660277929 ], [ 127.66586999845407, 37.139197169118525 ], [ 127.665818165963813, 37.139220199020173 ], [ 127.665764221819614, 37.139241469574522 ], [ 127.665707592291739, 37.139260695830451 ], [ 127.665647662059769, 37.139277624443288 ], [ 127.665614777836282, 37.139285026886839 ], [ 127.665583863058586, 37.139291985775408 ], [ 127.665517641990164, 37.139303192778428 ], [ 127.665442271775177, 37.139311986791142 ], [ 127.665372533414029, 37.139316573179819 ], [ 127.665278891453752, 37.139319280044482 ], [ 127.665188746020959, 37.139318567380862 ], [ 127.665092975450023, 37.13931532227965 ], [ 127.664991582600209, 37.13930981965656 ], [ 127.664884554564978, 37.139302333546979 ], [ 127.664833982393318, 37.139298202359896 ], [ 127.66477191107613, 37.139293131630147 ], [ 127.664653657227305, 37.139282481604944 ], [ 127.664609456639241, 37.139278252230753 ], [ 127.664529912932636, 37.139270639291603 ], [ 127.664401311284649, 37.139257742613637 ], [ 127.66426859892043, 37.1392438482115 ], [ 127.664132495560807, 37.139229062343873 ], [ 127.663993794048025, 37.13921346142434 ], [ 127.663853205091314, 37.139197150829034 ], [ 127.663760007384624, 37.139186002845371 ], [ 127.663711501242304, 37.139180197090809 ], [ 127.663569404500237, 37.139162720901169 ], [ 127.663427672935896, 37.139144862736629 ], [ 127.663286889772394, 37.139127136506339 ], [ 127.663147651875519, 37.139110119202897 ], [ 127.663010556054047, 37.139094363483437 ], [ 127.662876167684487, 37.139080468023366 ], [ 127.662745094843956, 37.139068993582221 ], [ 127.662617925383216, 37.139060521682396 ], [ 127.662551843345, 37.139057882817909 ], [ 127.662495249384278, 37.139055625732624 ], [ 127.662377261667061, 37.139054855346735 ], [ 127.662321002948815, 37.139056674845321 ], [ 127.662262681641195, 37.139058566550105 ], [ 127.662153707281888, 37.139066824853813 ], [ 127.662036998743417, 37.139080889765779 ], [ 127.661922552040423, 37.139100164389696 ], [ 127.661804798522553, 37.139125330596201 ], [ 127.661682045421287, 37.139156714294423 ], [ 127.661552640550838, 37.139194667471784 ], [ 127.661415686516364, 37.139239205751146 ], [ 127.661273472766851, 37.139288942310472 ], [ 127.661129115773264, 37.139342222393125 ], [ 127.660985672198521, 37.139397319224869 ], [ 127.660922692918021, 37.139422257812626 ], [ 127.66084624832466, 37.139452532120153 ], [ 127.660713916730103, 37.139506185693264 ], [ 127.660591785988331, 37.139556578381267 ], [ 127.660482934258852, 37.139601994250398 ], [ 127.660449020153237, 37.139616275397088 ], [ 127.660389608869622, 37.139641304422014 ], [ 127.660310742552269, 37.139675620926589 ], [ 127.660276689891944, 37.139691504937289 ], [ 127.660244405491127, 37.139706566254908 ], [ 127.660188647747958, 37.139735837734179 ], [ 127.660141583316644, 37.139765019920695 ], [ 127.660101283699333, 37.139795840748775 ], [ 127.660065807765164, 37.13982991368534 ], [ 127.66003325162005, 37.139868892707767 ], [ 127.660001999763963, 37.139913969874378 ], [ 127.659985750764704, 37.139941130879329 ], [ 127.659966393863925, 37.13997459971101 ], [ 127.659942532228371, 37.140019426208461 ], [ 127.659914336661856, 37.140077595967995 ], [ 127.659887191640138, 37.14013793492424 ], [ 127.657519917289378, 37.142011437545733 ], [ 127.655669571660226, 37.145045286049495 ], [ 127.655633367242018, 37.145100239082382 ], [ 127.655597931128852, 37.14514769037978 ], [ 127.655562691922071, 37.145189591365202 ], [ 127.655527028579982, 37.145227848455562 ], [ 127.655138512360978, 37.145619709059773 ], [ 127.655057889934312, 37.145698199324315 ], [ 127.654964076897443, 37.145785572243504 ], [ 127.654855116175526, 37.145882419871135 ], [ 127.654729078776739, 37.14598931257774 ], [ 127.654584667713976, 37.14610642236822 ], [ 127.654552642842063, 37.146131388388405 ], [ 127.654423228859869, 37.146232273600162 ], [ 127.654246733393791, 37.146365001305185 ], [ 127.654057158134265, 37.146502734203104 ], [ 127.653856518134148, 37.146643562211139 ], [ 127.653646776843189, 37.146785656451385 ], [ 127.647914297819398, 37.150580514300465 ], [ 127.647818571892429, 37.150641847300506 ], [ 127.647716652768437, 37.150698295939499 ], [ 127.647610209674752, 37.150750017673964 ], [ 127.647500924284031, 37.150797196992798 ], [ 127.647390478182558, 37.150839971517073 ], [ 127.647280555271777, 37.150878509519409 ], [ 127.647172848431467, 37.150912962140502 ], [ 127.647129663585019, 37.15092566807548 ], [ 127.647069021305754, 37.150943502197471 ], [ 127.646970404126478, 37.150970261461111 ], [ 127.64688967019471, 37.150990247752645 ], [ 127.646788143270172, 37.151013080283086 ], [ 127.646703616172772, 37.151029427609252 ], [ 127.646622918496078, 37.151042597142478 ], [ 127.646545597831562, 37.151052735479844 ], [ 127.646471219766084, 37.151059978377688 ], [ 127.644191071073365, 37.151259307966967 ], [ 127.641814265781491, 37.1513767757925 ], [ 127.639418030144526, 37.152826891183928 ], [ 127.639394476860375, 37.152863831993983 ], [ 127.639369777638805, 37.152888779866082 ], [ 127.639342849014227, 37.152907195968027 ], [ 127.639314629311272, 37.152921661760736 ], [ 127.639270983211034, 37.152939035623966 ], [ 127.639219742936319, 37.152955533198337 ], [ 127.63917577581303, 37.152967976641889 ], [ 127.639140592405155, 37.152977186283479 ], [ 127.639102974665121, 37.152986629534965 ], [ 127.639057346184273, 37.152997712840403 ], [ 127.639022255805472, 37.153006081313805 ], [ 127.638980921157597, 37.153015834467325 ], [ 127.638829167003195, 37.153051602143286 ], [ 127.638796702567532, 37.153059240930318 ], [ 127.638764845221587, 37.153066316512287 ], [ 127.638732323577386, 37.153072852913283 ], [ 127.638697874206883, 37.153078916513536 ], [ 127.638660203168428, 37.153084515135042 ], [ 127.638606906806601, 37.153090803576042 ], [ 127.638570173682254, 37.153094461218515 ], [ 127.638529014087354, 37.153097755343097 ], [ 127.638455813841375, 37.153102735582628 ], [ 127.638392025331257, 37.153106101163381 ], [ 127.638325946247278, 37.153108869939558 ], [ 127.638259124860596, 37.153110932832398 ], [ 127.636691468366109, 37.153149464182263 ], [ 127.633806868040836, 37.153169214021759 ], [ 127.633769237569481, 37.153167386956532 ], [ 127.633722998573191, 37.153161631292875 ], [ 127.63367669653779, 37.15315140824984 ], [ 127.633638913260683, 37.153139535902532 ], [ 127.633599719757655, 37.153123020120802 ], [ 127.633561519688953, 37.153102745190829 ], [ 127.632631872030075, 37.152513348879701 ], [ 127.62876285826114, 37.153795860871512 ], [ 127.628715275585762, 37.154034503718108 ], [ 127.62864065785368, 37.15444811063113 ], [ 127.628565507987659, 37.154960958842508 ], [ 127.628565840018311, 37.155056622447496 ], [ 127.628566876677539, 37.155349609446283 ], [ 127.628584631383362, 37.155532659303383 ], [ 127.628613435576725, 37.155829564362378 ], [ 127.628680196246023, 37.156182171918267 ], [ 127.628898253849528, 37.156925605225616 ], [ 127.628978957863865, 37.157197069724788 ], [ 127.62907819257461, 37.157477356889501 ], [ 127.629128902239643, 37.157620573081907 ], [ 127.629296985301679, 37.157948280738246 ], [ 127.629430297487446, 37.158193522909379 ], [ 127.629590000012755, 37.158470783286177 ], [ 127.629746673545569, 37.15870948768665 ], [ 127.629898042002154, 37.15893089045629 ], [ 127.62992314117335, 37.158967550661366 ], [ 127.630078336669371, 37.159193636368741 ], [ 127.630186928286605, 37.159324213738316 ], [ 127.631169791548686, 37.163910228366049 ], [ 127.630772973462172, 37.165666176965395 ], [ 127.632710938694942, 37.16643811442534 ], [ 127.636861986943472, 37.167847490715715 ], [ 127.637215553086321, 37.167939477061203 ], [ 127.63888957564204, 37.167907104079745 ], [ 127.641003089232441, 37.167985735644741 ], [ 127.641125018477993, 37.168057703833838 ], [ 127.641179990196719, 37.168090314708429 ], [ 127.64144662213954, 37.168371689441592 ], [ 127.641923275774232, 37.169155351908621 ], [ 127.64240075983939, 37.16999873017901 ], [ 127.642770163724506, 37.17026645704582 ], [ 127.643771021908705, 37.170507502603442 ], [ 127.645843383358866, 37.170749479338824 ], [ 127.646053201496244, 37.170760488624225 ], [ 127.646741757078544, 37.171160957445409 ], [ 127.64805034985595, 37.172518000703761 ], [ 127.648126623487329, 37.172617085467266 ], [ 127.648260846285893, 37.173208471732501 ], [ 127.648264623889602, 37.17334367936877 ], [ 127.648236029350258, 37.173478927502529 ], [ 127.648145598996265, 37.173681859126788 ], [ 127.648094788001174, 37.173787694756101 ], [ 127.648071979624561, 37.173835182794342 ], [ 127.64885516589672, 37.177572830834372 ], [ 127.650005066933119, 37.18120408235594 ], [ 127.649992948715763, 37.181491423569362 ], [ 127.649958701295191, 37.181616538175604 ], [ 127.649879344741592, 37.181724808317014 ], [ 127.64978792353736, 37.181782389093819 ], [ 127.64963948793293, 37.181846802425468 ], [ 127.64938123443072, 37.181929382360487 ], [ 127.649297521367359, 37.181965544447046 ], [ 127.649213876748789, 37.182042270036504 ], [ 127.648989566711151, 37.182555272287317 ], [ 127.648605811096786, 37.183629523375458 ], [ 127.648518706444364, 37.184063023493813 ], [ 127.648383900389092, 37.18501009177939 ], [ 127.648446427349896, 37.18529733915058 ], [ 127.648656498299943, 37.185779332195828 ], [ 127.648816412320798, 37.186174626759588 ], [ 127.648970828379717, 37.186993592424528 ], [ 127.648924751952222, 37.187196468417255 ], [ 127.647131219790126, 37.191177322328613 ], [ 127.646963982512887, 37.191364573096443 ], [ 127.646347888334574, 37.191773225097968 ], [ 127.645576289888893, 37.192254178081001 ], [ 127.643444183592337, 37.193499601616523 ], [ 127.641899865656143, 37.194280056545061 ], [ 127.639796888556205, 37.195754437141467 ], [ 127.639718580186411, 37.195813296200008 ], [ 127.639635212277582, 37.195892895457789 ], [ 127.639035465063685, 37.19680853434037 ], [ 127.638966656838036, 37.196922418369759 ], [ 127.638895780494948, 37.197057713322252 ], [ 127.637991319943012, 37.199240243361452 ], [ 127.637992060386139, 37.199295398090307 ], [ 127.638030946653018, 37.200922401036209 ], [ 127.638060103172123, 37.201085698342048 ], [ 127.638244746169377, 37.201527224270926 ], [ 127.639664165982637, 37.202434858180894 ], [ 127.639884158829801, 37.20256981032373 ], [ 127.639996939479687, 37.202619254722933 ], [ 127.640852064356096, 37.204561909005797 ], [ 127.641522278773522, 37.207416329053324 ], [ 127.641570534933706, 37.207989793871533 ], [ 127.641158521870423, 37.212166007098155 ], [ 127.641653146642824, 37.212242097768531 ], [ 127.641954254706363, 37.212415258703899 ], [ 127.642342617760406, 37.212917328623661 ], [ 127.642215897134918, 37.213851091596396 ], [ 127.642270176728985, 37.214102769386976 ], [ 127.642711506976994, 37.214297168310082 ], [ 127.643674230202393, 37.214555159735909 ], [ 127.643994884677056, 37.214568408691861 ], [ 127.644495648251052, 37.214589090171941 ], [ 127.644806788781452, 37.21460142909747 ], [ 127.645102194274642, 37.214613137467225 ], [ 127.646365296331268, 37.214649893335327 ], [ 127.646748537283415, 37.214668574109389 ], [ 127.646892289005478, 37.214694311450089 ], [ 127.647054434460287, 37.21476058920706 ], [ 127.647215234847479, 37.214859544504527 ], [ 127.64731263675705, 37.214952295621501 ], [ 127.647465763512528, 37.215098106364145 ], [ 127.647555404292703, 37.215159844034275 ], [ 127.647718960161001, 37.215253283990414 ], [ 127.647893806978615, 37.215329685604935 ], [ 127.647990336196628, 37.215344212943357 ], [ 127.648148134063291, 37.215347395971982 ], [ 127.648232665096941, 37.215347290216862 ], [ 127.648275282321293, 37.215354177728329 ], [ 127.648308767288668, 37.215359589333701 ], [ 127.648367976531915, 37.215378670132566 ], [ 127.648427225537858, 37.215418032561786 ], [ 127.648569616431715, 37.215553462066197 ], [ 127.648628357056566, 37.21560932983531 ], [ 127.648810345262589, 37.215728538070294 ], [ 127.649017099257108, 37.215812041596976 ], [ 127.649073313271657, 37.215840883564638 ], [ 127.649065700977047, 37.215907372076948 ], [ 127.648944317387773, 37.216511468937192 ], [ 127.648826366185062, 37.217090896044226 ], [ 127.648794212320254, 37.217201235556928 ], [ 127.648458549644047, 37.218818559010664 ], [ 127.648151528583981, 37.221763169224317 ], [ 127.648150416480931, 37.221805455681469 ], [ 127.648149557145629, 37.221838664640067 ], [ 127.648529521557194, 37.222323822492669 ], [ 127.649132237637488, 37.222871797393012 ], [ 127.649703074497822, 37.223357927799505 ], [ 127.649762521756045, 37.223408529809532 ], [ 127.65106739502292, 37.224233851429588 ], [ 127.651925864785028, 37.224775851620024 ], [ 127.656671040604252, 37.226609668170468 ], [ 127.665587441540637, 37.231370488110734 ], [ 127.667274160000375, 37.233905577023855 ], [ 127.667318082236804, 37.234010303457787 ], [ 127.667369998498472, 37.234237835176877 ], [ 127.667385028735154, 37.234335841861515 ], [ 127.667394588976492, 37.234519489863189 ], [ 127.667363490237165, 37.234792209183041 ], [ 127.667166381094304, 37.235195866815559 ], [ 127.666715015113084, 37.235964951729883 ], [ 127.666585831793043, 37.236176963919249 ], [ 127.66639063135824, 37.236488223384775 ], [ 127.666326103147213, 37.236592687819382 ], [ 127.666303567705128, 37.236629190349888 ], [ 127.666204553803396, 37.236806347437351 ], [ 127.666193602339632, 37.236835162723807 ], [ 127.666152755667198, 37.236942640573986 ], [ 127.666127656182681, 37.23706436557319 ], [ 127.666133565188034, 37.237188300582694 ], [ 127.666156363052465, 37.237302071079505 ], [ 127.666174085733232, 37.237343069189322 ], [ 127.666187525026814, 37.237374139815657 ], [ 127.666282214025813, 37.237496823434064 ], [ 127.667215531737554, 37.238624519849992 ], [ 127.669670624953923, 37.241191159755729 ], [ 127.671850353062311, 37.242470202166025 ], [ 127.671904437115003, 37.242439764348703 ], [ 127.671946674192114, 37.242420548172504 ], [ 127.672399552159774, 37.242321861933135 ], [ 127.672740458193857, 37.242252633010679 ], [ 127.67520063451083, 37.242012399954419 ], [ 127.677483337417527, 37.242424773719804 ], [ 127.677745737387241, 37.242534802244542 ], [ 127.67819589829142, 37.242616324807464 ], [ 127.678270242780371, 37.242629788067582 ], [ 127.67954536109464, 37.24277546664581 ], [ 127.680573983248706, 37.242686015625019 ], [ 127.682996828152156, 37.242832614552817 ], [ 127.685313094413459, 37.243317564791091 ], [ 127.686349629766909, 37.24129003098431 ], [ 127.686612615395461, 37.240774689274936 ], [ 127.688099578052032, 37.237421362813507 ], [ 127.688846497584734, 37.235237735844137 ], [ 127.689017356117276, 37.234738219645017 ], [ 127.690636680745385, 37.232554221481813 ], [ 127.692559613552163, 37.230658161810425 ], [ 127.692613719147502, 37.230605111691773 ], [ 127.694814489921342, 37.229396998533026 ], [ 127.695980572277151, 37.229135929290834 ], [ 127.697103513879128, 37.228891100619656 ], [ 127.697902212935148, 37.2287169600285 ], [ 127.701603639385453, 37.228085361788693 ], [ 127.70284503805982, 37.228077612855607 ], [ 127.703246385341259, 37.228129774258029 ], [ 127.703880371057849, 37.228212172863834 ], [ 127.705203408020694, 37.228432986065165 ], [ 127.706640977466805, 37.228787605814034 ], [ 127.707317070637146, 37.228954374314604 ], [ 127.710234820814122, 37.229535145058193 ], [ 127.711018143527568, 37.229615797973068 ], [ 127.711859302385477, 37.229702390693973 ], [ 127.713912638874248, 37.229618979415207 ], [ 127.71586425550889, 37.229539666145179 ], [ 127.718744585121243, 37.229572691016173 ], [ 127.721165298964806, 37.229760870825011 ], [ 127.723124729286411, 37.230016349775084 ], [ 127.723195725784294, 37.230027528644257 ], [ 127.723365091173818, 37.230054206452898 ], [ 127.724596845657729, 37.230247382904068 ], [ 127.725764545404104, 37.23043050079302 ], [ 127.726322041775092, 37.23049028164214 ], [ 127.727037678414916, 37.230422433223836 ], [ 127.728829396465656, 37.229724902313151 ], [ 127.729303499336822, 37.229470464885942 ], [ 127.729504788566132, 37.229362591333498 ], [ 127.729763531928484, 37.229223940155045 ], [ 127.731159275097141, 37.228770521120701 ], [ 127.732705250151312, 37.22835189129659 ], [ 127.732794028128751, 37.228327865621836 ], [ 127.737447583442631, 37.227931040623083 ], [ 127.739404645470401, 37.227880903728909 ], [ 127.741000892058139, 37.227891908540315 ], [ 127.741298497404458, 37.227893961724682 ], [ 127.743146628109926, 37.228149336178603 ], [ 127.743364838543741, 37.2282348911382 ], [ 127.744616050653789, 37.228725463656332 ], [ 127.746397332701235, 37.229632359584109 ] ] ] ] } },
{ "type": "Feature", "properties": { "OBJECTID": 1635, "adm_nm": "경기도 여주시 능서면", "adm_cd": "3128032", "adm_cd2": "4167034000", "sgg": "41670", "sido": "41", "sidonm": "경기도", "sggnm": "여주시" }, "geometry": { "type": "MultiPolygon", "coordinates": [ [ [ [ 127.619956274718461, 37.319788654770456 ], [ 127.619504252057197, 37.31686475591345 ], [ 127.619306303788804, 37.31558430880316 ], [ 127.619157081037841, 37.315251215461771 ], [ 127.618477387040869, 37.313737188271773 ], [ 127.618432006638457, 37.31363559694487 ], [ 127.618359219258082, 37.313472616488347 ], [ 127.61776889250892, 37.309880019844812 ], [ 127.617937777112189, 37.309183523812678 ], [ 127.618144743474744, 37.308932053424272 ], [ 127.6182085390477, 37.308234535018215 ], [ 127.618329004923226, 37.305895292934537 ], [ 127.61818145210583, 37.304893764178395 ], [ 127.618045947377809, 37.304385737409817 ], [ 127.617969331563671, 37.304099620549813 ], [ 127.617780150103485, 37.303531929401217 ], [ 127.617863357044129, 37.302171864912196 ], [ 127.61816691506624, 37.30146621949887 ], [ 127.618365129747616, 37.301045745297088 ], [ 127.621019023061905, 37.299713547304925 ], [ 127.626211804918086, 37.297036696079005 ], [ 127.623615559650503, 37.294559636234347 ], [ 127.622590772058004, 37.29384841862889 ], [ 127.622363160598553, 37.293798365181473 ], [ 127.622189665387509, 37.293929971794817 ], [ 127.622166058795443, 37.294019208385265 ], [ 127.622141454122868, 37.294083620608632 ], [ 127.622024984295933, 37.294121437188515 ], [ 127.621838384047791, 37.294056395274517 ], [ 127.621230967885666, 37.293832820657727 ], [ 127.620755269122483, 37.293625961135433 ], [ 127.618762321732532, 37.29261728536467 ], [ 127.61855340228648, 37.292492425852814 ], [ 127.618303463465224, 37.292289861406708 ], [ 127.618174519569649, 37.292132885573551 ], [ 127.618126841267951, 37.292074828154391 ], [ 127.617234379776022, 37.290867842105271 ], [ 127.617181138174573, 37.290641419444555 ], [ 127.617187290743914, 37.29051296411415 ], [ 127.617230135227402, 37.29040813324751 ], [ 127.617314270346554, 37.29030967219083 ], [ 127.617454667751844, 37.290145379326624 ], [ 127.617556040664596, 37.290039364396954 ], [ 127.617568352417166, 37.289794846987363 ], [ 127.61754570445369, 37.28974078558317 ], [ 127.617483526705328, 37.2896183608052 ], [ 127.617321829657499, 37.289517912513993 ], [ 127.617292421145294, 37.28950627756501 ], [ 127.617117217717791, 37.289436989293577 ], [ 127.616921435705137, 37.289379591605901 ], [ 127.616787786536989, 37.289340413565874 ], [ 127.615420685967464, 37.288957534372955 ], [ 127.614631355890296, 37.288757740269766 ], [ 127.614341367885487, 37.288704747199461 ], [ 127.614287877520283, 37.288694974516517 ], [ 127.614039644989717, 37.288672678972155 ], [ 127.613674349248967, 37.288640353752662 ], [ 127.608812144157227, 37.288318167254488 ], [ 127.605620163329633, 37.289349778693996 ], [ 127.603710289795032, 37.289563296133217 ], [ 127.602302198066496, 37.289581422724517 ], [ 127.601794171815897, 37.289579751442375 ], [ 127.600947653217005, 37.289576951949087 ], [ 127.599497727361992, 37.289423815139081 ], [ 127.599134432400191, 37.289297924174619 ], [ 127.597108478350677, 37.286758550718147 ], [ 127.596938556680357, 37.285342601150276 ], [ 127.597434104696163, 37.285243040384415 ], [ 127.597718660484816, 37.2850447621135 ], [ 127.59779401906377, 37.284935790126248 ], [ 127.598005806508979, 37.284609335494409 ], [ 127.599637003357302, 37.280611393556498 ], [ 127.599635181078071, 37.280375701564743 ], [ 127.599522187303066, 37.280156283208655 ], [ 127.599322443807424, 37.280078326639362 ], [ 127.599213937663677, 37.280035979722115 ], [ 127.598726598385866, 37.279915824926455 ], [ 127.598348931439872, 37.27954431180936 ], [ 127.598283330812066, 37.27897648426304 ], [ 127.597974206242441, 37.275461279102572 ], [ 127.597956430727322, 37.273712576332812 ], [ 127.598023104568284, 37.272943040220262 ], [ 127.598728785884944, 37.271328855645024 ], [ 127.598780683832572, 37.271253031549335 ], [ 127.598872321186803, 37.271119160061325 ], [ 127.599094661740992, 37.270796723194238 ], [ 127.599317771092757, 37.270529496082467 ], [ 127.600006609257463, 37.270079342248771 ], [ 127.600709986180675, 37.269433117181727 ], [ 127.600880458870066, 37.26828593848731 ], [ 127.60088525087329, 37.268183399959376 ], [ 127.600542231020412, 37.267326233314982 ], [ 127.60051255589093, 37.267274427905804 ], [ 127.599835523196603, 37.266170413799493 ], [ 127.599806385108863, 37.264183216123676 ], [ 127.599841211196676, 37.263866569181104 ], [ 127.600106928861976, 37.263317616080165 ], [ 127.600293503920867, 37.26315858599196 ], [ 127.600482031018089, 37.263017843406232 ], [ 127.600728681272116, 37.262833711648049 ], [ 127.601104024516374, 37.262565224460303 ], [ 127.601256074964638, 37.262415236340431 ], [ 127.601358767772041, 37.262252896000888 ], [ 127.601367550855372, 37.26197345366274 ], [ 127.601320507821569, 37.261583637265574 ], [ 127.600746839762849, 37.257948083420658 ], [ 127.600690208750095, 37.257755465653354 ], [ 127.600601157029573, 37.257571880422759 ], [ 127.599969058853802, 37.256604533881756 ], [ 127.59927136186468, 37.255628039990505 ], [ 127.599158918858137, 37.255286912357107 ], [ 127.599161070418617, 37.254992629282377 ], [ 127.59916429348273, 37.25455226379578 ], [ 127.599195017584194, 37.254367955062548 ], [ 127.599247514514772, 37.254053041688181 ], [ 127.599326345687729, 37.25362945095506 ], [ 127.599382579569891, 37.253327298227873 ], [ 127.599458535937885, 37.253094095316982 ], [ 127.5995426219596, 37.25283589859356 ], [ 127.599495578946915, 37.252433686552187 ], [ 127.599225082792856, 37.251463777256667 ], [ 127.599002609451475, 37.251058431591595 ], [ 127.598244052022636, 37.250377277160382 ], [ 127.597787567290297, 37.250048601822627 ], [ 127.59680669230336, 37.249539028034469 ], [ 127.593652649593039, 37.249286917795288 ], [ 127.593553991212289, 37.249291502807154 ], [ 127.593425136501878, 37.249323910884648 ], [ 127.593387723417123, 37.249333324019567 ], [ 127.592777605270996, 37.249488169174981 ], [ 127.592495805292089, 37.249568389295938 ], [ 127.592135841120509, 37.249706134134463 ], [ 127.591927355257482, 37.249804323923684 ], [ 127.591818210947025, 37.249874267461749 ], [ 127.591426087000585, 37.25022837216008 ], [ 127.591372589614238, 37.250280244213918 ], [ 127.59134238341413, 37.250356886902516 ], [ 127.591335311934998, 37.250402440326788 ], [ 127.591331194412618, 37.250429007893281 ], [ 127.591281992176931, 37.250537214371796 ], [ 127.59122289606006, 37.250622893338971 ], [ 127.591144018833461, 37.250706338499199 ], [ 127.591110975703003, 37.250741288844452 ], [ 127.5910018347071, 37.25081573863978 ], [ 127.590858119788763, 37.250862045979524 ], [ 127.590536840811268, 37.250937784688176 ], [ 127.59025483478392, 37.251003036304944 ], [ 127.590072785020666, 37.251043981505759 ], [ 127.589474268310781, 37.251109859209812 ], [ 127.589237462446732, 37.25110440413409 ], [ 127.589144928276667, 37.251093152195509 ], [ 127.589090140839374, 37.251086486980896 ], [ 127.589035697638408, 37.251065705488983 ], [ 127.588957585339742, 37.251035882641808 ], [ 127.587772731651214, 37.250296488427644 ], [ 127.587283747387644, 37.249778542247228 ], [ 127.587170163223277, 37.249679471409266 ], [ 127.587060156686093, 37.249622087795231 ], [ 127.586850775236016, 37.249554636205872 ], [ 127.586621066837935, 37.249499800754066 ], [ 127.586502535817189, 37.249471511184318 ], [ 127.586242411442129, 37.249411982866121 ], [ 127.579683422422235, 37.248132076437429 ], [ 127.579615777631247, 37.24814113598741 ], [ 127.57880129268402, 37.24831970828091 ], [ 127.575767027916854, 37.249000743972424 ], [ 127.574636104251468, 37.249537049879535 ], [ 127.574583144147326, 37.249562913001711 ], [ 127.57437969993623, 37.249662281122433 ], [ 127.574304793379497, 37.249707776976763 ], [ 127.574216296028638, 37.24976153816953 ], [ 127.574101364603862, 37.249865131069903 ], [ 127.574049135220321, 37.249968655817483 ], [ 127.574043192802506, 37.250032067943344 ], [ 127.574051044164989, 37.250139104836151 ], [ 127.574068938213387, 37.250276323485913 ], [ 127.574076607123857, 37.250335144354054 ], [ 127.5740993511982, 37.250531185623913 ], [ 127.574097316498438, 37.250606679530698 ], [ 127.574070034380441, 37.2506473860022 ], [ 127.574045938710526, 37.250683331058468 ], [ 127.57397555785677, 37.25078027603886 ], [ 127.573419579792159, 37.251328621933361 ], [ 127.572805807014561, 37.251658743672103 ], [ 127.571975251083344, 37.252045728575624 ], [ 127.571939324235728, 37.252057017963068 ], [ 127.571896338412969, 37.252068311625955 ], [ 127.571838546300512, 37.252067219947136 ], [ 127.571733806200655, 37.252031412059999 ], [ 127.571448726438462, 37.251926127321745 ], [ 127.571276140992452, 37.251888216408098 ], [ 127.571204069805347, 37.251872674487451 ], [ 127.571043372419069, 37.251860376701956 ], [ 127.570913702703379, 37.251868341719288 ], [ 127.570798140879106, 37.251890945981572 ], [ 127.570717161643799, 37.251933441505315 ], [ 127.570673464895506, 37.251956372279764 ], [ 127.568453391528635, 37.253455134408128 ], [ 127.568372407318165, 37.253515399504273 ], [ 127.568251322790587, 37.253688489380053 ], [ 127.568079718586901, 37.25409083975255 ], [ 127.5679509241576, 37.254286969118084 ], [ 127.567821377219119, 37.254436901812355 ], [ 127.567610119167568, 37.254637585021719 ], [ 127.567479129206347, 37.254751461998218 ], [ 127.567450322655617, 37.254770209586141 ], [ 127.567196664348728, 37.254935283695282 ], [ 127.567103412796811, 37.254981371279719 ], [ 127.567075176527894, 37.254994872281564 ], [ 127.567004340623299, 37.255025533079937 ], [ 127.566735895431123, 37.25508057567879 ], [ 127.566325729611435, 37.255155491969823 ], [ 127.564518884945002, 37.255457333859475 ], [ 127.558096886038726, 37.25472263456188 ], [ 127.557750370188558, 37.254582743917325 ], [ 127.557430645899629, 37.25445366512605 ], [ 127.556787992486178, 37.253692332769816 ], [ 127.556408472347485, 37.25319782444209 ], [ 127.556418179365281, 37.252998510317205 ], [ 127.556992192830592, 37.25248430965879 ], [ 127.557087979605441, 37.252403136220671 ], [ 127.558004214079631, 37.250605515679524 ], [ 127.557847327157091, 37.249405786656304 ], [ 127.555264186647833, 37.251646821742696 ], [ 127.553117321018306, 37.253440472226842 ], [ 127.553017293094115, 37.253529530725189 ], [ 127.552880162215985, 37.253953252018626 ], [ 127.552809836916651, 37.254173000665666 ], [ 127.551387368831087, 37.260098102257295 ], [ 127.551285255960352, 37.262300950267829 ], [ 127.551225702184553, 37.263872797139086 ], [ 127.551247028156894, 37.264004690159204 ], [ 127.551262510165387, 37.264100385373837 ], [ 127.55153198283476, 37.26440561852062 ], [ 127.551621915876552, 37.264506356149283 ], [ 127.551721036619597, 37.264617365683478 ], [ 127.551760697213766, 37.264742237671513 ], [ 127.551775424450526, 37.264788607490097 ], [ 127.551776202859187, 37.264887761425371 ], [ 127.551741021644489, 37.264980171462426 ], [ 127.551697353162226, 37.265030894428115 ], [ 127.551554989989498, 37.265067012605222 ], [ 127.551153898015556, 37.265061552817293 ], [ 127.5510241875849, 37.265045834246351 ], [ 127.550984709946519, 37.265040217487964 ], [ 127.550698430207518, 37.26489949628531 ], [ 127.549525627539381, 37.264016618170714 ], [ 127.548660738757846, 37.262920645735775 ], [ 127.548571299960813, 37.262719931037921 ], [ 127.548480031978869, 37.26251508858936 ], [ 127.548297052536086, 37.261869533529378 ], [ 127.548353736656111, 37.261218246709994 ], [ 127.548342104961222, 37.259923187497293 ], [ 127.548280824728664, 37.258529841192249 ], [ 127.546830302026663, 37.25400199628892 ], [ 127.546387811655109, 37.253115348238829 ], [ 127.546289205101061, 37.25298713321822 ], [ 127.543288323405775, 37.249794866803896 ], [ 127.539272381859305, 37.247623925835008 ], [ 127.53736836209346, 37.24662732097422 ], [ 127.537279509420316, 37.248418292373564 ], [ 127.53707417191994, 37.251605463768463 ], [ 127.536294082574386, 37.253253022079704 ], [ 127.536023064490564, 37.253468233994184 ], [ 127.535910826505116, 37.253557362886887 ], [ 127.533176018576654, 37.256203799741471 ], [ 127.532934469245887, 37.256678212921955 ], [ 127.532738799797485, 37.257295728764952 ], [ 127.532571974803901, 37.257872773181788 ], [ 127.532456639946091, 37.258383124581108 ], [ 127.532419384089849, 37.259050723234544 ], [ 127.532384589817298, 37.259674404756382 ], [ 127.532361757049415, 37.260659194082166 ], [ 127.531505081630925, 37.263379408685381 ], [ 127.530965731430229, 37.264802640464957 ], [ 127.530266511623154, 37.266622527451183 ], [ 127.530120737873958, 37.266992139559157 ], [ 127.530051817289305, 37.267197199038272 ], [ 127.529960917706845, 37.267467669776302 ], [ 127.529882857527284, 37.267953319904635 ], [ 127.529276680508019, 37.271725860468003 ], [ 127.529189957613653, 37.273516267850162 ], [ 127.53066848121172, 37.279244296198073 ], [ 127.53120773075976, 37.280757272774686 ], [ 127.534375130925653, 37.28928036238365 ], [ 127.534569106619244, 37.289516882516907 ], [ 127.534718449492431, 37.289501952205704 ], [ 127.535301729898777, 37.289443468196048 ], [ 127.535517546786906, 37.289359627628428 ], [ 127.536812217125117, 37.289699906720635 ], [ 127.53854485302125, 37.291387224112327 ], [ 127.541704534090798, 37.293953948288141 ], [ 127.542725409673679, 37.294752684352922 ], [ 127.543719634792211, 37.295907063348473 ], [ 127.543976477903911, 37.296188659506697 ], [ 127.544205069518171, 37.296372229633356 ], [ 127.544359921946665, 37.296458705877448 ], [ 127.544447032234928, 37.296507348672947 ], [ 127.544794064046499, 37.296644680990724 ], [ 127.54532654460327, 37.29676391345992 ], [ 127.546272326034355, 37.296961854963719 ], [ 127.546837226787304, 37.297043885298372 ], [ 127.548808295467495, 37.297137735629988 ], [ 127.558823594789018, 37.299274676615568 ], [ 127.561638807564663, 37.300221324441878 ], [ 127.564739273902944, 37.302129467743079 ], [ 127.565785070128285, 37.302861275882023 ], [ 127.566074872227048, 37.303244654192618 ], [ 127.567038972894196, 37.305215484023442 ], [ 127.567168554796083, 37.305804684814923 ], [ 127.567159045636728, 37.30621595220672 ], [ 127.567074628941214, 37.306459377029057 ], [ 127.567061252333104, 37.306491086709904 ], [ 127.566919096181991, 37.306827910715789 ], [ 127.566882000126682, 37.307154687737942 ], [ 127.568134741862735, 37.311232788511226 ], [ 127.56821458609457, 37.311397247163669 ], [ 127.568397611139645, 37.311773474058953 ], [ 127.570721258672918, 37.31586782152273 ], [ 127.571897210150269, 37.31893861428307 ], [ 127.573980019850794, 37.322316430806175 ], [ 127.574351730115922, 37.322834264777804 ], [ 127.574405269570576, 37.322908857495563 ], [ 127.574704298195627, 37.324259605451516 ], [ 127.574800672803576, 37.324697847056768 ], [ 127.574941598297656, 37.326669555313366 ], [ 127.574978943025855, 37.327334308924627 ], [ 127.574690528478826, 37.331022313716609 ], [ 127.574546465457729, 37.331589154949533 ], [ 127.574306103641533, 37.331815780933368 ], [ 127.573997141969912, 37.331870058093557 ], [ 127.573620409819938, 37.331882687246626 ], [ 127.573122494082128, 37.331960723059574 ], [ 127.572116825440247, 37.332480785543801 ], [ 127.571930865921459, 37.332793005745408 ], [ 127.571852946688338, 37.333159045289463 ], [ 127.571901133063562, 37.334167646519177 ], [ 127.572067509859494, 37.334811896194601 ], [ 127.572086262966849, 37.334850094765706 ], [ 127.57234112768603, 37.335368482803318 ], [ 127.572576777658554, 37.338298987338653 ], [ 127.572103343821624, 37.34347326002532 ], [ 127.570902403510544, 37.345988801486335 ], [ 127.569570814426783, 37.348771569497103 ], [ 127.567864779628465, 37.352996696094834 ], [ 127.567776594426903, 37.353813630355923 ], [ 127.567638075815296, 37.354285532600819 ], [ 127.567527428520322, 37.354662457438273 ], [ 127.56729937132333, 37.355218942526413 ], [ 127.567046323520785, 37.355574007986938 ], [ 127.563974260489715, 37.358886062511722 ], [ 127.562586752472569, 37.361491811313925 ], [ 127.566916112841923, 37.359943561272388 ], [ 127.572369963789313, 37.358086878319433 ], [ 127.57298391687938, 37.357878202014589 ], [ 127.573821253558421, 37.357593590992408 ], [ 127.576840471244168, 37.355953341745028 ], [ 127.57731208290862, 37.355697318650087 ], [ 127.577699321845685, 37.355487492096039 ], [ 127.58221431375226, 37.353276038014435 ], [ 127.583789577997166, 37.35271472944531 ], [ 127.589278564926602, 37.349744232683534 ], [ 127.590657908649675, 37.348938693626401 ], [ 127.591037733765219, 37.348717047726574 ], [ 127.59124179406929, 37.348597970198632 ], [ 127.594739213930922, 37.347002014890293 ], [ 127.597926207331398, 37.346110424062331 ], [ 127.59892094988119, 37.34594283934949 ], [ 127.600044424485176, 37.346008372103462 ], [ 127.600251069577936, 37.346040864439793 ], [ 127.600543415249305, 37.346086820682899 ], [ 127.601104365691285, 37.346053667229413 ], [ 127.603180255144636, 37.34545245065285 ], [ 127.604273927919039, 37.344886996281502 ], [ 127.604742601273372, 37.34447757654317 ], [ 127.607349447980269, 37.339691110322242 ], [ 127.607574420756706, 37.339119649560267 ], [ 127.607561514994373, 37.338777782668032 ], [ 127.606256515571332, 37.334693883062265 ], [ 127.605839891079981, 37.333434561694411 ], [ 127.605630710695934, 37.329157643357384 ], [ 127.605770204432886, 37.328633467221081 ], [ 127.605919846823397, 37.328071206969874 ], [ 127.609046395773078, 37.325544467264898 ], [ 127.609216330464349, 37.325484593254743 ], [ 127.611196221787637, 37.324789803394758 ], [ 127.619956274718461, 37.319788654770456 ] ] ] ] } },
{ "type": "Feature", "properties": { "OBJECTID": 1636, "adm_nm": "경기도 여주시 흥천면", "adm_cd": "3128033", "adm_cd2": "4167032000", "sgg": "41670", "sido": "41", "sidonm": "경기도", "sggnm": "여주시" }, "geometry": { "type": "MultiPolygon", "coordinates": [ [ [ [ 127.562586752472569, 37.361491811313925 ], [ 127.563974260489715, 37.358886062511722 ], [ 127.567046323520785, 37.355574007986938 ], [ 127.56729937132333, 37.355218942526413 ], [ 127.567527428520322, 37.354662457438273 ], [ 127.567638075815296, 37.354285532600819 ], [ 127.567776594426903, 37.353813630355923 ], [ 127.567864779628465, 37.352996696094834 ], [ 127.569570814426783, 37.348771569497103 ], [ 127.570902403510544, 37.345988801486335 ], [ 127.572103343821624, 37.34347326002532 ], [ 127.572576777658554, 37.338298987338653 ], [ 127.57234112768603, 37.335368482803318 ], [ 127.572086262966849, 37.334850094765706 ], [ 127.572067509859494, 37.334811896194601 ], [ 127.571901133063562, 37.334167646519177 ], [ 127.571852946688338, 37.333159045289463 ], [ 127.571930865921459, 37.332793005745408 ], [ 127.572116825440247, 37.332480785543801 ], [ 127.573122494082128, 37.331960723059574 ], [ 127.573620409819938, 37.331882687246626 ], [ 127.573997141969912, 37.331870058093557 ], [ 127.574306103641533, 37.331815780933368 ], [ 127.574546465457729, 37.331589154949533 ], [ 127.574690528478826, 37.331022313716609 ], [ 127.574978943025855, 37.327334308924627 ], [ 127.574941598297656, 37.326669555313366 ], [ 127.574800672803576, 37.324697847056768 ], [ 127.574704298195627, 37.324259605451516 ], [ 127.574405269570576, 37.322908857495563 ], [ 127.574351730115922, 37.322834264777804 ], [ 127.573980019850794, 37.322316430806175 ], [ 127.571897210150269, 37.31893861428307 ], [ 127.570721258672918, 37.31586782152273 ], [ 127.568397611139645, 37.311773474058953 ], [ 127.56821458609457, 37.311397247163669 ], [ 127.568134741862735, 37.311232788511226 ], [ 127.566882000126682, 37.307154687737942 ], [ 127.566919096181991, 37.306827910715789 ], [ 127.567061252333104, 37.306491086709904 ], [ 127.567074628941214, 37.306459377029057 ], [ 127.567159045636728, 37.30621595220672 ], [ 127.567168554796083, 37.305804684814923 ], [ 127.567038972894196, 37.305215484023442 ], [ 127.566074872227048, 37.303244654192618 ], [ 127.565785070128285, 37.302861275882023 ], [ 127.564739273902944, 37.302129467743079 ], [ 127.561638807564663, 37.300221324441878 ], [ 127.558823594789018, 37.299274676615568 ], [ 127.548808295467495, 37.297137735629988 ], [ 127.546837226787304, 37.297043885298372 ], [ 127.546272326034355, 37.296961854963719 ], [ 127.54532654460327, 37.29676391345992 ], [ 127.544794064046499, 37.296644680990724 ], [ 127.544447032234928, 37.296507348672947 ], [ 127.544359921946665, 37.296458705877448 ], [ 127.544205069518171, 37.296372229633356 ], [ 127.543976477903911, 37.296188659506697 ], [ 127.543719634792211, 37.295907063348473 ], [ 127.542725409673679, 37.294752684352922 ], [ 127.542799752714885, 37.295324872108992 ], [ 127.543052140007418, 37.296439133602576 ], [ 127.544845919502762, 37.299303676632576 ], [ 127.546388601313168, 37.30143274086317 ], [ 127.546443141039035, 37.301809052683872 ], [ 127.546362095395111, 37.309941932228099 ], [ 127.546336758207062, 37.310029828225758 ], [ 127.546072804550633, 37.310920059397006 ], [ 127.545175056730116, 37.311794110062749 ], [ 127.544719402109678, 37.31223771554356 ], [ 127.542612308229209, 37.313056536250308 ], [ 127.541809689617821, 37.313158229495926 ], [ 127.538353711294448, 37.313522211584434 ], [ 127.537303503169298, 37.313603672856992 ], [ 127.5367300446798, 37.313585824333998 ], [ 127.536289504446017, 37.313492341351306 ], [ 127.536083184994553, 37.313448560581413 ], [ 127.535559861693869, 37.313534351529803 ], [ 127.533868659823, 37.314002446340673 ], [ 127.533592897590026, 37.314079143522271 ], [ 127.528801572396389, 37.316199811392195 ], [ 127.528755774728211, 37.316257263909051 ], [ 127.528761446196626, 37.316391367529413 ], [ 127.529053022386549, 37.317066237182203 ], [ 127.52970082880303, 37.319546015198732 ], [ 127.529695987327429, 37.319805167246571 ], [ 127.529650988158565, 37.320178130361434 ], [ 127.529538238487874, 37.320472238385754 ], [ 127.529472410176709, 37.320574229511053 ], [ 127.529378213113915, 37.320720161590316 ], [ 127.529120164406066, 37.32106050161628 ], [ 127.528953044606098, 37.321239694677963 ], [ 127.528558102342828, 37.321477533306428 ], [ 127.528390242364196, 37.321555318924901 ], [ 127.528130688571608, 37.321662421440081 ], [ 127.527621417551686, 37.321775215650156 ], [ 127.527169377918852, 37.321922899214279 ], [ 127.526966182100054, 37.322037897749148 ], [ 127.526763071263588, 37.322181040133174 ], [ 127.52659593694645, 37.322357971845051 ], [ 127.526540957133236, 37.322468409435835 ], [ 127.526548305928443, 37.322500344168844 ], [ 127.526561452592034, 37.322557417472154 ], [ 127.526603477778224, 37.322665692463509 ], [ 127.526629235207494, 37.322732047277299 ], [ 127.526881403632601, 37.323168427064424 ], [ 127.526964514365631, 37.323312243541125 ], [ 127.527186144774873, 37.323653595664013 ], [ 127.527798794684486, 37.324550339881299 ], [ 127.528081871099445, 37.324955934334852 ], [ 127.528177101038963, 37.325052407661268 ], [ 127.528375413775777, 37.325253289866261 ], [ 127.528549644735932, 37.325390669877983 ], [ 127.528775518541522, 37.32556530068144 ], [ 127.528796013619157, 37.325587992778814 ], [ 127.528888439238457, 37.325690341485966 ], [ 127.529150324112777, 37.326091397256171 ], [ 127.529263987904955, 37.326266189905475 ], [ 127.529274587799975, 37.326356150830598 ], [ 127.529270394359969, 37.32645755860009 ], [ 127.529199187482874, 37.326588278201008 ], [ 127.529185031360385, 37.326613124088546 ], [ 127.527161674017734, 37.329343605069973 ], [ 127.526939926961631, 37.329525101612894 ], [ 127.526754649490329, 37.329625432603898 ], [ 127.526683887969114, 37.329663748758442 ], [ 127.526366450567821, 37.329762973115621 ], [ 127.52600807767945, 37.329816009251104 ], [ 127.525628527561096, 37.329834119924271 ], [ 127.524302184167922, 37.329794963849665 ], [ 127.522853073844857, 37.329715254011667 ], [ 127.522097467681846, 37.329659060497335 ], [ 127.52199670086307, 37.32965982742941 ], [ 127.5217955171466, 37.329661369985594 ], [ 127.521512628591552, 37.329691843760578 ], [ 127.521434072606539, 37.329719305424447 ], [ 127.521332040034892, 37.329754973944326 ], [ 127.521080201693891, 37.32986205945965 ], [ 127.520853784951015, 37.330008575887398 ], [ 127.520712321548217, 37.330121581287834 ], [ 127.52053638043995, 37.330262148078035 ], [ 127.520295279280646, 37.330509941036169 ], [ 127.520094154712808, 37.330742215547751 ], [ 127.516900339782083, 37.334495656954218 ], [ 127.516750951386044, 37.334722382779155 ], [ 127.516624009413363, 37.334973663677133 ], [ 127.516155771374017, 37.336080187880292 ], [ 127.515835041539489, 37.33690353443653 ], [ 127.515632525938997, 37.337435724912737 ], [ 127.515566939972558, 37.337561928370732 ], [ 127.51548088341697, 37.337672360119164 ], [ 127.514701390718997, 37.338524274430313 ], [ 127.514299281826055, 37.338891640675691 ], [ 127.514077064950897, 37.339079832753633 ], [ 127.513757472988274, 37.339310851854869 ], [ 127.513672765066545, 37.339351036681528 ], [ 127.513595913770629, 37.339387488784993 ], [ 127.512713269084827, 37.339667018194454 ], [ 127.512576387071974, 37.339685060647703 ], [ 127.510309327276673, 37.339577112974446 ], [ 127.510237355187584, 37.339560218139226 ], [ 127.510139266111835, 37.3395083965924 ], [ 127.510095029985763, 37.339475697902344 ], [ 127.510034129161625, 37.339430660564432 ], [ 127.509333064009894, 37.338915338483623 ], [ 127.508605906489947, 37.338388539391694 ], [ 127.508497240941537, 37.338326576588862 ], [ 127.5083779878196, 37.338278135306645 ], [ 127.508247457824382, 37.338237581865187 ], [ 127.508114096326381, 37.338215056301657 ], [ 127.507965923513765, 37.338192531585911 ], [ 127.504056333664323, 37.337933580188277 ], [ 127.502597911146324, 37.337878410975271 ], [ 127.502520861810297, 37.337880648092828 ], [ 127.502442685816078, 37.337882921239157 ], [ 127.502251482255289, 37.337895319164737 ], [ 127.502175326031008, 37.337903424098606 ], [ 127.502092723716089, 37.337912223169056 ], [ 127.501974188699947, 37.337944900646249 ], [ 127.501844364716206, 37.337988845574003 ], [ 127.501689851465528, 37.338044058107009 ], [ 127.501560727912505, 37.338128565326585 ], [ 127.501382959870412, 37.338259873224054 ], [ 127.501287680370453, 37.338330254939123 ], [ 127.500196864679282, 37.339326299178325 ], [ 127.499794680753993, 37.339733051943419 ], [ 127.495039638266164, 37.340970107385296 ], [ 127.494821942274328, 37.340953512463528 ], [ 127.494669906241214, 37.340941922837494 ], [ 127.494531032597294, 37.340948406514471 ], [ 127.494380609642761, 37.340955430314985 ], [ 127.494105422504177, 37.340999923103745 ], [ 127.493903616799372, 37.341052306227091 ], [ 127.489688902783314, 37.342300440324344 ], [ 127.48952451695213, 37.342363682783024 ], [ 127.489508252706443, 37.342397324850573 ], [ 127.488551822638215, 37.344500856473111 ], [ 127.488528330595258, 37.344557389405416 ], [ 127.488505945354078, 37.344611272352218 ], [ 127.487951064256777, 37.346196537328069 ], [ 127.487762539193341, 37.346882701209424 ], [ 127.487555654346437, 37.347692803899626 ], [ 127.487543415814059, 37.347758288591002 ], [ 127.487523865752593, 37.347862937901773 ], [ 127.487543584689803, 37.348102935041695 ], [ 127.487548505250103, 37.348252791626315 ], [ 127.487527323166844, 37.348359829440192 ], [ 127.487309877215282, 37.348920921467212 ], [ 127.487242145263451, 37.349045930630901 ], [ 127.485256992864876, 37.350281069720893 ], [ 127.483867948024781, 37.350571171938192 ], [ 127.481110237537692, 37.352921136387955 ], [ 127.478345195562213, 37.355764450843687 ], [ 127.478272315750374, 37.355831928057114 ], [ 127.478177134138903, 37.355920003252344 ], [ 127.477054048839548, 37.35677385644118 ], [ 127.476906512702371, 37.356869600262648 ], [ 127.476694768439501, 37.356933782667625 ], [ 127.476561386545328, 37.356937136520926 ], [ 127.476402594507817, 37.356914570237528 ], [ 127.476269224340925, 37.356880741486997 ], [ 127.476143914360335, 37.356854485875417 ], [ 127.476037754359652, 37.356832245190716 ], [ 127.475774497059845, 37.356842328585046 ], [ 127.475418747016917, 37.357019156296609 ], [ 127.475167446773114, 37.357181353737488 ], [ 127.47490907929685, 37.357369464059133 ], [ 127.473932807322015, 37.358271389484791 ], [ 127.470493522581364, 37.361515953564592 ], [ 127.470863533224303, 37.361960711594222 ], [ 127.47205349551885, 37.363934731086971 ], [ 127.472255364658196, 37.365267281491619 ], [ 127.472350721620501, 37.365460254770312 ], [ 127.472392904537585, 37.36554561697794 ], [ 127.473431528438738, 37.366557661881806 ], [ 127.474817479779745, 37.367503294671337 ], [ 127.476075021502183, 37.368381281162279 ], [ 127.476143905705314, 37.368440101548728 ], [ 127.476288832729281, 37.36856385503701 ], [ 127.476331520147482, 37.368644826143765 ], [ 127.476619690813223, 37.369191511389907 ], [ 127.476813479981956, 37.370223637162567 ], [ 127.477090679275804, 37.370929026067898 ], [ 127.477191642765291, 37.371096577252175 ], [ 127.477253717945089, 37.371199523021069 ], [ 127.477373625811623, 37.371280621214837 ], [ 127.477407509209328, 37.371277247493254 ], [ 127.47749292972523, 37.371267123182953 ], [ 127.477866392725261, 37.371074522329195 ], [ 127.480206924016258, 37.36905808482804 ], [ 127.4803205910234, 37.368947683926173 ], [ 127.480791543369989, 37.368409182773277 ], [ 127.480844507009721, 37.368290884347232 ], [ 127.480857967698682, 37.368118496299566 ], [ 127.480888359189635, 37.367939350580905 ], [ 127.480977333486081, 37.367792889559453 ], [ 127.481128423839053, 37.367639677992706 ], [ 127.481263977368386, 37.367516885577238 ], [ 127.48131762738538, 37.367494359390662 ], [ 127.481355283875871, 37.367479174258854 ], [ 127.481457391299699, 37.367469593243797 ], [ 127.485766523774956, 37.367846519321688 ], [ 127.485933789847479, 37.367926537415997 ], [ 127.486372776973653, 37.368217286061743 ], [ 127.486508902946568, 37.368324593738208 ], [ 127.486541491929188, 37.368350314016148 ], [ 127.48661610130678, 37.368459092825368 ], [ 127.486643069584886, 37.368497102847186 ], [ 127.486774337987853, 37.368648870565941 ], [ 127.486940194412654, 37.368733394002412 ], [ 127.487776608997848, 37.368944182544517 ], [ 127.487972120773762, 37.368982511522866 ], [ 127.488560807049225, 37.368997217456517 ], [ 127.488773978274395, 37.368990477481084 ], [ 127.488942689305006, 37.368960071572509 ], [ 127.491725954177738, 37.368419466975922 ], [ 127.49192219175626, 37.36833046859504 ], [ 127.493001499409417, 37.367802099347116 ], [ 127.493580323859661, 37.367484393295634 ], [ 127.494097843726195, 37.367147770252217 ], [ 127.494217730312513, 37.367069788171712 ], [ 127.494701959939263, 37.366772353137613 ], [ 127.496221622955915, 37.367129586048115 ], [ 127.496933096905309, 37.367546498101646 ], [ 127.497127893751923, 37.367702001247892 ], [ 127.498222657717434, 37.368308196408542 ], [ 127.498368209525339, 37.368362804518547 ], [ 127.498625728432529, 37.368354384331383 ], [ 127.499976002185818, 37.367889064880856 ], [ 127.500462337498377, 37.367584845903579 ], [ 127.501158998568016, 37.367215272481893 ], [ 127.502855841757508, 37.367001164273645 ], [ 127.502964540001031, 37.366989894261643 ], [ 127.503038722391764, 37.366989905899878 ], [ 127.507558224513872, 37.367568822030336 ], [ 127.507628111422179, 37.36759136123051 ], [ 127.508295169546244, 37.36793722354647 ], [ 127.510907091336662, 37.369797248359681 ], [ 127.510989695671256, 37.369879492237523 ], [ 127.511025697964314, 37.369938079012996 ], [ 127.512482373611391, 37.372709697242399 ], [ 127.512525442440818, 37.372805464964301 ], [ 127.513548727707445, 37.375214306058886 ], [ 127.513678798457747, 37.376213702444588 ], [ 127.513662569721475, 37.376286941899217 ], [ 127.513665443391048, 37.37631323498448 ], [ 127.513676010336567, 37.376409754129639 ], [ 127.514951298536246, 37.378307016082672 ], [ 127.515242975734964, 37.378734023625519 ], [ 127.516374683274336, 37.379189058337403 ], [ 127.516861109843035, 37.379312930442488 ], [ 127.517965950709709, 37.379356714795897 ], [ 127.517991752006054, 37.379320903350141 ], [ 127.518078866507096, 37.379200077417771 ], [ 127.518313792230217, 37.379084312434436 ], [ 127.518373921173122, 37.379054683592059 ], [ 127.518617463338785, 37.379026477218332 ], [ 127.520127509830857, 37.379032990254878 ], [ 127.520679575511267, 37.379063316759954 ], [ 127.520830112264477, 37.379079037540272 ], [ 127.521271884402765, 37.379125181936104 ], [ 127.525417510466866, 37.379863499383809 ], [ 127.525779026602365, 37.380047078328268 ], [ 127.527774080174723, 37.38193502786261 ], [ 127.527903344948314, 37.382138935717663 ], [ 127.528073594565711, 37.382411564279991 ], [ 127.528218715537619, 37.382723309659838 ], [ 127.528277083061525, 37.382848687324895 ], [ 127.528478114083995, 37.383143536049566 ], [ 127.528575907464202, 37.383286922733419 ], [ 127.528686744347226, 37.383337589762846 ], [ 127.529022814930229, 37.383380323526929 ], [ 127.529076473264595, 37.383387070729839 ], [ 127.529773303020633, 37.383429713111845 ], [ 127.530023225448019, 37.38342852319699 ], [ 127.530133355089774, 37.383413847689333 ], [ 127.530335935031985, 37.38329774264696 ], [ 127.530583642099515, 37.383074586183518 ], [ 127.532277617895517, 37.382120921774671 ], [ 127.534395119810171, 37.382662282380956 ], [ 127.534441725430213, 37.382684803431239 ], [ 127.534617560968471, 37.382792918238259 ], [ 127.534731379332527, 37.382942758073483 ], [ 127.5347998175058, 37.383032858378705 ], [ 127.535245596409425, 37.383655808372524 ], [ 127.535250808550103, 37.383779245103625 ], [ 127.535235104638161, 37.383877777406887 ], [ 127.535097548275061, 37.384109924784603 ], [ 127.534999455842595, 37.384212486324436 ], [ 127.534843475765157, 37.384301544086284 ], [ 127.534663445593168, 37.384316244487401 ], [ 127.534425551215236, 37.384368143575706 ], [ 127.534304142373898, 37.384433524710587 ], [ 127.534194084221085, 37.384594683532434 ], [ 127.532764059166453, 37.388636668737654 ], [ 127.532730941868095, 37.388803433883254 ], [ 127.532737350444066, 37.38891497833297 ], [ 127.533129114363959, 37.389717925359243 ], [ 127.533154988465384, 37.389753148681471 ], [ 127.53324832676482, 37.38987577823216 ], [ 127.533472103470615, 37.389955870627723 ], [ 127.536272013463559, 37.390776430569495 ], [ 127.539090988866832, 37.391427833622849 ], [ 127.53963076041606, 37.389935146144879 ], [ 127.541447543430266, 37.387041874997927 ], [ 127.543206050912019, 37.383704160194583 ], [ 127.543463870547598, 37.383214775327502 ], [ 127.543828762143875, 37.380593864766517 ], [ 127.544739084517971, 37.374022424646093 ], [ 127.544852244220323, 37.372011164247127 ], [ 127.544725268489742, 37.371791941128357 ], [ 127.544528616418361, 37.371452427081856 ], [ 127.543410156532815, 37.370864688316303 ], [ 127.543371669370075, 37.370844418538894 ], [ 127.542028234602739, 37.369936763939407 ], [ 127.541963205058664, 37.369768025842184 ], [ 127.541832424125971, 37.369428672192825 ], [ 127.541888270072292, 37.368307552775406 ], [ 127.542268378873189, 37.367847823868217 ], [ 127.543606587740285, 37.367536246040331 ], [ 127.548896848035795, 37.366340966393722 ], [ 127.552213987563221, 37.365918150138206 ], [ 127.555908172355544, 37.364780713882034 ], [ 127.557125758563274, 37.363908039895605 ], [ 127.558123284868813, 37.363192186737514 ], [ 127.558765864703801, 37.362730925810411 ], [ 127.562586752472569, 37.361491811313925 ] ] ] ] } },
{ "type": "Feature", "properties": { "OBJECTID": 1637, "adm_nm": "경기도 여주시 금사면", "adm_cd": "3128034", "adm_cd2": "4167033000", "sgg": "41670", "sido": "41", "sidonm": "경기도", "sggnm": "여주시" }, "geometry": { "type": "MultiPolygon", "coordinates": [ [ [ [ 127.536956423924309, 37.411310828932244 ], [ 127.536550134285207, 37.410992085673463 ], [ 127.535745528904229, 37.410360328887329 ], [ 127.536015235976848, 37.408965270671224 ], [ 127.537541944177832, 37.407187949100326 ], [ 127.53887688775832, 37.405715319275096 ], [ 127.538982508565681, 37.405598799026997 ], [ 127.539250476633129, 37.404849436427142 ], [ 127.539376706524706, 37.404495602338272 ], [ 127.53942209885733, 37.403534489409772 ], [ 127.539281938420757, 37.401525581996061 ], [ 127.539207942955258, 37.40046197608531 ], [ 127.538963615776964, 37.395164543279364 ], [ 127.538957178849586, 37.394842454330515 ], [ 127.538928857192374, 37.391992453135551 ], [ 127.539090988866832, 37.391427833622849 ], [ 127.536272013463559, 37.390776430569495 ], [ 127.533472103470615, 37.389955870627723 ], [ 127.53324832676482, 37.38987577823216 ], [ 127.533154988465384, 37.389753148681471 ], [ 127.533129114363959, 37.389717925359243 ], [ 127.532737350444066, 37.38891497833297 ], [ 127.532730941868095, 37.388803433883254 ], [ 127.532764059166453, 37.388636668737654 ], [ 127.534194084221085, 37.384594683532434 ], [ 127.534304142373898, 37.384433524710587 ], [ 127.534425551215236, 37.384368143575706 ], [ 127.534663445593168, 37.384316244487401 ], [ 127.534843475765157, 37.384301544086284 ], [ 127.534999455842595, 37.384212486324436 ], [ 127.535097548275061, 37.384109924784603 ], [ 127.535235104638161, 37.383877777406887 ], [ 127.535250808550103, 37.383779245103625 ], [ 127.535245596409425, 37.383655808372524 ], [ 127.5347998175058, 37.383032858378705 ], [ 127.534731379332527, 37.382942758073483 ], [ 127.534617560968471, 37.382792918238259 ], [ 127.534441725430213, 37.382684803431239 ], [ 127.534395119810171, 37.382662282380956 ], [ 127.532277617895517, 37.382120921774671 ], [ 127.530583642099515, 37.383074586183518 ], [ 127.530335935031985, 37.38329774264696 ], [ 127.530133355089774, 37.383413847689333 ], [ 127.530023225448019, 37.38342852319699 ], [ 127.529773303020633, 37.383429713111845 ], [ 127.529076473264595, 37.383387070729839 ], [ 127.529022814930229, 37.383380323526929 ], [ 127.528686744347226, 37.383337589762846 ], [ 127.528575907464202, 37.383286922733419 ], [ 127.528478114083995, 37.383143536049566 ], [ 127.528277083061525, 37.382848687324895 ], [ 127.528218715537619, 37.382723309659838 ], [ 127.528073594565711, 37.382411564279991 ], [ 127.527903344948314, 37.382138935717663 ], [ 127.527774080174723, 37.38193502786261 ], [ 127.525779026602365, 37.380047078328268 ], [ 127.525417510466866, 37.379863499383809 ], [ 127.521271884402765, 37.379125181936104 ], [ 127.520830112264477, 37.379079037540272 ], [ 127.520679575511267, 37.379063316759954 ], [ 127.520127509830857, 37.379032990254878 ], [ 127.518617463338785, 37.379026477218332 ], [ 127.518373921173122, 37.379054683592059 ], [ 127.518313792230217, 37.379084312434436 ], [ 127.518078866507096, 37.379200077417771 ], [ 127.517991752006054, 37.379320903350141 ], [ 127.517965950709709, 37.379356714795897 ], [ 127.516861109843035, 37.379312930442488 ], [ 127.516374683274336, 37.379189058337403 ], [ 127.515242975734964, 37.378734023625519 ], [ 127.514951298536246, 37.378307016082672 ], [ 127.513676010336567, 37.376409754129639 ], [ 127.513665443391048, 37.37631323498448 ], [ 127.513662569721475, 37.376286941899217 ], [ 127.513678798457747, 37.376213702444588 ], [ 127.513548727707445, 37.375214306058886 ], [ 127.512525442440818, 37.372805464964301 ], [ 127.512482373611391, 37.372709697242399 ], [ 127.511025697964314, 37.369938079012996 ], [ 127.510989695671256, 37.369879492237523 ], [ 127.510907091336662, 37.369797248359681 ], [ 127.508295169546244, 37.36793722354647 ], [ 127.507628111422179, 37.36759136123051 ], [ 127.507558224513872, 37.367568822030336 ], [ 127.503038722391764, 37.366989905899878 ], [ 127.502964540001031, 37.366989894261643 ], [ 127.502855841757508, 37.367001164273645 ], [ 127.501158998568016, 37.367215272481893 ], [ 127.500462337498377, 37.367584845903579 ], [ 127.499976002185818, 37.367889064880856 ], [ 127.498625728432529, 37.368354384331383 ], [ 127.498368209525339, 37.368362804518547 ], [ 127.498222657717434, 37.368308196408542 ], [ 127.497127893751923, 37.367702001247892 ], [ 127.496933096905309, 37.367546498101646 ], [ 127.496221622955915, 37.367129586048115 ], [ 127.494701959939263, 37.366772353137613 ], [ 127.494217730312513, 37.367069788171712 ], [ 127.494097843726195, 37.367147770252217 ], [ 127.493580323859661, 37.367484393295634 ], [ 127.493001499409417, 37.367802099347116 ], [ 127.49192219175626, 37.36833046859504 ], [ 127.491725954177738, 37.368419466975922 ], [ 127.488942689305006, 37.368960071572509 ], [ 127.488773978274395, 37.368990477481084 ], [ 127.488560807049225, 37.368997217456517 ], [ 127.487972120773762, 37.368982511522866 ], [ 127.487776608997848, 37.368944182544517 ], [ 127.486940194412654, 37.368733394002412 ], [ 127.486774337987853, 37.368648870565941 ], [ 127.486643069584886, 37.368497102847186 ], [ 127.48661610130678, 37.368459092825368 ], [ 127.486541491929188, 37.368350314016148 ], [ 127.486508902946568, 37.368324593738208 ], [ 127.486372776973653, 37.368217286061743 ], [ 127.485933789847479, 37.367926537415997 ], [ 127.485766523774956, 37.367846519321688 ], [ 127.481457391299699, 37.367469593243797 ], [ 127.481355283875871, 37.367479174258854 ], [ 127.48131762738538, 37.367494359390662 ], [ 127.481263977368386, 37.367516885577238 ], [ 127.481128423839053, 37.367639677992706 ], [ 127.480977333486081, 37.367792889559453 ], [ 127.480888359189635, 37.367939350580905 ], [ 127.480857967698682, 37.368118496299566 ], [ 127.480844507009721, 37.368290884347232 ], [ 127.480791543369989, 37.368409182773277 ], [ 127.4803205910234, 37.368947683926173 ], [ 127.480206924016258, 37.36905808482804 ], [ 127.477866392725261, 37.371074522329195 ], [ 127.47749292972523, 37.371267123182953 ], [ 127.477407509209328, 37.371277247493254 ], [ 127.477373625811623, 37.371280621214837 ], [ 127.477253717945089, 37.371199523021069 ], [ 127.477191642765291, 37.371096577252175 ], [ 127.477090679275804, 37.370929026067898 ], [ 127.476813479981956, 37.370223637162567 ], [ 127.476619690813223, 37.369191511389907 ], [ 127.476331520147482, 37.368644826143765 ], [ 127.476288832729281, 37.36856385503701 ], [ 127.476143905705314, 37.368440101548728 ], [ 127.476075021502183, 37.368381281162279 ], [ 127.474817479779745, 37.367503294671337 ], [ 127.473431528438738, 37.366557661881806 ], [ 127.472392904537585, 37.36554561697794 ], [ 127.472350721620501, 37.365460254770312 ], [ 127.472255364658196, 37.365267281491619 ], [ 127.47205349551885, 37.363934731086971 ], [ 127.470863533224303, 37.361960711594222 ], [ 127.470493522581364, 37.361515953564592 ], [ 127.469012433432866, 37.361015308183589 ], [ 127.466540827020793, 37.359279462950539 ], [ 127.465575575340679, 37.35874849368745 ], [ 127.46512680646569, 37.35853653599947 ], [ 127.464682968142327, 37.358362887076019 ], [ 127.464050700043089, 37.35816439118851 ], [ 127.464009959716734, 37.358160629024745 ], [ 127.46384250436779, 37.358145173230973 ], [ 127.463773331319487, 37.358139509375796 ], [ 127.463320819676397, 37.358419936044839 ], [ 127.462976300783126, 37.358637288629346 ], [ 127.462764518558572, 37.358744262004677 ], [ 127.462670196982415, 37.358761845401759 ], [ 127.462523124354504, 37.358789255181655 ], [ 127.46223095703381, 37.3587497265205 ], [ 127.461906344754354, 37.358670750958694 ], [ 127.460216993660623, 37.358196966023115 ], [ 127.456283612646757, 37.356060413878041 ], [ 127.456098773655583, 37.355948798582695 ], [ 127.455425172774284, 37.355315321133681 ], [ 127.455173510460057, 37.354827349371995 ], [ 127.454873910019757, 37.35415566021144 ], [ 127.454804846909198, 37.354115111907646 ], [ 127.450808685705383, 37.352506791735379 ], [ 127.450452348395871, 37.352430024945065 ], [ 127.44987797467725, 37.352322743015357 ], [ 127.449125784900076, 37.352186086809567 ], [ 127.448991010239368, 37.352172507934149 ], [ 127.448842798674335, 37.352192725189127 ], [ 127.448662652059696, 37.352466444101509 ], [ 127.44745635344853, 37.353831518812406 ], [ 127.443850789205356, 37.357686678852843 ], [ 127.44360078992554, 37.357902893110975 ], [ 127.442938542111477, 37.358229328745175 ], [ 127.442456337774402, 37.358444301586481 ], [ 127.443357681545066, 37.359270633501808 ], [ 127.444754319507965, 37.360345072483341 ], [ 127.445844484493762, 37.360723032796628 ], [ 127.445883670095284, 37.360753832224461 ], [ 127.445973563468968, 37.360824497054566 ], [ 127.446025731345841, 37.360910153616103 ], [ 127.445959776815229, 37.362731033900062 ], [ 127.445920261058944, 37.363421628293253 ], [ 127.446891735570176, 37.363907658484543 ], [ 127.450351888674788, 37.365665739870252 ], [ 127.450908573390635, 37.366005119121624 ], [ 127.454557680720853, 37.368432434849247 ], [ 127.454688145100945, 37.368527085436234 ], [ 127.457288114501111, 37.370602413759784 ], [ 127.457436912573911, 37.370843588254417 ], [ 127.458205906180396, 37.372873148730626 ], [ 127.45820723236173, 37.373027470994856 ], [ 127.45776182217358, 37.374264464947352 ], [ 127.46086724212914, 37.37811444949147 ], [ 127.459987594371029, 37.380843098366157 ], [ 127.460000215700575, 37.381005351903056 ], [ 127.460185165207307, 37.382359744830183 ], [ 127.46022038062307, 37.382518625714404 ], [ 127.460299374082638, 37.382665127250739 ], [ 127.461313648815789, 37.384491893569155 ], [ 127.461631189939993, 37.384809734969593 ], [ 127.461984212730556, 37.384998067017619 ], [ 127.463157930197852, 37.385554989134924 ], [ 127.465313331343395, 37.387235595406466 ], [ 127.464526995218577, 37.388115500330713 ], [ 127.464426762523388, 37.38827755704218 ], [ 127.464314362730249, 37.388582866900023 ], [ 127.464132466020686, 37.389501096401958 ], [ 127.463777674678397, 37.391907472642316 ], [ 127.463778247626252, 37.391977539132512 ], [ 127.463793687476809, 37.392008235956752 ], [ 127.46384173393794, 37.392103752200356 ], [ 127.466377646556239, 37.395982700057708 ], [ 127.469875438723378, 37.398509767822539 ], [ 127.467414228482284, 37.404137117300678 ], [ 127.466012164231856, 37.406309051091142 ], [ 127.465769746093827, 37.406708968943029 ], [ 127.465703475628587, 37.406856001015733 ], [ 127.465677873371405, 37.406912811228125 ], [ 127.464991853542784, 37.40897796713697 ], [ 127.466805573692795, 37.410354222163008 ], [ 127.471069239959789, 37.412091625986719 ], [ 127.471199876648058, 37.412135600160319 ], [ 127.471324177343405, 37.41214126399953 ], [ 127.472364504429194, 37.412165172974667 ], [ 127.47252756759957, 37.412164183404116 ], [ 127.472853943454211, 37.412159652739987 ], [ 127.474242426918792, 37.412265875548179 ], [ 127.476342105666902, 37.412456730878638 ], [ 127.476440265083212, 37.412477031530656 ], [ 127.476608342832606, 37.412523260631012 ], [ 127.476723457215499, 37.412566098901628 ], [ 127.477581423151079, 37.413058643519584 ], [ 127.477737484865827, 37.413162331702345 ], [ 127.479060072890306, 37.414100008407082 ], [ 127.479130680409781, 37.414175511448761 ], [ 127.479182224621383, 37.414248757642738 ], [ 127.4799347645599, 37.415602083981589 ], [ 127.480591973582037, 37.416956516335837 ], [ 127.483010480857175, 37.419680180390962 ], [ 127.483598011008013, 37.420332636339928 ], [ 127.483689074230497, 37.420404083212098 ], [ 127.483724419329263, 37.420431805482465 ], [ 127.483910868142928, 37.420553517144995 ], [ 127.484103681757588, 37.420668469026033 ], [ 127.48419125946684, 37.420712422985709 ], [ 127.484283073948603, 37.420763137784363 ], [ 127.484385470866712, 37.420848782336797 ], [ 127.484484342389564, 37.420932172889842 ], [ 127.484518950318559, 37.420974992917543 ], [ 127.48453735105943, 37.421021418133805 ], [ 127.484555652016084, 37.421113584698844 ], [ 127.484566200894392, 37.421229435776183 ], [ 127.484580339292776, 37.42125668179257 ], [ 127.484613333993636, 37.421286296381915 ], [ 127.484659436221918, 37.421327675655505 ], [ 127.484778800627765, 37.421400928102862 ], [ 127.485086740692751, 37.421551948277866 ], [ 127.485311340562362, 37.421659015112624 ], [ 127.485473070984156, 37.421759313470282 ], [ 127.486036677853534, 37.422113172485275 ], [ 127.486150393755622, 37.422187549594113 ], [ 127.4862697342476, 37.422345304761592 ], [ 127.486311669918734, 37.422436429980621 ], [ 127.486394009126897, 37.422593198223367 ], [ 127.486461096678084, 37.422719398914595 ], [ 127.486647522581521, 37.423027015517476 ], [ 127.486702520125647, 37.423108650547199 ], [ 127.486796530613759, 37.423198294154254 ], [ 127.486893560866051, 37.42324448256737 ], [ 127.48692437867571, 37.42325915140664 ], [ 127.487361590157704, 37.423415813451946 ], [ 127.487462601016034, 37.423451879342721 ], [ 127.488640055003287, 37.423871139281545 ], [ 127.490081036788681, 37.424069572194554 ], [ 127.494890016247169, 37.424718870207542 ], [ 127.496486435025972, 37.424933005749857 ], [ 127.496826906390297, 37.42509639016658 ], [ 127.496944079188879, 37.425166195975308 ], [ 127.497159614506216, 37.425411875556286 ], [ 127.49722529390111, 37.425511034112148 ], [ 127.497252846570618, 37.425573004497146 ], [ 127.49728603835473, 37.425656382733152 ], [ 127.497281198783284, 37.425716964239776 ], [ 127.497276856731617, 37.425771308221073 ], [ 127.497255051459817, 37.425856713283807 ], [ 127.497244143167862, 37.425899041741232 ], [ 127.49719560733034, 37.425996650822952 ], [ 127.496645705668271, 37.427333479055513 ], [ 127.496640316405632, 37.427414053062023 ], [ 127.496725078163408, 37.427584190492581 ], [ 127.497722477673349, 37.429157103451466 ], [ 127.499941370903343, 37.432376183337638 ], [ 127.499960699535492, 37.432403161559606 ], [ 127.499980932446022, 37.43243139269245 ], [ 127.500185093462022, 37.43268603154754 ], [ 127.501174153016933, 37.433746270422148 ], [ 127.501949175415987, 37.43451693730006 ], [ 127.502449370132695, 37.434804241805324 ], [ 127.50375004275422, 37.435808115846868 ], [ 127.50410119089706, 37.436131472991306 ], [ 127.505524875521658, 37.437622066117733 ], [ 127.505537604080374, 37.437777552916366 ], [ 127.505547486715457, 37.438122305398529 ], [ 127.508005655668427, 37.43981001447203 ], [ 127.509809300314345, 37.438958078286952 ], [ 127.510192561045017, 37.438791552695101 ], [ 127.510369535689136, 37.438714676967344 ], [ 127.510486695037699, 37.438688851221187 ], [ 127.512068646436433, 37.43834042659855 ], [ 127.514816214430596, 37.438013365286253 ], [ 127.515360348674619, 37.437891492868225 ], [ 127.5164319165346, 37.437651474530718 ], [ 127.518734198885284, 37.436744122188422 ], [ 127.519065453101788, 37.436613403004074 ], [ 127.52102332426152, 37.435755039967844 ], [ 127.522863771752213, 37.434735579433877 ], [ 127.52390295127708, 37.433848446230343 ], [ 127.52437781632932, 37.433442693637254 ], [ 127.524977656383328, 37.432930144673897 ], [ 127.526736128372661, 37.431194609225557 ], [ 127.527726654336149, 37.430058834990376 ], [ 127.527889885434547, 37.429871641808219 ], [ 127.528150269531807, 37.429523830491583 ], [ 127.528817046245635, 37.428633081827378 ], [ 127.529519138838452, 37.427511351432891 ], [ 127.529583026009007, 37.427409272461432 ], [ 127.530504991463005, 37.425919511239321 ], [ 127.531517982581434, 37.424265216700967 ], [ 127.534442956876148, 37.419320339119274 ], [ 127.535403226877719, 37.417101536059221 ], [ 127.535595536067618, 37.416361256570532 ], [ 127.535715558186084, 37.415899227349236 ], [ 127.535769135289669, 37.415685133519794 ], [ 127.536329552007288, 37.413437147038053 ], [ 127.536716336395514, 37.412125114089982 ], [ 127.536956423924309, 37.411310828932244 ] ] ] ] } },
{ "type": "Feature", "properties": { "OBJECTID": 1638, "adm_nm": "경기도 여주시 산북면", "adm_cd": "3128035", "adm_cd2": "4167038000", "sgg": "41670", "sido": "41", "sidonm": "경기도", "sggnm": "여주시" }, "geometry": { "type": "MultiPolygon", "coordinates": [ [ [ [ 127.426454770687926, 37.437744661157545 ], [ 127.427484130869104, 37.437033210063213 ], [ 127.427605108412138, 37.436978183098105 ], [ 127.428620541749751, 37.436655323798142 ], [ 127.428887331734387, 37.436625486805859 ], [ 127.429001377910836, 37.436612737793816 ], [ 127.429198483111549, 37.436626376664186 ], [ 127.429556510775214, 37.436761166038366 ], [ 127.429738056292024, 37.436829508267714 ], [ 127.43006724018673, 37.436877025731647 ], [ 127.430465693676609, 37.436889654722265 ], [ 127.430686861469695, 37.436846969253793 ], [ 127.431618248131755, 37.436603013456661 ], [ 127.43204086428895, 37.436470006745608 ], [ 127.432440141112494, 37.436344340412568 ], [ 127.432637672465191, 37.436273397658901 ], [ 127.432693848239055, 37.436253220803827 ], [ 127.432886086590443, 37.436172206246781 ], [ 127.43311158337805, 37.436037127623457 ], [ 127.434224274550942, 37.435265948528695 ], [ 127.438759245079822, 37.43433320694092 ], [ 127.441701057722412, 37.434265964492901 ], [ 127.442222495989029, 37.434187350064107 ], [ 127.442596293736287, 37.434083873870094 ], [ 127.445615115319669, 37.433017169924746 ], [ 127.449900946815205, 37.431318841793676 ], [ 127.45108194001908, 37.430665342240694 ], [ 127.454162213370779, 37.42903107272415 ], [ 127.454267757672227, 37.428977346438188 ], [ 127.454314848351331, 37.42895338800637 ], [ 127.455479973385394, 37.428552719567172 ], [ 127.460108423252393, 37.427263148628633 ], [ 127.462889108854512, 37.426731114667533 ], [ 127.463714952684299, 37.42659841781029 ], [ 127.464092412238799, 37.426733054695966 ], [ 127.464180002684287, 37.426764259928376 ], [ 127.464473517628647, 37.426833006451119 ], [ 127.465201103993394, 37.426854630596054 ], [ 127.468160517148561, 37.426195205436841 ], [ 127.47093061680917, 37.425373411658008 ], [ 127.471707099075545, 37.424965726463391 ], [ 127.472580761686999, 37.423716315658041 ], [ 127.473044992227884, 37.422988640513502 ], [ 127.473003384037625, 37.42281628295526 ], [ 127.472870499433228, 37.422777425657749 ], [ 127.472297093550424, 37.422609888668717 ], [ 127.473065669409905, 37.422466972441335 ], [ 127.474308914434332, 37.422333169106274 ], [ 127.479237582117022, 37.42351494322034 ], [ 127.47964582640391, 37.423660361473047 ], [ 127.479908518815435, 37.423955607806889 ], [ 127.480840581072599, 37.425200746100664 ], [ 127.480929586197519, 37.425351786390763 ], [ 127.481440043485392, 37.426394085942704 ], [ 127.481581961314589, 37.4266971964555 ], [ 127.481690648868337, 37.427101706644557 ], [ 127.481601532429309, 37.427547874806081 ], [ 127.481725797222069, 37.427809293619951 ], [ 127.482327019960238, 37.428807390338527 ], [ 127.482426348557865, 37.428972230141518 ], [ 127.484741367064075, 37.43182761107186 ], [ 127.485225876007007, 37.432231014517541 ], [ 127.486454323229609, 37.432839615472282 ], [ 127.488355990663592, 37.433645423677177 ], [ 127.488536841217524, 37.433680369705229 ], [ 127.489192425946513, 37.433806624215606 ], [ 127.489748428864019, 37.433766111787811 ], [ 127.490689273580486, 37.433653539172134 ], [ 127.491039164339, 37.433585941319627 ], [ 127.491365585045941, 37.433302031906933 ], [ 127.491766871640721, 37.433170234169317 ], [ 127.493739348956396, 37.432806424165577 ], [ 127.494251994191629, 37.432758686240895 ], [ 127.494452878875251, 37.432739983252986 ], [ 127.496282608217228, 37.432770476428303 ], [ 127.497102809585058, 37.432885424937034 ], [ 127.498114455712368, 37.433134450776279 ], [ 127.498205955865217, 37.433176312143381 ], [ 127.498377958342886, 37.433255013844608 ], [ 127.503934500270205, 37.436922435528068 ], [ 127.505547486715457, 37.438122305398529 ], [ 127.505537604080374, 37.437777552916366 ], [ 127.505524875521658, 37.437622066117733 ], [ 127.50410119089706, 37.436131472991306 ], [ 127.50375004275422, 37.435808115846868 ], [ 127.502449370132695, 37.434804241805324 ], [ 127.501949175415987, 37.43451693730006 ], [ 127.501174153016933, 37.433746270422148 ], [ 127.500185093462022, 37.43268603154754 ], [ 127.499980932446022, 37.43243139269245 ], [ 127.499960699535492, 37.432403161559606 ], [ 127.499941370903343, 37.432376183337638 ], [ 127.497722477673349, 37.429157103451466 ], [ 127.496725078163408, 37.427584190492581 ], [ 127.496640316405632, 37.427414053062023 ], [ 127.496645705668271, 37.427333479055513 ], [ 127.49719560733034, 37.425996650822952 ], [ 127.497244143167862, 37.425899041741232 ], [ 127.497255051459817, 37.425856713283807 ], [ 127.497276856731617, 37.425771308221073 ], [ 127.497281198783284, 37.425716964239776 ], [ 127.49728603835473, 37.425656382733152 ], [ 127.497252846570618, 37.425573004497146 ], [ 127.49722529390111, 37.425511034112148 ], [ 127.497159614506216, 37.425411875556286 ], [ 127.496944079188879, 37.425166195975308 ], [ 127.496826906390297, 37.42509639016658 ], [ 127.496486435025972, 37.424933005749857 ], [ 127.494890016247169, 37.424718870207542 ], [ 127.490081036788681, 37.424069572194554 ], [ 127.488640055003287, 37.423871139281545 ], [ 127.487462601016034, 37.423451879342721 ], [ 127.487361590157704, 37.423415813451946 ], [ 127.48692437867571, 37.42325915140664 ], [ 127.486893560866051, 37.42324448256737 ], [ 127.486796530613759, 37.423198294154254 ], [ 127.486702520125647, 37.423108650547199 ], [ 127.486647522581521, 37.423027015517476 ], [ 127.486461096678084, 37.422719398914595 ], [ 127.486394009126897, 37.422593198223367 ], [ 127.486311669918734, 37.422436429980621 ], [ 127.4862697342476, 37.422345304761592 ], [ 127.486150393755622, 37.422187549594113 ], [ 127.486036677853534, 37.422113172485275 ], [ 127.485473070984156, 37.421759313470282 ], [ 127.485311340562362, 37.421659015112624 ], [ 127.485086740692751, 37.421551948277866 ], [ 127.484778800627765, 37.421400928102862 ], [ 127.484659436221918, 37.421327675655505 ], [ 127.484613333993636, 37.421286296381915 ], [ 127.484580339292776, 37.42125668179257 ], [ 127.484566200894392, 37.421229435776183 ], [ 127.484555652016084, 37.421113584698844 ], [ 127.48453735105943, 37.421021418133805 ], [ 127.484518950318559, 37.420974992917543 ], [ 127.484484342389564, 37.420932172889842 ], [ 127.484385470866712, 37.420848782336797 ], [ 127.484283073948603, 37.420763137784363 ], [ 127.48419125946684, 37.420712422985709 ], [ 127.484103681757588, 37.420668469026033 ], [ 127.483910868142928, 37.420553517144995 ], [ 127.483724419329263, 37.420431805482465 ], [ 127.483689074230497, 37.420404083212098 ], [ 127.483598011008013, 37.420332636339928 ], [ 127.483010480857175, 37.419680180390962 ], [ 127.480591973582037, 37.416956516335837 ], [ 127.4799347645599, 37.415602083981589 ], [ 127.479182224621383, 37.414248757642738 ], [ 127.479130680409781, 37.414175511448761 ], [ 127.479060072890306, 37.414100008407082 ], [ 127.477737484865827, 37.413162331702345 ], [ 127.477581423151079, 37.413058643519584 ], [ 127.476723457215499, 37.412566098901628 ], [ 127.476608342832606, 37.412523260631012 ], [ 127.476440265083212, 37.412477031530656 ], [ 127.476342105666902, 37.412456730878638 ], [ 127.474242426918792, 37.412265875548179 ], [ 127.472853943454211, 37.412159652739987 ], [ 127.47252756759957, 37.412164183404116 ], [ 127.472364504429194, 37.412165172974667 ], [ 127.471324177343405, 37.41214126399953 ], [ 127.471199876648058, 37.412135600160319 ], [ 127.471069239959789, 37.412091625986719 ], [ 127.466805573692795, 37.410354222163008 ], [ 127.464991853542784, 37.40897796713697 ], [ 127.465677873371405, 37.406912811228125 ], [ 127.465703475628587, 37.406856001015733 ], [ 127.465769746093827, 37.406708968943029 ], [ 127.466012164231856, 37.406309051091142 ], [ 127.467414228482284, 37.404137117300678 ], [ 127.469875438723378, 37.398509767822539 ], [ 127.466377646556239, 37.395982700057708 ], [ 127.46384173393794, 37.392103752200356 ], [ 127.463793687476809, 37.392008235956752 ], [ 127.463778247626252, 37.391977539132512 ], [ 127.463777674678397, 37.391907472642316 ], [ 127.464132466020686, 37.389501096401958 ], [ 127.464314362730249, 37.388582866900023 ], [ 127.464426762523388, 37.38827755704218 ], [ 127.464526995218577, 37.388115500330713 ], [ 127.465313331343395, 37.387235595406466 ], [ 127.463157930197852, 37.385554989134924 ], [ 127.461984212730556, 37.384998067017619 ], [ 127.461631189939993, 37.384809734969593 ], [ 127.461313648815789, 37.384491893569155 ], [ 127.460299374082638, 37.382665127250739 ], [ 127.46022038062307, 37.382518625714404 ], [ 127.460185165207307, 37.382359744830183 ], [ 127.460000215700575, 37.381005351903056 ], [ 127.459987594371029, 37.380843098366157 ], [ 127.46086724212914, 37.37811444949147 ], [ 127.45776182217358, 37.374264464947352 ], [ 127.45820723236173, 37.373027470994856 ], [ 127.458205906180396, 37.372873148730626 ], [ 127.457436912573911, 37.370843588254417 ], [ 127.457288114501111, 37.370602413759784 ], [ 127.454688145100945, 37.368527085436234 ], [ 127.454557680720853, 37.368432434849247 ], [ 127.450908573390635, 37.366005119121624 ], [ 127.450351888674788, 37.365665739870252 ], [ 127.446891735570176, 37.363907658484543 ], [ 127.445920261058944, 37.363421628293253 ], [ 127.445514029040638, 37.364841068326179 ], [ 127.444392999004975, 37.367942471619457 ], [ 127.443908511439062, 37.36908478739845 ], [ 127.443757744680624, 37.369788561662041 ], [ 127.443669057713464, 37.376126886283238 ], [ 127.44369360907173, 37.376297980938766 ], [ 127.444124980587617, 37.378113278123244 ], [ 127.445283243390705, 37.381329591610772 ], [ 127.444534725147136, 37.385411387488929 ], [ 127.44447957288547, 37.385524034617646 ], [ 127.443602669992018, 37.386498240207466 ], [ 127.443007043683309, 37.387097375821426 ], [ 127.442724929763955, 37.387254341705521 ], [ 127.442499184668876, 37.387379939137453 ], [ 127.440141271002432, 37.387080184845551 ], [ 127.438788712102934, 37.386838372308119 ], [ 127.436817821008859, 37.386431713894495 ], [ 127.435429789154043, 37.386416316669724 ], [ 127.435284325677571, 37.386441025212221 ], [ 127.435100715710803, 37.386492754163427 ], [ 127.432437593648984, 37.387277720033836 ], [ 127.429738437315876, 37.388027674883432 ], [ 127.42939042499016, 37.387951977624056 ], [ 127.428886018372523, 37.387522391407664 ], [ 127.42689101847148, 37.386450759134569 ], [ 127.425162713936075, 37.385773662661613 ], [ 127.424561210061057, 37.385750744983746 ], [ 127.424385401386857, 37.385755140523251 ], [ 127.422443096730063, 37.385806838966566 ], [ 127.421568924879935, 37.385922314706981 ], [ 127.420284654832685, 37.386606508594248 ], [ 127.417417844682447, 37.389494601453279 ], [ 127.414956125503451, 37.393613303697038 ], [ 127.414859092384091, 37.393792302551496 ], [ 127.414787010647586, 37.393925285693278 ], [ 127.412806404929896, 37.398199774067152 ], [ 127.412721437506022, 37.398399142137023 ], [ 127.412443053069538, 37.399328837907333 ], [ 127.412349073121888, 37.400415708419381 ], [ 127.412319003708774, 37.400768351673605 ], [ 127.412604154272657, 37.402132325892119 ], [ 127.412895067179463, 37.402743929476372 ], [ 127.412903401768929, 37.402864495359267 ], [ 127.412827460427806, 37.403187809909561 ], [ 127.412173881351251, 37.404711786996756 ], [ 127.411966422522241, 37.405171336987493 ], [ 127.410736141301413, 37.406657656791801 ], [ 127.409636389595022, 37.407758795194788 ], [ 127.409525436279068, 37.407817300074498 ], [ 127.409419321238829, 37.407845810614376 ], [ 127.409316325830758, 37.407873476153966 ], [ 127.408548507536807, 37.408113607415189 ], [ 127.406358028275321, 37.408946066252469 ], [ 127.405702310051907, 37.40925986990959 ], [ 127.404057083438801, 37.410075453602197 ], [ 127.403426507511639, 37.410545911293696 ], [ 127.400177178442704, 37.413107638036244 ], [ 127.398818481495525, 37.414547563488604 ], [ 127.398308891051215, 37.415333579711252 ], [ 127.398226800889134, 37.415693907525039 ], [ 127.398213662603453, 37.415751518681404 ], [ 127.399976900926305, 37.417127620394979 ], [ 127.400538240244217, 37.417797367841914 ], [ 127.400839281391285, 37.418215635169787 ], [ 127.400977245302371, 37.4184994606873 ], [ 127.401043459584798, 37.418713818029325 ], [ 127.401045462081257, 37.418815233827416 ], [ 127.401047432185194, 37.418915504845636 ], [ 127.40103031126138, 37.419043936979683 ], [ 127.400630278550707, 37.421380384651762 ], [ 127.400703039361389, 37.42137034584465 ], [ 127.401132597477414, 37.421413615983319 ], [ 127.401582018631672, 37.42169445033965 ], [ 127.401920429762114, 37.422184856014198 ], [ 127.402016886635025, 37.4223958585007 ], [ 127.402185267641315, 37.422764210920896 ], [ 127.402187530309746, 37.423196874282475 ], [ 127.402187941189936, 37.423289365025461 ], [ 127.402189171419749, 37.423568694082455 ], [ 127.402586421867056, 37.424534713352983 ], [ 127.404295920646518, 37.426628342572329 ], [ 127.405573946607305, 37.428171809236225 ], [ 127.407375813287032, 37.4300853244644 ], [ 127.408556070371631, 37.430826499239359 ], [ 127.409771978771104, 37.431313050404285 ], [ 127.409868346092765, 37.431334603733085 ], [ 127.41081865432831, 37.431547075961234 ], [ 127.411696592469866, 37.431693082073927 ], [ 127.412424273127442, 37.431660948515152 ], [ 127.413040316056424, 37.431644502497463 ], [ 127.414623252502452, 37.432168427903498 ], [ 127.418082432062107, 37.435377576913609 ], [ 127.419566404768304, 37.437010059895506 ], [ 127.420241854617302, 37.437647114412151 ], [ 127.422659817176239, 37.43940978432051 ], [ 127.422866015160025, 37.439513577267547 ], [ 127.423238527516517, 37.439348191984635 ], [ 127.424262054057522, 37.438868869655103 ], [ 127.426454770687926, 37.437744661157545 ] ] ] ] } },
{ "type": "Feature", "properties": { "OBJECTID": 1639, "adm_nm": "경기도 여주시 대신면", "adm_cd": "3128036", "adm_cd2": "4167035000", "sgg": "41670", "sido": "41", "sidonm": "경기도", "sggnm": "여주시" }, "geometry": { "type": "MultiPolygon", "coordinates": [ [ [ [ 127.646238234551419, 37.404605503071416 ], [ 127.646334127633281, 37.402715883323687 ], [ 127.645965390309073, 37.399587835801128 ], [ 127.645837880721871, 37.395525726936327 ], [ 127.645841096038822, 37.39540268163978 ], [ 127.645848015826616, 37.395293608599381 ], [ 127.648186496161827, 37.38912299241332 ], [ 127.648473186709893, 37.388780107327577 ], [ 127.648737896913232, 37.388669372401992 ], [ 127.649801991872408, 37.388434779275649 ], [ 127.649897764980494, 37.388434657914615 ], [ 127.649973554291492, 37.388434561821541 ], [ 127.650487255168898, 37.38863559364259 ], [ 127.651556755827698, 37.388908022835942 ], [ 127.651659861212778, 37.388919157935135 ], [ 127.651792369184989, 37.388867207985427 ], [ 127.652801022873135, 37.387965595129934 ], [ 127.65310655372248, 37.386439095327539 ], [ 127.653043773489472, 37.386169283531942 ], [ 127.653091251380062, 37.385907820938549 ], [ 127.65328746771138, 37.385535746157203 ], [ 127.654100019739772, 37.384465424085057 ], [ 127.654693567908907, 37.384025220201991 ], [ 127.656229268189378, 37.383410265100636 ], [ 127.656781010737006, 37.383243905691579 ], [ 127.657128327653254, 37.380499857696158 ], [ 127.657102673711393, 37.380071734342117 ], [ 127.657022199601826, 37.379732695435919 ], [ 127.65692892206431, 37.379353111154884 ], [ 127.656722112794412, 37.378949935717557 ], [ 127.656663818732639, 37.378836293408852 ], [ 127.65516783882218, 37.376745926913294 ], [ 127.653792393635598, 37.372113477832158 ], [ 127.652639618024267, 37.369992208247112 ], [ 127.653367437529113, 37.362399340880344 ], [ 127.653671735161581, 37.361408547057707 ], [ 127.654297022581503, 37.360350856716778 ], [ 127.655578921013699, 37.358742454829759 ], [ 127.655884470588973, 37.358378117395489 ], [ 127.659163932594964, 37.355152208755491 ], [ 127.660321128193317, 37.354175100937049 ], [ 127.662414783832034, 37.35308945247855 ], [ 127.663501040267676, 37.352845708024539 ], [ 127.663794133752589, 37.352296582479383 ], [ 127.663878723152095, 37.351603523053107 ], [ 127.663843522914433, 37.351304771473153 ], [ 127.663780232257167, 37.350767621676646 ], [ 127.663679483271224, 37.350196506126686 ], [ 127.663658052219787, 37.350075975051872 ], [ 127.663435976135958, 37.349849808178888 ], [ 127.661639834907788, 37.347786968871127 ], [ 127.661448533312736, 37.346758484677636 ], [ 127.659363061906333, 37.346643040202444 ], [ 127.657303265807883, 37.347317331920443 ], [ 127.655341829887419, 37.348144694747674 ], [ 127.652874738625897, 37.346014996423783 ], [ 127.65203485170376, 37.343484300855145 ], [ 127.651840999989872, 37.343163097095236 ], [ 127.651798384131354, 37.343092499948924 ], [ 127.648749392187625, 37.341295846333935 ], [ 127.648425489763753, 37.341277098595455 ], [ 127.648365759139878, 37.341301465980521 ], [ 127.648270381860527, 37.341340390396162 ], [ 127.647921289663444, 37.341435473346415 ], [ 127.647727254959079, 37.341435715790823 ], [ 127.64744987374246, 37.341299907746418 ], [ 127.647415079674218, 37.341282868861512 ], [ 127.647193918877946, 37.341128781164251 ], [ 127.646849174304279, 37.340725413811981 ], [ 127.646681198803094, 37.34052886672788 ], [ 127.645881767111391, 37.339438046112562 ], [ 127.645681047058034, 37.338855923978606 ], [ 127.64553692333628, 37.338437927346916 ], [ 127.645513599418237, 37.337688675058942 ], [ 127.645343054673006, 37.337421843181374 ], [ 127.64495163187712, 37.337144023490779 ], [ 127.643534259108364, 37.336459567713874 ], [ 127.643352881480851, 37.336430492412113 ], [ 127.64283419933038, 37.336381543228939 ], [ 127.642714410950475, 37.336381708515226 ], [ 127.640546206568217, 37.336827091583864 ], [ 127.640015879721503, 37.336964055752375 ], [ 127.639435749185608, 37.337256566169373 ], [ 127.63893144279244, 37.337352932215275 ], [ 127.63846507519176, 37.337355732418082 ], [ 127.638295512739276, 37.337231989500829 ], [ 127.634909851063071, 37.334269195068508 ], [ 127.63327374565587, 37.332290241499514 ], [ 127.630724713086167, 37.32821654000216 ], [ 127.629044736445664, 37.324785205154569 ], [ 127.628947173618812, 37.324648462051776 ], [ 127.628442258050327, 37.323940804818712 ], [ 127.628093826851696, 37.323614671835145 ], [ 127.627893967241448, 37.323427604686863 ], [ 127.627452888583832, 37.323316533209123 ], [ 127.626597806171759, 37.323258860590464 ], [ 127.625900016977823, 37.323267267831945 ], [ 127.625160860693327, 37.323276163615432 ], [ 127.624511289176851, 37.32322929141214 ], [ 127.623437290320709, 37.323151779120629 ], [ 127.622841012777926, 37.323040852238108 ], [ 127.62223045763298, 37.322816136205645 ], [ 127.621846343628746, 37.322390057079531 ], [ 127.621762626321967, 37.322297190679102 ], [ 127.62172352437959, 37.322112445282066 ], [ 127.621612177563406, 37.321585289725455 ], [ 127.619956274718461, 37.319788654770456 ], [ 127.611196221787637, 37.324789803394758 ], [ 127.609216330464349, 37.325484593254743 ], [ 127.609046395773078, 37.325544467264898 ], [ 127.605919846823397, 37.328071206969874 ], [ 127.605770204432886, 37.328633467221081 ], [ 127.605630710695934, 37.329157643357384 ], [ 127.605839891079981, 37.333434561694411 ], [ 127.606256515571332, 37.334693883062265 ], [ 127.607561514994373, 37.338777782668032 ], [ 127.607574420756706, 37.339119649560267 ], [ 127.607349447980269, 37.339691110322242 ], [ 127.604742601273372, 37.34447757654317 ], [ 127.604273927919039, 37.344886996281502 ], [ 127.603180255144636, 37.34545245065285 ], [ 127.601104365691285, 37.346053667229413 ], [ 127.600543415249305, 37.346086820682899 ], [ 127.600251069577936, 37.346040864439793 ], [ 127.600044424485176, 37.346008372103462 ], [ 127.59892094988119, 37.34594283934949 ], [ 127.597926207331398, 37.346110424062331 ], [ 127.594739213930922, 37.347002014890293 ], [ 127.59124179406929, 37.348597970198632 ], [ 127.591037733765219, 37.348717047726574 ], [ 127.590657908649675, 37.348938693626401 ], [ 127.589278564926602, 37.349744232683534 ], [ 127.583789577997166, 37.35271472944531 ], [ 127.58221431375226, 37.353276038014435 ], [ 127.577699321845685, 37.355487492096039 ], [ 127.57731208290862, 37.355697318650087 ], [ 127.576840471244168, 37.355953341745028 ], [ 127.573821253558421, 37.357593590992408 ], [ 127.57298391687938, 37.357878202014589 ], [ 127.572369963789313, 37.358086878319433 ], [ 127.566916112841923, 37.359943561272388 ], [ 127.562586752472569, 37.361491811313925 ], [ 127.558765864703801, 37.362730925810411 ], [ 127.558123284868813, 37.363192186737514 ], [ 127.557125758563274, 37.363908039895605 ], [ 127.555908172355544, 37.364780713882034 ], [ 127.552213987563221, 37.365918150138206 ], [ 127.548896848035795, 37.366340966393722 ], [ 127.543606587740285, 37.367536246040331 ], [ 127.542268378873189, 37.367847823868217 ], [ 127.541888270072292, 37.368307552775406 ], [ 127.541832424125971, 37.369428672192825 ], [ 127.541963205058664, 37.369768025842184 ], [ 127.542028234602739, 37.369936763939407 ], [ 127.543371669370075, 37.370844418538894 ], [ 127.543410156532815, 37.370864688316303 ], [ 127.544528616418361, 37.371452427081856 ], [ 127.544725268489742, 37.371791941128357 ], [ 127.544852244220323, 37.372011164247127 ], [ 127.544739084517971, 37.374022424646093 ], [ 127.543828762143875, 37.380593864766517 ], [ 127.543463870547598, 37.383214775327502 ], [ 127.543206050912019, 37.383704160194583 ], [ 127.541447543430266, 37.387041874997927 ], [ 127.53963076041606, 37.389935146144879 ], [ 127.539090988866832, 37.391427833622849 ], [ 127.538928857192374, 37.391992453135551 ], [ 127.538957178849586, 37.394842454330515 ], [ 127.538963615776964, 37.395164543279364 ], [ 127.539207942955258, 37.40046197608531 ], [ 127.539281938420757, 37.401525581996061 ], [ 127.53942209885733, 37.403534489409772 ], [ 127.539376706524706, 37.404495602338272 ], [ 127.539250476633129, 37.404849436427142 ], [ 127.538982508565681, 37.405598799026997 ], [ 127.53887688775832, 37.405715319275096 ], [ 127.537541944177832, 37.407187949100326 ], [ 127.536015235976848, 37.408965270671224 ], [ 127.535745528904229, 37.410360328887329 ], [ 127.536550134285207, 37.410992085673463 ], [ 127.536956423924309, 37.411310828932244 ], [ 127.538526126331078, 37.411590036933987 ], [ 127.539333881617182, 37.411733703339607 ], [ 127.539546547447898, 37.41173701257194 ], [ 127.539699016548894, 37.411739214924665 ], [ 127.540167933235409, 37.411661312507661 ], [ 127.54067143092405, 37.411527060080658 ], [ 127.542407140639867, 37.411032944606404 ], [ 127.543952334182194, 37.410020644004931 ], [ 127.546615712984917, 37.409883227025205 ], [ 127.547372084934011, 37.409866025506147 ], [ 127.547475149180912, 37.409880280059042 ], [ 127.548103118674106, 37.409967135632805 ], [ 127.54917467470618, 37.410252883064025 ], [ 127.549698178566345, 37.410507304100726 ], [ 127.550222474575691, 37.410893549327504 ], [ 127.550748267533109, 37.411396970977478 ], [ 127.551029663583762, 37.411846413178807 ], [ 127.551215702036174, 37.412282375321695 ], [ 127.551233440340255, 37.412393913408998 ], [ 127.551100667556952, 37.41266848162784 ], [ 127.551071234217744, 37.412741014867763 ], [ 127.55117355832769, 37.41367041493303 ], [ 127.551454981434631, 37.414126719940157 ], [ 127.554155963247794, 37.417283721829413 ], [ 127.554905502399791, 37.417467032115376 ], [ 127.556133998862038, 37.41775940341801 ], [ 127.556559918928713, 37.417764834037463 ], [ 127.557142629671233, 37.417769060718399 ], [ 127.558541788794159, 37.417686125315775 ], [ 127.560039632642869, 37.417526759338394 ], [ 127.562497386384393, 37.416245273814738 ], [ 127.562721803268985, 37.416019810129342 ], [ 127.563618678703989, 37.415039080765794 ], [ 127.566293040303989, 37.413816242061131 ], [ 127.571163594655502, 37.412913797664544 ], [ 127.571748383941625, 37.411641926190455 ], [ 127.576788220157454, 37.414337198384651 ], [ 127.579634830275793, 37.415930756816465 ], [ 127.581864939894871, 37.416873405801297 ], [ 127.581927116882824, 37.416878766498044 ], [ 127.583024104179458, 37.416972898410535 ], [ 127.583202797767001, 37.416964885718578 ], [ 127.583770398521281, 37.416090147087793 ], [ 127.583921460614306, 37.415121057182795 ], [ 127.583959044326278, 37.414879948461788 ], [ 127.584189375656237, 37.414240809372444 ], [ 127.584460931217976, 37.413991695217426 ], [ 127.585440662794383, 37.414099156788694 ], [ 127.585563580542583, 37.414120475658351 ], [ 127.586490116682768, 37.414634714508352 ], [ 127.588106243261763, 37.416564726306675 ], [ 127.588402006849691, 37.417014068352486 ], [ 127.588507615971665, 37.417321584938222 ], [ 127.588291563396623, 37.418607270588666 ], [ 127.58767822602104, 37.419593677681753 ], [ 127.587482163597372, 37.419850715849279 ], [ 127.59035332496839, 37.422120030069749 ], [ 127.590420595958278, 37.422254058654246 ], [ 127.590557569138696, 37.422794762715007 ], [ 127.591231845697536, 37.421962740880247 ], [ 127.592709961973853, 37.420575721653528 ], [ 127.593538952597655, 37.419804389971112 ], [ 127.594130529771803, 37.420368160872641 ], [ 127.5942852360469, 37.42067475415972 ], [ 127.595669279559289, 37.420710733949335 ], [ 127.596219276186631, 37.420725025123268 ], [ 127.60011535688146, 37.420629398605499 ], [ 127.60897579203872, 37.41724590004155 ], [ 127.609145975305083, 37.416731957055916 ], [ 127.611141633743287, 37.415521123145574 ], [ 127.614464997504641, 37.41474614628244 ], [ 127.616942833987636, 37.414851765129491 ], [ 127.618226317479895, 37.41315827063449 ], [ 127.619077429982482, 37.411401979756953 ], [ 127.619066598110606, 37.411326582140752 ], [ 127.619060290771955, 37.411282564205663 ], [ 127.619048767783127, 37.41114173522557 ], [ 127.619055238033127, 37.411067356768498 ], [ 127.619058478822723, 37.411030179702429 ], [ 127.619177994074221, 37.41068415479635 ], [ 127.620200205994479, 37.409085424055505 ], [ 127.62025516453663, 37.409005370689705 ], [ 127.621157266707513, 37.40914979724613 ], [ 127.621292231049893, 37.409199234767478 ], [ 127.62141157375558, 37.409250888445548 ], [ 127.621850551822433, 37.409440906553932 ], [ 127.621991214202353, 37.409511745175926 ], [ 127.622304341001765, 37.409677050245044 ], [ 127.623072240204664, 37.41023848910875 ], [ 127.623561597732902, 37.41062444529684 ], [ 127.623648858607041, 37.410701332803733 ], [ 127.623693151123518, 37.410740360384722 ], [ 127.623749771715779, 37.410813538240035 ], [ 127.623770359330081, 37.410854088693512 ], [ 127.623800084438983, 37.410912637339948 ], [ 127.623916401772775, 37.411211097516244 ], [ 127.623997881128361, 37.41137213370758 ], [ 127.624066519561467, 37.411479181659146 ], [ 127.624228560887872, 37.41163892526842 ], [ 127.624259065303121, 37.411661933376799 ], [ 127.624350903357197, 37.411731188065666 ], [ 127.626205472112389, 37.413088668151268 ], [ 127.62638811856975, 37.413207290164578 ], [ 127.626503298587721, 37.413271454255842 ], [ 127.626569807411542, 37.413308500973251 ], [ 127.626612220548964, 37.413316776192659 ], [ 127.627050872995227, 37.413399227109032 ], [ 127.632226891256579, 37.41360427144825 ], [ 127.633820282744225, 37.413618252781689 ], [ 127.634050524552279, 37.413614611777447 ], [ 127.634876048170767, 37.41354606944541 ], [ 127.63509283734227, 37.413527794345192 ], [ 127.635272192158922, 37.413506181512474 ], [ 127.635382315742021, 37.413474507188127 ], [ 127.641441235329822, 37.408570895705267 ], [ 127.642236971950837, 37.40761425205784 ], [ 127.642204996142993, 37.407519645613299 ], [ 127.64218855921095, 37.407408119595736 ], [ 127.64218193242948, 37.407268413648438 ], [ 127.642193163438421, 37.406854891999032 ], [ 127.642218299695443, 37.406730278405213 ], [ 127.642256309448697, 37.406636223230763 ], [ 127.642375382942646, 37.406492993907982 ], [ 127.64245292323622, 37.406417409915939 ], [ 127.642716270805025, 37.40619252335884 ], [ 127.642925325391246, 37.406017979041202 ], [ 127.643085603063767, 37.405930656864754 ], [ 127.64490005153317, 37.405001522569385 ], [ 127.6450807114675, 37.404918112630916 ], [ 127.645130067476643, 37.404895328258128 ], [ 127.645195527061432, 37.404867881981218 ], [ 127.645399616626634, 37.404782324536122 ], [ 127.645496690730297, 37.404754731946369 ], [ 127.645666412169689, 37.40470650553516 ], [ 127.645945987106899, 37.404642659419942 ], [ 127.646023589007967, 37.404624940717042 ], [ 127.646238234551419, 37.404605503071416 ] ] ] ] } },
{ "type": "Feature", "properties": { "OBJECTID": 1640, "adm_nm": "경기도 여주시 북내면", "adm_cd": "3128037", "adm_cd2": "4167036000", "sgg": "41670", "sido": "41", "sidonm": "경기도", "sggnm": "여주시" }, "geometry": { "type": "MultiPolygon", "coordinates": [ [ [ [ 127.707793482230073, 37.410668658755249 ], [ 127.709553449524847, 37.408129297494156 ], [ 127.710372693284341, 37.406621412616353 ], [ 127.710403262601318, 37.406584198857615 ], [ 127.710522139750466, 37.406524248335337 ], [ 127.710754983505041, 37.406450596445779 ], [ 127.710885979535007, 37.406419148104447 ], [ 127.710991410881917, 37.406393838565577 ], [ 127.711612588302856, 37.406291323260014 ], [ 127.712280338615543, 37.40617632711681 ], [ 127.712359382744168, 37.406158157586617 ], [ 127.712477894774608, 37.406111748977565 ], [ 127.713536054624768, 37.40544278582292 ], [ 127.713592374275592, 37.405396524452556 ], [ 127.71366331230918, 37.40530552821663 ], [ 127.713687371082742, 37.405274666572979 ], [ 127.715698093646864, 37.401638455153062 ], [ 127.714362225169324, 37.398487180282565 ], [ 127.707675971510739, 37.394258773282374 ], [ 127.704603526105146, 37.392551973367006 ], [ 127.704012745934634, 37.390807702752561 ], [ 127.703908467217815, 37.390365069745542 ], [ 127.703826615930097, 37.390016997996177 ], [ 127.703359191284477, 37.388029182496169 ], [ 127.703357389680704, 37.387884964426846 ], [ 127.703712768969694, 37.38587649179987 ], [ 127.705999901316119, 37.383204576526218 ], [ 127.705230041944532, 37.382734599887876 ], [ 127.704389075328095, 37.382221375559133 ], [ 127.703343146064597, 37.381042366512581 ], [ 127.702940229230705, 37.380587859992239 ], [ 127.70145501552571, 37.376153256468633 ], [ 127.701310684582225, 37.373877493346427 ], [ 127.702691832560134, 37.372851215670025 ], [ 127.707292045024843, 37.370153550967643 ], [ 127.707423172037224, 37.370093604325518 ], [ 127.70748367973745, 37.370087621165943 ], [ 127.707527612464006, 37.370083280538338 ], [ 127.707700546253761, 37.370079596786567 ], [ 127.707972434037515, 37.370108233752916 ], [ 127.708067824321674, 37.370161202625226 ], [ 127.708755476419768, 37.370718849552645 ], [ 127.708924167873818, 37.370968685979953 ], [ 127.711022045954806, 37.37172888515606 ], [ 127.712867888217303, 37.371133764306599 ], [ 127.714125100575501, 37.370728404679213 ], [ 127.716468575367557, 37.369977116186895 ], [ 127.717132542319007, 37.370380395555436 ], [ 127.717485175898261, 37.370623220688785 ], [ 127.717780412958589, 37.370826516571945 ], [ 127.718018870483178, 37.370988376074209 ], [ 127.718107120270119, 37.371030979562754 ], [ 127.718282931710618, 37.371082448783909 ], [ 127.719208771341499, 37.371195699057296 ], [ 127.719354890262508, 37.371194301420218 ], [ 127.719538990474604, 37.371150017339453 ], [ 127.719816945818948, 37.371080713712061 ], [ 127.720627636400877, 37.368318770928092 ], [ 127.721983316811418, 37.364316445207507 ], [ 127.723854461171825, 37.359414904653171 ], [ 127.725099948840224, 37.357690892948746 ], [ 127.726772668163505, 37.357016164983186 ], [ 127.728695642826949, 37.355325742883828 ], [ 127.72912375230753, 37.354306347188469 ], [ 127.729148442344936, 37.354070811998767 ], [ 127.729587870069494, 37.35167790358382 ], [ 127.731281139052271, 37.346944572964347 ], [ 127.733625427826695, 37.34492761739395 ], [ 127.734692407253362, 37.344039891382522 ], [ 127.735802520789122, 37.343866420116264 ], [ 127.735889978946517, 37.343853851672016 ], [ 127.737938767658463, 37.342628367308954 ], [ 127.738188696131829, 37.342447586652199 ], [ 127.738506135294429, 37.342199065228236 ], [ 127.739100036680824, 37.341684074849375 ], [ 127.739208992163739, 37.34155202648877 ], [ 127.739260734621695, 37.341403192704675 ], [ 127.739534809400823, 37.340609415898946 ], [ 127.739636641890925, 37.339348391774891 ], [ 127.739945262292025, 37.334559134626126 ], [ 127.739920752110734, 37.334394680680923 ], [ 127.739660758868283, 37.333170443987342 ], [ 127.739518663740228, 37.332652342277498 ], [ 127.739455509116141, 37.332521858675612 ], [ 127.738937152283043, 37.331695881067503 ], [ 127.738907547350507, 37.331657559650104 ], [ 127.738840839585947, 37.331581148261591 ], [ 127.738109481301251, 37.330991084905918 ], [ 127.738029612610205, 37.330942795874044 ], [ 127.737093978789218, 37.330001594613016 ], [ 127.736197636937646, 37.328760594906669 ], [ 127.736070210790373, 37.328575144675099 ], [ 127.735346000982091, 37.324649694893374 ], [ 127.735018576408706, 37.321881784298974 ], [ 127.735745319431572, 37.31992110003236 ], [ 127.736276949579135, 37.319618068816276 ], [ 127.736530599368066, 37.319634260363479 ], [ 127.736910529523186, 37.319658495924578 ], [ 127.736986130182231, 37.319638369690594 ], [ 127.737081093290755, 37.319613084709061 ], [ 127.737210660100871, 37.319318745842551 ], [ 127.737287458616422, 37.319076288618461 ], [ 127.737598147339227, 37.318043625064128 ], [ 127.737597276706381, 37.317962442904459 ], [ 127.737545911501911, 37.317809367904353 ], [ 127.73739655822007, 37.317642910020297 ], [ 127.735951814199879, 37.316306172439255 ], [ 127.735840953673929, 37.316212806336573 ], [ 127.73576390005401, 37.316156621931611 ], [ 127.735560218152912, 37.316089550199635 ], [ 127.735364954250613, 37.316025587403104 ], [ 127.735173744127579, 37.316005686220642 ], [ 127.734511601536624, 37.316070097766236 ], [ 127.732127925589737, 37.316677604011041 ], [ 127.728303128101956, 37.315895325707459 ], [ 127.728241694294923, 37.315863769268084 ], [ 127.727782517416003, 37.315634798823233 ], [ 127.725415548053846, 37.31452611083516 ], [ 127.725019725438074, 37.314487428206412 ], [ 127.724685319774892, 37.314464402038141 ], [ 127.724481478194875, 37.31446366215134 ], [ 127.714938378556141, 37.315309535286765 ], [ 127.712629103707698, 37.31558187164098 ], [ 127.712484636248249, 37.315630581019008 ], [ 127.712369852468299, 37.315696138075211 ], [ 127.711875529112802, 37.315995610657545 ], [ 127.711721314879469, 37.316090532950994 ], [ 127.711242718793216, 37.316466593149528 ], [ 127.711157575112409, 37.31654223678084 ], [ 127.711024017268727, 37.31670359903616 ], [ 127.710910191607411, 37.316862672487169 ], [ 127.710830034436313, 37.316954081368898 ], [ 127.710693475712603, 37.317055731302126 ], [ 127.710576520589001, 37.3171088963202 ], [ 127.710367886385924, 37.31716109749803 ], [ 127.710130277057459, 37.317199828868688 ], [ 127.709736760727964, 37.317229822265524 ], [ 127.7095892809362, 37.317207548742751 ], [ 127.709337962143636, 37.31713362867842 ], [ 127.708718600929942, 37.316865431557424 ], [ 127.708419276272849, 37.316649381410322 ], [ 127.707845024136191, 37.316234867216131 ], [ 127.707376639550191, 37.315454857068978 ], [ 127.706465460624358, 37.314222677130594 ], [ 127.705469487208447, 37.312908398483437 ], [ 127.703308912713922, 37.312344220470706 ], [ 127.702137737675059, 37.312222285105449 ], [ 127.701644072586404, 37.312246788897902 ], [ 127.701427281504962, 37.31214913151269 ], [ 127.699423436733312, 37.310277625646279 ], [ 127.698836496397661, 37.309430175902307 ], [ 127.69760027387639, 37.305993426016833 ], [ 127.697437331745334, 37.303283878960563 ], [ 127.697070728046555, 37.302522810894914 ], [ 127.695307886030079, 37.30171818191566 ], [ 127.692942369318203, 37.298519519651776 ], [ 127.692898653561627, 37.298424953332216 ], [ 127.692851955175954, 37.298364185195389 ], [ 127.692769194187647, 37.298267419935776 ], [ 127.692703446991558, 37.298201049036315 ], [ 127.692384090221381, 37.297962698587725 ], [ 127.692134703110256, 37.297787331435885 ], [ 127.690469163049855, 37.296719615351691 ], [ 127.690392350982606, 37.296684710673631 ], [ 127.690325852127785, 37.29665449465093 ], [ 127.69018890794473, 37.296599495240912 ], [ 127.690045654262107, 37.296561425014005 ], [ 127.689909492109592, 37.296534601676392 ], [ 127.689709855446424, 37.296513513666788 ], [ 127.688904397941243, 37.296453957691924 ], [ 127.688204198030789, 37.296469720862518 ], [ 127.68816625580412, 37.296475144498409 ], [ 127.688100567462882, 37.296484533295583 ], [ 127.687997630850745, 37.296492584062158 ], [ 127.687739577042194, 37.296509894852782 ], [ 127.687223467934786, 37.29654451474876 ], [ 127.687034505842533, 37.29655495421644 ], [ 127.686892037094481, 37.296546165301542 ], [ 127.686805280475596, 37.2965361615517 ], [ 127.686698125663099, 37.296522124617987 ], [ 127.686626805770189, 37.296512781447561 ], [ 127.686359425865021, 37.296463625943112 ], [ 127.686325454843555, 37.296455224327829 ], [ 127.68620560228085, 37.296425558693251 ], [ 127.680886609808368, 37.295067668447516 ], [ 127.679914706357465, 37.294665170781585 ], [ 127.679838983104176, 37.294615510726643 ], [ 127.67977416468517, 37.294572991151377 ], [ 127.679613020699577, 37.294418871581904 ], [ 127.679571901761435, 37.294326540790088 ], [ 127.679556558600822, 37.294080185243068 ], [ 127.67959167446601, 37.293745109751178 ], [ 127.679327541048053, 37.293926357510337 ], [ 127.678118868752193, 37.294755773139585 ], [ 127.677716174939206, 37.295036938235562 ], [ 127.676840230810328, 37.295890070173513 ], [ 127.676554204718272, 37.296307393147501 ], [ 127.676411642499914, 37.296562250270313 ], [ 127.676254483802481, 37.296906141860497 ], [ 127.67597196696849, 37.297622045722299 ], [ 127.675909915791394, 37.297798973918347 ], [ 127.675876693257408, 37.297893733013929 ], [ 127.675849447376891, 37.298006448049406 ], [ 127.675815303356657, 37.299697743534061 ], [ 127.675946578653139, 37.300043459211942 ], [ 127.676496877620764, 37.300745728754592 ], [ 127.676852600158398, 37.301173360811966 ], [ 127.676967283550454, 37.301360229034202 ], [ 127.677012734878858, 37.301495370443988 ], [ 127.6770355662469, 37.301608010775062 ], [ 127.676240086315758, 37.306451945219791 ], [ 127.676177461931957, 37.306815976727009 ], [ 127.676131305255225, 37.306983930256266 ], [ 127.675616337965295, 37.308449462299656 ], [ 127.67558269355537, 37.308539651701828 ], [ 127.675539227342782, 37.308652390531797 ], [ 127.675127754451168, 37.309441720538047 ], [ 127.673728490135389, 37.311919237570599 ], [ 127.67139849345044, 37.313031350085197 ], [ 127.669901612140308, 37.313588992787466 ], [ 127.668627631735404, 37.315106283676393 ], [ 127.667711273998506, 37.316648969279633 ], [ 127.665483436547547, 37.318453766080054 ], [ 127.6637714091395, 37.319733872936787 ], [ 127.662505038651602, 37.320303496540163 ], [ 127.658894318744373, 37.324086318084142 ], [ 127.657448181225845, 37.325808829216541 ], [ 127.657261870644916, 37.326111043424717 ], [ 127.657224694073349, 37.326215879688057 ], [ 127.656987378014037, 37.327437581265869 ], [ 127.65698344121482, 37.32747082081724 ], [ 127.656976985569045, 37.327525480787088 ], [ 127.657008324473068, 37.327674168905794 ], [ 127.657175721425773, 37.328103234635101 ], [ 127.657197621407363, 37.328144800277386 ], [ 127.658363380477354, 37.329612609218792 ], [ 127.65892588339392, 37.330070158638364 ], [ 127.65914211477606, 37.333227271077668 ], [ 127.659102725619178, 37.334472568870055 ], [ 127.659296168047007, 37.336686151611886 ], [ 127.660051098991303, 37.338598956169676 ], [ 127.660787720122414, 37.338672826859856 ], [ 127.660833591267718, 37.33867952493862 ], [ 127.661784366580022, 37.338846112572682 ], [ 127.66181967441679, 37.33885958514071 ], [ 127.661879039588229, 37.338904573445852 ], [ 127.664118393383063, 37.341427634046241 ], [ 127.664977834419602, 37.342725566764116 ], [ 127.664850031587633, 37.342688562590013 ], [ 127.664603756362951, 37.342678764863606 ], [ 127.664368096575217, 37.342685852933869 ], [ 127.66424399222231, 37.342724334355879 ], [ 127.664013441203423, 37.342812539702045 ], [ 127.66386964160516, 37.342879216462158 ], [ 127.663782369878774, 37.342946292539992 ], [ 127.663696349096284, 37.343012411348923 ], [ 127.663206301418555, 37.343503219023937 ], [ 127.66170498837505, 37.345262990140213 ], [ 127.661448533312736, 37.346758484677636 ], [ 127.661639834907788, 37.347786968871127 ], [ 127.663435976135958, 37.349849808178888 ], [ 127.663658052219787, 37.350075975051872 ], [ 127.663679483271224, 37.350196506126686 ], [ 127.663780232257167, 37.350767621676646 ], [ 127.663843522914433, 37.351304771473153 ], [ 127.663878723152095, 37.351603523053107 ], [ 127.663794133752589, 37.352296582479383 ], [ 127.663501040267676, 37.352845708024539 ], [ 127.662414783832034, 37.35308945247855 ], [ 127.660321128193317, 37.354175100937049 ], [ 127.659163932594964, 37.355152208755491 ], [ 127.655884470588973, 37.358378117395489 ], [ 127.655578921013699, 37.358742454829759 ], [ 127.654297022581503, 37.360350856716778 ], [ 127.653671735161581, 37.361408547057707 ], [ 127.653367437529113, 37.362399340880344 ], [ 127.652639618024267, 37.369992208247112 ], [ 127.653792393635598, 37.372113477832158 ], [ 127.65516783882218, 37.376745926913294 ], [ 127.656663818732639, 37.378836293408852 ], [ 127.656722112794412, 37.378949935717557 ], [ 127.65692892206431, 37.379353111154884 ], [ 127.657022199601826, 37.379732695435919 ], [ 127.657102673711393, 37.380071734342117 ], [ 127.657128327653254, 37.380499857696158 ], [ 127.656781010737006, 37.383243905691579 ], [ 127.656229268189378, 37.383410265100636 ], [ 127.654693567908907, 37.384025220201991 ], [ 127.654100019739772, 37.384465424085057 ], [ 127.65328746771138, 37.385535746157203 ], [ 127.653091251380062, 37.385907820938549 ], [ 127.653043773489472, 37.386169283531942 ], [ 127.65310655372248, 37.386439095327539 ], [ 127.652801022873135, 37.387965595129934 ], [ 127.651792369184989, 37.388867207985427 ], [ 127.651659861212778, 37.388919157935135 ], [ 127.651556755827698, 37.388908022835942 ], [ 127.650487255168898, 37.38863559364259 ], [ 127.649973554291492, 37.388434561821541 ], [ 127.649897764980494, 37.388434657914615 ], [ 127.649801991872408, 37.388434779275649 ], [ 127.648737896913232, 37.388669372401992 ], [ 127.648473186709893, 37.388780107327577 ], [ 127.648186496161827, 37.38912299241332 ], [ 127.645848015826616, 37.395293608599381 ], [ 127.645841096038822, 37.39540268163978 ], [ 127.645837880721871, 37.395525726936327 ], [ 127.645965390309073, 37.399587835801128 ], [ 127.646334127633281, 37.402715883323687 ], [ 127.646238234551419, 37.404605503071416 ], [ 127.646348422647307, 37.404616652020991 ], [ 127.64654767450223, 37.404670488057342 ], [ 127.646840358213154, 37.404781715832726 ], [ 127.647024725029254, 37.40486256589201 ], [ 127.647287704416073, 37.405001952556816 ], [ 127.652069663003886, 37.407590747110646 ], [ 127.652132383748409, 37.407638924504383 ], [ 127.652163350683438, 37.407675464456169 ], [ 127.652190670618467, 37.40770777080558 ], [ 127.653025963832931, 37.409015946874788 ], [ 127.653068528167864, 37.409109409923545 ], [ 127.65308214486798, 37.409204037163761 ], [ 127.653079464355727, 37.409275024285641 ], [ 127.6530633665528, 37.409349408951215 ], [ 127.652958749865448, 37.409648126354355 ], [ 127.652887831816741, 37.409787120681806 ], [ 127.652829316634438, 37.409901806751868 ], [ 127.652789864930355, 37.410027951732694 ], [ 127.652754937624493, 37.410139641737921 ], [ 127.652746049016457, 37.410230881846772 ], [ 127.65275669673575, 37.410276955626493 ], [ 127.652763751178114, 37.410306385567658 ], [ 127.652803440949057, 37.410398609402819 ], [ 127.653763978674831, 37.412124748608107 ], [ 127.654128166277829, 37.412694396745486 ], [ 127.657521310144332, 37.416506137215599 ], [ 127.658423178438127, 37.417471660524335 ], [ 127.658472579375044, 37.417489671458412 ], [ 127.658538301910426, 37.41747150619878 ], [ 127.660178237568729, 37.41574991618122 ], [ 127.660646701401831, 37.415734434844858 ], [ 127.660955783369843, 37.415710551568282 ], [ 127.661161976226964, 37.415688862928036 ], [ 127.661400634429455, 37.415655862378266 ], [ 127.6616731534655, 37.415603660751017 ], [ 127.662066058368751, 37.415519637111245 ], [ 127.6621609861526, 37.415499334089958 ], [ 127.662381740280381, 37.415425848159643 ], [ 127.665230834539727, 37.41434131882307 ], [ 127.666639296643169, 37.413123607266549 ], [ 127.667270616048398, 37.412447808231441 ], [ 127.668441063495877, 37.411891798352315 ], [ 127.671217633906053, 37.412311458126169 ], [ 127.676280597072619, 37.412798649272005 ], [ 127.684445445698984, 37.412655493467213 ], [ 127.684771715220322, 37.412644843499777 ], [ 127.685148652341553, 37.41255862282226 ], [ 127.685690678412826, 37.412401158186746 ], [ 127.686094327515093, 37.412265316700733 ], [ 127.686192263982548, 37.412228070767384 ], [ 127.686314475289123, 37.412181592436902 ], [ 127.68658750565686, 37.412060602438039 ], [ 127.686732104672487, 37.411988263836612 ], [ 127.686834358673536, 37.411923879047173 ], [ 127.686897593931732, 37.411873554270343 ], [ 127.68694640912264, 37.411834677238922 ], [ 127.687285456518879, 37.411558106876619 ], [ 127.687419114814816, 37.411344944301412 ], [ 127.68747392196309, 37.411229936097222 ], [ 127.68722793722506, 37.410581328489378 ], [ 127.686659678166507, 37.405888545971493 ], [ 127.686156885204156, 37.401660703094606 ], [ 127.686135287433927, 37.400676141121977 ], [ 127.686247826966095, 37.399524071503564 ], [ 127.686392375632039, 37.399435959106505 ], [ 127.686818254365178, 37.399467962058623 ], [ 127.687002006804931, 37.399529641523451 ], [ 127.691509685430816, 37.401606869178337 ], [ 127.694914554588522, 37.403410826166862 ], [ 127.694947066328751, 37.403434451821354 ], [ 127.695005818463201, 37.403477152463395 ], [ 127.696269561344366, 37.404440675566832 ], [ 127.69629555229065, 37.404462200637816 ], [ 127.696513746813849, 37.404643069629145 ], [ 127.696627690113672, 37.404739778529866 ], [ 127.697493683073588, 37.405619433925182 ], [ 127.697590116953535, 37.40576800045524 ], [ 127.697661124923997, 37.40591548268651 ], [ 127.697694701618644, 37.406064154188165 ], [ 127.697711878511399, 37.40615088325378 ], [ 127.697745974791957, 37.406226316774642 ], [ 127.697776247951495, 37.406270136284078 ], [ 127.697794180476706, 37.40629609305968 ], [ 127.697834819602988, 37.406332986137578 ], [ 127.697874183106805, 37.406370323012055 ], [ 127.697998002905436, 37.406519788900319 ], [ 127.698152286368838, 37.406690681674874 ], [ 127.698170734949528, 37.406713423207059 ], [ 127.698286478845347, 37.406856377232621 ], [ 127.698365171713078, 37.406973424565798 ], [ 127.698448923935786, 37.407132152151597 ], [ 127.698565159498955, 37.407289698400348 ], [ 127.698607660380205, 37.407338076159171 ], [ 127.698699488359424, 37.407407449772606 ], [ 127.69874489564144, 37.407424603321346 ], [ 127.698807814215954, 37.407447032026745 ], [ 127.698880611561123, 37.407470570806154 ], [ 127.69900851124676, 37.407496270255002 ], [ 127.699326336395714, 37.407505875390449 ], [ 127.699595374947194, 37.407496407728459 ], [ 127.699768381299236, 37.407487101749496 ], [ 127.699946000420042, 37.407457939343153 ], [ 127.700080394950376, 37.407435871569575 ], [ 127.702279877286855, 37.408076615252433 ], [ 127.70328738687175, 37.408574467660507 ], [ 127.703319487659655, 37.408615659572384 ], [ 127.703380412173047, 37.408685411670739 ], [ 127.703441373329809, 37.408724796211004 ], [ 127.705414218284048, 37.409928052161717 ], [ 127.705482109740331, 37.409961735897177 ], [ 127.707077754074803, 37.410569464850617 ], [ 127.707171075650649, 37.410594260542062 ], [ 127.707306727883704, 37.410613177064846 ], [ 127.707793482230073, 37.410668658755249 ] ] ] ] } },
{ "type": "Feature", "properties": { "OBJECTID": 1641, "adm_nm": "경기도 여주시 강천면", "adm_cd": "3128038", "adm_cd2": "4167037000", "sgg": "41670", "sido": "41", "sidonm": "경기도", "sggnm": "여주시" }, "geometry": { "type": "MultiPolygon", "coordinates": [ [ [ [ 127.759484782416237, 37.367043940374877 ], [ 127.761172925472195, 37.363787841118061 ], [ 127.760715332827402, 37.363011249154994 ], [ 127.760605767224391, 37.362809755200416 ], [ 127.759293012092954, 37.359856763993363 ], [ 127.75962906521616, 37.355452348981949 ], [ 127.759827830580292, 37.354475611963828 ], [ 127.758709464547266, 37.351099653077874 ], [ 127.758331031152323, 37.350436143419039 ], [ 127.757808102957043, 37.346361624060009 ], [ 127.757802174288344, 37.346314041905067 ], [ 127.757789517828684, 37.346212334358029 ], [ 127.757792196205614, 37.345991819328738 ], [ 127.757811294503554, 37.345796212614019 ], [ 127.757816619224542, 37.3457417923401 ], [ 127.758454105542796, 37.342882887734781 ], [ 127.759003652810904, 37.341529663790212 ], [ 127.759021221589762, 37.341493787023474 ], [ 127.759047297782857, 37.341477175930684 ], [ 127.759117241942675, 37.341459209520593 ], [ 127.759244946845129, 37.341450009611272 ], [ 127.759511741560203, 37.341430783973507 ], [ 127.759621444009653, 37.341422591236842 ], [ 127.759677034427042, 37.341417433175089 ], [ 127.759931022712649, 37.34139383772785 ], [ 127.759964454190765, 37.341387804290932 ], [ 127.760054045786205, 37.341371596028409 ], [ 127.760693862592007, 37.340715531982617 ], [ 127.76136212871377, 37.33655907057333 ], [ 127.761569562412006, 37.333690298350035 ], [ 127.760361762539048, 37.329123546260647 ], [ 127.760373319207275, 37.329099735843997 ], [ 127.762827779239558, 37.323244434029611 ], [ 127.762888432908639, 37.323046813500305 ], [ 127.762899333483446, 37.322411030837188 ], [ 127.76283848407337, 37.322244740338498 ], [ 127.76278765668134, 37.322166044586083 ], [ 127.762668691131353, 37.321981875949014 ], [ 127.762418667217077, 37.32169183293032 ], [ 127.762365672937904, 37.321604830063265 ], [ 127.762277094280705, 37.321459376900805 ], [ 127.762247710367006, 37.321293961880428 ], [ 127.762175948350844, 37.320833387257018 ], [ 127.762186911795297, 37.320782940024472 ], [ 127.765462092895589, 37.313348162869374 ], [ 127.766338687203998, 37.312028631116583 ], [ 127.766580767227708, 37.311671164229601 ], [ 127.766886042743693, 37.311264845758096 ], [ 127.767205277570355, 37.310985003655333 ], [ 127.767231317381203, 37.310966691649639 ], [ 127.767267543681726, 37.310941217600892 ], [ 127.767566697677296, 37.310730868584962 ], [ 127.767716492682666, 37.310545884864936 ], [ 127.7678025734117, 37.310361305653075 ], [ 127.768479559061987, 37.308498636453614 ], [ 127.768556002237389, 37.308263386844409 ], [ 127.768563873526986, 37.308116236350948 ], [ 127.768570068075405, 37.307830488708625 ], [ 127.768483402524836, 37.307659151992809 ], [ 127.767932749007201, 37.306959104106966 ], [ 127.767356892974789, 37.306105401243933 ], [ 127.767237216264519, 37.305721621939561 ], [ 127.767267119222737, 37.305380036147071 ], [ 127.767598985790258, 37.303391185283068 ], [ 127.76768239764084, 37.302892278721863 ], [ 127.768074784786407, 37.302483438500467 ], [ 127.767153883572391, 37.301797317121014 ], [ 127.766535353281597, 37.301523689976314 ], [ 127.765665344531328, 37.301407114527009 ], [ 127.762742636992485, 37.301909872020516 ], [ 127.762665750551534, 37.301927945279317 ], [ 127.76259557584622, 37.301951922152121 ], [ 127.762552480257497, 37.301999082269575 ], [ 127.76249161258086, 37.302065678894927 ], [ 127.762388126380301, 37.302117746661644 ], [ 127.762175452958047, 37.302146784063176 ], [ 127.762026269849315, 37.302126760058002 ], [ 127.7619225205177, 37.302112831509021 ], [ 127.75965298081573, 37.301240981126817 ], [ 127.759384319256668, 37.30112013255809 ], [ 127.757631730791971, 37.300058361531875 ], [ 127.757504714687173, 37.299976744432371 ], [ 127.755541934739398, 37.298424390492478 ], [ 127.75544229206146, 37.2983374127421 ], [ 127.7549977754053, 37.297928686304502 ], [ 127.754765176520991, 37.297692290641088 ], [ 127.755213209275155, 37.297201867780927 ], [ 127.755893694627176, 37.296454455112681 ], [ 127.755958558957488, 37.296343917358755 ], [ 127.755981790505416, 37.296304320196597 ], [ 127.756041073888696, 37.296121823450257 ], [ 127.756504100361326, 37.294685881257379 ], [ 127.756334270638618, 37.293665344633048 ], [ 127.756222303438079, 37.293551624499031 ], [ 127.756128889007272, 37.293456746549978 ], [ 127.755564587764752, 37.292393359171641 ], [ 127.753796451739305, 37.289008901588893 ], [ 127.753819366312328, 37.288665355461845 ], [ 127.753846844601412, 37.288253441207303 ], [ 127.754989880849578, 37.285249559960825 ], [ 127.755783307268786, 37.282840537843846 ], [ 127.755737065708516, 37.282766815106484 ], [ 127.755699544003761, 37.282706999203867 ], [ 127.75529784939188, 37.282066645384418 ], [ 127.7547030199528, 37.278519249620096 ], [ 127.75529123157115, 37.272101855270691 ], [ 127.755333444456937, 37.27186845870856 ], [ 127.75676639879886, 37.266444724987728 ], [ 127.757323884171058, 37.264820470829193 ], [ 127.75767594589226, 37.263782329556825 ], [ 127.758158203768957, 37.259450304946448 ], [ 127.758178193333052, 37.259260106316866 ], [ 127.758307786680163, 37.258026511376571 ], [ 127.755494542674143, 37.25367995372325 ], [ 127.755304962079677, 37.253423047554229 ], [ 127.754758762974433, 37.252682874937207 ], [ 127.754216364342071, 37.251963450823858 ], [ 127.753668429471944, 37.251236673328584 ], [ 127.752636212692067, 37.250474849705881 ], [ 127.751383839682276, 37.249550487524083 ], [ 127.750121008750895, 37.248618329649666 ], [ 127.748858373314107, 37.247479673328996 ], [ 127.747645814155661, 37.243474821626009 ], [ 127.747446583980832, 37.242100902140585 ], [ 127.747091235533901, 37.239650166898485 ], [ 127.747046462580727, 37.239062211233339 ], [ 127.747001360527904, 37.238469921324622 ], [ 127.746746192299568, 37.235118733408676 ], [ 127.746719786280892, 37.2347718944633 ], [ 127.746779912470174, 37.233759903303735 ], [ 127.746803109481334, 37.233369606942873 ], [ 127.746886560871175, 37.231965354606835 ], [ 127.746897546947324, 37.231780467884938 ], [ 127.746397332701235, 37.229632359584109 ], [ 127.744616050653789, 37.228725463656332 ], [ 127.743364838543741, 37.2282348911382 ], [ 127.743146628109926, 37.228149336178603 ], [ 127.741298497404458, 37.227893961724682 ], [ 127.741000892058139, 37.227891908540315 ], [ 127.739404645470401, 37.227880903728909 ], [ 127.737447583442631, 37.227931040623083 ], [ 127.732794028128751, 37.228327865621836 ], [ 127.732705250151312, 37.22835189129659 ], [ 127.731159275097141, 37.228770521120701 ], [ 127.729763531928484, 37.229223940155045 ], [ 127.729504788566132, 37.229362591333498 ], [ 127.729303499336822, 37.229470464885942 ], [ 127.728829396465656, 37.229724902313151 ], [ 127.727037678414916, 37.230422433223836 ], [ 127.726322041775092, 37.23049028164214 ], [ 127.725764545404104, 37.23043050079302 ], [ 127.724596845657729, 37.230247382904068 ], [ 127.723365091173818, 37.230054206452898 ], [ 127.723195725784294, 37.230027528644257 ], [ 127.723124729286411, 37.230016349775084 ], [ 127.721165298964806, 37.229760870825011 ], [ 127.718744585121243, 37.229572691016173 ], [ 127.71586425550889, 37.229539666145179 ], [ 127.713912638874248, 37.229618979415207 ], [ 127.711859302385477, 37.229702390693973 ], [ 127.711018143527568, 37.229615797973068 ], [ 127.710234820814122, 37.229535145058193 ], [ 127.707317070637146, 37.228954374314604 ], [ 127.706640977466805, 37.228787605814034 ], [ 127.705203408020694, 37.228432986065165 ], [ 127.703880371057849, 37.228212172863834 ], [ 127.703246385341259, 37.228129774258029 ], [ 127.70284503805982, 37.228077612855607 ], [ 127.701603639385453, 37.228085361788693 ], [ 127.697902212935148, 37.2287169600285 ], [ 127.697103513879128, 37.228891100619656 ], [ 127.695980572277151, 37.229135929290834 ], [ 127.694814489921342, 37.229396998533026 ], [ 127.692613719147502, 37.230605111691773 ], [ 127.692559613552163, 37.230658161810425 ], [ 127.690636680745385, 37.232554221481813 ], [ 127.689017356117276, 37.234738219645017 ], [ 127.688846497584734, 37.235237735844137 ], [ 127.688099578052032, 37.237421362813507 ], [ 127.686612615395461, 37.240774689274936 ], [ 127.686349629766909, 37.24129003098431 ], [ 127.685313094413459, 37.243317564791091 ], [ 127.684808776087834, 37.244444540714248 ], [ 127.684662691058179, 37.24477096884825 ], [ 127.682996133984545, 37.247707626686342 ], [ 127.682575311130719, 37.249420943601613 ], [ 127.681717349262243, 37.26090416171413 ], [ 127.681701416558951, 37.261154045777168 ], [ 127.682254881871842, 37.266025144370744 ], [ 127.682270800518424, 37.266066935865602 ], [ 127.683014104599692, 37.267955351098117 ], [ 127.684329772556438, 37.270389345312644 ], [ 127.685060973853737, 37.272736866183955 ], [ 127.685137633458567, 37.272983026862768 ], [ 127.685469724262376, 37.275016254600153 ], [ 127.685097621235229, 37.276795974550033 ], [ 127.682605807608525, 37.283072455266471 ], [ 127.681184470249434, 37.286367132046166 ], [ 127.679971262350278, 37.288430335775999 ], [ 127.677471424948408, 37.292921301264016 ], [ 127.67959167446601, 37.293745109751178 ], [ 127.679556558600822, 37.294080185243068 ], [ 127.679571901761435, 37.294326540790088 ], [ 127.679613020699577, 37.294418871581904 ], [ 127.67977416468517, 37.294572991151377 ], [ 127.679838983104176, 37.294615510726643 ], [ 127.679914706357465, 37.294665170781585 ], [ 127.680886609808368, 37.295067668447516 ], [ 127.68620560228085, 37.296425558693251 ], [ 127.686325454843555, 37.296455224327829 ], [ 127.686359425865021, 37.296463625943112 ], [ 127.686626805770189, 37.296512781447561 ], [ 127.686698125663099, 37.296522124617987 ], [ 127.686805280475596, 37.2965361615517 ], [ 127.686892037094481, 37.296546165301542 ], [ 127.687034505842533, 37.29655495421644 ], [ 127.687223467934786, 37.29654451474876 ], [ 127.687739577042194, 37.296509894852782 ], [ 127.687997630850745, 37.296492584062158 ], [ 127.688100567462882, 37.296484533295583 ], [ 127.68816625580412, 37.296475144498409 ], [ 127.688204198030789, 37.296469720862518 ], [ 127.688904397941243, 37.296453957691924 ], [ 127.689709855446424, 37.296513513666788 ], [ 127.689909492109592, 37.296534601676392 ], [ 127.690045654262107, 37.296561425014005 ], [ 127.69018890794473, 37.296599495240912 ], [ 127.690325852127785, 37.29665449465093 ], [ 127.690392350982606, 37.296684710673631 ], [ 127.690469163049855, 37.296719615351691 ], [ 127.692134703110256, 37.297787331435885 ], [ 127.692384090221381, 37.297962698587725 ], [ 127.692703446991558, 37.298201049036315 ], [ 127.692769194187647, 37.298267419935776 ], [ 127.692851955175954, 37.298364185195389 ], [ 127.692898653561627, 37.298424953332216 ], [ 127.692942369318203, 37.298519519651776 ], [ 127.695307886030079, 37.30171818191566 ], [ 127.697070728046555, 37.302522810894914 ], [ 127.697437331745334, 37.303283878960563 ], [ 127.69760027387639, 37.305993426016833 ], [ 127.698836496397661, 37.309430175902307 ], [ 127.699423436733312, 37.310277625646279 ], [ 127.701427281504962, 37.31214913151269 ], [ 127.701644072586404, 37.312246788897902 ], [ 127.702137737675059, 37.312222285105449 ], [ 127.703308912713922, 37.312344220470706 ], [ 127.705469487208447, 37.312908398483437 ], [ 127.706465460624358, 37.314222677130594 ], [ 127.707376639550191, 37.315454857068978 ], [ 127.707845024136191, 37.316234867216131 ], [ 127.708419276272849, 37.316649381410322 ], [ 127.708718600929942, 37.316865431557424 ], [ 127.709337962143636, 37.31713362867842 ], [ 127.7095892809362, 37.317207548742751 ], [ 127.709736760727964, 37.317229822265524 ], [ 127.710130277057459, 37.317199828868688 ], [ 127.710367886385924, 37.31716109749803 ], [ 127.710576520589001, 37.3171088963202 ], [ 127.710693475712603, 37.317055731302126 ], [ 127.710830034436313, 37.316954081368898 ], [ 127.710910191607411, 37.316862672487169 ], [ 127.711024017268727, 37.31670359903616 ], [ 127.711157575112409, 37.31654223678084 ], [ 127.711242718793216, 37.316466593149528 ], [ 127.711721314879469, 37.316090532950994 ], [ 127.711875529112802, 37.315995610657545 ], [ 127.712369852468299, 37.315696138075211 ], [ 127.712484636248249, 37.315630581019008 ], [ 127.712629103707698, 37.31558187164098 ], [ 127.714938378556141, 37.315309535286765 ], [ 127.724481478194875, 37.31446366215134 ], [ 127.724685319774892, 37.314464402038141 ], [ 127.725019725438074, 37.314487428206412 ], [ 127.725415548053846, 37.31452611083516 ], [ 127.727782517416003, 37.315634798823233 ], [ 127.728241694294923, 37.315863769268084 ], [ 127.728303128101956, 37.315895325707459 ], [ 127.732127925589737, 37.316677604011041 ], [ 127.734511601536624, 37.316070097766236 ], [ 127.735173744127579, 37.316005686220642 ], [ 127.735364954250613, 37.316025587403104 ], [ 127.735560218152912, 37.316089550199635 ], [ 127.73576390005401, 37.316156621931611 ], [ 127.735840953673929, 37.316212806336573 ], [ 127.735951814199879, 37.316306172439255 ], [ 127.73739655822007, 37.317642910020297 ], [ 127.737545911501911, 37.317809367904353 ], [ 127.737597276706381, 37.317962442904459 ], [ 127.737598147339227, 37.318043625064128 ], [ 127.737287458616422, 37.319076288618461 ], [ 127.737210660100871, 37.319318745842551 ], [ 127.737081093290755, 37.319613084709061 ], [ 127.736986130182231, 37.319638369690594 ], [ 127.736910529523186, 37.319658495924578 ], [ 127.736530599368066, 37.319634260363479 ], [ 127.736276949579135, 37.319618068816276 ], [ 127.735745319431572, 37.31992110003236 ], [ 127.735018576408706, 37.321881784298974 ], [ 127.735346000982091, 37.324649694893374 ], [ 127.736070210790373, 37.328575144675099 ], [ 127.736197636937646, 37.328760594906669 ], [ 127.737093978789218, 37.330001594613016 ], [ 127.738029612610205, 37.330942795874044 ], [ 127.738109481301251, 37.330991084905918 ], [ 127.738840839585947, 37.331581148261591 ], [ 127.738907547350507, 37.331657559650104 ], [ 127.738937152283043, 37.331695881067503 ], [ 127.739455509116141, 37.332521858675612 ], [ 127.739518663740228, 37.332652342277498 ], [ 127.739660758868283, 37.333170443987342 ], [ 127.739920752110734, 37.334394680680923 ], [ 127.739945262292025, 37.334559134626126 ], [ 127.739636641890925, 37.339348391774891 ], [ 127.739534809400823, 37.340609415898946 ], [ 127.739260734621695, 37.341403192704675 ], [ 127.739208992163739, 37.34155202648877 ], [ 127.739100036680824, 37.341684074849375 ], [ 127.738506135294429, 37.342199065228236 ], [ 127.738188696131829, 37.342447586652199 ], [ 127.737938767658463, 37.342628367308954 ], [ 127.735889978946517, 37.343853851672016 ], [ 127.735802520789122, 37.343866420116264 ], [ 127.734692407253362, 37.344039891382522 ], [ 127.733625427826695, 37.34492761739395 ], [ 127.731281139052271, 37.346944572964347 ], [ 127.729587870069494, 37.35167790358382 ], [ 127.729148442344936, 37.354070811998767 ], [ 127.72912375230753, 37.354306347188469 ], [ 127.728695642826949, 37.355325742883828 ], [ 127.726772668163505, 37.357016164983186 ], [ 127.725099948840224, 37.357690892948746 ], [ 127.723854461171825, 37.359414904653171 ], [ 127.721983316811418, 37.364316445207507 ], [ 127.720627636400877, 37.368318770928092 ], [ 127.719816945818948, 37.371080713712061 ], [ 127.720558347943935, 37.371411776719228 ], [ 127.722925657905833, 37.371577474771129 ], [ 127.723002551161201, 37.371559302125725 ], [ 127.723443944317182, 37.371393966394074 ], [ 127.723471588022605, 37.371378426577486 ], [ 127.723498892551532, 37.371356680461574 ], [ 127.723523845831252, 37.371309498106172 ], [ 127.723566409447102, 37.371273174789366 ], [ 127.723643928880719, 37.371230212468468 ], [ 127.723769678041904, 37.371203820950939 ], [ 127.723914160334715, 37.371191392337899 ], [ 127.724007227069251, 37.371213430731068 ], [ 127.724455275738421, 37.371338725548995 ], [ 127.724506185383717, 37.371358152912201 ], [ 127.725525579745991, 37.371863242267374 ], [ 127.725684709483403, 37.371963217743236 ], [ 127.725847370025789, 37.372076691702546 ], [ 127.727542864218606, 37.37344359014137 ], [ 127.727621466266697, 37.373532417223679 ], [ 127.728206269703449, 37.374335780052036 ], [ 127.72823762146858, 37.374473063429825 ], [ 127.728275084710205, 37.374647940738129 ], [ 127.728276838188549, 37.374794222950747 ], [ 127.73204698626715, 37.375666861898445 ], [ 127.73866615946821, 37.371396976191512 ], [ 127.739725833685029, 37.370950829252124 ], [ 127.745779088449666, 37.368895642941489 ], [ 127.749201042915701, 37.368880595494815 ], [ 127.752409833403931, 37.369231694932367 ], [ 127.753605478815459, 37.3684250483483 ], [ 127.754473871254078, 37.36806375613471 ], [ 127.759484782416237, 37.367043940374877 ] ] ] ] } },
{ "type": "Feature", "properties": { "OBJECTID": 1642, "adm_nm": "경기도 여주시 여흥동", "adm_cd": "3128051", "adm_cd2": "4167051000", "sgg": "41670", "sido": "41", "sidonm": "경기도", "sggnm": "여주시" }, "geometry": { "type": "MultiPolygon", "coordinates": [ [ [ [ 127.677471424948408, 37.292921301264016 ], [ 127.679971262350278, 37.288430335775999 ], [ 127.681184470249434, 37.286367132046166 ], [ 127.682605807608525, 37.283072455266471 ], [ 127.685097621235229, 37.276795974550033 ], [ 127.685469724262376, 37.275016254600153 ], [ 127.685137633458567, 37.272983026862768 ], [ 127.685060973853737, 37.272736866183955 ], [ 127.684329772556438, 37.270389345312644 ], [ 127.683014104599692, 37.267955351098117 ], [ 127.682270800518424, 37.266066935865602 ], [ 127.682254881871842, 37.266025144370744 ], [ 127.681701416558951, 37.261154045777168 ], [ 127.681717349262243, 37.26090416171413 ], [ 127.682575311130719, 37.249420943601613 ], [ 127.682996133984545, 37.247707626686342 ], [ 127.684662691058179, 37.24477096884825 ], [ 127.684808776087834, 37.244444540714248 ], [ 127.685313094413459, 37.243317564791091 ], [ 127.682996828152156, 37.242832614552817 ], [ 127.680573983248706, 37.242686015625019 ], [ 127.67954536109464, 37.24277546664581 ], [ 127.678270242780371, 37.242629788067582 ], [ 127.67819589829142, 37.242616324807464 ], [ 127.677745737387241, 37.242534802244542 ], [ 127.677483337417527, 37.242424773719804 ], [ 127.67520063451083, 37.242012399954419 ], [ 127.672740458193857, 37.242252633010679 ], [ 127.672399552159774, 37.242321861933135 ], [ 127.671946674192114, 37.242420548172504 ], [ 127.671904437115003, 37.242439764348703 ], [ 127.671850353062311, 37.242470202166025 ], [ 127.669670624953923, 37.241191159755729 ], [ 127.667215531737554, 37.238624519849992 ], [ 127.666282214025813, 37.237496823434064 ], [ 127.666187525026814, 37.237374139815657 ], [ 127.666174085733232, 37.237343069189322 ], [ 127.666156363052465, 37.237302071079505 ], [ 127.666133565188034, 37.237188300582694 ], [ 127.666127656182681, 37.23706436557319 ], [ 127.666152755667198, 37.236942640573986 ], [ 127.666193602339632, 37.236835162723807 ], [ 127.666204553803396, 37.236806347437351 ], [ 127.666303567705128, 37.236629190349888 ], [ 127.666326103147213, 37.236592687819382 ], [ 127.66639063135824, 37.236488223384775 ], [ 127.666585831793043, 37.236176963919249 ], [ 127.666715015113084, 37.235964951729883 ], [ 127.667166381094304, 37.235195866815559 ], [ 127.667363490237165, 37.234792209183041 ], [ 127.667394588976492, 37.234519489863189 ], [ 127.667385028735154, 37.234335841861515 ], [ 127.667369998498472, 37.234237835176877 ], [ 127.667318082236804, 37.234010303457787 ], [ 127.667274160000375, 37.233905577023855 ], [ 127.665587441540637, 37.231370488110734 ], [ 127.656671040604252, 37.226609668170468 ], [ 127.651925864785028, 37.224775851620024 ], [ 127.65106739502292, 37.224233851429588 ], [ 127.649762521756045, 37.223408529809532 ], [ 127.649703074497822, 37.223357927799505 ], [ 127.649132237637488, 37.222871797393012 ], [ 127.648529521557194, 37.222323822492669 ], [ 127.648149557145629, 37.221838664640067 ], [ 127.648150416480931, 37.221805455681469 ], [ 127.648151528583981, 37.221763169224317 ], [ 127.648458549644047, 37.218818559010664 ], [ 127.648794212320254, 37.217201235556928 ], [ 127.648826366185062, 37.217090896044226 ], [ 127.648944317387773, 37.216511468937192 ], [ 127.649065700977047, 37.215907372076948 ], [ 127.649073313271657, 37.215840883564638 ], [ 127.649017099257108, 37.215812041596976 ], [ 127.648810345262589, 37.215728538070294 ], [ 127.648628357056566, 37.21560932983531 ], [ 127.648569616431715, 37.215553462066197 ], [ 127.648427225537858, 37.215418032561786 ], [ 127.648367976531915, 37.215378670132566 ], [ 127.648308767288668, 37.215359589333701 ], [ 127.648275282321293, 37.215354177728329 ], [ 127.648232665096941, 37.215347290216862 ], [ 127.648148134063291, 37.215347395971982 ], [ 127.647990336196628, 37.215344212943357 ], [ 127.647893806978615, 37.215329685604935 ], [ 127.647718960161001, 37.215253283990414 ], [ 127.647555404292703, 37.215159844034275 ], [ 127.647465763512528, 37.215098106364145 ], [ 127.64731263675705, 37.214952295621501 ], [ 127.647215234847479, 37.214859544504527 ], [ 127.647054434460287, 37.21476058920706 ], [ 127.646892289005478, 37.214694311450089 ], [ 127.646748537283415, 37.214668574109389 ], [ 127.646365296331268, 37.214649893335327 ], [ 127.645102194274642, 37.214613137467225 ], [ 127.644806788781452, 37.21460142909747 ], [ 127.644495648251052, 37.214589090171941 ], [ 127.643994884677056, 37.214568408691861 ], [ 127.643674230202393, 37.214555159735909 ], [ 127.642711506976994, 37.214297168310082 ], [ 127.642270176728985, 37.214102769386976 ], [ 127.642215897134918, 37.213851091596396 ], [ 127.642342617760406, 37.212917328623661 ], [ 127.641954254706363, 37.212415258703899 ], [ 127.641653146642824, 37.212242097768531 ], [ 127.641158521870423, 37.212166007098155 ], [ 127.638461157040695, 37.21243291897752 ], [ 127.633546843741385, 37.214590672748265 ], [ 127.632273568143404, 37.215171257106391 ], [ 127.631028347081156, 37.215683055220531 ], [ 127.630412211073647, 37.215835857045157 ], [ 127.629018759514565, 37.215785551987196 ], [ 127.628277019675679, 37.215804385779606 ], [ 127.627015863168623, 37.216087435315877 ], [ 127.626624586567985, 37.216245844276564 ], [ 127.626242916023813, 37.216400374657688 ], [ 127.624956352268697, 37.217095824100937 ], [ 127.620632835796116, 37.21997467463315 ], [ 127.619317480964213, 37.221698824533327 ], [ 127.618668793928208, 37.22493891273421 ], [ 127.618529974055448, 37.225815671123733 ], [ 127.618530688611784, 37.225890505303425 ], [ 127.618532492877577, 37.226078203688118 ], [ 127.61856808321086, 37.226217093062928 ], [ 127.618588498339392, 37.226296739059947 ], [ 127.618645204785011, 37.226516400454685 ], [ 127.61864783701192, 37.226851045502308 ], [ 127.618578894829469, 37.227362663496649 ], [ 127.617884375275693, 37.22927321429917 ], [ 127.616563195528514, 37.232505362178635 ], [ 127.616353444210503, 37.232991906358201 ], [ 127.615955795960687, 37.233293357271378 ], [ 127.615847357778378, 37.233375504945101 ], [ 127.615633716976731, 37.233392664691976 ], [ 127.615315751679034, 37.233415527924954 ], [ 127.614958804693941, 37.233288479109255 ], [ 127.612247450076936, 37.233236995547074 ], [ 127.609537169464758, 37.233434462589706 ], [ 127.609446164933132, 37.234335953610177 ], [ 127.60977708353947, 37.234648886187131 ], [ 127.610045806478666, 37.235330263417126 ], [ 127.610264383226081, 37.235907022537504 ], [ 127.610401026555579, 37.237802104041066 ], [ 127.61026195127387, 37.238107584981471 ], [ 127.610111213351104, 37.238264646536308 ], [ 127.607267312257406, 37.237108373539776 ], [ 127.605480377631366, 37.238684333413396 ], [ 127.604069843380515, 37.24034529530455 ], [ 127.603744546242609, 37.24104191588038 ], [ 127.603632794973194, 37.241258351126426 ], [ 127.603391023428557, 37.241722786432277 ], [ 127.603256756450449, 37.241957269069957 ], [ 127.602930520097587, 37.242496143868991 ], [ 127.602791261422226, 37.242693447308085 ], [ 127.602582156505719, 37.242818719390065 ], [ 127.604881884606414, 37.244098932517971 ], [ 127.607605242006187, 37.245383245118489 ], [ 127.608469926784252, 37.245881609291693 ], [ 127.611921256164607, 37.248505992626548 ], [ 127.612838282636631, 37.249566526170547 ], [ 127.612989400870106, 37.249764686539585 ], [ 127.613027040239061, 37.249957330318864 ], [ 127.61310778612976, 37.250703165312402 ], [ 127.613103062269545, 37.250839507221698 ], [ 127.613030077283909, 37.25104689989135 ], [ 127.612965981663592, 37.251215519140629 ], [ 127.612972663920402, 37.251299347863451 ], [ 127.613055079488319, 37.251743210753972 ], [ 127.613121083609144, 37.252055258887374 ], [ 127.613753001609851, 37.252816339896 ], [ 127.614122796538481, 37.25314274298556 ], [ 127.615587179041441, 37.253968360549877 ], [ 127.616058375101019, 37.254228179965999 ], [ 127.616220188135244, 37.254297330182467 ], [ 127.616487168999058, 37.254411419902496 ], [ 127.61694262111574, 37.254578820431426 ], [ 127.617558965851629, 37.254742753220448 ], [ 127.618066532709264, 37.254816613992709 ], [ 127.618243428469853, 37.254815310716289 ], [ 127.618529693520372, 37.254891643803106 ], [ 127.619075505023574, 37.255081517666525 ], [ 127.624418897486237, 37.257847838622645 ], [ 127.624298841973911, 37.258562326632081 ], [ 127.624171141803686, 37.258928664592773 ], [ 127.624105837436176, 37.259115854393244 ], [ 127.623848270031459, 37.259740256336038 ], [ 127.623690031168181, 37.25995788517676 ], [ 127.62343454717427, 37.260183502493547 ], [ 127.623331191148608, 37.260344735939931 ], [ 127.623285013033922, 37.260491433240794 ], [ 127.623242143413009, 37.260627643763137 ], [ 127.622973145226084, 37.263385088289077 ], [ 127.622986268844912, 37.263427733519478 ], [ 127.623042429932255, 37.263512339374117 ], [ 127.623780641649233, 37.263642273209406 ], [ 127.623889143258481, 37.263653418236409 ], [ 127.624321930504664, 37.263607903478515 ], [ 127.624453026919397, 37.26355348330511 ], [ 127.624640316848769, 37.263475738650286 ], [ 127.624860122201341, 37.263405648373286 ], [ 127.62562185446572, 37.263259491485464 ], [ 127.625966424235614, 37.263194900472385 ], [ 127.626121481646919, 37.263186848128605 ], [ 127.626198022821171, 37.263205047006068 ], [ 127.626258282343727, 37.263219378154233 ], [ 127.62639732844687, 37.263327398062863 ], [ 127.628623622927464, 37.265581884859081 ], [ 127.630177830167355, 37.266759895721123 ], [ 127.633635024445283, 37.267748712364202 ], [ 127.635223767559026, 37.268063525650817 ], [ 127.635347874294936, 37.268073934736435 ], [ 127.635555128780695, 37.268091315505274 ], [ 127.635926500375163, 37.268077742767552 ], [ 127.636032314125629, 37.268070486640745 ], [ 127.636883284178737, 37.267755142050198 ], [ 127.638018341975709, 37.267382052028488 ], [ 127.643506984706818, 37.269409257024869 ], [ 127.643741199951691, 37.269502493252766 ], [ 127.643942463939695, 37.269655315640897 ], [ 127.644075244854989, 37.269820957841276 ], [ 127.644865388255198, 37.271249840893866 ], [ 127.645000520410136, 37.271500940941813 ], [ 127.644671910227089, 37.272578625013665 ], [ 127.64554339326186, 37.277392052859092 ], [ 127.645542646327542, 37.277528462623728 ], [ 127.645542276068952, 37.277583980297649 ], [ 127.645495588182669, 37.277831544062444 ], [ 127.645371334086121, 37.278105496909021 ], [ 127.645164924561129, 37.278555323337784 ], [ 127.645035554376321, 37.278739142104214 ], [ 127.644934239495967, 37.278847425140661 ], [ 127.637385266766927, 37.278331586869314 ], [ 127.637345560024897, 37.278538738570333 ], [ 127.637220636031188, 37.278951481168953 ], [ 127.637177364715896, 37.279094421207667 ], [ 127.636807505588479, 37.280023290883719 ], [ 127.635070161528759, 37.28396891698371 ], [ 127.632979478702381, 37.285396612154919 ], [ 127.632848471686458, 37.285475631653689 ], [ 127.632757200671563, 37.285516855866206 ], [ 127.632698415358163, 37.285543404878318 ], [ 127.632343979637483, 37.285672241998817 ], [ 127.6321065168666, 37.28575476890812 ], [ 127.631920548430969, 37.285854130175096 ], [ 127.631763472461174, 37.285947825248378 ], [ 127.631668403751377, 37.28601215569595 ], [ 127.631648101773507, 37.286034154378136 ], [ 127.631620548316164, 37.286064039345085 ], [ 127.631579003907262, 37.28613617399413 ], [ 127.631862364509686, 37.286859254532487 ], [ 127.63187298978589, 37.286884031157037 ], [ 127.634209033112853, 37.29095240496536 ], [ 127.635734447322065, 37.294385408925869 ], [ 127.635869890540761, 37.296534608225585 ], [ 127.636694828797843, 37.298802925066802 ], [ 127.637503188016524, 37.300447028469527 ], [ 127.6437526223487, 37.298117388945691 ], [ 127.644880173938688, 37.297718272748128 ], [ 127.645589115773888, 37.297467265192196 ], [ 127.645827306999976, 37.297382466002738 ], [ 127.647817963732848, 37.296614935970794 ], [ 127.64790252164542, 37.296582154696232 ], [ 127.649712668230293, 37.295842382883215 ], [ 127.649744381148111, 37.295829425745445 ], [ 127.651464374873441, 37.295314463915204 ], [ 127.65384882787589, 37.294600515185472 ], [ 127.654319959879643, 37.294640464726712 ], [ 127.654642228848729, 37.294668207361532 ], [ 127.659231629097135, 37.295065502754746 ], [ 127.662084350574247, 37.295865000595228 ], [ 127.664552730435915, 37.297206951788446 ], [ 127.664651520036045, 37.297220357884356 ], [ 127.667702186081584, 37.297634052264264 ], [ 127.670051746129275, 37.297569855534832 ], [ 127.672877127711871, 37.297424919175739 ], [ 127.674897121163198, 37.2963470360217 ], [ 127.677471424948408, 37.292921301264016 ] ] ] ] } },
{ "type": "Feature", "properties": { "OBJECTID": 1643, "adm_nm": "경기도 여주시 중앙동", "adm_cd": "3128052", "adm_cd2": "4167052000", "sgg": "41670", "sido": "41", "sidonm": "경기도", "sggnm": "여주시" }, "geometry": { "type": "MultiPolygon", "coordinates": [ [ [ [ 127.637503188016524, 37.300447028469527 ], [ 127.636694828797843, 37.298802925066802 ], [ 127.635869890540761, 37.296534608225585 ], [ 127.635734447322065, 37.294385408925869 ], [ 127.634209033112853, 37.29095240496536 ], [ 127.63187298978589, 37.286884031157037 ], [ 127.631862364509686, 37.286859254532487 ], [ 127.631579003907262, 37.28613617399413 ], [ 127.631620548316164, 37.286064039345085 ], [ 127.631648101773507, 37.286034154378136 ], [ 127.631668403751377, 37.28601215569595 ], [ 127.631763472461174, 37.285947825248378 ], [ 127.631920548430969, 37.285854130175096 ], [ 127.6321065168666, 37.28575476890812 ], [ 127.632343979637483, 37.285672241998817 ], [ 127.632698415358163, 37.285543404878318 ], [ 127.632757200671563, 37.285516855866206 ], [ 127.632848471686458, 37.285475631653689 ], [ 127.632979478702381, 37.285396612154919 ], [ 127.635070161528759, 37.28396891698371 ], [ 127.636807505588479, 37.280023290883719 ], [ 127.637177364715896, 37.279094421207667 ], [ 127.637220636031188, 37.278951481168953 ], [ 127.637345560024897, 37.278538738570333 ], [ 127.637385266766927, 37.278331586869314 ], [ 127.644934239495967, 37.278847425140661 ], [ 127.645035554376321, 37.278739142104214 ], [ 127.645164924561129, 37.278555323337784 ], [ 127.645371334086121, 37.278105496909021 ], [ 127.645495588182669, 37.277831544062444 ], [ 127.645542276068952, 37.277583980297649 ], [ 127.645542646327542, 37.277528462623728 ], [ 127.64554339326186, 37.277392052859092 ], [ 127.644671910227089, 37.272578625013665 ], [ 127.645000520410136, 37.271500940941813 ], [ 127.644865388255198, 37.271249840893866 ], [ 127.644075244854989, 37.269820957841276 ], [ 127.643942463939695, 37.269655315640897 ], [ 127.643741199951691, 37.269502493252766 ], [ 127.643506984706818, 37.269409257024869 ], [ 127.638018341975709, 37.267382052028488 ], [ 127.636883284178737, 37.267755142050198 ], [ 127.636032314125629, 37.268070486640745 ], [ 127.635926500375163, 37.268077742767552 ], [ 127.635555128780695, 37.268091315505274 ], [ 127.635347874294936, 37.268073934736435 ], [ 127.635223767559026, 37.268063525650817 ], [ 127.633635024445283, 37.267748712364202 ], [ 127.630177830167355, 37.266759895721123 ], [ 127.628623622927464, 37.265581884859081 ], [ 127.62639732844687, 37.263327398062863 ], [ 127.626258282343727, 37.263219378154233 ], [ 127.626198022821171, 37.263205047006068 ], [ 127.626121481646919, 37.263186848128605 ], [ 127.625966424235614, 37.263194900472385 ], [ 127.62562185446572, 37.263259491485464 ], [ 127.624860122201341, 37.263405648373286 ], [ 127.624640316848769, 37.263475738650286 ], [ 127.624453026919397, 37.26355348330511 ], [ 127.624321930504664, 37.263607903478515 ], [ 127.623889143258481, 37.263653418236409 ], [ 127.623780641649233, 37.263642273209406 ], [ 127.623042429932255, 37.263512339374117 ], [ 127.622986268844912, 37.263427733519478 ], [ 127.622973145226084, 37.263385088289077 ], [ 127.623242143413009, 37.260627643763137 ], [ 127.623285013033922, 37.260491433240794 ], [ 127.623331191148608, 37.260344735939931 ], [ 127.62343454717427, 37.260183502493547 ], [ 127.623690031168181, 37.25995788517676 ], [ 127.623848270031459, 37.259740256336038 ], [ 127.624105837436176, 37.259115854393244 ], [ 127.624171141803686, 37.258928664592773 ], [ 127.624298841973911, 37.258562326632081 ], [ 127.624418897486237, 37.257847838622645 ], [ 127.619075505023574, 37.255081517666525 ], [ 127.618529693520372, 37.254891643803106 ], [ 127.618243428469853, 37.254815310716289 ], [ 127.618066532709264, 37.254816613992709 ], [ 127.617558965851629, 37.254742753220448 ], [ 127.61694262111574, 37.254578820431426 ], [ 127.616487168999058, 37.254411419902496 ], [ 127.616220188135244, 37.254297330182467 ], [ 127.616058375101019, 37.254228179965999 ], [ 127.615587179041441, 37.253968360549877 ], [ 127.614122796538481, 37.25314274298556 ], [ 127.613753001609851, 37.252816339896 ], [ 127.613121083609144, 37.252055258887374 ], [ 127.613055079488319, 37.251743210753972 ], [ 127.612972663920402, 37.251299347863451 ], [ 127.612965981663592, 37.251215519140629 ], [ 127.613030077283909, 37.25104689989135 ], [ 127.613103062269545, 37.250839507221698 ], [ 127.61310778612976, 37.250703165312402 ], [ 127.613027040239061, 37.249957330318864 ], [ 127.612989400870106, 37.249764686539585 ], [ 127.612838282636631, 37.249566526170547 ], [ 127.611921256164607, 37.248505992626548 ], [ 127.608469926784252, 37.245881609291693 ], [ 127.607605242006187, 37.245383245118489 ], [ 127.604881884606414, 37.244098932517971 ], [ 127.602582156505719, 37.242818719390065 ], [ 127.602197934324536, 37.243231423009021 ], [ 127.602151518208444, 37.243301321985193 ], [ 127.602148864822865, 37.24342301401601 ], [ 127.602254588965124, 37.243955878739321 ], [ 127.603005216190084, 37.244568183826601 ], [ 127.603189324250081, 37.244705487843859 ], [ 127.603659651596871, 37.244914653786402 ], [ 127.604165458574215, 37.245815615106629 ], [ 127.604208865353002, 37.246124308156062 ], [ 127.604090413015726, 37.246588635925853 ], [ 127.602775218939982, 37.249611789277324 ], [ 127.602562653498808, 37.249759533504353 ], [ 127.60107260284741, 37.25065433191925 ], [ 127.600179350922758, 37.250999887199754 ], [ 127.59917175831022, 37.251102134351981 ], [ 127.599002609451475, 37.251058431591595 ], [ 127.599225082792856, 37.251463777256667 ], [ 127.599495578946915, 37.252433686552187 ], [ 127.5995426219596, 37.25283589859356 ], [ 127.599458535937885, 37.253094095316982 ], [ 127.599382579569891, 37.253327298227873 ], [ 127.599326345687729, 37.25362945095506 ], [ 127.599247514514772, 37.254053041688181 ], [ 127.599195017584194, 37.254367955062548 ], [ 127.59916429348273, 37.25455226379578 ], [ 127.599161070418617, 37.254992629282377 ], [ 127.599158918858137, 37.255286912357107 ], [ 127.59927136186468, 37.255628039990505 ], [ 127.599969058853802, 37.256604533881756 ], [ 127.600601157029573, 37.257571880422759 ], [ 127.600690208750095, 37.257755465653354 ], [ 127.600746839762849, 37.257948083420658 ], [ 127.601320507821569, 37.261583637265574 ], [ 127.601367550855372, 37.26197345366274 ], [ 127.601358767772041, 37.262252896000888 ], [ 127.601256074964638, 37.262415236340431 ], [ 127.601104024516374, 37.262565224460303 ], [ 127.600728681272116, 37.262833711648049 ], [ 127.600482031018089, 37.263017843406232 ], [ 127.600293503920867, 37.26315858599196 ], [ 127.600106928861976, 37.263317616080165 ], [ 127.599841211196676, 37.263866569181104 ], [ 127.599806385108863, 37.264183216123676 ], [ 127.599835523196603, 37.266170413799493 ], [ 127.60051255589093, 37.267274427905804 ], [ 127.600542231020412, 37.267326233314982 ], [ 127.60088525087329, 37.268183399959376 ], [ 127.600880458870066, 37.26828593848731 ], [ 127.600709986180675, 37.269433117181727 ], [ 127.600006609257463, 37.270079342248771 ], [ 127.599317771092757, 37.270529496082467 ], [ 127.599094661740992, 37.270796723194238 ], [ 127.598872321186803, 37.271119160061325 ], [ 127.598780683832572, 37.271253031549335 ], [ 127.598728785884944, 37.271328855645024 ], [ 127.598023104568284, 37.272943040220262 ], [ 127.597956430727322, 37.273712576332812 ], [ 127.597974206242441, 37.275461279102572 ], [ 127.598283330812066, 37.27897648426304 ], [ 127.598348931439872, 37.27954431180936 ], [ 127.598726598385866, 37.279915824926455 ], [ 127.599213937663677, 37.280035979722115 ], [ 127.599322443807424, 37.280078326639362 ], [ 127.599522187303066, 37.280156283208655 ], [ 127.599635181078071, 37.280375701564743 ], [ 127.599637003357302, 37.280611393556498 ], [ 127.598005806508979, 37.284609335494409 ], [ 127.59779401906377, 37.284935790126248 ], [ 127.597718660484816, 37.2850447621135 ], [ 127.597434104696163, 37.285243040384415 ], [ 127.596938556680357, 37.285342601150276 ], [ 127.597108478350677, 37.286758550718147 ], [ 127.599134432400191, 37.289297924174619 ], [ 127.599497727361992, 37.289423815139081 ], [ 127.600947653217005, 37.289576951949087 ], [ 127.601794171815897, 37.289579751442375 ], [ 127.602302198066496, 37.289581422724517 ], [ 127.603710289795032, 37.289563296133217 ], [ 127.605620163329633, 37.289349778693996 ], [ 127.608812144157227, 37.288318167254488 ], [ 127.613674349248967, 37.288640353752662 ], [ 127.614039644989717, 37.288672678972155 ], [ 127.614287877520283, 37.288694974516517 ], [ 127.614341367885487, 37.288704747199461 ], [ 127.614631355890296, 37.288757740269766 ], [ 127.615420685967464, 37.288957534372955 ], [ 127.616787786536989, 37.289340413565874 ], [ 127.616921435705137, 37.289379591605901 ], [ 127.617117217717791, 37.289436989293577 ], [ 127.617292421145294, 37.28950627756501 ], [ 127.617321829657499, 37.289517912513993 ], [ 127.617483526705328, 37.2896183608052 ], [ 127.61754570445369, 37.28974078558317 ], [ 127.617568352417166, 37.289794846987363 ], [ 127.617556040664596, 37.290039364396954 ], [ 127.617454667751844, 37.290145379326624 ], [ 127.617314270346554, 37.29030967219083 ], [ 127.617230135227402, 37.29040813324751 ], [ 127.617187290743914, 37.29051296411415 ], [ 127.617181138174573, 37.290641419444555 ], [ 127.617234379776022, 37.290867842105271 ], [ 127.618126841267951, 37.292074828154391 ], [ 127.618174519569649, 37.292132885573551 ], [ 127.618303463465224, 37.292289861406708 ], [ 127.61855340228648, 37.292492425852814 ], [ 127.618762321732532, 37.29261728536467 ], [ 127.620755269122483, 37.293625961135433 ], [ 127.621230967885666, 37.293832820657727 ], [ 127.621838384047791, 37.294056395274517 ], [ 127.622024984295933, 37.294121437188515 ], [ 127.622141454122868, 37.294083620608632 ], [ 127.622166058795443, 37.294019208385265 ], [ 127.622189665387509, 37.293929971794817 ], [ 127.622363160598553, 37.293798365181473 ], [ 127.622590772058004, 37.29384841862889 ], [ 127.623615559650503, 37.294559636234347 ], [ 127.626211804918086, 37.297036696079005 ], [ 127.621019023061905, 37.299713547304925 ], [ 127.618365129747616, 37.301045745297088 ], [ 127.61816691506624, 37.30146621949887 ], [ 127.617863357044129, 37.302171864912196 ], [ 127.617780150103485, 37.303531929401217 ], [ 127.617969331563671, 37.304099620549813 ], [ 127.618045947377809, 37.304385737409817 ], [ 127.61818145210583, 37.304893764178395 ], [ 127.618329004923226, 37.305895292934537 ], [ 127.6182085390477, 37.308234535018215 ], [ 127.618144743474744, 37.308932053424272 ], [ 127.617937777112189, 37.309183523812678 ], [ 127.61776889250892, 37.309880019844812 ], [ 127.618359219258082, 37.313472616488347 ], [ 127.618432006638457, 37.31363559694487 ], [ 127.618477387040869, 37.313737188271773 ], [ 127.619157081037841, 37.315251215461771 ], [ 127.619306303788804, 37.31558430880316 ], [ 127.619504252057197, 37.31686475591345 ], [ 127.619956274718461, 37.319788654770456 ], [ 127.62173971989327, 37.319466838643422 ], [ 127.624655196277999, 37.3173364849536 ], [ 127.625830974322668, 37.316476691522958 ], [ 127.626870333388609, 37.313728507700716 ], [ 127.627922898558353, 37.310944393088718 ], [ 127.628009206354193, 37.310715751064421 ], [ 127.628379057998032, 37.309737300716009 ], [ 127.629405810830036, 37.307021711490648 ], [ 127.636115482182348, 37.300997453203138 ], [ 127.637503188016524, 37.300447028469527 ] ] ] ] } },
{ "type": "Feature", "properties": { "OBJECTID": 1644, "adm_nm": "경기도 여주시 오학동", "adm_cd": "3128053", "adm_cd2": "4167053000", "sgg": "41670", "sido": "41", "sidonm": "경기도", "sggnm": "여주시" }, "geometry": { "type": "MultiPolygon", "coordinates": [ [ [ [ 127.661448533312736, 37.346758484677636 ], [ 127.66170498837505, 37.345262990140213 ], [ 127.663206301418555, 37.343503219023937 ], [ 127.663696349096284, 37.343012411348923 ], [ 127.663782369878774, 37.342946292539992 ], [ 127.66386964160516, 37.342879216462158 ], [ 127.664013441203423, 37.342812539702045 ], [ 127.66424399222231, 37.342724334355879 ], [ 127.664368096575217, 37.342685852933869 ], [ 127.664603756362951, 37.342678764863606 ], [ 127.664850031587633, 37.342688562590013 ], [ 127.664977834419602, 37.342725566764116 ], [ 127.664118393383063, 37.341427634046241 ], [ 127.661879039588229, 37.338904573445852 ], [ 127.66181967441679, 37.33885958514071 ], [ 127.661784366580022, 37.338846112572682 ], [ 127.660833591267718, 37.33867952493862 ], [ 127.660787720122414, 37.338672826859856 ], [ 127.660051098991303, 37.338598956169676 ], [ 127.659296168047007, 37.336686151611886 ], [ 127.659102725619178, 37.334472568870055 ], [ 127.65914211477606, 37.333227271077668 ], [ 127.65892588339392, 37.330070158638364 ], [ 127.658363380477354, 37.329612609218792 ], [ 127.657197621407363, 37.328144800277386 ], [ 127.657175721425773, 37.328103234635101 ], [ 127.657008324473068, 37.327674168905794 ], [ 127.656976985569045, 37.327525480787088 ], [ 127.65698344121482, 37.32747082081724 ], [ 127.656987378014037, 37.327437581265869 ], [ 127.657224694073349, 37.326215879688057 ], [ 127.657261870644916, 37.326111043424717 ], [ 127.657448181225845, 37.325808829216541 ], [ 127.658894318744373, 37.324086318084142 ], [ 127.662505038651602, 37.320303496540163 ], [ 127.6637714091395, 37.319733872936787 ], [ 127.665483436547547, 37.318453766080054 ], [ 127.667711273998506, 37.316648969279633 ], [ 127.668627631735404, 37.315106283676393 ], [ 127.669901612140308, 37.313588992787466 ], [ 127.67139849345044, 37.313031350085197 ], [ 127.673728490135389, 37.311919237570599 ], [ 127.675127754451168, 37.309441720538047 ], [ 127.675539227342782, 37.308652390531797 ], [ 127.67558269355537, 37.308539651701828 ], [ 127.675616337965295, 37.308449462299656 ], [ 127.676131305255225, 37.306983930256266 ], [ 127.676177461931957, 37.306815976727009 ], [ 127.676240086315758, 37.306451945219791 ], [ 127.6770355662469, 37.301608010775062 ], [ 127.677012734878858, 37.301495370443988 ], [ 127.676967283550454, 37.301360229034202 ], [ 127.676852600158398, 37.301173360811966 ], [ 127.676496877620764, 37.300745728754592 ], [ 127.675946578653139, 37.300043459211942 ], [ 127.675815303356657, 37.299697743534061 ], [ 127.675849447376891, 37.298006448049406 ], [ 127.675876693257408, 37.297893733013929 ], [ 127.675909915791394, 37.297798973918347 ], [ 127.67597196696849, 37.297622045722299 ], [ 127.676254483802481, 37.296906141860497 ], [ 127.676411642499914, 37.296562250270313 ], [ 127.676554204718272, 37.296307393147501 ], [ 127.676840230810328, 37.295890070173513 ], [ 127.677716174939206, 37.295036938235562 ], [ 127.678118868752193, 37.294755773139585 ], [ 127.679327541048053, 37.293926357510337 ], [ 127.67959167446601, 37.293745109751178 ], [ 127.677471424948408, 37.292921301264016 ], [ 127.674897121163198, 37.2963470360217 ], [ 127.672877127711871, 37.297424919175739 ], [ 127.670051746129275, 37.297569855534832 ], [ 127.667702186081584, 37.297634052264264 ], [ 127.664651520036045, 37.297220357884356 ], [ 127.664552730435915, 37.297206951788446 ], [ 127.662084350574247, 37.295865000595228 ], [ 127.659231629097135, 37.295065502754746 ], [ 127.654642228848729, 37.294668207361532 ], [ 127.654319959879643, 37.294640464726712 ], [ 127.65384882787589, 37.294600515185472 ], [ 127.651464374873441, 37.295314463915204 ], [ 127.649744381148111, 37.295829425745445 ], [ 127.649712668230293, 37.295842382883215 ], [ 127.64790252164542, 37.296582154696232 ], [ 127.647817963732848, 37.296614935970794 ], [ 127.645827306999976, 37.297382466002738 ], [ 127.645589115773888, 37.297467265192196 ], [ 127.644880173938688, 37.297718272748128 ], [ 127.6437526223487, 37.298117388945691 ], [ 127.637503188016524, 37.300447028469527 ], [ 127.636115482182348, 37.300997453203138 ], [ 127.629405810830036, 37.307021711490648 ], [ 127.628379057998032, 37.309737300716009 ], [ 127.628009206354193, 37.310715751064421 ], [ 127.627922898558353, 37.310944393088718 ], [ 127.626870333388609, 37.313728507700716 ], [ 127.625830974322668, 37.316476691522958 ], [ 127.624655196277999, 37.3173364849536 ], [ 127.62173971989327, 37.319466838643422 ], [ 127.619956274718461, 37.319788654770456 ], [ 127.621612177563406, 37.321585289725455 ], [ 127.62172352437959, 37.322112445282066 ], [ 127.621762626321967, 37.322297190679102 ], [ 127.621846343628746, 37.322390057079531 ], [ 127.62223045763298, 37.322816136205645 ], [ 127.622841012777926, 37.323040852238108 ], [ 127.623437290320709, 37.323151779120629 ], [ 127.624511289176851, 37.32322929141214 ], [ 127.625160860693327, 37.323276163615432 ], [ 127.625900016977823, 37.323267267831945 ], [ 127.626597806171759, 37.323258860590464 ], [ 127.627452888583832, 37.323316533209123 ], [ 127.627893967241448, 37.323427604686863 ], [ 127.628093826851696, 37.323614671835145 ], [ 127.628442258050327, 37.323940804818712 ], [ 127.628947173618812, 37.324648462051776 ], [ 127.629044736445664, 37.324785205154569 ], [ 127.630724713086167, 37.32821654000216 ], [ 127.63327374565587, 37.332290241499514 ], [ 127.634909851063071, 37.334269195068508 ], [ 127.638295512739276, 37.337231989500829 ], [ 127.63846507519176, 37.337355732418082 ], [ 127.63893144279244, 37.337352932215275 ], [ 127.639435749185608, 37.337256566169373 ], [ 127.640015879721503, 37.336964055752375 ], [ 127.640546206568217, 37.336827091583864 ], [ 127.642714410950475, 37.336381708515226 ], [ 127.64283419933038, 37.336381543228939 ], [ 127.643352881480851, 37.336430492412113 ], [ 127.643534259108364, 37.336459567713874 ], [ 127.64495163187712, 37.337144023490779 ], [ 127.645343054673006, 37.337421843181374 ], [ 127.645513599418237, 37.337688675058942 ], [ 127.64553692333628, 37.338437927346916 ], [ 127.645681047058034, 37.338855923978606 ], [ 127.645881767111391, 37.339438046112562 ], [ 127.646681198803094, 37.34052886672788 ], [ 127.646849174304279, 37.340725413811981 ], [ 127.647193918877946, 37.341128781164251 ], [ 127.647415079674218, 37.341282868861512 ], [ 127.64744987374246, 37.341299907746418 ], [ 127.647727254959079, 37.341435715790823 ], [ 127.647921289663444, 37.341435473346415 ], [ 127.648270381860527, 37.341340390396162 ], [ 127.648365759139878, 37.341301465980521 ], [ 127.648425489763753, 37.341277098595455 ], [ 127.648749392187625, 37.341295846333935 ], [ 127.651798384131354, 37.343092499948924 ], [ 127.651840999989872, 37.343163097095236 ], [ 127.65203485170376, 37.343484300855145 ], [ 127.652874738625897, 37.346014996423783 ], [ 127.655341829887419, 37.348144694747674 ], [ 127.657303265807883, 37.347317331920443 ], [ 127.659363061906333, 37.346643040202444 ], [ 127.661448533312736, 37.346758484677636 ] ] ] ] } }
]
}
