{
"type": "FeatureCollection",
"name": "uljugun",
"crs": { "type": "name", "properties": { "name": "urn:ogc:def:crs:OGC:1.3:CRS84" } },
"features": [
{ "type": "Feature", "properties": { "OBJECTID": 1131, "adm_nm": "울산광역시 울주군 온산읍", "adm_cd": "2631011", "adm_cd2": "3171025000", "sgg": "31710", "sido": "31", "sidonm": "울산광역시", "sggnm": "울주군" }, "geometry": { "type": "MultiPolygon", "coordinates": [ [ [ [ 129.346505826548707, 35.389417505065268 ], [ 129.345162684326027, 35.390678012758464 ], [ 129.344682078331374, 35.391092299221853 ], [ 129.344265309241763, 35.391386734955013 ], [ 129.343679786732451, 35.39170556714673 ], [ 129.343086008835314, 35.391970552394497 ], [ 129.342435572887069, 35.39221759681763 ], [ 129.341928920630437, 35.392366262392173 ], [ 129.341632521695885, 35.392453224007433 ], [ 129.340877488569589, 35.392640843101425 ], [ 129.340305443864509, 35.392757186212563 ], [ 129.338311643878626, 35.393162627682912 ], [ 129.335781729417789, 35.393684252831449 ], [ 129.333661328772564, 35.394216617432782 ], [ 129.333288190283696, 35.394310298984415 ], [ 129.331543828025957, 35.394772289617535 ], [ 129.329961857545243, 35.395228316567078 ], [ 129.328773556624498, 35.395616441338831 ], [ 129.321244297545718, 35.39812637008815 ], [ 129.320076220936528, 35.398648300379108 ], [ 129.319291795122183, 35.399097474399191 ], [ 129.318452765000501, 35.399580506904279 ], [ 129.317254063635431, 35.400348236607677 ], [ 129.315533745945373, 35.401504350935959 ], [ 129.314764122388169, 35.402063063299728 ], [ 129.313429338558961, 35.402980440579483 ], [ 129.313317428811416, 35.403035729960585 ], [ 129.313030062452015, 35.403159588312988 ], [ 129.312709226351672, 35.40325456742206 ], [ 129.312440202692272, 35.40329471473126 ], [ 129.312210003952515, 35.403320094948299 ], [ 129.31052710046535, 35.403807752569165 ], [ 129.308992728127464, 35.404316654133922 ], [ 129.308639311131998, 35.404451952159263 ], [ 129.308397362611061, 35.404544588872071 ], [ 129.308042880496401, 35.404709146018703 ], [ 129.307829028801393, 35.404902824162932 ], [ 129.307708398886376, 35.405056759616713 ], [ 129.307648400687498, 35.405215467888077 ], [ 129.30762500445303, 35.405438522499971 ], [ 129.307680298613946, 35.405812793665952 ], [ 129.308522182430607, 35.408047205631306 ], [ 129.308668935259334, 35.40838381045846 ], [ 129.308940507505355, 35.408728745143087 ], [ 129.309680670088881, 35.409547898687258 ], [ 129.309856968161739, 35.409686200305707 ], [ 129.310093789568668, 35.409804527822295 ], [ 129.310353281635855, 35.409996322634868 ], [ 129.310596759130391, 35.410268257244859 ], [ 129.311853866781178, 35.411966466991821 ], [ 129.312073318181177, 35.412292964503209 ], [ 129.312231678731024, 35.412642377729213 ], [ 129.31229297725352, 35.412820614850169 ], [ 129.31234254137982, 35.413102953200671 ], [ 129.312701920101858, 35.415288325658189 ], [ 129.312720782016441, 35.415466673973746 ], [ 129.312721952827729, 35.415768936710315 ], [ 129.312624250966621, 35.417153690868666 ], [ 129.312588889756285, 35.417416415356001 ], [ 129.312498780693744, 35.417629725638847 ], [ 129.312402247464973, 35.4177439384761 ], [ 129.311579712016027, 35.418314206585229 ], [ 129.311410391744488, 35.418418703215217 ], [ 129.311186444197205, 35.418503524583379 ], [ 129.310956277367438, 35.418548708287155 ], [ 129.310541786775161, 35.41856934303874 ], [ 129.309893405857053, 35.418625517897027 ], [ 129.309235269988534, 35.41877937050446 ], [ 129.309029622687177, 35.418893867101644 ], [ 129.308890744340175, 35.419037921352782 ], [ 129.308848725119105, 35.419142097368805 ], [ 129.308849175635117, 35.419265980168134 ], [ 129.308922756633905, 35.419488786928952 ], [ 129.309146752427608, 35.419878177918015 ], [ 129.310271429951825, 35.421611821327062 ], [ 129.311458622295191, 35.42343102428017 ], [ 129.311863016365095, 35.424340740722585 ], [ 129.311842004011794, 35.42449858341547 ], [ 129.311807814176291, 35.424622492782269 ], [ 129.311757688355243, 35.424697447421273 ], [ 129.311580706416095, 35.424789422597499 ], [ 129.305520012074766, 35.427607975224653 ], [ 129.305438159622611, 35.427631397837395 ], [ 129.30537513590923, 35.427631556949073 ], [ 129.305312044524754, 35.427611069245089 ], [ 129.30493157396802, 35.427283286997429 ], [ 129.304593180145986, 35.426964273889013 ], [ 129.303749910973949, 35.425990653847322 ], [ 129.30359144001244, 35.425748558262271 ], [ 129.3023800940027, 35.423882439929102 ], [ 129.302291303356213, 35.42373305798295 ], [ 129.298256245002051, 35.422891455456387 ], [ 129.297703926695021, 35.423113990216024 ], [ 129.294478717322676, 35.42438759287797 ], [ 129.294218467747072, 35.424484030571314 ], [ 129.293844930094224, 35.424621760935018 ], [ 129.293302183541499, 35.424812372536145 ], [ 129.293020406596952, 35.424895166289836 ], [ 129.292300573699151, 35.425072525601166 ], [ 129.289080091023607, 35.425529739688947 ], [ 129.286656418448047, 35.427213853083941 ], [ 129.286457831564206, 35.427401347104571 ], [ 129.285847035660993, 35.428032797161976 ], [ 129.285644960940118, 35.428393292032091 ], [ 129.285498531537399, 35.428718299521982 ], [ 129.285472846087288, 35.428775312072027 ], [ 129.285179979764592, 35.429499304759574 ], [ 129.284424334008406, 35.431963861000561 ], [ 129.284431509229279, 35.438530481349559 ], [ 129.284712772545987, 35.440584710968636 ], [ 129.287106748628872, 35.441488737928566 ], [ 129.287190870323258, 35.441517394440957 ], [ 129.28725595040703, 35.441523890981252 ], [ 129.289804193377876, 35.44159327212958 ], [ 129.289854317582467, 35.441588715366606 ], [ 129.292421406335677, 35.44123646108865 ], [ 129.292510727748009, 35.441200713202832 ], [ 129.293342936928411, 35.440834853187404 ], [ 129.29356888648374, 35.440727807925064 ], [ 129.293806914972834, 35.440587458630169 ], [ 129.296919415706071, 35.441893358770116 ], [ 129.297294239024239, 35.444688018718168 ], [ 129.296764877782238, 35.447800111213674 ], [ 129.298014123814653, 35.450550702299957 ], [ 129.298566398864324, 35.45132698298282 ], [ 129.298842657194001, 35.451765873022993 ], [ 129.298844721585567, 35.452330295647336 ], [ 129.29830496665312, 35.455427050638889 ], [ 129.298117237558841, 35.456191470135593 ], [ 129.297843933443659, 35.457093350183918 ], [ 129.297710331791393, 35.457291681020102 ], [ 129.299766622415746, 35.456552840276821 ], [ 129.300032326087205, 35.45647815867266 ], [ 129.300292883564452, 35.456447034918554 ], [ 129.301969441266976, 35.456429765298331 ], [ 129.302235513089528, 35.456455222422782 ], [ 129.302416692325437, 35.456537477496326 ], [ 129.302608852102054, 35.456711149177657 ], [ 129.302641090277092, 35.456793775054408 ], [ 129.302636838961831, 35.457085496650677 ], [ 129.302542879676139, 35.457564613932632 ], [ 129.302537932306677, 35.457664760225072 ], [ 129.302564664945464, 35.457703886640978 ], [ 129.305664393107236, 35.458630714540789 ], [ 129.305818727490305, 35.458647734788968 ], [ 129.30612987346737, 35.458624065965424 ], [ 129.306874409004763, 35.458556881283855 ], [ 129.30721469082917, 35.458508131050621 ], [ 129.307441057085043, 35.458424893381938 ], [ 129.307674365091287, 35.458224038963145 ], [ 129.307881010892032, 35.458005839672133 ], [ 129.308497035938103, 35.457721287160062 ], [ 129.309031481375996, 35.457533014304907 ], [ 129.309419420618468, 35.45742754600488 ], [ 129.312092951161446, 35.456894374324271 ], [ 129.312231231892042, 35.45688964642089 ], [ 129.312284433917654, 35.456889513691713 ], [ 129.312969836785356, 35.457161701302311 ], [ 129.313065746602973, 35.457200639771386 ], [ 129.313183043146211, 35.457269999798875 ], [ 129.313428872492892, 35.457561033118999 ], [ 129.313573595531466, 35.457843667721924 ], [ 129.313776828231624, 35.458121766130816 ], [ 129.313886846064179, 35.458268238746847 ], [ 129.314041564734794, 35.458381040713107 ], [ 129.314334695536189, 35.45851960698819 ], [ 129.317154411537274, 35.459495128090992 ], [ 129.31735507364192, 35.459563607185082 ], [ 129.3174508402561, 35.459567702958907 ], [ 129.317562533084896, 35.459558703919114 ], [ 129.318113585817656, 35.4593055086481 ], [ 129.318150576127834, 35.459235753804911 ], [ 129.318181706104866, 35.459035414665301 ], [ 129.318224092257651, 35.458991757913374 ], [ 129.318563869102775, 35.458812369351882 ], [ 129.319941782499114, 35.458091449684879 ], [ 129.320042720400352, 35.458052005580036 ], [ 129.320523554114743, 35.457920395232605 ], [ 129.320895912567636, 35.457910702303032 ], [ 129.321459935132367, 35.457944055354986 ], [ 129.322756596374063, 35.458619227249827 ], [ 129.322850236419754, 35.458673564022646 ], [ 129.322905450605589, 35.459131888479511 ], [ 129.322883523513212, 35.460332724802527 ], [ 129.322951876761891, 35.460736434575978 ], [ 129.323313772622413, 35.461117533597964 ], [ 129.323447774667272, 35.461248173555838 ], [ 129.32437026870457, 35.461627771859504 ], [ 129.325984641463094, 35.46228796954334 ], [ 129.32630507683092, 35.462308935359864 ], [ 129.326998663787748, 35.462186985083626 ], [ 129.327332086867244, 35.462120603003179 ], [ 129.327439002822018, 35.462153047071041 ], [ 129.329983020617391, 35.464111055529706 ], [ 129.3301170284129, 35.464241688596566 ], [ 129.331433445052966, 35.466273943259772 ], [ 129.331662411260936, 35.466775456626621 ], [ 129.331707806934133, 35.466946064930596 ], [ 129.332045125115144, 35.468963090280425 ], [ 129.332058923046304, 35.469072216504117 ], [ 129.33126036228299, 35.469652950009326 ], [ 129.330288844592076, 35.470299664720741 ], [ 129.330008946752628, 35.47048598987034 ], [ 129.329996224427276, 35.470638845745036 ], [ 129.330103854203031, 35.470845959892628 ], [ 129.330170907675381, 35.470922198772961 ], [ 129.331468625351533, 35.471617271955381 ], [ 129.331789437231066, 35.471725573461747 ], [ 129.332363815901118, 35.471811333128343 ], [ 129.332994955861523, 35.471907826707387 ], [ 129.335105700083233, 35.472284076678825 ], [ 129.337443631050519, 35.472714233171459 ], [ 129.337777859563857, 35.472833386691555 ], [ 129.33831306220506, 35.473126629746744 ], [ 129.339353112943229, 35.474303960802978 ], [ 129.33965669828558, 35.472834094559886 ], [ 129.342177332314577, 35.469866954842075 ], [ 129.343908766336739, 35.468999552666823 ], [ 129.345544556086708, 35.466790666345815 ], [ 129.346574828297605, 35.46519571228793 ], [ 129.346753857880259, 35.464226862460833 ], [ 129.347412963012403, 35.464287859858601 ], [ 129.348401023345986, 35.45994627709451 ], [ 129.347677240674955, 35.459867117559675 ], [ 129.348038389952308, 35.458288250930785 ], [ 129.34876159891553, 35.454656774817209 ], [ 129.349966506632398, 35.44827187356664 ], [ 129.353745686646903, 35.446823995660559 ], [ 129.356088538403299, 35.447519449517159 ], [ 129.358996244267502, 35.448157498236142 ], [ 129.359557007117814, 35.447961258262019 ], [ 129.359300699582064, 35.445001676568729 ], [ 129.359066015709374, 35.442782827401494 ], [ 129.353951036717035, 35.440766418367147 ], [ 129.355139692441782, 35.438538187676258 ], [ 129.35548990516628, 35.438637372119345 ], [ 129.36463957080457, 35.441608415664057 ], [ 129.366111001158743, 35.443182885342836 ], [ 129.369255322389336, 35.448786148137124 ], [ 129.373351796108437, 35.447244878472198 ], [ 129.372152427490732, 35.445034820732182 ], [ 129.369962423573924, 35.443544623778699 ], [ 129.365773330960906, 35.43570184209014 ], [ 129.369448547087643, 35.433507702500002 ], [ 129.369502057724702, 35.431505729810532 ], [ 129.367192667846268, 35.43013557202589 ], [ 129.366516122416044, 35.430241479053862 ], [ 129.365631929339003, 35.430086239336482 ], [ 129.364912245680813, 35.429624386300063 ], [ 129.363982240812078, 35.423106946036746 ], [ 129.365103066859575, 35.42136818225643 ], [ 129.365572476784678, 35.417991296586493 ], [ 129.363946566007172, 35.414549386162619 ], [ 129.359275383039517, 35.414212378622302 ], [ 129.356735085778098, 35.415271662519807 ], [ 129.355795909817004, 35.414131921121616 ], [ 129.355928939569623, 35.411089603650773 ], [ 129.359887965213346, 35.410763195628455 ], [ 129.361382289247246, 35.411521480222362 ], [ 129.361662539840665, 35.411423346740342 ], [ 129.362950622140943, 35.410934938776364 ], [ 129.363047819388925, 35.406504755831371 ], [ 129.362925175702543, 35.406182904828661 ], [ 129.361510898567559, 35.405309415428349 ], [ 129.36125310268082, 35.405150194275294 ], [ 129.357465809505896, 35.403417606375641 ], [ 129.356439180955505, 35.403159699452431 ], [ 129.354966617088763, 35.40314209522812 ], [ 129.352296332653538, 35.402823536604991 ], [ 129.352456663608962, 35.402496172782087 ], [ 129.353297380945662, 35.402201852618937 ], [ 129.355470514564672, 35.401001471243063 ], [ 129.356910718275429, 35.399907961732673 ], [ 129.35700961100622, 35.399415121150305 ], [ 129.356434358999138, 35.399102082731297 ], [ 129.355857781555756, 35.396797227884456 ], [ 129.356414170967014, 35.39646211649606 ], [ 129.357464956829148, 35.395607831756948 ], [ 129.357446095072589, 35.394959692457391 ], [ 129.356368406129377, 35.392942541538865 ], [ 129.356072047114623, 35.392485110122067 ], [ 129.352999352531441, 35.391942790340963 ], [ 129.349467349075354, 35.391177730947597 ], [ 129.346505826548707, 35.389417505065268 ] ] ] ] } },
{ "type": "Feature", "properties": { "OBJECTID": 1132, "adm_nm": "울산광역시 울주군 언양읍", "adm_cd": "2631012", "adm_cd2": "3171025300", "sgg": "31710", "sido": "31", "sidonm": "울산광역시", "sggnm": "울주군" }, "geometry": { "type": "MultiPolygon", "coordinates": [ [ [ [ 129.214661584186246, 35.625423873837661 ], [ 129.215568911046944, 35.624752156803147 ], [ 129.216682273308805, 35.622648932081304 ], [ 129.21671493904509, 35.622578840309828 ], [ 129.216742494738952, 35.622519230313934 ], [ 129.216758809325569, 35.622475585083336 ], [ 129.216779069613352, 35.622375318643996 ], [ 129.21747560921321, 35.617562979750517 ], [ 129.217470376476683, 35.617530274176261 ], [ 129.217419915455679, 35.617464934756057 ], [ 129.216515382348149, 35.616615990806622 ], [ 129.216101829423962, 35.616271115210033 ], [ 129.214024015141831, 35.61461981443815 ], [ 129.212927751494931, 35.613829043616683 ], [ 129.212641971646747, 35.613663874383313 ], [ 129.212364407374224, 35.613501215598845 ], [ 129.212252362076043, 35.613433893296317 ], [ 129.21222099047344, 35.613409192176256 ], [ 129.212203975919948, 35.61337860738734 ], [ 129.212177064117157, 35.613295618974952 ], [ 129.211868744632341, 35.611956124703013 ], [ 129.211865554498814, 35.611913768749666 ], [ 129.211950412145086, 35.609402609435335 ], [ 129.211953354077593, 35.60935499609058 ], [ 129.21196766139235, 35.609330856440323 ], [ 129.212025018248454, 35.609281264426663 ], [ 129.212132609690144, 35.609213138926023 ], [ 129.212836080837945, 35.608575674444772 ], [ 129.213602690926962, 35.607755214716363 ], [ 129.213635405301432, 35.607709013320417 ], [ 129.213664032844633, 35.607665346534468 ], [ 129.213694698391777, 35.607616201948616 ], [ 129.213705911479423, 35.607585998299534 ], [ 129.213715015275511, 35.607537334430937 ], [ 129.213726130395543, 35.607468123298418 ], [ 129.213723942758065, 35.607413592479006 ], [ 129.213708177734873, 35.607275213983172 ], [ 129.213686396784311, 35.607185917905767 ], [ 129.213647107036138, 35.60707609981025 ], [ 129.213603752972631, 35.606978455073481 ], [ 129.212784432902225, 35.605281269620519 ], [ 129.21275559124345, 35.605242741101478 ], [ 129.212728842313339, 35.605220977292063 ], [ 129.212700086351759, 35.605210961807813 ], [ 129.212635425748232, 35.605207717832819 ], [ 129.212568702515341, 35.605206985939098 ], [ 129.212393264247851, 35.605233312473111 ], [ 129.212243476482257, 35.605253284462862 ], [ 129.212070072474717, 35.605272046686139 ], [ 129.212034150684929, 35.605268329949382 ], [ 129.211931457307259, 35.605245863804001 ], [ 129.208953894139455, 35.604380329066494 ], [ 129.206931146724315, 35.603618363315569 ], [ 129.206842782964571, 35.603581606133396 ], [ 129.206623915787048, 35.603478394623096 ], [ 129.206561217424621, 35.603441582869202 ], [ 129.206332015046598, 35.603304826362248 ], [ 129.2062919049595, 35.603273028845805 ], [ 129.20458350014016, 35.601777783236535 ], [ 129.204552272842534, 35.601745711580946 ], [ 129.204522199071931, 35.601698495111656 ], [ 129.203576316976267, 35.599886030216297 ], [ 129.203532014909428, 35.599796055189614 ], [ 129.201450908540778, 35.597067149991581 ], [ 129.201223077034655, 35.596925771528191 ], [ 129.200906818944873, 35.596665438777308 ], [ 129.200787121236431, 35.596558150305711 ], [ 129.200691579247177, 35.596438613381558 ], [ 129.200611480942257, 35.596244131803864 ], [ 129.200538305848198, 35.595979896039125 ], [ 129.200404905140971, 35.594931437828663 ], [ 129.200404797088794, 35.594884955762886 ], [ 129.200829369795912, 35.594110969074116 ], [ 129.200917230774564, 35.593998105384962 ], [ 129.201380760830716, 35.592888826496598 ], [ 129.20190951431519, 35.591140311388727 ], [ 129.201933320276908, 35.590998513005076 ], [ 129.202025092077918, 35.590175094820644 ], [ 129.202128442273619, 35.588859580459726 ], [ 129.202153863669736, 35.588224509533937 ], [ 129.202135907367534, 35.587867227563358 ], [ 129.202115718802645, 35.587749916683805 ], [ 129.202065656917767, 35.587623924163751 ], [ 129.201948550495899, 35.587410309005769 ], [ 129.201827212369466, 35.587207755721145 ], [ 129.201720185195398, 35.587041772577926 ], [ 129.201650308038467, 35.586952997969085 ], [ 129.201550530566522, 35.586842772700145 ], [ 129.197177962876026, 35.58294424780123 ], [ 129.196499517807467, 35.582391824556289 ], [ 129.193994973061706, 35.580460282436285 ], [ 129.191647321320744, 35.578903911835617 ], [ 129.191499545687691, 35.578811348095719 ], [ 129.190507733312984, 35.578185403805229 ], [ 129.190408256154541, 35.5781206026017 ], [ 129.190254371081068, 35.577984515074142 ], [ 129.190186233803075, 35.577866741946693 ], [ 129.190137405013729, 35.577767919498719 ], [ 129.190083205866358, 35.577643119928105 ], [ 129.18999052751397, 35.577305433514674 ], [ 129.189965462926978, 35.577169760335657 ], [ 129.189825655855884, 35.576332621550357 ], [ 129.19005112887794, 35.576018969078604 ], [ 129.19244352492214, 35.573259855997399 ], [ 129.192502589004363, 35.573205625275364 ], [ 129.192551997599253, 35.573176668401437 ], [ 129.192631575837964, 35.573135118924441 ], [ 129.192864492865056, 35.573057779469693 ], [ 129.19293689706069, 35.573040341924191 ], [ 129.192998718223066, 35.573025802673413 ], [ 129.193098527551427, 35.573006878372148 ], [ 129.194078740460128, 35.572711921739682 ], [ 129.195282647704886, 35.57226420725145 ], [ 129.195340008057258, 35.57223523475998 ], [ 129.195375300527076, 35.572212077427253 ], [ 129.195415040583953, 35.572185969014079 ], [ 129.195906661719562, 35.569635866091112 ], [ 129.195899973902272, 35.569229921754335 ], [ 129.19585558282796, 35.569141934970943 ], [ 129.195525642669026, 35.568611178007849 ], [ 129.195307532632398, 35.56829244850092 ], [ 129.195107165259316, 35.568005482370943 ], [ 129.194941718632208, 35.567815063745336 ], [ 129.194773598483835, 35.567615649132698 ], [ 129.194679897561201, 35.567486616167741 ], [ 129.194562089698167, 35.567282326906401 ], [ 129.194448313602436, 35.566996641110428 ], [ 129.194436439836352, 35.566837137905182 ], [ 129.194435903348477, 35.566610466314224 ], [ 129.194490950372767, 35.566358439334792 ], [ 129.194549870559314, 35.56624790184059 ], [ 129.194604541718519, 35.566198722757264 ], [ 129.19469082408051, 35.566127740101138 ], [ 129.194750939125015, 35.566091659380476 ], [ 129.194823317598804, 35.566058334355716 ], [ 129.194948657189002, 35.566014829085375 ], [ 129.195169470433285, 35.565985602632679 ], [ 129.195247191809159, 35.565982580194742 ], [ 129.195351440204803, 35.565980967800087 ], [ 129.195752550150246, 35.565988990394139 ], [ 129.19755881095719, 35.566140770034508 ], [ 129.198083217762104, 35.566190211666672 ], [ 129.198465728400123, 35.56622573510451 ], [ 129.198874174586848, 35.566236723522998 ], [ 129.199290241435534, 35.566230713842735 ], [ 129.199712821681146, 35.566219391010463 ], [ 129.200239389613074, 35.566197252729246 ], [ 129.200487523927109, 35.566161657587003 ], [ 129.200557342328608, 35.566107289297335 ], [ 129.200612876006346, 35.566012440080051 ], [ 129.20069214967063, 35.565854640982252 ], [ 129.200784257430712, 35.565509447179686 ], [ 129.201968350927018, 35.560022482398502 ], [ 129.202044961641377, 35.559501567178074 ], [ 129.202074512465657, 35.559287395144729 ], [ 129.201741418805568, 35.554558104115706 ], [ 129.201336986325259, 35.55150374919161 ], [ 129.201331578042698, 35.551468956068618 ], [ 129.201283465223895, 35.55137627245 ], [ 129.201109164516737, 35.55118232989561 ], [ 129.200871774079246, 35.548431635609397 ], [ 129.202721930559449, 35.54429323636046 ], [ 129.202750208305929, 35.544255497282776 ], [ 129.203135619777527, 35.543772179430803 ], [ 129.203209890934062, 35.543686541148439 ], [ 129.203264740969843, 35.543635714929202 ], [ 129.20338157987382, 35.543548562775563 ], [ 129.203456809742676, 35.543492625317384 ], [ 129.20355063819963, 35.543431581971198 ], [ 129.205814016404219, 35.542321550509044 ], [ 129.204621732824734, 35.540227194043453 ], [ 129.204591439348093, 35.540176518058431 ], [ 129.204530944193095, 35.540093986971577 ], [ 129.204458095180144, 35.54003614679565 ], [ 129.203367943109015, 35.53952196810976 ], [ 129.203215252822645, 35.539455533029752 ], [ 129.19998185339017, 35.538160005155447 ], [ 129.198135457084845, 35.537663698086789 ], [ 129.19696244109997, 35.537146572233858 ], [ 129.196761216940757, 35.536872223844355 ], [ 129.196152627660524, 35.536228925149672 ], [ 129.196068162804465, 35.536220420070642 ], [ 129.194242188398306, 35.537458716933351 ], [ 129.194181598636447, 35.537506276874389 ], [ 129.194070153872332, 35.537623637785451 ], [ 129.194001753641544, 35.53771435747997 ], [ 129.193958806052251, 35.537787056654786 ], [ 129.19391173260729, 35.537965461055911 ], [ 129.193408688985869, 35.540252904155984 ], [ 129.19342289934383, 35.5403075268826 ], [ 129.193504264620884, 35.540487159726673 ], [ 129.193949997501193, 35.541462953784411 ], [ 129.194472582996553, 35.542560115739938 ], [ 129.194631456981369, 35.542775576100652 ], [ 129.194661569288684, 35.542857516984753 ], [ 129.194657469082955, 35.542983365680037 ], [ 129.194366669573213, 35.54352167691426 ], [ 129.194241345807683, 35.543725374630796 ], [ 129.194005281869408, 35.543979581635597 ], [ 129.193649863346621, 35.544360549262215 ], [ 129.193424309076192, 35.544591726571902 ], [ 129.193321620412775, 35.544696153017341 ], [ 129.191884865757515, 35.544689071633094 ], [ 129.189132234709348, 35.544821383380068 ], [ 129.187880715808291, 35.545016025888621 ], [ 129.187694209943061, 35.545027841652718 ], [ 129.187461872162146, 35.544996545368789 ], [ 129.187240003917083, 35.544924976588469 ], [ 129.185591701446185, 35.544369515329919 ], [ 129.184918886088326, 35.544091542624514 ], [ 129.181920897109023, 35.54269531944373 ], [ 129.181780002258506, 35.542616973439188 ], [ 129.181455835895832, 35.54234301593312 ], [ 129.180614865720429, 35.54138365120729 ], [ 129.180446436774702, 35.541089855945849 ], [ 129.180361963661738, 35.540815525566146 ], [ 129.180319300995393, 35.540494559192467 ], [ 129.18027092161671, 35.54028879057892 ], [ 129.180096469600642, 35.53997538189892 ], [ 129.179892097732079, 35.539676728772548 ], [ 129.178156361700957, 35.537762987647554 ], [ 129.177772313044386, 35.537489092179506 ], [ 129.177316427833176, 35.537232451367416 ], [ 129.176758600972107, 35.53694411216614 ], [ 129.176344775339487, 35.536748654199442 ], [ 129.175721198270821, 35.536524126334868 ], [ 129.175349527386601, 35.536426636913106 ], [ 129.171465254063321, 35.535514054340283 ], [ 129.17096147928828, 35.535398865106124 ], [ 129.169880367721589, 35.535247410092332 ], [ 129.169627443958376, 35.535217609026297 ], [ 129.16937456533347, 35.535207913826483 ], [ 129.169025242692612, 35.535254323483329 ], [ 129.168851521823399, 35.535313428627909 ], [ 129.16859536530211, 35.535417113254496 ], [ 129.168335766050092, 35.535552390736719 ], [ 129.168046472609319, 35.535745055756188 ], [ 129.167534730863906, 35.536014229035629 ], [ 129.167126910630799, 35.536224320668104 ], [ 129.166927307407605, 35.536319349379809 ], [ 129.164697421530434, 35.537276853196452 ], [ 129.164514943455771, 35.537354602422333 ], [ 129.156719794456137, 35.539915401550935 ], [ 129.155929548074141, 35.539916415014488 ], [ 129.155692457728719, 35.539900934459268 ], [ 129.155543164434647, 35.539882463725164 ], [ 129.155455319759341, 35.539863920796208 ], [ 129.15328033564802, 35.539319829390188 ], [ 129.153161729097093, 35.539289834205618 ], [ 129.152647741237558, 35.539099596569713 ], [ 129.151985233589727, 35.538847797992311 ], [ 129.150949792421898, 35.538227606112741 ], [ 129.150218146054755, 35.537609907982798 ], [ 129.147441512314458, 35.538368264181628 ], [ 129.147426242774742, 35.538448526135909 ], [ 129.147392754313245, 35.53852422459741 ], [ 129.147346656123347, 35.53860794957415 ], [ 129.146874353011327, 35.539354770613841 ], [ 129.146790500308214, 35.539485553181407 ], [ 129.14495709117395, 35.541600368392452 ], [ 129.143921482554788, 35.542409737595321 ], [ 129.143796920597651, 35.54249929215684 ], [ 129.143626086879607, 35.542585467372348 ], [ 129.143417413372219, 35.542660226258931 ], [ 129.143212902130671, 35.542712049629444 ], [ 129.143054575558324, 35.542729430911152 ], [ 129.142851398560168, 35.542745726457134 ], [ 129.142639785269637, 35.542751691340975 ], [ 129.142386098006682, 35.542731366684038 ], [ 129.142206637311631, 35.542684570898416 ], [ 129.141954218581134, 35.542590868667737 ], [ 129.141634440470966, 35.542451394960331 ], [ 129.141268307872025, 35.542236312524992 ], [ 129.141073274090388, 35.542096690569366 ], [ 129.140729561230586, 35.541881580746086 ], [ 129.140631400044555, 35.541845024754515 ], [ 129.138923720173722, 35.54139418025462 ], [ 129.138811622067607, 35.541401191746289 ], [ 129.138435812495942, 35.541471140296991 ], [ 129.13814744280424, 35.541603035567775 ], [ 129.138008100600672, 35.541766148994441 ], [ 129.137948516999586, 35.541921024052407 ], [ 129.137928918490957, 35.542124757696108 ], [ 129.138029051873644, 35.542360930328016 ], [ 129.140317063501072, 35.544737512329043 ], [ 129.140976313782772, 35.545307084524602 ], [ 129.141835000173586, 35.545843848971671 ], [ 129.142004667812131, 35.545916988200581 ], [ 129.1425036985475, 35.546103807120112 ], [ 129.143621338907508, 35.546428408065012 ], [ 129.14411029586671, 35.546558208868156 ], [ 129.144493996784718, 35.546638319813717 ], [ 129.140967750664458, 35.55265045643997 ], [ 129.140071217000354, 35.553896683821193 ], [ 129.139128133880206, 35.55501459656994 ], [ 129.133814993010418, 35.558440423339036 ], [ 129.13097363580107, 35.559974675839811 ], [ 129.130100130255755, 35.560430039561496 ], [ 129.129444850105642, 35.560713637165328 ], [ 129.128100060135552, 35.561192327267698 ], [ 129.127642019107412, 35.561304981737663 ], [ 129.127378845754265, 35.561369693988723 ], [ 129.125257875912922, 35.562011977237056 ], [ 129.122023726842684, 35.563106202510518 ], [ 129.118642458951712, 35.564144095158788 ], [ 129.118301413215761, 35.564229296003084 ], [ 129.117594778279908, 35.564352365058532 ], [ 129.117208010128451, 35.564329547759264 ], [ 129.116837235129822, 35.564307654229665 ], [ 129.116315457059244, 35.564214233120289 ], [ 129.111985578042095, 35.563426477984095 ], [ 129.111653463677811, 35.563957805596516 ], [ 129.110547268690965, 35.565159127660891 ], [ 129.109786492045458, 35.565825162081225 ], [ 129.109365056583215, 35.566230094509535 ], [ 129.108857379698122, 35.566812630424259 ], [ 129.108783890546334, 35.566896959971295 ], [ 129.108551538561358, 35.567254153200231 ], [ 129.108232166516501, 35.567825577056915 ], [ 129.108077341963764, 35.568155116806032 ], [ 129.107329515231896, 35.570331037636912 ], [ 129.107289683069041, 35.570451217163146 ], [ 129.107277552987767, 35.570487840044521 ], [ 129.107282948469248, 35.570557195037694 ], [ 129.107334357565463, 35.570643834721828 ], [ 129.107513209639677, 35.570828625048293 ], [ 129.108479037081224, 35.571682408594917 ], [ 129.108674687718775, 35.571853456976335 ], [ 129.108834015301142, 35.571989132844486 ], [ 129.108954401577734, 35.572078600501207 ], [ 129.109202193888564, 35.572224316324942 ], [ 129.109393293592149, 35.572306515010361 ], [ 129.10972596408547, 35.572443462897368 ], [ 129.109885199797958, 35.57250834131046 ], [ 129.110302812335505, 35.572684239091153 ], [ 129.110573609810189, 35.572847263486302 ], [ 129.110876283341554, 35.573039159523624 ], [ 129.111115297450453, 35.573236895840452 ], [ 129.112353100234458, 35.574401771761579 ], [ 129.112473523118382, 35.574517240259347 ], [ 129.112669276256781, 35.574769192092248 ], [ 129.11414369522393, 35.577523922180063 ], [ 129.11451963683831, 35.578289687749148 ], [ 129.114716300947435, 35.578731167309293 ], [ 129.114770994909264, 35.578867570571191 ], [ 129.114781642332332, 35.578936512090358 ], [ 129.114755596733858, 35.579169210748169 ], [ 129.114738184073076, 35.579289882731523 ], [ 129.114683995982887, 35.579513993525943 ], [ 129.114638484187367, 35.579651928746685 ], [ 129.114600844558595, 35.57976614441489 ], [ 129.114584257610687, 35.579858809755706 ], [ 129.114568631721312, 35.579993851770254 ], [ 129.114574879676638, 35.580059188377511 ], [ 129.114589009173386, 35.580102252298303 ], [ 129.11461807881625, 35.580154657953408 ], [ 129.115562824183286, 35.58123803078319 ], [ 129.119042511513101, 35.585516492167777 ], [ 129.119792177108593, 35.586543439144577 ], [ 129.121997290556237, 35.589595580010034 ], [ 129.122219872944868, 35.59027043142428 ], [ 129.122320581733931, 35.590592060667348 ], [ 129.122378343685227, 35.592168469985275 ], [ 129.122605430488449, 35.601426477184795 ], [ 129.122560308933458, 35.601476667597176 ], [ 129.116970369298826, 35.605345716831742 ], [ 129.116841144892589, 35.605416729813584 ], [ 129.116733141695391, 35.605463146122851 ], [ 129.11311225698168, 35.606935050931966 ], [ 129.113009547292449, 35.606968430757654 ], [ 129.112564870423171, 35.606973177560214 ], [ 129.110956206591879, 35.606947161561962 ], [ 129.109857694045161, 35.606878708030649 ], [ 129.10956001995973, 35.60684424842303 ], [ 129.109354494234537, 35.606834308645844 ], [ 129.109212779281478, 35.606846008641895 ], [ 129.109102960449576, 35.606859139615068 ], [ 129.108179239162922, 35.606999580767834 ], [ 129.108043733657098, 35.607020669865136 ], [ 129.106322149197467, 35.607357828789063 ], [ 129.106216760940015, 35.607383245536056 ], [ 129.106134429854052, 35.607412976076553 ], [ 129.101888447559475, 35.609355319578377 ], [ 129.10176809939955, 35.609456693104931 ], [ 129.101653995824336, 35.609599303712884 ], [ 129.101332230423537, 35.610146449100057 ], [ 129.100598732484372, 35.611563488111308 ], [ 129.100480338977775, 35.611822558579291 ], [ 129.100391168585475, 35.612066417601476 ], [ 129.099071229117783, 35.614994381957075 ], [ 129.095726266304808, 35.619346005863271 ], [ 129.094020537760002, 35.621471062641902 ], [ 129.092704264389539, 35.623079225370681 ], [ 129.092000787107025, 35.624202602100162 ], [ 129.09097029885217, 35.629135729832029 ], [ 129.090954520800096, 35.629353848881507 ], [ 129.090963744104016, 35.629638826547492 ], [ 129.091071386162383, 35.630339553448067 ], [ 129.091126727891691, 35.63047037646237 ], [ 129.091410514998188, 35.631015398095634 ], [ 129.091539859963831, 35.631215228448767 ], [ 129.092694296301431, 35.63294424018175 ], [ 129.093478628220083, 35.632922928655134 ], [ 129.096403517652959, 35.633326317919916 ], [ 129.098939529264385, 35.633708267085112 ], [ 129.10330026927582, 35.634066953231354 ], [ 129.104614025619298, 35.634085971118438 ], [ 129.107272781780154, 35.633761640264069 ], [ 129.10733614416921, 35.633750070873305 ], [ 129.107406548904237, 35.633724117232212 ], [ 129.107462875691141, 35.633701079498096 ], [ 129.11352463422952, 35.631027854407158 ], [ 129.113603301674971, 35.630989842063315 ], [ 129.113647289121019, 35.630961047320667 ], [ 129.11473046919059, 35.629853032105487 ], [ 129.114798167947356, 35.629777496356255 ], [ 129.114853529121433, 35.629712025739302 ], [ 129.115096093129154, 35.629392635840652 ], [ 129.115468724444725, 35.628900608834712 ], [ 129.115521438110591, 35.628828687791767 ], [ 129.115615466797607, 35.628691301167748 ], [ 129.115628634828539, 35.628664687040988 ], [ 129.115661961360388, 35.628587019982774 ], [ 129.115697921905195, 35.628483478712113 ], [ 129.115723291429902, 35.628371313894867 ], [ 129.115740718065808, 35.628236157422343 ], [ 129.115743258593483, 35.628170741382625 ], [ 129.115758147707993, 35.628106749086434 ], [ 129.115770391042929, 35.62805499094074 ], [ 129.115782852115416, 35.62800911418573 ], [ 129.115882612755485, 35.627754879247057 ], [ 129.116012468849618, 35.62747767863069 ], [ 129.116646223093483, 35.626409336392712 ], [ 129.11675676480499, 35.626251540987333 ], [ 129.117487141884197, 35.625225052886677 ], [ 129.117576496999931, 35.625146097350481 ], [ 129.117711069846109, 35.625064957648995 ], [ 129.11786514119197, 35.624999703269282 ], [ 129.118057316654671, 35.624932251843198 ], [ 129.118231775910829, 35.624882153766663 ], [ 129.1184062787394, 35.624850169380579 ], [ 129.118653464433464, 35.624834006271499 ], [ 129.119609475166044, 35.62484393197726 ], [ 129.119819487936724, 35.624858904962529 ], [ 129.120908352883959, 35.624989336544942 ], [ 129.121061254032639, 35.625094265569217 ], [ 129.121293502670426, 35.625253648184369 ], [ 129.121764793060436, 35.625193008395108 ], [ 129.12594870028218, 35.624262891020187 ], [ 129.126003228620249, 35.624243131654673 ], [ 129.126050507055226, 35.624197372558449 ], [ 129.126655235660905, 35.623513907337966 ], [ 129.126707819441521, 35.623445287383355 ], [ 129.126722128449757, 35.623397821336766 ], [ 129.126718703475632, 35.623329156339985 ], [ 129.12668636817827, 35.62317410471195 ], [ 129.126612988482918, 35.62296059120159 ], [ 129.126529526475878, 35.622666589663083 ], [ 129.126507198021301, 35.6225454041601 ], [ 129.126504884351391, 35.622473373139179 ], [ 129.126535721583082, 35.62237418652613 ], [ 129.126781417683105, 35.621640812982825 ], [ 129.126852064726052, 35.6215271599185 ], [ 129.126966912363088, 35.621355843620158 ], [ 129.127223937130509, 35.621061556755947 ], [ 129.127267648393911, 35.621022909799123 ], [ 129.129085262197776, 35.619448427032793 ], [ 129.130006286397958, 35.618843004121381 ], [ 129.130079222230052, 35.618820585860917 ], [ 129.130152107403433, 35.6187747869756 ], [ 129.130246110486382, 35.6186659960835 ], [ 129.131309130723054, 35.617285282769345 ], [ 129.131404469251862, 35.61714521133397 ], [ 129.13287960831201, 35.614792241967884 ], [ 129.133970374913901, 35.612875385047339 ], [ 129.133979285094227, 35.61262174572726 ], [ 129.133998020804654, 35.61248977933024 ], [ 129.13402540023327, 35.612372325767851 ], [ 129.134073488710328, 35.61227593238597 ], [ 129.134157691172049, 35.612146528055383 ], [ 129.134266012733661, 35.61201446869574 ], [ 129.135862198477241, 35.61027009714951 ], [ 129.135920676589649, 35.610216428980998 ], [ 129.135980598198984, 35.61017260576255 ], [ 129.136059113650646, 35.610146268566332 ], [ 129.136161926562664, 35.61012426584837 ], [ 129.137954236299066, 35.609908919473227 ], [ 129.138004218965278, 35.609908865519088 ], [ 129.138069942338348, 35.609920839427602 ], [ 129.141686723500612, 35.611265158921029 ], [ 129.141902839460812, 35.6115661588926 ], [ 129.143010019202706, 35.612515384418089 ], [ 129.1439706396757, 35.612630505135101 ], [ 129.144708197082821, 35.611683393762355 ], [ 129.146266933299984, 35.610303107206803 ], [ 129.146616986513294, 35.610125153888006 ], [ 129.14733062922511, 35.609655414711128 ], [ 129.147714991522179, 35.609289748985276 ], [ 129.148488706183997, 35.608289709821427 ], [ 129.150028896768674, 35.607689359838012 ], [ 129.152906225197256, 35.608020453723405 ], [ 129.152949911842654, 35.608030595147589 ], [ 129.153178604065999, 35.608152646375288 ], [ 129.153381541389848, 35.608263255002782 ], [ 129.154909454192051, 35.609280803742273 ], [ 129.154966474363789, 35.609330439431019 ], [ 129.155049294123216, 35.609422075465936 ], [ 129.155615102812789, 35.610080211860662 ], [ 129.156098092034711, 35.610654324528376 ], [ 129.156452721127351, 35.610978826473783 ], [ 129.157604536938663, 35.611822238462004 ], [ 129.15768105050995, 35.611868013766376 ], [ 129.157785615099101, 35.611907389781678 ], [ 129.157849580786149, 35.611918771186971 ], [ 129.157897928279823, 35.611918711625876 ], [ 129.158759961783119, 35.611717535808765 ], [ 129.15975697331163, 35.611141480736507 ], [ 129.161454863568707, 35.609742536896306 ], [ 129.163045497080532, 35.60854252323324 ], [ 129.163081322515865, 35.608518251706222 ], [ 129.16345433725121, 35.60827817907537 ], [ 129.163610081488486, 35.608178580228795 ], [ 129.163690320706962, 35.608137674989585 ], [ 129.164439018365641, 35.607824446832858 ], [ 129.164504475529753, 35.607802697253625 ], [ 129.166416168750914, 35.607306916511142 ], [ 129.166453586937536, 35.607303040707549 ], [ 129.1664980270059, 35.607302983999617 ], [ 129.170263762434644, 35.60741523454525 ], [ 129.170392566057387, 35.607424599648638 ], [ 129.172329640855139, 35.607692719396688 ], [ 129.172384128576368, 35.607714854599323 ], [ 129.172395102195139, 35.607754808561694 ], [ 129.171915290925313, 35.608580492967185 ], [ 129.171424532537429, 35.609058757463131 ], [ 129.171424700281051, 35.609135163289245 ], [ 129.171478561918889, 35.60923514735309 ], [ 129.173274202696064, 35.611549206763463 ], [ 129.173417596498552, 35.611704865056765 ], [ 129.173791814690389, 35.611995873735587 ], [ 129.174336543490625, 35.612329931187034 ], [ 129.174578803133215, 35.612456599114736 ], [ 129.177554830241917, 35.613961931278972 ], [ 129.177774075674392, 35.614064091373642 ], [ 129.178121402803782, 35.614167483306147 ], [ 129.178326429678322, 35.614226375141357 ], [ 129.179607458059849, 35.614417863381995 ], [ 129.183838087975687, 35.614893589561433 ], [ 129.18515039742465, 35.614849737344827 ], [ 129.187725751267948, 35.615980186595493 ], [ 129.191054053577034, 35.618761917403766 ], [ 129.191085907647761, 35.618792167091051 ], [ 129.191117796414375, 35.618831088946095 ], [ 129.191014952250754, 35.620537188869925 ], [ 129.190691856133299, 35.621357482975966 ], [ 129.190527468296892, 35.62168967961734 ], [ 129.190306567168534, 35.62202774742434 ], [ 129.190172751575119, 35.622217018759805 ], [ 129.190115532465967, 35.622289285486517 ], [ 129.189960487995421, 35.622471380842399 ], [ 129.189803633356888, 35.622628932166016 ], [ 129.189741111437229, 35.622709852017081 ], [ 129.189702487315429, 35.62280949209314 ], [ 129.189699103274137, 35.62287157162806 ], [ 129.189704541254457, 35.62293217601546 ], [ 129.189776814558428, 35.623242365434166 ], [ 129.189816883936174, 35.62338374279993 ], [ 129.190567325228017, 35.625863537364999 ], [ 129.192329468949055, 35.628414156408724 ], [ 129.192371800840391, 35.628462571957243 ], [ 129.192432921237753, 35.628510990317714 ], [ 129.1925163416619, 35.628567427135764 ], [ 129.192687732863277, 35.628621046263369 ], [ 129.19283559765833, 35.628647751812586 ], [ 129.19299989970861, 35.628674439779267 ], [ 129.193126617415771, 35.628690402188198 ], [ 129.19326740083568, 35.628697360635243 ], [ 129.193377675539438, 35.628697198533096 ], [ 129.193497294240842, 35.628695205571347 ], [ 129.193638020610621, 35.628669833984006 ], [ 129.193832662411012, 35.628633602413686 ], [ 129.193950893562516, 35.628596523229568 ], [ 129.194149586520751, 35.628520843045962 ], [ 129.194374340533557, 35.628434363481503 ], [ 129.194562977265292, 35.628363321795838 ], [ 129.194705515618239, 35.62832156805591 ], [ 129.194838004826408, 35.628289044713981 ], [ 129.194940404509225, 35.628268893466291 ], [ 129.195040809635969, 35.628257985565767 ], [ 129.195097056501851, 35.628257882693802 ], [ 129.195199554195568, 35.628279244052131 ], [ 129.195275977292795, 35.628317568477257 ], [ 129.19540673112752, 35.628394251409851 ], [ 129.195503338757874, 35.628472530092338 ], [ 129.195569822204646, 35.628553945481698 ], [ 129.19761893664429, 35.631585532362259 ], [ 129.197672378819306, 35.631664741285519 ], [ 129.197710400234087, 35.631734198542169 ], [ 129.197793668471292, 35.631972775326616 ], [ 129.197825090274705, 35.632137108841739 ], [ 129.197830373286848, 35.632217983777537 ], [ 129.197826087528739, 35.632431764279445 ], [ 129.19783834801018, 35.632520915977004 ], [ 129.1978513174314, 35.632573365756016 ], [ 129.197870699392269, 35.632619235976286 ], [ 129.197902915203258, 35.632667710054108 ], [ 129.198500340635178, 35.633414325092396 ], [ 129.198607398979419, 35.633538750425082 ], [ 129.198652479461941, 35.633591133936051 ], [ 129.198715282398297, 35.63366316762373 ], [ 129.198923648144756, 35.633859570881299 ], [ 129.198984746402601, 35.633901446444497 ], [ 129.199105341319296, 35.63397599029885 ], [ 129.199192126638479, 35.634013890041388 ], [ 129.199246758361426, 35.634036100775589 ], [ 129.199386537816082, 35.634077846769372 ], [ 129.199514253631776, 35.634115662726394 ], [ 129.19963308967769, 35.634129898375676 ], [ 129.202690462179618, 35.634419944690862 ], [ 129.202942541191135, 35.634436569020266 ], [ 129.203136018527061, 35.634444104875747 ], [ 129.203331840457395, 35.634433278448171 ], [ 129.20346822747814, 35.634408140578387 ], [ 129.203594159175907, 35.63437776297274 ], [ 129.204016036812192, 35.634235418623078 ], [ 129.204114654811377, 35.634191961847385 ], [ 129.204161139794536, 35.634163017055521 ], [ 129.204228412259482, 35.634099962954252 ], [ 129.204949096099512, 35.633099332224575 ], [ 129.210205322910866, 35.627903679303586 ], [ 129.210541238862987, 35.627588116975311 ], [ 129.210683626603668, 35.627462038211988 ], [ 129.210975657509806, 35.627247647275155 ], [ 129.211050457892213, 35.627194668776632 ], [ 129.211158095508893, 35.627131147402345 ], [ 129.211219609588682, 35.627100844185328 ], [ 129.211270921997198, 35.627091525429414 ], [ 129.211476232124198, 35.627083198941904 ], [ 129.212070378029665, 35.626976905238507 ], [ 129.213227065039291, 35.626462342922324 ], [ 129.213530379585421, 35.626248334411805 ], [ 129.214661584186246, 35.625423873837661 ] ] ] ] } },
{ "type": "Feature", "properties": { "OBJECTID": 1133, "adm_nm": "울산광역시 울주군 온양읍", "adm_cd": "2631013", "adm_cd2": "3171025600", "sgg": "31710", "sido": "31", "sidonm": "울산광역시", "sggnm": "울주군" }, "geometry": { "type": "MultiPolygon", "coordinates": [ [ [ [ 129.297710331791393, 35.457291681020102 ], [ 129.297843933443659, 35.457093350183918 ], [ 129.298117237558841, 35.456191470135593 ], [ 129.29830496665312, 35.455427050638889 ], [ 129.298844721585567, 35.452330295647336 ], [ 129.298842657194001, 35.451765873022993 ], [ 129.298566398864324, 35.45132698298282 ], [ 129.298014123814653, 35.450550702299957 ], [ 129.296764877782238, 35.447800111213674 ], [ 129.297294239024239, 35.444688018718168 ], [ 129.296919415706071, 35.441893358770116 ], [ 129.293806914972834, 35.440587458630169 ], [ 129.29356888648374, 35.440727807925064 ], [ 129.293342936928411, 35.440834853187404 ], [ 129.292510727748009, 35.441200713202832 ], [ 129.292421406335677, 35.44123646108865 ], [ 129.289854317582467, 35.441588715366606 ], [ 129.289804193377876, 35.44159327212958 ], [ 129.28725595040703, 35.441523890981252 ], [ 129.287190870323258, 35.441517394440957 ], [ 129.287106748628872, 35.441488737928566 ], [ 129.284712772545987, 35.440584710968636 ], [ 129.284431509229279, 35.438530481349559 ], [ 129.284424334008406, 35.431963861000561 ], [ 129.285179979764592, 35.429499304759574 ], [ 129.285472846087288, 35.428775312072027 ], [ 129.285498531537399, 35.428718299521982 ], [ 129.285644960940118, 35.428393292032091 ], [ 129.285847035660993, 35.428032797161976 ], [ 129.286457831564206, 35.427401347104571 ], [ 129.286656418448047, 35.427213853083941 ], [ 129.289080091023607, 35.425529739688947 ], [ 129.292300573699151, 35.425072525601166 ], [ 129.293020406596952, 35.424895166289836 ], [ 129.293302183541499, 35.424812372536145 ], [ 129.293844930094224, 35.424621760935018 ], [ 129.294218467747072, 35.424484030571314 ], [ 129.294478717322676, 35.42438759287797 ], [ 129.297703926695021, 35.423113990216024 ], [ 129.298256245002051, 35.422891455456387 ], [ 129.302291303356213, 35.42373305798295 ], [ 129.3023800940027, 35.423882439929102 ], [ 129.30359144001244, 35.425748558262271 ], [ 129.303749910973949, 35.425990653847322 ], [ 129.304593180145986, 35.426964273889013 ], [ 129.30493157396802, 35.427283286997429 ], [ 129.305312044524754, 35.427611069245089 ], [ 129.30537513590923, 35.427631556949073 ], [ 129.305438159622611, 35.427631397837395 ], [ 129.305520012074766, 35.427607975224653 ], [ 129.311580706416095, 35.424789422597499 ], [ 129.311757688355243, 35.424697447421273 ], [ 129.311807814176291, 35.424622492782269 ], [ 129.311842004011794, 35.42449858341547 ], [ 129.311863016365095, 35.424340740722585 ], [ 129.311458622295191, 35.42343102428017 ], [ 129.310271429951825, 35.421611821327062 ], [ 129.309146752427608, 35.419878177918015 ], [ 129.308922756633905, 35.419488786928952 ], [ 129.308849175635117, 35.419265980168134 ], [ 129.308848725119105, 35.419142097368805 ], [ 129.308890744340175, 35.419037921352782 ], [ 129.309029622687177, 35.418893867101644 ], [ 129.309235269988534, 35.41877937050446 ], [ 129.309893405857053, 35.418625517897027 ], [ 129.310541786775161, 35.41856934303874 ], [ 129.310956277367438, 35.418548708287155 ], [ 129.311186444197205, 35.418503524583379 ], [ 129.311410391744488, 35.418418703215217 ], [ 129.311579712016027, 35.418314206585229 ], [ 129.312402247464973, 35.4177439384761 ], [ 129.312498780693744, 35.417629725638847 ], [ 129.312588889756285, 35.417416415356001 ], [ 129.312624250966621, 35.417153690868666 ], [ 129.312721952827729, 35.415768936710315 ], [ 129.312720782016441, 35.415466673973746 ], [ 129.312701920101858, 35.415288325658189 ], [ 129.31234254137982, 35.413102953200671 ], [ 129.31229297725352, 35.412820614850169 ], [ 129.312231678731024, 35.412642377729213 ], [ 129.312073318181177, 35.412292964503209 ], [ 129.311853866781178, 35.411966466991821 ], [ 129.310596759130391, 35.410268257244859 ], [ 129.310353281635855, 35.409996322634868 ], [ 129.310093789568668, 35.409804527822295 ], [ 129.309856968161739, 35.409686200305707 ], [ 129.309680670088881, 35.409547898687258 ], [ 129.308940507505355, 35.408728745143087 ], [ 129.308668935259334, 35.40838381045846 ], [ 129.308522182430607, 35.408047205631306 ], [ 129.307680298613946, 35.405812793665952 ], [ 129.30762500445303, 35.405438522499971 ], [ 129.307648400687498, 35.405215467888077 ], [ 129.307708398886376, 35.405056759616713 ], [ 129.307829028801393, 35.404902824162932 ], [ 129.308042880496401, 35.404709146018703 ], [ 129.307659248589744, 35.403572735653057 ], [ 129.305836136066034, 35.401323994720848 ], [ 129.303943063610717, 35.399423746435602 ], [ 129.302222562124427, 35.39548800920165 ], [ 129.302764651830898, 35.394212817710617 ], [ 129.302741602933708, 35.393974717786236 ], [ 129.301820573028238, 35.391881080775491 ], [ 129.301105348736741, 35.387053596977076 ], [ 129.301064928809922, 35.386862128755993 ], [ 129.301011343249172, 35.386695998941235 ], [ 129.300699930710323, 35.385866883026686 ], [ 129.300575702986521, 35.385686486296656 ], [ 129.30021264917923, 35.385178727751104 ], [ 129.299937798461627, 35.384843287310645 ], [ 129.299721932652432, 35.384642390186279 ], [ 129.299381609981083, 35.3845058829991 ], [ 129.299235772273533, 35.384452033915323 ], [ 129.29909887900854, 35.384423451386262 ], [ 129.298914506191494, 35.384337889973736 ], [ 129.298750931398956, 35.38425878008568 ], [ 129.296541045419019, 35.382794551966072 ], [ 129.296435677326457, 35.382686539688784 ], [ 129.296243918907351, 35.382339922236724 ], [ 129.296106739569268, 35.382039346787138 ], [ 129.295891063970657, 35.381528792190885 ], [ 129.295839818308167, 35.381334670894333 ], [ 129.295503168972914, 35.379625514908817 ], [ 129.293673292656138, 35.377504424428032 ], [ 129.293363681840674, 35.377170806557814 ], [ 129.292887373167162, 35.376837592231823 ], [ 129.292236203445924, 35.37655256685845 ], [ 129.291760899491578, 35.376499122810067 ], [ 129.29157971338131, 35.376497669450785 ], [ 129.29110239792405, 35.376493872576127 ], [ 129.290494938521022, 35.376775103256534 ], [ 129.290220915356599, 35.377069175321019 ], [ 129.290046704468466, 35.377301598808124 ], [ 129.289897516159328, 35.377540785170119 ], [ 129.286156588074334, 35.379525253411167 ], [ 129.282001602877187, 35.379784939527177 ], [ 129.281885048404519, 35.379807505353057 ], [ 129.281611003200112, 35.379875395882074 ], [ 129.281228938303656, 35.3800685451668 ], [ 129.276665067474937, 35.382435393181446 ], [ 129.276482804302361, 35.382566361757661 ], [ 129.276354936853892, 35.382694027416683 ], [ 129.274818632364884, 35.384815069581272 ], [ 129.274783869494456, 35.384882021410093 ], [ 129.274754928005535, 35.38552850682715 ], [ 129.274751588448765, 35.385694089104064 ], [ 129.274759825083208, 35.385827831877286 ], [ 129.274915769016047, 35.387105967362636 ], [ 129.274975190652583, 35.387432217088048 ], [ 129.275014506086706, 35.387559501492319 ], [ 129.275798772050649, 35.389525628959582 ], [ 129.275896734069846, 35.389751487196087 ], [ 129.276068585726222, 35.389978763258284 ], [ 129.276240390297431, 35.390188537207948 ], [ 129.276349518526189, 35.390267899706018 ], [ 129.276555878641346, 35.390351838870195 ], [ 129.276797131050188, 35.390405392664015 ], [ 129.277011264804941, 35.390490892638915 ], [ 129.277143785225633, 35.390586118136675 ], [ 129.277229675062387, 35.390687815769411 ], [ 129.27724941146073, 35.39077534092894 ], [ 129.277238040710102, 35.390858165218226 ], [ 129.277057525510486, 35.391516126952702 ], [ 129.27645652806487, 35.392009477859645 ], [ 129.273993989272583, 35.392785652175156 ], [ 129.27212164675899, 35.393177162269389 ], [ 129.270768544899227, 35.393827538216776 ], [ 129.270327399021824, 35.394057930761569 ], [ 129.270001164425508, 35.394246555953842 ], [ 129.26997843772557, 35.394286358568131 ], [ 129.269874687139492, 35.394683162211173 ], [ 129.269799185967116, 35.394802778229334 ], [ 129.269624378111587, 35.394898739620956 ], [ 129.269426065484026, 35.39495172692493 ], [ 129.269099168123518, 35.394957229096669 ], [ 129.268789638251604, 35.394919694212795 ], [ 129.266423227297508, 35.394270316322945 ], [ 129.265950643305302, 35.393994229558231 ], [ 129.265253638599461, 35.393279048418691 ], [ 129.265206682974309, 35.393202706862049 ], [ 129.265106004830642, 35.392758552588724 ], [ 129.265099196163533, 35.392462344475113 ], [ 129.265121917863638, 35.392267355605263 ], [ 129.265271826173802, 35.391693653517379 ], [ 129.265438601259035, 35.390919239210128 ], [ 129.26555260654186, 35.390082829667605 ], [ 129.265691024927264, 35.387775697907834 ], [ 129.265373425433211, 35.386270762311369 ], [ 129.265270764726552, 35.386471762838077 ], [ 129.262335583196062, 35.385581267520621 ], [ 129.259946791611384, 35.384640469669293 ], [ 129.256631100998021, 35.384789973531227 ], [ 129.256200149113738, 35.384841258143908 ], [ 129.256120312404732, 35.384850759146993 ], [ 129.25508512168534, 35.385527532501989 ], [ 129.254565230971252, 35.386015004142976 ], [ 129.254514532656003, 35.386475886153171 ], [ 129.253434516520457, 35.386851961310732 ], [ 129.252003576056921, 35.387214975105387 ], [ 129.251939001795535, 35.387190480057548 ], [ 129.250907301644702, 35.386799112627259 ], [ 129.250790594559618, 35.386150843336303 ], [ 129.251195979078602, 35.385723355410121 ], [ 129.250946681205278, 35.38455126689972 ], [ 129.250391561484975, 35.383758845458708 ], [ 129.249201933525342, 35.383488229691693 ], [ 129.247359963568016, 35.384737821928169 ], [ 129.241955805893127, 35.385654646093734 ], [ 129.241643078168011, 35.385697939599289 ], [ 129.241309025611287, 35.385579142034281 ], [ 129.236694192951973, 35.382265142869905 ], [ 129.236173194253439, 35.380923537468576 ], [ 129.235814564209022, 35.38038853528321 ], [ 129.235635797566033, 35.380307717934315 ], [ 129.233692567340739, 35.380603662405541 ], [ 129.232820601381349, 35.380913764469931 ], [ 129.232345381865372, 35.381223116827428 ], [ 129.231195914050204, 35.381614901407438 ], [ 129.23040198233349, 35.3814703040089 ], [ 129.226284791410393, 35.380602006023253 ], [ 129.224081307337059, 35.380054160476924 ], [ 129.223346139297291, 35.379617219250179 ], [ 129.222948986090017, 35.37947184233311 ], [ 129.222671088955821, 35.379407415893716 ], [ 129.221983917098953, 35.379298477678624 ], [ 129.217721409231558, 35.378673069038364 ], [ 129.217355505821615, 35.378687660471414 ], [ 129.210953403119447, 35.380436132744606 ], [ 129.209031442505818, 35.380996592114911 ], [ 129.208708475806304, 35.381171275447073 ], [ 129.204312984231166, 35.384288615944968 ], [ 129.203395954988395, 35.385153719966709 ], [ 129.203214627707126, 35.385501573238372 ], [ 129.203147347858334, 35.38582899820247 ], [ 129.202973684207876, 35.38786983020016 ], [ 129.203688794622479, 35.388911919078943 ], [ 129.205351457453048, 35.391590250437389 ], [ 129.205388878111279, 35.391714448327001 ], [ 129.205563940590821, 35.392259478639289 ], [ 129.205709959201499, 35.392654076381838 ], [ 129.205911699899957, 35.393077580398852 ], [ 129.206006635085203, 35.393270704368746 ], [ 129.206091275306477, 35.393400336677075 ], [ 129.206142034363097, 35.393466520252225 ], [ 129.206257070533212, 35.393612665012171 ], [ 129.207090369730281, 35.394363675077145 ], [ 129.207179891408799, 35.394417368313448 ], [ 129.207335145901965, 35.394464047667036 ], [ 129.207456662683512, 35.394499740562431 ], [ 129.207622100311255, 35.394568480809355 ], [ 129.207839959676363, 35.394690973869864 ], [ 129.208083192659757, 35.394842429753538 ], [ 129.208184604344979, 35.394930620549566 ], [ 129.208272514883532, 35.395010537552558 ], [ 129.209489940978102, 35.396270304655552 ], [ 129.210059796612057, 35.396867120529734 ], [ 129.210154635483661, 35.397021574737607 ], [ 129.210188624723173, 35.397123682790486 ], [ 129.210621012030259, 35.399336040893516 ], [ 129.210718931636876, 35.400027542830806 ], [ 129.210729276758769, 35.400115883530653 ], [ 129.215192539190468, 35.40387101138645 ], [ 129.215253374208913, 35.404001032515012 ], [ 129.21536075569162, 35.404570896901774 ], [ 129.215482865348378, 35.404985853167823 ], [ 129.21568770737963, 35.405233337591994 ], [ 129.217150041718781, 35.406789472779423 ], [ 129.21724857002738, 35.406869859284988 ], [ 129.218820729458429, 35.407702258763862 ], [ 129.219289947090601, 35.407819146961224 ], [ 129.219584140992538, 35.407896732794846 ], [ 129.219712924531734, 35.407970865965417 ], [ 129.21981160741359, 35.408107000777051 ], [ 129.219963646005624, 35.408397960273227 ], [ 129.219994902334804, 35.408769680617276 ], [ 129.21992337507757, 35.409012282896718 ], [ 129.219859833783516, 35.409166495362811 ], [ 129.219251253777202, 35.410429513411565 ], [ 129.218648981808713, 35.411465392689372 ], [ 129.218242345470998, 35.412135324422188 ], [ 129.217595561057976, 35.413062891560855 ], [ 129.217437174962498, 35.413230476751082 ], [ 129.216425323031615, 35.413851922488334 ], [ 129.215722827174972, 35.414193964194091 ], [ 129.215564112833619, 35.414237634709096 ], [ 129.212559162297737, 35.417514560154913 ], [ 129.211339073910693, 35.419075169441136 ], [ 129.211188142287881, 35.41920555576128 ], [ 129.210349844617951, 35.419715100570869 ], [ 129.210236405032248, 35.419721491133522 ], [ 129.208084947394639, 35.419983991110605 ], [ 129.20729862535245, 35.420121645360645 ], [ 129.203125476192639, 35.420935564565298 ], [ 129.202707102506139, 35.421150732393137 ], [ 129.202148111126718, 35.42145528659789 ], [ 129.202019895290931, 35.421604216249705 ], [ 129.200182667431164, 35.42413235901487 ], [ 129.200190429461429, 35.424212913143641 ], [ 129.201092010797396, 35.428807273045827 ], [ 129.20220153355308, 35.429992785724338 ], [ 129.20303846803003, 35.430289451012747 ], [ 129.205249232299934, 35.431055871936174 ], [ 129.206001858840864, 35.431204638094499 ], [ 129.206342147408236, 35.431252270765867 ], [ 129.206728091829603, 35.431256985232899 ], [ 129.206904695568426, 35.43125131121451 ], [ 129.206983271599512, 35.43127798585472 ], [ 129.207101285277247, 35.431384957138462 ], [ 129.208761763140416, 35.437240857053219 ], [ 129.208881369049266, 35.43796400892338 ], [ 129.20889574168703, 35.438467650802423 ], [ 129.208898919128416, 35.439756562555999 ], [ 129.208703459762745, 35.440067689920042 ], [ 129.208631687553947, 35.44015174460278 ], [ 129.208631952618077, 35.440264253794886 ], [ 129.208677998500434, 35.440355279301087 ], [ 129.208861729197849, 35.440569292757836 ], [ 129.209123879078703, 35.440751027315862 ], [ 129.211825130760985, 35.441804351479945 ], [ 129.212780885430163, 35.442027724551885 ], [ 129.213416071803778, 35.442251673281653 ], [ 129.214834044760408, 35.442761914168869 ], [ 129.214906130721118, 35.442804650986339 ], [ 129.214932456648853, 35.442863548103581 ], [ 129.21464060860086, 35.443839262884033 ], [ 129.214550425997913, 35.44410977853935 ], [ 129.21451727962895, 35.444209200210075 ], [ 129.214386957199906, 35.44440768633433 ], [ 129.214068450092327, 35.444829282476817 ], [ 129.214003292056844, 35.444936564797374 ], [ 129.214010022204548, 35.445006223528814 ], [ 129.215237270094548, 35.446667543227704 ], [ 129.21540138247201, 35.44687086029586 ], [ 129.215978739574638, 35.447475323485619 ], [ 129.216850068152041, 35.448377358977396 ], [ 129.216987744097395, 35.448484284403619 ], [ 129.217066289249885, 35.448494865420713 ], [ 129.219125517549969, 35.448533903231578 ], [ 129.219328247766271, 35.448506760297988 ], [ 129.219544087764291, 35.448468855146118 ], [ 129.219855683803843, 35.448355971438488 ], [ 129.220358934753278, 35.448156805641297 ], [ 129.220639931938621, 35.448033060650793 ], [ 129.22086890316632, 35.448021921184449 ], [ 129.221196125037864, 35.448053473753063 ], [ 129.223102176193606, 35.448395964260918 ], [ 129.22338392466574, 35.448457388973182 ], [ 129.223424729809352, 35.448476225534471 ], [ 129.223510126986184, 35.448515660244183 ], [ 129.225066440952503, 35.449537162070115 ], [ 129.22593802275594, 35.450587135107334 ], [ 129.226064500220872, 35.450731444639757 ], [ 129.227113218593331, 35.451857128926605 ], [ 129.229154212040186, 35.45322986078002 ], [ 129.229303891582191, 35.453285206489539 ], [ 129.230284727544728, 35.453644292277737 ], [ 129.231403038945189, 35.454029124612717 ], [ 129.231580847985981, 35.454081033805089 ], [ 129.231669486995031, 35.454090920348072 ], [ 129.231722023211432, 35.454087938802054 ], [ 129.235092741063312, 35.453326206399595 ], [ 129.235302912988146, 35.453274415768185 ], [ 129.235472208660411, 35.453215762258552 ], [ 129.235516774156991, 35.453176796024074 ], [ 129.235549153603699, 35.453137370334218 ], [ 129.235552872431242, 35.453075671347804 ], [ 129.235622630509056, 35.452356944858437 ], [ 129.23578813492071, 35.451529142340377 ], [ 129.235875886416352, 35.451360321761278 ], [ 129.236194669480028, 35.451146347213253 ], [ 129.237796770880607, 35.450445395065564 ], [ 129.238094881027791, 35.450348446460772 ], [ 129.241470107436186, 35.45003500383558 ], [ 129.241650846367406, 35.450038080874556 ], [ 129.241844336851472, 35.450096192000025 ], [ 129.243412102525497, 35.450639365705385 ], [ 129.244243317272606, 35.451000116674173 ], [ 129.244912503908438, 35.45101727864072 ], [ 129.245131232699606, 35.451078787049305 ], [ 129.246981491680003, 35.452030260722559 ], [ 129.24706570382375, 35.452085128201595 ], [ 129.247204966495872, 35.452277582087625 ], [ 129.247403881664553, 35.452734876173139 ], [ 129.247622202984786, 35.453105306027794 ], [ 129.247707953911942, 35.453208369511984 ], [ 129.247941383152096, 35.453453626761153 ], [ 129.248253361937913, 35.453693461564903 ], [ 129.248474342100167, 35.453859217433866 ], [ 129.248939928948118, 35.454146475213214 ], [ 129.248996180674368, 35.454164048670542 ], [ 129.24908698131739, 35.454163862343876 ], [ 129.249186397283466, 35.454160120727579 ], [ 129.250237922625246, 35.453802559717388 ], [ 129.252333314428711, 35.453048243548039 ], [ 129.252376352504228, 35.453029512155226 ], [ 129.252711612836777, 35.452588414927185 ], [ 129.252933391961619, 35.452246491641141 ], [ 129.253466921939037, 35.45152947456873 ], [ 129.253826115689066, 35.451162048220091 ], [ 129.253853734511353, 35.451136331690826 ], [ 129.254005755267372, 35.45099482405503 ], [ 129.254072003856493, 35.450953948355306 ], [ 129.254133615078928, 35.450949924551622 ], [ 129.25423325257276, 35.450969119739106 ], [ 129.255234273299351, 35.451170725262308 ], [ 129.255509493603626, 35.451243879411216 ], [ 129.255884409716629, 35.451357561662405 ], [ 129.256098039659236, 35.451446352446908 ], [ 129.258176845713649, 35.451994710494503 ], [ 129.261739093942737, 35.452916571113768 ], [ 129.262047186286225, 35.452888736079437 ], [ 129.262786511887668, 35.452792089725214 ], [ 129.263042379509756, 35.452739131876456 ], [ 129.26698138484997, 35.452433708375075 ], [ 129.267085660984776, 35.452427654090577 ], [ 129.268574226046496, 35.452366165448232 ], [ 129.268740199322139, 35.452373554413981 ], [ 129.271960432656925, 35.452663529886706 ], [ 129.272056196175413, 35.452674509075301 ], [ 129.272963973195573, 35.452805554455523 ], [ 129.27307424024275, 35.452822217596662 ], [ 129.27323283406858, 35.452866972786545 ], [ 129.273336295511427, 35.452900558307547 ], [ 129.273439811461174, 35.452956702926002 ], [ 129.273537413090821, 35.453029363023049 ], [ 129.278613770736115, 35.457154294588157 ], [ 129.278664193214667, 35.457198047471799 ], [ 129.278694561304775, 35.45726104162884 ], [ 129.27874533749997, 35.457414485949066 ], [ 129.278816003622296, 35.457988824054453 ], [ 129.278809535106888, 35.458057406123373 ], [ 129.27875622970916, 35.458145274480493 ], [ 129.278669480367, 35.458252421889171 ], [ 129.278388790791183, 35.458469689998985 ], [ 129.279028326688746, 35.460305534288764 ], [ 129.284145770475391, 35.462061005324365 ], [ 129.284293376385364, 35.462110024401852 ], [ 129.284430874015982, 35.462142611814272 ], [ 129.284561574578078, 35.462150539038305 ], [ 129.286597495545152, 35.462262295225102 ], [ 129.286758317546202, 35.462261898319611 ], [ 129.286989331311332, 35.462209257524954 ], [ 129.287206856065893, 35.462131964480434 ], [ 129.287364096381168, 35.462063041287095 ], [ 129.287588191437209, 35.461952800273828 ], [ 129.288456216050008, 35.4615380433684 ], [ 129.288656923423815, 35.46144432949805 ], [ 129.289083443858885, 35.461249986149447 ], [ 129.289374540400047, 35.461134121830774 ], [ 129.289618794226158, 35.461040305174834 ], [ 129.290032110163224, 35.460906314370021 ], [ 129.29046390943509, 35.460781879109632 ], [ 129.290627936904542, 35.460743099162677 ], [ 129.290977834055184, 35.460672331112349 ], [ 129.291299337767299, 35.460630430421205 ], [ 129.29159743474429, 35.460605035419633 ], [ 129.292496646980993, 35.460483579208301 ], [ 129.29316795846961, 35.460354451236576 ], [ 129.293546193327302, 35.460249332827118 ], [ 129.293649967093842, 35.460218923421415 ], [ 129.294083244008078, 35.460049222705329 ], [ 129.294451217745376, 35.459883796558401 ], [ 129.295493136703072, 35.459394513038845 ], [ 129.295737248676573, 35.459265040672939 ], [ 129.296043184952424, 35.459087424661689 ], [ 129.296337362945991, 35.458902976232885 ], [ 129.296581213964885, 35.458702196890044 ], [ 129.296734802637758, 35.458559231925129 ], [ 129.296893318425788, 35.458384715597724 ], [ 129.297150167059868, 35.458074208458427 ], [ 129.297340203929309, 35.457815977597427 ], [ 129.297433531230837, 35.457684119099831 ], [ 129.297710331791393, 35.457291681020102 ] ] ] ] } },
{ "type": "Feature", "properties": { "OBJECTID": 1134, "adm_nm": "울산광역시 울주군 범서읍", "adm_cd": "2631014", "adm_cd2": "3171025900", "sgg": "31710", "sido": "31", "sidonm": "울산광역시", "sggnm": "울주군" }, "geometry": { "type": "MultiPolygon", "coordinates": [ [ [ [ 129.295807960640985, 35.644303098946303 ], [ 129.297120550014057, 35.642788988047869 ], [ 129.296641086866828, 35.641916015600735 ], [ 129.296213325052179, 35.638906167808024 ], [ 129.296193603960774, 35.638387901701421 ], [ 129.296779584619259, 35.635092950434455 ], [ 129.296807516061762, 35.634937847020744 ], [ 129.296999361899395, 35.633872596819998 ], [ 129.297819202041495, 35.633199677338986 ], [ 129.298190057938342, 35.632405883496602 ], [ 129.298259849460777, 35.631063916232918 ], [ 129.297578972513804, 35.628869901168635 ], [ 129.296976686340997, 35.627712567113299 ], [ 129.296526395142564, 35.62722573801306 ], [ 129.295703032080127, 35.626922793736618 ], [ 129.29465251534856, 35.625827508078139 ], [ 129.294554675379544, 35.620609844286172 ], [ 129.294621629904896, 35.618474980517789 ], [ 129.295367039256007, 35.617924257865397 ], [ 129.296635185923407, 35.617250244150448 ], [ 129.297829689334151, 35.616881360923095 ], [ 129.299914500994817, 35.614741524137656 ], [ 129.300136667317588, 35.614192044439804 ], [ 129.299371649496464, 35.609436634753251 ], [ 129.299070689727387, 35.608888459100022 ], [ 129.298471243785002, 35.60846299297733 ], [ 129.297422953514427, 35.607916652894204 ], [ 129.296525282017399, 35.607674881497715 ], [ 129.296075092652444, 35.607188056904597 ], [ 129.29304509684107, 35.602551714278974 ], [ 129.292906945694114, 35.601599285967289 ], [ 129.292903733632812, 35.600713232396238 ], [ 129.292855043037207, 35.600530381433423 ], [ 129.292809406548372, 35.600359040561472 ], [ 129.291592272221521, 35.598286079864238 ], [ 129.291405721364413, 35.598159944982079 ], [ 129.290099881113946, 35.59727701741874 ], [ 129.289537707780937, 35.596189780479342 ], [ 129.289472956036576, 35.595430472701779 ], [ 129.290128518093951, 35.594827401882768 ], [ 129.290315488785126, 35.59423108156372 ], [ 129.291170055455751, 35.590393568536783 ], [ 129.291143535755879, 35.588724349445293 ], [ 129.291099497708331, 35.586936052527662 ], [ 129.291024338716909, 35.58631839093345 ], [ 129.290996570823637, 35.586199357683583 ], [ 129.290959669748446, 35.586080338472193 ], [ 129.290720884487257, 35.585589633671646 ], [ 129.290656802914413, 35.58551534840479 ], [ 129.289203374261405, 35.584409672817003 ], [ 129.289139421425574, 35.58436517079938 ], [ 129.288728503302025, 35.584172619310628 ], [ 129.288628100826173, 35.584135635811045 ], [ 129.286127799304069, 35.583426934676929 ], [ 129.285899857009014, 35.583412593088958 ], [ 129.28569033312715, 35.58345030742781 ], [ 129.283895052494643, 35.583990485642332 ], [ 129.28216561243687, 35.583915130635795 ], [ 129.277823156445407, 35.585193314026874 ], [ 129.27356439371377, 35.586056731269601 ], [ 129.273285818032718, 35.58612645991213 ], [ 129.273032228594445, 35.586220538020264 ], [ 129.272704354667326, 35.58637544836904 ], [ 129.272523289819389, 35.586483133292099 ], [ 129.271751710748902, 35.587034384834908 ], [ 129.271310312449998, 35.587207622514967 ], [ 129.271009344488419, 35.587314929398083 ], [ 129.270557549361655, 35.587381545182971 ], [ 129.270226105376025, 35.587390488152764 ], [ 129.267783986436768, 35.587010416597671 ], [ 129.267472207436043, 35.586896278661399 ], [ 129.267331121420568, 35.5867571489444 ], [ 129.267058796590362, 35.586413267394498 ], [ 129.266786147105677, 35.585979167909969 ], [ 129.26601754446358, 35.58438968856305 ], [ 129.265370268409782, 35.583037779022916 ], [ 129.265298630615263, 35.582636041216993 ], [ 129.265297822263165, 35.582389994590919 ], [ 129.265483824698805, 35.580913230073655 ], [ 129.263313497383251, 35.580655500139351 ], [ 129.26234076746573, 35.581125125116017 ], [ 129.262170964046476, 35.581154400615802 ], [ 129.262099845441924, 35.581166656402992 ], [ 129.261878878460351, 35.581167117958408 ], [ 129.260099188457303, 35.58093645651514 ], [ 129.259366484726513, 35.58072962176233 ], [ 129.257968478901773, 35.580133861834597 ], [ 129.257807463887474, 35.58003577965836 ], [ 129.257112808716045, 35.579520537681908 ], [ 129.257082414460143, 35.579438585591397 ], [ 129.256980907358979, 35.57910251147198 ], [ 129.256909279669003, 35.578684370811359 ], [ 129.256908706919603, 35.578503929182808 ], [ 129.256948823105773, 35.578487448705822 ], [ 129.259170386615153, 35.575899140180276 ], [ 129.261301859162671, 35.572717904108728 ], [ 129.261598724141237, 35.572106371659991 ], [ 129.261889123548031, 35.569499261672448 ], [ 129.261887394315977, 35.568969816955821 ], [ 129.261483985790875, 35.567423084796793 ], [ 129.260944867144133, 35.566221932027318 ], [ 129.260810229875517, 35.565486357766488 ], [ 129.261069520728284, 35.562455373617603 ], [ 129.262293106946601, 35.561091222494753 ], [ 129.265191661371261, 35.557395391562729 ], [ 129.265117737448094, 35.557279005010052 ], [ 129.264371856058773, 35.55589295027319 ], [ 129.261811406172285, 35.554106770564395 ], [ 129.26055288229233, 35.55210671634574 ], [ 129.260285735093589, 35.552285220210756 ], [ 129.259883689798443, 35.552553827714547 ], [ 129.257824540781229, 35.553916863255971 ], [ 129.257791068281222, 35.553934514570088 ], [ 129.256253486389511, 35.554745014767171 ], [ 129.254395731601193, 35.553171517720457 ], [ 129.253932603698189, 35.552634891924249 ], [ 129.252895193183122, 35.551336905388972 ], [ 129.252312539739989, 35.549547808607208 ], [ 129.249401490165752, 35.54549402673269 ], [ 129.247185140921232, 35.543927090317673 ], [ 129.244179680026463, 35.54283751537055 ], [ 129.243233135397332, 35.541453681768509 ], [ 129.241971725777006, 35.539884810399442 ], [ 129.241920608498503, 35.539832489589514 ], [ 129.241848400243924, 35.53977590634063 ], [ 129.241735716399916, 35.539702893275738 ], [ 129.241591458614323, 35.539639988867236 ], [ 129.241492977533369, 35.539614323262953 ], [ 129.241338313888036, 35.539600266662376 ], [ 129.240897242343124, 35.53959396915397 ], [ 129.240161698346498, 35.539553702296423 ], [ 129.239004487522664, 35.539481378361323 ], [ 129.23881632046357, 35.539462031088483 ], [ 129.237415343473714, 35.53717081053302 ], [ 129.236672844549361, 35.53622137933872 ], [ 129.236167264451637, 35.535882349377616 ], [ 129.235914166488783, 35.535864143382135 ], [ 129.235713028372402, 35.535882485983898 ], [ 129.233965220622309, 35.536344732570335 ], [ 129.231078279798254, 35.536930496092289 ], [ 129.230844869143084, 35.537034334345364 ], [ 129.2296085258875, 35.537525475610394 ], [ 129.229522392005009, 35.537551838678127 ], [ 129.229415995439354, 35.53752390382563 ], [ 129.229209213698851, 35.537407254841732 ], [ 129.229085986088478, 35.537327062317765 ], [ 129.228946003013107, 35.537224644726237 ], [ 129.228852676492266, 35.537154435826459 ], [ 129.228687108058836, 35.53701113531023 ], [ 129.228584976804257, 35.536930891295611 ], [ 129.228330253817091, 35.53675808303133 ], [ 129.228146778477679, 35.536680383123425 ], [ 129.228002550894388, 35.536634705317944 ], [ 129.223701916206608, 35.53560864520928 ], [ 129.216461075649789, 35.534080195627546 ], [ 129.21619854117273, 35.534042972626786 ], [ 129.215939672803472, 35.534056481981317 ], [ 129.215774875376837, 35.534103154676629 ], [ 129.215510893004364, 35.534190596614309 ], [ 129.215017069737485, 35.534376250574461 ], [ 129.214589590326682, 35.534490829803588 ], [ 129.214345131653971, 35.534584024627378 ], [ 129.214121975215164, 35.534691665180347 ], [ 129.214000738493297, 35.534779573413843 ], [ 129.213903427886663, 35.534865271639923 ], [ 129.213340285957997, 35.535485899131331 ], [ 129.213294414317602, 35.535577313649711 ], [ 129.212622356181669, 35.537616438149747 ], [ 129.212548668649475, 35.537920951382667 ], [ 129.212524286539775, 35.538086247432894 ], [ 129.212530018862026, 35.538245672274918 ], [ 129.212560452758964, 35.538355773217162 ], [ 129.212671032195942, 35.538596195261476 ], [ 129.212798570390561, 35.538879337863882 ], [ 129.212935036038687, 35.53918711494196 ], [ 129.212999320369505, 35.539358031752165 ], [ 129.21313154020001, 35.539727423675622 ], [ 129.213141553448708, 35.539831042287119 ], [ 129.2131036122598, 35.53989995718463 ], [ 129.212199463840506, 35.541365509597171 ], [ 129.212125152505223, 35.541429405312783 ], [ 129.212048958233169, 35.541455632879966 ], [ 129.210348068558631, 35.541386114757906 ], [ 129.209458124065861, 35.541162268576912 ], [ 129.209300921654176, 35.541067591798388 ], [ 129.208615431067756, 35.540699148358492 ], [ 129.208537398506934, 35.540694951413109 ], [ 129.206779403950094, 35.541179175733355 ], [ 129.20671301668321, 35.541223488293092 ], [ 129.206655541116163, 35.541290984688374 ], [ 129.205814016404219, 35.542321550509044 ], [ 129.20355063819963, 35.543431581971198 ], [ 129.203456809742676, 35.543492625317384 ], [ 129.20338157987382, 35.543548562775563 ], [ 129.203264740969843, 35.543635714929202 ], [ 129.203209890934062, 35.543686541148439 ], [ 129.203135619777527, 35.543772179430803 ], [ 129.202750208305929, 35.544255497282776 ], [ 129.202721930559449, 35.54429323636046 ], [ 129.200871774079246, 35.548431635609397 ], [ 129.201109164516737, 35.55118232989561 ], [ 129.201283465223895, 35.55137627245 ], [ 129.201331578042698, 35.551468956068618 ], [ 129.201336986325259, 35.55150374919161 ], [ 129.201741418805568, 35.554558104115706 ], [ 129.202074512465657, 35.559287395144729 ], [ 129.202044961641377, 35.559501567178074 ], [ 129.201968350927018, 35.560022482398502 ], [ 129.200784257430712, 35.565509447179686 ], [ 129.20069214967063, 35.565854640982252 ], [ 129.200612876006346, 35.566012440080051 ], [ 129.200557342328608, 35.566107289297335 ], [ 129.200487523927109, 35.566161657587003 ], [ 129.200239389613074, 35.566197252729246 ], [ 129.199712821681146, 35.566219391010463 ], [ 129.199290241435534, 35.566230713842735 ], [ 129.198874174586848, 35.566236723522998 ], [ 129.198465728400123, 35.56622573510451 ], [ 129.198083217762104, 35.566190211666672 ], [ 129.19755881095719, 35.566140770034508 ], [ 129.195752550150246, 35.565988990394139 ], [ 129.195351440204803, 35.565980967800087 ], [ 129.195247191809159, 35.565982580194742 ], [ 129.195169470433285, 35.565985602632679 ], [ 129.194948657189002, 35.566014829085375 ], [ 129.194823317598804, 35.566058334355716 ], [ 129.194750939125015, 35.566091659380476 ], [ 129.19469082408051, 35.566127740101138 ], [ 129.194604541718519, 35.566198722757264 ], [ 129.194549870559314, 35.56624790184059 ], [ 129.194490950372767, 35.566358439334792 ], [ 129.194435903348477, 35.566610466314224 ], [ 129.194436439836352, 35.566837137905182 ], [ 129.194448313602436, 35.566996641110428 ], [ 129.194562089698167, 35.567282326906401 ], [ 129.194679897561201, 35.567486616167741 ], [ 129.194773598483835, 35.567615649132698 ], [ 129.194941718632208, 35.567815063745336 ], [ 129.195107165259316, 35.568005482370943 ], [ 129.195307532632398, 35.56829244850092 ], [ 129.195525642669026, 35.568611178007849 ], [ 129.19585558282796, 35.569141934970943 ], [ 129.195899973902272, 35.569229921754335 ], [ 129.195906661719562, 35.569635866091112 ], [ 129.195415040583953, 35.572185969014079 ], [ 129.195375300527076, 35.572212077427253 ], [ 129.195340008057258, 35.57223523475998 ], [ 129.195282647704886, 35.57226420725145 ], [ 129.194078740460128, 35.572711921739682 ], [ 129.193098527551427, 35.573006878372148 ], [ 129.192998718223066, 35.573025802673413 ], [ 129.19293689706069, 35.573040341924191 ], [ 129.192864492865056, 35.573057779469693 ], [ 129.192631575837964, 35.573135118924441 ], [ 129.192551997599253, 35.573176668401437 ], [ 129.192502589004363, 35.573205625275364 ], [ 129.19244352492214, 35.573259855997399 ], [ 129.19005112887794, 35.576018969078604 ], [ 129.189825655855884, 35.576332621550357 ], [ 129.189965462926978, 35.577169760335657 ], [ 129.18999052751397, 35.577305433514674 ], [ 129.190083205866358, 35.577643119928105 ], [ 129.190137405013729, 35.577767919498719 ], [ 129.190186233803075, 35.577866741946693 ], [ 129.190254371081068, 35.577984515074142 ], [ 129.190408256154541, 35.5781206026017 ], [ 129.190507733312984, 35.578185403805229 ], [ 129.191499545687691, 35.578811348095719 ], [ 129.191647321320744, 35.578903911835617 ], [ 129.193994973061706, 35.580460282436285 ], [ 129.196499517807467, 35.582391824556289 ], [ 129.197177962876026, 35.58294424780123 ], [ 129.201550530566522, 35.586842772700145 ], [ 129.201650308038467, 35.586952997969085 ], [ 129.201720185195398, 35.587041772577926 ], [ 129.201827212369466, 35.587207755721145 ], [ 129.201948550495899, 35.587410309005769 ], [ 129.202065656917767, 35.587623924163751 ], [ 129.202115718802645, 35.587749916683805 ], [ 129.202135907367534, 35.587867227563358 ], [ 129.202153863669736, 35.588224509533937 ], [ 129.202128442273619, 35.588859580459726 ], [ 129.202025092077918, 35.590175094820644 ], [ 129.201933320276908, 35.590998513005076 ], [ 129.20190951431519, 35.591140311388727 ], [ 129.201380760830716, 35.592888826496598 ], [ 129.200917230774564, 35.593998105384962 ], [ 129.200829369795912, 35.594110969074116 ], [ 129.200404797088794, 35.594884955762886 ], [ 129.200404905140971, 35.594931437828663 ], [ 129.200538305848198, 35.595979896039125 ], [ 129.200611480942257, 35.596244131803864 ], [ 129.200691579247177, 35.596438613381558 ], [ 129.200787121236431, 35.596558150305711 ], [ 129.200906818944873, 35.596665438777308 ], [ 129.201223077034655, 35.596925771528191 ], [ 129.201450908540778, 35.597067149991581 ], [ 129.203532014909428, 35.599796055189614 ], [ 129.203576316976267, 35.599886030216297 ], [ 129.204522199071931, 35.601698495111656 ], [ 129.204552272842534, 35.601745711580946 ], [ 129.20458350014016, 35.601777783236535 ], [ 129.2062919049595, 35.603273028845805 ], [ 129.206332015046598, 35.603304826362248 ], [ 129.206561217424621, 35.603441582869202 ], [ 129.206623915787048, 35.603478394623096 ], [ 129.206842782964571, 35.603581606133396 ], [ 129.206931146724315, 35.603618363315569 ], [ 129.208953894139455, 35.604380329066494 ], [ 129.211931457307259, 35.605245863804001 ], [ 129.212034150684929, 35.605268329949382 ], [ 129.212070072474717, 35.605272046686139 ], [ 129.212243476482257, 35.605253284462862 ], [ 129.212393264247851, 35.605233312473111 ], [ 129.212568702515341, 35.605206985939098 ], [ 129.212635425748232, 35.605207717832819 ], [ 129.212700086351759, 35.605210961807813 ], [ 129.212728842313339, 35.605220977292063 ], [ 129.21275559124345, 35.605242741101478 ], [ 129.212784432902225, 35.605281269620519 ], [ 129.213603752972631, 35.606978455073481 ], [ 129.213647107036138, 35.60707609981025 ], [ 129.213686396784311, 35.607185917905767 ], [ 129.213708177734873, 35.607275213983172 ], [ 129.213723942758065, 35.607413592479006 ], [ 129.213726130395543, 35.607468123298418 ], [ 129.213715015275511, 35.607537334430937 ], [ 129.213705911479423, 35.607585998299534 ], [ 129.213694698391777, 35.607616201948616 ], [ 129.213664032844633, 35.607665346534468 ], [ 129.213635405301432, 35.607709013320417 ], [ 129.213602690926962, 35.607755214716363 ], [ 129.212836080837945, 35.608575674444772 ], [ 129.212132609690144, 35.609213138926023 ], [ 129.212025018248454, 35.609281264426663 ], [ 129.21196766139235, 35.609330856440323 ], [ 129.211953354077593, 35.60935499609058 ], [ 129.211950412145086, 35.609402609435335 ], [ 129.211865554498814, 35.611913768749666 ], [ 129.211868744632341, 35.611956124703013 ], [ 129.212177064117157, 35.613295618974952 ], [ 129.212203975919948, 35.61337860738734 ], [ 129.21222099047344, 35.613409192176256 ], [ 129.212252362076043, 35.613433893296317 ], [ 129.212364407374224, 35.613501215598845 ], [ 129.212641971646747, 35.613663874383313 ], [ 129.212927751494931, 35.613829043616683 ], [ 129.214024015141831, 35.61461981443815 ], [ 129.216101829423962, 35.616271115210033 ], [ 129.216515382348149, 35.616615990806622 ], [ 129.217419915455679, 35.617464934756057 ], [ 129.217470376476683, 35.617530274176261 ], [ 129.21747560921321, 35.617562979750517 ], [ 129.216779069613352, 35.622375318643996 ], [ 129.216758809325569, 35.622475585083336 ], [ 129.216742494738952, 35.622519230313934 ], [ 129.21671493904509, 35.622578840309828 ], [ 129.216682273308805, 35.622648932081304 ], [ 129.215568911046944, 35.624752156803147 ], [ 129.214661584186246, 35.625423873837661 ], [ 129.217701882442526, 35.626013734941253 ], [ 129.221236762553787, 35.628187728918093 ], [ 129.221261395639431, 35.628249179562154 ], [ 129.221304431347278, 35.628336725781693 ], [ 129.221335599652946, 35.628383567656634 ], [ 129.221371496731308, 35.628431152400147 ], [ 129.221424820070325, 35.628498690179789 ], [ 129.222314360289289, 35.629563939332897 ], [ 129.222369585793842, 35.629629170420841 ], [ 129.222476180124744, 35.629735812771976 ], [ 129.222708245781064, 35.629946125305828 ], [ 129.223119875323022, 35.630272883147342 ], [ 129.223287970074637, 35.630394381693506 ], [ 129.224874702718779, 35.631527618415284 ], [ 129.224995362750974, 35.631607042097002 ], [ 129.22516912524938, 35.631703954391185 ], [ 129.225291875498357, 35.631762281166459 ], [ 129.225951479549963, 35.632045690456657 ], [ 129.226033312110189, 35.6320783362588 ], [ 129.227145723636568, 35.632508465635112 ], [ 129.227938579381458, 35.632752954467151 ], [ 129.22803114320098, 35.632780908479596 ], [ 129.228178925177161, 35.632820443361332 ], [ 129.228271446940624, 35.632833154043475 ], [ 129.228371822521524, 35.632837667136329 ], [ 129.232808862842035, 35.632881917605573 ], [ 129.232870498108667, 35.632877109148311 ], [ 129.232955034919485, 35.6328535269962 ], [ 129.232995106807834, 35.632826516109333 ], [ 129.233022246144856, 35.632792482792468 ], [ 129.233058625042673, 35.632731501814249 ], [ 129.233135561918346, 35.632565026829795 ], [ 129.233159791502629, 35.6325087543891 ], [ 129.233189793349226, 35.632473563762623 ], [ 129.233225566818589, 35.632448890089137 ], [ 129.233281416085731, 35.632427701212521 ], [ 129.239825800983454, 35.630183575864422 ], [ 129.239971919005967, 35.630137603462423 ], [ 129.240690292400018, 35.62991949445825 ], [ 129.240846431002382, 35.629873500581084 ], [ 129.240938833818092, 35.629847553507773 ], [ 129.241156597498616, 35.629789710468195 ], [ 129.241721812124268, 35.629653897461495 ], [ 129.242089312725824, 35.629569997893029 ], [ 129.242375876637055, 35.629509689773499 ], [ 129.242436073072611, 35.629500197675917 ], [ 129.242487705961793, 35.629505955970174 ], [ 129.242517896014334, 35.629531663998556 ], [ 129.243454888860327, 35.63144371704157 ], [ 129.243495294958763, 35.631531476002209 ], [ 129.243517062308086, 35.6316192830161 ], [ 129.243522484847432, 35.63175281076893 ], [ 129.243522894074033, 35.631888677506311 ], [ 129.243470624829143, 35.632617335933503 ], [ 129.243460024109055, 35.632668899162461 ], [ 129.243211119442208, 35.633577168401956 ], [ 129.242949327669919, 35.634492494037509 ], [ 129.242933858041283, 35.634589743400667 ], [ 129.242934015572558, 35.634645966760061 ], [ 129.242941359518454, 35.634702172654677 ], [ 129.242960929326927, 35.63477475790863 ], [ 129.242982658822626, 35.634843817630937 ], [ 129.243044850157759, 35.635025254138554 ], [ 129.243114811880332, 35.63516215872793 ], [ 129.243920529121397, 35.636552058301014 ], [ 129.244036538469828, 35.636746270881012 ], [ 129.244095591649227, 35.63683398935077 ], [ 129.244179041043253, 35.636922839234693 ], [ 129.244236535806863, 35.636973088048926 ], [ 129.244359396275001, 35.637060687212667 ], [ 129.244547610611107, 35.637182127999353 ], [ 129.244512626553529, 35.639127739433341 ], [ 129.244035403233767, 35.640642049905637 ], [ 129.243806863901, 35.64354849862135 ], [ 129.243803613808723, 35.64366329836016 ], [ 129.243802538404566, 35.643781607746071 ], [ 129.243862366225471, 35.644830968527543 ], [ 129.24387689435622, 35.64489652888264 ], [ 129.243897122636241, 35.644945682089549 ], [ 129.245449450627007, 35.648243298113812 ], [ 129.247646020817768, 35.649040017117507 ], [ 129.247705846101724, 35.64905041675194 ], [ 129.247885772044839, 35.649155693352469 ], [ 129.248640202637574, 35.649810815401885 ], [ 129.248689318199212, 35.649863165037289 ], [ 129.24932185741315, 35.651204767548748 ], [ 129.250157167973043, 35.653070469894971 ], [ 129.25017413255577, 35.653115103194793 ], [ 129.252212365125416, 35.656597384465464 ], [ 129.25416038463959, 35.658774518592473 ], [ 129.255174292082302, 35.660339192100196 ], [ 129.256093398577747, 35.659968553357537 ], [ 129.256278271363357, 35.6598605855526 ], [ 129.256448562418541, 35.65972165784342 ], [ 129.257419920626347, 35.658851490715747 ], [ 129.25752858623801, 35.658731681468865 ], [ 129.25759565892136, 35.658631877109777 ], [ 129.257657243432988, 35.65851422273235 ], [ 129.257698882046441, 35.658343223369769 ], [ 129.257927470838496, 35.657602827600954 ], [ 129.258128778033893, 35.657031996101431 ], [ 129.25825938492747, 35.656800070589945 ], [ 129.260077974233468, 35.654505178441809 ], [ 129.260239145073456, 35.654418398594849 ], [ 129.260355209172076, 35.654378609301276 ], [ 129.26047000556909, 35.654353081371376 ], [ 129.261523236373876, 35.654218426516422 ], [ 129.26237984225142, 35.654116851287753 ], [ 129.26260863680227, 35.6540839541398 ], [ 129.262807976149418, 35.654047607738974 ], [ 129.264714219815318, 35.653657597882045 ], [ 129.264995862697731, 35.653563057172633 ], [ 129.267843261908951, 35.652258981393501 ], [ 129.267953156277855, 35.652193814153399 ], [ 129.269500089993983, 35.65104352825378 ], [ 129.271632887889808, 35.652147641915668 ], [ 129.271975916758208, 35.652281717228924 ], [ 129.273589386204691, 35.652722994606833 ], [ 129.273816287664857, 35.652775760822522 ], [ 129.274049995129161, 35.652813074560179 ], [ 129.274285411390707, 35.652846187780256 ], [ 129.274756658594981, 35.652884258069371 ], [ 129.274870054940862, 35.652892411103998 ], [ 129.275289927899649, 35.652890107182451 ], [ 129.275487373718079, 35.652867230904718 ], [ 129.275875532730652, 35.652786506277103 ], [ 129.276345625590466, 35.652639636983999 ], [ 129.276429637811447, 35.652595986080946 ], [ 129.276521411124065, 35.652516062979302 ], [ 129.276641004786626, 35.652402554750509 ], [ 129.27675564618923, 35.652276119762575 ], [ 129.277061327985024, 35.652006775524896 ], [ 129.277459594185274, 35.651695083068034 ], [ 129.27837723500673, 35.651163926337532 ], [ 129.27865794823424, 35.651003605494552 ], [ 129.279075266973138, 35.650781586760516 ], [ 129.280528575988399, 35.650141342277486 ], [ 129.28191908692375, 35.64957087685297 ], [ 129.282143781049115, 35.649490462580729 ], [ 129.28219095002558, 35.649477949264799 ], [ 129.282261355526941, 35.649477769856055 ], [ 129.282362753552576, 35.649494356695953 ], [ 129.282474584021855, 35.649551570433786 ], [ 129.283439049000407, 35.650183632957827 ], [ 129.283505443875328, 35.65023065916683 ], [ 129.283569238418579, 35.650302006816048 ], [ 129.283600495609193, 35.650397258451669 ], [ 129.283635473439517, 35.650572404991493 ], [ 129.283659295643304, 35.650660025518064 ], [ 129.283669937506005, 35.650699159089555 ], [ 129.283820429232463, 35.651007206160379 ], [ 129.284011398118338, 35.65122649683542 ], [ 129.284173443617874, 35.651399944221872 ], [ 129.284251106763037, 35.651463981196244 ], [ 129.284362150840053, 35.651499860715518 ], [ 129.284430832113429, 35.651494089186635 ], [ 129.284514823635959, 35.651447629332587 ], [ 129.290217536225697, 35.647972715118279 ], [ 129.290317432184594, 35.647894255695839 ], [ 129.290369338241646, 35.647794599610272 ], [ 129.290414179214281, 35.647549175132447 ], [ 129.290434776326521, 35.647220291904731 ], [ 129.2904575521884, 35.646980767703802 ], [ 129.290488698086676, 35.646759330331996 ], [ 129.290611921452637, 35.646506634269066 ], [ 129.291822319354708, 35.645206471500885 ], [ 129.291896188318248, 35.645156522368275 ], [ 129.292081038666197, 35.645090311687106 ], [ 129.295069602995085, 35.644373197735959 ], [ 129.295293760804583, 35.644333540478719 ], [ 129.295574577801773, 35.644307960516379 ], [ 129.295807960640985, 35.644303098946303 ] ] ] ] } },
{ "type": "Feature", "properties": { "OBJECTID": 1135, "adm_nm": "울산광역시 울주군 서생면", "adm_cd": "2631031", "adm_cd2": "3171031000", "sgg": "31710", "sido": "31", "sidonm": "울산광역시", "sggnm": "울주군" }, "geometry": { "type": "MultiPolygon", "coordinates": [ [ [ [ 129.346505826548707, 35.389417505065268 ], [ 129.346618376438443, 35.388667141466485 ], [ 129.347133081077601, 35.387206897444578 ], [ 129.347716356736754, 35.386366859721853 ], [ 129.348030559621151, 35.386150959048884 ], [ 129.348461052722939, 35.385855167430549 ], [ 129.349521367491747, 35.385751675964478 ], [ 129.350664713993041, 35.386765337908031 ], [ 129.351688855727417, 35.38715975929194 ], [ 129.352340734381045, 35.386939887045045 ], [ 129.352967344463764, 35.385850377524811 ], [ 129.352845693900974, 35.385148334546017 ], [ 129.35169512603116, 35.383886228417254 ], [ 129.350979461719447, 35.383651532858835 ], [ 129.350283016310527, 35.384079446739754 ], [ 129.349996196255773, 35.384665123849565 ], [ 129.349196126089055, 35.385012175611209 ], [ 129.348381646770775, 35.384862251997923 ], [ 129.347445551244675, 35.384010292868048 ], [ 129.34684162116514, 35.383211239407231 ], [ 129.346550516280104, 35.382826042936408 ], [ 129.345854301569204, 35.381513625722512 ], [ 129.345450940416953, 35.379822594058361 ], [ 129.345414991290539, 35.378580225245727 ], [ 129.345555087743833, 35.376422864356556 ], [ 129.348122493223343, 35.375917209871361 ], [ 129.3513488326806, 35.375440124596551 ], [ 129.355961818046381, 35.373900038942651 ], [ 129.356105673597853, 35.373623840668387 ], [ 129.356397263454539, 35.371463502139065 ], [ 129.356168417404831, 35.370556387244214 ], [ 129.35564921302219, 35.370110717804927 ], [ 129.3553842054001, 35.369701528010673 ], [ 129.356207041167977, 35.368400980768627 ], [ 129.356711763481002, 35.368349705658247 ], [ 129.35857291573646, 35.367940478358832 ], [ 129.360765297588671, 35.366737478753464 ], [ 129.361412150625057, 35.366351939294923 ], [ 129.363287440417821, 35.361218701651474 ], [ 129.361591892303892, 35.358616625263643 ], [ 129.359907356890346, 35.356501533963524 ], [ 129.358990016440998, 35.355572528580488 ], [ 129.357993917533577, 35.355156904221168 ], [ 129.355422043882015, 35.354587721970283 ], [ 129.354275791777098, 35.354702183301093 ], [ 129.353612400014413, 35.355093857479226 ], [ 129.352990618281098, 35.355628044534591 ], [ 129.352443126175274, 35.355670479129884 ], [ 129.352380526036853, 35.355675330820119 ], [ 129.351849746033963, 35.355664087903321 ], [ 129.350789693397672, 35.355138550907277 ], [ 129.348202700443409, 35.353397385130386 ], [ 129.347209018707474, 35.352509820259328 ], [ 129.344549722165794, 35.352295146764014 ], [ 129.344442132368073, 35.353688135755952 ], [ 129.344104775434829, 35.354274778426678 ], [ 129.34177743878206, 35.356060184851238 ], [ 129.340728240784557, 35.356536299014955 ], [ 129.339569495039228, 35.35672448075006 ], [ 129.337639995995318, 35.356513195868061 ], [ 129.3357503672826, 35.355928180376957 ], [ 129.334512427849347, 35.355123378299062 ], [ 129.334135688127787, 35.354343366622466 ], [ 129.334511776171524, 35.353341661002126 ], [ 129.334799801058438, 35.352797414484712 ], [ 129.333732673781697, 35.34913023793694 ], [ 129.333520810374409, 35.348802835443315 ], [ 129.332151354244587, 35.34758542843376 ], [ 129.330328668322096, 35.347192721097265 ], [ 129.328821257062145, 35.346981096848651 ], [ 129.328413129023545, 35.346975599937394 ], [ 129.328087690505441, 35.34740099637667 ], [ 129.327894062629667, 35.34765410273782 ], [ 129.32747537156834, 35.347849361321252 ], [ 129.325476651468051, 35.347495187032429 ], [ 129.322705540056432, 35.345975640197572 ], [ 129.322307646257258, 35.344579282323998 ], [ 129.322482399180501, 35.343880771934607 ], [ 129.322408238169771, 35.342999739001364 ], [ 129.322240621199057, 35.342295019540096 ], [ 129.321386883056192, 35.340102943047683 ], [ 129.320779773784182, 35.339009324314027 ], [ 129.31913852594252, 35.338056049442528 ], [ 129.318602160495601, 35.337942560874332 ], [ 129.318413033175517, 35.33816461228173 ], [ 129.31790399437898, 35.338385507064608 ], [ 129.317292338957003, 35.337724346620618 ], [ 129.31639235447355, 35.336332754059562 ], [ 129.315782862766014, 35.334479797663185 ], [ 129.314112355411453, 35.330906838356817 ], [ 129.313644227503204, 35.330460002460839 ], [ 129.310612234225914, 35.330600848750329 ], [ 129.310115928969651, 35.33094182099579 ], [ 129.30956787915548, 35.331242344676056 ], [ 129.309038610750434, 35.331395409433334 ], [ 129.307452398437022, 35.331136158335788 ], [ 129.305794177885616, 35.330464620753204 ], [ 129.304530928399799, 35.32951391038803 ], [ 129.303915061321561, 35.330933898530908 ], [ 129.303360823866285, 35.33166504327292 ], [ 129.303210474928221, 35.331821983661783 ], [ 129.301696390293273, 35.33340239279125 ], [ 129.300875182479245, 35.334243671156486 ], [ 129.299838932250964, 35.33495302674762 ], [ 129.297704848087989, 35.335531163711948 ], [ 129.296540634342364, 35.335565444670024 ], [ 129.293179304977741, 35.335946816199261 ], [ 129.29206012488774, 35.336537539993571 ], [ 129.291176642599908, 35.337786400285637 ], [ 129.290891493881986, 35.338656671865728 ], [ 129.289362310554424, 35.340144246804719 ], [ 129.289173690980419, 35.340209955742175 ], [ 129.286600677524433, 35.339973965476645 ], [ 129.286234077194308, 35.33974239675203 ], [ 129.285846978898661, 35.33949787703957 ], [ 129.285533008715447, 35.339234040906895 ], [ 129.285497991551807, 35.339204617883809 ], [ 129.284284456133179, 35.339429246306125 ], [ 129.284039769182328, 35.339474537305165 ], [ 129.282560252640565, 35.339778882340866 ], [ 129.28245825722604, 35.339799862905615 ], [ 129.279856176419486, 35.341514353807554 ], [ 129.279878727880231, 35.341702636338653 ], [ 129.280288327978241, 35.34203540368145 ], [ 129.281430734915688, 35.342572088963294 ], [ 129.2818811308656, 35.342975396729614 ], [ 129.283767706475999, 35.34567863307003 ], [ 129.283847297969714, 35.345972530844108 ], [ 129.284562495040348, 35.350755870892748 ], [ 129.284595687803773, 35.351019978125287 ], [ 129.284476564781272, 35.352270059450795 ], [ 129.28345841552445, 35.35344409572167 ], [ 129.282438412015125, 35.353905942301481 ], [ 129.280571177762027, 35.356106626637633 ], [ 129.280801859567674, 35.359191473728238 ], [ 129.280985942194775, 35.360477671012717 ], [ 129.282546859133618, 35.361915770991395 ], [ 129.283261036073668, 35.362512599764656 ], [ 129.283508756585377, 35.362714202280593 ], [ 129.283180775098771, 35.365225130019446 ], [ 129.28091377081472, 35.365561242710754 ], [ 129.279710444459226, 35.365783016575278 ], [ 129.2785637021301, 35.367882571202713 ], [ 129.277602770910107, 35.370175186704195 ], [ 129.277314696684016, 35.37131542823758 ], [ 129.276711995543479, 35.372401234890383 ], [ 129.272500677902258, 35.376923971166349 ], [ 129.27158286764751, 35.377845045492229 ], [ 129.26961134703194, 35.379356626431147 ], [ 129.268269147630178, 35.379906149134506 ], [ 129.26732087434084, 35.381449462055059 ], [ 129.266765599165211, 35.38336223190008 ], [ 129.265806446448892, 35.385422920944485 ], [ 129.265373425433211, 35.386270762311369 ], [ 129.265691024927264, 35.387775697907834 ], [ 129.26555260654186, 35.390082829667605 ], [ 129.265438601259035, 35.390919239210128 ], [ 129.265271826173802, 35.391693653517379 ], [ 129.265121917863638, 35.392267355605263 ], [ 129.265099196163533, 35.392462344475113 ], [ 129.265106004830642, 35.392758552588724 ], [ 129.265206682974309, 35.393202706862049 ], [ 129.265253638599461, 35.393279048418691 ], [ 129.265950643305302, 35.393994229558231 ], [ 129.266423227297508, 35.394270316322945 ], [ 129.268789638251604, 35.394919694212795 ], [ 129.269099168123518, 35.394957229096669 ], [ 129.269426065484026, 35.39495172692493 ], [ 129.269624378111587, 35.394898739620956 ], [ 129.269799185967116, 35.394802778229334 ], [ 129.269874687139492, 35.394683162211173 ], [ 129.26997843772557, 35.394286358568131 ], [ 129.270001164425508, 35.394246555953842 ], [ 129.270327399021824, 35.394057930761569 ], [ 129.270768544899227, 35.393827538216776 ], [ 129.27212164675899, 35.393177162269389 ], [ 129.273993989272583, 35.392785652175156 ], [ 129.27645652806487, 35.392009477859645 ], [ 129.277057525510486, 35.391516126952702 ], [ 129.277238040710102, 35.390858165218226 ], [ 129.27724941146073, 35.39077534092894 ], [ 129.277229675062387, 35.390687815769411 ], [ 129.277143785225633, 35.390586118136675 ], [ 129.277011264804941, 35.390490892638915 ], [ 129.276797131050188, 35.390405392664015 ], [ 129.276555878641346, 35.390351838870195 ], [ 129.276349518526189, 35.390267899706018 ], [ 129.276240390297431, 35.390188537207948 ], [ 129.276068585726222, 35.389978763258284 ], [ 129.275896734069846, 35.389751487196087 ], [ 129.275798772050649, 35.389525628959582 ], [ 129.275014506086706, 35.387559501492319 ], [ 129.274975190652583, 35.387432217088048 ], [ 129.274915769016047, 35.387105967362636 ], [ 129.274759825083208, 35.385827831877286 ], [ 129.274751588448765, 35.385694089104064 ], [ 129.274754928005535, 35.38552850682715 ], [ 129.274783869494456, 35.384882021410093 ], [ 129.274818632364884, 35.384815069581272 ], [ 129.276354936853892, 35.382694027416683 ], [ 129.276482804302361, 35.382566361757661 ], [ 129.276665067474937, 35.382435393181446 ], [ 129.281228938303656, 35.3800685451668 ], [ 129.281611003200112, 35.379875395882074 ], [ 129.281885048404519, 35.379807505353057 ], [ 129.282001602877187, 35.379784939527177 ], [ 129.286156588074334, 35.379525253411167 ], [ 129.289897516159328, 35.377540785170119 ], [ 129.290046704468466, 35.377301598808124 ], [ 129.290220915356599, 35.377069175321019 ], [ 129.290494938521022, 35.376775103256534 ], [ 129.29110239792405, 35.376493872576127 ], [ 129.29157971338131, 35.376497669450785 ], [ 129.291760899491578, 35.376499122810067 ], [ 129.292236203445924, 35.37655256685845 ], [ 129.292887373167162, 35.376837592231823 ], [ 129.293363681840674, 35.377170806557814 ], [ 129.293673292656138, 35.377504424428032 ], [ 129.295503168972914, 35.379625514908817 ], [ 129.295839818308167, 35.381334670894333 ], [ 129.295891063970657, 35.381528792190885 ], [ 129.296106739569268, 35.382039346787138 ], [ 129.296243918907351, 35.382339922236724 ], [ 129.296435677326457, 35.382686539688784 ], [ 129.296541045419019, 35.382794551966072 ], [ 129.298750931398956, 35.38425878008568 ], [ 129.298914506191494, 35.384337889973736 ], [ 129.29909887900854, 35.384423451386262 ], [ 129.299235772273533, 35.384452033915323 ], [ 129.299381609981083, 35.3845058829991 ], [ 129.299721932652432, 35.384642390186279 ], [ 129.299937798461627, 35.384843287310645 ], [ 129.30021264917923, 35.385178727751104 ], [ 129.300575702986521, 35.385686486296656 ], [ 129.300699930710323, 35.385866883026686 ], [ 129.301011343249172, 35.386695998941235 ], [ 129.301064928809922, 35.386862128755993 ], [ 129.301105348736741, 35.387053596977076 ], [ 129.301820573028238, 35.391881080775491 ], [ 129.302741602933708, 35.393974717786236 ], [ 129.302764651830898, 35.394212817710617 ], [ 129.302222562124427, 35.39548800920165 ], [ 129.303943063610717, 35.399423746435602 ], [ 129.305836136066034, 35.401323994720848 ], [ 129.307659248589744, 35.403572735653057 ], [ 129.308042880496401, 35.404709146018703 ], [ 129.308397362611061, 35.404544588872071 ], [ 129.308639311131998, 35.404451952159263 ], [ 129.308992728127464, 35.404316654133922 ], [ 129.31052710046535, 35.403807752569165 ], [ 129.312210003952515, 35.403320094948299 ], [ 129.312440202692272, 35.40329471473126 ], [ 129.312709226351672, 35.40325456742206 ], [ 129.313030062452015, 35.403159588312988 ], [ 129.313317428811416, 35.403035729960585 ], [ 129.313429338558961, 35.402980440579483 ], [ 129.314764122388169, 35.402063063299728 ], [ 129.315533745945373, 35.401504350935959 ], [ 129.317254063635431, 35.400348236607677 ], [ 129.318452765000501, 35.399580506904279 ], [ 129.319291795122183, 35.399097474399191 ], [ 129.320076220936528, 35.398648300379108 ], [ 129.321244297545718, 35.39812637008815 ], [ 129.328773556624498, 35.395616441338831 ], [ 129.329961857545243, 35.395228316567078 ], [ 129.331543828025957, 35.394772289617535 ], [ 129.333288190283696, 35.394310298984415 ], [ 129.333661328772564, 35.394216617432782 ], [ 129.335781729417789, 35.393684252831449 ], [ 129.338311643878626, 35.393162627682912 ], [ 129.340305443864509, 35.392757186212563 ], [ 129.340877488569589, 35.392640843101425 ], [ 129.341632521695885, 35.392453224007433 ], [ 129.341928920630437, 35.392366262392173 ], [ 129.342435572887069, 35.39221759681763 ], [ 129.343086008835314, 35.391970552394497 ], [ 129.343679786732451, 35.39170556714673 ], [ 129.344265309241763, 35.391386734955013 ], [ 129.344682078331374, 35.391092299221853 ], [ 129.345162684326027, 35.390678012758464 ], [ 129.346505826548707, 35.389417505065268 ] ] ] ] } },
{ "type": "Feature", "properties": { "OBJECTID": 1136, "adm_nm": "울산광역시 울주군 청량읍", "adm_cd": "2631015", "adm_cd2": "3171026200", "sgg": "31710", "sido": "31", "sidonm": "울산광역시", "sggnm": "울주군" }, "geometry": { "type": "MultiPolygon", "coordinates": [ [ [ [ 129.236672844549361, 35.53622137933872 ], [ 129.238105038596643, 35.536287630378311 ], [ 129.2382772435476, 35.536288715963565 ], [ 129.244577722380626, 35.535823638959783 ], [ 129.247620112936289, 35.533609440591313 ], [ 129.247851143234527, 35.533385117416579 ], [ 129.247897757425108, 35.533375499412401 ], [ 129.248373535446916, 35.533277519844354 ], [ 129.249309848079633, 35.533181370673091 ], [ 129.253972900606584, 35.532821583599201 ], [ 129.254469233706573, 35.533127094514683 ], [ 129.25511222246115, 35.533828346266795 ], [ 129.255854369080794, 35.533286949317649 ], [ 129.258952286007087, 35.531137000854457 ], [ 129.262355309962345, 35.529804196218102 ], [ 129.262485474729857, 35.530194922342758 ], [ 129.262559607457405, 35.530415555316928 ], [ 129.263863818640885, 35.530759053969042 ], [ 129.264218761181212, 35.53077988260128 ], [ 129.264338977701243, 35.530786600575851 ], [ 129.267203930026852, 35.530655070987592 ], [ 129.272412614691973, 35.529784247522123 ], [ 129.274277502007976, 35.529172494412101 ], [ 129.274829423655831, 35.528363646392812 ], [ 129.274050475712755, 35.527433466246364 ], [ 129.27370663520071, 35.52703660275111 ], [ 129.272873958234356, 35.526075482846373 ], [ 129.274700537988736, 35.523638565658871 ], [ 129.276859342237941, 35.521822710699091 ], [ 129.277730484650078, 35.521945434070496 ], [ 129.279260575897894, 35.521530881629481 ], [ 129.280641715397422, 35.52064913212827 ], [ 129.28191708441895, 35.519454006255522 ], [ 129.281478317157678, 35.519355686921521 ], [ 129.280520678036197, 35.519139060218357 ], [ 129.280352796341106, 35.518832781357645 ], [ 129.281320315961125, 35.517232375343994 ], [ 129.281731509094755, 35.517049253990464 ], [ 129.282187621151905, 35.516848677438908 ], [ 129.28267711198859, 35.516990982712315 ], [ 129.282834526158865, 35.517036868193202 ], [ 129.283178816434685, 35.517123556427606 ], [ 129.283535813855963, 35.517113624240288 ], [ 129.286326687152439, 35.516126571220077 ], [ 129.286763338811937, 35.515966329518847 ], [ 129.287421531312333, 35.515222591383584 ], [ 129.28827163948506, 35.507829308757934 ], [ 129.288865111431676, 35.507806343717824 ], [ 129.289405014134189, 35.507785448936154 ], [ 129.290164163995485, 35.507756064254274 ], [ 129.291034507375258, 35.506532163194024 ], [ 129.292407415371201, 35.504500117726835 ], [ 129.294208690430054, 35.502206266539176 ], [ 129.297783004509313, 35.497979541192151 ], [ 129.301482250475146, 35.494469377667869 ], [ 129.303794894888, 35.494537896857821 ], [ 129.30443467105178, 35.49607086955438 ], [ 129.307864317893149, 35.497393869739504 ], [ 129.309072714053855, 35.497269391243748 ], [ 129.309740573131705, 35.49699720911164 ], [ 129.310154555266763, 35.496788261006309 ], [ 129.311485946048663, 35.496000680459758 ], [ 129.311772804004931, 35.495810136547476 ], [ 129.311998640643907, 35.495574539146709 ], [ 129.312165518008328, 35.495377283565404 ], [ 129.313986071232819, 35.492375564126668 ], [ 129.314031040705345, 35.491137162720563 ], [ 129.319341989082233, 35.491106786228009 ], [ 129.319431387167242, 35.491106114905357 ], [ 129.319430475537359, 35.490986253346797 ], [ 129.319376587211593, 35.484830916608992 ], [ 129.326636206315982, 35.484816718427389 ], [ 129.330146067075873, 35.484809698831974 ], [ 129.330822346118509, 35.484766838245591 ], [ 129.331207962769554, 35.48469385092681 ], [ 129.331261995866384, 35.48468043557213 ], [ 129.331441755622421, 35.484606077276993 ], [ 129.331693176949898, 35.484472704371065 ], [ 129.331825068753261, 35.484376259340593 ], [ 129.331982680579813, 35.484247040979042 ], [ 129.332140759922964, 35.484070223157758 ], [ 129.332300208748478, 35.483886467870519 ], [ 129.332446715006796, 35.48367466794744 ], [ 129.332583862035222, 35.483456865263058 ], [ 129.332866093801869, 35.483021436341602 ], [ 129.332967621669525, 35.482879319715956 ], [ 129.333102647609422, 35.48275896156138 ], [ 129.33328362424578, 35.482651096025393 ], [ 129.333478811723438, 35.482580038783361 ], [ 129.33515420989292, 35.482443135556387 ], [ 129.335704352940382, 35.482405994451661 ], [ 129.336547947249784, 35.481937114834018 ], [ 129.336834147839681, 35.481754928252329 ], [ 129.337049648306959, 35.481591460355361 ], [ 129.337289183576729, 35.4813125813005 ], [ 129.337451602205391, 35.481117011117711 ], [ 129.337575045625215, 35.480949158415754 ], [ 129.337623442609271, 35.480883345027046 ], [ 129.337749784901888, 35.480697135422623 ], [ 129.337900681545989, 35.480449683707022 ], [ 129.337999068284091, 35.480245125578726 ], [ 129.338098668913261, 35.480017471771127 ], [ 129.338200859579956, 35.479765593344389 ], [ 129.338392412264824, 35.479062265719357 ], [ 129.338467599902799, 35.47874009232391 ], [ 129.338504472711605, 35.478494201592518 ], [ 129.338527882744245, 35.478027652610635 ], [ 129.338314460879616, 35.476563489547097 ], [ 129.338269754473089, 35.476256724358031 ], [ 129.338236723601625, 35.475595933578944 ], [ 129.339353112943229, 35.474303960802978 ], [ 129.33831306220506, 35.473126629746744 ], [ 129.337777859563857, 35.472833386691555 ], [ 129.337443631050519, 35.472714233171459 ], [ 129.335105700083233, 35.472284076678825 ], [ 129.332994955861523, 35.471907826707387 ], [ 129.332363815901118, 35.471811333128343 ], [ 129.331789437231066, 35.471725573461747 ], [ 129.331468625351533, 35.471617271955381 ], [ 129.330170907675381, 35.470922198772961 ], [ 129.330103854203031, 35.470845959892628 ], [ 129.329996224427276, 35.470638845745036 ], [ 129.330008946752628, 35.47048598987034 ], [ 129.330288844592076, 35.470299664720741 ], [ 129.33126036228299, 35.469652950009326 ], [ 129.332058923046304, 35.469072216504117 ], [ 129.332045125115144, 35.468963090280425 ], [ 129.331707806934133, 35.466946064930596 ], [ 129.331662411260936, 35.466775456626621 ], [ 129.331433445052966, 35.466273943259772 ], [ 129.3301170284129, 35.464241688596566 ], [ 129.329983020617391, 35.464111055529706 ], [ 129.327439002822018, 35.462153047071041 ], [ 129.327332086867244, 35.462120603003179 ], [ 129.326998663787748, 35.462186985083626 ], [ 129.32630507683092, 35.462308935359864 ], [ 129.325984641463094, 35.46228796954334 ], [ 129.32437026870457, 35.461627771859504 ], [ 129.323447774667272, 35.461248173555838 ], [ 129.323313772622413, 35.461117533597964 ], [ 129.322951876761891, 35.460736434575978 ], [ 129.322883523513212, 35.460332724802527 ], [ 129.322905450605589, 35.459131888479511 ], [ 129.322850236419754, 35.458673564022646 ], [ 129.322756596374063, 35.458619227249827 ], [ 129.321459935132367, 35.457944055354986 ], [ 129.320895912567636, 35.457910702303032 ], [ 129.320523554114743, 35.457920395232605 ], [ 129.320042720400352, 35.458052005580036 ], [ 129.319941782499114, 35.458091449684879 ], [ 129.318563869102775, 35.458812369351882 ], [ 129.318224092257651, 35.458991757913374 ], [ 129.318181706104866, 35.459035414665301 ], [ 129.318150576127834, 35.459235753804911 ], [ 129.318113585817656, 35.4593055086481 ], [ 129.317562533084896, 35.459558703919114 ], [ 129.3174508402561, 35.459567702958907 ], [ 129.31735507364192, 35.459563607185082 ], [ 129.317154411537274, 35.459495128090992 ], [ 129.314334695536189, 35.45851960698819 ], [ 129.314041564734794, 35.458381040713107 ], [ 129.313886846064179, 35.458268238746847 ], [ 129.313776828231624, 35.458121766130816 ], [ 129.313573595531466, 35.457843667721924 ], [ 129.313428872492892, 35.457561033118999 ], [ 129.313183043146211, 35.457269999798875 ], [ 129.313065746602973, 35.457200639771386 ], [ 129.312969836785356, 35.457161701302311 ], [ 129.312284433917654, 35.456889513691713 ], [ 129.312231231892042, 35.45688964642089 ], [ 129.312092951161446, 35.456894374324271 ], [ 129.309419420618468, 35.45742754600488 ], [ 129.309031481375996, 35.457533014304907 ], [ 129.308497035938103, 35.457721287160062 ], [ 129.307881010892032, 35.458005839672133 ], [ 129.307674365091287, 35.458224038963145 ], [ 129.307441057085043, 35.458424893381938 ], [ 129.30721469082917, 35.458508131050621 ], [ 129.306874409004763, 35.458556881283855 ], [ 129.30612987346737, 35.458624065965424 ], [ 129.305818727490305, 35.458647734788968 ], [ 129.305664393107236, 35.458630714540789 ], [ 129.302564664945464, 35.457703886640978 ], [ 129.302537932306677, 35.457664760225072 ], [ 129.302542879676139, 35.457564613932632 ], [ 129.302636838961831, 35.457085496650677 ], [ 129.302641090277092, 35.456793775054408 ], [ 129.302608852102054, 35.456711149177657 ], [ 129.302416692325437, 35.456537477496326 ], [ 129.302235513089528, 35.456455222422782 ], [ 129.301969441266976, 35.456429765298331 ], [ 129.300292883564452, 35.456447034918554 ], [ 129.300032326087205, 35.45647815867266 ], [ 129.299766622415746, 35.456552840276821 ], [ 129.297710331791393, 35.457291681020102 ], [ 129.297433531230837, 35.457684119099831 ], [ 129.297340203929309, 35.457815977597427 ], [ 129.297150167059868, 35.458074208458427 ], [ 129.296893318425788, 35.458384715597724 ], [ 129.296734802637758, 35.458559231925129 ], [ 129.296581213964885, 35.458702196890044 ], [ 129.296337362945991, 35.458902976232885 ], [ 129.296043184952424, 35.459087424661689 ], [ 129.295737248676573, 35.459265040672939 ], [ 129.295493136703072, 35.459394513038845 ], [ 129.294451217745376, 35.459883796558401 ], [ 129.294083244008078, 35.460049222705329 ], [ 129.293649967093842, 35.460218923421415 ], [ 129.293546193327302, 35.460249332827118 ], [ 129.29316795846961, 35.460354451236576 ], [ 129.292496646980993, 35.460483579208301 ], [ 129.29159743474429, 35.460605035419633 ], [ 129.291299337767299, 35.460630430421205 ], [ 129.290977834055184, 35.460672331112349 ], [ 129.290627936904542, 35.460743099162677 ], [ 129.29046390943509, 35.460781879109632 ], [ 129.290032110163224, 35.460906314370021 ], [ 129.289618794226158, 35.461040305174834 ], [ 129.289374540400047, 35.461134121830774 ], [ 129.289083443858885, 35.461249986149447 ], [ 129.288656923423815, 35.46144432949805 ], [ 129.288456216050008, 35.4615380433684 ], [ 129.287588191437209, 35.461952800273828 ], [ 129.287364096381168, 35.462063041287095 ], [ 129.287206856065893, 35.462131964480434 ], [ 129.286989331311332, 35.462209257524954 ], [ 129.286758317546202, 35.462261898319611 ], [ 129.286597495545152, 35.462262295225102 ], [ 129.284561574578078, 35.462150539038305 ], [ 129.284430874015982, 35.462142611814272 ], [ 129.284293376385364, 35.462110024401852 ], [ 129.284145770475391, 35.462061005324365 ], [ 129.279028326688746, 35.460305534288764 ], [ 129.278388790791183, 35.458469689998985 ], [ 129.278669480367, 35.458252421889171 ], [ 129.27875622970916, 35.458145274480493 ], [ 129.278809535106888, 35.458057406123373 ], [ 129.278816003622296, 35.457988824054453 ], [ 129.27874533749997, 35.457414485949066 ], [ 129.278694561304775, 35.45726104162884 ], [ 129.278664193214667, 35.457198047471799 ], [ 129.278613770736115, 35.457154294588157 ], [ 129.273537413090821, 35.453029363023049 ], [ 129.273439811461174, 35.452956702926002 ], [ 129.273336295511427, 35.452900558307547 ], [ 129.27323283406858, 35.452866972786545 ], [ 129.27307424024275, 35.452822217596662 ], [ 129.272963973195573, 35.452805554455523 ], [ 129.272056196175413, 35.452674509075301 ], [ 129.271960432656925, 35.452663529886706 ], [ 129.268740199322139, 35.452373554413981 ], [ 129.268574226046496, 35.452366165448232 ], [ 129.267085660984776, 35.452427654090577 ], [ 129.26698138484997, 35.452433708375075 ], [ 129.263042379509756, 35.452739131876456 ], [ 129.262786511887668, 35.452792089725214 ], [ 129.262047186286225, 35.452888736079437 ], [ 129.261739093942737, 35.452916571113768 ], [ 129.258176845713649, 35.451994710494503 ], [ 129.256098039659236, 35.451446352446908 ], [ 129.255884409716629, 35.451357561662405 ], [ 129.255509493603626, 35.451243879411216 ], [ 129.255234273299351, 35.451170725262308 ], [ 129.25423325257276, 35.450969119739106 ], [ 129.254133615078928, 35.450949924551622 ], [ 129.254072003856493, 35.450953948355306 ], [ 129.254005755267372, 35.45099482405503 ], [ 129.253853734511353, 35.451136331690826 ], [ 129.253826115689066, 35.451162048220091 ], [ 129.253466921939037, 35.45152947456873 ], [ 129.252933391961619, 35.452246491641141 ], [ 129.252711612836777, 35.452588414927185 ], [ 129.252376352504228, 35.453029512155226 ], [ 129.252333314428711, 35.453048243548039 ], [ 129.250237922625246, 35.453802559717388 ], [ 129.249186397283466, 35.454160120727579 ], [ 129.24908698131739, 35.454163862343876 ], [ 129.248996180674368, 35.454164048670542 ], [ 129.248939928948118, 35.454146475213214 ], [ 129.248474342100167, 35.453859217433866 ], [ 129.248253361937913, 35.453693461564903 ], [ 129.247941383152096, 35.453453626761153 ], [ 129.247707953911942, 35.453208369511984 ], [ 129.247622202984786, 35.453105306027794 ], [ 129.247403881664553, 35.452734876173139 ], [ 129.247204966495872, 35.452277582087625 ], [ 129.24706570382375, 35.452085128201595 ], [ 129.246981491680003, 35.452030260722559 ], [ 129.245131232699606, 35.451078787049305 ], [ 129.244912503908438, 35.45101727864072 ], [ 129.244243317272606, 35.451000116674173 ], [ 129.244042677631654, 35.451060323469939 ], [ 129.243575193825905, 35.451341193733256 ], [ 129.242694468623597, 35.451976488407169 ], [ 129.24139123863867, 35.453792705589365 ], [ 129.241328656674085, 35.453947527447603 ], [ 129.240907984547789, 35.455523406706213 ], [ 129.241289351934171, 35.456207799106849 ], [ 129.241369524837694, 35.456595432647376 ], [ 129.240771067187438, 35.457320537514669 ], [ 129.239708743034242, 35.458328338094873 ], [ 129.237874729951784, 35.458150978719281 ], [ 129.237147738527142, 35.458178245123385 ], [ 129.236484736240698, 35.458463925879407 ], [ 129.236375288635799, 35.458877806138588 ], [ 129.236266848394365, 35.459640716177738 ], [ 129.236299033986796, 35.459834556396032 ], [ 129.238236229165437, 35.463543934758292 ], [ 129.237947128592822, 35.464828639182493 ], [ 129.237910447363362, 35.465068210307479 ], [ 129.238129391495761, 35.465358245073254 ], [ 129.238223081858393, 35.465434486365496 ], [ 129.238341554439558, 35.465464834790836 ], [ 129.239875089307816, 35.46568804223589 ], [ 129.241065741659895, 35.465848743773712 ], [ 129.244580023950562, 35.466229005562738 ], [ 129.246406221535096, 35.466373094616294 ], [ 129.24687995832042, 35.46642818635344 ], [ 129.248192427415063, 35.467094078399988 ], [ 129.249145359765151, 35.467723798482247 ], [ 129.250714790673811, 35.469112091589643 ], [ 129.250947049940521, 35.469328761922185 ], [ 129.25175204282354, 35.470251076448342 ], [ 129.251865617771927, 35.470440264470348 ], [ 129.251865827470994, 35.470509564234774 ], [ 129.251764870670371, 35.470745401174426 ], [ 129.251646899542493, 35.470958162319633 ], [ 129.251506252191405, 35.471147871212466 ], [ 129.251467130871305, 35.471281924892068 ], [ 129.251478707154092, 35.471369679060764 ], [ 129.251507172182471, 35.471443546940236 ], [ 129.253528365078097, 35.474701056778969 ], [ 129.253619046408289, 35.474793259481949 ], [ 129.253698309665111, 35.474848555183165 ], [ 129.253788789920293, 35.474880699561972 ], [ 129.253969655252007, 35.474908029298334 ], [ 129.254432851766694, 35.474897821197509 ], [ 129.254687021009545, 35.474883432839313 ], [ 129.254833879547476, 35.474873879136211 ], [ 129.254963724475232, 35.474845904661343 ], [ 129.255189349117558, 35.474739161686102 ], [ 129.255330454683559, 35.474697283629418 ], [ 129.255477280924737, 35.474683121877682 ], [ 129.255612875274352, 35.474687445256585 ], [ 129.255805050348187, 35.474719378588027 ], [ 129.255986005775696, 35.474779062740303 ], [ 129.256229252386873, 35.474880185870497 ], [ 129.25635943776868, 35.474963074671372 ], [ 129.256421896066968, 35.475064578783268 ], [ 129.256467493103116, 35.475189221875077 ], [ 129.25685023441369, 35.476446095697334 ], [ 129.256857461075498, 35.476587088577411 ], [ 129.256885909019388, 35.477583059910998 ], [ 129.256886057430336, 35.477627860352385 ], [ 129.256053819642375, 35.481535396986359 ], [ 129.255864088235001, 35.481535789277984 ], [ 129.255776949386956, 35.481546469479234 ], [ 129.255697538805862, 35.481575984670272 ], [ 129.254130100367263, 35.482744802268641 ], [ 129.249568800824449, 35.486798253970349 ], [ 129.249323457203388, 35.487067283698714 ], [ 129.249018064320296, 35.487574479750108 ], [ 129.248979845076349, 35.487654283142582 ], [ 129.2489800877741, 35.487731901637282 ], [ 129.248993135088739, 35.487809491354604 ], [ 129.249029548578932, 35.487959496027202 ], [ 129.249106827764678, 35.488074735555365 ], [ 129.249191806855151, 35.488189932799166 ], [ 129.249428156283528, 35.488467585510243 ], [ 129.249479764769006, 35.488574466601769 ], [ 129.249479982379029, 35.488641599710803 ], [ 129.249464798203718, 35.488708760548377 ], [ 129.24941387242967, 35.488824242596429 ], [ 129.249103479524138, 35.48913418738303 ], [ 129.248855479561769, 35.489375944561118 ], [ 129.248732725669953, 35.489478992409623 ], [ 129.248568824843602, 35.48955484230293 ], [ 129.248406157874996, 35.489609713449468 ], [ 129.24770755898129, 35.489783180059057 ], [ 129.24620167526453, 35.489994451273937 ], [ 129.24353713644507, 35.490547803108981 ], [ 129.243124854158225, 35.490641573388217 ], [ 129.242911130018342, 35.490766447012867 ], [ 129.242720352044358, 35.490994246846626 ], [ 129.242216711802939, 35.491577794792512 ], [ 129.241957193916193, 35.491780693261738 ], [ 129.241770172428573, 35.491874363076505 ], [ 129.241502923359832, 35.491919730910908 ], [ 129.240166644366923, 35.491915741072191 ], [ 129.239655037733854, 35.491912892364269 ], [ 129.239364850236996, 35.491881839574695 ], [ 129.239097568242016, 35.491822697621345 ], [ 129.238826446237766, 35.491741722069968 ], [ 129.238620222267031, 35.491641999840901 ], [ 129.238429267655931, 35.491509500089521 ], [ 129.238307036605221, 35.491387900964092 ], [ 129.23745502750711, 35.490060812400451 ], [ 129.237164628847722, 35.489532114521531 ], [ 129.236958223301542, 35.489000255573089 ], [ 129.236763280285174, 35.488469942279842 ], [ 129.236606635740657, 35.488204799350434 ], [ 129.235048260403516, 35.486426860140625 ], [ 129.233638751309684, 35.485265123750331 ], [ 129.233558928322964, 35.485224377335889 ], [ 129.233471120206161, 35.485218143713141 ], [ 129.23337570464156, 35.485250926021422 ], [ 129.233226840043727, 35.485338334834438 ], [ 129.232570384242933, 35.48575971407152 ], [ 129.232154378831609, 35.486048456484745 ], [ 129.231639154177145, 35.486457348628271 ], [ 129.231475057457004, 35.486619653609836 ], [ 129.231387286335547, 35.48672577190203 ], [ 129.231299539540657, 35.486908356275443 ], [ 129.231219443631574, 35.487114335640371 ], [ 129.231188999734115, 35.487360862134373 ], [ 129.231158553172492, 35.487669803797019 ], [ 129.231181531030018, 35.48786796344389 ], [ 129.231304007161498, 35.488749479325925 ], [ 129.231445599902003, 35.489684034669487 ], [ 129.231491581528815, 35.490155233965197 ], [ 129.231464922955269, 35.490329990730217 ], [ 129.23144203995929, 35.490376794237498 ], [ 129.231338970127439, 35.490442377254183 ], [ 129.228384963686665, 35.491160833775012 ], [ 129.228014637476491, 35.491215582123644 ], [ 129.227763508732352, 35.491313377126261 ], [ 129.227459587253946, 35.491454521602755 ], [ 129.227314246250074, 35.49153047650362 ], [ 129.227235316168048, 35.491692819370741 ], [ 129.227197984466358, 35.49253630815199 ], [ 129.227159781861218, 35.493066214530586 ], [ 129.227094849869104, 35.49350966311939 ], [ 129.227016278838335, 35.493801765958182 ], [ 129.226324743298392, 35.495867612612528 ], [ 129.22625949125441, 35.496028761967509 ], [ 129.226166034731534, 35.496166968736546 ], [ 129.225036440501896, 35.497463563285656 ], [ 129.22462923476931, 35.497630885411418 ], [ 129.224273218122619, 35.497881381283797 ], [ 129.224684570868135, 35.499213153771343 ], [ 129.22488956357202, 35.499629181348318 ], [ 129.225196474409387, 35.500045024708044 ], [ 129.225554009251084, 35.500335854655383 ], [ 129.226166108947695, 35.500542922151247 ], [ 129.226523413328152, 35.500750458699684 ], [ 129.226677003445417, 35.501000028169734 ], [ 129.225920286733668, 35.504901109113078 ], [ 129.223361714084319, 35.508670372544252 ], [ 129.220916279134542, 35.510504828954929 ], [ 129.218098370831541, 35.512161995476575 ], [ 129.214742799706471, 35.512244503983126 ], [ 129.214520098915358, 35.51218278940221 ], [ 129.214279751100094, 35.51212834099541 ], [ 129.213611942800696, 35.512063086229723 ], [ 129.213433531293873, 35.512051855572402 ], [ 129.213163408854484, 35.512092759628374 ], [ 129.212948168777416, 35.512182685307096 ], [ 129.212651875527001, 35.512346381254545 ], [ 129.211482568024536, 35.51311364993186 ], [ 129.210050277722331, 35.514414529703025 ], [ 129.209188919506403, 35.516786439675442 ], [ 129.207673636693642, 35.51884883758099 ], [ 129.207279085045883, 35.519326157012237 ], [ 129.207051462632336, 35.519520036987196 ], [ 129.206965391498983, 35.519661405347541 ], [ 129.206824639426571, 35.520956220976544 ], [ 129.20692044746832, 35.521769560611069 ], [ 129.207269322306672, 35.52366365114711 ], [ 129.20783529675299, 35.525041544272895 ], [ 129.208393546377692, 35.526002199048165 ], [ 129.211515665255149, 35.52990402848485 ], [ 129.214147744056334, 35.533641883602094 ], [ 129.214837611553321, 35.534246530291867 ], [ 129.215017069737485, 35.534376250574461 ], [ 129.215510893004364, 35.534190596614309 ], [ 129.215774875376837, 35.534103154676629 ], [ 129.215939672803472, 35.534056481981317 ], [ 129.21619854117273, 35.534042972626786 ], [ 129.216461075649789, 35.534080195627546 ], [ 129.223701916206608, 35.53560864520928 ], [ 129.228002550894388, 35.536634705317944 ], [ 129.228146778477679, 35.536680383123425 ], [ 129.228330253817091, 35.53675808303133 ], [ 129.228584976804257, 35.536930891295611 ], [ 129.228687108058836, 35.53701113531023 ], [ 129.228852676492266, 35.537154435826459 ], [ 129.228946003013107, 35.537224644726237 ], [ 129.229085986088478, 35.537327062317765 ], [ 129.229209213698851, 35.537407254841732 ], [ 129.229415995439354, 35.53752390382563 ], [ 129.229522392005009, 35.537551838678127 ], [ 129.2296085258875, 35.537525475610394 ], [ 129.230844869143084, 35.537034334345364 ], [ 129.231078279798254, 35.536930496092289 ], [ 129.233965220622309, 35.536344732570335 ], [ 129.235713028372402, 35.535882485983898 ], [ 129.235914166488783, 35.535864143382135 ], [ 129.236167264451637, 35.535882349377616 ], [ 129.236672844549361, 35.53622137933872 ] ] ] ] } },
{ "type": "Feature", "properties": { "OBJECTID": 1137, "adm_nm": "울산광역시 울주군 웅촌면", "adm_cd": "2631034", "adm_cd2": "3171034000", "sgg": "31710", "sido": "31", "sidonm": "울산광역시", "sggnm": "울주군" }, "geometry": { "type": "MultiPolygon", "coordinates": [ [ [ [ 129.210050277722331, 35.514414529703025 ], [ 129.211482568024536, 35.51311364993186 ], [ 129.212651875527001, 35.512346381254545 ], [ 129.212948168777416, 35.512182685307096 ], [ 129.213163408854484, 35.512092759628374 ], [ 129.213433531293873, 35.512051855572402 ], [ 129.213611942800696, 35.512063086229723 ], [ 129.214279751100094, 35.51212834099541 ], [ 129.214520098915358, 35.51218278940221 ], [ 129.214742799706471, 35.512244503983126 ], [ 129.218098370831541, 35.512161995476575 ], [ 129.220916279134542, 35.510504828954929 ], [ 129.223361714084319, 35.508670372544252 ], [ 129.225920286733668, 35.504901109113078 ], [ 129.226677003445417, 35.501000028169734 ], [ 129.226523413328152, 35.500750458699684 ], [ 129.226166108947695, 35.500542922151247 ], [ 129.225554009251084, 35.500335854655383 ], [ 129.225196474409387, 35.500045024708044 ], [ 129.22488956357202, 35.499629181348318 ], [ 129.224684570868135, 35.499213153771343 ], [ 129.224273218122619, 35.497881381283797 ], [ 129.22462923476931, 35.497630885411418 ], [ 129.225036440501896, 35.497463563285656 ], [ 129.226166034731534, 35.496166968736546 ], [ 129.22625949125441, 35.496028761967509 ], [ 129.226324743298392, 35.495867612612528 ], [ 129.227016278838335, 35.493801765958182 ], [ 129.227094849869104, 35.49350966311939 ], [ 129.227159781861218, 35.493066214530586 ], [ 129.227197984466358, 35.49253630815199 ], [ 129.227235316168048, 35.491692819370741 ], [ 129.227314246250074, 35.49153047650362 ], [ 129.227459587253946, 35.491454521602755 ], [ 129.227763508732352, 35.491313377126261 ], [ 129.228014637476491, 35.491215582123644 ], [ 129.228384963686665, 35.491160833775012 ], [ 129.231338970127439, 35.490442377254183 ], [ 129.23144203995929, 35.490376794237498 ], [ 129.231464922955269, 35.490329990730217 ], [ 129.231491581528815, 35.490155233965197 ], [ 129.231445599902003, 35.489684034669487 ], [ 129.231304007161498, 35.488749479325925 ], [ 129.231181531030018, 35.48786796344389 ], [ 129.231158553172492, 35.487669803797019 ], [ 129.231188999734115, 35.487360862134373 ], [ 129.231219443631574, 35.487114335640371 ], [ 129.231299539540657, 35.486908356275443 ], [ 129.231387286335547, 35.48672577190203 ], [ 129.231475057457004, 35.486619653609836 ], [ 129.231639154177145, 35.486457348628271 ], [ 129.232154378831609, 35.486048456484745 ], [ 129.232570384242933, 35.48575971407152 ], [ 129.233226840043727, 35.485338334834438 ], [ 129.23337570464156, 35.485250926021422 ], [ 129.233471120206161, 35.485218143713141 ], [ 129.233558928322964, 35.485224377335889 ], [ 129.233638751309684, 35.485265123750331 ], [ 129.235048260403516, 35.486426860140625 ], [ 129.236606635740657, 35.488204799350434 ], [ 129.236763280285174, 35.488469942279842 ], [ 129.236958223301542, 35.489000255573089 ], [ 129.237164628847722, 35.489532114521531 ], [ 129.23745502750711, 35.490060812400451 ], [ 129.238307036605221, 35.491387900964092 ], [ 129.238429267655931, 35.491509500089521 ], [ 129.238620222267031, 35.491641999840901 ], [ 129.238826446237766, 35.491741722069968 ], [ 129.239097568242016, 35.491822697621345 ], [ 129.239364850236996, 35.491881839574695 ], [ 129.239655037733854, 35.491912892364269 ], [ 129.240166644366923, 35.491915741072191 ], [ 129.241502923359832, 35.491919730910908 ], [ 129.241770172428573, 35.491874363076505 ], [ 129.241957193916193, 35.491780693261738 ], [ 129.242216711802939, 35.491577794792512 ], [ 129.242720352044358, 35.490994246846626 ], [ 129.242911130018342, 35.490766447012867 ], [ 129.243124854158225, 35.490641573388217 ], [ 129.24353713644507, 35.490547803108981 ], [ 129.24620167526453, 35.489994451273937 ], [ 129.24770755898129, 35.489783180059057 ], [ 129.248406157874996, 35.489609713449468 ], [ 129.248568824843602, 35.48955484230293 ], [ 129.248732725669953, 35.489478992409623 ], [ 129.248855479561769, 35.489375944561118 ], [ 129.249103479524138, 35.48913418738303 ], [ 129.24941387242967, 35.488824242596429 ], [ 129.249464798203718, 35.488708760548377 ], [ 129.249479982379029, 35.488641599710803 ], [ 129.249479764769006, 35.488574466601769 ], [ 129.249428156283528, 35.488467585510243 ], [ 129.249191806855151, 35.488189932799166 ], [ 129.249106827764678, 35.488074735555365 ], [ 129.249029548578932, 35.487959496027202 ], [ 129.248993135088739, 35.487809491354604 ], [ 129.2489800877741, 35.487731901637282 ], [ 129.248979845076349, 35.487654283142582 ], [ 129.249018064320296, 35.487574479750108 ], [ 129.249323457203388, 35.487067283698714 ], [ 129.249568800824449, 35.486798253970349 ], [ 129.254130100367263, 35.482744802268641 ], [ 129.255697538805862, 35.481575984670272 ], [ 129.255776949386956, 35.481546469479234 ], [ 129.255864088235001, 35.481535789277984 ], [ 129.256053819642375, 35.481535396986359 ], [ 129.256886057430336, 35.477627860352385 ], [ 129.256885909019388, 35.477583059910998 ], [ 129.256857461075498, 35.476587088577411 ], [ 129.25685023441369, 35.476446095697334 ], [ 129.256467493103116, 35.475189221875077 ], [ 129.256421896066968, 35.475064578783268 ], [ 129.25635943776868, 35.474963074671372 ], [ 129.256229252386873, 35.474880185870497 ], [ 129.255986005775696, 35.474779062740303 ], [ 129.255805050348187, 35.474719378588027 ], [ 129.255612875274352, 35.474687445256585 ], [ 129.255477280924737, 35.474683121877682 ], [ 129.255330454683559, 35.474697283629418 ], [ 129.255189349117558, 35.474739161686102 ], [ 129.254963724475232, 35.474845904661343 ], [ 129.254833879547476, 35.474873879136211 ], [ 129.254687021009545, 35.474883432839313 ], [ 129.254432851766694, 35.474897821197509 ], [ 129.253969655252007, 35.474908029298334 ], [ 129.253788789920293, 35.474880699561972 ], [ 129.253698309665111, 35.474848555183165 ], [ 129.253619046408289, 35.474793259481949 ], [ 129.253528365078097, 35.474701056778969 ], [ 129.251507172182471, 35.471443546940236 ], [ 129.251478707154092, 35.471369679060764 ], [ 129.251467130871305, 35.471281924892068 ], [ 129.251506252191405, 35.471147871212466 ], [ 129.251646899542493, 35.470958162319633 ], [ 129.251764870670371, 35.470745401174426 ], [ 129.251865827470994, 35.470509564234774 ], [ 129.251865617771927, 35.470440264470348 ], [ 129.25175204282354, 35.470251076448342 ], [ 129.250947049940521, 35.469328761922185 ], [ 129.250714790673811, 35.469112091589643 ], [ 129.249145359765151, 35.467723798482247 ], [ 129.248192427415063, 35.467094078399988 ], [ 129.24687995832042, 35.46642818635344 ], [ 129.246406221535096, 35.466373094616294 ], [ 129.244580023950562, 35.466229005562738 ], [ 129.241065741659895, 35.465848743773712 ], [ 129.239875089307816, 35.46568804223589 ], [ 129.238341554439558, 35.465464834790836 ], [ 129.238223081858393, 35.465434486365496 ], [ 129.238129391495761, 35.465358245073254 ], [ 129.237910447363362, 35.465068210307479 ], [ 129.237947128592822, 35.464828639182493 ], [ 129.238236229165437, 35.463543934758292 ], [ 129.236299033986796, 35.459834556396032 ], [ 129.236266848394365, 35.459640716177738 ], [ 129.236375288635799, 35.458877806138588 ], [ 129.236484736240698, 35.458463925879407 ], [ 129.237147738527142, 35.458178245123385 ], [ 129.237874729951784, 35.458150978719281 ], [ 129.239708743034242, 35.458328338094873 ], [ 129.240771067187438, 35.457320537514669 ], [ 129.241369524837694, 35.456595432647376 ], [ 129.241289351934171, 35.456207799106849 ], [ 129.240907984547789, 35.455523406706213 ], [ 129.241328656674085, 35.453947527447603 ], [ 129.24139123863867, 35.453792705589365 ], [ 129.242694468623597, 35.451976488407169 ], [ 129.243575193825905, 35.451341193733256 ], [ 129.244042677631654, 35.451060323469939 ], [ 129.244243317272606, 35.451000116674173 ], [ 129.243412102525497, 35.450639365705385 ], [ 129.241844336851472, 35.450096192000025 ], [ 129.241650846367406, 35.450038080874556 ], [ 129.241470107436186, 35.45003500383558 ], [ 129.238094881027791, 35.450348446460772 ], [ 129.237796770880607, 35.450445395065564 ], [ 129.236194669480028, 35.451146347213253 ], [ 129.235875886416352, 35.451360321761278 ], [ 129.23578813492071, 35.451529142340377 ], [ 129.235622630509056, 35.452356944858437 ], [ 129.235552872431242, 35.453075671347804 ], [ 129.235549153603699, 35.453137370334218 ], [ 129.235516774156991, 35.453176796024074 ], [ 129.235472208660411, 35.453215762258552 ], [ 129.235302912988146, 35.453274415768185 ], [ 129.235092741063312, 35.453326206399595 ], [ 129.231722023211432, 35.454087938802054 ], [ 129.231669486995031, 35.454090920348072 ], [ 129.231580847985981, 35.454081033805089 ], [ 129.231403038945189, 35.454029124612717 ], [ 129.230284727544728, 35.453644292277737 ], [ 129.229303891582191, 35.453285206489539 ], [ 129.229154212040186, 35.45322986078002 ], [ 129.227113218593331, 35.451857128926605 ], [ 129.226064500220872, 35.450731444639757 ], [ 129.22593802275594, 35.450587135107334 ], [ 129.225066440952503, 35.449537162070115 ], [ 129.223510126986184, 35.448515660244183 ], [ 129.223424729809352, 35.448476225534471 ], [ 129.22338392466574, 35.448457388973182 ], [ 129.223102176193606, 35.448395964260918 ], [ 129.221196125037864, 35.448053473753063 ], [ 129.22086890316632, 35.448021921184449 ], [ 129.220639931938621, 35.448033060650793 ], [ 129.220358934753278, 35.448156805641297 ], [ 129.219855683803843, 35.448355971438488 ], [ 129.219544087764291, 35.448468855146118 ], [ 129.219328247766271, 35.448506760297988 ], [ 129.219125517549969, 35.448533903231578 ], [ 129.217066289249885, 35.448494865420713 ], [ 129.216987744097395, 35.448484284403619 ], [ 129.216850068152041, 35.448377358977396 ], [ 129.215978739574638, 35.447475323485619 ], [ 129.21540138247201, 35.44687086029586 ], [ 129.215237270094548, 35.446667543227704 ], [ 129.214010022204548, 35.445006223528814 ], [ 129.214003292056844, 35.444936564797374 ], [ 129.214068450092327, 35.444829282476817 ], [ 129.214386957199906, 35.44440768633433 ], [ 129.21451727962895, 35.444209200210075 ], [ 129.214550425997913, 35.44410977853935 ], [ 129.21464060860086, 35.443839262884033 ], [ 129.214932456648853, 35.442863548103581 ], [ 129.214906130721118, 35.442804650986339 ], [ 129.214834044760408, 35.442761914168869 ], [ 129.213416071803778, 35.442251673281653 ], [ 129.212780885430163, 35.442027724551885 ], [ 129.211825130760985, 35.441804351479945 ], [ 129.209123879078703, 35.440751027315862 ], [ 129.208861729197849, 35.440569292757836 ], [ 129.208677998500434, 35.440355279301087 ], [ 129.208631952618077, 35.440264253794886 ], [ 129.208631687553947, 35.44015174460278 ], [ 129.208703459762745, 35.440067689920042 ], [ 129.208898919128416, 35.439756562555999 ], [ 129.20889574168703, 35.438467650802423 ], [ 129.208881369049266, 35.43796400892338 ], [ 129.208761763140416, 35.437240857053219 ], [ 129.207101285277247, 35.431384957138462 ], [ 129.206983271599512, 35.43127798585472 ], [ 129.206904695568426, 35.43125131121451 ], [ 129.206728091829603, 35.431256985232899 ], [ 129.206342147408236, 35.431252270765867 ], [ 129.206001858840864, 35.431204638094499 ], [ 129.205249232299934, 35.431055871936174 ], [ 129.20303846803003, 35.430289451012747 ], [ 129.20220153355308, 35.429992785724338 ], [ 129.202292745379168, 35.431130793401692 ], [ 129.202345856793556, 35.431843748764109 ], [ 129.202335860722627, 35.431953122200269 ], [ 129.202219932419695, 35.432138368035808 ], [ 129.201354134616423, 35.433500439838376 ], [ 129.201074964242366, 35.43391117785437 ], [ 129.200750737849177, 35.434307074970185 ], [ 129.199971420207078, 35.434773787579765 ], [ 129.199902483533322, 35.434936455532458 ], [ 129.199243171869767, 35.435861014241262 ], [ 129.196929400778856, 35.438988705598604 ], [ 129.196848934195003, 35.439081532329659 ], [ 129.196699903779518, 35.439239741991656 ], [ 129.196592305275772, 35.439353965912204 ], [ 129.196485367521859, 35.439428873860919 ], [ 129.196414004406961, 35.439445234686623 ], [ 129.196358385985121, 35.439419341329774 ], [ 129.194853362023622, 35.438548082480629 ], [ 129.193455953911609, 35.43770948851747 ], [ 129.192738444357246, 35.437276228406553 ], [ 129.192182073471571, 35.436864444676125 ], [ 129.187425689771828, 35.434870632256107 ], [ 129.181719554927668, 35.433309329712422 ], [ 129.178948609867518, 35.432633432384783 ], [ 129.175400767465476, 35.433176957369255 ], [ 129.172653796855087, 35.433573779202014 ], [ 129.172554826883641, 35.433573916266809 ], [ 129.172242079929788, 35.43356106814926 ], [ 129.171665845153484, 35.433515522149712 ], [ 129.171204761043839, 35.433461923278372 ], [ 129.170926800321212, 35.43337804996515 ], [ 129.170705345556087, 35.433251953207268 ], [ 129.170478582730198, 35.433045802171151 ], [ 129.170349588584969, 35.432860587012094 ], [ 129.170066080094671, 35.432578677575599 ], [ 129.169721052908926, 35.432397986445267 ], [ 129.169156743212113, 35.432218663114959 ], [ 129.168142757381418, 35.431916689113997 ], [ 129.167859827428288, 35.43190444437721 ], [ 129.165799300004949, 35.432045734429813 ], [ 129.165644043609404, 35.432078782869958 ], [ 129.165578295080252, 35.43213451621579 ], [ 129.165521880016854, 35.432218872205702 ], [ 129.165488836255378, 35.43228958978311 ], [ 129.165435153951307, 35.432577134461681 ], [ 129.16534343545456, 35.433007039862161 ], [ 129.165216827405686, 35.433400565541753 ], [ 129.165093986362621, 35.433704101039012 ], [ 129.164698780357611, 35.434138629834024 ], [ 129.164256174593731, 35.434286969853453 ], [ 129.163149049868622, 35.434658007457173 ], [ 129.162347086625886, 35.434916095763256 ], [ 129.161868903735837, 35.435030480389123 ], [ 129.161628495665752, 35.43505313896825 ], [ 129.161370021421362, 35.435077508032016 ], [ 129.160775759409091, 35.435166809785073 ], [ 129.158250007836585, 35.436726844912094 ], [ 129.153405755577012, 35.440084367058084 ], [ 129.153094617771444, 35.44036473946538 ], [ 129.152957906651466, 35.440565262868702 ], [ 129.152645485484328, 35.441061568600198 ], [ 129.15235808462279, 35.441432707216592 ], [ 129.152090947629972, 35.44163528907221 ], [ 129.150003188106467, 35.442980627895103 ], [ 129.149751345535208, 35.443111558212436 ], [ 129.148018832861084, 35.443792049496835 ], [ 129.147869673375681, 35.443821715905123 ], [ 129.146351188910643, 35.443810307512109 ], [ 129.145659254228434, 35.444426681896616 ], [ 129.145405256373408, 35.444989176382819 ], [ 129.145267353675081, 35.445157691511056 ], [ 129.145097295028052, 35.44530583056028 ], [ 129.144736241710888, 35.445441515258601 ], [ 129.143848863081615, 35.445662337380362 ], [ 129.143559915468586, 35.445717624867136 ], [ 129.143226864092242, 35.445796268263024 ], [ 129.14297415789693, 35.445910676295902 ], [ 129.14015304037801, 35.448645849278947 ], [ 129.139793352043682, 35.448999983778968 ], [ 129.138980784740056, 35.450072390247058 ], [ 129.13565335225141, 35.455273427456468 ], [ 129.135613826391733, 35.455371405910491 ], [ 129.135595807454166, 35.455416084152397 ], [ 129.135570855582273, 35.455754144808196 ], [ 129.135616498334088, 35.456129000427346 ], [ 129.135716568443399, 35.456447615906718 ], [ 129.136324841187076, 35.456852941198981 ], [ 129.137912200314219, 35.457944331156966 ], [ 129.138170018104262, 35.458157853011031 ], [ 129.139538262745333, 35.459298323726088 ], [ 129.139874762421613, 35.46007494621707 ], [ 129.139910619205182, 35.460176076692846 ], [ 129.140094636164605, 35.461223047473005 ], [ 129.140099991722025, 35.461381584099158 ], [ 129.140065747913525, 35.461486993027371 ], [ 129.140045528600041, 35.461592352892758 ], [ 129.140050820604017, 35.461709172792482 ], [ 129.140066262856465, 35.461794685334816 ], [ 129.140126334170503, 35.461891596412549 ], [ 129.140670458292249, 35.462578147205313 ], [ 129.142473955020648, 35.464800995944387 ], [ 129.143332068552382, 35.465718347669579 ], [ 129.143426527954375, 35.465795367401341 ], [ 129.145976207746457, 35.467501037040456 ], [ 129.146149758655071, 35.467614382871723 ], [ 129.147560636965295, 35.468250924233708 ], [ 129.147716403643358, 35.468298587321392 ], [ 129.147974618860275, 35.468322688254453 ], [ 129.151686790545511, 35.470638693315699 ], [ 129.15173805584871, 35.470792318083788 ], [ 129.152167363959677, 35.471601879416539 ], [ 129.152338126279517, 35.471797074413296 ], [ 129.152629660504374, 35.47204811053912 ], [ 129.153131590093778, 35.47233823072991 ], [ 129.15909777175537, 35.476275264242297 ], [ 129.160980436193114, 35.477740628817592 ], [ 129.164056471828644, 35.479184864548401 ], [ 129.16414795978659, 35.479211606552809 ], [ 129.168176356462055, 35.479789294898822 ], [ 129.168283541234615, 35.479803166196056 ], [ 129.17365195054964, 35.479649044707827 ], [ 129.173999633226259, 35.479621247976922 ], [ 129.174499037416979, 35.479581300481819 ], [ 129.175161770770586, 35.479491595276485 ], [ 129.175628772432702, 35.47940215368321 ], [ 129.179169698874205, 35.478495702568267 ], [ 129.179796728605197, 35.478210033969034 ], [ 129.180278393887079, 35.477836083400781 ], [ 129.181024208478561, 35.476735198882849 ], [ 129.181202935499812, 35.47644071343209 ], [ 129.181281247887483, 35.476311673990772 ], [ 129.181401321639811, 35.475942775198178 ], [ 129.182129407763995, 35.475718830642499 ], [ 129.182332888189109, 35.475664375656798 ], [ 129.182730952847322, 35.475622141702623 ], [ 129.183624362177113, 35.475544953773593 ], [ 129.184119652809073, 35.475522891023871 ], [ 129.184391469648943, 35.475547030146636 ], [ 129.184430923896144, 35.475568276898869 ], [ 129.184502835930658, 35.475607010332553 ], [ 129.184583888369104, 35.47572192737077 ], [ 129.185223099718741, 35.477112829460395 ], [ 129.186725394741075, 35.481455429067552 ], [ 129.186876458073471, 35.481996437584129 ], [ 129.187160997772224, 35.483119704682082 ], [ 129.187171049472425, 35.483341292413805 ], [ 129.187130509690775, 35.483472767957011 ], [ 129.187020486770393, 35.48358762781254 ], [ 129.186860017098724, 35.48368586436878 ], [ 129.186508961776269, 35.483809997888457 ], [ 129.185837941829647, 35.483957986008143 ], [ 129.185627055208045, 35.48404069315815 ], [ 129.185537342404245, 35.484114319805663 ], [ 129.184825742427847, 35.484976238216646 ], [ 129.184715758210132, 35.485115594019312 ], [ 129.184706395889066, 35.485190218403176 ], [ 129.184727073809256, 35.485296011568117 ], [ 129.184837682958914, 35.485427239006022 ], [ 129.188244742442322, 35.487579359099747 ], [ 129.19593103894735, 35.48635269075556 ], [ 129.198320056253522, 35.485624043858891 ], [ 129.199139266897475, 35.485553904822126 ], [ 129.199284949652707, 35.485559923489923 ], [ 129.199424143282272, 35.485576562492099 ], [ 129.199562935821319, 35.485612362029748 ], [ 129.199663599066071, 35.485659942625077 ], [ 129.199753650134539, 35.485713033218332 ], [ 129.200921477688865, 35.486404624870524 ], [ 129.201191027850456, 35.48659977074464 ], [ 129.201291744650263, 35.486695799794532 ], [ 129.201345985646867, 35.486748559333918 ], [ 129.201392515911124, 35.486864668876656 ], [ 129.20258742487033, 35.490001026808763 ], [ 129.20259683624738, 35.490061353967228 ], [ 129.202563490857216, 35.490127384591389 ], [ 129.200426058378383, 35.493496385681681 ], [ 129.198652841405931, 35.496383161461594 ], [ 129.196832246720078, 35.499411955787174 ], [ 129.19671103826883, 35.499805439351832 ], [ 129.195656464305699, 35.501442383348227 ], [ 129.195533295398519, 35.50157088570797 ], [ 129.194956646952392, 35.501971418851362 ], [ 129.194826904363566, 35.502055752690573 ], [ 129.194695746035364, 35.502084369492472 ], [ 129.194606969578814, 35.502084495273792 ], [ 129.194249301401669, 35.502090344708115 ], [ 129.194070534064423, 35.50211901922254 ], [ 129.193918854883663, 35.502174994836537 ], [ 129.19338366787764, 35.502703762032709 ], [ 129.193254090768363, 35.502850149379782 ], [ 129.192642275062667, 35.503779993285505 ], [ 129.192580962241777, 35.503926306331138 ], [ 129.192554819578703, 35.504043045747508 ], [ 129.192572821893123, 35.504207232174387 ], [ 129.192603119391805, 35.504354124911664 ], [ 129.19272037738034, 35.504768803159926 ], [ 129.192762102147952, 35.504904881969892 ], [ 129.192810832974743, 35.505027955087641 ], [ 129.192884239230523, 35.505153893130682 ], [ 129.192986721178045, 35.505283375352967 ], [ 129.193090022991129, 35.505381889809804 ], [ 129.193192359951951, 35.505440791451228 ], [ 129.193280522916268, 35.505485308690993 ], [ 129.193340491200672, 35.505508264715289 ], [ 129.193467391790392, 35.505532559147277 ], [ 129.19360482219156, 35.505536665268153 ], [ 129.193802076754309, 35.505516174648349 ], [ 129.194915189000682, 35.505397714389531 ], [ 129.197497193087258, 35.507296500729709 ], [ 129.199905710881353, 35.510441579880478 ], [ 129.202887110538029, 35.513316180796586 ], [ 129.205199659462721, 35.514574437022198 ], [ 129.205295979847449, 35.514604610808064 ], [ 129.207159359172181, 35.514585562786436 ], [ 129.207415363451474, 35.51454901629382 ], [ 129.207747088123824, 35.514419921783308 ], [ 129.210050277722331, 35.514414529703025 ] ] ] ] } },
{ "type": "Feature", "properties": { "OBJECTID": 1138, "adm_nm": "울산광역시 울주군 두동면", "adm_cd": "2631036", "adm_cd2": "3171036000", "sgg": "31710", "sido": "31", "sidonm": "울산광역시", "sggnm": "울주군" }, "geometry": { "type": "MultiPolygon", "coordinates": [ [ [ [ 129.256035609754207, 35.700784796861285 ], [ 129.256992875852518, 35.700217587275759 ], [ 129.257476250048228, 35.699915426914281 ], [ 129.259104282528682, 35.69821460496749 ], [ 129.259268194027641, 35.698019582793407 ], [ 129.259340244008683, 35.697913729699131 ], [ 129.259854094286936, 35.697086928247323 ], [ 129.261974834418027, 35.69351615080722 ], [ 129.262630671446914, 35.69167764895159 ], [ 129.262666038390563, 35.691559948123235 ], [ 129.262694159165733, 35.691445407712003 ], [ 129.262618523137604, 35.690279157717505 ], [ 129.262301750997693, 35.686005758530698 ], [ 129.262276884645956, 35.68588679683463 ], [ 129.262240393947565, 35.68579240635308 ], [ 129.262165386552226, 35.685684111567156 ], [ 129.262087245778304, 35.685590494020587 ], [ 129.262066134431961, 35.685565210301938 ], [ 129.261998478588851, 35.685502158847477 ], [ 129.261933141099519, 35.685460708616276 ], [ 129.260535962261571, 35.684612891207422 ], [ 129.25992113731138, 35.684270578499451 ], [ 129.259332399673553, 35.683936022714427 ], [ 129.258832199526267, 35.683628845224618 ], [ 129.258627841116152, 35.683494332080784 ], [ 129.258603556438715, 35.683425689322924 ], [ 129.258590878954664, 35.683323697965086 ], [ 129.258590380732528, 35.683205711739447 ], [ 129.25861422185929, 35.682912311989 ], [ 129.258673422496202, 35.682668989831996 ], [ 129.25872579626207, 35.682502221356444 ], [ 129.259493079031273, 35.680697181939941 ], [ 129.259599333170598, 35.680488210256307 ], [ 129.259976421210126, 35.680203100400348 ], [ 129.26029990181371, 35.679978213266892 ], [ 129.260497508238643, 35.679846910867695 ], [ 129.260773800288234, 35.679679988028298 ], [ 129.26080471522485, 35.679621734854621 ], [ 129.260846243204668, 35.679469931357886 ], [ 129.260859377957559, 35.679394091183404 ], [ 129.259814039415005, 35.67303104470961 ], [ 129.259749216374871, 35.67284151941962 ], [ 129.259647980534169, 35.672692331504464 ], [ 129.258460338833856, 35.670993022627734 ], [ 129.258401765123949, 35.67091740705154 ], [ 129.258283364230977, 35.670827472245556 ], [ 129.25816286440525, 35.670756067798678 ], [ 129.254246655339301, 35.666258528661864 ], [ 129.254216128884082, 35.66619550372134 ], [ 129.254178388615458, 35.666044029641618 ], [ 129.25430980540014, 35.664861936591244 ], [ 129.254328479470246, 35.664728559453849 ], [ 129.254871045632569, 35.66090051717066 ], [ 129.255174292082302, 35.660339192100196 ], [ 129.25416038463959, 35.658774518592473 ], [ 129.252212365125416, 35.656597384465464 ], [ 129.25017413255577, 35.653115103194793 ], [ 129.250157167973043, 35.653070469894971 ], [ 129.24932185741315, 35.651204767548748 ], [ 129.248689318199212, 35.649863165037289 ], [ 129.248640202637574, 35.649810815401885 ], [ 129.247885772044839, 35.649155693352469 ], [ 129.247705846101724, 35.64905041675194 ], [ 129.247646020817768, 35.649040017117507 ], [ 129.245449450627007, 35.648243298113812 ], [ 129.243897122636241, 35.644945682089549 ], [ 129.24387689435622, 35.64489652888264 ], [ 129.243862366225471, 35.644830968527543 ], [ 129.243802538404566, 35.643781607746071 ], [ 129.243803613808723, 35.64366329836016 ], [ 129.243806863901, 35.64354849862135 ], [ 129.244035403233767, 35.640642049905637 ], [ 129.244512626553529, 35.639127739433341 ], [ 129.244547610611107, 35.637182127999353 ], [ 129.244359396275001, 35.637060687212667 ], [ 129.244236535806863, 35.636973088048926 ], [ 129.244179041043253, 35.636922839234693 ], [ 129.244095591649227, 35.63683398935077 ], [ 129.244036538469828, 35.636746270881012 ], [ 129.243920529121397, 35.636552058301014 ], [ 129.243114811880332, 35.63516215872793 ], [ 129.243044850157759, 35.635025254138554 ], [ 129.242982658822626, 35.634843817630937 ], [ 129.242960929326927, 35.63477475790863 ], [ 129.242941359518454, 35.634702172654677 ], [ 129.242934015572558, 35.634645966760061 ], [ 129.242933858041283, 35.634589743400667 ], [ 129.242949327669919, 35.634492494037509 ], [ 129.243211119442208, 35.633577168401956 ], [ 129.243460024109055, 35.632668899162461 ], [ 129.243470624829143, 35.632617335933503 ], [ 129.243522894074033, 35.631888677506311 ], [ 129.243522484847432, 35.63175281076893 ], [ 129.243517062308086, 35.6316192830161 ], [ 129.243495294958763, 35.631531476002209 ], [ 129.243454888860327, 35.63144371704157 ], [ 129.242517896014334, 35.629531663998556 ], [ 129.242487705961793, 35.629505955970174 ], [ 129.242436073072611, 35.629500197675917 ], [ 129.242375876637055, 35.629509689773499 ], [ 129.242089312725824, 35.629569997893029 ], [ 129.241721812124268, 35.629653897461495 ], [ 129.241156597498616, 35.629789710468195 ], [ 129.240938833818092, 35.629847553507773 ], [ 129.240846431002382, 35.629873500581084 ], [ 129.240690292400018, 35.62991949445825 ], [ 129.239971919005967, 35.630137603462423 ], [ 129.239825800983454, 35.630183575864422 ], [ 129.233281416085731, 35.632427701212521 ], [ 129.233225566818589, 35.632448890089137 ], [ 129.233189793349226, 35.632473563762623 ], [ 129.233159791502629, 35.6325087543891 ], [ 129.233135561918346, 35.632565026829795 ], [ 129.233058625042673, 35.632731501814249 ], [ 129.233022246144856, 35.632792482792468 ], [ 129.232995106807834, 35.632826516109333 ], [ 129.232955034919485, 35.6328535269962 ], [ 129.232870498108667, 35.632877109148311 ], [ 129.232808862842035, 35.632881917605573 ], [ 129.228371822521524, 35.632837667136329 ], [ 129.228271446940624, 35.632833154043475 ], [ 129.228178925177161, 35.632820443361332 ], [ 129.22803114320098, 35.632780908479596 ], [ 129.227938579381458, 35.632752954467151 ], [ 129.227145723636568, 35.632508465635112 ], [ 129.226033312110189, 35.6320783362588 ], [ 129.225951479549963, 35.632045690456657 ], [ 129.225291875498357, 35.631762281166459 ], [ 129.22516912524938, 35.631703954391185 ], [ 129.224995362750974, 35.631607042097002 ], [ 129.224874702718779, 35.631527618415284 ], [ 129.223287970074637, 35.630394381693506 ], [ 129.223119875323022, 35.630272883147342 ], [ 129.222708245781064, 35.629946125305828 ], [ 129.222476180124744, 35.629735812771976 ], [ 129.222369585793842, 35.629629170420841 ], [ 129.222314360289289, 35.629563939332897 ], [ 129.221424820070325, 35.628498690179789 ], [ 129.221371496731308, 35.628431152400147 ], [ 129.221335599652946, 35.628383567656634 ], [ 129.221304431347278, 35.628336725781693 ], [ 129.221261395639431, 35.628249179562154 ], [ 129.221236762553787, 35.628187728918093 ], [ 129.217701882442526, 35.626013734941253 ], [ 129.214661584186246, 35.625423873837661 ], [ 129.213530379585421, 35.626248334411805 ], [ 129.213227065039291, 35.626462342922324 ], [ 129.212070378029665, 35.626976905238507 ], [ 129.211476232124198, 35.627083198941904 ], [ 129.211270921997198, 35.627091525429414 ], [ 129.211219609588682, 35.627100844185328 ], [ 129.211158095508893, 35.627131147402345 ], [ 129.211050457892213, 35.627194668776632 ], [ 129.210975657509806, 35.627247647275155 ], [ 129.210683626603668, 35.627462038211988 ], [ 129.210541238862987, 35.627588116975311 ], [ 129.210205322910866, 35.627903679303586 ], [ 129.204949096099512, 35.633099332224575 ], [ 129.204228412259482, 35.634099962954252 ], [ 129.204161139794536, 35.634163017055521 ], [ 129.204114654811377, 35.634191961847385 ], [ 129.204016036812192, 35.634235418623078 ], [ 129.203594159175907, 35.63437776297274 ], [ 129.20346822747814, 35.634408140578387 ], [ 129.203331840457395, 35.634433278448171 ], [ 129.203136018527061, 35.634444104875747 ], [ 129.202942541191135, 35.634436569020266 ], [ 129.202690462179618, 35.634419944690862 ], [ 129.19963308967769, 35.634129898375676 ], [ 129.199514253631776, 35.634115662726394 ], [ 129.199386537816082, 35.634077846769372 ], [ 129.199246758361426, 35.634036100775589 ], [ 129.199192126638479, 35.634013890041388 ], [ 129.199105341319296, 35.63397599029885 ], [ 129.198984746402601, 35.633901446444497 ], [ 129.198923648144756, 35.633859570881299 ], [ 129.198715282398297, 35.63366316762373 ], [ 129.198652479461941, 35.633591133936051 ], [ 129.198607398979419, 35.633538750425082 ], [ 129.198500340635178, 35.633414325092396 ], [ 129.197902915203258, 35.632667710054108 ], [ 129.197870699392269, 35.632619235976286 ], [ 129.1978513174314, 35.632573365756016 ], [ 129.19783834801018, 35.632520915977004 ], [ 129.197826087528739, 35.632431764279445 ], [ 129.197830373286848, 35.632217983777537 ], [ 129.197825090274705, 35.632137108841739 ], [ 129.197793668471292, 35.631972775326616 ], [ 129.197710400234087, 35.631734198542169 ], [ 129.197672378819306, 35.631664741285519 ], [ 129.19761893664429, 35.631585532362259 ], [ 129.195569822204646, 35.628553945481698 ], [ 129.195503338757874, 35.628472530092338 ], [ 129.19540673112752, 35.628394251409851 ], [ 129.195275977292795, 35.628317568477257 ], [ 129.195199554195568, 35.628279244052131 ], [ 129.195097056501851, 35.628257882693802 ], [ 129.195040809635969, 35.628257985565767 ], [ 129.194940404509225, 35.628268893466291 ], [ 129.194838004826408, 35.628289044713981 ], [ 129.194705515618239, 35.62832156805591 ], [ 129.194562977265292, 35.628363321795838 ], [ 129.194374340533557, 35.628434363481503 ], [ 129.194149586520751, 35.628520843045962 ], [ 129.193950893562516, 35.628596523229568 ], [ 129.193832662411012, 35.628633602413686 ], [ 129.193638020610621, 35.628669833984006 ], [ 129.193497294240842, 35.628695205571347 ], [ 129.193377675539438, 35.628697198533096 ], [ 129.19326740083568, 35.628697360635243 ], [ 129.193126617415771, 35.628690402188198 ], [ 129.19299989970861, 35.628674439779267 ], [ 129.19283559765833, 35.628647751812586 ], [ 129.192687732863277, 35.628621046263369 ], [ 129.1925163416619, 35.628567427135764 ], [ 129.192432921237753, 35.628510990317714 ], [ 129.192371800840391, 35.628462571957243 ], [ 129.192329468949055, 35.628414156408724 ], [ 129.190567325228017, 35.625863537364999 ], [ 129.189816883936174, 35.62338374279993 ], [ 129.189776814558428, 35.623242365434166 ], [ 129.189704541254457, 35.62293217601546 ], [ 129.189699103274137, 35.62287157162806 ], [ 129.189702487315429, 35.62280949209314 ], [ 129.189741111437229, 35.622709852017081 ], [ 129.189803633356888, 35.622628932166016 ], [ 129.189960487995421, 35.622471380842399 ], [ 129.190115532465967, 35.622289285486517 ], [ 129.190172751575119, 35.622217018759805 ], [ 129.190306567168534, 35.62202774742434 ], [ 129.190527468296892, 35.62168967961734 ], [ 129.190691856133299, 35.621357482975966 ], [ 129.191014952250754, 35.620537188869925 ], [ 129.191117796414375, 35.618831088946095 ], [ 129.191085907647761, 35.618792167091051 ], [ 129.191054053577034, 35.618761917403766 ], [ 129.187725751267948, 35.615980186595493 ], [ 129.18515039742465, 35.614849737344827 ], [ 129.183838087975687, 35.614893589561433 ], [ 129.179607458059849, 35.614417863381995 ], [ 129.178326429678322, 35.614226375141357 ], [ 129.178121402803782, 35.614167483306147 ], [ 129.177774075674392, 35.614064091373642 ], [ 129.177554830241917, 35.613961931278972 ], [ 129.174578803133215, 35.612456599114736 ], [ 129.174336543490625, 35.612329931187034 ], [ 129.173791814690389, 35.611995873735587 ], [ 129.173417596498552, 35.611704865056765 ], [ 129.173274202696064, 35.611549206763463 ], [ 129.171478561918889, 35.60923514735309 ], [ 129.171424700281051, 35.609135163289245 ], [ 129.171424532537429, 35.609058757463131 ], [ 129.171915290925313, 35.608580492967185 ], [ 129.172395102195139, 35.607754808561694 ], [ 129.172384128576368, 35.607714854599323 ], [ 129.172329640855139, 35.607692719396688 ], [ 129.170392566057387, 35.607424599648638 ], [ 129.170263762434644, 35.60741523454525 ], [ 129.1664980270059, 35.607302983999617 ], [ 129.166453586937536, 35.607303040707549 ], [ 129.166416168750914, 35.607306916511142 ], [ 129.164504475529753, 35.607802697253625 ], [ 129.164439018365641, 35.607824446832858 ], [ 129.163690320706962, 35.608137674989585 ], [ 129.163610081488486, 35.608178580228795 ], [ 129.16345433725121, 35.60827817907537 ], [ 129.163081322515865, 35.608518251706222 ], [ 129.163045497080532, 35.60854252323324 ], [ 129.161454863568707, 35.609742536896306 ], [ 129.15975697331163, 35.611141480736507 ], [ 129.158759961783119, 35.611717535808765 ], [ 129.157897928279823, 35.611918711625876 ], [ 129.157849580786149, 35.611918771186971 ], [ 129.157785615099101, 35.611907389781678 ], [ 129.15768105050995, 35.611868013766376 ], [ 129.157604536938663, 35.611822238462004 ], [ 129.156452721127351, 35.610978826473783 ], [ 129.156098092034711, 35.610654324528376 ], [ 129.155615102812789, 35.610080211860662 ], [ 129.155049294123216, 35.609422075465936 ], [ 129.154966474363789, 35.609330439431019 ], [ 129.154909454192051, 35.609280803742273 ], [ 129.153381541389848, 35.608263255002782 ], [ 129.153178604065999, 35.608152646375288 ], [ 129.152949911842654, 35.608030595147589 ], [ 129.152906225197256, 35.608020453723405 ], [ 129.150028896768674, 35.607689359838012 ], [ 129.148488706183997, 35.608289709821427 ], [ 129.147714991522179, 35.609289748985276 ], [ 129.14733062922511, 35.609655414711128 ], [ 129.146616986513294, 35.610125153888006 ], [ 129.146266933299984, 35.610303107206803 ], [ 129.146677589204842, 35.610895789015572 ], [ 129.146837944625275, 35.611198469795845 ], [ 129.147003234538857, 35.611650654213889 ], [ 129.147074285886958, 35.611949591738906 ], [ 129.147098379326565, 35.612178509216605 ], [ 129.147183704047535, 35.613934822532023 ], [ 129.147170692869935, 35.615082283932423 ], [ 129.147163241716754, 35.615361694651448 ], [ 129.147227315407946, 35.615550057105125 ], [ 129.151667069469255, 35.621703383994166 ], [ 129.15183382137954, 35.621906723576807 ], [ 129.152056109889514, 35.622155225106603 ], [ 129.152271403030909, 35.62235850226697 ], [ 129.157276900458328, 35.627074205309441 ], [ 129.157658525469003, 35.627337881138786 ], [ 129.161591383414901, 35.624107345655112 ], [ 129.162993259581782, 35.622775054196538 ], [ 129.162926069248783, 35.622721608914944 ], [ 129.162903404090031, 35.622696165181821 ], [ 129.162886150670147, 35.622649035300689 ], [ 129.162818590886701, 35.622403174718521 ], [ 129.162805163829205, 35.622315273581926 ], [ 129.162806614257391, 35.622265559529048 ], [ 129.162815885901324, 35.622222217685021 ], [ 129.162845397633021, 35.622159736448118 ], [ 129.162885834626451, 35.622106150303708 ], [ 129.162937215167858, 35.622061489640636 ], [ 129.164385531298421, 35.620963596548698 ], [ 129.164471189147065, 35.620902324237129 ], [ 129.16455845715484, 35.62086270054381 ], [ 129.164711213140492, 35.620821702909652 ], [ 129.164792283623939, 35.620802483341315 ], [ 129.165036313619737, 35.620780479244182 ], [ 129.165329491305044, 35.6207545875113 ], [ 129.165511170316336, 35.620742870879198 ], [ 129.165643743037435, 35.62074396581724 ], [ 129.165944808087687, 35.620765221605303 ], [ 129.166160860204172, 35.620785308672971 ], [ 129.166265382354311, 35.620796655459785 ], [ 129.16655407279066, 35.620868881991569 ], [ 129.166589196696663, 35.620885402423312 ], [ 129.166701651376968, 35.62095788705615 ], [ 129.167231940295096, 35.621335637344849 ], [ 129.167294434938412, 35.62139161900253 ], [ 129.167755016416208, 35.621993759123654 ], [ 129.167807434047717, 35.622077789510783 ], [ 129.168310065487191, 35.623396044719236 ], [ 129.168616776187037, 35.624262175240347 ], [ 129.168632522728444, 35.624333527507055 ], [ 129.168638901494802, 35.624398504134838 ], [ 129.168634393350089, 35.624478793469201 ], [ 129.168608840096596, 35.624570582142745 ], [ 129.168579365258836, 35.624643267692591 ], [ 129.168492277437707, 35.624770828545195 ], [ 129.167824630141467, 35.625496859786992 ], [ 129.167194293570304, 35.626159116209259 ], [ 129.167146035553941, 35.626206328234744 ], [ 129.167053393615873, 35.626286748379897 ], [ 129.166857166635168, 35.626437381365733 ], [ 129.16611178016646, 35.62728457336322 ], [ 129.164163500595151, 35.631282637837685 ], [ 129.164126142630494, 35.631420461957553 ], [ 129.163796132907578, 35.632948354339518 ], [ 129.163776681829404, 35.633042006773984 ], [ 129.163549933073227, 35.634625940340541 ], [ 129.163527090639036, 35.635075372794965 ], [ 129.163529985906564, 35.635281338744711 ], [ 129.163697993178459, 35.636194651026635 ], [ 129.163748328103424, 35.636391186088048 ], [ 129.164098165848543, 35.637363096194633 ], [ 129.164131044829105, 35.637433938117709 ], [ 129.164171277821254, 35.63749407826478 ], [ 129.164377967394216, 35.637697105054414 ], [ 129.164498520031316, 35.637809288925745 ], [ 129.164677265437831, 35.637961527208006 ], [ 129.164917485412872, 35.638156487850893 ], [ 129.165038827255017, 35.638251282436862 ], [ 129.167259923930914, 35.641616106244712 ], [ 129.168497446769834, 35.645449053356245 ], [ 129.168856497922889, 35.648803048784352 ], [ 129.168681426727545, 35.649649946590984 ], [ 129.168656633154086, 35.649917481896622 ], [ 129.168653023623847, 35.650148879044643 ], [ 129.168656416052556, 35.650209057397298 ], [ 129.168708552120506, 35.65047517134203 ], [ 129.168720931224129, 35.650517941138524 ], [ 129.168758672522046, 35.650562032659998 ], [ 129.170474169502455, 35.652311764838686 ], [ 129.170571680491662, 35.652349079157162 ], [ 129.170763372331237, 35.652410337301454 ], [ 129.170891124121994, 35.652428878523367 ], [ 129.171031918332943, 35.652428691573427 ], [ 129.171212835803715, 35.652419076570148 ], [ 129.171317588447891, 35.652405541249351 ], [ 129.172540273144961, 35.652216570613781 ], [ 129.172712360180498, 35.652178305740478 ], [ 129.172815942135969, 35.652149605550392 ], [ 129.172897923594917, 35.652120705046009 ], [ 129.17326639088796, 35.65198924565081 ], [ 129.173314327615572, 35.651968503460488 ], [ 129.173389190332472, 35.651914847485827 ], [ 129.173604803943419, 35.651753057433737 ], [ 129.173701969668485, 35.651680097984709 ], [ 129.173759824189517, 35.651647357327548 ], [ 129.173845115167296, 35.651626239902789 ], [ 129.173928932102456, 35.651621451450715 ], [ 129.17399905658749, 35.651620186236279 ], [ 129.174061558921807, 35.651625922700852 ], [ 129.174166752605032, 35.65163978416313 ], [ 129.174326859502003, 35.651667537982263 ], [ 129.174403098427234, 35.651688425356106 ], [ 129.174488539800251, 35.651723300737544 ], [ 129.174583150656645, 35.651777989299724 ], [ 129.17470985347731, 35.651869985370439 ], [ 129.174783131928194, 35.651929356386205 ], [ 129.174877893600154, 35.652047051799499 ], [ 129.174991009069032, 35.652199720587653 ], [ 129.175050634256053, 35.6522836152511 ], [ 129.175085874957773, 35.652366379645805 ], [ 129.175641048732359, 35.653999513794176 ], [ 129.17564492029129, 35.654053123899416 ], [ 129.175537647378263, 35.654768094621588 ], [ 129.175434316359372, 35.655568093247389 ], [ 129.175415914092639, 35.655730542978027 ], [ 129.175410514460793, 35.655837809934404 ], [ 129.175420009122007, 35.655889125844432 ], [ 129.175444519872173, 35.655948851339673 ], [ 129.175468968226824, 35.655971802830244 ], [ 129.17552528023748, 35.655988575410724 ], [ 129.177466188821256, 35.656381083824982 ], [ 129.177593811394672, 35.656401577718015 ], [ 129.177693239984421, 35.65639530512172 ], [ 129.177755127310178, 35.656376840534264 ], [ 129.177798195057932, 35.656335395156766 ], [ 129.177844936318905, 35.656266371524026 ], [ 129.178097054329783, 35.655730480709316 ], [ 129.178427642314375, 35.655047357994313 ], [ 129.178495009511636, 35.654966038314029 ], [ 129.178596127086024, 35.654876261484205 ], [ 129.180094334446579, 35.653637486995031 ], [ 129.18103661651142, 35.652942104074427 ], [ 129.181110451637693, 35.652899865554552 ], [ 129.181168596718237, 35.652875718725063 ], [ 129.18124011273872, 35.652857538045993 ], [ 129.181298681408151, 35.652846909859377 ], [ 129.181390660230335, 35.65283414366683 ], [ 129.181527902750474, 35.65283122364778 ], [ 129.181598908136124, 35.652836372238383 ], [ 129.181645869423704, 35.652843681287173 ], [ 129.181729321814146, 35.652877261217768 ], [ 129.181796630462486, 35.652912971501244 ], [ 129.181849388103302, 35.652944805620265 ], [ 129.181886307845048, 35.652970127492907 ], [ 129.181924038223116, 35.653006872922234 ], [ 129.182031333448919, 35.653122378853091 ], [ 129.182065659342214, 35.653190708802029 ], [ 129.182089805973106, 35.653292553452005 ], [ 129.182088369513394, 35.653413980441371 ], [ 129.182075089357767, 35.653584260428801 ], [ 129.18202939351508, 35.653778309301501 ], [ 129.182017864588801, 35.653973005040932 ], [ 129.182023428944348, 35.654164168724044 ], [ 129.182052828827608, 35.654318344476806 ], [ 129.182123485143876, 35.654584805212735 ], [ 129.182207760791954, 35.654826794045718 ], [ 129.18227305414382, 35.654989984670927 ], [ 129.182399972668748, 35.655195648446352 ], [ 129.184210770458662, 35.657977058796348 ], [ 129.185198393718963, 35.659431117683887 ], [ 129.185253251131371, 35.659509187700152 ], [ 129.185301319131611, 35.65960400920526 ], [ 129.185358124907765, 35.659784648426964 ], [ 129.185373936486656, 35.659975825991502 ], [ 129.185360615831797, 35.660127263099739 ], [ 129.185337136369185, 35.66031290182039 ], [ 129.185318543099868, 35.660407842380927 ], [ 129.184813036460781, 35.661299671614856 ], [ 129.184429821745653, 35.661864761184859 ], [ 129.18431220122406, 35.661993329920236 ], [ 129.184257669260745, 35.662059006740108 ], [ 129.184225341343108, 35.662121153582845 ], [ 129.18419485228543, 35.66223702868767 ], [ 129.184166347114086, 35.662479908223702 ], [ 129.184583666280361, 35.664879636268978 ], [ 129.185024756845309, 35.668682582313203 ], [ 129.183952069031051, 35.671955413705071 ], [ 129.18390438749438, 35.672033635614312 ], [ 129.183796936267044, 35.672131496530845 ], [ 129.183730380954358, 35.672174862835405 ], [ 129.183615950982215, 35.672212700767666 ], [ 129.183468922373493, 35.672239152150517 ], [ 129.182720713538913, 35.672371741389469 ], [ 129.182580577594194, 35.672378941684727 ], [ 129.182394245004787, 35.672363864575019 ], [ 129.18228821790774, 35.672337506598957 ], [ 129.1820812942656, 35.672280608649174 ], [ 129.18200265732284, 35.672275840382866 ], [ 129.181934299864423, 35.672277343641312 ], [ 129.181886471318109, 35.672289958831321 ], [ 129.181849493330873, 35.672320266155438 ], [ 129.181794420336274, 35.672396168144999 ], [ 129.181772321755744, 35.672453414983586 ], [ 129.181758928323973, 35.672580436719095 ], [ 129.181762470004998, 35.672632069481303 ], [ 129.181795108744609, 35.672703187724849 ], [ 129.181834550215854, 35.672761046942782 ], [ 129.181901373679665, 35.672833524827524 ], [ 129.181980146951076, 35.672901778868223 ], [ 129.18204862503643, 35.672956114832907 ], [ 129.182156465028527, 35.67302712150768 ], [ 129.182203895297391, 35.673048151022684 ], [ 129.18223175786585, 35.673060501001011 ], [ 129.184159713041396, 35.673821650252698 ], [ 129.184934349845548, 35.673987249352592 ], [ 129.185047174650293, 35.673996152871759 ], [ 129.18520784520922, 35.674001485376451 ], [ 129.185488162596101, 35.67400524157442 ], [ 129.185628310924471, 35.674005024446579 ], [ 129.185794099494331, 35.674001283746755 ], [ 129.18680396814284, 35.673892962253774 ], [ 129.186904784109714, 35.673880962947187 ], [ 129.191884392110609, 35.676362848085603 ], [ 129.192595103153735, 35.678253032315901 ], [ 129.192375274511022, 35.678303047244519 ], [ 129.192307475215102, 35.678329900145982 ], [ 129.192265417410454, 35.678356719258417 ], [ 129.19177871905535, 35.678834111676451 ], [ 129.191725059437658, 35.678899148462634 ], [ 129.19170993388957, 35.678934512959984 ], [ 129.191702998905896, 35.678970809901621 ], [ 129.191712492133064, 35.679024284222706 ], [ 129.192305536222733, 35.680459905495212 ], [ 129.192343098062679, 35.68051333939637 ], [ 129.19264222963335, 35.680846226973735 ], [ 129.192997660962163, 35.681240137884096 ], [ 129.195138217238281, 35.683480389176651 ], [ 129.197201482459775, 35.685325501483966 ], [ 129.197231280333995, 35.685333544703873 ], [ 129.197608065964772, 35.685602719342839 ], [ 129.197676708213123, 35.685667430047879 ], [ 129.198642243692547, 35.691303721731991 ], [ 129.198632398250766, 35.691336174534669 ], [ 129.198603401381376, 35.691356164669564 ], [ 129.19855300553121, 35.691372455901544 ], [ 129.198431624689135, 35.691400082064689 ], [ 129.198242249564032, 35.691441566450287 ], [ 129.198098677081816, 35.691467990883623 ], [ 129.197004439865225, 35.693003060574064 ], [ 129.198096093438238, 35.696327995424831 ], [ 129.199203397624501, 35.699204523292401 ], [ 129.200462415091863, 35.700369740603186 ], [ 129.200499132974784, 35.700385892491681 ], [ 129.200528246994878, 35.700418279868032 ], [ 129.200562836670201, 35.7004967887245 ], [ 129.200752612262363, 35.701227270032426 ], [ 129.200829855069031, 35.701562609775642 ], [ 129.200835283132591, 35.701592537159925 ], [ 129.200827928420239, 35.701712276197199 ], [ 129.200809969486841, 35.701859457472573 ], [ 129.200725574985938, 35.702335990231852 ], [ 129.200350365657329, 35.704136320783 ], [ 129.200321586483795, 35.704248711371136 ], [ 129.200240962640976, 35.704418620710101 ], [ 129.200091754680329, 35.704687235449128 ], [ 129.199815753313942, 35.705144935562899 ], [ 129.19963400516815, 35.705180067262987 ], [ 129.199339100195175, 35.705224254097615 ], [ 129.199020821639579, 35.705282613853235 ], [ 129.198879135155494, 35.705322079364919 ], [ 129.198775249033588, 35.705364034728156 ], [ 129.197245581230817, 35.706088457825942 ], [ 129.196767042456059, 35.706323454140886 ], [ 129.19642042478705, 35.706626545163793 ], [ 129.195524573833922, 35.707714098214211 ], [ 129.195234393514511, 35.709872327501976 ], [ 129.195391406105898, 35.710237871388472 ], [ 129.196361522910365, 35.71249050168165 ], [ 129.196506161672716, 35.712809906785672 ], [ 129.196658390299007, 35.713036563628577 ], [ 129.198005139044511, 35.714217780775655 ], [ 129.198110374906037, 35.714291337259574 ], [ 129.19820292126164, 35.714325011446526 ], [ 129.198316189100183, 35.714334385854592 ], [ 129.198653990665491, 35.714352917587675 ], [ 129.198893742326874, 35.714362479958368 ], [ 129.198925790960118, 35.714364800463919 ], [ 129.199121085567384, 35.714409566644214 ], [ 129.199354312998679, 35.714480382271688 ], [ 129.199675057180315, 35.714600892845084 ], [ 129.199960928993988, 35.714754666055349 ], [ 129.200036652832694, 35.714821513159571 ], [ 129.200616153161377, 35.715540874282659 ], [ 129.200914859966645, 35.716016046591186 ], [ 129.202076699198955, 35.718708798546956 ], [ 129.207234549615265, 35.721507517304218 ], [ 129.208463957666766, 35.720697370820893 ], [ 129.209863200484392, 35.719756764436433 ], [ 129.209494585408294, 35.719105831327269 ], [ 129.210603904935994, 35.718204501826577 ], [ 129.214051535953104, 35.715247493628773 ], [ 129.217656698208799, 35.713751362987423 ], [ 129.219436857386228, 35.713461196635819 ], [ 129.222118789201517, 35.711553011478856 ], [ 129.222593542538846, 35.71097233506331 ], [ 129.226692180998612, 35.708323011374056 ], [ 129.227370710424594, 35.708767984953326 ], [ 129.228532685205693, 35.708946653368166 ], [ 129.229858720696058, 35.708721926825511 ], [ 129.232540256830958, 35.708071719228769 ], [ 129.233356556237055, 35.707170121366126 ], [ 129.234060541656135, 35.70601323191196 ], [ 129.233718065541979, 35.705047347786333 ], [ 129.234062856581829, 35.703582594047404 ], [ 129.237200496087468, 35.702952415512215 ], [ 129.238430872990676, 35.703072522627586 ], [ 129.243986529622703, 35.702781429279732 ], [ 129.244025322409385, 35.702777622521225 ], [ 129.252925575981976, 35.701696688860522 ], [ 129.25304387465448, 35.701680182634142 ], [ 129.253169958843245, 35.70165703146818 ], [ 129.253996580444948, 35.701488591450371 ], [ 129.256035609754207, 35.700784796861285 ] ] ] ] } },
{ "type": "Feature", "properties": { "OBJECTID": 1139, "adm_nm": "울산광역시 울주군 두서면", "adm_cd": "2631037", "adm_cd2": "3171037000", "sgg": "31710", "sido": "31", "sidonm": "울산광역시", "sggnm": "울주군" }, "geometry": { "type": "MultiPolygon", "coordinates": [ [ [ [ 129.200914859966645, 35.716016046591186 ], [ 129.200616153161377, 35.715540874282659 ], [ 129.200036652832694, 35.714821513159571 ], [ 129.199960928993988, 35.714754666055349 ], [ 129.199675057180315, 35.714600892845084 ], [ 129.199354312998679, 35.714480382271688 ], [ 129.199121085567384, 35.714409566644214 ], [ 129.198925790960118, 35.714364800463919 ], [ 129.198893742326874, 35.714362479958368 ], [ 129.198653990665491, 35.714352917587675 ], [ 129.198316189100183, 35.714334385854592 ], [ 129.19820292126164, 35.714325011446526 ], [ 129.198110374906037, 35.714291337259574 ], [ 129.198005139044511, 35.714217780775655 ], [ 129.196658390299007, 35.713036563628577 ], [ 129.196506161672716, 35.712809906785672 ], [ 129.196361522910365, 35.71249050168165 ], [ 129.195391406105898, 35.710237871388472 ], [ 129.195234393514511, 35.709872327501976 ], [ 129.195524573833922, 35.707714098214211 ], [ 129.19642042478705, 35.706626545163793 ], [ 129.196767042456059, 35.706323454140886 ], [ 129.197245581230817, 35.706088457825942 ], [ 129.198775249033588, 35.705364034728156 ], [ 129.198879135155494, 35.705322079364919 ], [ 129.199020821639579, 35.705282613853235 ], [ 129.199339100195175, 35.705224254097615 ], [ 129.19963400516815, 35.705180067262987 ], [ 129.199815753313942, 35.705144935562899 ], [ 129.200091754680329, 35.704687235449128 ], [ 129.200240962640976, 35.704418620710101 ], [ 129.200321586483795, 35.704248711371136 ], [ 129.200350365657329, 35.704136320783 ], [ 129.200725574985938, 35.702335990231852 ], [ 129.200809969486841, 35.701859457472573 ], [ 129.200827928420239, 35.701712276197199 ], [ 129.200835283132591, 35.701592537159925 ], [ 129.200829855069031, 35.701562609775642 ], [ 129.200752612262363, 35.701227270032426 ], [ 129.200562836670201, 35.7004967887245 ], [ 129.200528246994878, 35.700418279868032 ], [ 129.200499132974784, 35.700385892491681 ], [ 129.200462415091863, 35.700369740603186 ], [ 129.199203397624501, 35.699204523292401 ], [ 129.198096093438238, 35.696327995424831 ], [ 129.197004439865225, 35.693003060574064 ], [ 129.198098677081816, 35.691467990883623 ], [ 129.198242249564032, 35.691441566450287 ], [ 129.198431624689135, 35.691400082064689 ], [ 129.19855300553121, 35.691372455901544 ], [ 129.198603401381376, 35.691356164669564 ], [ 129.198632398250766, 35.691336174534669 ], [ 129.198642243692547, 35.691303721731991 ], [ 129.197676708213123, 35.685667430047879 ], [ 129.197608065964772, 35.685602719342839 ], [ 129.197231280333995, 35.685333544703873 ], [ 129.197201482459775, 35.685325501483966 ], [ 129.195138217238281, 35.683480389176651 ], [ 129.192997660962163, 35.681240137884096 ], [ 129.19264222963335, 35.680846226973735 ], [ 129.192343098062679, 35.68051333939637 ], [ 129.192305536222733, 35.680459905495212 ], [ 129.191712492133064, 35.679024284222706 ], [ 129.191702998905896, 35.678970809901621 ], [ 129.19170993388957, 35.678934512959984 ], [ 129.191725059437658, 35.678899148462634 ], [ 129.19177871905535, 35.678834111676451 ], [ 129.192265417410454, 35.678356719258417 ], [ 129.192307475215102, 35.678329900145982 ], [ 129.192375274511022, 35.678303047244519 ], [ 129.192595103153735, 35.678253032315901 ], [ 129.191884392110609, 35.676362848085603 ], [ 129.186904784109714, 35.673880962947187 ], [ 129.18680396814284, 35.673892962253774 ], [ 129.185794099494331, 35.674001283746755 ], [ 129.185628310924471, 35.674005024446579 ], [ 129.185488162596101, 35.67400524157442 ], [ 129.18520784520922, 35.674001485376451 ], [ 129.185047174650293, 35.673996152871759 ], [ 129.184934349845548, 35.673987249352592 ], [ 129.184159713041396, 35.673821650252698 ], [ 129.18223175786585, 35.673060501001011 ], [ 129.182203895297391, 35.673048151022684 ], [ 129.182156465028527, 35.67302712150768 ], [ 129.18204862503643, 35.672956114832907 ], [ 129.181980146951076, 35.672901778868223 ], [ 129.181901373679665, 35.672833524827524 ], [ 129.181834550215854, 35.672761046942782 ], [ 129.181795108744609, 35.672703187724849 ], [ 129.181762470004998, 35.672632069481303 ], [ 129.181758928323973, 35.672580436719095 ], [ 129.181772321755744, 35.672453414983586 ], [ 129.181794420336274, 35.672396168144999 ], [ 129.181849493330873, 35.672320266155438 ], [ 129.181886471318109, 35.672289958831321 ], [ 129.181934299864423, 35.672277343641312 ], [ 129.18200265732284, 35.672275840382866 ], [ 129.1820812942656, 35.672280608649174 ], [ 129.18228821790774, 35.672337506598957 ], [ 129.182394245004787, 35.672363864575019 ], [ 129.182580577594194, 35.672378941684727 ], [ 129.182720713538913, 35.672371741389469 ], [ 129.183468922373493, 35.672239152150517 ], [ 129.183615950982215, 35.672212700767666 ], [ 129.183730380954358, 35.672174862835405 ], [ 129.183796936267044, 35.672131496530845 ], [ 129.18390438749438, 35.672033635614312 ], [ 129.183952069031051, 35.671955413705071 ], [ 129.185024756845309, 35.668682582313203 ], [ 129.184583666280361, 35.664879636268978 ], [ 129.184166347114086, 35.662479908223702 ], [ 129.18419485228543, 35.66223702868767 ], [ 129.184225341343108, 35.662121153582845 ], [ 129.184257669260745, 35.662059006740108 ], [ 129.18431220122406, 35.661993329920236 ], [ 129.184429821745653, 35.661864761184859 ], [ 129.184813036460781, 35.661299671614856 ], [ 129.185318543099868, 35.660407842380927 ], [ 129.185337136369185, 35.66031290182039 ], [ 129.185360615831797, 35.660127263099739 ], [ 129.185373936486656, 35.659975825991502 ], [ 129.185358124907765, 35.659784648426964 ], [ 129.185301319131611, 35.65960400920526 ], [ 129.185253251131371, 35.659509187700152 ], [ 129.185198393718963, 35.659431117683887 ], [ 129.184210770458662, 35.657977058796348 ], [ 129.182399972668748, 35.655195648446352 ], [ 129.18227305414382, 35.654989984670927 ], [ 129.182207760791954, 35.654826794045718 ], [ 129.182123485143876, 35.654584805212735 ], [ 129.182052828827608, 35.654318344476806 ], [ 129.182023428944348, 35.654164168724044 ], [ 129.182017864588801, 35.653973005040932 ], [ 129.18202939351508, 35.653778309301501 ], [ 129.182075089357767, 35.653584260428801 ], [ 129.182088369513394, 35.653413980441371 ], [ 129.182089805973106, 35.653292553452005 ], [ 129.182065659342214, 35.653190708802029 ], [ 129.182031333448919, 35.653122378853091 ], [ 129.181924038223116, 35.653006872922234 ], [ 129.181886307845048, 35.652970127492907 ], [ 129.181849388103302, 35.652944805620265 ], [ 129.181796630462486, 35.652912971501244 ], [ 129.181729321814146, 35.652877261217768 ], [ 129.181645869423704, 35.652843681287173 ], [ 129.181598908136124, 35.652836372238383 ], [ 129.181527902750474, 35.65283122364778 ], [ 129.181390660230335, 35.65283414366683 ], [ 129.181298681408151, 35.652846909859377 ], [ 129.18124011273872, 35.652857538045993 ], [ 129.181168596718237, 35.652875718725063 ], [ 129.181110451637693, 35.652899865554552 ], [ 129.18103661651142, 35.652942104074427 ], [ 129.180094334446579, 35.653637486995031 ], [ 129.178596127086024, 35.654876261484205 ], [ 129.178495009511636, 35.654966038314029 ], [ 129.178427642314375, 35.655047357994313 ], [ 129.178097054329783, 35.655730480709316 ], [ 129.177844936318905, 35.656266371524026 ], [ 129.177798195057932, 35.656335395156766 ], [ 129.177755127310178, 35.656376840534264 ], [ 129.177693239984421, 35.65639530512172 ], [ 129.177593811394672, 35.656401577718015 ], [ 129.177466188821256, 35.656381083824982 ], [ 129.17552528023748, 35.655988575410724 ], [ 129.175468968226824, 35.655971802830244 ], [ 129.175444519872173, 35.655948851339673 ], [ 129.175420009122007, 35.655889125844432 ], [ 129.175410514460793, 35.655837809934404 ], [ 129.175415914092639, 35.655730542978027 ], [ 129.175434316359372, 35.655568093247389 ], [ 129.175537647378263, 35.654768094621588 ], [ 129.17564492029129, 35.654053123899416 ], [ 129.175641048732359, 35.653999513794176 ], [ 129.175085874957773, 35.652366379645805 ], [ 129.175050634256053, 35.6522836152511 ], [ 129.174991009069032, 35.652199720587653 ], [ 129.174877893600154, 35.652047051799499 ], [ 129.174783131928194, 35.651929356386205 ], [ 129.17470985347731, 35.651869985370439 ], [ 129.174583150656645, 35.651777989299724 ], [ 129.174488539800251, 35.651723300737544 ], [ 129.174403098427234, 35.651688425356106 ], [ 129.174326859502003, 35.651667537982263 ], [ 129.174166752605032, 35.65163978416313 ], [ 129.174061558921807, 35.651625922700852 ], [ 129.17399905658749, 35.651620186236279 ], [ 129.173928932102456, 35.651621451450715 ], [ 129.173845115167296, 35.651626239902789 ], [ 129.173759824189517, 35.651647357327548 ], [ 129.173701969668485, 35.651680097984709 ], [ 129.173604803943419, 35.651753057433737 ], [ 129.173389190332472, 35.651914847485827 ], [ 129.173314327615572, 35.651968503460488 ], [ 129.17326639088796, 35.65198924565081 ], [ 129.172897923594917, 35.652120705046009 ], [ 129.172815942135969, 35.652149605550392 ], [ 129.172712360180498, 35.652178305740478 ], [ 129.172540273144961, 35.652216570613781 ], [ 129.171317588447891, 35.652405541249351 ], [ 129.171212835803715, 35.652419076570148 ], [ 129.171031918332943, 35.652428691573427 ], [ 129.170891124121994, 35.652428878523367 ], [ 129.170763372331237, 35.652410337301454 ], [ 129.170571680491662, 35.652349079157162 ], [ 129.170474169502455, 35.652311764838686 ], [ 129.168758672522046, 35.650562032659998 ], [ 129.168720931224129, 35.650517941138524 ], [ 129.168708552120506, 35.65047517134203 ], [ 129.168656416052556, 35.650209057397298 ], [ 129.168653023623847, 35.650148879044643 ], [ 129.168656633154086, 35.649917481896622 ], [ 129.168681426727545, 35.649649946590984 ], [ 129.168856497922889, 35.648803048784352 ], [ 129.168497446769834, 35.645449053356245 ], [ 129.167259923930914, 35.641616106244712 ], [ 129.165038827255017, 35.638251282436862 ], [ 129.164917485412872, 35.638156487850893 ], [ 129.164677265437831, 35.637961527208006 ], [ 129.164498520031316, 35.637809288925745 ], [ 129.164377967394216, 35.637697105054414 ], [ 129.164171277821254, 35.63749407826478 ], [ 129.164131044829105, 35.637433938117709 ], [ 129.164098165848543, 35.637363096194633 ], [ 129.163748328103424, 35.636391186088048 ], [ 129.163697993178459, 35.636194651026635 ], [ 129.163529985906564, 35.635281338744711 ], [ 129.163527090639036, 35.635075372794965 ], [ 129.163549933073227, 35.634625940340541 ], [ 129.163776681829404, 35.633042006773984 ], [ 129.163796132907578, 35.632948354339518 ], [ 129.164126142630494, 35.631420461957553 ], [ 129.164163500595151, 35.631282637837685 ], [ 129.16611178016646, 35.62728457336322 ], [ 129.166857166635168, 35.626437381365733 ], [ 129.167053393615873, 35.626286748379897 ], [ 129.167146035553941, 35.626206328234744 ], [ 129.167194293570304, 35.626159116209259 ], [ 129.167824630141467, 35.625496859786992 ], [ 129.168492277437707, 35.624770828545195 ], [ 129.168579365258836, 35.624643267692591 ], [ 129.168608840096596, 35.624570582142745 ], [ 129.168634393350089, 35.624478793469201 ], [ 129.168638901494802, 35.624398504134838 ], [ 129.168632522728444, 35.624333527507055 ], [ 129.168616776187037, 35.624262175240347 ], [ 129.168310065487191, 35.623396044719236 ], [ 129.167807434047717, 35.622077789510783 ], [ 129.167755016416208, 35.621993759123654 ], [ 129.167294434938412, 35.62139161900253 ], [ 129.167231940295096, 35.621335637344849 ], [ 129.166701651376968, 35.62095788705615 ], [ 129.166589196696663, 35.620885402423312 ], [ 129.16655407279066, 35.620868881991569 ], [ 129.166265382354311, 35.620796655459785 ], [ 129.166160860204172, 35.620785308672971 ], [ 129.165944808087687, 35.620765221605303 ], [ 129.165643743037435, 35.62074396581724 ], [ 129.165511170316336, 35.620742870879198 ], [ 129.165329491305044, 35.6207545875113 ], [ 129.165036313619737, 35.620780479244182 ], [ 129.164792283623939, 35.620802483341315 ], [ 129.164711213140492, 35.620821702909652 ], [ 129.16455845715484, 35.62086270054381 ], [ 129.164471189147065, 35.620902324237129 ], [ 129.164385531298421, 35.620963596548698 ], [ 129.162937215167858, 35.622061489640636 ], [ 129.162885834626451, 35.622106150303708 ], [ 129.162845397633021, 35.622159736448118 ], [ 129.162815885901324, 35.622222217685021 ], [ 129.162806614257391, 35.622265559529048 ], [ 129.162805163829205, 35.622315273581926 ], [ 129.162818590886701, 35.622403174718521 ], [ 129.162886150670147, 35.622649035300689 ], [ 129.162903404090031, 35.622696165181821 ], [ 129.162926069248783, 35.622721608914944 ], [ 129.162993259581782, 35.622775054196538 ], [ 129.161591383414901, 35.624107345655112 ], [ 129.157658525469003, 35.627337881138786 ], [ 129.157276900458328, 35.627074205309441 ], [ 129.152271403030909, 35.62235850226697 ], [ 129.152056109889514, 35.622155225106603 ], [ 129.15183382137954, 35.621906723576807 ], [ 129.151667069469255, 35.621703383994166 ], [ 129.147227315407946, 35.615550057105125 ], [ 129.147163241716754, 35.615361694651448 ], [ 129.147170692869935, 35.615082283932423 ], [ 129.147183704047535, 35.613934822532023 ], [ 129.147098379326565, 35.612178509216605 ], [ 129.147074285886958, 35.611949591738906 ], [ 129.147003234538857, 35.611650654213889 ], [ 129.146837944625275, 35.611198469795845 ], [ 129.146677589204842, 35.610895789015572 ], [ 129.146266933299984, 35.610303107206803 ], [ 129.144708197082821, 35.611683393762355 ], [ 129.1439706396757, 35.612630505135101 ], [ 129.143010019202706, 35.612515384418089 ], [ 129.141902839460812, 35.6115661588926 ], [ 129.141686723500612, 35.611265158921029 ], [ 129.138069942338348, 35.609920839427602 ], [ 129.138004218965278, 35.609908865519088 ], [ 129.137954236299066, 35.609908919473227 ], [ 129.136161926562664, 35.61012426584837 ], [ 129.136059113650646, 35.610146268566332 ], [ 129.135980598198984, 35.61017260576255 ], [ 129.135920676589649, 35.610216428980998 ], [ 129.135862198477241, 35.61027009714951 ], [ 129.134266012733661, 35.61201446869574 ], [ 129.134157691172049, 35.612146528055383 ], [ 129.134073488710328, 35.61227593238597 ], [ 129.13402540023327, 35.612372325767851 ], [ 129.133998020804654, 35.61248977933024 ], [ 129.133979285094227, 35.61262174572726 ], [ 129.133970374913901, 35.612875385047339 ], [ 129.13287960831201, 35.614792241967884 ], [ 129.131404469251862, 35.61714521133397 ], [ 129.131309130723054, 35.617285282769345 ], [ 129.130246110486382, 35.6186659960835 ], [ 129.130152107403433, 35.6187747869756 ], [ 129.130079222230052, 35.618820585860917 ], [ 129.130006286397958, 35.618843004121381 ], [ 129.129085262197776, 35.619448427032793 ], [ 129.127267648393911, 35.621022909799123 ], [ 129.127223937130509, 35.621061556755947 ], [ 129.126966912363088, 35.621355843620158 ], [ 129.126852064726052, 35.6215271599185 ], [ 129.126781417683105, 35.621640812982825 ], [ 129.126535721583082, 35.62237418652613 ], [ 129.126504884351391, 35.622473373139179 ], [ 129.126507198021301, 35.6225454041601 ], [ 129.126529526475878, 35.622666589663083 ], [ 129.126612988482918, 35.62296059120159 ], [ 129.12668636817827, 35.62317410471195 ], [ 129.126718703475632, 35.623329156339985 ], [ 129.126722128449757, 35.623397821336766 ], [ 129.126707819441521, 35.623445287383355 ], [ 129.126655235660905, 35.623513907337966 ], [ 129.126050507055226, 35.624197372558449 ], [ 129.126003228620249, 35.624243131654673 ], [ 129.12594870028218, 35.624262891020187 ], [ 129.121764793060436, 35.625193008395108 ], [ 129.121293502670426, 35.625253648184369 ], [ 129.121061254032639, 35.625094265569217 ], [ 129.120908352883959, 35.624989336544942 ], [ 129.119819487936724, 35.624858904962529 ], [ 129.119609475166044, 35.62484393197726 ], [ 129.118653464433464, 35.624834006271499 ], [ 129.1184062787394, 35.624850169380579 ], [ 129.118231775910829, 35.624882153766663 ], [ 129.118057316654671, 35.624932251843198 ], [ 129.11786514119197, 35.624999703269282 ], [ 129.117711069846109, 35.625064957648995 ], [ 129.117576496999931, 35.625146097350481 ], [ 129.117487141884197, 35.625225052886677 ], [ 129.11675676480499, 35.626251540987333 ], [ 129.116646223093483, 35.626409336392712 ], [ 129.116012468849618, 35.62747767863069 ], [ 129.115882612755485, 35.627754879247057 ], [ 129.115782852115416, 35.62800911418573 ], [ 129.115770391042929, 35.62805499094074 ], [ 129.115758147707993, 35.628106749086434 ], [ 129.115743258593483, 35.628170741382625 ], [ 129.115740718065808, 35.628236157422343 ], [ 129.115723291429902, 35.628371313894867 ], [ 129.115697921905195, 35.628483478712113 ], [ 129.115661961360388, 35.628587019982774 ], [ 129.115628634828539, 35.628664687040988 ], [ 129.115615466797607, 35.628691301167748 ], [ 129.115521438110591, 35.628828687791767 ], [ 129.115468724444725, 35.628900608834712 ], [ 129.115096093129154, 35.629392635840652 ], [ 129.114853529121433, 35.629712025739302 ], [ 129.114798167947356, 35.629777496356255 ], [ 129.11473046919059, 35.629853032105487 ], [ 129.113647289121019, 35.630961047320667 ], [ 129.113603301674971, 35.630989842063315 ], [ 129.11352463422952, 35.631027854407158 ], [ 129.107462875691141, 35.633701079498096 ], [ 129.107406548904237, 35.633724117232212 ], [ 129.10733614416921, 35.633750070873305 ], [ 129.107272781780154, 35.633761640264069 ], [ 129.104614025619298, 35.634085971118438 ], [ 129.10330026927582, 35.634066953231354 ], [ 129.098939529264385, 35.633708267085112 ], [ 129.096403517652959, 35.633326317919916 ], [ 129.093478628220083, 35.632922928655134 ], [ 129.092694296301431, 35.63294424018175 ], [ 129.092158892892456, 35.633714176423204 ], [ 129.091330524513239, 35.635136770819628 ], [ 129.091295867225995, 35.635197152097156 ], [ 129.091224292003318, 35.635335743529261 ], [ 129.091032904226978, 35.635764393323434 ], [ 129.090908551427219, 35.636046556425583 ], [ 129.090743346173298, 35.636443636959832 ], [ 129.088698959864303, 35.641630030251306 ], [ 129.088725723057962, 35.641676535409701 ], [ 129.088785435453843, 35.641727823943818 ], [ 129.088857664093439, 35.641789862204867 ], [ 129.089043055916619, 35.641935114641569 ], [ 129.089224908802834, 35.642077471773 ], [ 129.089431667538889, 35.642208188320637 ], [ 129.089631208672984, 35.642258920854225 ], [ 129.08976391773723, 35.642260278347329 ], [ 129.090015956271856, 35.642252824431992 ], [ 129.093066641382421, 35.643351206667802 ], [ 129.094327662646606, 35.644810048258222 ], [ 129.095585056668881, 35.646173627088203 ], [ 129.096194142093879, 35.646823807406051 ], [ 129.09686199641888, 35.647460134664321 ], [ 129.09796399593705, 35.648427797144549 ], [ 129.098554651501786, 35.648917557907183 ], [ 129.098764442644381, 35.649079840705276 ], [ 129.098817329020847, 35.649120049190579 ], [ 129.098873733140522, 35.649148774987829 ], [ 129.099280801191838, 35.649309462219442 ], [ 129.102007585445733, 35.650865634906026 ], [ 129.108545811482657, 35.655616047504324 ], [ 129.108745505638439, 35.655810594851566 ], [ 129.109812191008956, 35.657289053070677 ], [ 129.109803280213271, 35.657352737355758 ], [ 129.108948389909813, 35.661723150542372 ], [ 129.10872870631502, 35.662295274665325 ], [ 129.108609024348425, 35.662508463022412 ], [ 129.108038942408854, 35.663487480464646 ], [ 129.107762090173793, 35.663927381657736 ], [ 129.107230493372526, 35.664521818633432 ], [ 129.106186662689481, 35.665643308410239 ], [ 129.106084789131586, 35.665729119290518 ], [ 129.105427014552561, 35.666188953684291 ], [ 129.105139285289908, 35.666363093047856 ], [ 129.104764551036396, 35.666512829555032 ], [ 129.104502338270606, 35.666695528990722 ], [ 129.104400498171572, 35.666808284768017 ], [ 129.10413909989316, 35.667635170105093 ], [ 129.104012335331589, 35.668192505656876 ], [ 129.103894806686895, 35.668938422689948 ], [ 129.103903923040718, 35.669024151243299 ], [ 129.104026662447581, 35.67000500786655 ], [ 129.104115803531272, 35.670525407443577 ], [ 129.104179108101448, 35.670760496952958 ], [ 129.104170327238705, 35.670934404581971 ], [ 129.10413461319348, 35.671022208987289 ], [ 129.104112021589572, 35.671077741354566 ], [ 129.104037162020376, 35.6711782334975 ], [ 129.10335287566113, 35.672076498650398 ], [ 129.101838976963592, 35.674018871623232 ], [ 129.101770050840031, 35.674065475620857 ], [ 129.101674061710241, 35.674077790275682 ], [ 129.101236151104445, 35.674107545424505 ], [ 129.100972314345626, 35.674225336199264 ], [ 129.100743066104911, 35.674420246705978 ], [ 129.100178533481426, 35.675171430771044 ], [ 129.100136677197952, 35.675286592348129 ], [ 129.100060879895096, 35.67585366684694 ], [ 129.100055051011907, 35.675990825531017 ], [ 129.10008535926687, 35.676238180153504 ], [ 129.098325608872301, 35.679916814823514 ], [ 129.096786040009249, 35.681929574462913 ], [ 129.096722400992832, 35.682045238373092 ], [ 129.096611989199573, 35.682310572536075 ], [ 129.096513084795276, 35.682557810824804 ], [ 129.096500734147043, 35.682598282018994 ], [ 129.096472529258904, 35.682722608289559 ], [ 129.096472729138611, 35.682893180391467 ], [ 129.096554620966174, 35.683225543704054 ], [ 129.096586644953135, 35.683344044147532 ], [ 129.09712557217145, 35.68512432605884 ], [ 129.097550046706033, 35.685999909190869 ], [ 129.097610390384375, 35.686086568230394 ], [ 129.097718526761753, 35.686355389473341 ], [ 129.09775225576638, 35.686464033004626 ], [ 129.098345044033323, 35.688686168530687 ], [ 129.098341604715898, 35.688766898276199 ], [ 129.095616303192855, 35.694315318764531 ], [ 129.093550338672628, 35.696211542639958 ], [ 129.091080600903723, 35.698029124061023 ], [ 129.08943455974196, 35.701167527014064 ], [ 129.088565707651298, 35.702017108597929 ], [ 129.091030069640823, 35.702571534253408 ], [ 129.094234553772509, 35.703041857079477 ], [ 129.098732931739164, 35.704793681588647 ], [ 129.101680564543273, 35.706229268370379 ], [ 129.108797586867354, 35.706506607879398 ], [ 129.108947498967041, 35.706588340669214 ], [ 129.110011624869117, 35.707055823328723 ], [ 129.112083161204879, 35.707945280527596 ], [ 129.11610904374308, 35.708264237993156 ], [ 129.117681801708358, 35.706749590019484 ], [ 129.120424332108911, 35.70704447271256 ], [ 129.123275790061939, 35.707480345689063 ], [ 129.124345309801356, 35.70814780045901 ], [ 129.125488597446832, 35.71027231565909 ], [ 129.125922643758571, 35.712094794833902 ], [ 129.126651536932712, 35.714455400913465 ], [ 129.128067199594085, 35.713629694697254 ], [ 129.129168949509904, 35.712866716278434 ], [ 129.130736156508078, 35.712467239426331 ], [ 129.135244927216974, 35.711929816342746 ], [ 129.137235730994888, 35.712952554926851 ], [ 129.136230059590787, 35.71337074063743 ], [ 129.136764944560412, 35.715019816885437 ], [ 129.138496847949767, 35.716847804018037 ], [ 129.140037522004263, 35.718078641117614 ], [ 129.138534407030534, 35.720879160078667 ], [ 129.142838361760624, 35.723931214283994 ], [ 129.145720181920296, 35.724697521965268 ], [ 129.149015524496406, 35.723351923590954 ], [ 129.151930584749863, 35.722213201297222 ], [ 129.154371780475856, 35.721711996250946 ], [ 129.157379129785255, 35.718798561733749 ], [ 129.158638165584307, 35.717374791838395 ], [ 129.159622943905532, 35.716184704159268 ], [ 129.160639650916551, 35.714879645658272 ], [ 129.165620914850621, 35.714961709038398 ], [ 129.170623269946645, 35.714528470558221 ], [ 129.173319517327428, 35.714394037420995 ], [ 129.176856764453447, 35.715531148026095 ], [ 129.178801396598715, 35.717411888430654 ], [ 129.180732091053841, 35.720064916468154 ], [ 129.181588061084483, 35.721879527229056 ], [ 129.181517189923596, 35.723139012574293 ], [ 129.182387979899232, 35.722923073237716 ], [ 129.184406819325773, 35.722371728574352 ], [ 129.185509674133414, 35.721665420217072 ], [ 129.186391288413517, 35.720562763625637 ], [ 129.189786175651676, 35.719042675869936 ], [ 129.192865613122763, 35.718225534684592 ], [ 129.193719950719696, 35.717998800463974 ], [ 129.197645700927467, 35.715794319449003 ], [ 129.200603002023655, 35.715795906120633 ], [ 129.200914859966645, 35.716016046591186 ] ] ] ] } },
{ "type": "Feature", "properties": { "OBJECTID": 1140, "adm_nm": "울산광역시 울주군 상북면", "adm_cd": "2631038", "adm_cd2": "3171038000", "sgg": "31710", "sido": "31", "sidonm": "울산광역시", "sggnm": "울주군" }, "geometry": { "type": "MultiPolygon", "coordinates": [ [ [ [ 129.092694296301431, 35.63294424018175 ], [ 129.091539859963831, 35.631215228448767 ], [ 129.091410514998188, 35.631015398095634 ], [ 129.091126727891691, 35.63047037646237 ], [ 129.091071386162383, 35.630339553448067 ], [ 129.090963744104016, 35.629638826547492 ], [ 129.090954520800096, 35.629353848881507 ], [ 129.09097029885217, 35.629135729832029 ], [ 129.092000787107025, 35.624202602100162 ], [ 129.092704264389539, 35.623079225370681 ], [ 129.094020537760002, 35.621471062641902 ], [ 129.095726266304808, 35.619346005863271 ], [ 129.099071229117783, 35.614994381957075 ], [ 129.100391168585475, 35.612066417601476 ], [ 129.100480338977775, 35.611822558579291 ], [ 129.100598732484372, 35.611563488111308 ], [ 129.101332230423537, 35.610146449100057 ], [ 129.101653995824336, 35.609599303712884 ], [ 129.10176809939955, 35.609456693104931 ], [ 129.101888447559475, 35.609355319578377 ], [ 129.106134429854052, 35.607412976076553 ], [ 129.106216760940015, 35.607383245536056 ], [ 129.106322149197467, 35.607357828789063 ], [ 129.108043733657098, 35.607020669865136 ], [ 129.108179239162922, 35.606999580767834 ], [ 129.109102960449576, 35.606859139615068 ], [ 129.109212779281478, 35.606846008641895 ], [ 129.109354494234537, 35.606834308645844 ], [ 129.10956001995973, 35.60684424842303 ], [ 129.109857694045161, 35.606878708030649 ], [ 129.110956206591879, 35.606947161561962 ], [ 129.112564870423171, 35.606973177560214 ], [ 129.113009547292449, 35.606968430757654 ], [ 129.11311225698168, 35.606935050931966 ], [ 129.116733141695391, 35.605463146122851 ], [ 129.116841144892589, 35.605416729813584 ], [ 129.116970369298826, 35.605345716831742 ], [ 129.122560308933458, 35.601476667597176 ], [ 129.122605430488449, 35.601426477184795 ], [ 129.122378343685227, 35.592168469985275 ], [ 129.122320581733931, 35.590592060667348 ], [ 129.122219872944868, 35.59027043142428 ], [ 129.121997290556237, 35.589595580010034 ], [ 129.119792177108593, 35.586543439144577 ], [ 129.119042511513101, 35.585516492167777 ], [ 129.115562824183286, 35.58123803078319 ], [ 129.11461807881625, 35.580154657953408 ], [ 129.114589009173386, 35.580102252298303 ], [ 129.114574879676638, 35.580059188377511 ], [ 129.114568631721312, 35.579993851770254 ], [ 129.114584257610687, 35.579858809755706 ], [ 129.114600844558595, 35.57976614441489 ], [ 129.114638484187367, 35.579651928746685 ], [ 129.114683995982887, 35.579513993525943 ], [ 129.114738184073076, 35.579289882731523 ], [ 129.114755596733858, 35.579169210748169 ], [ 129.114781642332332, 35.578936512090358 ], [ 129.114770994909264, 35.578867570571191 ], [ 129.114716300947435, 35.578731167309293 ], [ 129.11451963683831, 35.578289687749148 ], [ 129.11414369522393, 35.577523922180063 ], [ 129.112669276256781, 35.574769192092248 ], [ 129.112473523118382, 35.574517240259347 ], [ 129.112353100234458, 35.574401771761579 ], [ 129.111115297450453, 35.573236895840452 ], [ 129.110876283341554, 35.573039159523624 ], [ 129.110573609810189, 35.572847263486302 ], [ 129.110302812335505, 35.572684239091153 ], [ 129.109885199797958, 35.57250834131046 ], [ 129.10972596408547, 35.572443462897368 ], [ 129.109393293592149, 35.572306515010361 ], [ 129.109202193888564, 35.572224316324942 ], [ 129.108954401577734, 35.572078600501207 ], [ 129.108834015301142, 35.571989132844486 ], [ 129.108674687718775, 35.571853456976335 ], [ 129.108479037081224, 35.571682408594917 ], [ 129.107513209639677, 35.570828625048293 ], [ 129.107334357565463, 35.570643834721828 ], [ 129.107282948469248, 35.570557195037694 ], [ 129.107277552987767, 35.570487840044521 ], [ 129.107289683069041, 35.570451217163146 ], [ 129.107329515231896, 35.570331037636912 ], [ 129.108077341963764, 35.568155116806032 ], [ 129.108232166516501, 35.567825577056915 ], [ 129.108551538561358, 35.567254153200231 ], [ 129.108783890546334, 35.566896959971295 ], [ 129.108857379698122, 35.566812630424259 ], [ 129.109365056583215, 35.566230094509535 ], [ 129.109786492045458, 35.565825162081225 ], [ 129.110547268690965, 35.565159127660891 ], [ 129.111653463677811, 35.563957805596516 ], [ 129.111985578042095, 35.563426477984095 ], [ 129.112053953387459, 35.562632115873733 ], [ 129.110617142602223, 35.561906664574906 ], [ 129.110302165282519, 35.561749448804321 ], [ 129.11007569028007, 35.56164850724371 ], [ 129.109881137240563, 35.56160245314102 ], [ 129.109630025512075, 35.561599788043715 ], [ 129.109297697413751, 35.56167377062102 ], [ 129.108859340501937, 35.561805650219355 ], [ 129.108551735321896, 35.561857944077502 ], [ 129.108208757073669, 35.561898696038497 ], [ 129.108079073311927, 35.561912995575206 ], [ 129.107890475666466, 35.561907657289993 ], [ 129.103875408111406, 35.561023980316854 ], [ 129.102608679047819, 35.560496223467169 ], [ 129.102458230319229, 35.560382202897877 ], [ 129.101414363135916, 35.559172988589211 ], [ 129.101356766576629, 35.559061060556964 ], [ 129.100868925859089, 35.554917552626293 ], [ 129.098982277541438, 35.553360468632668 ], [ 129.098708181513928, 35.553128574894984 ], [ 129.098581632449282, 35.552973944718879 ], [ 129.098468866843916, 35.552641882081041 ], [ 129.098430557901054, 35.55247961933874 ], [ 129.09838331152153, 35.552231142933124 ], [ 129.098123073595588, 35.549752597422618 ], [ 129.09810590577041, 35.549154541851379 ], [ 129.098122007526285, 35.548886323549425 ], [ 129.098286004910079, 35.548658194536749 ], [ 129.098447302528456, 35.548386026241793 ], [ 129.098411909649172, 35.548184988800877 ], [ 129.098326267970521, 35.547835344694555 ], [ 129.098295359562258, 35.547711149761831 ], [ 129.098217797927674, 35.547515884037701 ], [ 129.098096322376392, 35.547326402316351 ], [ 129.096159316157468, 35.544961491398041 ], [ 129.095149509425426, 35.543861826291376 ], [ 129.094983978255527, 35.543758749692969 ], [ 129.094891437887725, 35.543703562224678 ], [ 129.093432099025534, 35.542969113323913 ], [ 129.089103206805476, 35.541648015608956 ], [ 129.08901604379983, 35.54162627047279 ], [ 129.086970502339398, 35.541507073436371 ], [ 129.086782004425942, 35.541529018016249 ], [ 129.086718887096794, 35.541557418107836 ], [ 129.086614320232286, 35.541605911055981 ], [ 129.086444234048201, 35.541684803556194 ], [ 129.085946439352909, 35.54189158075053 ], [ 129.085025434157302, 35.542217851224009 ], [ 129.084449359219519, 35.542399960831474 ], [ 129.082429374662894, 35.542950856787435 ], [ 129.082002621674121, 35.543060155472652 ], [ 129.081060056254728, 35.543174173412929 ], [ 129.080853745808497, 35.543193198666089 ], [ 129.080494426540213, 35.543164377347466 ], [ 129.079199467756979, 35.54304891396265 ], [ 129.078963762203244, 35.543019258598306 ], [ 129.064991105145197, 35.541176992426628 ], [ 129.062495370481969, 35.541012275239339 ], [ 129.061182119978298, 35.540867132912702 ], [ 129.058087199720944, 35.540013327624273 ], [ 129.056999927437431, 35.539712855247238 ], [ 129.054572804189462, 35.539016718453851 ], [ 129.054404917326764, 35.538875340992064 ], [ 129.054268461722728, 35.538179602001684 ], [ 129.054263134021255, 35.538121857546528 ], [ 129.054275367083761, 35.537919762283316 ], [ 129.054405792235201, 35.537501081823592 ], [ 129.054765421774505, 35.536533737093237 ], [ 129.054955885362261, 35.536112142423669 ], [ 129.056677368814974, 35.532932693003737 ], [ 129.056737385951465, 35.532880678245661 ], [ 129.056920113919261, 35.532793989269862 ], [ 129.057002201060698, 35.532753531343744 ], [ 129.057051610375225, 35.532701544319551 ], [ 129.057106275391504, 35.532583145728175 ], [ 129.057134426175026, 35.532450328343764 ], [ 129.057155525275448, 35.532314627784416 ], [ 129.057158975802452, 35.532184717732697 ], [ 129.057105698218237, 35.531748792217776 ], [ 129.057061726840175, 35.531450249062239 ], [ 129.057054655548541, 35.531402283842397 ], [ 129.056804108918897, 35.529756827246729 ], [ 129.056766980969996, 35.529684665507645 ], [ 129.056572570790053, 35.529453786707883 ], [ 129.055676618531606, 35.528521663770576 ], [ 129.055146933173972, 35.527985001800829 ], [ 129.05464207961441, 35.527664840716454 ], [ 129.054542509197745, 35.527603704197453 ], [ 129.054480868431682, 35.527580691419537 ], [ 129.054406883154229, 35.527570647054382 ], [ 129.054227220901282, 35.527567833889009 ], [ 129.05412272662511, 35.527573774096517 ], [ 129.053994689505089, 35.527550662923922 ], [ 129.053901317297687, 35.527524787918047 ], [ 129.053814979312108, 35.527493141490048 ], [ 129.053772705940844, 35.527472288646969 ], [ 129.053674047129533, 35.527419776565772 ], [ 129.053608836836048, 35.527380921190534 ], [ 129.053289825030816, 35.52705420453141 ], [ 129.052889708876705, 35.526633921145446 ], [ 129.052787475165815, 35.526521657671999 ], [ 129.052655285390614, 35.526373406493413 ], [ 129.052584776994877, 35.52629280724144 ], [ 129.052545981780582, 35.5262294755791 ], [ 129.052503663446913, 35.526160383232821 ], [ 129.05248778589376, 35.526122949436399 ], [ 129.052452496704149, 35.526013529174229 ], [ 129.05154426727475, 35.521360188372576 ], [ 129.0516579123246, 35.520023923492438 ], [ 129.052169634140967, 35.518750859173132 ], [ 129.052693634570744, 35.517428833195979 ], [ 129.052771008338595, 35.517227201502891 ], [ 129.052810553844296, 35.517121334419677 ], [ 129.052851843929204, 35.516973744177108 ], [ 129.0528798462434, 35.516703025177385 ], [ 129.052890335098539, 35.516570551256748 ], [ 129.0528883925397, 35.51629121575025 ], [ 129.052875987649657, 35.516164503654004 ], [ 129.052844233299652, 35.516079565578103 ], [ 129.052811301379961, 35.516013980183104 ], [ 129.051629848825456, 35.51532674380352 ], [ 129.046121319421644, 35.514348101510826 ], [ 129.044730862886638, 35.515317174326107 ], [ 129.044362770335169, 35.515529643844687 ], [ 129.043855964044894, 35.515781415452444 ], [ 129.037517549601773, 35.518388143632478 ], [ 129.035568249316043, 35.519099867524169 ], [ 129.033757556070213, 35.519525028752277 ], [ 129.032469731784857, 35.519730417036492 ], [ 129.032323862433572, 35.519742101165569 ], [ 129.031619441835403, 35.5197582728076 ], [ 129.031413097762538, 35.519737962938194 ], [ 129.031181813554582, 35.519681301079721 ], [ 129.031000353677371, 35.519604273793988 ], [ 129.030914945574551, 35.519557736663813 ], [ 129.03079928214612, 35.519487963516923 ], [ 129.030541287398364, 35.51932951240876 ], [ 129.030377608671444, 35.519226291732593 ], [ 129.030274423738319, 35.51920013772741 ], [ 129.029527254361568, 35.519076701723264 ], [ 129.029434760160967, 35.519063635506875 ], [ 129.029331580437741, 35.519057840582256 ], [ 129.029278222946147, 35.519063666019704 ], [ 129.027845932020966, 35.519555839346012 ], [ 129.027455546842248, 35.519863873215947 ], [ 129.026141956666663, 35.520937369105162 ], [ 129.024892452518372, 35.522089379816919 ], [ 129.023123456422127, 35.525019718712478 ], [ 129.022309744462774, 35.525352210734866 ], [ 129.021989146227128, 35.525362331296634 ], [ 129.0194838762323, 35.524463436999099 ], [ 129.017023734620295, 35.523753193431972 ], [ 129.012933317887843, 35.523184157072613 ], [ 129.012671859085856, 35.523148313638615 ], [ 129.012085774890807, 35.523126856119831 ], [ 129.011864680173034, 35.523122562594708 ], [ 129.011717279808721, 35.523132623676204 ], [ 129.011559346815517, 35.523144114848378 ], [ 129.01144353631787, 35.523169932944519 ], [ 129.008993970483147, 35.523829993481826 ], [ 129.008737788614866, 35.52397249761696 ], [ 129.008788473118216, 35.525265933369838 ], [ 129.008843303499418, 35.526532158260494 ], [ 129.008916275046317, 35.526710914109138 ], [ 129.009294805969034, 35.527549178078779 ], [ 129.009554636627769, 35.527988654399628 ], [ 129.005732019096939, 35.528049493261449 ], [ 129.001983597816547, 35.528064725200714 ], [ 128.998309401369966, 35.528170774215049 ], [ 128.994499065391722, 35.528989458283654 ], [ 128.994411676962471, 35.529700482042408 ], [ 128.994397276817608, 35.530474239895398 ], [ 128.994404077680457, 35.530813215096806 ], [ 128.994484109724283, 35.531077580696859 ], [ 128.996488899027497, 35.537438228004561 ], [ 128.997096671439039, 35.53802544441502 ], [ 128.998095245643697, 35.53926985264669 ], [ 128.998116330573737, 35.539356048736252 ], [ 128.998112801770361, 35.539445116499508 ], [ 128.997958947206484, 35.541004540752432 ], [ 128.997618698741974, 35.542198741776005 ], [ 128.993044569442958, 35.54794077163011 ], [ 128.992946840320286, 35.547983569165289 ], [ 128.992834247632032, 35.547991402364325 ], [ 128.991210794046054, 35.547752343435576 ], [ 128.990932569201931, 35.547697337998727 ], [ 128.990464097157371, 35.547591044691721 ], [ 128.990081985856278, 35.547498264063066 ], [ 128.988260526638442, 35.547040038718173 ], [ 128.980641603125832, 35.546024503833031 ], [ 128.980935400796113, 35.546611705614112 ], [ 128.979000660615782, 35.549273067345808 ], [ 128.976785102000179, 35.551263871938538 ], [ 128.976656797269555, 35.551361546703845 ], [ 128.976449108819565, 35.551448565209924 ], [ 128.97614292534422, 35.551517630295905 ], [ 128.975601048011583, 35.551608186235555 ], [ 128.975184028170901, 35.551666584942303 ], [ 128.97451749274785, 35.551879062561525 ], [ 128.973696396148455, 35.552187752201604 ], [ 128.973647530263236, 35.552231987060793 ], [ 128.973637906210314, 35.552294089952817 ], [ 128.973141494995758, 35.555433360964287 ], [ 128.972013309088055, 35.558773929960019 ], [ 128.97176509585114, 35.559193327127616 ], [ 128.970903105413697, 35.56063916012274 ], [ 128.971273309715798, 35.560853207278505 ], [ 128.975923333720175, 35.563342222904424 ], [ 128.977811664669417, 35.563967828054203 ], [ 128.984169130802513, 35.565302824151949 ], [ 128.98657583161372, 35.565697909210229 ], [ 128.986711615797276, 35.565727414950956 ], [ 128.986804381999434, 35.565768154505584 ], [ 128.987361371249506, 35.566090168355487 ], [ 128.987877114247567, 35.566490843184752 ], [ 128.988212288138243, 35.566741080528381 ], [ 128.989518875256607, 35.567661891868376 ], [ 128.989597959693015, 35.567697048144097 ], [ 128.993753347923871, 35.56871224033943 ], [ 128.995328246859316, 35.568895029001048 ], [ 128.995384939583204, 35.568904953216091 ], [ 128.995450361931262, 35.568949920879817 ], [ 129.000383227295515, 35.572816163763989 ], [ 129.004076153083531, 35.575947814887421 ], [ 129.006241506903137, 35.5780367590936 ], [ 129.011290180958326, 35.581167174795411 ], [ 129.016062845144205, 35.583006100780793 ], [ 129.020180444164652, 35.584973824211552 ], [ 129.021160728757479, 35.588739853796092 ], [ 129.022541781702984, 35.589968527833449 ], [ 129.022674416914839, 35.59011436567387 ], [ 129.023002385776635, 35.590523825111006 ], [ 129.023183751631478, 35.590773945636045 ], [ 129.023243622402703, 35.590909078870851 ], [ 129.023592335990514, 35.591714111594683 ], [ 129.023643477532659, 35.5921137558339 ], [ 129.023664672494334, 35.592372531655933 ], [ 129.023664681464794, 35.592427163787825 ], [ 129.023573238115262, 35.592685962870867 ], [ 129.023560969010987, 35.592844097849188 ], [ 129.023600629460844, 35.593064756959897 ], [ 129.023654378525436, 35.59330986648903 ], [ 129.024379596956464, 35.59659260096015 ], [ 129.024415704807581, 35.596719818214837 ], [ 129.02507092629105, 35.598121404616684 ], [ 129.025658319152285, 35.599355493811281 ], [ 129.025801028014087, 35.599785314852923 ], [ 129.026027496723572, 35.600690274699346 ], [ 129.026009932024721, 35.600812477851541 ], [ 129.025811356257947, 35.601906569313087 ], [ 129.025757736992375, 35.602098490617706 ], [ 129.025678557287733, 35.602282528764697 ], [ 129.025572112665316, 35.602388213071109 ], [ 129.025301047975546, 35.602530591128925 ], [ 129.024913829748698, 35.602711813463984 ], [ 129.02375547214865, 35.603277094749089 ], [ 129.023587949526615, 35.603366863901975 ], [ 129.023491593060214, 35.603436758899932 ], [ 129.023458301278936, 35.60354197249562 ], [ 129.023170872706856, 35.606561059705371 ], [ 129.021864948880591, 35.613923923382586 ], [ 129.021836710942324, 35.614004716337682 ], [ 129.021304259170392, 35.614752052634245 ], [ 129.021149721707928, 35.61489056000589 ], [ 129.020966888555137, 35.614999502932704 ], [ 129.020822942454402, 35.61505794571633 ], [ 129.019619086296188, 35.615537069150989 ], [ 129.01937973622563, 35.61562365830688 ], [ 129.017982416199004, 35.616037884143402 ], [ 129.015542761328931, 35.616502698668143 ], [ 129.015406718428835, 35.616508486080029 ], [ 129.015168226557989, 35.616491196710697 ], [ 129.014981837590199, 35.616448660933202 ], [ 129.014367894342797, 35.616287890889787 ], [ 129.014058705126473, 35.616192696197309 ], [ 129.013913840634842, 35.616126358807875 ], [ 129.013496879008102, 35.615928774783043 ], [ 129.01326453975912, 35.615812666546375 ], [ 129.012943875502316, 35.61565761944113 ], [ 129.012602904463762, 35.615529268917847 ], [ 129.012412093953031, 35.615513415524639 ], [ 129.01223720444824, 35.615519208329637 ], [ 129.008288804755836, 35.615754624424554 ], [ 129.007524689255263, 35.615887911899001 ], [ 129.007468238752011, 35.615919630784617 ], [ 129.00741531125044, 35.615959992902866 ], [ 129.007177618319503, 35.616232180075713 ], [ 129.007135223437814, 35.616315846110481 ], [ 129.007094592848375, 35.616418284687718 ], [ 129.007052215356566, 35.616672177696486 ], [ 129.006944459365911, 35.616866920121879 ], [ 129.006277611727057, 35.617907757900994 ], [ 129.006224626781005, 35.617962583803092 ], [ 129.004702656969613, 35.619208284782438 ], [ 129.004154993511122, 35.619586255318531 ], [ 129.003346295044707, 35.620141765711097 ], [ 129.004325490288124, 35.620673399580646 ], [ 129.006358361071619, 35.623856530391208 ], [ 129.007073610463408, 35.625097160126579 ], [ 129.007734402280988, 35.626807266157002 ], [ 129.009819772074309, 35.628547676530211 ], [ 129.011037197075524, 35.629122098825505 ], [ 129.011770072465424, 35.629005395259782 ], [ 129.012554283393627, 35.628880518261091 ], [ 129.01360372596244, 35.628917047749489 ], [ 129.014472852644673, 35.629244942165826 ], [ 129.015511769422034, 35.629741201822021 ], [ 129.017572090782494, 35.630914211174762 ], [ 129.018829553082128, 35.632199735556327 ], [ 129.019516446208911, 35.633179450704759 ], [ 129.019934702185623, 35.63401046214247 ], [ 129.020067238246867, 35.634891325999469 ], [ 129.020531388837583, 35.635352116274504 ], [ 129.020978168303628, 35.635560888525731 ], [ 129.025521165369696, 35.636250546650444 ], [ 129.02713523882133, 35.636349567652374 ], [ 129.027529720365607, 35.63623479535773 ], [ 129.02785902113709, 35.63572464298106 ], [ 129.028705289788576, 35.635142697482706 ], [ 129.029661196511483, 35.6345318709444 ], [ 129.030457065570772, 35.634140006867561 ], [ 129.034972514792202, 35.632000323561229 ], [ 129.035755250554274, 35.631882372526405 ], [ 129.035889092259907, 35.631862204853959 ], [ 129.036050090922345, 35.631837945664692 ], [ 129.036471162235244, 35.63190291047674 ], [ 129.037053088858471, 35.632217480916509 ], [ 129.037378978661565, 35.632446263378995 ], [ 129.03747684512868, 35.632823068637705 ], [ 129.037474201076208, 35.633589044586387 ], [ 129.037685546911689, 35.633940481988972 ], [ 129.038096496952875, 35.63462379415121 ], [ 129.039396964170464, 35.635724619626814 ], [ 129.040959690269204, 35.637413216104108 ], [ 129.043921531302715, 35.641445569051456 ], [ 129.044370644366694, 35.642609380109562 ], [ 129.044576322005867, 35.643750281558056 ], [ 129.04460568215373, 35.64490318797322 ], [ 129.044536899995762, 35.645670283324264 ], [ 129.044754334400295, 35.646405490777674 ], [ 129.045161434877514, 35.64721858422336 ], [ 129.046401878195923, 35.649107842390158 ], [ 129.04731156623572, 35.650146667720406 ], [ 129.047877339368853, 35.650092114840675 ], [ 129.049028755523921, 35.649879842783747 ], [ 129.052141299066022, 35.648805563543796 ], [ 129.055964648893053, 35.647834694585228 ], [ 129.056482321600328, 35.64776806180091 ], [ 129.059546120299757, 35.647561563373607 ], [ 129.063786599242263, 35.646395459845493 ], [ 129.06432839049782, 35.646246440232339 ], [ 129.070157714048634, 35.643429386038974 ], [ 129.070686031585723, 35.642861482352757 ], [ 129.070885971980204, 35.642376295203761 ], [ 129.071639802917815, 35.641399836033337 ], [ 129.074131721388284, 35.640085156728787 ], [ 129.077405181541053, 35.641608899517898 ], [ 129.081205857296595, 35.643431758393859 ], [ 129.081406115567916, 35.643871500202465 ], [ 129.08157515668745, 35.644928429840675 ], [ 129.081635337890106, 35.645428396108407 ], [ 129.081074741987891, 35.647480687111774 ], [ 129.079710281486427, 35.649489037834272 ], [ 129.079387408969751, 35.649783649965912 ], [ 129.07897010689075, 35.650079896230466 ], [ 129.07516719249216, 35.65274688780287 ], [ 129.073607238767721, 35.654508024034612 ], [ 129.070149246294875, 35.657747013009498 ], [ 129.069730391981579, 35.657985458655666 ], [ 129.068978143582541, 35.658113994379399 ], [ 129.068415701288416, 35.658277821102402 ], [ 129.068049998039839, 35.65874656480451 ], [ 129.067829869965209, 35.659366975958264 ], [ 129.067609190664939, 35.661798762576112 ], [ 129.068725635681233, 35.666635588392829 ], [ 129.069474236557227, 35.669108532982946 ], [ 129.067569218657638, 35.671241647850927 ], [ 129.067586391595512, 35.671284211078316 ], [ 129.068326035361906, 35.673117112327503 ], [ 129.068760870349905, 35.673495029510001 ], [ 129.070276857636486, 35.674586630944326 ], [ 129.072669582376392, 35.676703696329824 ], [ 129.073192210925924, 35.67773527215477 ], [ 129.073026366105495, 35.678012268341078 ], [ 129.071004735697358, 35.678841760633397 ], [ 129.069787940198268, 35.679560477177745 ], [ 129.069485492354062, 35.680728687571325 ], [ 129.073410739960707, 35.685526381571378 ], [ 129.074029500400229, 35.686484892290238 ], [ 129.076584012557902, 35.690627670228366 ], [ 129.076860282292671, 35.692193035550957 ], [ 129.077429376507041, 35.693024975920345 ], [ 129.083689634228534, 35.699071933262346 ], [ 129.086118650386453, 35.700725596582856 ], [ 129.088565707651298, 35.702017108597929 ], [ 129.08943455974196, 35.701167527014064 ], [ 129.091080600903723, 35.698029124061023 ], [ 129.093550338672628, 35.696211542639958 ], [ 129.095616303192855, 35.694315318764531 ], [ 129.098341604715898, 35.688766898276199 ], [ 129.098345044033323, 35.688686168530687 ], [ 129.09775225576638, 35.686464033004626 ], [ 129.097718526761753, 35.686355389473341 ], [ 129.097610390384375, 35.686086568230394 ], [ 129.097550046706033, 35.685999909190869 ], [ 129.09712557217145, 35.68512432605884 ], [ 129.096586644953135, 35.683344044147532 ], [ 129.096554620966174, 35.683225543704054 ], [ 129.096472729138611, 35.682893180391467 ], [ 129.096472529258904, 35.682722608289559 ], [ 129.096500734147043, 35.682598282018994 ], [ 129.096513084795276, 35.682557810824804 ], [ 129.096611989199573, 35.682310572536075 ], [ 129.096722400992832, 35.682045238373092 ], [ 129.096786040009249, 35.681929574462913 ], [ 129.098325608872301, 35.679916814823514 ], [ 129.10008535926687, 35.676238180153504 ], [ 129.100055051011907, 35.675990825531017 ], [ 129.100060879895096, 35.67585366684694 ], [ 129.100136677197952, 35.675286592348129 ], [ 129.100178533481426, 35.675171430771044 ], [ 129.100743066104911, 35.674420246705978 ], [ 129.100972314345626, 35.674225336199264 ], [ 129.101236151104445, 35.674107545424505 ], [ 129.101674061710241, 35.674077790275682 ], [ 129.101770050840031, 35.674065475620857 ], [ 129.101838976963592, 35.674018871623232 ], [ 129.10335287566113, 35.672076498650398 ], [ 129.104037162020376, 35.6711782334975 ], [ 129.104112021589572, 35.671077741354566 ], [ 129.10413461319348, 35.671022208987289 ], [ 129.104170327238705, 35.670934404581971 ], [ 129.104179108101448, 35.670760496952958 ], [ 129.104115803531272, 35.670525407443577 ], [ 129.104026662447581, 35.67000500786655 ], [ 129.103903923040718, 35.669024151243299 ], [ 129.103894806686895, 35.668938422689948 ], [ 129.104012335331589, 35.668192505656876 ], [ 129.10413909989316, 35.667635170105093 ], [ 129.104400498171572, 35.666808284768017 ], [ 129.104502338270606, 35.666695528990722 ], [ 129.104764551036396, 35.666512829555032 ], [ 129.105139285289908, 35.666363093047856 ], [ 129.105427014552561, 35.666188953684291 ], [ 129.106084789131586, 35.665729119290518 ], [ 129.106186662689481, 35.665643308410239 ], [ 129.107230493372526, 35.664521818633432 ], [ 129.107762090173793, 35.663927381657736 ], [ 129.108038942408854, 35.663487480464646 ], [ 129.108609024348425, 35.662508463022412 ], [ 129.10872870631502, 35.662295274665325 ], [ 129.108948389909813, 35.661723150542372 ], [ 129.109803280213271, 35.657352737355758 ], [ 129.109812191008956, 35.657289053070677 ], [ 129.108745505638439, 35.655810594851566 ], [ 129.108545811482657, 35.655616047504324 ], [ 129.102007585445733, 35.650865634906026 ], [ 129.099280801191838, 35.649309462219442 ], [ 129.098873733140522, 35.649148774987829 ], [ 129.098817329020847, 35.649120049190579 ], [ 129.098764442644381, 35.649079840705276 ], [ 129.098554651501786, 35.648917557907183 ], [ 129.09796399593705, 35.648427797144549 ], [ 129.09686199641888, 35.647460134664321 ], [ 129.096194142093879, 35.646823807406051 ], [ 129.095585056668881, 35.646173627088203 ], [ 129.094327662646606, 35.644810048258222 ], [ 129.093066641382421, 35.643351206667802 ], [ 129.090015956271856, 35.642252824431992 ], [ 129.08976391773723, 35.642260278347329 ], [ 129.089631208672984, 35.642258920854225 ], [ 129.089431667538889, 35.642208188320637 ], [ 129.089224908802834, 35.642077471773 ], [ 129.089043055916619, 35.641935114641569 ], [ 129.088857664093439, 35.641789862204867 ], [ 129.088785435453843, 35.641727823943818 ], [ 129.088725723057962, 35.641676535409701 ], [ 129.088698959864303, 35.641630030251306 ], [ 129.090743346173298, 35.636443636959832 ], [ 129.090908551427219, 35.636046556425583 ], [ 129.091032904226978, 35.635764393323434 ], [ 129.091224292003318, 35.635335743529261 ], [ 129.091295867225995, 35.635197152097156 ], [ 129.091330524513239, 35.635136770819628 ], [ 129.092158892892456, 35.633714176423204 ], [ 129.092694296301431, 35.63294424018175 ] ] ] ] } },
{ "type": "Feature", "properties": { "OBJECTID": 1141, "adm_nm": "울산광역시 울주군 삼남읍", "adm_cd": "2631016", "adm_cd2": "3171026500", "sgg": "31710", "sido": "31", "sidonm": "울산광역시", "sggnm": "울주군" }, "geometry": { "type": "MultiPolygon", "coordinates": [ [ [ [ 129.138435812495942, 35.541471140296991 ], [ 129.137448354559979, 35.540612879951183 ], [ 129.137382618512163, 35.540530084294076 ], [ 129.137329422415775, 35.540453613015806 ], [ 129.136247072191765, 35.538788930170156 ], [ 129.136226731093046, 35.538739217441972 ], [ 129.13619085890565, 35.53863114580674 ], [ 129.136128489493217, 35.538255586958151 ], [ 129.136092394978789, 35.538015727053072 ], [ 129.136070757002983, 35.537772688649767 ], [ 129.136075329471481, 35.537623543743024 ], [ 129.136072272160334, 35.537525695621135 ], [ 129.135977129038281, 35.537158053327609 ], [ 129.13592880699494, 35.537108392031307 ], [ 129.135859260064422, 35.537054804875858 ], [ 129.135690302178176, 35.53697527483363 ], [ 129.13124255154213, 35.535542322481632 ], [ 129.128662632841554, 35.535350958294664 ], [ 129.128554625934186, 35.535380265908621 ], [ 129.128357846928139, 35.535395474934774 ], [ 129.128144653839001, 35.535397270321212 ], [ 129.127768402442882, 35.535388190780367 ], [ 129.126709698849936, 35.535121782899921 ], [ 129.126621847159953, 35.53508320636729 ], [ 129.122469385992076, 35.53221461672495 ], [ 129.119545270306162, 35.530006950146351 ], [ 129.119439717675505, 35.529918009346446 ], [ 129.115560503436427, 35.525152918410193 ], [ 129.114760633144044, 35.522597438688884 ], [ 129.115014472964248, 35.522706660874675 ], [ 129.115096148180982, 35.522706252185827 ], [ 129.11517047399866, 35.522666807450491 ], [ 129.115273240043365, 35.522579684675819 ], [ 129.115329520015393, 35.522524904601617 ], [ 129.115434188697634, 35.522408875993847 ], [ 129.115593025692476, 35.522006224262526 ], [ 129.115569905107691, 35.521844931390895 ], [ 129.111971054345162, 35.518010351833446 ], [ 129.107725802427524, 35.513944345249861 ], [ 129.103823642355792, 35.510636855193511 ], [ 129.103689654823626, 35.510530410937875 ], [ 129.103627949537582, 35.510488701577046 ], [ 129.103501119573508, 35.51046575565119 ], [ 129.102830091526386, 35.510498019945771 ], [ 129.102657485999174, 35.510511110655436 ], [ 129.102333608998833, 35.510656843135244 ], [ 129.102074910773894, 35.510844273071193 ], [ 129.101953592360672, 35.511010004900001 ], [ 129.101871813846003, 35.511117351638262 ], [ 129.10177592630572, 35.511200244476655 ], [ 129.101626331995448, 35.511282438628591 ], [ 129.100837625394746, 35.511595605105384 ], [ 129.100302301271142, 35.51167958202938 ], [ 129.100005428689713, 35.511718288255253 ], [ 129.099694810867589, 35.511711395231096 ], [ 129.099280638048072, 35.511624249850151 ], [ 129.099063924339248, 35.511572590218677 ], [ 129.098928183598218, 35.511471863484076 ], [ 129.096920729760825, 35.509775961953508 ], [ 129.096849323059502, 35.509606515634808 ], [ 129.096670642228304, 35.509069022084937 ], [ 129.096245027717146, 35.507734510918979 ], [ 129.096043581551271, 35.50708842781227 ], [ 129.095985008746908, 35.506815687711544 ], [ 129.095991182316254, 35.506572018827057 ], [ 129.096215702464093, 35.504815895166558 ], [ 129.09633528820811, 35.504662177114334 ], [ 129.096700637783158, 35.504314947308856 ], [ 129.097301979427499, 35.503731795844736 ], [ 129.096985292065568, 35.502919073036395 ], [ 129.096854396934447, 35.502599169341778 ], [ 129.094696348866847, 35.497744710500747 ], [ 129.094345857252108, 35.497425080234699 ], [ 129.090962759756451, 35.498188489255099 ], [ 129.090780803653672, 35.498236779045349 ], [ 129.089687190002735, 35.498806328319155 ], [ 129.089581988207186, 35.498864779562659 ], [ 129.089447042438792, 35.498962488713964 ], [ 129.088502673956015, 35.499715243022692 ], [ 129.087239716934533, 35.500834265521746 ], [ 129.086670928078831, 35.501490242298011 ], [ 129.086441039540773, 35.501839939489727 ], [ 129.079242258517297, 35.503173622066811 ], [ 129.078155868189867, 35.50355395412921 ], [ 129.077231313031461, 35.504006046621868 ], [ 129.076932540478879, 35.504219065540894 ], [ 129.076760312362438, 35.504322704352745 ], [ 129.076503706868834, 35.504469527747133 ], [ 129.076189957282708, 35.50462575139786 ], [ 129.075927167965347, 35.504753173550533 ], [ 129.075642396165534, 35.504887079601779 ], [ 129.075368171704639, 35.505000844389642 ], [ 129.075216990211374, 35.505045512983145 ], [ 129.075093921478953, 35.50507290918511 ], [ 129.072020439508094, 35.505533911809181 ], [ 129.071874280244742, 35.505533988279737 ], [ 129.071717563334801, 35.505534088550313 ], [ 129.071573196753178, 35.505568731347459 ], [ 129.071446436747181, 35.505603369977969 ], [ 129.071259852279184, 35.505684103697654 ], [ 129.068878227578068, 35.506759624763262 ], [ 129.068727743158377, 35.506841055267209 ], [ 129.068619505037844, 35.506911669235429 ], [ 129.068535907356107, 35.506969311116634 ], [ 129.068166322422428, 35.50722869865514 ], [ 129.067956019966942, 35.507387924182432 ], [ 129.067596131382771, 35.507673209217181 ], [ 129.0674351251904, 35.507807221195442 ], [ 129.06730402612007, 35.507923921202355 ], [ 129.067244185259284, 35.507980094092211 ], [ 129.067085832238575, 35.50813137563491 ], [ 129.066754150989595, 35.508456971795759 ], [ 129.06643126454253, 35.508778980040859 ], [ 129.065974691300312, 35.509275260642049 ], [ 129.06572488166475, 35.509589295075543 ], [ 129.065636030248385, 35.509703814838772 ], [ 129.065413521867157, 35.510012775489152 ], [ 129.065186604112284, 35.510341193575158 ], [ 129.065045883537294, 35.510551493132027 ], [ 129.064818085097954, 35.510872693274152 ], [ 129.064554217152164, 35.511231375243277 ], [ 129.064092411545573, 35.511832039554058 ], [ 129.063984216299446, 35.511972491647121 ], [ 129.063116830749948, 35.513037030594084 ], [ 129.063000693041715, 35.513158029073637 ], [ 129.062899505295121, 35.513256008078919 ], [ 129.062791264534582, 35.51335540368224 ], [ 129.062221060163665, 35.513862533312242 ], [ 129.061702759692963, 35.51431564394759 ], [ 129.061335775290445, 35.514607395480631 ], [ 129.060843826055844, 35.514989937224676 ], [ 129.060560434187778, 35.515194536468492 ], [ 129.060155576560447, 35.515472632697652 ], [ 129.05933880846996, 35.516015863190347 ], [ 129.059192679088511, 35.516092259923013 ], [ 129.059158753993188, 35.516109403476619 ], [ 129.05910995180588, 35.516134049177772 ], [ 129.058947052804228, 35.516158595649578 ], [ 129.05884579097156, 35.516168732606232 ], [ 129.058726033541689, 35.516168782084335 ], [ 129.057884183022367, 35.516131756287251 ], [ 129.052811301379961, 35.516013980183104 ], [ 129.052844233299652, 35.516079565578103 ], [ 129.052875987649657, 35.516164503654004 ], [ 129.0528883925397, 35.51629121575025 ], [ 129.052890335098539, 35.516570551256748 ], [ 129.0528798462434, 35.516703025177385 ], [ 129.052851843929204, 35.516973744177108 ], [ 129.052810553844296, 35.517121334419677 ], [ 129.052771008338595, 35.517227201502891 ], [ 129.052693634570744, 35.517428833195979 ], [ 129.052169634140967, 35.518750859173132 ], [ 129.0516579123246, 35.520023923492438 ], [ 129.05154426727475, 35.521360188372576 ], [ 129.052452496704149, 35.526013529174229 ], [ 129.05248778589376, 35.526122949436399 ], [ 129.052503663446913, 35.526160383232821 ], [ 129.052545981780582, 35.5262294755791 ], [ 129.052584776994877, 35.52629280724144 ], [ 129.052655285390614, 35.526373406493413 ], [ 129.052787475165815, 35.526521657671999 ], [ 129.052889708876705, 35.526633921145446 ], [ 129.053289825030816, 35.52705420453141 ], [ 129.053608836836048, 35.527380921190534 ], [ 129.053674047129533, 35.527419776565772 ], [ 129.053772705940844, 35.527472288646969 ], [ 129.053814979312108, 35.527493141490048 ], [ 129.053901317297687, 35.527524787918047 ], [ 129.053994689505089, 35.527550662923922 ], [ 129.05412272662511, 35.527573774096517 ], [ 129.054227220901282, 35.527567833889009 ], [ 129.054406883154229, 35.527570647054382 ], [ 129.054480868431682, 35.527580691419537 ], [ 129.054542509197745, 35.527603704197453 ], [ 129.05464207961441, 35.527664840716454 ], [ 129.055146933173972, 35.527985001800829 ], [ 129.055676618531606, 35.528521663770576 ], [ 129.056572570790053, 35.529453786707883 ], [ 129.056766980969996, 35.529684665507645 ], [ 129.056804108918897, 35.529756827246729 ], [ 129.057054655548541, 35.531402283842397 ], [ 129.057061726840175, 35.531450249062239 ], [ 129.057105698218237, 35.531748792217776 ], [ 129.057158975802452, 35.532184717732697 ], [ 129.057155525275448, 35.532314627784416 ], [ 129.057134426175026, 35.532450328343764 ], [ 129.057106275391504, 35.532583145728175 ], [ 129.057051610375225, 35.532701544319551 ], [ 129.057002201060698, 35.532753531343744 ], [ 129.056920113919261, 35.532793989269862 ], [ 129.056737385951465, 35.532880678245661 ], [ 129.056677368814974, 35.532932693003737 ], [ 129.054955885362261, 35.536112142423669 ], [ 129.054765421774505, 35.536533737093237 ], [ 129.054405792235201, 35.537501081823592 ], [ 129.054275367083761, 35.537919762283316 ], [ 129.054263134021255, 35.538121857546528 ], [ 129.054268461722728, 35.538179602001684 ], [ 129.054404917326764, 35.538875340992064 ], [ 129.054572804189462, 35.539016718453851 ], [ 129.056999927437431, 35.539712855247238 ], [ 129.058087199720944, 35.540013327624273 ], [ 129.061182119978298, 35.540867132912702 ], [ 129.062495370481969, 35.541012275239339 ], [ 129.064991105145197, 35.541176992426628 ], [ 129.078963762203244, 35.543019258598306 ], [ 129.079199467756979, 35.54304891396265 ], [ 129.080494426540213, 35.543164377347466 ], [ 129.080853745808497, 35.543193198666089 ], [ 129.081060056254728, 35.543174173412929 ], [ 129.082002621674121, 35.543060155472652 ], [ 129.082429374662894, 35.542950856787435 ], [ 129.084449359219519, 35.542399960831474 ], [ 129.085025434157302, 35.542217851224009 ], [ 129.085946439352909, 35.54189158075053 ], [ 129.086444234048201, 35.541684803556194 ], [ 129.086614320232286, 35.541605911055981 ], [ 129.086718887096794, 35.541557418107836 ], [ 129.086782004425942, 35.541529018016249 ], [ 129.086970502339398, 35.541507073436371 ], [ 129.08901604379983, 35.54162627047279 ], [ 129.089103206805476, 35.541648015608956 ], [ 129.093432099025534, 35.542969113323913 ], [ 129.094891437887725, 35.543703562224678 ], [ 129.094983978255527, 35.543758749692969 ], [ 129.095149509425426, 35.543861826291376 ], [ 129.096159316157468, 35.544961491398041 ], [ 129.098096322376392, 35.547326402316351 ], [ 129.098217797927674, 35.547515884037701 ], [ 129.098295359562258, 35.547711149761831 ], [ 129.098326267970521, 35.547835344694555 ], [ 129.098411909649172, 35.548184988800877 ], [ 129.098447302528456, 35.548386026241793 ], [ 129.098286004910079, 35.548658194536749 ], [ 129.098122007526285, 35.548886323549425 ], [ 129.09810590577041, 35.549154541851379 ], [ 129.098123073595588, 35.549752597422618 ], [ 129.09838331152153, 35.552231142933124 ], [ 129.098430557901054, 35.55247961933874 ], [ 129.098468866843916, 35.552641882081041 ], [ 129.098581632449282, 35.552973944718879 ], [ 129.098708181513928, 35.553128574894984 ], [ 129.098982277541438, 35.553360468632668 ], [ 129.100868925859089, 35.554917552626293 ], [ 129.101356766576629, 35.559061060556964 ], [ 129.101414363135916, 35.559172988589211 ], [ 129.102458230319229, 35.560382202897877 ], [ 129.102608679047819, 35.560496223467169 ], [ 129.103875408111406, 35.561023980316854 ], [ 129.107890475666466, 35.561907657289993 ], [ 129.108079073311927, 35.561912995575206 ], [ 129.108208757073669, 35.561898696038497 ], [ 129.108551735321896, 35.561857944077502 ], [ 129.108859340501937, 35.561805650219355 ], [ 129.109297697413751, 35.56167377062102 ], [ 129.109630025512075, 35.561599788043715 ], [ 129.109881137240563, 35.56160245314102 ], [ 129.11007569028007, 35.56164850724371 ], [ 129.110302165282519, 35.561749448804321 ], [ 129.110617142602223, 35.561906664574906 ], [ 129.112053953387459, 35.562632115873733 ], [ 129.111985578042095, 35.563426477984095 ], [ 129.116315457059244, 35.564214233120289 ], [ 129.116837235129822, 35.564307654229665 ], [ 129.117208010128451, 35.564329547759264 ], [ 129.117594778279908, 35.564352365058532 ], [ 129.118301413215761, 35.564229296003084 ], [ 129.118642458951712, 35.564144095158788 ], [ 129.122023726842684, 35.563106202510518 ], [ 129.125257875912922, 35.562011977237056 ], [ 129.127378845754265, 35.561369693988723 ], [ 129.127642019107412, 35.561304981737663 ], [ 129.128100060135552, 35.561192327267698 ], [ 129.129444850105642, 35.560713637165328 ], [ 129.130100130255755, 35.560430039561496 ], [ 129.13097363580107, 35.559974675839811 ], [ 129.133814993010418, 35.558440423339036 ], [ 129.139128133880206, 35.55501459656994 ], [ 129.140071217000354, 35.553896683821193 ], [ 129.140967750664458, 35.55265045643997 ], [ 129.144493996784718, 35.546638319813717 ], [ 129.14411029586671, 35.546558208868156 ], [ 129.143621338907508, 35.546428408065012 ], [ 129.1425036985475, 35.546103807120112 ], [ 129.142004667812131, 35.545916988200581 ], [ 129.141835000173586, 35.545843848971671 ], [ 129.140976313782772, 35.545307084524602 ], [ 129.140317063501072, 35.544737512329043 ], [ 129.138029051873644, 35.542360930328016 ], [ 129.137928918490957, 35.542124757696108 ], [ 129.137948516999586, 35.541921024052407 ], [ 129.138008100600672, 35.541766148994441 ], [ 129.13814744280424, 35.541603035567775 ], [ 129.138435812495942, 35.541471140296991 ] ] ] ] } },
{ "type": "Feature", "properties": { "OBJECTID": 1142, "adm_nm": "울산광역시 울주군 삼동면", "adm_cd": "2631040", "adm_cd2": "3171040000", "sgg": "31710", "sido": "31", "sidonm": "울산광역시", "sggnm": "울주군" }, "geometry": { "type": "MultiPolygon", "coordinates": [ [ [ [ 129.205814016404219, 35.542321550509044 ], [ 129.206655541116163, 35.541290984688374 ], [ 129.20671301668321, 35.541223488293092 ], [ 129.206779403950094, 35.541179175733355 ], [ 129.208537398506934, 35.540694951413109 ], [ 129.208615431067756, 35.540699148358492 ], [ 129.209300921654176, 35.541067591798388 ], [ 129.209458124065861, 35.541162268576912 ], [ 129.210348068558631, 35.541386114757906 ], [ 129.212048958233169, 35.541455632879966 ], [ 129.212125152505223, 35.541429405312783 ], [ 129.212199463840506, 35.541365509597171 ], [ 129.2131036122598, 35.53989995718463 ], [ 129.213141553448708, 35.539831042287119 ], [ 129.21313154020001, 35.539727423675622 ], [ 129.212999320369505, 35.539358031752165 ], [ 129.212935036038687, 35.53918711494196 ], [ 129.212798570390561, 35.538879337863882 ], [ 129.212671032195942, 35.538596195261476 ], [ 129.212560452758964, 35.538355773217162 ], [ 129.212530018862026, 35.538245672274918 ], [ 129.212524286539775, 35.538086247432894 ], [ 129.212548668649475, 35.537920951382667 ], [ 129.212622356181669, 35.537616438149747 ], [ 129.213294414317602, 35.535577313649711 ], [ 129.213340285957997, 35.535485899131331 ], [ 129.213903427886663, 35.534865271639923 ], [ 129.214000738493297, 35.534779573413843 ], [ 129.214121975215164, 35.534691665180347 ], [ 129.214345131653971, 35.534584024627378 ], [ 129.214589590326682, 35.534490829803588 ], [ 129.215017069737485, 35.534376250574461 ], [ 129.214837611553321, 35.534246530291867 ], [ 129.214147744056334, 35.533641883602094 ], [ 129.211515665255149, 35.52990402848485 ], [ 129.208393546377692, 35.526002199048165 ], [ 129.20783529675299, 35.525041544272895 ], [ 129.207269322306672, 35.52366365114711 ], [ 129.20692044746832, 35.521769560611069 ], [ 129.206824639426571, 35.520956220976544 ], [ 129.206965391498983, 35.519661405347541 ], [ 129.207051462632336, 35.519520036987196 ], [ 129.207279085045883, 35.519326157012237 ], [ 129.207673636693642, 35.51884883758099 ], [ 129.209188919506403, 35.516786439675442 ], [ 129.210050277722331, 35.514414529703025 ], [ 129.207747088123824, 35.514419921783308 ], [ 129.207415363451474, 35.51454901629382 ], [ 129.207159359172181, 35.514585562786436 ], [ 129.205295979847449, 35.514604610808064 ], [ 129.205199659462721, 35.514574437022198 ], [ 129.202887110538029, 35.513316180796586 ], [ 129.199905710881353, 35.510441579880478 ], [ 129.197497193087258, 35.507296500729709 ], [ 129.194915189000682, 35.505397714389531 ], [ 129.193802076754309, 35.505516174648349 ], [ 129.19360482219156, 35.505536665268153 ], [ 129.193467391790392, 35.505532559147277 ], [ 129.193340491200672, 35.505508264715289 ], [ 129.193280522916268, 35.505485308690993 ], [ 129.193192359951951, 35.505440791451228 ], [ 129.193090022991129, 35.505381889809804 ], [ 129.192986721178045, 35.505283375352967 ], [ 129.192884239230523, 35.505153893130682 ], [ 129.192810832974743, 35.505027955087641 ], [ 129.192762102147952, 35.504904881969892 ], [ 129.19272037738034, 35.504768803159926 ], [ 129.192603119391805, 35.504354124911664 ], [ 129.192572821893123, 35.504207232174387 ], [ 129.192554819578703, 35.504043045747508 ], [ 129.192580962241777, 35.503926306331138 ], [ 129.192642275062667, 35.503779993285505 ], [ 129.193254090768363, 35.502850149379782 ], [ 129.19338366787764, 35.502703762032709 ], [ 129.193918854883663, 35.502174994836537 ], [ 129.194070534064423, 35.50211901922254 ], [ 129.194249301401669, 35.502090344708115 ], [ 129.194606969578814, 35.502084495273792 ], [ 129.194695746035364, 35.502084369492472 ], [ 129.194826904363566, 35.502055752690573 ], [ 129.194956646952392, 35.501971418851362 ], [ 129.195533295398519, 35.50157088570797 ], [ 129.195656464305699, 35.501442383348227 ], [ 129.19671103826883, 35.499805439351832 ], [ 129.196832246720078, 35.499411955787174 ], [ 129.198652841405931, 35.496383161461594 ], [ 129.200426058378383, 35.493496385681681 ], [ 129.202563490857216, 35.490127384591389 ], [ 129.20259683624738, 35.490061353967228 ], [ 129.20258742487033, 35.490001026808763 ], [ 129.201392515911124, 35.486864668876656 ], [ 129.201345985646867, 35.486748559333918 ], [ 129.201291744650263, 35.486695799794532 ], [ 129.201191027850456, 35.48659977074464 ], [ 129.200921477688865, 35.486404624870524 ], [ 129.199753650134539, 35.485713033218332 ], [ 129.199663599066071, 35.485659942625077 ], [ 129.199562935821319, 35.485612362029748 ], [ 129.199424143282272, 35.485576562492099 ], [ 129.199284949652707, 35.485559923489923 ], [ 129.199139266897475, 35.485553904822126 ], [ 129.198320056253522, 35.485624043858891 ], [ 129.19593103894735, 35.48635269075556 ], [ 129.188244742442322, 35.487579359099747 ], [ 129.184837682958914, 35.485427239006022 ], [ 129.184727073809256, 35.485296011568117 ], [ 129.184706395889066, 35.485190218403176 ], [ 129.184715758210132, 35.485115594019312 ], [ 129.184825742427847, 35.484976238216646 ], [ 129.185537342404245, 35.484114319805663 ], [ 129.185627055208045, 35.48404069315815 ], [ 129.185837941829647, 35.483957986008143 ], [ 129.186508961776269, 35.483809997888457 ], [ 129.186860017098724, 35.48368586436878 ], [ 129.187020486770393, 35.48358762781254 ], [ 129.187130509690775, 35.483472767957011 ], [ 129.187171049472425, 35.483341292413805 ], [ 129.187160997772224, 35.483119704682082 ], [ 129.186876458073471, 35.481996437584129 ], [ 129.186725394741075, 35.481455429067552 ], [ 129.185223099718741, 35.477112829460395 ], [ 129.184583888369104, 35.47572192737077 ], [ 129.184502835930658, 35.475607010332553 ], [ 129.184430923896144, 35.475568276898869 ], [ 129.184391469648943, 35.475547030146636 ], [ 129.184119652809073, 35.475522891023871 ], [ 129.183624362177113, 35.475544953773593 ], [ 129.182730952847322, 35.475622141702623 ], [ 129.182332888189109, 35.475664375656798 ], [ 129.182129407763995, 35.475718830642499 ], [ 129.181401321639811, 35.475942775198178 ], [ 129.181281247887483, 35.476311673990772 ], [ 129.181202935499812, 35.47644071343209 ], [ 129.181024208478561, 35.476735198882849 ], [ 129.180278393887079, 35.477836083400781 ], [ 129.179796728605197, 35.478210033969034 ], [ 129.179169698874205, 35.478495702568267 ], [ 129.175628772432702, 35.47940215368321 ], [ 129.175161770770586, 35.479491595276485 ], [ 129.174499037416979, 35.479581300481819 ], [ 129.173999633226259, 35.479621247976922 ], [ 129.17365195054964, 35.479649044707827 ], [ 129.168283541234615, 35.479803166196056 ], [ 129.168176356462055, 35.479789294898822 ], [ 129.16414795978659, 35.479211606552809 ], [ 129.164056471828644, 35.479184864548401 ], [ 129.160980436193114, 35.477740628817592 ], [ 129.15909777175537, 35.476275264242297 ], [ 129.153131590093778, 35.47233823072991 ], [ 129.152629660504374, 35.47204811053912 ], [ 129.152338126279517, 35.471797074413296 ], [ 129.152167363959677, 35.471601879416539 ], [ 129.15173805584871, 35.470792318083788 ], [ 129.151686790545511, 35.470638693315699 ], [ 129.147974618860275, 35.468322688254453 ], [ 129.147716403643358, 35.468298587321392 ], [ 129.147560636965295, 35.468250924233708 ], [ 129.146149758655071, 35.467614382871723 ], [ 129.145976207746457, 35.467501037040456 ], [ 129.143426527954375, 35.465795367401341 ], [ 129.143332068552382, 35.465718347669579 ], [ 129.142473955020648, 35.464800995944387 ], [ 129.140670458292249, 35.462578147205313 ], [ 129.140126334170503, 35.461891596412549 ], [ 129.140066262856465, 35.461794685334816 ], [ 129.140050820604017, 35.461709172792482 ], [ 129.140045528600041, 35.461592352892758 ], [ 129.140065747913525, 35.461486993027371 ], [ 129.140099991722025, 35.461381584099158 ], [ 129.140094636164605, 35.461223047473005 ], [ 129.139910619205182, 35.460176076692846 ], [ 129.139874762421613, 35.46007494621707 ], [ 129.139538262745333, 35.459298323726088 ], [ 129.138170018104262, 35.458157853011031 ], [ 129.137912200314219, 35.457944331156966 ], [ 129.136324841187076, 35.456852941198981 ], [ 129.135716568443399, 35.456447615906718 ], [ 129.134615620143961, 35.456717198531329 ], [ 129.1342215319346, 35.45683451235864 ], [ 129.131862977750274, 35.457566966229955 ], [ 129.131010293717083, 35.457853211406437 ], [ 129.130875272432576, 35.457906251674011 ], [ 129.128886322628574, 35.459172847804972 ], [ 129.128763227705434, 35.459252317049845 ], [ 129.128621567539795, 35.45940558020331 ], [ 129.127060760356301, 35.46117571636141 ], [ 129.125305331893685, 35.462940132762576 ], [ 129.124976096982891, 35.463246820256323 ], [ 129.122661165755517, 35.465269457937922 ], [ 129.121636505220067, 35.466401020308517 ], [ 129.120124459366906, 35.468186717014419 ], [ 129.119983222183066, 35.468364894366729 ], [ 129.119851302365504, 35.468554508930538 ], [ 129.119668249954913, 35.468875160194052 ], [ 129.119468175997355, 35.469249225993565 ], [ 129.119126972441904, 35.469901952857178 ], [ 129.118976603682142, 35.470236558753918 ], [ 129.117118143530547, 35.474665218668768 ], [ 129.117102709017331, 35.474752971933384 ], [ 129.117110620714669, 35.474855956917281 ], [ 129.115245454662983, 35.476668902460659 ], [ 129.112189837377997, 35.4778842114874 ], [ 129.112147880287608, 35.477905870307858 ], [ 129.1120810519175, 35.477946647132583 ], [ 129.10963406207739, 35.479699471278941 ], [ 129.109496068162002, 35.479837965458444 ], [ 129.108588348071777, 35.481158394819538 ], [ 129.107933837747993, 35.483629553745914 ], [ 129.107933984853389, 35.483742615819892 ], [ 129.107960931903136, 35.483828661723543 ], [ 129.108027035872396, 35.483897791847859 ], [ 129.108132372054115, 35.483983766560264 ], [ 129.108258278648123, 35.484042737662676 ], [ 129.108475062450793, 35.48416067497336 ], [ 129.108739411047424, 35.484371373332259 ], [ 129.108950085594046, 35.484553455717396 ], [ 129.109047211761123, 35.484671499208297 ], [ 129.109067949834156, 35.484742379644338 ], [ 129.109206871389745, 35.485226573875629 ], [ 129.109291974893779, 35.485592699646503 ], [ 129.109319102928595, 35.485801919493909 ], [ 129.109319337581127, 35.485963932950625 ], [ 129.109313455242415, 35.486173188323583 ], [ 129.109274587814866, 35.486399352385341 ], [ 129.108958812518665, 35.487739565224999 ], [ 129.108886830184588, 35.487899940778725 ], [ 129.108814726934213, 35.487970883700278 ], [ 129.108715746865812, 35.488008091795251 ], [ 129.108420816738061, 35.488072485209045 ], [ 129.108171301379883, 35.488158777128099 ], [ 129.107985758142547, 35.488251749274689 ], [ 129.10773014830005, 35.488419051371245 ], [ 129.107466410252812, 35.488665666414299 ], [ 129.107007034027987, 35.489177412574492 ], [ 129.106778445623291, 35.489484747326046 ], [ 129.106640604808888, 35.489770068852302 ], [ 129.106601611578697, 35.489925358917262 ], [ 129.106285833158807, 35.491368515124861 ], [ 129.10622843039198, 35.491636891419844 ], [ 129.10622240182812, 35.491761779261893 ], [ 129.10641495808639, 35.493758023928649 ], [ 129.106659594203762, 35.494586401662716 ], [ 129.106705250357862, 35.494780430930057 ], [ 129.106705511058664, 35.494962689182309 ], [ 129.106660283725461, 35.495092671747777 ], [ 129.106561383760408, 35.495204140783017 ], [ 129.105267580855696, 35.496465131375146 ], [ 129.104275114973774, 35.497110835907073 ], [ 129.104056928539819, 35.497252129580517 ], [ 129.104009444641719, 35.497282589804151 ], [ 129.102599197500808, 35.497672746222754 ], [ 129.102213234125685, 35.497640539994457 ], [ 129.101289736729257, 35.497272621773398 ], [ 129.100455797676318, 35.496619863792311 ], [ 129.099531902668019, 35.496479220794811 ], [ 129.099147695562181, 35.496609519954411 ], [ 129.098261044529067, 35.496931602206971 ], [ 129.097877463681016, 35.497155126057301 ], [ 129.09741444125649, 35.497485175438605 ], [ 129.097134708203384, 35.497725793670035 ], [ 129.096959829772089, 35.497939565954034 ], [ 129.096791820452751, 35.498146018393463 ], [ 129.094895751701699, 35.498116234012457 ], [ 129.094696348866847, 35.497744710500747 ], [ 129.096854396934447, 35.502599169341778 ], [ 129.096985292065568, 35.502919073036395 ], [ 129.097301979427499, 35.503731795844736 ], [ 129.096700637783158, 35.504314947308856 ], [ 129.09633528820811, 35.504662177114334 ], [ 129.096215702464093, 35.504815895166558 ], [ 129.095991182316254, 35.506572018827057 ], [ 129.095985008746908, 35.506815687711544 ], [ 129.096043581551271, 35.50708842781227 ], [ 129.096245027717146, 35.507734510918979 ], [ 129.096670642228304, 35.509069022084937 ], [ 129.096849323059502, 35.509606515634808 ], [ 129.096920729760825, 35.509775961953508 ], [ 129.098928183598218, 35.511471863484076 ], [ 129.099063924339248, 35.511572590218677 ], [ 129.099280638048072, 35.511624249850151 ], [ 129.099694810867589, 35.511711395231096 ], [ 129.100005428689713, 35.511718288255253 ], [ 129.100302301271142, 35.51167958202938 ], [ 129.100837625394746, 35.511595605105384 ], [ 129.101626331995448, 35.511282438628591 ], [ 129.10177592630572, 35.511200244476655 ], [ 129.101871813846003, 35.511117351638262 ], [ 129.101953592360672, 35.511010004900001 ], [ 129.102074910773894, 35.510844273071193 ], [ 129.102333608998833, 35.510656843135244 ], [ 129.102657485999174, 35.510511110655436 ], [ 129.102830091526386, 35.510498019945771 ], [ 129.103501119573508, 35.51046575565119 ], [ 129.103627949537582, 35.510488701577046 ], [ 129.103689654823626, 35.510530410937875 ], [ 129.103823642355792, 35.510636855193511 ], [ 129.107725802427524, 35.513944345249861 ], [ 129.111971054345162, 35.518010351833446 ], [ 129.115569905107691, 35.521844931390895 ], [ 129.115593025692476, 35.522006224262526 ], [ 129.115434188697634, 35.522408875993847 ], [ 129.115329520015393, 35.522524904601617 ], [ 129.115273240043365, 35.522579684675819 ], [ 129.11517047399866, 35.522666807450491 ], [ 129.115096148180982, 35.522706252185827 ], [ 129.115014472964248, 35.522706660874675 ], [ 129.114760633144044, 35.522597438688884 ], [ 129.115560503436427, 35.525152918410193 ], [ 129.119439717675505, 35.529918009346446 ], [ 129.119545270306162, 35.530006950146351 ], [ 129.122469385992076, 35.53221461672495 ], [ 129.126621847159953, 35.53508320636729 ], [ 129.126709698849936, 35.535121782899921 ], [ 129.127768402442882, 35.535388190780367 ], [ 129.128144653839001, 35.535397270321212 ], [ 129.128357846928139, 35.535395474934774 ], [ 129.128554625934186, 35.535380265908621 ], [ 129.128662632841554, 35.535350958294664 ], [ 129.13124255154213, 35.535542322481632 ], [ 129.135690302178176, 35.53697527483363 ], [ 129.135859260064422, 35.537054804875858 ], [ 129.13592880699494, 35.537108392031307 ], [ 129.135977129038281, 35.537158053327609 ], [ 129.136072272160334, 35.537525695621135 ], [ 129.136075329471481, 35.537623543743024 ], [ 129.136070757002983, 35.537772688649767 ], [ 129.136092394978789, 35.538015727053072 ], [ 129.136128489493217, 35.538255586958151 ], [ 129.13619085890565, 35.53863114580674 ], [ 129.136226731093046, 35.538739217441972 ], [ 129.136247072191765, 35.538788930170156 ], [ 129.137329422415775, 35.540453613015806 ], [ 129.137382618512163, 35.540530084294076 ], [ 129.137448354559979, 35.540612879951183 ], [ 129.138435812495942, 35.541471140296991 ], [ 129.138811622067607, 35.541401191746289 ], [ 129.138923720173722, 35.54139418025462 ], [ 129.140631400044555, 35.541845024754515 ], [ 129.140729561230586, 35.541881580746086 ], [ 129.141073274090388, 35.542096690569366 ], [ 129.141268307872025, 35.542236312524992 ], [ 129.141634440470966, 35.542451394960331 ], [ 129.141954218581134, 35.542590868667737 ], [ 129.142206637311631, 35.542684570898416 ], [ 129.142386098006682, 35.542731366684038 ], [ 129.142639785269637, 35.542751691340975 ], [ 129.142851398560168, 35.542745726457134 ], [ 129.143054575558324, 35.542729430911152 ], [ 129.143212902130671, 35.542712049629444 ], [ 129.143417413372219, 35.542660226258931 ], [ 129.143626086879607, 35.542585467372348 ], [ 129.143796920597651, 35.54249929215684 ], [ 129.143921482554788, 35.542409737595321 ], [ 129.14495709117395, 35.541600368392452 ], [ 129.146790500308214, 35.539485553181407 ], [ 129.146874353011327, 35.539354770613841 ], [ 129.147346656123347, 35.53860794957415 ], [ 129.147392754313245, 35.53852422459741 ], [ 129.147426242774742, 35.538448526135909 ], [ 129.147441512314458, 35.538368264181628 ], [ 129.150218146054755, 35.537609907982798 ], [ 129.150949792421898, 35.538227606112741 ], [ 129.151985233589727, 35.538847797992311 ], [ 129.152647741237558, 35.539099596569713 ], [ 129.153161729097093, 35.539289834205618 ], [ 129.15328033564802, 35.539319829390188 ], [ 129.155455319759341, 35.539863920796208 ], [ 129.155543164434647, 35.539882463725164 ], [ 129.155692457728719, 35.539900934459268 ], [ 129.155929548074141, 35.539916415014488 ], [ 129.156719794456137, 35.539915401550935 ], [ 129.164514943455771, 35.537354602422333 ], [ 129.164697421530434, 35.537276853196452 ], [ 129.166927307407605, 35.536319349379809 ], [ 129.167126910630799, 35.536224320668104 ], [ 129.167534730863906, 35.536014229035629 ], [ 129.168046472609319, 35.535745055756188 ], [ 129.168335766050092, 35.535552390736719 ], [ 129.16859536530211, 35.535417113254496 ], [ 129.168851521823399, 35.535313428627909 ], [ 129.169025242692612, 35.535254323483329 ], [ 129.16937456533347, 35.535207913826483 ], [ 129.169627443958376, 35.535217609026297 ], [ 129.169880367721589, 35.535247410092332 ], [ 129.17096147928828, 35.535398865106124 ], [ 129.171465254063321, 35.535514054340283 ], [ 129.175349527386601, 35.536426636913106 ], [ 129.175721198270821, 35.536524126334868 ], [ 129.176344775339487, 35.536748654199442 ], [ 129.176758600972107, 35.53694411216614 ], [ 129.177316427833176, 35.537232451367416 ], [ 129.177772313044386, 35.537489092179506 ], [ 129.178156361700957, 35.537762987647554 ], [ 129.179892097732079, 35.539676728772548 ], [ 129.180096469600642, 35.53997538189892 ], [ 129.18027092161671, 35.54028879057892 ], [ 129.180319300995393, 35.540494559192467 ], [ 129.180361963661738, 35.540815525566146 ], [ 129.180446436774702, 35.541089855945849 ], [ 129.180614865720429, 35.54138365120729 ], [ 129.181455835895832, 35.54234301593312 ], [ 129.181780002258506, 35.542616973439188 ], [ 129.181920897109023, 35.54269531944373 ], [ 129.184918886088326, 35.544091542624514 ], [ 129.185591701446185, 35.544369515329919 ], [ 129.187240003917083, 35.544924976588469 ], [ 129.187461872162146, 35.544996545368789 ], [ 129.187694209943061, 35.545027841652718 ], [ 129.187880715808291, 35.545016025888621 ], [ 129.189132234709348, 35.544821383380068 ], [ 129.191884865757515, 35.544689071633094 ], [ 129.193321620412775, 35.544696153017341 ], [ 129.193424309076192, 35.544591726571902 ], [ 129.193649863346621, 35.544360549262215 ], [ 129.194005281869408, 35.543979581635597 ], [ 129.194241345807683, 35.543725374630796 ], [ 129.194366669573213, 35.54352167691426 ], [ 129.194657469082955, 35.542983365680037 ], [ 129.194661569288684, 35.542857516984753 ], [ 129.194631456981369, 35.542775576100652 ], [ 129.194472582996553, 35.542560115739938 ], [ 129.193949997501193, 35.541462953784411 ], [ 129.193504264620884, 35.540487159726673 ], [ 129.19342289934383, 35.5403075268826 ], [ 129.193408688985869, 35.540252904155984 ], [ 129.19391173260729, 35.537965461055911 ], [ 129.193958806052251, 35.537787056654786 ], [ 129.194001753641544, 35.53771435747997 ], [ 129.194070153872332, 35.537623637785451 ], [ 129.194181598636447, 35.537506276874389 ], [ 129.194242188398306, 35.537458716933351 ], [ 129.196068162804465, 35.536220420070642 ], [ 129.196152627660524, 35.536228925149672 ], [ 129.196761216940757, 35.536872223844355 ], [ 129.19696244109997, 35.537146572233858 ], [ 129.198135457084845, 35.537663698086789 ], [ 129.19998185339017, 35.538160005155447 ], [ 129.203215252822645, 35.539455533029752 ], [ 129.203367943109015, 35.53952196810976 ], [ 129.204458095180144, 35.54003614679565 ], [ 129.204530944193095, 35.540093986971577 ], [ 129.204591439348093, 35.540176518058431 ], [ 129.204621732824734, 35.540227194043453 ], [ 129.205814016404219, 35.542321550509044 ] ] ] ] } }
]
}
