{
"type": "FeatureCollection",
"name": "bonghwagun",
"crs": { "type": "name", "properties": { "name": "urn:ogc:def:crs:OGC:1.3:CRS84" } },
"features": [
{ "type": "Feature", "properties": { "OBJECTID": 3068, "adm_nm": "경상북도 봉화군 봉화읍", "adm_cd": "3741011", "adm_cd2": "4792025000", "sgg": "47920", "sido": "47", "sidonm": "경상북도", "sggnm": "봉화군" }, "geometry": { "type": "MultiPolygon", "coordinates": [ [ [ [ 128.774260631308152, 36.936513537765833 ], [ 128.774968630766779, 36.935965878909236 ], [ 128.776603106464734, 36.93298785059185 ], [ 128.776685587879228, 36.932574566988407 ], [ 128.776365002631763, 36.931050695791136 ], [ 128.776230354274304, 36.930767585489953 ], [ 128.775663844779871, 36.929939569008717 ], [ 128.775611241514781, 36.929395493765703 ], [ 128.775993234093164, 36.928503963539988 ], [ 128.776511290170021, 36.927373462101372 ], [ 128.776677441252673, 36.926133424122021 ], [ 128.776957058141988, 36.923174514427515 ], [ 128.776985577350757, 36.922674020972686 ], [ 128.77652700983262, 36.922020407022323 ], [ 128.776068212847548, 36.92141020828263 ], [ 128.775777042112253, 36.919103075798439 ], [ 128.777355229913297, 36.915957417181104 ], [ 128.777799083106743, 36.913122685700273 ], [ 128.777994122215176, 36.912400325573294 ], [ 128.778084783139292, 36.912241743305863 ], [ 128.778282944118416, 36.911895124601529 ], [ 128.778317342988629, 36.911872403467122 ], [ 128.778318192227943, 36.911578651882721 ], [ 128.777859193266607, 36.911099034864385 ], [ 128.776479638334365, 36.910487214462755 ], [ 128.775397467563778, 36.910028129908859 ], [ 128.77209901253562, 36.908041578261333 ], [ 128.771726523966578, 36.904736935099841 ], [ 128.771261924948789, 36.901992961728105 ], [ 128.770211935868417, 36.899531613535821 ], [ 128.769931144440335, 36.89942015441369 ], [ 128.76852636542452, 36.898307638009292 ], [ 128.768445809636063, 36.898046342371046 ], [ 128.768537866370878, 36.89452138226229 ], [ 128.768566292618488, 36.894064395970574 ], [ 128.769360828042835, 36.89101945737859 ], [ 128.769470337482574, 36.890606237027242 ], [ 128.772051372923414, 36.887782367791672 ], [ 128.772567060624823, 36.887369931318638 ], [ 128.772919534904844, 36.887218246165311 ], [ 128.773921267282475, 36.887263690242776 ], [ 128.774490084057817, 36.887199522882916 ], [ 128.776251941092283, 36.886593563165789 ], [ 128.776604552041846, 36.886354916010355 ], [ 128.776336852662979, 36.885331574695869 ], [ 128.775874491384741, 36.885250142534154 ], [ 128.775469006110058, 36.885010045190697 ], [ 128.773009845998843, 36.883373285417974 ], [ 128.772496599282675, 36.882980586143702 ], [ 128.771310967077682, 36.881063374229576 ], [ 128.771176936546397, 36.880649616855294 ], [ 128.771666081454356, 36.880019524400389 ], [ 128.77172137348731, 36.87964972158548 ], [ 128.771425070813791, 36.879148603179175 ], [ 128.77080350089193, 36.878755687618302 ], [ 128.770099955111533, 36.878623756267316 ], [ 128.761383466688045, 36.878149523499587 ], [ 128.760976971767036, 36.878257455680341 ], [ 128.760461560628642, 36.878582874251023 ], [ 128.759621607139394, 36.878776990193465 ], [ 128.757969542971608, 36.87894769741203 ], [ 128.757564079147471, 36.878729262365354 ], [ 128.755555744888426, 36.876631153853602 ], [ 128.755412464240436, 36.876437668615559 ], [ 128.755369261594439, 36.876271325359916 ], [ 128.755697065479097, 36.873377875947803 ], [ 128.754641512485762, 36.869903318761409 ], [ 128.753920151417503, 36.86517199232938 ], [ 128.753880953247744, 36.86505963055437 ], [ 128.753839600853439, 36.864941134011573 ], [ 128.752797700932177, 36.862467985950737 ], [ 128.752685708196736, 36.862285363205253 ], [ 128.752498787443045, 36.862070425109749 ], [ 128.752274191158563, 36.861925052865772 ], [ 128.752074396280165, 36.861844163074799 ], [ 128.751893108607106, 36.86182773473589 ], [ 128.751617855618633, 36.861848622307249 ], [ 128.751451999101278, 36.861901920170688 ], [ 128.751286124519737, 36.861955225205413 ], [ 128.750566306275147, 36.862189723802352 ], [ 128.747312112326455, 36.862247565309481 ], [ 128.743232124461315, 36.860502581582821 ], [ 128.740101499924634, 36.859358355243089 ], [ 128.737512565696363, 36.858609345852415 ], [ 128.735426043726818, 36.857359048087531 ], [ 128.735260666436886, 36.857233647250162 ], [ 128.734434082840011, 36.856514983245567 ], [ 128.733589382331132, 36.855253968610356 ], [ 128.734694272090337, 36.853033360747688 ], [ 128.734772853406923, 36.852890941623528 ], [ 128.735336747837522, 36.852151113977897 ], [ 128.736499628329682, 36.85097010547269 ], [ 128.737050550281339, 36.850530499020905 ], [ 128.737144344400065, 36.850463191017795 ], [ 128.737211620033634, 36.850434392121983 ], [ 128.737358029848366, 36.850419293756723 ], [ 128.737571548819744, 36.850418796947061 ], [ 128.73784508763444, 36.850409763052745 ], [ 128.738046675350517, 36.850389000741693 ], [ 128.738164361881275, 36.850351628457233 ], [ 128.738388002397585, 36.850201655444337 ], [ 128.738703033538769, 36.849982403927363 ], [ 128.738772917193955, 36.849890917530836 ], [ 128.739058679920646, 36.849112132893815 ], [ 128.739080627890218, 36.849009928010581 ], [ 128.73917559352904, 36.847898895809529 ], [ 128.739156675634661, 36.84781780240538 ], [ 128.739066353795835, 36.847571648671313 ], [ 128.73899726417946, 36.847430648850697 ], [ 128.73802506496483, 36.845501160882336 ], [ 128.73770055415747, 36.844994006944788 ], [ 128.737604873783596, 36.844914699555169 ], [ 128.736637539442142, 36.844219382973883 ], [ 128.735545407048704, 36.845208084536061 ], [ 128.735326607477191, 36.845354262897629 ], [ 128.733455186731987, 36.846337845202022 ], [ 128.732422500782462, 36.84689441042957 ], [ 128.730154794133966, 36.850530414799117 ], [ 128.727145938354312, 36.856000293079944 ], [ 128.725570370569841, 36.860412308942465 ], [ 128.726251564021624, 36.861282972125082 ], [ 128.726682854332012, 36.861193714332892 ], [ 128.726768137116181, 36.861193918434594 ], [ 128.727314913961123, 36.861447894171967 ], [ 128.727391092327991, 36.861487779772823 ], [ 128.727547771460394, 36.861610880910334 ], [ 128.728579401732645, 36.862708069516493 ], [ 128.728619601971587, 36.862762306127713 ], [ 128.728605820909706, 36.862848927610493 ], [ 128.728346011283918, 36.86394947243388 ], [ 128.728269323094622, 36.864057607974637 ], [ 128.726558723410221, 36.866165072007533 ], [ 128.72643736635527, 36.866200885252468 ], [ 128.726187768493361, 36.866171452876657 ], [ 128.725985901919273, 36.866127652247442 ], [ 128.725461195770578, 36.865971209624121 ], [ 128.72469436594875, 36.865731137134269 ], [ 128.723168699310975, 36.866760122238603 ], [ 128.722966206639057, 36.866885992617284 ], [ 128.720387448574485, 36.867626818475649 ], [ 128.719956234737964, 36.867693006655301 ], [ 128.71990053289187, 36.867686922483756 ], [ 128.71731941197018, 36.86701874904935 ], [ 128.716390282419496, 36.866587668363806 ], [ 128.716186318688528, 36.866485611047494 ], [ 128.71607886489889, 36.866407672692873 ], [ 128.7160161828306, 36.866282033441486 ], [ 128.716005211313586, 36.866231231595862 ], [ 128.715983612458359, 36.866045943259607 ], [ 128.715962417444558, 36.865756094898721 ], [ 128.715921746446696, 36.865702204927189 ], [ 128.714734624064704, 36.864535737554498 ], [ 128.714686371750446, 36.864526682155258 ], [ 128.714357513049208, 36.864534446340208 ], [ 128.714119709052625, 36.864542820817533 ], [ 128.714011877267154, 36.864566465676198 ], [ 128.713018913899901, 36.864838922368506 ], [ 128.712628402658169, 36.864954506302723 ], [ 128.71247588111865, 36.86500491692027 ], [ 128.712178220374938, 36.865126689380055 ], [ 128.711634869861541, 36.865370347630105 ], [ 128.711447284949401, 36.86550803974481 ], [ 128.71130173840686, 36.86568096002545 ], [ 128.711227064161619, 36.865779374996393 ], [ 128.711122303007897, 36.865976318294841 ], [ 128.7110586243829, 36.866110601638354 ], [ 128.710881069350876, 36.866289939290709 ], [ 128.710697228381065, 36.866381593313648 ], [ 128.710447877658964, 36.866494504249488 ], [ 128.710351212819205, 36.866512200868776 ], [ 128.70665878624348, 36.867177765323014 ], [ 128.706387488592441, 36.867198001574529 ], [ 128.706290909073118, 36.867194771485586 ], [ 128.705547013286264, 36.867095096026262 ], [ 128.705428249473584, 36.867064919173124 ], [ 128.704758148801773, 36.866450800041846 ], [ 128.704687844523988, 36.866378914326631 ], [ 128.704565841729448, 36.866226233066506 ], [ 128.70363934773377, 36.865063931715 ], [ 128.703299766112536, 36.864495435712406 ], [ 128.703288904574919, 36.864423694505795 ], [ 128.70333045679925, 36.864247539002278 ], [ 128.703376022003312, 36.863975127519709 ], [ 128.703365363943504, 36.863846617218591 ], [ 128.703250557466532, 36.862912791994546 ], [ 128.703210417246424, 36.862724463468624 ], [ 128.703095811347538, 36.86258077831917 ], [ 128.701391624641701, 36.860749836971905 ], [ 128.701284089765949, 36.860698782012953 ], [ 128.701135644943548, 36.860659568473302 ], [ 128.70065901052655, 36.860580230089241 ], [ 128.700614425762126, 36.860580118923224 ], [ 128.700539927661993, 36.860630711252135 ], [ 128.700454101309248, 36.86072609805904 ], [ 128.700334426884581, 36.860928975254382 ], [ 128.700114249364674, 36.861185357149445 ], [ 128.699719034456905, 36.861545857909057 ], [ 128.699596086846213, 36.861638156513386 ], [ 128.699432340630693, 36.861709454703217 ], [ 128.694458957146196, 36.862299774947417 ], [ 128.692836597720742, 36.861944991052262 ], [ 128.692506487423543, 36.8618613016911 ], [ 128.687583468330757, 36.863381725144542 ], [ 128.687480403183628, 36.863402188483171 ], [ 128.686737897472398, 36.863410567017645 ], [ 128.686377465504165, 36.863395808426809 ], [ 128.686167483106601, 36.863319311458042 ], [ 128.682837033312467, 36.860913837393049 ], [ 128.68231625569021, 36.86033768749072 ], [ 128.682163384915526, 36.859955600548481 ], [ 128.682027266055968, 36.859525741499439 ], [ 128.682002167165336, 36.859446474133897 ], [ 128.681819618833629, 36.858652510216587 ], [ 128.681652617763575, 36.858089229874032 ], [ 128.681615897645969, 36.857965830415125 ], [ 128.681461269298836, 36.857498820832717 ], [ 128.67957202064045, 36.856456284222567 ], [ 128.678348640766757, 36.855909595282156 ], [ 128.677277151007075, 36.855596046284887 ], [ 128.677178634055878, 36.855550903184707 ], [ 128.677153032398536, 36.855519766012058 ], [ 128.677123379628966, 36.855426491421248 ], [ 128.677060121659224, 36.855164033860113 ], [ 128.677062767269064, 36.854500136346225 ], [ 128.677076339125733, 36.854334492016427 ], [ 128.677309844661607, 36.85391407228154 ], [ 128.677465399433345, 36.853659106776426 ], [ 128.677872862435805, 36.852802249617888 ], [ 128.678341158983983, 36.851678698468376 ], [ 128.678361941693936, 36.851618898311209 ], [ 128.678358439991513, 36.851535312683552 ], [ 128.677932578236891, 36.850291684462022 ], [ 128.677886517873674, 36.850258542601075 ], [ 128.677628966237194, 36.850176310528809 ], [ 128.677146945040022, 36.850075934663337 ], [ 128.676743001345841, 36.85002426237439 ], [ 128.675483205403651, 36.849380990303061 ], [ 128.67341603718873, 36.84792233578748 ], [ 128.673375196549785, 36.847868557755568 ], [ 128.673371583574664, 36.847815919379428 ], [ 128.673398036122251, 36.847628173448832 ], [ 128.67427618415482, 36.845087868457696 ], [ 128.674558736069116, 36.844718174727511 ], [ 128.674630900878384, 36.84464409653048 ], [ 128.674731179805207, 36.844294546296545 ], [ 128.674741903010357, 36.844185176453173 ], [ 128.674703602267726, 36.843841427037923 ], [ 128.674389606942356, 36.842257554848345 ], [ 128.674313100901372, 36.842145898128365 ], [ 128.674215854449017, 36.842087826127184 ], [ 128.673314140776057, 36.841742744914299 ], [ 128.672970791394732, 36.841630337879543 ], [ 128.672854537917431, 36.841609258815026 ], [ 128.672552578174503, 36.841656695474008 ], [ 128.672401208530545, 36.841698086868945 ], [ 128.670978961270805, 36.842231936556779 ], [ 128.670917394282725, 36.842262158074028 ], [ 128.669408915485235, 36.843417195814617 ], [ 128.669435477054748, 36.843524139616051 ], [ 128.669408143163025, 36.843594704358075 ], [ 128.669335762943433, 36.843668753602373 ], [ 128.669096341305817, 36.843834724177583 ], [ 128.668854774632422, 36.84397714340308 ], [ 128.668133998069408, 36.844386783837429 ], [ 128.667523865839058, 36.844701669147071 ], [ 128.667442014608184, 36.844681372780649 ], [ 128.667385870527909, 36.844644992366035 ], [ 128.66637250230346, 36.843609732113919 ], [ 128.664854477880112, 36.84212205335097 ], [ 128.664450766608184, 36.841749605246662 ], [ 128.664311676582031, 36.841631468995871 ], [ 128.664235348938604, 36.841578732066623 ], [ 128.664183646570649, 36.841556857218322 ], [ 128.66413409830102, 36.841556709674492 ], [ 128.664086659002578, 36.841590999821761 ], [ 128.662870903825308, 36.842554716241715 ], [ 128.662159515027156, 36.843527146698825 ], [ 128.661208725372319, 36.846683220963129 ], [ 128.659872002399368, 36.849506728663229 ], [ 128.656730568316647, 36.851964562950542 ], [ 128.65659063726207, 36.852031168980027 ], [ 128.655604448286425, 36.85247387877407 ], [ 128.655171305882504, 36.852631999279168 ], [ 128.649600720338128, 36.854234504413732 ], [ 128.647098552759843, 36.854829947002727 ], [ 128.64696951816336, 36.854773698288561 ], [ 128.646604406672253, 36.854619082434681 ], [ 128.646477369287908, 36.854572662760788 ], [ 128.646270699426509, 36.854549019892197 ], [ 128.64571697039608, 36.854595976261756 ], [ 128.645662798175238, 36.854603290599918 ], [ 128.645513241436163, 36.854623494129157 ], [ 128.645290300957413, 36.854679129790782 ], [ 128.643330950458505, 36.85563677978071 ], [ 128.643133095710198, 36.855769216671938 ], [ 128.64215026121903, 36.856757155869381 ], [ 128.642086279689266, 36.856831176450186 ], [ 128.642006133215574, 36.856963958654632 ], [ 128.641938512444909, 36.857128222230926 ], [ 128.641938114181613, 36.857212657902558 ], [ 128.641943962229135, 36.857322681490686 ], [ 128.643380469504848, 36.861466787755454 ], [ 128.644321400029327, 36.863403815801384 ], [ 128.644371960214926, 36.863475602446222 ], [ 128.644562076077477, 36.863642498108888 ], [ 128.64556819593605, 36.864443540188269 ], [ 128.645707784231547, 36.864528388555186 ], [ 128.648560205447012, 36.865984438779947 ], [ 128.650000499819015, 36.866675493684426 ], [ 128.650175622114062, 36.866752981661243 ], [ 128.650433642982307, 36.866846123085686 ], [ 128.652029077520353, 36.867050583480932 ], [ 128.65310728356269, 36.86710507419015 ], [ 128.654316957684557, 36.867962013562178 ], [ 128.655679302734256, 36.869154476168333 ], [ 128.655768249347886, 36.869244520250575 ], [ 128.655802865709234, 36.869352399776012 ], [ 128.655915898267068, 36.869707008866826 ], [ 128.655987683841403, 36.870066428760914 ], [ 128.655983816054231, 36.870215226220481 ], [ 128.655964249972811, 36.870310104349194 ], [ 128.655611132614069, 36.871607997046922 ], [ 128.655323496383119, 36.872631231218939 ], [ 128.654109934814045, 36.874393356314094 ], [ 128.653368379675584, 36.875371299364055 ], [ 128.653326673404734, 36.875419933215404 ], [ 128.653164750746555, 36.875517291232818 ], [ 128.652761692929658, 36.875734204296982 ], [ 128.652054615647813, 36.876142653320784 ], [ 128.651782585472262, 36.876316316727973 ], [ 128.650065456458293, 36.877934591946804 ], [ 128.650033807094303, 36.877969316806329 ], [ 128.650001914451281, 36.878057857302593 ], [ 128.649973936993746, 36.878149569821623 ], [ 128.649989188647567, 36.878257224573716 ], [ 128.650020177924404, 36.878364935238508 ], [ 128.650516930664679, 36.879814256046473 ], [ 128.650863155646732, 36.880515799457775 ], [ 128.650961101180684, 36.880620554597272 ], [ 128.651082719799035, 36.880712691351647 ], [ 128.651346035585277, 36.880808417351673 ], [ 128.651491278359572, 36.880900636658644 ], [ 128.651859983581375, 36.881196084088522 ], [ 128.651930439365231, 36.881288091228122 ], [ 128.651969339534872, 36.881389490460833 ], [ 128.651980701260555, 36.881484459190467 ], [ 128.651917170226255, 36.881604550628097 ], [ 128.651778196893645, 36.881777975086806 ], [ 128.651713102580771, 36.881800521110755 ], [ 128.65109916956996, 36.881754400244198 ], [ 128.64975530724746, 36.88163309042865 ], [ 128.649550840773713, 36.881578660283488 ], [ 128.649377884450331, 36.881521181099437 ], [ 128.648745275974392, 36.881259752059435 ], [ 128.648317069337025, 36.881062257343132 ], [ 128.64783780528137, 36.880839260321977 ], [ 128.647757099847553, 36.880773401364159 ], [ 128.64760130441843, 36.880602252748446 ], [ 128.647484519921534, 36.880460274521283 ], [ 128.64724597392123, 36.880270692922224 ], [ 128.646966560860164, 36.880135497976624 ], [ 128.646754621661671, 36.880054952728209 ], [ 128.64564218560966, 36.879645281791667 ], [ 128.644951904724564, 36.879468883795923 ], [ 128.644757727171083, 36.879457411059249 ], [ 128.644680838596742, 36.879478975254365 ], [ 128.644421465001528, 36.880102272280951 ], [ 128.644285363393976, 36.880225326607402 ], [ 128.643393057621182, 36.880752868976529 ], [ 128.642788548643722, 36.881047240255256 ], [ 128.642485381387729, 36.881158923361248 ], [ 128.642245378481135, 36.881288938958335 ], [ 128.642041450925831, 36.881426318016715 ], [ 128.640940728367411, 36.882361203920631 ], [ 128.638160345625096, 36.885048572824097 ], [ 128.638028533095252, 36.885218867823497 ], [ 128.637960194549436, 36.885342133963 ], [ 128.637919055818145, 36.885443709448644 ], [ 128.637362381366501, 36.88767785071331 ], [ 128.641014937721422, 36.891300280381991 ], [ 128.64111812149406, 36.891453126589695 ], [ 128.64117628287471, 36.891573139545571 ], [ 128.641248607817687, 36.892524889806481 ], [ 128.641239078721782, 36.892633806633334 ], [ 128.6417791827038, 36.894646912970934 ], [ 128.642795280287885, 36.896088380461094 ], [ 128.643601404400812, 36.897934129523605 ], [ 128.648026170327967, 36.905251244380977 ], [ 128.649109319561717, 36.90945526535107 ], [ 128.649130252224353, 36.909519331285011 ], [ 128.649578447786865, 36.910181998892455 ], [ 128.649705032846924, 36.910361577734591 ], [ 128.651045422136377, 36.910958584513772 ], [ 128.651294682940545, 36.911010520982835 ], [ 128.654463362678939, 36.911521341073531 ], [ 128.65460139229819, 36.911521750952936 ], [ 128.654787514326983, 36.911449766447902 ], [ 128.655039081139904, 36.910998228020119 ], [ 128.655075572194647, 36.91080497883241 ], [ 128.654976002453253, 36.910518827845323 ], [ 128.654918758823214, 36.910262666039969 ], [ 128.654925500050695, 36.909946952758858 ], [ 128.655059207946039, 36.909725483603204 ], [ 128.655171144125688, 36.909623411612543 ], [ 128.655362521483397, 36.909568495506143 ], [ 128.657423472087089, 36.909305677946868 ], [ 128.658572019276193, 36.909308007193715 ], [ 128.658667541433402, 36.909316807987565 ], [ 128.658884280536796, 36.909522248521824 ], [ 128.659090116793692, 36.909791637025613 ], [ 128.659126596008207, 36.909945337462837 ], [ 128.659131114527327, 36.910120283980874 ], [ 128.659167993647429, 36.910184379059537 ], [ 128.66632102355868, 36.917822024047389 ], [ 128.667283299977242, 36.918275128066156 ], [ 128.667511209362743, 36.918365364823529 ], [ 128.667829536099248, 36.918417459020418 ], [ 128.66798345668883, 36.918430683516988 ], [ 128.668132296828816, 36.918388453002422 ], [ 128.668323878333155, 36.918286589657384 ], [ 128.668473154468813, 36.918146196178398 ], [ 128.668547642188599, 36.918108020927107 ], [ 128.668606042640704, 36.918108178310405 ], [ 128.668706568535669, 36.918189538697263 ], [ 128.669482870697351, 36.919151696186695 ], [ 128.669493140896492, 36.919232791601019 ], [ 128.669417993150205, 36.919420315601187 ], [ 128.669332706943152, 36.91949686494447 ], [ 128.669066707178587, 36.91961986744171 ], [ 128.66842555564881, 36.919826630125151 ], [ 128.670349301539972, 36.920438648624639 ], [ 128.672108950139233, 36.920467758099029 ], [ 128.6769699141187, 36.9203698665495 ], [ 128.678498322267046, 36.920065550045862 ], [ 128.679404725019566, 36.919805919516428 ], [ 128.681772357015006, 36.918838716485105 ], [ 128.684899169167807, 36.917442178666683 ], [ 128.685617810904404, 36.917318061610146 ], [ 128.685712767422643, 36.917311685512132 ], [ 128.687657069808751, 36.917572254836351 ], [ 128.687875590116562, 36.917625897961578 ], [ 128.688932413853934, 36.918198756048007 ], [ 128.693573489946942, 36.920651999255504 ], [ 128.694489781134962, 36.920647756455367 ], [ 128.694559835410644, 36.920674458987946 ], [ 128.694588601227224, 36.920707691843056 ], [ 128.696040302260769, 36.924776562192832 ], [ 128.696191281994288, 36.9261411283493 ], [ 128.696128848223594, 36.926270315572864 ], [ 128.694933281435084, 36.927881696168576 ], [ 128.693829143390957, 36.930651393094521 ], [ 128.693828924192843, 36.930707456883169 ], [ 128.693850709632159, 36.930766529186847 ], [ 128.694160195243882, 36.931337558118422 ], [ 128.694254990988838, 36.931505983090688 ], [ 128.695578256472373, 36.932867617919619 ], [ 128.697070717027628, 36.934020241151686 ], [ 128.697187891268129, 36.934106123314912 ], [ 128.69764194984981, 36.934437742207869 ], [ 128.697682324413222, 36.934443749384904 ], [ 128.697752068668876, 36.934449829013921 ], [ 128.698883502350924, 36.934271384415958 ], [ 128.698970520214402, 36.934250485892214 ], [ 128.702250358374471, 36.933190416452916 ], [ 128.703208033893588, 36.93286355565786 ], [ 128.705340427755004, 36.932063562412026 ], [ 128.705392572905112, 36.932040450460086 ], [ 128.70546503699083, 36.931998818554682 ], [ 128.705520286600972, 36.931924587439937 ], [ 128.705590288700733, 36.931769077175296 ], [ 128.706257670917239, 36.928645665355546 ], [ 128.706455851498532, 36.926669653180284 ], [ 128.70645375986831, 36.926571413027482 ], [ 128.706519971467316, 36.926459977538471 ], [ 128.706659198067541, 36.926266391355718 ], [ 128.706925662601094, 36.925910966781402 ], [ 128.710742777977089, 36.921206540908166 ], [ 128.710975722764346, 36.920996125177339 ], [ 128.711198040643978, 36.920796379045441 ], [ 128.711352569693958, 36.920736342953191 ], [ 128.711744633294842, 36.92063237687772 ], [ 128.712085165818706, 36.920556926516994 ], [ 128.712365256921714, 36.920488061197723 ], [ 128.712480187290708, 36.920440654399819 ], [ 128.712563599919804, 36.920351839018529 ], [ 128.714029099271443, 36.918386774611456 ], [ 128.714767840592515, 36.917188673366134 ], [ 128.715092401677737, 36.91614966274976 ], [ 128.715112553206694, 36.916047980737034 ], [ 128.715077258256628, 36.915968414766354 ], [ 128.714939458215525, 36.915786865606385 ], [ 128.71468321522849, 36.915544624894231 ], [ 128.714640010742528, 36.915465027892665 ], [ 128.714577165397344, 36.915340893478472 ], [ 128.714259060143377, 36.913819595133937 ], [ 128.714255839372669, 36.913619275865038 ], [ 128.714260364348377, 36.913473057812105 ], [ 128.714349381916861, 36.912939144116329 ], [ 128.714412893280439, 36.912807023924053 ], [ 128.714460639408458, 36.912730831753557 ], [ 128.714814061682347, 36.912375620709291 ], [ 128.718827918531076, 36.909620402926578 ], [ 128.718891348075942, 36.909585585448617 ], [ 128.719128940881774, 36.909519375960116 ], [ 128.719208132178267, 36.909497315404714 ], [ 128.719283286250914, 36.909497496800228 ], [ 128.719520430098243, 36.909555280417102 ], [ 128.719670470484658, 36.909631948060479 ], [ 128.719808578715316, 36.909721286419142 ], [ 128.71987156574346, 36.909807290208121 ], [ 128.720304367251799, 36.910444165984181 ], [ 128.720386978087987, 36.91056835666592 ], [ 128.720555045602339, 36.911121941228338 ], [ 128.720589455497588, 36.911266005287182 ], [ 128.720573293773356, 36.911354997911758 ], [ 128.72054128841944, 36.911453483709934 ], [ 128.720493566680432, 36.911523309652701 ], [ 128.720366580887259, 36.911631108303816 ], [ 128.720259528543437, 36.911697611780326 ], [ 128.720184201509113, 36.911741952889145 ], [ 128.720164329457333, 36.911767326778211 ], [ 128.720164148704583, 36.911818201786332 ], [ 128.720262625674025, 36.911932883835327 ], [ 128.723504638868746, 36.914047076965367 ], [ 128.725652120276891, 36.914177897751799 ], [ 128.725695503221942, 36.914177986430524 ], [ 128.728404256793937, 36.913881372514233 ], [ 128.728498149458375, 36.913760895955534 ], [ 128.730649619664177, 36.910114515241041 ], [ 128.730054322895484, 36.907280527918275 ], [ 128.730054593026665, 36.907205424192853 ], [ 128.730104846401417, 36.90714919738236 ], [ 128.730235372915843, 36.907047565080596 ], [ 128.730372023443067, 36.906968451046218 ], [ 128.730431039121726, 36.906934287017563 ], [ 128.730466132026208, 36.906913973767033 ], [ 128.73069019232392, 36.906788398139717 ], [ 128.730810574820453, 36.906721620122568 ], [ 128.730967700760885, 36.906646885884037 ], [ 128.73117822150337, 36.90656956900807 ], [ 128.731405412287756, 36.906500341178599 ], [ 128.732348473950907, 36.906363237204921 ], [ 128.732451900050876, 36.90637420509487 ], [ 128.7333372652744, 36.906700459010672 ], [ 128.733403842469215, 36.906748908395237 ], [ 128.736081398328878, 36.909038629091441 ], [ 128.735462913378655, 36.910932447681326 ], [ 128.735335799596925, 36.911012626656053 ], [ 128.735302213029684, 36.911074243032928 ], [ 128.735278041902092, 36.911307561551737 ], [ 128.735267531937694, 36.91144970766176 ], [ 128.735321012987413, 36.912182717763528 ], [ 128.735330824778856, 36.912244435360606 ], [ 128.736695977017149, 36.91395375387966 ], [ 128.736789172445185, 36.9140237144751 ], [ 128.737045794009703, 36.914139611951946 ], [ 128.738185656712574, 36.914619611508066 ], [ 128.738515814881367, 36.914706188349506 ], [ 128.738736000283467, 36.914738864696112 ], [ 128.739085142899938, 36.914733891715258 ], [ 128.739205292176905, 36.914739538491638 ], [ 128.739355432717531, 36.914753270536245 ], [ 128.740351373305884, 36.915208276637976 ], [ 128.745070720650631, 36.917942707790978 ], [ 128.74511636376559, 36.917981216497495 ], [ 128.749152469492856, 36.922061998213259 ], [ 128.749286994567598, 36.922345147282563 ], [ 128.749150170437559, 36.922758262289278 ], [ 128.748688618154915, 36.923083759730929 ], [ 128.748199465518184, 36.923539652745262 ], [ 128.748099775241769, 36.923919042700298 ], [ 128.748467951268282, 36.924280117097894 ], [ 128.749738643509176, 36.925066215968606 ], [ 128.750469204509102, 36.925328874343911 ], [ 128.75174142150118, 36.925657952034499 ], [ 128.752716457018636, 36.925747036004495 ], [ 128.755648702921349, 36.923751183136496 ], [ 128.756491118017522, 36.922947729716526 ], [ 128.757387529181329, 36.922166246205741 ], [ 128.757957177859026, 36.92192800615878 ], [ 128.758282084493715, 36.92199400068489 ], [ 128.759092256854188, 36.922778974815131 ], [ 128.759928837539206, 36.923803493171107 ], [ 128.760172268368137, 36.923912752752976 ], [ 128.763015079243729, 36.924462486043204 ], [ 128.763039597569161, 36.925311267111397 ], [ 128.764408664155098, 36.929361420800717 ], [ 128.766272524620803, 36.931149534680927 ], [ 128.767219584465352, 36.93156482222836 ], [ 128.76765180379752, 36.931979079798914 ], [ 128.767948547084046, 36.932393175049867 ], [ 128.767888953889695, 36.934155672357186 ], [ 128.767833216610882, 36.934656023851574 ], [ 128.767669414952962, 36.935069128559292 ], [ 128.76720727014677, 36.935590472242588 ], [ 128.767125024846962, 36.935873172408307 ], [ 128.767340364465241, 36.936330619023437 ], [ 128.767421349369613, 36.936461346072939 ], [ 128.768125253426405, 36.93661502269839 ], [ 128.768369116836539, 36.936637309344775 ], [ 128.76942676275857, 36.936334715858429 ], [ 128.774260631308152, 36.936513537765833 ] ] ] ] } },
{ "type": "Feature", "properties": { "OBJECTID": 3069, "adm_nm": "경상북도 봉화군 물야면", "adm_cd": "3741031", "adm_cd2": "4792031000", "sgg": "47920", "sido": "47", "sidonm": "경상북도", "sggnm": "봉화군" }, "geometry": { "type": "MultiPolygon", "coordinates": [ [ [ [ 128.751365037608366, 37.028322557045676 ], [ 128.756074288921468, 37.028157770394138 ], [ 128.756467806619725, 37.02813884994675 ], [ 128.761655226376604, 37.0265466294533 ], [ 128.762030657436242, 37.0264142101285 ], [ 128.762819088474998, 37.025893079412072 ], [ 128.763053833782436, 37.025538439262647 ], [ 128.763436471096128, 37.025075601683412 ], [ 128.763695098793335, 37.024918352988699 ], [ 128.766003072824901, 37.024040165823372 ], [ 128.766384630253498, 37.023922535690183 ], [ 128.770989945705224, 37.023581415350044 ], [ 128.773147969304688, 37.023462307681882 ], [ 128.774353023322988, 37.023415245967023 ], [ 128.774586485349175, 37.023435421462452 ], [ 128.774992171472036, 37.023436197045953 ], [ 128.775349085780249, 37.023318569544962 ], [ 128.778284772494089, 37.022155259786693 ], [ 128.779731364358355, 37.02143306600918 ], [ 128.780064155812966, 37.021147604764124 ], [ 128.780101959147316, 37.020822208938242 ], [ 128.77993397398896, 37.019421268649168 ], [ 128.779537922073899, 37.018202367004434 ], [ 128.779208420509093, 37.017363290018622 ], [ 128.777765611894381, 37.016823008793168 ], [ 128.777336113273321, 37.016526279718462 ], [ 128.777250961807226, 37.016249935963103 ], [ 128.777361506505002, 37.014193634738191 ], [ 128.777352564878555, 37.010923816174859 ], [ 128.777298346353177, 37.010563721954085 ], [ 128.776145296191004, 37.007676490769526 ], [ 128.775986470303792, 37.007321066587835 ], [ 128.774423501283678, 37.005922332925003 ], [ 128.774018682448826, 37.005625727683551 ], [ 128.773724383825254, 37.005418004371506 ], [ 128.773515722323367, 37.005309116196742 ], [ 128.77313608685742, 37.004825054262177 ], [ 128.772555375802682, 37.00380302031941 ], [ 128.772445660036709, 37.003487161369804 ], [ 128.772373080475973, 37.003112260322368 ], [ 128.772533066980913, 37.00288388194793 ], [ 128.777644155184277, 36.998541628180547 ], [ 128.779110684830357, 36.997760977413606 ], [ 128.780468856954371, 36.996958407845248 ], [ 128.780768677964602, 36.996415000437231 ], [ 128.780934032578671, 36.99552304280509 ], [ 128.781098019513735, 36.995066413458517 ], [ 128.781939885284316, 36.994632757555202 ], [ 128.783404995815232, 36.994309094879782 ], [ 128.784463012185114, 36.994136952090372 ], [ 128.785601730074319, 36.994182552053772 ], [ 128.787362554412312, 36.994795039670208 ], [ 128.790261204665001, 36.995757619359104 ], [ 128.790640899508475, 36.995758295294031 ], [ 128.797266705549362, 36.992179478152806 ], [ 128.801421331058151, 36.989901681780211 ], [ 128.801856054478236, 36.989554321525105 ], [ 128.80462930700628, 36.986556015168482 ], [ 128.807347422138406, 36.983862228579326 ], [ 128.811069006388664, 36.980995890803797 ], [ 128.81082710002164, 36.980125069219014 ], [ 128.810638607916417, 36.979602497710758 ], [ 128.810126152411016, 36.978557234493486 ], [ 128.809666863028241, 36.977947182621968 ], [ 128.809017615912182, 36.97740205360175 ], [ 128.806065625874737, 36.976222232086386 ], [ 128.805686248816528, 36.97617809152986 ], [ 128.804656216202574, 36.976111057782362 ], [ 128.804032617158015, 36.97617533867696 ], [ 128.803517748991055, 36.976065653684401 ], [ 128.799835769174564, 36.974253420602736 ], [ 128.797997255119043, 36.97242234687139 ], [ 128.797484265497957, 36.97165988302762 ], [ 128.797025116987101, 36.97100625282453 ], [ 128.796538110668735, 36.970657226459657 ], [ 128.795861259009058, 36.970373223107927 ], [ 128.79212109113513, 36.970127353133741 ], [ 128.790684211504782, 36.970211858594688 ], [ 128.789871285082711, 36.970123375319062 ], [ 128.78908604187319, 36.969817303677736 ], [ 128.7838953547909, 36.96495531446768 ], [ 128.783950395663027, 36.964672482030359 ], [ 128.784849612333574, 36.962976849834618 ], [ 128.785338976147841, 36.962455470990456 ], [ 128.785991795159475, 36.961629750833382 ], [ 128.78612990563488, 36.960716135689793 ], [ 128.786240631940018, 36.959911204961749 ], [ 128.784306068688551, 36.953945327155743 ], [ 128.78266518051214, 36.949655506313732 ], [ 128.782072406882492, 36.948479311211493 ], [ 128.781883860241578, 36.948065543934973 ], [ 128.782020108989656, 36.947804659887645 ], [ 128.782834963036606, 36.947131532044558 ], [ 128.784059831240768, 36.945218887568238 ], [ 128.784142950651557, 36.944609718611893 ], [ 128.784062807132415, 36.944174336918579 ], [ 128.783657591443131, 36.943760196355591 ], [ 128.782953975026459, 36.943432529112449 ], [ 128.782330953463628, 36.943344330809367 ], [ 128.781409576492024, 36.943364352838124 ], [ 128.781003463967124, 36.943233025128791 ], [ 128.778518479677103, 36.940530086219759 ], [ 128.777032963333653, 36.93889525451285 ], [ 128.775440351792554, 36.936825055457874 ], [ 128.774260631308152, 36.936513537765833 ], [ 128.76942676275857, 36.936334715858429 ], [ 128.768369116836539, 36.936637309344775 ], [ 128.768125253426405, 36.93661502269839 ], [ 128.767421349369613, 36.936461346072939 ], [ 128.767340364465241, 36.936330619023437 ], [ 128.767125024846962, 36.935873172408307 ], [ 128.76720727014677, 36.935590472242588 ], [ 128.767669414952962, 36.935069128559292 ], [ 128.767833216610882, 36.934656023851574 ], [ 128.767888953889695, 36.934155672357186 ], [ 128.767948547084046, 36.932393175049867 ], [ 128.76765180379752, 36.931979079798914 ], [ 128.767219584465352, 36.93156482222836 ], [ 128.766272524620803, 36.931149534680927 ], [ 128.764408664155098, 36.929361420800717 ], [ 128.763039597569161, 36.925311267111397 ], [ 128.763015079243729, 36.924462486043204 ], [ 128.760172268368137, 36.923912752752976 ], [ 128.759928837539206, 36.923803493171107 ], [ 128.759092256854188, 36.922778974815131 ], [ 128.758282084493715, 36.92199400068489 ], [ 128.757957177859026, 36.92192800615878 ], [ 128.757387529181329, 36.922166246205741 ], [ 128.756491118017522, 36.922947729716526 ], [ 128.755648702921349, 36.923751183136496 ], [ 128.752716457018636, 36.925747036004495 ], [ 128.75174142150118, 36.925657952034499 ], [ 128.750469204509102, 36.925328874343911 ], [ 128.749738643509176, 36.925066215968606 ], [ 128.748467951268282, 36.924280117097894 ], [ 128.748099775241769, 36.923919042700298 ], [ 128.748199465518184, 36.923539652745262 ], [ 128.748688618154915, 36.923083759730929 ], [ 128.749150170437559, 36.922758262289278 ], [ 128.749286994567598, 36.922345147282563 ], [ 128.749152469492856, 36.922061998213259 ], [ 128.74511636376559, 36.917981216497495 ], [ 128.745070720650631, 36.917942707790978 ], [ 128.740351373305884, 36.915208276637976 ], [ 128.739355432717531, 36.914753270536245 ], [ 128.739205292176905, 36.914739538491638 ], [ 128.739085142899938, 36.914733891715258 ], [ 128.738736000283467, 36.914738864696112 ], [ 128.738515814881367, 36.914706188349506 ], [ 128.738185656712574, 36.914619611508066 ], [ 128.737045794009703, 36.914139611951946 ], [ 128.736789172445185, 36.9140237144751 ], [ 128.736695977017149, 36.91395375387966 ], [ 128.735330824778856, 36.912244435360606 ], [ 128.735321012987413, 36.912182717763528 ], [ 128.735267531937694, 36.91144970766176 ], [ 128.735278041902092, 36.911307561551737 ], [ 128.735302213029684, 36.911074243032928 ], [ 128.735335799596925, 36.911012626656053 ], [ 128.735462913378655, 36.910932447681326 ], [ 128.736081398328878, 36.909038629091441 ], [ 128.733403842469215, 36.906748908395237 ], [ 128.7333372652744, 36.906700459010672 ], [ 128.732451900050876, 36.90637420509487 ], [ 128.732348473950907, 36.906363237204921 ], [ 128.731405412287756, 36.906500341178599 ], [ 128.73117822150337, 36.90656956900807 ], [ 128.730967700760885, 36.906646885884037 ], [ 128.730810574820453, 36.906721620122568 ], [ 128.73069019232392, 36.906788398139717 ], [ 128.730466132026208, 36.906913973767033 ], [ 128.730431039121726, 36.906934287017563 ], [ 128.730372023443067, 36.906968451046218 ], [ 128.730235372915843, 36.907047565080596 ], [ 128.730104846401417, 36.90714919738236 ], [ 128.730054593026665, 36.907205424192853 ], [ 128.730054322895484, 36.907280527918275 ], [ 128.730649619664177, 36.910114515241041 ], [ 128.728498149458375, 36.913760895955534 ], [ 128.728404256793937, 36.913881372514233 ], [ 128.725695503221942, 36.914177986430524 ], [ 128.725652120276891, 36.914177897751799 ], [ 128.723504638868746, 36.914047076965367 ], [ 128.720262625674025, 36.911932883835327 ], [ 128.720164148704583, 36.911818201786332 ], [ 128.720164329457333, 36.911767326778211 ], [ 128.720184201509113, 36.911741952889145 ], [ 128.720259528543437, 36.911697611780326 ], [ 128.720366580887259, 36.911631108303816 ], [ 128.720493566680432, 36.911523309652701 ], [ 128.72054128841944, 36.911453483709934 ], [ 128.720573293773356, 36.911354997911758 ], [ 128.720589455497588, 36.911266005287182 ], [ 128.720555045602339, 36.911121941228338 ], [ 128.720386978087987, 36.91056835666592 ], [ 128.720304367251799, 36.910444165984181 ], [ 128.71987156574346, 36.909807290208121 ], [ 128.719808578715316, 36.909721286419142 ], [ 128.719670470484658, 36.909631948060479 ], [ 128.719520430098243, 36.909555280417102 ], [ 128.719283286250914, 36.909497496800228 ], [ 128.719208132178267, 36.909497315404714 ], [ 128.719128940881774, 36.909519375960116 ], [ 128.718891348075942, 36.909585585448617 ], [ 128.718827918531076, 36.909620402926578 ], [ 128.714814061682347, 36.912375620709291 ], [ 128.714460639408458, 36.912730831753557 ], [ 128.714412893280439, 36.912807023924053 ], [ 128.714349381916861, 36.912939144116329 ], [ 128.714260364348377, 36.913473057812105 ], [ 128.714255839372669, 36.913619275865038 ], [ 128.714259060143377, 36.913819595133937 ], [ 128.714577165397344, 36.915340893478472 ], [ 128.714640010742528, 36.915465027892665 ], [ 128.71468321522849, 36.915544624894231 ], [ 128.714939458215525, 36.915786865606385 ], [ 128.715077258256628, 36.915968414766354 ], [ 128.715112553206694, 36.916047980737034 ], [ 128.715092401677737, 36.91614966274976 ], [ 128.714767840592515, 36.917188673366134 ], [ 128.714029099271443, 36.918386774611456 ], [ 128.712563599919804, 36.920351839018529 ], [ 128.712480187290708, 36.920440654399819 ], [ 128.712365256921714, 36.920488061197723 ], [ 128.712085165818706, 36.920556926516994 ], [ 128.711744633294842, 36.92063237687772 ], [ 128.711352569693958, 36.920736342953191 ], [ 128.711198040643978, 36.920796379045441 ], [ 128.710975722764346, 36.920996125177339 ], [ 128.710742777977089, 36.921206540908166 ], [ 128.706925662601094, 36.925910966781402 ], [ 128.706659198067541, 36.926266391355718 ], [ 128.706519971467316, 36.926459977538471 ], [ 128.70645375986831, 36.926571413027482 ], [ 128.706455851498532, 36.926669653180284 ], [ 128.706257670917239, 36.928645665355546 ], [ 128.705590288700733, 36.931769077175296 ], [ 128.705520286600972, 36.931924587439937 ], [ 128.70546503699083, 36.931998818554682 ], [ 128.705392572905112, 36.932040450460086 ], [ 128.705340427755004, 36.932063562412026 ], [ 128.703208033893588, 36.93286355565786 ], [ 128.702250358374471, 36.933190416452916 ], [ 128.698970520214402, 36.934250485892214 ], [ 128.698883502350924, 36.934271384415958 ], [ 128.697752068668876, 36.934449829013921 ], [ 128.697682324413222, 36.934443749384904 ], [ 128.69764194984981, 36.934437742207869 ], [ 128.697187891268129, 36.934106123314912 ], [ 128.697070717027628, 36.934020241151686 ], [ 128.695578256472373, 36.932867617919619 ], [ 128.694254990988838, 36.931505983090688 ], [ 128.694160195243882, 36.931337558118422 ], [ 128.693850709632159, 36.930766529186847 ], [ 128.693828924192843, 36.930707456883169 ], [ 128.693829143390957, 36.930651393094521 ], [ 128.694933281435084, 36.927881696168576 ], [ 128.696128848223594, 36.926270315572864 ], [ 128.696191281994288, 36.9261411283493 ], [ 128.696040302260769, 36.924776562192832 ], [ 128.694588601227224, 36.920707691843056 ], [ 128.694559835410644, 36.920674458987946 ], [ 128.694489781134962, 36.920647756455367 ], [ 128.693573489946942, 36.920651999255504 ], [ 128.688932413853934, 36.918198756048007 ], [ 128.687875590116562, 36.917625897961578 ], [ 128.687657069808751, 36.917572254836351 ], [ 128.685712767422643, 36.917311685512132 ], [ 128.685617810904404, 36.917318061610146 ], [ 128.684899169167807, 36.917442178666683 ], [ 128.681772357015006, 36.918838716485105 ], [ 128.679404725019566, 36.919805919516428 ], [ 128.678498322267046, 36.920065550045862 ], [ 128.6769699141187, 36.9203698665495 ], [ 128.672108950139233, 36.920467758099029 ], [ 128.670349301539972, 36.920438648624639 ], [ 128.66842555564881, 36.919826630125151 ], [ 128.667135480797356, 36.91980166302988 ], [ 128.665424321454367, 36.921397393406949 ], [ 128.665729666393219, 36.921991312906137 ], [ 128.666287651255686, 36.923097953801502 ], [ 128.666392621875303, 36.923375578872317 ], [ 128.666392494390948, 36.923405458901946 ], [ 128.664673336175753, 36.924897155685819 ], [ 128.663204575392285, 36.925928092034688 ], [ 128.662348507045976, 36.92619443361297 ], [ 128.662284615759518, 36.926232656353548 ], [ 128.662146090865406, 36.92633893057981 ], [ 128.660111214807102, 36.928397683104713 ], [ 128.659887163339675, 36.928746442449544 ], [ 128.658852194638911, 36.930773663956963 ], [ 128.658826368029281, 36.930895469084547 ], [ 128.658957509720182, 36.932189542342876 ], [ 128.659007331445451, 36.932356254409939 ], [ 128.659072874181078, 36.932401136437512 ], [ 128.659244707817464, 36.932421956470037 ], [ 128.659497666677368, 36.932398298722447 ], [ 128.659770719383602, 36.932403148441168 ], [ 128.659871811758478, 36.932411577225707 ], [ 128.66067332814518, 36.932677434658594 ], [ 128.660738746661906, 36.932750766996854 ], [ 128.660952020103139, 36.933724948546697 ], [ 128.660956692178047, 36.93381028809786 ], [ 128.661731324209995, 36.938006462256034 ], [ 128.662478782397216, 36.93937651727795 ], [ 128.664279519418443, 36.941032887729889 ], [ 128.666502890492779, 36.942461146141184 ], [ 128.666583860858424, 36.942449191406858 ], [ 128.670441449709784, 36.943875722725863 ], [ 128.675150898847761, 36.945702126289333 ], [ 128.675293786288222, 36.94580164890408 ], [ 128.675381041935083, 36.945878638109633 ], [ 128.675471849376265, 36.946054772015898 ], [ 128.676082957858739, 36.947326572465954 ], [ 128.67624050494797, 36.947723540649335 ], [ 128.676507828688926, 36.948526975288054 ], [ 128.676620179361834, 36.94919331448682 ], [ 128.676437633849304, 36.950751045955656 ], [ 128.677151624492069, 36.952930904221802 ], [ 128.677226118102453, 36.953087362983929 ], [ 128.677335809659752, 36.95328296379126 ], [ 128.677415148422227, 36.953340003493508 ], [ 128.678164973022973, 36.953746856714368 ], [ 128.678293070470033, 36.953772066832066 ], [ 128.678390336104314, 36.953772331075641 ], [ 128.678492003514606, 36.953772604733331 ], [ 128.679292417437665, 36.953717972604302 ], [ 128.679558631112627, 36.953681780100723 ], [ 128.679629585663832, 36.953628739215972 ], [ 128.679820113607434, 36.953529812668158 ], [ 128.680165475635874, 36.953399361117292 ], [ 128.68028940381771, 36.953367719779571 ], [ 128.681328206341419, 36.953391841457638 ], [ 128.681447551026338, 36.953395717169933 ], [ 128.681518185380099, 36.953417218428228 ], [ 128.681610702325571, 36.953495586415201 ], [ 128.681684999889228, 36.953701753546838 ], [ 128.681715248685407, 36.953868726427181 ], [ 128.683633502053624, 36.957536556991144 ], [ 128.684667597792952, 36.959302071945778 ], [ 128.684786632250507, 36.959384054120797 ], [ 128.684989550255494, 36.95949467372229 ], [ 128.685082371733699, 36.95950203921165 ], [ 128.685264013979832, 36.95941019288604 ], [ 128.685357117929897, 36.95935006968498 ], [ 128.685419034219706, 36.959343135443476 ], [ 128.685525071700795, 36.959361162844068 ], [ 128.685829503369973, 36.959514681508054 ], [ 128.686226568262413, 36.959718140542925 ], [ 128.686257327787899, 36.959767929153422 ], [ 128.686389600717064, 36.961881957799484 ], [ 128.686498174610392, 36.963487916106899 ], [ 128.686867539322179, 36.968894697060342 ], [ 128.68703325623045, 36.969452649725099 ], [ 128.687072678757858, 36.969545073841921 ], [ 128.687165161200966, 36.969637652421547 ], [ 128.688705533293245, 36.971102072497217 ], [ 128.6904652502825, 36.972235902189205 ], [ 128.691905129106885, 36.973113688952488 ], [ 128.692011220428128, 36.973124623970122 ], [ 128.692117262153829, 36.973146205738566 ], [ 128.69229373193798, 36.97324965396048 ], [ 128.692985356189354, 36.973781989824019 ], [ 128.693016065815556, 36.973845985641617 ], [ 128.693292412797689, 36.976623911962257 ], [ 128.693287651310669, 36.976712682034112 ], [ 128.693202838842609, 36.976907782716864 ], [ 128.691359906281178, 36.978361026538927 ], [ 128.691299782773939, 36.978390506018499 ], [ 128.690990372290571, 36.978445303756573 ], [ 128.690178861289354, 36.979344764439361 ], [ 128.690479043068194, 36.981484525534221 ], [ 128.690871084201206, 36.982683919982428 ], [ 128.691284653086711, 36.983125975059956 ], [ 128.69148226758881, 36.983330293047374 ], [ 128.691719934907724, 36.986157019089767 ], [ 128.691929648262914, 36.988937468938673 ], [ 128.692038671493378, 36.991607238918853 ], [ 128.692965198044618, 36.993671213749074 ], [ 128.693168114949344, 36.993712522749966 ], [ 128.693306322664796, 36.993779572183762 ], [ 128.693412139481694, 36.993865071384427 ], [ 128.693646660158606, 36.994084323255549 ], [ 128.693788747156759, 36.994332963958904 ], [ 128.694109970522504, 36.995872615277001 ], [ 128.694188898375501, 36.997044388533439 ], [ 128.694201719887189, 36.998445133120143 ], [ 128.694074021765431, 36.999279505695441 ], [ 128.694055106444125, 36.99939431837857 ], [ 128.694022254275751, 36.999527654189933 ], [ 128.693928698864426, 36.999831260925987 ], [ 128.693355666785124, 37.001423905961467 ], [ 128.69313626645004, 37.002031063330136 ], [ 128.692944955285242, 37.00253452885525 ], [ 128.692814815832634, 37.002752828115312 ], [ 128.692789332223782, 37.003300518012587 ], [ 128.692810047644372, 37.003561697036986 ], [ 128.69285232473888, 37.00387514985696 ], [ 128.693025577757879, 37.004101911089997 ], [ 128.695905460349081, 37.007128750920586 ], [ 128.697680467644261, 37.008587901052245 ], [ 128.7003290700045, 37.011112167329074 ], [ 128.700520800479211, 37.011331516356506 ], [ 128.701318316351831, 37.012449879803874 ], [ 128.701445467262062, 37.012746198637785 ], [ 128.701412617658036, 37.01292632166308 ], [ 128.70115477505189, 37.013234654922265 ], [ 128.700670927197336, 37.01411891474779 ], [ 128.700557001184762, 37.014517704752762 ], [ 128.700604437352581, 37.014710842485258 ], [ 128.70103059298242, 37.016150921158413 ], [ 128.701099271877553, 37.018939826031293 ], [ 128.700981139264258, 37.020406909913405 ], [ 128.700427957640585, 37.022447247654746 ], [ 128.700099133198762, 37.024527694647887 ], [ 128.700081788692273, 37.024849435337821 ], [ 128.700739246883302, 37.029003228794821 ], [ 128.700834346642296, 37.029312343199734 ], [ 128.701994704319333, 37.031782495709834 ], [ 128.7022657028391, 37.032233717067939 ], [ 128.702713887195955, 37.032556705624266 ], [ 128.703001923822853, 37.032763319061175 ], [ 128.703448104075477, 37.032941321434187 ], [ 128.705578234814311, 37.03407937913137 ], [ 128.705737981250309, 37.034272884329333 ], [ 128.706022763376524, 37.034746386596311 ], [ 128.706609611401234, 37.036537096035616 ], [ 128.706848821857875, 37.036936764911694 ], [ 128.708268146399831, 37.038701159052515 ], [ 128.708937821012398, 37.03923019812747 ], [ 128.7121245345229, 37.04221469277006 ], [ 128.712476434974207, 37.042524516664081 ], [ 128.712957200189379, 37.042731587800603 ], [ 128.714111886459449, 37.043017592077206 ], [ 128.718602985210651, 37.043959720947129 ], [ 128.71911666328046, 37.043935176176376 ], [ 128.720160885772486, 37.043705986589778 ], [ 128.725774982110607, 37.042343870337582 ], [ 128.725878167662358, 37.042309700054403 ], [ 128.726160654356335, 37.042216102777203 ], [ 128.728115493874043, 37.041151591425091 ], [ 128.729194286436211, 37.041233096607932 ], [ 128.729365747759203, 37.041220604316933 ], [ 128.733682233794411, 37.040408113945851 ], [ 128.734276612950822, 37.040280681558514 ], [ 128.734698552825961, 37.040153454591334 ], [ 128.734742570127935, 37.0401401788586 ], [ 128.735219164054286, 37.039911563771454 ], [ 128.736200363771019, 37.039321691955458 ], [ 128.738365874043609, 37.0379267849287 ], [ 128.739234708106181, 37.037310844831033 ], [ 128.739990861452412, 37.036771872251805 ], [ 128.744296578284093, 37.033581872600237 ], [ 128.745424193142014, 37.032245767439314 ], [ 128.747746278050585, 37.029958517613395 ], [ 128.749386342866984, 37.028908671840398 ], [ 128.751018583419551, 37.028379766914455 ], [ 128.751365037608366, 37.028322557045676 ] ] ] ] } },
{ "type": "Feature", "properties": { "OBJECTID": 3070, "adm_nm": "경상북도 봉화군 봉성면", "adm_cd": "3741032", "adm_cd2": "4792032000", "sgg": "47920", "sido": "47", "sidonm": "경상북도", "sggnm": "봉화군" }, "geometry": { "type": "MultiPolygon", "coordinates": [ [ [ [ 128.851155971758232, 36.943309494291299 ], [ 128.851348835366537, 36.941273002325282 ], [ 128.851277859884931, 36.939508589000162 ], [ 128.851000337180125, 36.9386111200537 ], [ 128.850498292019324, 36.938296458759631 ], [ 128.849251406816251, 36.938055636020501 ], [ 128.848786256629751, 36.937875605884983 ], [ 128.848414872874628, 36.937396669010482 ], [ 128.847803675263066, 36.935825903031144 ], [ 128.847693185555158, 36.935227735598119 ], [ 128.848215841486478, 36.934540597311631 ], [ 128.848309884059518, 36.934047280767864 ], [ 128.847585314863636, 36.933328642367918 ], [ 128.845093341361434, 36.932009606792548 ], [ 128.844293593546581, 36.931634788252566 ], [ 128.843847166776669, 36.931484700912947 ], [ 128.84129211460575, 36.930389445402767 ], [ 128.838491409001051, 36.928830886133333 ], [ 128.838231112541735, 36.928681060010391 ], [ 128.838268860596344, 36.928396994984816 ], [ 128.838506626450311, 36.928086940546514 ], [ 128.838772856936572, 36.927739798176255 ], [ 128.840134540378074, 36.926455804496676 ], [ 128.841011456347701, 36.925485080305137 ], [ 128.841104632781025, 36.925040494483014 ], [ 128.84043934986201, 36.923106975512695 ], [ 128.839901184747077, 36.922373567680317 ], [ 128.838563156025771, 36.921325127254114 ], [ 128.837337121209998, 36.920202027536128 ], [ 128.837040263866356, 36.919738101909381 ], [ 128.836522433660718, 36.918182379113631 ], [ 128.836523143574112, 36.917853475012208 ], [ 128.836933060671242, 36.917659676866734 ], [ 128.837659142639211, 36.917555994543513 ], [ 128.839634216197823, 36.916571816537903 ], [ 128.839951012454605, 36.916362934300246 ], [ 128.841928448884886, 36.914212558269007 ], [ 128.84226568544878, 36.913121508842224 ], [ 128.842266579479741, 36.912687908315803 ], [ 128.842081590909544, 36.912179245837059 ], [ 128.841561643802891, 36.911610430337561 ], [ 128.84113411936417, 36.911340687579212 ], [ 128.840427294738618, 36.911175286013098 ], [ 128.839683031017273, 36.911099485717749 ], [ 128.838882945132809, 36.910993679925078 ], [ 128.83785966124384, 36.910842793173366 ], [ 128.837208553618979, 36.910707375722474 ], [ 128.836892370353837, 36.91058726348205 ], [ 128.836613823511726, 36.910287894290704 ], [ 128.836539694290025, 36.910168129050064 ], [ 128.836098252463131, 36.90777520072632 ], [ 128.83468304597082, 36.899594482061737 ], [ 128.837124304036223, 36.897938177518967 ], [ 128.836698075511748, 36.897100270538417 ], [ 128.835419783900363, 36.894496878968233 ], [ 128.835358173508212, 36.89374221291385 ], [ 128.835236427666388, 36.893270510080811 ], [ 128.834272006907781, 36.891803887055715 ], [ 128.833844882143353, 36.891414461823231 ], [ 128.832728707225925, 36.891338178422906 ], [ 128.831038753896706, 36.88987041621931 ], [ 128.830928212524583, 36.889391777360323 ], [ 128.830952326979542, 36.889344645694209 ], [ 128.831238623252773, 36.888785194998491 ], [ 128.831264638299473, 36.888734379619159 ], [ 128.831600422477862, 36.888316220058819 ], [ 128.831770388732167, 36.887195033886456 ], [ 128.831847505968256, 36.885954167480143 ], [ 128.831662885242565, 36.885340903636724 ], [ 128.831014592330064, 36.884039038642129 ], [ 128.830255942852745, 36.882139100147064 ], [ 128.830052610478276, 36.881570644523102 ], [ 128.83022231962255, 36.880569068851834 ], [ 128.830986928482616, 36.879732853107051 ], [ 128.831974932587229, 36.878807230588919 ], [ 128.832014190078297, 36.878553805648778 ], [ 128.832613151196796, 36.872798839668384 ], [ 128.83262105063028, 36.872571779307194 ], [ 128.832570362199476, 36.872314356312387 ], [ 128.832376361844211, 36.871941465456132 ], [ 128.832314144729793, 36.87182188739768 ], [ 128.832174861764912, 36.871619840355102 ], [ 128.829330103733241, 36.868486087550728 ], [ 128.829183198759864, 36.868384948408327 ], [ 128.829029005155746, 36.868327964276482 ], [ 128.82848502751591, 36.868245164826618 ], [ 128.828168594612634, 36.868320395228999 ], [ 128.826433223088344, 36.86942800403537 ], [ 128.824820785908258, 36.871139874122889 ], [ 128.824496777916323, 36.871334918738299 ], [ 128.823856183451625, 36.871706114163892 ], [ 128.823355598332398, 36.871913507731584 ], [ 128.822589828964198, 36.872143776365945 ], [ 128.817534904762198, 36.8676486259276 ], [ 128.816234551190121, 36.866967453056361 ], [ 128.813831134506444, 36.86272102317001 ], [ 128.812639341146308, 36.860419534941833 ], [ 128.812588626008051, 36.860110382184189 ], [ 128.812545963230633, 36.859538757196894 ], [ 128.812605840650093, 36.859084692977632 ], [ 128.81272413117162, 36.858819960243707 ], [ 128.812923149968242, 36.858643659575186 ], [ 128.813224933834874, 36.858498963648792 ], [ 128.813607465972552, 36.858392346399427 ], [ 128.818318395077426, 36.857273776348116 ], [ 128.818627146531213, 36.857261642718299 ], [ 128.818877163484018, 36.857274638430141 ], [ 128.819060855081375, 36.857319071347177 ], [ 128.819692405844989, 36.857597581326772 ], [ 128.820050379123472, 36.857723738677812 ], [ 128.820366261454723, 36.857818839818414 ], [ 128.820550022897834, 36.857831744181205 ], [ 128.820675158789925, 36.857787767191986 ], [ 128.820829791224014, 36.857693395074669 ], [ 128.82092553089214, 36.857605238053232 ], [ 128.824123888892132, 36.852691221295167 ], [ 128.8258192130601, 36.847223360877003 ], [ 128.823993069775213, 36.847629646538472 ], [ 128.823644713359926, 36.847629144743713 ], [ 128.820585399387113, 36.847197497003151 ], [ 128.819938875630442, 36.847025740922689 ], [ 128.819043943473446, 36.846736107689956 ], [ 128.818372950058375, 36.846393559735141 ], [ 128.817341874908522, 36.845751454997988 ], [ 128.816404314178328, 36.845115547296132 ], [ 128.816156032894071, 36.844901683342762 ], [ 128.815958005806095, 36.844495701632873 ], [ 128.815759674341649, 36.84421784600989 ], [ 128.815474079464337, 36.84400394289694 ], [ 128.813189123168712, 36.842648068859788 ], [ 128.813055353630773, 36.84265380304182 ], [ 128.806118011717217, 36.847766327220441 ], [ 128.805744053753926, 36.848085972762483 ], [ 128.805332710174099, 36.848605498466881 ], [ 128.804945459717146, 36.849213365822315 ], [ 128.804694743992172, 36.849960153271518 ], [ 128.804543744081627, 36.850598505265779 ], [ 128.804518986144899, 36.850916747473185 ], [ 128.804553327082999, 36.851719299280525 ], [ 128.804460253717593, 36.852727841837293 ], [ 128.804313530120538, 36.853053342852164 ], [ 128.804063958418567, 36.853351824193112 ], [ 128.803864516286723, 36.853468895649428 ], [ 128.803665342902832, 36.853521916711074 ], [ 128.803453886459266, 36.853510837541819 ], [ 128.802695542111451, 36.853306837187581 ], [ 128.801511462171618, 36.853005228298017 ], [ 128.80082767346849, 36.852850419930775 ], [ 128.800585152641645, 36.852795516058421 ], [ 128.799652418178368, 36.852644528993025 ], [ 128.799101508692445, 36.852609095576824 ], [ 128.798752996015537, 36.852661930631442 ], [ 128.798416769022197, 36.852810754827622 ], [ 128.797993052694977, 36.853060884619012 ], [ 128.797506506076445, 36.853577843444455 ], [ 128.797281602789241, 36.853945726859983 ], [ 128.797237514533805, 36.854121816073608 ], [ 128.797236976896471, 36.854324546739086 ], [ 128.797254505575353, 36.854562214062049 ], [ 128.797890120334898, 36.858641741417934 ], [ 128.798951446196554, 36.861292697773642 ], [ 128.79903672156783, 36.861415206805376 ], [ 128.799081596876249, 36.861479715223226 ], [ 128.799087021911674, 36.861764377951424 ], [ 128.799061420476562, 36.862031149937735 ], [ 128.797705277456998, 36.865163837127398 ], [ 128.797618565882772, 36.865252443138431 ], [ 128.797506394770977, 36.865305609163023 ], [ 128.797350737553018, 36.865348026517147 ], [ 128.791600769516634, 36.866044289382721 ], [ 128.791445300905366, 36.866012026025409 ], [ 128.791171863415912, 36.865899458660259 ], [ 128.790923566780918, 36.865696181128087 ], [ 128.790372458629804, 36.865093274274592 ], [ 128.790112025625319, 36.864777873748494 ], [ 128.789313001924285, 36.863881838010464 ], [ 128.788055453712531, 36.862616982081327 ], [ 128.787683101767243, 36.86226938214773 ], [ 128.787420255295018, 36.862107555871695 ], [ 128.787323143599622, 36.862047768777202 ], [ 128.787161416934879, 36.861948201395862 ], [ 128.786875705485784, 36.861776840442893 ], [ 128.786403256089557, 36.861615868848048 ], [ 128.786179405467578, 36.861583471505696 ], [ 128.785681604777494, 36.86162527174627 ], [ 128.785335684857159, 36.861655827445368 ], [ 128.784719486575597, 36.86176679755787 ], [ 128.782093235141645, 36.862678027049341 ], [ 128.781881354990645, 36.862805779437167 ], [ 128.781775307526345, 36.862912366333859 ], [ 128.780426710454236, 36.864690611263207 ], [ 128.780170809026913, 36.86507210846014 ], [ 128.77938297563594, 36.866436969514154 ], [ 128.779188896861683, 36.866842262080162 ], [ 128.779113068153833, 36.867351250471792 ], [ 128.779136073546624, 36.867965112870039 ], [ 128.779208494863099, 36.868749836261131 ], [ 128.779239315957739, 36.868872713161771 ], [ 128.779305695047299, 36.868992054164664 ], [ 128.77944840015283, 36.869131085620324 ], [ 128.779634791427043, 36.869248861116098 ], [ 128.78141741333198, 36.870319613911015 ], [ 128.781597671552618, 36.870389317684875 ], [ 128.781862119700406, 36.870468473725552 ], [ 128.782322250631779, 36.870560074413874 ], [ 128.784789587192222, 36.871017023244264 ], [ 128.789486303102166, 36.872635555696576 ], [ 128.78967263568947, 36.872742681116641 ], [ 128.78980285885828, 36.872897644912442 ], [ 128.789864640594317, 36.87306859232438 ], [ 128.789913047610668, 36.873535808446952 ], [ 128.789930198942415, 36.874064233383884 ], [ 128.791908516444835, 36.877902881782752 ], [ 128.793379384692827, 36.880364191436264 ], [ 128.793560461726116, 36.883498061881099 ], [ 128.793423709952265, 36.883998301954364 ], [ 128.792961564753028, 36.884693838970072 ], [ 128.792690300733511, 36.884867450038612 ], [ 128.791958010013531, 36.885323101313141 ], [ 128.790897156362149, 36.887083867050208 ], [ 128.79073364710257, 36.887475277119592 ], [ 128.790813427048022, 36.887997683117362 ], [ 128.791082258389281, 36.888672721454931 ], [ 128.791297025641086, 36.889347657115877 ], [ 128.791241711670807, 36.889804608548133 ], [ 128.791118991443682, 36.889964055959325 ], [ 128.791024306612513, 36.89008704815096 ], [ 128.79067205010449, 36.89017349095257 ], [ 128.790022181443419, 36.890172320129977 ], [ 128.787370823033228, 36.88929713410645 ], [ 128.784368801581564, 36.888007803974268 ], [ 128.783665939967506, 36.887593108388799 ], [ 128.783154155554229, 36.886656477350357 ], [ 128.782643361627294, 36.885415618105249 ], [ 128.78265220691469, 36.885066470264718 ], [ 128.782842542091686, 36.884800179942786 ], [ 128.782930208253333, 36.884546422243588 ], [ 128.782836009692772, 36.884262222954533 ], [ 128.781900941071171, 36.882649068420491 ], [ 128.78167637139083, 36.882649736013697 ], [ 128.779862144239985, 36.88271169640602 ], [ 128.779184570624153, 36.882927962174961 ], [ 128.778099836538331, 36.883513516365426 ], [ 128.777529710145387, 36.88403473238408 ], [ 128.776336852662979, 36.885331574695869 ], [ 128.776604552041846, 36.886354916010355 ], [ 128.776251941092283, 36.886593563165789 ], [ 128.774490084057817, 36.887199522882916 ], [ 128.773921267282475, 36.887263690242776 ], [ 128.772919534904844, 36.887218246165311 ], [ 128.772567060624823, 36.887369931318638 ], [ 128.772051372923414, 36.887782367791672 ], [ 128.769470337482574, 36.890606237027242 ], [ 128.769360828042835, 36.89101945737859 ], [ 128.768566292618488, 36.894064395970574 ], [ 128.768537866370878, 36.89452138226229 ], [ 128.768445809636063, 36.898046342371046 ], [ 128.76852636542452, 36.898307638009292 ], [ 128.769931144440335, 36.89942015441369 ], [ 128.770211935868417, 36.899531613535821 ], [ 128.771261924948789, 36.901992961728105 ], [ 128.771726523966578, 36.904736935099841 ], [ 128.77209901253562, 36.908041578261333 ], [ 128.775397467563778, 36.910028129908859 ], [ 128.776479638334365, 36.910487214462755 ], [ 128.777859193266607, 36.911099034864385 ], [ 128.778318192227943, 36.911578651882721 ], [ 128.778317342988629, 36.911872403467122 ], [ 128.778282944118416, 36.911895124601529 ], [ 128.778084783139292, 36.912241743305863 ], [ 128.777994122215176, 36.912400325573294 ], [ 128.777799083106743, 36.913122685700273 ], [ 128.777355229913297, 36.915957417181104 ], [ 128.775777042112253, 36.919103075798439 ], [ 128.776068212847548, 36.92141020828263 ], [ 128.77652700983262, 36.922020407022323 ], [ 128.776985577350757, 36.922674020972686 ], [ 128.776957058141988, 36.923174514427515 ], [ 128.776677441252673, 36.926133424122021 ], [ 128.776511290170021, 36.927373462101372 ], [ 128.775993234093164, 36.928503963539988 ], [ 128.775611241514781, 36.929395493765703 ], [ 128.775663844779871, 36.929939569008717 ], [ 128.776230354274304, 36.930767585489953 ], [ 128.776365002631763, 36.931050695791136 ], [ 128.776685587879228, 36.932574566988407 ], [ 128.776603106464734, 36.93298785059185 ], [ 128.774968630766779, 36.935965878909236 ], [ 128.774260631308152, 36.936513537765833 ], [ 128.775440351792554, 36.936825055457874 ], [ 128.777032963333653, 36.93889525451285 ], [ 128.778518479677103, 36.940530086219759 ], [ 128.781003463967124, 36.943233025128791 ], [ 128.781409576492024, 36.943364352838124 ], [ 128.782330953463628, 36.943344330809367 ], [ 128.782953975026459, 36.943432529112449 ], [ 128.783657591443131, 36.943760196355591 ], [ 128.784062807132415, 36.944174336918579 ], [ 128.784142950651557, 36.944609718611893 ], [ 128.784059831240768, 36.945218887568238 ], [ 128.782834963036606, 36.947131532044558 ], [ 128.782020108989656, 36.947804659887645 ], [ 128.781883860241578, 36.948065543934973 ], [ 128.782072406882492, 36.948479311211493 ], [ 128.78266518051214, 36.949655506313732 ], [ 128.784306068688551, 36.953945327155743 ], [ 128.786240631940018, 36.959911204961749 ], [ 128.78612990563488, 36.960716135689793 ], [ 128.785991795159475, 36.961629750833382 ], [ 128.785338976147841, 36.962455470990456 ], [ 128.784849612333574, 36.962976849834618 ], [ 128.783950395663027, 36.964672482030359 ], [ 128.7838953547909, 36.96495531446768 ], [ 128.78908604187319, 36.969817303677736 ], [ 128.789871285082711, 36.970123375319062 ], [ 128.790684211504782, 36.970211858594688 ], [ 128.79212109113513, 36.970127353133741 ], [ 128.795861259009058, 36.970373223107927 ], [ 128.796538110668735, 36.970657226459657 ], [ 128.797025116987101, 36.97100625282453 ], [ 128.797484265497957, 36.97165988302762 ], [ 128.797997255119043, 36.97242234687139 ], [ 128.799835769174564, 36.974253420602736 ], [ 128.803517748991055, 36.976065653684401 ], [ 128.804032617158015, 36.97617533867696 ], [ 128.804656216202574, 36.976111057782362 ], [ 128.805686248816528, 36.97617809152986 ], [ 128.806065625874737, 36.976222232086386 ], [ 128.809017615912182, 36.97740205360175 ], [ 128.809666863028241, 36.977947182621968 ], [ 128.810126152411016, 36.978557234493486 ], [ 128.810638607916417, 36.979602497710758 ], [ 128.81082710002164, 36.980125069219014 ], [ 128.811069006388664, 36.980995890803797 ], [ 128.812329324732445, 36.980504448647679 ], [ 128.815024264028068, 36.979453487317336 ], [ 128.816069133099859, 36.978707487379744 ], [ 128.816498499938092, 36.978334403454227 ], [ 128.820396595853083, 36.97626208441595 ], [ 128.82386906305635, 36.972888182898082 ], [ 128.824354774525489, 36.972260947345653 ], [ 128.824431026568845, 36.971483614548454 ], [ 128.82472997091449, 36.971095334662657 ], [ 128.825364000352124, 36.970767288895082 ], [ 128.825735690602897, 36.97070548270451 ], [ 128.827413596688217, 36.970426459173495 ], [ 128.828718236692765, 36.970054510038139 ], [ 128.829557167157532, 36.969681963894828 ], [ 128.831048967825836, 36.968921519283249 ], [ 128.831608597924742, 36.968548565609808 ], [ 128.832168405590664, 36.96804096192416 ], [ 128.833081921202279, 36.967638575639022 ], [ 128.833436096438902, 36.967489603872416 ], [ 128.834852138341319, 36.967237388152739 ], [ 128.835336561184619, 36.967193209807625 ], [ 128.836304909003445, 36.967239427856576 ], [ 128.83727376469227, 36.967046412493978 ], [ 128.838466668972558, 36.966629425187072 ], [ 128.8410390821482, 36.965571246930807 ], [ 128.845962065237927, 36.962572527159217 ], [ 128.84622328393371, 36.962333632111147 ], [ 128.846205393467727, 36.962044513893524 ], [ 128.84620358657412, 36.962015321583699 ], [ 128.846187191230683, 36.961750502000456 ], [ 128.846113468819397, 36.961391510010948 ], [ 128.845928044514579, 36.960972605910619 ], [ 128.845314847548678, 36.960313933165324 ], [ 128.844665039184179, 36.959326302193297 ], [ 128.844276055394516, 36.958309002074678 ], [ 128.844140749168304, 36.951655227688804 ], [ 128.844179101041988, 36.951131941195385 ], [ 128.84442210179742, 36.950668754653094 ], [ 128.845186795116661, 36.950056744419399 ], [ 128.845783357862899, 36.949698730587684 ], [ 128.849623285391402, 36.947625341069411 ], [ 128.849272029283156, 36.946368955361692 ], [ 128.849478669504379, 36.945487055561152 ], [ 128.851155971758232, 36.943309494291299 ] ] ] ] } },
{ "type": "Feature", "properties": { "OBJECTID": 3071, "adm_nm": "경상북도 봉화군 법전면", "adm_cd": "3741033", "adm_cd2": "4792033000", "sgg": "47920", "sido": "47", "sidonm": "경상북도", "sggnm": "봉화군" }, "geometry": { "type": "MultiPolygon", "coordinates": [ [ [ [ 128.980465687127264, 36.873504627867014 ], [ 128.980079202025792, 36.872506183537411 ], [ 128.979680066977636, 36.871581495403213 ], [ 128.979197025609039, 36.870747343520037 ], [ 128.978552594095135, 36.870027616685917 ], [ 128.977859109863488, 36.869409862509777 ], [ 128.977505429647749, 36.869251277116796 ], [ 128.977192647593142, 36.869212934468798 ], [ 128.976750536319656, 36.869234732021795 ], [ 128.976140133219047, 36.869442312342898 ], [ 128.97506775672494, 36.869998421161235 ], [ 128.974135701325196, 36.870796213129438 ], [ 128.973627088449831, 36.871432805193699 ], [ 128.973177944011354, 36.872219723411206 ], [ 128.972741555156176, 36.873398420868106 ], [ 128.972660530474258, 36.873806696557551 ], [ 128.972648909975817, 36.873992302717255 ], [ 128.972648766007552, 36.874391247195028 ], [ 128.972751461775431, 36.875092663347125 ], [ 128.972912732127355, 36.87602056531653 ], [ 128.973016461501459, 36.876679379912787 ], [ 128.972987567415032, 36.876878880367386 ], [ 128.97292974792947, 36.877013403033295 ], [ 128.972588975010524, 36.877370500920662 ], [ 128.970589386586141, 36.879135345171626 ], [ 128.969822304625069, 36.879604528631113 ], [ 128.969414850562771, 36.879757868437615 ], [ 128.968875635842039, 36.879811868931988 ], [ 128.967953108369926, 36.879694296612911 ], [ 128.967126554008331, 36.879179536026989 ], [ 128.966683498888301, 36.878421130468816 ], [ 128.966733202933739, 36.877901402437637 ], [ 128.966994194626409, 36.87746183942923 ], [ 128.967145506240456, 36.876922554150141 ], [ 128.967221158848446, 36.876558455587741 ], [ 128.967305614519915, 36.875576199244726 ], [ 128.967314306975169, 36.874942372367357 ], [ 128.967248070585441, 36.873798412440806 ], [ 128.96702688450182, 36.87256935348946 ], [ 128.96667153625711, 36.871910997670916 ], [ 128.965936586812091, 36.870930029056048 ], [ 128.962883679651526, 36.873502595037046 ], [ 128.962132586731315, 36.873860884392215 ], [ 128.961321366669324, 36.87422097485662 ], [ 128.960834626660017, 36.874381823244924 ], [ 128.95977064301573, 36.874654749060277 ], [ 128.958587281738488, 36.874983946466791 ], [ 128.957814219160696, 36.87525969664879 ], [ 128.957380029769013, 36.875488235138249 ], [ 128.957065043396938, 36.875741135789681 ], [ 128.956454020584943, 36.876254631771666 ], [ 128.955804941365614, 36.876821703817015 ], [ 128.955537608644732, 36.877097588567239 ], [ 128.955489759086106, 36.877204885432938 ], [ 128.955461041340897, 36.877388898695393 ], [ 128.955403230385002, 36.877813601315268 ], [ 128.955390972601947, 36.877903762309586 ], [ 128.955176232009961, 36.878186080573641 ], [ 128.952670120957663, 36.880759257151453 ], [ 128.950720996228227, 36.882282703093253 ], [ 128.950084640438121, 36.882633496692549 ], [ 128.949574052792485, 36.882928567927664 ], [ 128.949381562207805, 36.883112380152838 ], [ 128.947523474463765, 36.885265166745079 ], [ 128.947079308942364, 36.885819419158231 ], [ 128.946812448540442, 36.886605043809993 ], [ 128.946752691222372, 36.887326619705497 ], [ 128.946915138754377, 36.887794708773313 ], [ 128.946914641031185, 36.888491262614345 ], [ 128.946870099367999, 36.888658395209951 ], [ 128.946492515406277, 36.889101198339816 ], [ 128.94551556737693, 36.889819628531292 ], [ 128.944775597162703, 36.89014241671272 ], [ 128.943665829003663, 36.890367612504555 ], [ 128.942881455825926, 36.890640248506415 ], [ 128.942518837211622, 36.890840651464039 ], [ 128.942311583096597, 36.891041130449324 ], [ 128.942052745762339, 36.891520032115196 ], [ 128.942058372218497, 36.89322813987598 ], [ 128.942220599386701, 36.893816091374582 ], [ 128.942464149066836, 36.89456286328118 ], [ 128.942508186164162, 36.895050463774005 ], [ 128.942404365004734, 36.89541824016878 ], [ 128.941996923285529, 36.896097818649558 ], [ 128.941293734553994, 36.896629558992991 ], [ 128.939835438657099, 36.89763181754526 ], [ 128.936594870784944, 36.897853028485812 ], [ 128.93636556600066, 36.897825063343198 ], [ 128.936165786054801, 36.897785920670586 ], [ 128.935818296722431, 36.897546145808974 ], [ 128.935589160781745, 36.897328657698857 ], [ 128.934761147760071, 36.896709692192118 ], [ 128.933733025438926, 36.896444460236523 ], [ 128.932956353299829, 36.896276866086104 ], [ 128.932098304870294, 36.896167695451318 ], [ 128.931484279622168, 36.896172824450232 ], [ 128.930707356376246, 36.896278241004872 ], [ 128.930337583344681, 36.896155470285237 ], [ 128.930034379364287, 36.895976961602067 ], [ 128.929938410079558, 36.895784711360612 ], [ 128.92994631336191, 36.895249723054157 ], [ 128.929393422384919, 36.893123628725874 ], [ 128.928065030815986, 36.889824001218386 ], [ 128.925599484105874, 36.884503749233502 ], [ 128.925200648786301, 36.883985291850401 ], [ 128.924860653410207, 36.883650742169777 ], [ 128.92173475675483, 36.880812419289768 ], [ 128.92142432658909, 36.880656128984661 ], [ 128.920633078165707, 36.88044944691859 ], [ 128.920159633026771, 36.880538317912503 ], [ 128.919930127194164, 36.880747117027049 ], [ 128.919552494806425, 36.881136848024227 ], [ 128.919255915356388, 36.881760757045981 ], [ 128.919144477036753, 36.882234388431876 ], [ 128.919512482328173, 36.883945265898767 ], [ 128.919651814774909, 36.885087694363101 ], [ 128.919636413001399, 36.885642123982187 ], [ 128.919390978477963, 36.88688453718931 ], [ 128.919176047772766, 36.887196440170889 ], [ 128.916103396462887, 36.889793759333699 ], [ 128.915933162053733, 36.889838151481577 ], [ 128.913959044237544, 36.888986977545144 ], [ 128.913559779386645, 36.8888139408866 ], [ 128.91309417923469, 36.888465332763346 ], [ 128.912584104149119, 36.888158490718418 ], [ 128.912290069266987, 36.888152776911078 ], [ 128.911984979684206, 36.888146862048067 ], [ 128.909587259785724, 36.888972510711106 ], [ 128.90945395413209, 36.889095029896765 ], [ 128.909394364439891, 36.889384692242643 ], [ 128.909053207864559, 36.89014504599713 ], [ 128.908445737892293, 36.89088013563314 ], [ 128.907090708569456, 36.891854225885403 ], [ 128.906594769109802, 36.892093438768306 ], [ 128.906452937325696, 36.892093305252402 ], [ 128.906313946929856, 36.891937141910617 ], [ 128.906321723343069, 36.891639066194926 ], [ 128.906484856481285, 36.891265861698848 ], [ 128.906618964544492, 36.890502569276549 ], [ 128.906671269434355, 36.890112522758656 ], [ 128.906530881593426, 36.889973103105262 ], [ 128.906301780203393, 36.889816940108936 ], [ 128.906027892820305, 36.889936474649836 ], [ 128.905835288664576, 36.890114657935079 ], [ 128.903516926968109, 36.892478221575018 ], [ 128.903220157553108, 36.893118742733485 ], [ 128.902916736383219, 36.893249424801908 ], [ 128.902576341590276, 36.893265896607183 ], [ 128.902258417346872, 36.893170926518557 ], [ 128.899567836701067, 36.891477481490853 ], [ 128.899021089393415, 36.891025662182876 ], [ 128.89826007912086, 36.890325654869258 ], [ 128.896597965457943, 36.888607977210143 ], [ 128.896037075806191, 36.887618349119869 ], [ 128.895933877843902, 36.887373075349892 ], [ 128.894456927397556, 36.885608143466492 ], [ 128.894006222266881, 36.885270625745036 ], [ 128.893732720688433, 36.885125483524853 ], [ 128.893496064212968, 36.885097420318367 ], [ 128.892992952939579, 36.885186184394925 ], [ 128.89028386682844, 36.886378896749683 ], [ 128.889573210930223, 36.886771093447756 ], [ 128.888788285187815, 36.887316416141964 ], [ 128.888462407189451, 36.887616978169689 ], [ 128.88807700290667, 36.888118150355425 ], [ 128.887802713265302, 36.888505089739652 ], [ 128.886099968585256, 36.88937834059206 ], [ 128.884953103006723, 36.889619607235645 ], [ 128.883784268633207, 36.889624023675189 ], [ 128.883236575488326, 36.889782263445795 ], [ 128.88294766633453, 36.890027162104161 ], [ 128.882939866463033, 36.890283514133081 ], [ 128.883198543196499, 36.890434170084077 ], [ 128.883553424126092, 36.890629610910615 ], [ 128.883967278410438, 36.890841758621811 ], [ 128.884166720697152, 36.891075969488803 ], [ 128.884262451436825, 36.891340731247027 ], [ 128.884600837544497, 36.892572580847705 ], [ 128.884452266809063, 36.892959636392568 ], [ 128.882359014417233, 36.897549159457853 ], [ 128.881855414524864, 36.897882963802225 ], [ 128.877598520203804, 36.89970068973367 ], [ 128.876347993554475, 36.899833103998162 ], [ 128.874612436049148, 36.89798411298748 ], [ 128.874509071727488, 36.89780568179259 ], [ 128.874509801778828, 36.897368281448244 ], [ 128.874778691804011, 36.89583339952722 ], [ 128.875151604935894, 36.89399772444996 ], [ 128.875874003694776, 36.891106516812798 ], [ 128.873905726712678, 36.886936328540898 ], [ 128.873307568674164, 36.886345012313129 ], [ 128.87273676542253, 36.886107412084641 ], [ 128.872019579470077, 36.88639075278882 ], [ 128.869392740009431, 36.888466236168085 ], [ 128.867268599428684, 36.890198273145423 ], [ 128.866932864508698, 36.890691331942087 ], [ 128.865015111275568, 36.891436694272038 ], [ 128.860529732811699, 36.892119255632146 ], [ 128.859823365146298, 36.891714740564282 ], [ 128.858987460621876, 36.890995999060706 ], [ 128.857371239453329, 36.889678289955228 ], [ 128.857055142903249, 36.88954337734824 ], [ 128.855177471647778, 36.88876352569789 ], [ 128.851847936949497, 36.888310810133227 ], [ 128.850638380963488, 36.888384057458453 ], [ 128.84993121081547, 36.888487796864403 ], [ 128.849837685006548, 36.888696986685581 ], [ 128.849371016174956, 36.88948891314773 ], [ 128.848737171036476, 36.890116062536492 ], [ 128.842873067829601, 36.891678347030343 ], [ 128.835358173508212, 36.89374221291385 ], [ 128.835419783900363, 36.894496878968233 ], [ 128.836698075511748, 36.897100270538417 ], [ 128.837124304036223, 36.897938177518967 ], [ 128.83468304597082, 36.899594482061737 ], [ 128.836098252463131, 36.90777520072632 ], [ 128.836539694290025, 36.910168129050064 ], [ 128.836613823511726, 36.910287894290704 ], [ 128.836892370353837, 36.91058726348205 ], [ 128.837208553618979, 36.910707375722474 ], [ 128.83785966124384, 36.910842793173366 ], [ 128.838882945132809, 36.910993679925078 ], [ 128.839683031017273, 36.911099485717749 ], [ 128.840427294738618, 36.911175286013098 ], [ 128.84113411936417, 36.911340687579212 ], [ 128.841561643802891, 36.911610430337561 ], [ 128.842081590909544, 36.912179245837059 ], [ 128.842266579479741, 36.912687908315803 ], [ 128.84226568544878, 36.913121508842224 ], [ 128.841928448884886, 36.914212558269007 ], [ 128.839951012454605, 36.916362934300246 ], [ 128.839634216197823, 36.916571816537903 ], [ 128.837659142639211, 36.917555994543513 ], [ 128.836933060671242, 36.917659676866734 ], [ 128.836523143574112, 36.917853475012208 ], [ 128.836522433660718, 36.918182379113631 ], [ 128.837040263866356, 36.919738101909381 ], [ 128.837337121209998, 36.920202027536128 ], [ 128.838563156025771, 36.921325127254114 ], [ 128.839901184747077, 36.922373567680317 ], [ 128.84043934986201, 36.923106975512695 ], [ 128.841104632781025, 36.925040494483014 ], [ 128.841011456347701, 36.925485080305137 ], [ 128.840134540378074, 36.926455804496676 ], [ 128.838772856936572, 36.927739798176255 ], [ 128.838506626450311, 36.928086940546514 ], [ 128.838268860596344, 36.928396994984816 ], [ 128.838231112541735, 36.928681060010391 ], [ 128.838491409001051, 36.928830886133333 ], [ 128.84129211460575, 36.930389445402767 ], [ 128.843847166776669, 36.931484700912947 ], [ 128.844293593546581, 36.931634788252566 ], [ 128.845093341361434, 36.932009606792548 ], [ 128.847585314863636, 36.933328642367918 ], [ 128.848309884059518, 36.934047280767864 ], [ 128.848215841486478, 36.934540597311631 ], [ 128.847693185555158, 36.935227735598119 ], [ 128.847803675263066, 36.935825903031144 ], [ 128.848414872874628, 36.937396669010482 ], [ 128.848786256629751, 36.937875605884983 ], [ 128.849251406816251, 36.938055636020501 ], [ 128.850498292019324, 36.938296458759631 ], [ 128.851000337180125, 36.9386111200537 ], [ 128.851277859884931, 36.939508589000162 ], [ 128.851348835366537, 36.941273002325282 ], [ 128.851155971758232, 36.943309494291299 ], [ 128.853031280387171, 36.943678666030465 ], [ 128.853720071360527, 36.943701689656017 ], [ 128.85435415220087, 36.943514435386575 ], [ 128.854836943319953, 36.943238389148185 ], [ 128.855361398075729, 36.942730111347728 ], [ 128.855789611206802, 36.942166363974039 ], [ 128.855899973302712, 36.942044761364713 ], [ 128.860243294901665, 36.940147109989525 ], [ 128.861276084547143, 36.940369536612209 ], [ 128.862061162568551, 36.94051436647775 ], [ 128.864802853602384, 36.940428978883617 ], [ 128.865423359871244, 36.940142071521983 ], [ 128.8662644461848, 36.939722582905482 ], [ 128.866871178672881, 36.939402482656661 ], [ 128.867379721290661, 36.939190109059602 ], [ 128.867505327329212, 36.939137657143561 ], [ 128.868579867892578, 36.939183103218625 ], [ 128.870866197550157, 36.939484343967791 ], [ 128.875311404830342, 36.939880950013446 ], [ 128.875728844504607, 36.939907970205319 ], [ 128.878850610826248, 36.939104410304651 ], [ 128.883379744344637, 36.938746770148434 ], [ 128.886266865030905, 36.938629757764403 ], [ 128.887561595622742, 36.938708227935059 ], [ 128.888439248194373, 36.938597233187522 ], [ 128.88939993112885, 36.938327126354942 ], [ 128.889663972921227, 36.938111095130459 ], [ 128.892527733719902, 36.934510574548611 ], [ 128.893053081151976, 36.933304687524362 ], [ 128.893967820726488, 36.931838197761216 ], [ 128.894754869497945, 36.930629828560477 ], [ 128.895506273144662, 36.929621177735861 ], [ 128.897234264354154, 36.928341813462133 ], [ 128.899697420090405, 36.927531723468491 ], [ 128.900171435334642, 36.927500138302108 ], [ 128.900440075704495, 36.927628241219509 ], [ 128.903592444272647, 36.93003829886851 ], [ 128.906630173747345, 36.927928884260083 ], [ 128.911797791075799, 36.925397698428647 ], [ 128.912548191731787, 36.925004133574163 ], [ 128.914169472168737, 36.923964030385427 ], [ 128.914417468982151, 36.923602055812673 ], [ 128.914842830395486, 36.922806091827994 ], [ 128.91480125671751, 36.922049776034719 ], [ 128.914498146372296, 36.921056190416145 ], [ 128.914202828105971, 36.919519430748679 ], [ 128.914274292789969, 36.918848354689636 ], [ 128.914345502575799, 36.918395707141734 ], [ 128.914735190993525, 36.917860663552581 ], [ 128.916603730060501, 36.916935321123624 ], [ 128.919669664686808, 36.914173210204865 ], [ 128.921482306397451, 36.912467431015031 ], [ 128.921587636617744, 36.912451110196933 ], [ 128.921927993841337, 36.912398422137898 ], [ 128.922182296748048, 36.912702167010266 ], [ 128.922513798676306, 36.913666471162259 ], [ 128.922852231379323, 36.914665357227101 ], [ 128.923190735231856, 36.915714809420862 ], [ 128.923501126122261, 36.916495294584323 ], [ 128.92389653447637, 36.917214609772827 ], [ 128.924377035941461, 36.9178087329215 ], [ 128.924701966195755, 36.91820841112051 ], [ 128.92517806076259, 36.918586672342492 ], [ 128.928660607176226, 36.921111050639752 ], [ 128.929352790186272, 36.92233910386345 ], [ 128.930567698758466, 36.924379813875341 ], [ 128.930765516037042, 36.924683510094262 ], [ 128.931154132784968, 36.925099143592867 ], [ 128.932497077064255, 36.926524719525879 ], [ 128.932850634604534, 36.92675922411955 ], [ 128.933529603109292, 36.926940730172191 ], [ 128.934293452073575, 36.927250052430551 ], [ 128.934625732263953, 36.927428649347497 ], [ 128.937445953587684, 36.930615293443793 ], [ 128.937481044093857, 36.930929521201527 ], [ 128.937183201041222, 36.931802862610112 ], [ 128.937005683219638, 36.932551116638933 ], [ 128.937069102414313, 36.932806786411327 ], [ 128.938348323463629, 36.934503861901156 ], [ 128.938602853189224, 36.934695753841751 ], [ 128.939034168388815, 36.935034151197378 ], [ 128.939133155525923, 36.935188644895092 ], [ 128.939825520324035, 36.936435302173173 ], [ 128.939924324558774, 36.936826871926876 ], [ 128.939725756520033, 36.937364719315646 ], [ 128.939463592675594, 36.937843971976541 ], [ 128.939180204947689, 36.938203271521587 ], [ 128.939088120729451, 36.938389643037084 ], [ 128.941026564333612, 36.938742156305366 ], [ 128.942767377959484, 36.938495420945046 ], [ 128.94365933553928, 36.938056387999339 ], [ 128.943864672408694, 36.937870133213927 ], [ 128.94424694699191, 36.9376519025314 ], [ 128.944706883839132, 36.937593565746788 ], [ 128.947905001474112, 36.937682906866627 ], [ 128.949334165032241, 36.937899262799874 ], [ 128.950423782867944, 36.93809949095904 ], [ 128.950791525703096, 36.938280687432808 ], [ 128.952149015240423, 36.939988278552647 ], [ 128.952184111860475, 36.940409100541075 ], [ 128.952098809548374, 36.941085502145583 ], [ 128.951956934211353, 36.941556808860526 ], [ 128.952013287987882, 36.94191898908764 ], [ 128.952621165059156, 36.942992413814345 ], [ 128.95310206829302, 36.943354862989544 ], [ 128.953554892813429, 36.943600048494261 ], [ 128.954389630573871, 36.944037040140124 ], [ 128.956132555245375, 36.947522027861396 ], [ 128.957956108281991, 36.946565897582673 ], [ 128.962019583135884, 36.944529396623793 ], [ 128.963922488521547, 36.943723988169694 ], [ 128.966010197975692, 36.943037373204263 ], [ 128.969239498694918, 36.941671801813548 ], [ 128.972425579637843, 36.939401886290163 ], [ 128.972751796624237, 36.939091070727905 ], [ 128.973578530708295, 36.937610157959206 ], [ 128.974851008657055, 36.93569168695678 ], [ 128.977264939850414, 36.933585198935603 ], [ 128.977743347442839, 36.933192519610159 ], [ 128.978352158867921, 36.932824451193127 ], [ 128.981841732284181, 36.931184476168724 ], [ 128.984091980735514, 36.930206945992744 ], [ 128.984526855967772, 36.929945164860364 ], [ 128.986353226929367, 36.92834571973134 ], [ 128.987538278136753, 36.926909791106183 ], [ 128.98758175587227, 36.92669704085057 ], [ 128.987440578132265, 36.925976960495142 ], [ 128.987462403545067, 36.925715111660139 ], [ 128.988027783580463, 36.924115488335943 ], [ 128.989071813933293, 36.921164176784494 ], [ 128.989455508683335, 36.920487211519344 ], [ 128.989851291178212, 36.920071966465926 ], [ 128.990330766994049, 36.919715444245014 ], [ 128.990606561035861, 36.919417651770303 ], [ 128.989719958677114, 36.915847375541965 ], [ 128.989348450762861, 36.915513386287053 ], [ 128.988197753898163, 36.914813645134437 ], [ 128.985776587223938, 36.913387116477203 ], [ 128.9855248086904, 36.913242632005648 ], [ 128.984757705104755, 36.913161349300381 ], [ 128.983990479347653, 36.913138621627432 ], [ 128.983594941442192, 36.913057368338521 ], [ 128.983223344127595, 36.912786461891265 ], [ 128.982923824913144, 36.912398295431771 ], [ 128.982708154615011, 36.911892750487645 ], [ 128.982756210467358, 36.911333089315988 ], [ 128.982684514296182, 36.910385241976002 ], [ 128.982265344541418, 36.908818976835747 ], [ 128.980935214868595, 36.907536947636402 ], [ 128.980084327875801, 36.906783046899314 ], [ 128.979485139307002, 36.906358703562965 ], [ 128.979209626005826, 36.905789969581534 ], [ 128.97991754807552, 36.903312190542991 ], [ 128.980253419896144, 36.902310328008774 ], [ 128.982471726973586, 36.898302733109055 ], [ 128.983778408790215, 36.89711133749789 ], [ 128.985672338795524, 36.895455213617034 ], [ 128.986906932442452, 36.894615831773898 ], [ 128.9872904447964, 36.894376715346048 ], [ 128.988033501610289, 36.894205226168332 ], [ 128.988980249717144, 36.894268596748738 ], [ 128.989220009564008, 36.894196361438617 ], [ 128.989435787833713, 36.893979762222834 ], [ 128.99040658662409, 36.892977828512926 ], [ 128.990782687340783, 36.89122020688167 ], [ 128.990853442586825, 36.88740215791092 ], [ 128.990642414069356, 36.88581534426342 ], [ 128.990168508199162, 36.885005375983418 ], [ 128.990126092151115, 36.883370284488826 ], [ 128.990321799824244, 36.882185597438223 ], [ 128.991137567556905, 36.880899667841327 ], [ 128.992362381022787, 36.880106678236366 ], [ 128.99274076855599, 36.879418764757119 ], [ 128.992504999063129, 36.879059208023214 ], [ 128.987924224928292, 36.87704570370996 ], [ 128.984957306754126, 36.876141051791706 ], [ 128.982611676962534, 36.875180536300405 ], [ 128.981174892598631, 36.874341159431459 ], [ 128.980465687127264, 36.873504627867014 ] ] ] ] } },
{ "type": "Feature", "properties": { "OBJECTID": 3072, "adm_nm": "경상북도 봉화군 춘양면", "adm_cd": "3741034", "adm_cd2": "4792034000", "sgg": "47920", "sido": "47", "sidonm": "경상북도", "sggnm": "봉화군" }, "geometry": { "type": "MultiPolygon", "coordinates": [ [ [ [ 128.895733807899887, 37.044897260598461 ], [ 128.895647470722935, 37.04465821573924 ], [ 128.895485608221207, 37.044078948680912 ], [ 128.895725891941112, 37.043145286704679 ], [ 128.896052736282655, 37.042117925605496 ], [ 128.896709789929503, 37.041266184274555 ], [ 128.897575228545861, 37.040500226983752 ], [ 128.898338638175858, 37.040027817687573 ], [ 128.898985207737297, 37.039339240320551 ], [ 128.899963587273021, 37.037790344252521 ], [ 128.900193041698202, 37.037248182385028 ], [ 128.901774538815317, 37.033179572352971 ], [ 128.9018461425091, 37.032910469787979 ], [ 128.901866936386369, 37.032486363436043 ], [ 128.901620569191607, 37.030426664612492 ], [ 128.901484264006001, 37.02972101627639 ], [ 128.901170193777915, 37.02883174663355 ], [ 128.900902405794113, 37.027530546944583 ], [ 128.900761331063251, 37.026608824557627 ], [ 128.900768542672466, 37.024989783635405 ], [ 128.900792877353012, 37.021963814401801 ], [ 128.900689449897641, 37.019439367274515 ], [ 128.900649321389466, 37.019015201492898 ], [ 128.899473568731651, 37.016420559787093 ], [ 128.898855215354217, 37.015074173540995 ], [ 128.898891589547731, 37.014433997425677 ], [ 128.899275478019348, 37.012464577368014 ], [ 128.899601443136561, 37.011918453017302 ], [ 128.900319713133968, 37.010732251720277 ], [ 128.90075763488187, 37.010178013856766 ], [ 128.902310226850119, 37.008356378897602 ], [ 128.904290334006333, 37.005923400714138 ], [ 128.904361819837646, 37.005637989643333 ], [ 128.904353716486412, 37.005562724964193 ], [ 128.904316626883912, 37.005217870971727 ], [ 128.904226274441839, 37.00435321144522 ], [ 128.904318216234088, 37.003969958258907 ], [ 128.904604286610862, 37.002886934933429 ], [ 128.904752231523076, 37.002788339068374 ], [ 128.904990530823341, 37.002629536427982 ], [ 128.906938408545187, 37.002361139371786 ], [ 128.91109572078426, 37.001222899166052 ], [ 128.913708417538629, 36.999866577028605 ], [ 128.914568474151423, 36.999323050336692 ], [ 128.915004022791265, 36.999028811332821 ], [ 128.917575418216586, 36.995458964923188 ], [ 128.918752815453701, 36.993189181756954 ], [ 128.919701184770616, 36.991361000461588 ], [ 128.919951756629587, 36.990968493258606 ], [ 128.920583276068243, 36.990449264170472 ], [ 128.921519333594119, 36.989893484764963 ], [ 128.922226777442489, 36.989574890563659 ], [ 128.923009944742176, 36.989567197849986 ], [ 128.923923481269185, 36.989825616716267 ], [ 128.924488966814977, 36.990022321834651 ], [ 128.924999626857186, 36.990570865807129 ], [ 128.925401888374836, 36.990800275336561 ], [ 128.927881718295964, 36.991239570382 ], [ 128.928926050359792, 36.99112568439179 ], [ 128.929185761582488, 36.991044787395538 ], [ 128.929502814319704, 36.990946011947784 ], [ 128.932745873868811, 36.989364555863112 ], [ 128.933681818704429, 36.988833280062295 ], [ 128.935586558607042, 36.987545641923155 ], [ 128.937219479523833, 36.986016417323619 ], [ 128.939168475153849, 36.98373852609501 ], [ 128.940246652260441, 36.982033077309012 ], [ 128.94136796484446, 36.980687637865934 ], [ 128.944122058533736, 36.97769009039537 ], [ 128.944644223350025, 36.977510322632 ], [ 128.945655855045004, 36.97728985191133 ], [ 128.94738548583166, 36.976906064355042 ], [ 128.949278229643795, 36.9764282686928 ], [ 128.949604606710238, 36.976248365551399 ], [ 128.949822425740308, 36.975863880326372 ], [ 128.950737363977908, 36.973708171405477 ], [ 128.952381447493735, 36.970840920247575 ], [ 128.954623794858918, 36.967499260182734 ], [ 128.955821021556261, 36.965932759502472 ], [ 128.955973676220225, 36.965098215426828 ], [ 128.955919821732095, 36.964283985138024 ], [ 128.955876621139822, 36.963850268710623 ], [ 128.956377432611077, 36.962713120159194 ], [ 128.956747587649801, 36.962046365774974 ], [ 128.957182767869199, 36.961555632441701 ], [ 128.9579332695738, 36.961195832330702 ], [ 128.958662024839441, 36.960991541700515 ], [ 128.960010682256609, 36.960398775446819 ], [ 128.961011404911119, 36.959719956609433 ], [ 128.962001726599055, 36.958247475693241 ], [ 128.962275437609037, 36.954589964575035 ], [ 128.962221148979808, 36.954254399579966 ], [ 128.961536529367862, 36.953534121947278 ], [ 128.9606561725424, 36.952907908496734 ], [ 128.95993887737032, 36.952457586434363 ], [ 128.958917020214471, 36.9521135513696 ], [ 128.958351704271877, 36.951957900385736 ], [ 128.957601853526455, 36.951331638936786 ], [ 128.957156510316167, 36.950676855400239 ], [ 128.955788250184156, 36.94786566588629 ], [ 128.956132555245375, 36.947522027861396 ], [ 128.954389630573871, 36.944037040140124 ], [ 128.953554892813429, 36.943600048494261 ], [ 128.95310206829302, 36.943354862989544 ], [ 128.952621165059156, 36.942992413814345 ], [ 128.952013287987882, 36.94191898908764 ], [ 128.951956934211353, 36.941556808860526 ], [ 128.952098809548374, 36.941085502145583 ], [ 128.952184111860475, 36.940409100541075 ], [ 128.952149015240423, 36.939988278552647 ], [ 128.950791525703096, 36.938280687432808 ], [ 128.950423782867944, 36.93809949095904 ], [ 128.949334165032241, 36.937899262799874 ], [ 128.947905001474112, 36.937682906866627 ], [ 128.944706883839132, 36.937593565746788 ], [ 128.94424694699191, 36.9376519025314 ], [ 128.943864672408694, 36.937870133213927 ], [ 128.94365933553928, 36.938056387999339 ], [ 128.942767377959484, 36.938495420945046 ], [ 128.941026564333612, 36.938742156305366 ], [ 128.939088120729451, 36.938389643037084 ], [ 128.939180204947689, 36.938203271521587 ], [ 128.939463592675594, 36.937843971976541 ], [ 128.939725756520033, 36.937364719315646 ], [ 128.939924324558774, 36.936826871926876 ], [ 128.939825520324035, 36.936435302173173 ], [ 128.939133155525923, 36.935188644895092 ], [ 128.939034168388815, 36.935034151197378 ], [ 128.938602853189224, 36.934695753841751 ], [ 128.938348323463629, 36.934503861901156 ], [ 128.937069102414313, 36.932806786411327 ], [ 128.937005683219638, 36.932551116638933 ], [ 128.937183201041222, 36.931802862610112 ], [ 128.937481044093857, 36.930929521201527 ], [ 128.937445953587684, 36.930615293443793 ], [ 128.934625732263953, 36.927428649347497 ], [ 128.934293452073575, 36.927250052430551 ], [ 128.933529603109292, 36.926940730172191 ], [ 128.932850634604534, 36.92675922411955 ], [ 128.932497077064255, 36.926524719525879 ], [ 128.931154132784968, 36.925099143592867 ], [ 128.930765516037042, 36.924683510094262 ], [ 128.930567698758466, 36.924379813875341 ], [ 128.929352790186272, 36.92233910386345 ], [ 128.928660607176226, 36.921111050639752 ], [ 128.92517806076259, 36.918586672342492 ], [ 128.924701966195755, 36.91820841112051 ], [ 128.924377035941461, 36.9178087329215 ], [ 128.92389653447637, 36.917214609772827 ], [ 128.923501126122261, 36.916495294584323 ], [ 128.923190735231856, 36.915714809420862 ], [ 128.922852231379323, 36.914665357227101 ], [ 128.922513798676306, 36.913666471162259 ], [ 128.922182296748048, 36.912702167010266 ], [ 128.921927993841337, 36.912398422137898 ], [ 128.921587636617744, 36.912451110196933 ], [ 128.921482306397451, 36.912467431015031 ], [ 128.919669664686808, 36.914173210204865 ], [ 128.916603730060501, 36.916935321123624 ], [ 128.914735190993525, 36.917860663552581 ], [ 128.914345502575799, 36.918395707141734 ], [ 128.914274292789969, 36.918848354689636 ], [ 128.914202828105971, 36.919519430748679 ], [ 128.914498146372296, 36.921056190416145 ], [ 128.91480125671751, 36.922049776034719 ], [ 128.914842830395486, 36.922806091827994 ], [ 128.914417468982151, 36.923602055812673 ], [ 128.914169472168737, 36.923964030385427 ], [ 128.912548191731787, 36.925004133574163 ], [ 128.911797791075799, 36.925397698428647 ], [ 128.906630173747345, 36.927928884260083 ], [ 128.903592444272647, 36.93003829886851 ], [ 128.900440075704495, 36.927628241219509 ], [ 128.900171435334642, 36.927500138302108 ], [ 128.899697420090405, 36.927531723468491 ], [ 128.897234264354154, 36.928341813462133 ], [ 128.895506273144662, 36.929621177735861 ], [ 128.894754869497945, 36.930629828560477 ], [ 128.893967820726488, 36.931838197761216 ], [ 128.893053081151976, 36.933304687524362 ], [ 128.892527733719902, 36.934510574548611 ], [ 128.889663972921227, 36.938111095130459 ], [ 128.88939993112885, 36.938327126354942 ], [ 128.888439248194373, 36.938597233187522 ], [ 128.887561595622742, 36.938708227935059 ], [ 128.886266865030905, 36.938629757764403 ], [ 128.883379744344637, 36.938746770148434 ], [ 128.878850610826248, 36.939104410304651 ], [ 128.875728844504607, 36.939907970205319 ], [ 128.875311404830342, 36.939880950013446 ], [ 128.870866197550157, 36.939484343967791 ], [ 128.868579867892578, 36.939183103218625 ], [ 128.867505327329212, 36.939137657143561 ], [ 128.867379721290661, 36.939190109059602 ], [ 128.866871178672881, 36.939402482656661 ], [ 128.8662644461848, 36.939722582905482 ], [ 128.865423359871244, 36.940142071521983 ], [ 128.864802853602384, 36.940428978883617 ], [ 128.862061162568551, 36.94051436647775 ], [ 128.861276084547143, 36.940369536612209 ], [ 128.860243294901665, 36.940147109989525 ], [ 128.855899973302712, 36.942044761364713 ], [ 128.855789611206802, 36.942166363974039 ], [ 128.855361398075729, 36.942730111347728 ], [ 128.854836943319953, 36.943238389148185 ], [ 128.85435415220087, 36.943514435386575 ], [ 128.853720071360527, 36.943701689656017 ], [ 128.853031280387171, 36.943678666030465 ], [ 128.851155971758232, 36.943309494291299 ], [ 128.849478669504379, 36.945487055561152 ], [ 128.849272029283156, 36.946368955361692 ], [ 128.849623285391402, 36.947625341069411 ], [ 128.845783357862899, 36.949698730587684 ], [ 128.845186795116661, 36.950056744419399 ], [ 128.84442210179742, 36.950668754653094 ], [ 128.844179101041988, 36.951131941195385 ], [ 128.844140749168304, 36.951655227688804 ], [ 128.844276055394516, 36.958309002074678 ], [ 128.844665039184179, 36.959326302193297 ], [ 128.845314847548678, 36.960313933165324 ], [ 128.845928044514579, 36.960972605910619 ], [ 128.846113468819397, 36.961391510010948 ], [ 128.846187191230683, 36.961750502000456 ], [ 128.84620358657412, 36.962015321583699 ], [ 128.846205393467727, 36.962044513893524 ], [ 128.84622328393371, 36.962333632111147 ], [ 128.845962065237927, 36.962572527159217 ], [ 128.8410390821482, 36.965571246930807 ], [ 128.838466668972558, 36.966629425187072 ], [ 128.83727376469227, 36.967046412493978 ], [ 128.836304909003445, 36.967239427856576 ], [ 128.835336561184619, 36.967193209807625 ], [ 128.834852138341319, 36.967237388152739 ], [ 128.833436096438902, 36.967489603872416 ], [ 128.833081921202279, 36.967638575639022 ], [ 128.832168405590664, 36.96804096192416 ], [ 128.831608597924742, 36.968548565609808 ], [ 128.831048967825836, 36.968921519283249 ], [ 128.829557167157532, 36.969681963894828 ], [ 128.828718236692765, 36.970054510038139 ], [ 128.827413596688217, 36.970426459173495 ], [ 128.825735690602897, 36.97070548270451 ], [ 128.825364000352124, 36.970767288895082 ], [ 128.82472997091449, 36.971095334662657 ], [ 128.824431026568845, 36.971483614548454 ], [ 128.824354774525489, 36.972260947345653 ], [ 128.82386906305635, 36.972888182898082 ], [ 128.820396595853083, 36.97626208441595 ], [ 128.816498499938092, 36.978334403454227 ], [ 128.816069133099859, 36.978707487379744 ], [ 128.815024264028068, 36.979453487317336 ], [ 128.812329324732445, 36.980504448647679 ], [ 128.811069006388664, 36.980995890803797 ], [ 128.807347422138406, 36.983862228579326 ], [ 128.80462930700628, 36.986556015168482 ], [ 128.801856054478236, 36.989554321525105 ], [ 128.801421331058151, 36.989901681780211 ], [ 128.797266705549362, 36.992179478152806 ], [ 128.790640899508475, 36.995758295294031 ], [ 128.790261204665001, 36.995757619359104 ], [ 128.787362554412312, 36.994795039670208 ], [ 128.785601730074319, 36.994182552053772 ], [ 128.784463012185114, 36.994136952090372 ], [ 128.783404995815232, 36.994309094879782 ], [ 128.781939885284316, 36.994632757555202 ], [ 128.781098019513735, 36.995066413458517 ], [ 128.780934032578671, 36.99552304280509 ], [ 128.780768677964602, 36.996415000437231 ], [ 128.780468856954371, 36.996958407845248 ], [ 128.779110684830357, 36.997760977413606 ], [ 128.777644155184277, 36.998541628180547 ], [ 128.772533066980913, 37.00288388194793 ], [ 128.772373080475973, 37.003112260322368 ], [ 128.772445660036709, 37.003487161369804 ], [ 128.772555375802682, 37.00380302031941 ], [ 128.77313608685742, 37.004825054262177 ], [ 128.773515722323367, 37.005309116196742 ], [ 128.773724383825254, 37.005418004371506 ], [ 128.774018682448826, 37.005625727683551 ], [ 128.774423501283678, 37.005922332925003 ], [ 128.775986470303792, 37.007321066587835 ], [ 128.776145296191004, 37.007676490769526 ], [ 128.777298346353177, 37.010563721954085 ], [ 128.777352564878555, 37.010923816174859 ], [ 128.777361506505002, 37.014193634738191 ], [ 128.777250961807226, 37.016249935963103 ], [ 128.777336113273321, 37.016526279718462 ], [ 128.777765611894381, 37.016823008793168 ], [ 128.779208420509093, 37.017363290018622 ], [ 128.779537922073899, 37.018202367004434 ], [ 128.77993397398896, 37.019421268649168 ], [ 128.780101959147316, 37.020822208938242 ], [ 128.780064155812966, 37.021147604764124 ], [ 128.779731364358355, 37.02143306600918 ], [ 128.778284772494089, 37.022155259786693 ], [ 128.775349085780249, 37.023318569544962 ], [ 128.774992171472036, 37.023436197045953 ], [ 128.774586485349175, 37.023435421462452 ], [ 128.774353023322988, 37.023415245967023 ], [ 128.773147969304688, 37.023462307681882 ], [ 128.770989945705224, 37.023581415350044 ], [ 128.766384630253498, 37.023922535690183 ], [ 128.766003072824901, 37.024040165823372 ], [ 128.763695098793335, 37.024918352988699 ], [ 128.763436471096128, 37.025075601683412 ], [ 128.763053833782436, 37.025538439262647 ], [ 128.762819088474998, 37.025893079412072 ], [ 128.762030657436242, 37.0264142101285 ], [ 128.761655226376604, 37.0265466294533 ], [ 128.756467806619725, 37.02813884994675 ], [ 128.756074288921468, 37.028157770394138 ], [ 128.751365037608366, 37.028322557045676 ], [ 128.751581355220253, 37.028357786244527 ], [ 128.751898472120445, 37.02847415456862 ], [ 128.752351769088733, 37.028839774385169 ], [ 128.752567348226961, 37.029106411534627 ], [ 128.752998036375828, 37.029755452715172 ], [ 128.753212833480376, 37.030265179751112 ], [ 128.753585771596732, 37.030948880842132 ], [ 128.753822737897991, 37.031314031953777 ], [ 128.754527413982714, 37.032044658407777 ], [ 128.754801079455603, 37.032184165877339 ], [ 128.759577098763486, 37.034572553880118 ], [ 128.760614822013252, 37.03496815858356 ], [ 128.761328599105696, 37.035125945957546 ], [ 128.761717945058393, 37.035230895980675 ], [ 128.761890413664844, 37.035462721114662 ], [ 128.762088753891703, 37.036693164890309 ], [ 128.762116155461598, 37.037095192086831 ], [ 128.761462379566353, 37.040757257993057 ], [ 128.761375314507376, 37.041162972902804 ], [ 128.761103598509095, 37.042428999732067 ], [ 128.760840540207994, 37.04347019998756 ], [ 128.76013646938793, 37.04477089319488 ], [ 128.756753829346792, 37.048728296045041 ], [ 128.755008091165735, 37.050755953637733 ], [ 128.752513279648184, 37.054512514085978 ], [ 128.752222154057506, 37.055252669292209 ], [ 128.752109928478603, 37.055836223388816 ], [ 128.752001875126723, 37.056398094893453 ], [ 128.751977815002903, 37.057121512885068 ], [ 128.752019726872135, 37.057538247468472 ], [ 128.752088421269889, 37.05766146677724 ], [ 128.752148936746181, 37.057770010570707 ], [ 128.753703375624582, 37.061367158813198 ], [ 128.755859185150143, 37.066562840123517 ], [ 128.756474424377245, 37.068288663396565 ], [ 128.756588529254287, 37.068717192046897 ], [ 128.756656099810044, 37.068921321154072 ], [ 128.756667151704846, 37.068954676523148 ], [ 128.757067865523396, 37.070055077279484 ], [ 128.757327875008656, 37.070009303957036 ], [ 128.757891929950887, 37.069686354242776 ], [ 128.758441814015072, 37.069293984309695 ], [ 128.758861851471266, 37.068889722859922 ], [ 128.758996744093452, 37.068536568236972 ], [ 128.759109257039881, 37.068241992380528 ], [ 128.759240531787015, 37.06783724164508 ], [ 128.759415464463103, 37.067281996390491 ], [ 128.759503136623692, 37.067142333313292 ], [ 128.759560577070488, 37.067050832492612 ], [ 128.763300599132606, 37.064436746048436 ], [ 128.764117766207448, 37.063946398038198 ], [ 128.76465242644278, 37.063797082614762 ], [ 128.765012733901528, 37.063994498686313 ], [ 128.766337832967508, 37.065607471241009 ], [ 128.768528750103627, 37.068468001889222 ], [ 128.768505900020557, 37.06864383977981 ], [ 128.768232383345691, 37.069171248682871 ], [ 128.768230009577252, 37.069325164320418 ], [ 128.768660881867845, 37.072422237479422 ], [ 128.770060742222029, 37.07498869431025 ], [ 128.771226796411383, 37.076136837568534 ], [ 128.77356721809781, 37.078056932147334 ], [ 128.774042974377892, 37.078300948711785 ], [ 128.77483716529909, 37.078302475706764 ], [ 128.77519790869232, 37.07834947131677 ], [ 128.777268598750965, 37.078775815354867 ], [ 128.777643856013043, 37.078857544571271 ], [ 128.777932240583652, 37.078962332896147 ], [ 128.778090466449129, 37.07919412286396 ], [ 128.777523260847744, 37.083041574974871 ], [ 128.777131869768709, 37.083538495199555 ], [ 128.775951095652488, 37.08486152761337 ], [ 128.773221772949455, 37.087350624309849 ], [ 128.775226193852205, 37.088280394326773 ], [ 128.775593860676366, 37.088472117680972 ], [ 128.775881765294116, 37.08878515785662 ], [ 128.775957043920215, 37.08897322677219 ], [ 128.776039416260289, 37.089179038434224 ], [ 128.775980243747597, 37.089641893015859 ], [ 128.775979617581555, 37.089850213960027 ], [ 128.776166940068407, 37.090024201806067 ], [ 128.779777612594501, 37.092316908213817 ], [ 128.780045055770785, 37.092349197170087 ], [ 128.78016745274806, 37.09236395344832 ], [ 128.780934243939726, 37.09189088327927 ], [ 128.782591429974843, 37.090591838285903 ], [ 128.782610089663422, 37.090564941560004 ], [ 128.782896047005011, 37.090152488577964 ], [ 128.783244502414135, 37.089481845181794 ], [ 128.784280307210764, 37.08833209973421 ], [ 128.784758174510245, 37.08787000562377 ], [ 128.785061841273205, 37.087720096868402 ], [ 128.785567385800363, 37.087686228456128 ], [ 128.786162373643862, 37.087678033978143 ], [ 128.78779128520091, 37.08765557008892 ], [ 128.789184974913979, 37.087605995466518 ], [ 128.79152482233107, 37.087413363056839 ], [ 128.794377777126726, 37.08705381575421 ], [ 128.795922876102622, 37.087068024061431 ], [ 128.795964216592807, 37.08706523230007 ], [ 128.798342034922371, 37.086904419520692 ], [ 128.801210450627735, 37.086162686043025 ], [ 128.802873185200411, 37.085355329629408 ], [ 128.803347835339196, 37.084753611269015 ], [ 128.803675977571032, 37.084214038448536 ], [ 128.803808067348854, 37.083996832533991 ], [ 128.804086493597282, 37.083427879836314 ], [ 128.804475840765917, 37.082632214287486 ], [ 128.804975818000372, 37.081909571040256 ], [ 128.806743132889011, 37.079690199822906 ], [ 128.808357987931515, 37.077777277012771 ], [ 128.80858959247206, 37.077534548864755 ], [ 128.808979401542814, 37.077523636152854 ], [ 128.810003162161507, 37.078080906889753 ], [ 128.810716929514371, 37.07844661542822 ], [ 128.812390976561858, 37.078819634175964 ], [ 128.813344045311766, 37.078786460287013 ], [ 128.816139638017404, 37.078067479091274 ], [ 128.820363882274677, 37.077663132449587 ], [ 128.821641869131611, 37.077612984143201 ], [ 128.822623741852937, 37.07761447516436 ], [ 128.823432067874904, 37.077673547926352 ], [ 128.824726140890078, 37.077961546552736 ], [ 128.82697576609246, 37.07810122371648 ], [ 128.827640259579312, 37.077963342572197 ], [ 128.828355586727355, 37.077727149773786 ], [ 128.831419951380639, 37.07622688887998 ], [ 128.831779815864365, 37.076022326965443 ], [ 128.832222208007892, 37.075770838466646 ], [ 128.832525809415728, 37.075586009863343 ], [ 128.832527652307931, 37.075550801698128 ], [ 128.832540947507511, 37.075296703739554 ], [ 128.832310643327986, 37.074995416187861 ], [ 128.832167072659104, 37.074879977879682 ], [ 128.832079959543222, 37.074809923497831 ], [ 128.831748965326085, 37.07432333294603 ], [ 128.83154370494313, 37.07252314373499 ], [ 128.831516926294512, 37.071574043101556 ], [ 128.831490225973624, 37.070590119897552 ], [ 128.83156680596781, 37.070017449395522 ], [ 128.83176180418252, 37.068559235907543 ], [ 128.831965254574556, 37.067992310639909 ], [ 128.832203880837739, 37.067778561284136 ], [ 128.832381334379988, 37.067741508327174 ], [ 128.833966004479777, 37.067410629162197 ], [ 128.836184262109128, 37.066389408053936 ], [ 128.839895436615052, 37.062499672373264 ], [ 128.840474519470291, 37.061736537273774 ], [ 128.840700320846906, 37.060770348736192 ], [ 128.844668052477431, 37.054722211882797 ], [ 128.844914166251215, 37.054386882378097 ], [ 128.846629123015191, 37.05216098166359 ], [ 128.847091544259712, 37.051860618284621 ], [ 128.847799427163068, 37.051537524261761 ], [ 128.850839692088982, 37.05058647339979 ], [ 128.857207171507525, 37.049344347174255 ], [ 128.857481093859718, 37.049483531112159 ], [ 128.857899079497685, 37.049735720796299 ], [ 128.858000202740016, 37.049796734811061 ], [ 128.858649154082514, 37.050052162389335 ], [ 128.859370816875696, 37.050087716869044 ], [ 128.860099878616751, 37.049943879860081 ], [ 128.862698993230907, 37.049379822197125 ], [ 128.863644694042392, 37.049166821307026 ], [ 128.866431834919666, 37.048336625273407 ], [ 128.866810444324557, 37.048119354668842 ], [ 128.867045798724661, 37.047984287059748 ], [ 128.867174088843768, 37.047732834838442 ], [ 128.868924890727584, 37.046389167401053 ], [ 128.871026780207387, 37.045262914841508 ], [ 128.871734460629426, 37.044974353219466 ], [ 128.872734996052031, 37.044589062506674 ], [ 128.875327417403156, 37.044771247932488 ], [ 128.875447353520229, 37.044803485428737 ], [ 128.875632362465097, 37.044853215414904 ], [ 128.876208152408879, 37.045877505363151 ], [ 128.876403040896463, 37.046224197344273 ], [ 128.876604607945268, 37.047317395811824 ], [ 128.876956762656533, 37.049609634095717 ], [ 128.877572274636378, 37.05263624953276 ], [ 128.878018521414447, 37.053436056059319 ], [ 128.878323408168256, 37.053583150223126 ], [ 128.878669615957307, 37.053338781927245 ], [ 128.879504748061635, 37.052670875441471 ], [ 128.880624609875071, 37.051937915025434 ], [ 128.881398002436754, 37.051694068669597 ], [ 128.883534651442716, 37.051190527201918 ], [ 128.884891635672744, 37.051027023223433 ], [ 128.885213157983344, 37.050988278902992 ], [ 128.885823663498996, 37.05079316597346 ], [ 128.885905678897018, 37.050720659402508 ], [ 128.88621067521234, 37.050450953816664 ], [ 128.886965047548358, 37.049293437520113 ], [ 128.887108454708653, 37.048575884137222 ], [ 128.887515995533221, 37.048103212349176 ], [ 128.888014996057791, 37.047655145216915 ], [ 128.888727685212217, 37.047133746312433 ], [ 128.89247260994037, 37.045489727913747 ], [ 128.893826091170467, 37.044895545093837 ], [ 128.895733807899887, 37.044897260598461 ] ] ] ] } },
{ "type": "Feature", "properties": { "OBJECTID": 3073, "adm_nm": "경상북도 봉화군 소천면", "adm_cd": "3741035", "adm_cd2": "4792035000", "sgg": "47920", "sido": "47", "sidonm": "경상북도", "sggnm": "봉화군" }, "geometry": { "type": "MultiPolygon", "coordinates": [ [ [ [ 129.090930746635735, 36.997573412188444 ], [ 129.092443321577832, 36.995995180503009 ], [ 129.092901003853115, 36.995259182556758 ], [ 129.093015012204461, 36.994782161175927 ], [ 129.093078412223718, 36.993879956078004 ], [ 129.093105492429629, 36.992575448033499 ], [ 129.093102079891622, 36.989730931991666 ], [ 129.09305116682583, 36.9890413688832 ], [ 129.093007833452504, 36.988782800483172 ], [ 129.092914414234457, 36.988541460255803 ], [ 129.092498427706545, 36.988122342143555 ], [ 129.090942390971293, 36.986801808676965 ], [ 129.090555029994732, 36.986359591134004 ], [ 129.090440237836418, 36.986175767195085 ], [ 129.090346891488821, 36.98597471222206 ], [ 129.090166931022964, 36.985279577187164 ], [ 129.090094513946042, 36.984526764076236 ], [ 129.090137185644835, 36.984325633306831 ], [ 129.09028016041546, 36.98403238378976 ], [ 129.090845174230594, 36.983296433879694 ], [ 129.092354333906258, 36.981439146764828 ], [ 129.094656870701897, 36.978156079127942 ], [ 129.094814051425146, 36.977839953562636 ], [ 129.095020904805978, 36.977086942541767 ], [ 129.094745748300852, 36.974685053178895 ], [ 129.094558847540071, 36.974116348310297 ], [ 129.093891314034749, 36.972927357966448 ], [ 129.092406650501033, 36.9712217598656 ], [ 129.092105168218211, 36.970595566299956 ], [ 129.0919470408042, 36.970118745565898 ], [ 129.091946703019488, 36.969825609317894 ], [ 129.092032103145357, 36.969400346156604 ], [ 129.092195815017163, 36.968538230463864 ], [ 129.092216812107864, 36.968153186601334 ], [ 129.09219247877175, 36.965716696721373 ], [ 129.092032818551218, 36.963935366198903 ], [ 129.091529982811409, 36.962596747089869 ], [ 129.091185584124219, 36.962120061903299 ], [ 129.090726896448643, 36.961735370390841 ], [ 129.089995972969575, 36.961316466756699 ], [ 129.089308055793481, 36.960983678402506 ], [ 129.08882819498146, 36.960926538292462 ], [ 129.088097806928602, 36.96096726369224 ], [ 129.087453632502559, 36.961168947184738 ], [ 129.087110029981687, 36.961370308341237 ], [ 129.086494981017808, 36.962031605088306 ], [ 129.086194390831139, 36.962232932318031 ], [ 129.084899009875443, 36.962934894452339 ], [ 129.084190355041017, 36.963262942683848 ], [ 129.083825300046897, 36.963355187201181 ], [ 129.082973135791747, 36.963372983752173 ], [ 129.082242432268487, 36.963229862946299 ], [ 129.081855602269115, 36.963028997782644 ], [ 129.081554481790363, 36.96273607455651 ], [ 129.077891020361193, 36.958675687864677 ], [ 129.077704447272538, 36.958256262728149 ], [ 129.077589515985039, 36.957854098918773 ], [ 129.077610652335181, 36.957543752321513 ], [ 129.077796189712558, 36.956917290156873 ], [ 129.07825389293285, 36.956290570097401 ], [ 129.078962081466898, 36.955669536109511 ], [ 129.079577511991772, 36.955266870094576 ], [ 129.080057036075374, 36.955025156424796 ], [ 129.080264640422598, 36.955025025213693 ], [ 129.080701624570651, 36.955133936696292 ], [ 129.081224470653353, 36.955317494243559 ], [ 129.081983504913467, 36.955351414445126 ], [ 129.082670960059204, 36.955316539988239 ], [ 129.083465515235986, 36.955080340876272 ], [ 129.083894931666748, 36.954930654839686 ], [ 129.08414510726368, 36.954528151639437 ], [ 129.084194750916026, 36.954033954894733 ], [ 129.084237046607853, 36.95348228669171 ], [ 129.084329857869733, 36.953131607799683 ], [ 129.084536902952436, 36.952620011588913 ], [ 129.08474439457521, 36.952418737930074 ], [ 129.085037687828162, 36.952251915613189 ], [ 129.08538129816057, 36.952194209173449 ], [ 129.086226311892858, 36.952233792968599 ], [ 129.087185763751165, 36.952198669039909 ], [ 129.087507888479422, 36.952106428012016 ], [ 129.087829806784384, 36.95183038128129 ], [ 129.088122555382341, 36.951186621037863 ], [ 129.088214837683324, 36.950491190252883 ], [ 129.088027884791671, 36.949772978516044 ], [ 129.08768369202366, 36.949296290350176 ], [ 129.087067415832934, 36.948877174514209 ], [ 129.085742122371585, 36.948200062844656 ], [ 129.084366453397053, 36.947316087644658 ], [ 129.083771741384254, 36.946862522235811 ], [ 129.083656862549788, 36.946626974850709 ], [ 129.083635198146339, 36.946425867822335 ], [ 129.08372805699679, 36.946224695248979 ], [ 129.083999953699276, 36.946017603600694 ], [ 129.091065315148569, 36.944943627268607 ], [ 129.091523488220076, 36.944966252531884 ], [ 129.093743547227206, 36.945476012281141 ], [ 129.095856350387351, 36.946025993082195 ], [ 129.096243103248696, 36.946117581481062 ], [ 129.09651510007123, 36.946100152641378 ], [ 129.096794304677076, 36.94600803296111 ], [ 129.097251959103659, 36.945605334108492 ], [ 129.097608586000575, 36.945260578983394 ], [ 129.097959918289945, 36.944920929918553 ], [ 129.098524905592427, 36.944443507043289 ], [ 129.099211706127448, 36.94398897572929 ], [ 129.099784037441793, 36.943655188613576 ], [ 129.100263508981072, 36.943488195549264 ], [ 129.100628536943788, 36.943453378298173 ], [ 129.100929347781545, 36.943504837108435 ], [ 129.101323223029198, 36.943636706250331 ], [ 129.101688791523912, 36.943929433684424 ], [ 129.102305524853023, 36.944750695942929 ], [ 129.102764185419943, 36.945066315341613 ], [ 129.103129477965496, 36.94513502242485 ], [ 129.103723660354689, 36.945117226725941 ], [ 129.104568179663858, 36.944915365553307 ], [ 129.105755970035403, 36.944379891751019 ], [ 129.107609117918287, 36.943516283778138 ], [ 129.107973784404152, 36.943222913117076 ], [ 129.108088183234827, 36.943061876753212 ], [ 129.108066322424094, 36.942837801924547 ], [ 129.10770024980863, 36.942125553155613 ], [ 129.106918337953459, 36.941040083159621 ], [ 129.106144045407973, 36.940178794467506 ], [ 129.105226268739358, 36.939202718639528 ], [ 129.104889316776649, 36.938817980750834 ], [ 129.104724227331872, 36.938507792141678 ], [ 129.104630861795414, 36.938283778677118 ], [ 129.104609079372352, 36.938030957707973 ], [ 129.10470185934139, 36.937823975401976 ], [ 129.105066460326981, 36.937496135901959 ], [ 129.110645566391753, 36.934077630265342 ], [ 129.111167791817792, 36.933876048163832 ], [ 129.111876254099798, 36.93369146644239 ], [ 129.112721115213077, 36.933759608958312 ], [ 129.113523119901856, 36.933982953053373 ], [ 129.114390075896807, 36.9344935999246 ], [ 129.115213713437669, 36.934768624728548 ], [ 129.118235906316329, 36.935593243760408 ], [ 129.118851666395159, 36.935644365047317 ], [ 129.119402850474785, 36.935592099052229 ], [ 129.119860784272845, 36.935499733289376 ], [ 129.123155146403207, 36.933702428602551 ], [ 129.123275472801026, 36.933627247005973 ], [ 129.123438307272124, 36.933468673367244 ], [ 129.123661630368048, 36.933224689602596 ], [ 129.123914777512255, 36.932847939489342 ], [ 129.124013020265437, 36.932701711768182 ], [ 129.12417566303057, 36.932421213013129 ], [ 129.12439483376366, 36.931976138135774 ], [ 129.124502272654894, 36.931634856988026 ], [ 129.124533768331929, 36.93098722489043 ], [ 129.124632715140507, 36.930533233949362 ], [ 129.124754217537031, 36.930292890004644 ], [ 129.124897894131038, 36.930150361884401 ], [ 129.125207738055707, 36.929980907572059 ], [ 129.126189481180091, 36.929759740965885 ], [ 129.127030873311298, 36.929572062810152 ], [ 129.127838994794814, 36.929428733336152 ], [ 129.128547654566717, 36.929347968726951 ], [ 129.129787953027147, 36.929302114917604 ], [ 129.130658811506294, 36.929232424490515 ], [ 129.131600001272261, 36.929133538267848 ], [ 129.131954354485714, 36.929079715741949 ], [ 129.132264216326178, 36.928990437054154 ], [ 129.132706950831164, 36.928829737451494 ], [ 129.136624103919445, 36.927044258001345 ], [ 129.136740204159793, 36.926944022153378 ], [ 129.136831308655161, 36.926799275900194 ], [ 129.137096447928371, 36.925940148929811 ], [ 129.137249590738094, 36.925263991178305 ], [ 129.137298083657328, 36.924959624991395 ], [ 129.137453252317357, 36.923664861496491 ], [ 129.137492781090799, 36.923236084476351 ], [ 129.137508973966504, 36.923095003427441 ], [ 129.137545726456011, 36.922774836014497 ], [ 129.13760224801112, 36.922627533855788 ], [ 129.137732682112528, 36.922384718331443 ], [ 129.137912859245858, 36.922161594372618 ], [ 129.138197671999023, 36.921953651337574 ], [ 129.138331786362102, 36.921891500839379 ], [ 129.138620199356751, 36.921826478586766 ], [ 129.139056374051478, 36.921785508709547 ], [ 129.139568348506003, 36.921785368458011 ], [ 129.140209340722208, 36.921811567228623 ], [ 129.140877221376741, 36.921872867296621 ], [ 129.141420753361984, 36.921877554116364 ], [ 129.141640123712421, 36.921856567884618 ], [ 129.141847449077773, 36.92181630563217 ], [ 129.142038077139972, 36.921729495578845 ], [ 129.142278369337561, 36.921549165610998 ], [ 129.142559771571172, 36.921148756082694 ], [ 129.143122133125814, 36.920234645861022 ], [ 129.143426004495751, 36.91923867930241 ], [ 129.143549396498486, 36.918725189988479 ], [ 129.143672770091626, 36.918138331691146 ], [ 129.143812213085511, 36.917214182386225 ], [ 129.143968105936722, 36.916313916271896 ], [ 129.14434094580551, 36.915131772740438 ], [ 129.144396395388867, 36.914955994997854 ], [ 129.144636304107308, 36.91464906542857 ], [ 129.144868252502647, 36.914462078516969 ], [ 129.14540708202199, 36.914261386650864 ], [ 129.147003219784608, 36.913644348597551 ], [ 129.147268516888516, 36.913471204453536 ], [ 129.14753333985459, 36.913115217253463 ], [ 129.147614918374529, 36.912878572375263 ], [ 129.147639653021258, 36.912609229913649 ], [ 129.147595098299803, 36.91242635716533 ], [ 129.147474540983097, 36.912177538493886 ], [ 129.147335060298047, 36.911999828385312 ], [ 129.146708331458967, 36.911578879301743 ], [ 129.146006492424476, 36.911073963960305 ], [ 129.145398649610541, 36.910607209699975 ], [ 129.145132670807953, 36.910353418384354 ], [ 129.144993174757502, 36.9101655383392 ], [ 129.144954938209821, 36.909992848750164 ], [ 129.144954474296952, 36.909748924932458 ], [ 129.145048901532533, 36.909537409162319 ], [ 129.145124514529527, 36.909410261794605 ], [ 129.145288614242702, 36.909257708991568 ], [ 129.146558212727768, 36.908687029453169 ], [ 129.147550349838866, 36.908441870884616 ], [ 129.1478086061434, 36.908358304090278 ], [ 129.147903205252845, 36.908246360591818 ], [ 129.1479661627788, 36.908068407465009 ], [ 129.148403042556311, 36.905167980529086 ], [ 129.148378534279885, 36.905030587690327 ], [ 129.148094963700629, 36.90430936202786 ], [ 129.147812129252344, 36.90391790234608 ], [ 129.14720882618218, 36.903271396962907 ], [ 129.14615568354705, 36.902191817399078 ], [ 129.14488328985567, 36.900432559370209 ], [ 129.144702865026261, 36.899948236623487 ], [ 129.144663245535526, 36.89934006410423 ], [ 129.14470084934527, 36.898865765784684 ], [ 129.144777197430443, 36.898535779417571 ], [ 129.144930650275512, 36.898339812989484 ], [ 129.145237975528403, 36.898112623185852 ], [ 129.146006668029173, 36.897719983945542 ], [ 129.14659400943799, 36.897548073291262 ], [ 129.147260260831331, 36.897279261536298 ], [ 129.148193903618136, 36.896796833587302 ], [ 129.148731971072806, 36.896497204617596 ], [ 129.14902615125709, 36.896156662104204 ], [ 129.149128288485457, 36.895888457949667 ], [ 129.149178933289988, 36.895558501179494 ], [ 129.149081372737584, 36.891912817149993 ], [ 129.148939077047743, 36.891304763048865 ], [ 129.148810675394941, 36.890923739180515 ], [ 129.149053117271876, 36.89058301777866 ], [ 129.149271155542749, 36.890318997433475 ], [ 129.149898334308887, 36.889782156169282 ], [ 129.151076649670216, 36.889069354902411 ], [ 129.152982799461739, 36.888482768546325 ], [ 129.153264809658936, 36.88842060055859 ], [ 129.153752112449354, 36.888471496516324 ], [ 129.154868251254584, 36.888779337088437 ], [ 129.154932326133178, 36.888789521236845 ], [ 129.155047678678699, 36.888748181661789 ], [ 129.155188333363554, 36.888572741154334 ], [ 129.155506000392847, 36.887719887447091 ], [ 129.155658438321069, 36.886987758286772 ], [ 129.156101787586351, 36.88427766854538 ], [ 129.156075577678394, 36.883902302530032 ], [ 129.155946853047794, 36.883649917585423 ], [ 129.155591591477986, 36.88308393197412 ], [ 129.155249981566953, 36.882276648012372 ], [ 129.155210971915579, 36.882127552194973 ], [ 129.154912472341863, 36.879429904369509 ], [ 129.154911427598563, 36.878907968453532 ], [ 129.154956864601246, 36.878460533736622 ], [ 129.154995134749782, 36.878305125271829 ], [ 129.155125734276027, 36.878207454055399 ], [ 129.154997793376424, 36.877274731758803 ], [ 129.154791090650605, 36.876725141220206 ], [ 129.15405558067377, 36.875118895136524 ], [ 129.153809841730379, 36.874778878562545 ], [ 129.153296328328054, 36.874194348014761 ], [ 129.153155033965589, 36.874092972639197 ], [ 129.152897345023035, 36.873951385327075 ], [ 129.152615063222214, 36.873844353189149 ], [ 129.150648763531308, 36.873477284253575 ], [ 129.150366616168156, 36.873501503993815 ], [ 129.148963545911187, 36.873694297358178 ], [ 129.14865181783361, 36.873790274064014 ], [ 129.147835504197531, 36.874071893462236 ], [ 129.142829533803649, 36.873606771355909 ], [ 129.138300631550919, 36.872882914576834 ], [ 129.136837993148561, 36.871998266858888 ], [ 129.137022820720375, 36.871550200649907 ], [ 129.13695568008751, 36.871383131347116 ], [ 129.135760004478982, 36.869278348994115 ], [ 129.135554365403266, 36.86910854514781 ], [ 129.13181476884904, 36.86613765563061 ], [ 129.130990311535612, 36.86597140247256 ], [ 129.130618794253991, 36.865852408337545 ], [ 129.130083767670868, 36.865602208004951 ], [ 129.129355164689059, 36.865005851241669 ], [ 129.12859561135943, 36.863117413235472 ], [ 129.128438017636739, 36.862078639075719 ], [ 129.12848199589456, 36.861750128479414 ], [ 129.128651878424989, 36.86120657532414 ], [ 129.128489890535576, 36.859266864872666 ], [ 129.128417901017997, 36.85886559993768 ], [ 129.128340208733135, 36.858538506785088 ], [ 129.128042718736395, 36.858270102993131 ], [ 129.127596700957866, 36.857968090239041 ], [ 129.127384546065144, 36.857904240018733 ], [ 129.126203604944692, 36.8578747524626 ], [ 129.125832100600462, 36.857808103536712 ], [ 129.125399762157258, 36.857631930878433 ], [ 129.124881354183088, 36.857212212796355 ], [ 129.124624638458528, 36.856769757499521 ], [ 129.124476354375759, 36.856258720195569 ], [ 129.124356867451837, 36.855369470362916 ], [ 129.12432474617836, 36.854287288315838 ], [ 129.124300869344495, 36.853314024925069 ], [ 129.124129026428704, 36.852645401763574 ], [ 129.123817013396803, 36.851962608734546 ], [ 129.121981939488307, 36.84803146493045 ], [ 129.121879404037003, 36.847921814425973 ], [ 129.118819766453271, 36.844717405718747 ], [ 129.118034438349952, 36.844224187205945 ], [ 129.117647598250528, 36.844133117772834 ], [ 129.116987955173613, 36.844087976989215 ], [ 129.11668738136612, 36.84408909230585 ], [ 129.116240682368755, 36.844515109109288 ], [ 129.115317065377809, 36.845957571123186 ], [ 129.112069668241929, 36.851009233386172 ], [ 129.110315420506879, 36.852088277897991 ], [ 129.109258519585211, 36.852656409721043 ], [ 129.106223314931469, 36.85388064224739 ], [ 129.105236408733504, 36.85425905223132 ], [ 129.104524612294483, 36.854507039645362 ], [ 129.104233376172147, 36.854572334537359 ], [ 129.103933166634022, 36.854553593877938 ], [ 129.103717070718943, 36.854535471457595 ], [ 129.102582212497111, 36.854281528356687 ], [ 129.102033223528082, 36.854116107865572 ], [ 129.101726079266882, 36.854015800388048 ], [ 129.098192226975669, 36.852796029868685 ], [ 129.094512967197772, 36.851606361607772 ], [ 129.093726597810445, 36.851396301843756 ], [ 129.087525497528929, 36.850235016431832 ], [ 129.08712741338482, 36.850189524087021 ], [ 129.085410180905598, 36.850254823054883 ], [ 129.084489224983457, 36.850383514908103 ], [ 129.083329406213664, 36.850603919032181 ], [ 129.081464829977705, 36.851080879740735 ], [ 129.081032850973116, 36.851236679849372 ], [ 129.080687704885946, 36.851434990315312 ], [ 129.080130787002872, 36.851773895213221 ], [ 129.079028120491387, 36.852204532444723 ], [ 129.077857030583004, 36.852507163272371 ], [ 129.075503294429353, 36.853039309317928 ], [ 129.073422488068019, 36.853470495786674 ], [ 129.071872302475725, 36.853841327377566 ], [ 129.07094770247636, 36.854116168727202 ], [ 129.069694837493216, 36.854573389377464 ], [ 129.069258685978667, 36.854870731546782 ], [ 129.068137085272468, 36.855836171212729 ], [ 129.067745777643864, 36.856138692139538 ], [ 129.067461816026423, 36.856347821155261 ], [ 129.06481032041367, 36.857587108208726 ], [ 129.063656533985096, 36.858110526966755 ], [ 129.063389618482233, 36.858213564335912 ], [ 129.061476325893551, 36.858455689176495 ], [ 129.061010232589155, 36.858382759695353 ], [ 129.060317678896979, 36.858309181169332 ], [ 129.058932922667708, 36.858419914575329 ], [ 129.058125562630721, 36.8585940267862 ], [ 129.056999851877691, 36.858942207863947 ], [ 129.056078840216458, 36.859390924881417 ], [ 129.055544447583344, 36.859619876393637 ], [ 129.055248790288772, 36.859693177776471 ], [ 129.055061304230179, 36.859711988486033 ], [ 129.05475424950049, 36.859684648352491 ], [ 129.051091470038358, 36.859155682091377 ], [ 129.04981738535929, 36.858845129748758 ], [ 129.04909510059764, 36.858588017149167 ], [ 129.046270829005266, 36.856352833818292 ], [ 129.045872543989645, 36.8559779401415 ], [ 129.044620682289803, 36.854747323266494 ], [ 129.0439154349462, 36.853855223998501 ], [ 129.043826292869682, 36.853647912575482 ], [ 129.043769005310708, 36.852870280911809 ], [ 129.04371207299809, 36.852705669020153 ], [ 129.043564091129355, 36.85255020060572 ], [ 129.042478309682622, 36.851821497970207 ], [ 129.042171232085337, 36.851693552696275 ], [ 129.041719422673907, 36.851512463497983 ], [ 129.040032722616928, 36.851262657145533 ], [ 129.039455274514438, 36.851418721675017 ], [ 129.039148360361224, 36.851583528883104 ], [ 129.038830098127562, 36.851958661795386 ], [ 129.03871653836967, 36.852470990899526 ], [ 129.038743440035205, 36.852917654357007 ], [ 129.038674382085276, 36.853179525772461 ], [ 129.03843510393537, 36.85342010375696 ], [ 129.036430847139002, 36.854782724420488 ], [ 129.035484809064343, 36.855224930709134 ], [ 129.033492791408065, 36.855571454914561 ], [ 129.033242619211023, 36.85556234297291 ], [ 129.031525027888108, 36.855141962409569 ], [ 129.031206567856145, 36.855123773196681 ], [ 129.03085404275555, 36.85515133670787 ], [ 129.030251291974764, 36.855334399532467 ], [ 129.029182357196021, 36.855737174562314 ], [ 129.027152574913487, 36.856509868081446 ], [ 129.026583903396016, 36.856738706898639 ], [ 129.026345120326937, 36.856912571765818 ], [ 129.026231517890665, 36.857214469612998 ], [ 129.026231565902776, 36.857397476794816 ], [ 129.026356556323464, 36.85760433951485 ], [ 129.02452597652487, 36.859571523341046 ], [ 129.020074184989085, 36.859525269990733 ], [ 129.015597445457274, 36.862095103032303 ], [ 129.009649105147247, 36.864241620519401 ], [ 129.002735625621227, 36.867035301645934 ], [ 129.002546095696147, 36.867163607864853 ], [ 129.002426329064974, 36.867299873340606 ], [ 129.002326517534243, 36.867576493782408 ], [ 129.002311602128174, 36.867997397560679 ], [ 129.002253731100808, 36.868276654205808 ], [ 129.002148885820304, 36.868404871667352 ], [ 129.001889471184995, 36.868549234929446 ], [ 129.00161571140643, 36.868661159034687 ], [ 129.001406220941305, 36.868737299814335 ], [ 128.999641271454976, 36.86912565652343 ], [ 128.997141695248985, 36.86969615708486 ], [ 128.996848643823142, 36.869776696691929 ], [ 128.996523956399074, 36.869916721907572 ], [ 128.996365581277928, 36.870088545541158 ], [ 128.996246798572628, 36.870355816477435 ], [ 128.996193768030651, 36.871499380909199 ], [ 128.996209307582262, 36.872419415823281 ], [ 128.996191119628151, 36.872686936938408 ], [ 128.996185504842742, 36.872769489806409 ], [ 128.996098338569766, 36.872985827703431 ], [ 128.996003344089075, 36.87306854684568 ], [ 128.995773631350374, 36.873151253757875 ], [ 128.995528225990171, 36.873183056060014 ], [ 128.995157986445065, 36.873157985339382 ], [ 128.99477789654722, 36.873126177009198 ], [ 128.991645608801861, 36.872592045474356 ], [ 128.991415931718734, 36.872522018892482 ], [ 128.991220116229243, 36.872396277397463 ], [ 128.991093407257893, 36.872243543802291 ], [ 128.991069640121196, 36.872103513101884 ], [ 128.99111723596863, 36.871810741948686 ], [ 128.991117252184324, 36.871658010753997 ], [ 128.991038096100738, 36.871448055864676 ], [ 128.990966780881905, 36.871352523289175 ], [ 128.990832219211427, 36.871244378935103 ], [ 128.990634277105357, 36.871142458523529 ], [ 128.990483765054336, 36.871091525912775 ], [ 128.984205947110098, 36.870354040481246 ], [ 128.98393665603632, 36.870366708689915 ], [ 128.983707070427386, 36.870417580250432 ], [ 128.983410156569306, 36.870582159666419 ], [ 128.983148776704837, 36.870849397066195 ], [ 128.983077401367069, 36.871027632107086 ], [ 128.983077347203619, 36.8712630752226 ], [ 128.983116889767899, 36.871441316666235 ], [ 128.983400292604387, 36.871998242703278 ], [ 128.983519005039113, 36.872252911266081 ], [ 128.983518946625964, 36.872494670324834 ], [ 128.983455634690898, 36.872723812001439 ], [ 128.983305089317696, 36.872857415022544 ], [ 128.983035766648243, 36.873022904725623 ], [ 128.982655639926151, 36.873137386640344 ], [ 128.982307247786167, 36.873200939366626 ], [ 128.980465687127264, 36.873504627867014 ], [ 128.981174892598631, 36.874341159431459 ], [ 128.982611676962534, 36.875180536300405 ], [ 128.984957306754126, 36.876141051791706 ], [ 128.987924224928292, 36.87704570370996 ], [ 128.992504999063129, 36.879059208023214 ], [ 128.99274076855599, 36.879418764757119 ], [ 128.992362381022787, 36.880106678236366 ], [ 128.991137567556905, 36.880899667841327 ], [ 128.990321799824244, 36.882185597438223 ], [ 128.990126092151115, 36.883370284488826 ], [ 128.990168508199162, 36.885005375983418 ], [ 128.990642414069356, 36.88581534426342 ], [ 128.990853442586825, 36.88740215791092 ], [ 128.990782687340783, 36.89122020688167 ], [ 128.99040658662409, 36.892977828512926 ], [ 128.989435787833713, 36.893979762222834 ], [ 128.989220009564008, 36.894196361438617 ], [ 128.988980249717144, 36.894268596748738 ], [ 128.988033501610289, 36.894205226168332 ], [ 128.9872904447964, 36.894376715346048 ], [ 128.986906932442452, 36.894615831773898 ], [ 128.985672338795524, 36.895455213617034 ], [ 128.983778408790215, 36.89711133749789 ], [ 128.982471726973586, 36.898302733109055 ], [ 128.980253419896144, 36.902310328008774 ], [ 128.97991754807552, 36.903312190542991 ], [ 128.979209626005826, 36.905789969581534 ], [ 128.979485139307002, 36.906358703562965 ], [ 128.980084327875801, 36.906783046899314 ], [ 128.980935214868595, 36.907536947636402 ], [ 128.982265344541418, 36.908818976835747 ], [ 128.982684514296182, 36.910385241976002 ], [ 128.982756210467358, 36.911333089315988 ], [ 128.982708154615011, 36.911892750487645 ], [ 128.982923824913144, 36.912398295431771 ], [ 128.983223344127595, 36.912786461891265 ], [ 128.983594941442192, 36.913057368338521 ], [ 128.983990479347653, 36.913138621627432 ], [ 128.984757705104755, 36.913161349300381 ], [ 128.9855248086904, 36.913242632005648 ], [ 128.985776587223938, 36.913387116477203 ], [ 128.988197753898163, 36.914813645134437 ], [ 128.989348450762861, 36.915513386287053 ], [ 128.989719958677114, 36.915847375541965 ], [ 128.990606561035861, 36.919417651770303 ], [ 128.990330766994049, 36.919715444245014 ], [ 128.989851291178212, 36.920071966465926 ], [ 128.989455508683335, 36.920487211519344 ], [ 128.989071813933293, 36.921164176784494 ], [ 128.988027783580463, 36.924115488335943 ], [ 128.987462403545067, 36.925715111660139 ], [ 128.987440578132265, 36.925976960495142 ], [ 128.98758175587227, 36.92669704085057 ], [ 128.987538278136753, 36.926909791106183 ], [ 128.986353226929367, 36.92834571973134 ], [ 128.984526855967772, 36.929945164860364 ], [ 128.984091980735514, 36.930206945992744 ], [ 128.981841732284181, 36.931184476168724 ], [ 128.978352158867921, 36.932824451193127 ], [ 128.977743347442839, 36.933192519610159 ], [ 128.977264939850414, 36.933585198935603 ], [ 128.974851008657055, 36.93569168695678 ], [ 128.973578530708295, 36.937610157959206 ], [ 128.972751796624237, 36.939091070727905 ], [ 128.972425579637843, 36.939401886290163 ], [ 128.969239498694918, 36.941671801813548 ], [ 128.966010197975692, 36.943037373204263 ], [ 128.963922488521547, 36.943723988169694 ], [ 128.962019583135884, 36.944529396623793 ], [ 128.957956108281991, 36.946565897582673 ], [ 128.956132555245375, 36.947522027861396 ], [ 128.955788250184156, 36.94786566588629 ], [ 128.957156510316167, 36.950676855400239 ], [ 128.957601853526455, 36.951331638936786 ], [ 128.958351704271877, 36.951957900385736 ], [ 128.958917020214471, 36.9521135513696 ], [ 128.95993887737032, 36.952457586434363 ], [ 128.9606561725424, 36.952907908496734 ], [ 128.961536529367862, 36.953534121947278 ], [ 128.962221148979808, 36.954254399579966 ], [ 128.962275437609037, 36.954589964575035 ], [ 128.962001726599055, 36.958247475693241 ], [ 128.961011404911119, 36.959719956609433 ], [ 128.960010682256609, 36.960398775446819 ], [ 128.958662024839441, 36.960991541700515 ], [ 128.9579332695738, 36.961195832330702 ], [ 128.957182767869199, 36.961555632441701 ], [ 128.956747587649801, 36.962046365774974 ], [ 128.956377432611077, 36.962713120159194 ], [ 128.955876621139822, 36.963850268710623 ], [ 128.955919821732095, 36.964283985138024 ], [ 128.955973676220225, 36.965098215426828 ], [ 128.955821021556261, 36.965932759502472 ], [ 128.954623794858918, 36.967499260182734 ], [ 128.952381447493735, 36.970840920247575 ], [ 128.950737363977908, 36.973708171405477 ], [ 128.949822425740308, 36.975863880326372 ], [ 128.949604606710238, 36.976248365551399 ], [ 128.949278229643795, 36.9764282686928 ], [ 128.94738548583166, 36.976906064355042 ], [ 128.945655855045004, 36.97728985191133 ], [ 128.944644223350025, 36.977510322632 ], [ 128.944122058533736, 36.97769009039537 ], [ 128.94136796484446, 36.980687637865934 ], [ 128.940246652260441, 36.982033077309012 ], [ 128.939168475153849, 36.98373852609501 ], [ 128.937219479523833, 36.986016417323619 ], [ 128.935586558607042, 36.987545641923155 ], [ 128.933681818704429, 36.988833280062295 ], [ 128.932745873868811, 36.989364555863112 ], [ 128.929502814319704, 36.990946011947784 ], [ 128.929185761582488, 36.991044787395538 ], [ 128.928926050359792, 36.99112568439179 ], [ 128.927881718295964, 36.991239570382 ], [ 128.925401888374836, 36.990800275336561 ], [ 128.924999626857186, 36.990570865807129 ], [ 128.924488966814977, 36.990022321834651 ], [ 128.923923481269185, 36.989825616716267 ], [ 128.923009944742176, 36.989567197849986 ], [ 128.922226777442489, 36.989574890563659 ], [ 128.921519333594119, 36.989893484764963 ], [ 128.920583276068243, 36.990449264170472 ], [ 128.919951756629587, 36.990968493258606 ], [ 128.919701184770616, 36.991361000461588 ], [ 128.918752815453701, 36.993189181756954 ], [ 128.917575418216586, 36.995458964923188 ], [ 128.915004022791265, 36.999028811332821 ], [ 128.914568474151423, 36.999323050336692 ], [ 128.913708417538629, 36.999866577028605 ], [ 128.91109572078426, 37.001222899166052 ], [ 128.906938408545187, 37.002361139371786 ], [ 128.904990530823341, 37.002629536427982 ], [ 128.904752231523076, 37.002788339068374 ], [ 128.904604286610862, 37.002886934933429 ], [ 128.904318216234088, 37.003969958258907 ], [ 128.904226274441839, 37.00435321144522 ], [ 128.904316626883912, 37.005217870971727 ], [ 128.904353716486412, 37.005562724964193 ], [ 128.904361819837646, 37.005637989643333 ], [ 128.904290334006333, 37.005923400714138 ], [ 128.902310226850119, 37.008356378897602 ], [ 128.90075763488187, 37.010178013856766 ], [ 128.900319713133968, 37.010732251720277 ], [ 128.899601443136561, 37.011918453017302 ], [ 128.899275478019348, 37.012464577368014 ], [ 128.898891589547731, 37.014433997425677 ], [ 128.898855215354217, 37.015074173540995 ], [ 128.899473568731651, 37.016420559787093 ], [ 128.900649321389466, 37.019015201492898 ], [ 128.900689449897641, 37.019439367274515 ], [ 128.900792877353012, 37.021963814401801 ], [ 128.900768542672466, 37.024989783635405 ], [ 128.900761331063251, 37.026608824557627 ], [ 128.900902405794113, 37.027530546944583 ], [ 128.901170193777915, 37.02883174663355 ], [ 128.901484264006001, 37.02972101627639 ], [ 128.901620569191607, 37.030426664612492 ], [ 128.901866936386369, 37.032486363436043 ], [ 128.9018461425091, 37.032910469787979 ], [ 128.901774538815317, 37.033179572352971 ], [ 128.900193041698202, 37.037248182385028 ], [ 128.899963587273021, 37.037790344252521 ], [ 128.898985207737297, 37.039339240320551 ], [ 128.898338638175858, 37.040027817687573 ], [ 128.897575228545861, 37.040500226983752 ], [ 128.896709789929503, 37.041266184274555 ], [ 128.896052736282655, 37.042117925605496 ], [ 128.895725891941112, 37.043145286704679 ], [ 128.895485608221207, 37.044078948680912 ], [ 128.895647470722935, 37.04465821573924 ], [ 128.895733807899887, 37.044897260598461 ], [ 128.896165123098427, 37.04489763183642 ], [ 128.896957815492897, 37.045322473724411 ], [ 128.897272426460916, 37.045754986873504 ], [ 128.897129090215344, 37.046505285889445 ], [ 128.896698660157142, 37.048870196078795 ], [ 128.895998304142211, 37.055215073714123 ], [ 128.896062679723286, 37.055474769575284 ], [ 128.896109546406905, 37.055663820032763 ], [ 128.897367727113476, 37.057867047754293 ], [ 128.89803831209943, 37.058487559175767 ], [ 128.900608339793081, 37.059953149700483 ], [ 128.903709419105894, 37.062064757780988 ], [ 128.904074403595729, 37.063011169020385 ], [ 128.90420805043675, 37.063251388823055 ], [ 128.904419476568194, 37.063631381410779 ], [ 128.905085599303163, 37.064155166880354 ], [ 128.905374710729234, 37.064382481876429 ], [ 128.906299505723268, 37.065109119132643 ], [ 128.909729295424, 37.066867004639555 ], [ 128.910038914924144, 37.0668948191067 ], [ 128.913142752531513, 37.065942940681126 ], [ 128.913794389261369, 37.065421436812379 ], [ 128.91430384136055, 37.064752957880039 ], [ 128.914385670329068, 37.064377825008833 ], [ 128.914589818244423, 37.063725509759507 ], [ 128.915048914369407, 37.062526878268208 ], [ 128.915334193982261, 37.062102972010017 ], [ 128.91627123756291, 37.061092274381636 ], [ 128.91682100330496, 37.060619613517154 ], [ 128.918174691264539, 37.059910978689494 ], [ 128.920209264160633, 37.059700372557018 ], [ 128.92134888230197, 37.059374873884508 ], [ 128.926283902660316, 37.057591918027967 ], [ 128.926640227561563, 37.057322900428773 ], [ 128.926823537932592, 37.057045752646765 ], [ 128.926905514954854, 37.056458579690648 ], [ 128.927313591037432, 37.055219062732739 ], [ 128.927639856490003, 37.054403629727489 ], [ 128.928627672907965, 37.053172662767274 ], [ 128.929787983646946, 37.052210936899137 ], [ 128.930378330917478, 37.051819768916616 ], [ 128.930907704894025, 37.051232864717001 ], [ 128.931040858962007, 37.050197063275128 ], [ 128.931469258762149, 37.048892413994174 ], [ 128.931693512904644, 37.04828891290046 ], [ 128.933300789897629, 37.047947353681607 ], [ 128.936870875763162, 37.047517010498943 ], [ 128.938559293627691, 37.047305892786426 ], [ 128.940522374646122, 37.047021457060218 ], [ 128.941214140933226, 37.046760762549106 ], [ 128.942719909100731, 37.046043741539762 ], [ 128.943411793524518, 37.045620041418786 ], [ 128.944480179051993, 37.044813032742873 ], [ 128.945477505877562, 37.04403055098814 ], [ 128.946718593309129, 37.043427513914502 ], [ 128.947918704382943, 37.043362831646853 ], [ 128.948925325686986, 37.043518248714534 ], [ 128.950430158125272, 37.043991976350981 ], [ 128.953420192154198, 37.043683240284153 ], [ 128.95461033511927, 37.043398272361394 ], [ 128.958495228931781, 37.043040932997911 ], [ 128.962308736620344, 37.043311405035496 ], [ 128.964498929478651, 37.043263733575131 ], [ 128.965678722992237, 37.043100977603153 ], [ 128.966878880936719, 37.042872928976415 ], [ 128.967936533180136, 37.042595886460255 ], [ 128.968190871502287, 37.042424750649459 ], [ 128.968028416676162, 37.041967964502547 ], [ 128.967499938059774, 37.041103214297117 ], [ 128.967174902379924, 37.04025485591086 ], [ 128.967215814892683, 37.039765495480054 ], [ 128.967460272977462, 37.038786845801098 ], [ 128.967633421153977, 37.038191466029431 ], [ 128.968121786805881, 37.037685928097709 ], [ 128.968772797207919, 37.037213029861142 ], [ 128.970278196279168, 37.036283612772785 ], [ 128.972932938801819, 37.034400234912148 ], [ 128.973115967342466, 37.034253418280777 ], [ 128.973380563199328, 37.033584704185216 ], [ 128.973340264903555, 37.0328668956803 ], [ 128.973605051332612, 37.03165987291834 ], [ 128.975100638015562, 37.029042070904943 ], [ 128.97577199005525, 37.02821025756981 ], [ 128.978487426608041, 37.026016787315939 ], [ 128.979443311016013, 37.025380718716313 ], [ 128.985147196934037, 37.025030964057784 ], [ 128.988878438211401, 37.025904204072923 ], [ 128.992182718004699, 37.026695632024484 ], [ 128.992607004991015, 37.026557385713858 ], [ 128.99283354558338, 37.026483567308631 ], [ 128.994948601348824, 37.023759509765696 ], [ 128.995507779950941, 37.02264220243574 ], [ 128.995955184664098, 37.022152836819821 ], [ 128.999014270371703, 37.019868003512642 ], [ 129.000660212789114, 37.019058601482214 ], [ 129.003089922131551, 37.019231600702817 ], [ 129.003163431873787, 37.020105359454419 ], [ 129.003181080497455, 37.020485093435319 ], [ 129.003267954682457, 37.020789644522239 ], [ 129.003471484441235, 37.021402194404821 ], [ 129.003546219947054, 37.021575197768094 ], [ 129.004256598560147, 37.022984102460526 ], [ 129.00435133033514, 37.023171249028465 ], [ 129.004443155771355, 37.023338399788948 ], [ 129.005995642611339, 37.024828170574715 ], [ 129.00606182603363, 37.024887203715238 ], [ 129.006483627575989, 37.025231208379552 ], [ 129.006767388255042, 37.025406183621413 ], [ 129.007077236019512, 37.025584489888445 ], [ 129.007534771656026, 37.025830639319082 ], [ 129.009088643609374, 37.026639999820425 ], [ 129.009151806014046, 37.026665294138397 ], [ 129.009307350438007, 37.026711153815626 ], [ 129.009376577046424, 37.026724757843887 ], [ 129.014053705766457, 37.027170309896867 ], [ 129.01510493548389, 37.027059085821271 ], [ 129.017838288610363, 37.025293087225599 ], [ 129.020713859310348, 37.024212177447581 ], [ 129.023813229477327, 37.023658816279024 ], [ 129.024860902559396, 37.022768540512111 ], [ 129.026876189608117, 37.019769716301823 ], [ 129.02700736538452, 37.019573799583348 ], [ 129.027070481440404, 37.019454318072668 ], [ 129.027100792222456, 37.019362119027818 ], [ 129.027138615758872, 37.019217842355587 ], [ 129.027157448289614, 37.019099352599071 ], [ 129.027167437763609, 37.018731263615457 ], [ 129.027149755712287, 37.01859051446241 ], [ 129.027084052678191, 37.018343902235323 ], [ 129.027005649339657, 37.018125253789336 ], [ 129.026995509852611, 37.018045760707658 ], [ 129.027038179027073, 37.01727812456118 ], [ 129.027053340609115, 37.017242713628839 ], [ 129.027082312022515, 37.017194043643578 ], [ 129.027230022238342, 37.017022894798885 ], [ 129.027440768774085, 37.016868419615925 ], [ 129.027602325153026, 37.01679043782574 ], [ 129.029142409558233, 37.01637135511308 ], [ 129.02983039398913, 37.016207651586406 ], [ 129.030048708039544, 37.016167589127036 ], [ 129.030342896735903, 37.016203007501517 ], [ 129.03063574075594, 37.01623279282061 ], [ 129.030750683930364, 37.01623779609411 ], [ 129.030828887416561, 37.016221632732147 ], [ 129.034138291144785, 37.014499733665033 ], [ 129.034203889137757, 37.014438982607487 ], [ 129.034804466375846, 37.013640917315733 ], [ 129.034220824463091, 37.012811186680452 ], [ 129.033653741447353, 37.012010372394762 ], [ 129.033517345230962, 37.011804329579782 ], [ 129.033475637476755, 37.011736492078676 ], [ 129.033465494501627, 37.011685855440675 ], [ 129.033469293421774, 37.011618007586797 ], [ 129.03369615680279, 37.010826097257272 ], [ 129.034261210585072, 37.009760134209827 ], [ 129.034295356066764, 37.009728238235311 ], [ 129.037552195306688, 37.007410435208655 ], [ 129.039580041887064, 37.005963207558075 ], [ 129.040155314942638, 37.005348863270981 ], [ 129.040198210728164, 37.005295236734412 ], [ 129.04034529062622, 37.004221296907652 ], [ 129.040347834144853, 37.004137215544787 ], [ 129.0403364656338, 37.004085047756611 ], [ 129.04029347302324, 37.003947377208611 ], [ 129.040204936383759, 37.00371248848834 ], [ 129.040049492533967, 37.003373814762988 ], [ 129.039752985034539, 37.002875977161445 ], [ 129.040146661307688, 37.002224204223694 ], [ 129.042437465667007, 36.998528394054446 ], [ 129.042695187698655, 36.998131836310144 ], [ 129.043124755775096, 36.997671958942185 ], [ 129.043418387706822, 36.997424781619003 ], [ 129.043733502211325, 36.997229217688009 ], [ 129.044191975584454, 36.997056676661806 ], [ 129.045015734689287, 36.996792000800973 ], [ 129.045939785650205, 36.996515835663267 ], [ 129.046641824334785, 36.996371947889742 ], [ 129.047365369066569, 36.996331390497524 ], [ 129.047971520777651, 36.996331148792372 ], [ 129.048812509939296, 36.996330821946728 ], [ 129.049521867797012, 36.996422532369735 ], [ 129.049980515519366, 36.996525790385107 ], [ 129.050381698468385, 36.996565824826952 ], [ 129.050854496311871, 36.99652542374379 ], [ 129.051549394194353, 36.996461886411623 ], [ 129.052989351018851, 36.996294663069172 ], [ 129.054321725355834, 36.996029707997593 ], [ 129.055009464345744, 36.995862779021557 ], [ 129.061899638192074, 36.993497586665363 ], [ 129.062544263872383, 36.993273143757264 ], [ 129.063711632068163, 36.992864530479665 ], [ 129.064563961347005, 36.992519325959393 ], [ 129.066046304519489, 36.991846146868319 ], [ 129.067442439221679, 36.990897195021581 ], [ 129.068115601296626, 36.990592231412791 ], [ 129.071245187284831, 36.989435446387638 ], [ 129.072047335871588, 36.989193563618414 ], [ 129.072362435831337, 36.989101474441981 ], [ 129.072691915875907, 36.989118497895511 ], [ 129.073859962548312, 36.989433876101842 ], [ 129.075981107146561, 36.990168118510667 ], [ 129.079449619918506, 36.991372614319381 ], [ 129.080058712659024, 36.991515950327141 ], [ 129.080846803403517, 36.991595869573594 ], [ 129.082573430094811, 36.991675175159344 ], [ 129.084085065652005, 36.991674121039566 ], [ 129.084636513860062, 36.991575984417246 ], [ 129.084709878883558, 36.991560577820998 ], [ 129.085130770700772, 36.991472194237872 ], [ 129.085689497789417, 36.991460338927048 ], [ 129.086312906626972, 36.991534601933125 ], [ 129.08703667039407, 36.991746747298329 ], [ 129.087660271961028, 36.992091043508829 ], [ 129.088090597686886, 36.992469990100751 ], [ 129.0889297724882, 36.993394619589189 ], [ 129.089181050712057, 36.993773685906923 ], [ 129.089245953730853, 36.994147133710911 ], [ 129.089231861745958, 36.994388531975211 ], [ 129.089082022610825, 36.994888569764178 ], [ 129.088917575663601, 36.995204795602525 ], [ 129.08886777335934, 36.995561109655355 ], [ 129.088983089478091, 36.99610121581312 ], [ 129.089363827258126, 36.996997324545333 ], [ 129.089693933589956, 36.997439590666083 ], [ 129.090174290226599, 36.997715053852595 ], [ 129.090930746635735, 36.997573412188444 ] ] ] ] } },
{ "type": "Feature", "properties": { "OBJECTID": 3074, "adm_nm": "경상북도 봉화군 석포면", "adm_cd": "3741036", "adm_cd2": "4792039000", "sgg": "47920", "sido": "47", "sidonm": "경상북도", "sggnm": "봉화군" }, "geometry": { "type": "MultiPolygon", "coordinates": [ [ [ [ 129.185439342391646, 37.042087201580976 ], [ 129.185260077570888, 37.041838731340285 ], [ 129.184223914615842, 37.039294574442501 ], [ 129.183930835805711, 37.03847786690239 ], [ 129.180093062825762, 37.03593498466897 ], [ 129.178268441487916, 37.033226877577711 ], [ 129.17816101523573, 37.031962659309507 ], [ 129.178137498866533, 37.031851776752525 ], [ 129.177709756653513, 37.030545779046108 ], [ 129.177600325909225, 37.030332906222576 ], [ 129.177424639290535, 37.030053382029472 ], [ 129.17655161582897, 37.028850141710642 ], [ 129.176401913193871, 37.028679543214075 ], [ 129.175306458942998, 37.027705950714733 ], [ 129.171413896388202, 37.02434708014863 ], [ 129.170169311120645, 37.02350992695753 ], [ 129.170068600814517, 37.023443235461571 ], [ 129.167093966136434, 37.02179260188224 ], [ 129.159730893327662, 37.019587770850379 ], [ 129.159598672195926, 37.019564898640844 ], [ 129.159543670168716, 37.019556331978244 ], [ 129.159466465358463, 37.019544333500725 ], [ 129.15937312398205, 37.019562890589469 ], [ 129.158096017333321, 37.020276747702788 ], [ 129.156638240374804, 37.021179807707583 ], [ 129.156357131642238, 37.021417569618571 ], [ 129.156302662997405, 37.021472958172026 ], [ 129.156251169295615, 37.021581339732393 ], [ 129.156229916541861, 37.021731179646828 ], [ 129.156192951138308, 37.021922538077497 ], [ 129.156147199441875, 37.022033224365401 ], [ 129.156062656357733, 37.022141636348728 ], [ 129.155965204954526, 37.022259312101788 ], [ 129.155381381875713, 37.022704890192607 ], [ 129.154709936767347, 37.023159795997593 ], [ 129.151350365203172, 37.023581253208967 ], [ 129.150998400586474, 37.023593218215183 ], [ 129.150854671138262, 37.023565742821006 ], [ 129.150759779941751, 37.023526677950564 ], [ 129.149823016972078, 37.023504805222942 ], [ 129.148999238391553, 37.023957564685517 ], [ 129.147711063340665, 37.024705140807427 ], [ 129.147182070497792, 37.025855851819145 ], [ 129.147046678691339, 37.026119700288781 ], [ 129.145903990514, 37.027873577625961 ], [ 129.145841740759209, 37.027941113047135 ], [ 129.144725273096185, 37.028635163871321 ], [ 129.140644436028168, 37.031503745692163 ], [ 129.139681163495538, 37.032891252050923 ], [ 129.133409397329842, 37.034542699245584 ], [ 129.133272335930997, 37.034562833064754 ], [ 129.13247979970069, 37.034587692199679 ], [ 129.132347637164884, 37.034561857884356 ], [ 129.131798980717065, 37.034374546424921 ], [ 129.131564552828934, 37.034292837987728 ], [ 129.129983339364912, 37.033696818716137 ], [ 129.129756328614008, 37.033593111266526 ], [ 129.129595382166684, 37.033478339600414 ], [ 129.129458089928846, 37.033348538389852 ], [ 129.127686349988153, 37.031312341499572 ], [ 129.1275826783762, 37.031165526339471 ], [ 129.12752268439823, 37.031053624561338 ], [ 129.1262361559358, 37.030000440748459 ], [ 129.122782710668673, 37.029004484384352 ], [ 129.122713233523939, 37.028996960357574 ], [ 129.121769809301526, 37.028987595370033 ], [ 129.121663834148904, 37.028989858859241 ], [ 129.121511234316159, 37.029003085274638 ], [ 129.12140731910327, 37.029025620324504 ], [ 129.121324519143457, 37.029048869899839 ], [ 129.119715517114798, 37.02965429603983 ], [ 129.119681535803892, 37.029769480563608 ], [ 129.119595765293383, 37.029975181502259 ], [ 129.119552531790788, 37.030078052024614 ], [ 129.119511296442084, 37.030158450120041 ], [ 129.119443571670445, 37.030256929225438 ], [ 129.119369519830542, 37.030331595667739 ], [ 129.119308875575854, 37.030369321565644 ], [ 129.119259792650155, 37.030388194964551 ], [ 129.119221370481881, 37.030391122368613 ], [ 129.119159637108311, 37.030378831555133 ], [ 129.119099465436562, 37.030348544900939 ], [ 129.112603328108548, 37.026050651936664 ], [ 129.108353294326264, 37.025039678121829 ], [ 129.106510744177854, 37.023927972552102 ], [ 129.10652592944416, 37.023860537701196 ], [ 129.10653451303105, 37.023806301347321 ], [ 129.106532294756022, 37.023751151286348 ], [ 129.10651107003909, 37.023431287749482 ], [ 129.106493583530892, 37.023378783459464 ], [ 129.106470579858865, 37.02332446375997 ], [ 129.106407176674736, 37.023233053773801 ], [ 129.103754314112848, 37.020076928180629 ], [ 129.102401865044641, 37.018948144904037 ], [ 129.1023222120225, 37.018965686371473 ], [ 129.102242560076292, 37.018976644367392 ], [ 129.102121423447755, 37.018979453732307 ], [ 129.10190421445779, 37.018975228131268 ], [ 129.101822386367076, 37.018959530988127 ], [ 129.101709972250745, 37.018933850618552 ], [ 129.101292934392831, 37.018828241593575 ], [ 129.10117940417166, 37.018795531789081 ], [ 129.097715620184857, 37.017788832414546 ], [ 129.097605676868994, 37.017752439338359 ], [ 129.097491888491192, 37.017697104829757 ], [ 129.092416810308379, 37.01449446118157 ], [ 129.091944575311715, 37.014146908741047 ], [ 129.091123804802578, 37.013428128462905 ], [ 129.090779555229432, 37.013074692450282 ], [ 129.090425085042114, 37.012612259384532 ], [ 129.090413579174566, 37.012576513052842 ], [ 129.090401940572463, 37.012528034302449 ], [ 129.090399082365678, 37.012479016031818 ], [ 129.090365787010512, 37.012360199993324 ], [ 129.090329728529156, 37.012264439516102 ], [ 129.090267828080073, 37.012181404443737 ], [ 129.090037298207449, 37.011920247577784 ], [ 129.089478484686083, 37.011295784682616 ], [ 129.089032062772162, 37.010898022751931 ], [ 129.088924103191772, 37.010819712978268 ], [ 129.087763786904986, 37.01003472168685 ], [ 129.087388069057596, 37.009845138252828 ], [ 129.087219658582939, 37.009764530439575 ], [ 129.087032606045909, 37.009688518908959 ], [ 129.086610985489045, 37.009531326540383 ], [ 129.083781370686012, 37.008194218209894 ], [ 129.083651876922005, 37.008130884672774 ], [ 129.083587112768356, 37.008087034135478 ], [ 129.083556855784025, 37.00805651274807 ], [ 129.083539589220265, 37.007997681574196 ], [ 129.083550982234073, 37.007937669336116 ], [ 129.083635567567967, 37.007705680518441 ], [ 129.083720415178306, 37.007623706379668 ], [ 129.085064508487562, 37.00689001509889 ], [ 129.086278016885387, 37.006358329976791 ], [ 129.086367205898114, 37.006337551406148 ], [ 129.0864463151145, 37.006342089334531 ], [ 129.086567114139257, 37.006357051800173 ], [ 129.086670739339269, 37.0063949910489 ], [ 129.086795973364701, 37.006461852061292 ], [ 129.086947134490231, 37.006609964136445 ], [ 129.087104188775015, 37.006788724066205 ], [ 129.087147372835005, 37.00682445627929 ], [ 129.087225079416555, 37.006887926205771 ], [ 129.088330771787554, 37.007691332978055 ], [ 129.090251251783144, 37.009036481882461 ], [ 129.090353439936138, 37.009081460380962 ], [ 129.090515913067435, 37.009088820701002 ], [ 129.090828004981802, 37.009053979494574 ], [ 129.093304801754897, 37.00876131445284 ], [ 129.093977769430808, 37.008544448588076 ], [ 129.094705279620399, 37.008268694775005 ], [ 129.095196847424518, 37.008005190624786 ], [ 129.095570622544187, 37.007794855996138 ], [ 129.095613738491949, 37.007763735962492 ], [ 129.095626622739644, 37.00773137298615 ], [ 129.09543965736114, 37.007730968432334 ], [ 129.09532459819377, 37.007721785803597 ], [ 129.095157681258769, 37.007665427086224 ], [ 129.095055479703603, 37.007612426433262 ], [ 129.094963263804999, 37.007542044236764 ], [ 129.093592082846925, 37.006059855601428 ], [ 129.093401935078219, 37.005822300651445 ], [ 129.093301080082398, 37.005670016105789 ], [ 129.091757224172198, 37.002897860605138 ], [ 129.090963344293783, 36.998559241198038 ], [ 129.090869498534971, 36.997955949060078 ], [ 129.090930746635735, 36.997573412188444 ], [ 129.090174290226599, 36.997715053852595 ], [ 129.089693933589956, 36.997439590666083 ], [ 129.089363827258126, 36.996997324545333 ], [ 129.088983089478091, 36.99610121581312 ], [ 129.08886777335934, 36.995561109655355 ], [ 129.088917575663601, 36.995204795602525 ], [ 129.089082022610825, 36.994888569764178 ], [ 129.089231861745958, 36.994388531975211 ], [ 129.089245953730853, 36.994147133710911 ], [ 129.089181050712057, 36.993773685906923 ], [ 129.0889297724882, 36.993394619589189 ], [ 129.088090597686886, 36.992469990100751 ], [ 129.087660271961028, 36.992091043508829 ], [ 129.08703667039407, 36.991746747298329 ], [ 129.086312906626972, 36.991534601933125 ], [ 129.085689497789417, 36.991460338927048 ], [ 129.085130770700772, 36.991472194237872 ], [ 129.084709878883558, 36.991560577820998 ], [ 129.084636513860062, 36.991575984417246 ], [ 129.084085065652005, 36.991674121039566 ], [ 129.082573430094811, 36.991675175159344 ], [ 129.080846803403517, 36.991595869573594 ], [ 129.080058712659024, 36.991515950327141 ], [ 129.079449619918506, 36.991372614319381 ], [ 129.075981107146561, 36.990168118510667 ], [ 129.073859962548312, 36.989433876101842 ], [ 129.072691915875907, 36.989118497895511 ], [ 129.072362435831337, 36.989101474441981 ], [ 129.072047335871588, 36.989193563618414 ], [ 129.071245187284831, 36.989435446387638 ], [ 129.068115601296626, 36.990592231412791 ], [ 129.067442439221679, 36.990897195021581 ], [ 129.066046304519489, 36.991846146868319 ], [ 129.064563961347005, 36.992519325959393 ], [ 129.063711632068163, 36.992864530479665 ], [ 129.062544263872383, 36.993273143757264 ], [ 129.061899638192074, 36.993497586665363 ], [ 129.055009464345744, 36.995862779021557 ], [ 129.054321725355834, 36.996029707997593 ], [ 129.052989351018851, 36.996294663069172 ], [ 129.051549394194353, 36.996461886411623 ], [ 129.050854496311871, 36.99652542374379 ], [ 129.050381698468385, 36.996565824826952 ], [ 129.049980515519366, 36.996525790385107 ], [ 129.049521867797012, 36.996422532369735 ], [ 129.048812509939296, 36.996330821946728 ], [ 129.047971520777651, 36.996331148792372 ], [ 129.047365369066569, 36.996331390497524 ], [ 129.046641824334785, 36.996371947889742 ], [ 129.045939785650205, 36.996515835663267 ], [ 129.045015734689287, 36.996792000800973 ], [ 129.044191975584454, 36.997056676661806 ], [ 129.043733502211325, 36.997229217688009 ], [ 129.043418387706822, 36.997424781619003 ], [ 129.043124755775096, 36.997671958942185 ], [ 129.042695187698655, 36.998131836310144 ], [ 129.042437465667007, 36.998528394054446 ], [ 129.040146661307688, 37.002224204223694 ], [ 129.039752985034539, 37.002875977161445 ], [ 129.040049492533967, 37.003373814762988 ], [ 129.040204936383759, 37.00371248848834 ], [ 129.04029347302324, 37.003947377208611 ], [ 129.0403364656338, 37.004085047756611 ], [ 129.040347834144853, 37.004137215544787 ], [ 129.04034529062622, 37.004221296907652 ], [ 129.040198210728164, 37.005295236734412 ], [ 129.040155314942638, 37.005348863270981 ], [ 129.039580041887064, 37.005963207558075 ], [ 129.037552195306688, 37.007410435208655 ], [ 129.034295356066764, 37.009728238235311 ], [ 129.034261210585072, 37.009760134209827 ], [ 129.03369615680279, 37.010826097257272 ], [ 129.033469293421774, 37.011618007586797 ], [ 129.033465494501627, 37.011685855440675 ], [ 129.033475637476755, 37.011736492078676 ], [ 129.033517345230962, 37.011804329579782 ], [ 129.033653741447353, 37.012010372394762 ], [ 129.034220824463091, 37.012811186680452 ], [ 129.034804466375846, 37.013640917315733 ], [ 129.034203889137757, 37.014438982607487 ], [ 129.034138291144785, 37.014499733665033 ], [ 129.030828887416561, 37.016221632732147 ], [ 129.030750683930364, 37.01623779609411 ], [ 129.03063574075594, 37.01623279282061 ], [ 129.030342896735903, 37.016203007501517 ], [ 129.030048708039544, 37.016167589127036 ], [ 129.02983039398913, 37.016207651586406 ], [ 129.029142409558233, 37.01637135511308 ], [ 129.027602325153026, 37.01679043782574 ], [ 129.027440768774085, 37.016868419615925 ], [ 129.027230022238342, 37.017022894798885 ], [ 129.027082312022515, 37.017194043643578 ], [ 129.027053340609115, 37.017242713628839 ], [ 129.027038179027073, 37.01727812456118 ], [ 129.026995509852611, 37.018045760707658 ], [ 129.027005649339657, 37.018125253789336 ], [ 129.027084052678191, 37.018343902235323 ], [ 129.027149755712287, 37.01859051446241 ], [ 129.027167437763609, 37.018731263615457 ], [ 129.027157448289614, 37.019099352599071 ], [ 129.027138615758872, 37.019217842355587 ], [ 129.027100792222456, 37.019362119027818 ], [ 129.027070481440404, 37.019454318072668 ], [ 129.02700736538452, 37.019573799583348 ], [ 129.026876189608117, 37.019769716301823 ], [ 129.024860902559396, 37.022768540512111 ], [ 129.023813229477327, 37.023658816279024 ], [ 129.020713859310348, 37.024212177447581 ], [ 129.017838288610363, 37.025293087225599 ], [ 129.01510493548389, 37.027059085821271 ], [ 129.014053705766457, 37.027170309896867 ], [ 129.009376577046424, 37.026724757843887 ], [ 129.009307350438007, 37.026711153815626 ], [ 129.009151806014046, 37.026665294138397 ], [ 129.009088643609374, 37.026639999820425 ], [ 129.007534771656026, 37.025830639319082 ], [ 129.007077236019512, 37.025584489888445 ], [ 129.006767388255042, 37.025406183621413 ], [ 129.006483627575989, 37.025231208379552 ], [ 129.00606182603363, 37.024887203715238 ], [ 129.005995642611339, 37.024828170574715 ], [ 129.004443155771355, 37.023338399788948 ], [ 129.00435133033514, 37.023171249028465 ], [ 129.004256598560147, 37.022984102460526 ], [ 129.003546219947054, 37.021575197768094 ], [ 129.003471484441235, 37.021402194404821 ], [ 129.003267954682457, 37.020789644522239 ], [ 129.003181080497455, 37.020485093435319 ], [ 129.003163431873787, 37.020105359454419 ], [ 129.003089922131551, 37.019231600702817 ], [ 129.000660212789114, 37.019058601482214 ], [ 128.999014270371703, 37.019868003512642 ], [ 128.995955184664098, 37.022152836819821 ], [ 128.995507779950941, 37.02264220243574 ], [ 128.994948601348824, 37.023759509765696 ], [ 128.99283354558338, 37.026483567308631 ], [ 128.992607004991015, 37.026557385713858 ], [ 128.992182718004699, 37.026695632024484 ], [ 128.988878438211401, 37.025904204072923 ], [ 128.985147196934037, 37.025030964057784 ], [ 128.979443311016013, 37.025380718716313 ], [ 128.978487426608041, 37.026016787315939 ], [ 128.97577199005525, 37.02821025756981 ], [ 128.975100638015562, 37.029042070904943 ], [ 128.973605051332612, 37.03165987291834 ], [ 128.973340264903555, 37.0328668956803 ], [ 128.973380563199328, 37.033584704185216 ], [ 128.973115967342466, 37.034253418280777 ], [ 128.972932938801819, 37.034400234912148 ], [ 128.970278196279168, 37.036283612772785 ], [ 128.968772797207919, 37.037213029861142 ], [ 128.968121786805881, 37.037685928097709 ], [ 128.967633421153977, 37.038191466029431 ], [ 128.967460272977462, 37.038786845801098 ], [ 128.967215814892683, 37.039765495480054 ], [ 128.967174902379924, 37.04025485591086 ], [ 128.967499938059774, 37.041103214297117 ], [ 128.968028416676162, 37.041967964502547 ], [ 128.968190871502287, 37.042424750649459 ], [ 128.967936533180136, 37.042595886460255 ], [ 128.966878880936719, 37.042872928976415 ], [ 128.965678722992237, 37.043100977603153 ], [ 128.964498929478651, 37.043263733575131 ], [ 128.962308736620344, 37.043311405035496 ], [ 128.958495228931781, 37.043040932997911 ], [ 128.95461033511927, 37.043398272361394 ], [ 128.953420192154198, 37.043683240284153 ], [ 128.950430158125272, 37.043991976350981 ], [ 128.948925325686986, 37.043518248714534 ], [ 128.947918704382943, 37.043362831646853 ], [ 128.946718593309129, 37.043427513914502 ], [ 128.945477505877562, 37.04403055098814 ], [ 128.944480179051993, 37.044813032742873 ], [ 128.943411793524518, 37.045620041418786 ], [ 128.942719909100731, 37.046043741539762 ], [ 128.941214140933226, 37.046760762549106 ], [ 128.940522374646122, 37.047021457060218 ], [ 128.938559293627691, 37.047305892786426 ], [ 128.936870875763162, 37.047517010498943 ], [ 128.933300789897629, 37.047947353681607 ], [ 128.931693512904644, 37.04828891290046 ], [ 128.931469258762149, 37.048892413994174 ], [ 128.931040858962007, 37.050197063275128 ], [ 128.930907704894025, 37.051232864717001 ], [ 128.930378330917478, 37.051819768916616 ], [ 128.929787983646946, 37.052210936899137 ], [ 128.928627672907965, 37.053172662767274 ], [ 128.927639856490003, 37.054403629727489 ], [ 128.927313591037432, 37.055219062732739 ], [ 128.926905514954854, 37.056458579690648 ], [ 128.926823537932592, 37.057045752646765 ], [ 128.926640227561563, 37.057322900428773 ], [ 128.926283902660316, 37.057591918027967 ], [ 128.92134888230197, 37.059374873884508 ], [ 128.920209264160633, 37.059700372557018 ], [ 128.918174691264539, 37.059910978689494 ], [ 128.91682100330496, 37.060619613517154 ], [ 128.91627123756291, 37.061092274381636 ], [ 128.915334193982261, 37.062102972010017 ], [ 128.915048914369407, 37.062526878268208 ], [ 128.914589818244423, 37.063725509759507 ], [ 128.914385670329068, 37.064377825008833 ], [ 128.91430384136055, 37.064752957880039 ], [ 128.913794389261369, 37.065421436812379 ], [ 128.913142752531513, 37.065942940681126 ], [ 128.910038914924144, 37.0668948191067 ], [ 128.909729295424, 37.066867004639555 ], [ 128.909783204578133, 37.069703798673444 ], [ 128.90980259798539, 37.070503144814069 ], [ 128.909954179497561, 37.071343319142812 ], [ 128.910604503780291, 37.07198005831183 ], [ 128.910960145375924, 37.07218243919403 ], [ 128.911092436374815, 37.072257694990064 ], [ 128.912210846396448, 37.072845771425399 ], [ 128.912698594282773, 37.073384516541694 ], [ 128.914231897363294, 37.075922160124655 ], [ 128.916477544230332, 37.078427748847801 ], [ 128.916782432699677, 37.0787216249389 ], [ 128.91726951290093, 37.07992904441128 ], [ 128.917228034281408, 37.08061417948521 ], [ 128.916564730085327, 37.082334644775472 ], [ 128.916482196065971, 37.083329625504341 ], [ 128.916521760666029, 37.084357317843384 ], [ 128.91671450867787, 37.084871333325438 ], [ 128.918959196914415, 37.088583946228546 ], [ 128.919629751396712, 37.089546838516121 ], [ 128.92054445335728, 37.090656669848769 ], [ 128.921500072524623, 37.09150557530684 ], [ 128.922323735133915, 37.092068947953905 ], [ 128.924195686992192, 37.092445375357286 ], [ 128.925294800244018, 37.092380841380695 ], [ 128.925959549273841, 37.092226634818559 ], [ 128.92718805490793, 37.091941606723147 ], [ 128.928297328015304, 37.09181993651454 ], [ 128.930108587678603, 37.091935205617865 ], [ 128.932041713665512, 37.092246312539835 ], [ 128.936426822565551, 37.093219341007135 ], [ 128.939305285988695, 37.094925507017791 ], [ 128.939745675703961, 37.095046315752697 ], [ 128.940139618673953, 37.095154359651815 ], [ 128.941625327608506, 37.095285600022457 ], [ 128.943792929532208, 37.095245850655338 ], [ 128.944586858294201, 37.095083131697017 ], [ 128.944626612779274, 37.095056641575482 ], [ 128.945526578548055, 37.094242409583906 ], [ 128.947264941998299, 37.092629367954402 ], [ 128.948751825645189, 37.091015163929875 ], [ 128.949024024469395, 37.090436911690787 ], [ 128.949342963251951, 37.089759334689852 ], [ 128.950168263072243, 37.088161759082503 ], [ 128.950535074973544, 37.087451687306732 ], [ 128.951023964240079, 37.086636262451975 ], [ 128.95168584295584, 37.085975886241251 ], [ 128.953294210751011, 37.084867346031693 ], [ 128.953599776121791, 37.084361788213258 ], [ 128.953295090432221, 37.083480784487648 ], [ 128.953061888917603, 37.082151252578022 ], [ 128.953123278053113, 37.08164561504428 ], [ 128.95361212319699, 37.080993249575357 ], [ 128.954100731951002, 37.080520398012311 ], [ 128.955475067958247, 37.079338299743824 ], [ 128.959779843714927, 37.0775047746843 ], [ 128.96030899377655, 37.077439719546845 ], [ 128.964703542590968, 37.078795114776199 ], [ 128.965710564161697, 37.079162414085459 ], [ 128.966178527033179, 37.079374577963542 ], [ 128.966564795971522, 37.080190334905481 ], [ 128.967337801184357, 37.080810398745314 ], [ 128.968619378555729, 37.081707956592048 ], [ 128.96955524654021, 37.082132339815594 ], [ 128.972353284581942, 37.082385894793852 ], [ 128.97347252197153, 37.082435089161294 ], [ 128.973872073889908, 37.082206515240479 ], [ 128.974184914487125, 37.0820275295046 ], [ 128.976046892435278, 37.081987122543907 ], [ 128.977145781950668, 37.082003657974248 ], [ 128.981551098817164, 37.083056663877073 ], [ 128.982039451891183, 37.083399241884131 ], [ 128.982314647800166, 37.083650834541807 ], [ 128.983056718884342, 37.084329212098169 ], [ 128.983524762708669, 37.084508774125077 ], [ 128.991685127258478, 37.084721750525205 ], [ 128.993102253666905, 37.084555883494041 ], [ 128.993151007574937, 37.084503543131561 ], [ 128.993387173277284, 37.08424999031358 ], [ 128.993625040713198, 37.083744651672298 ], [ 128.993716905938726, 37.083549459025839 ], [ 128.994585280095066, 37.081973349383482 ], [ 128.994849943367484, 37.081516623504065 ], [ 128.99521615662303, 37.081222969810497 ], [ 128.999065139170199, 37.080366388780064 ], [ 129.003273466076394, 37.079537775167651 ], [ 129.008413431882616, 37.078671673632982 ], [ 129.008521394066037, 37.078637874350541 ], [ 129.008593478128802, 37.078590564183152 ], [ 129.008872465995097, 37.078353746467783 ], [ 129.009151461359977, 37.078157569649406 ], [ 129.009259528051103, 37.078117009186592 ], [ 129.012045477911897, 37.078059222864724 ], [ 129.013274215175329, 37.078109837058371 ], [ 129.013416585088805, 37.078141333793702 ], [ 129.01353525742735, 37.078278937140873 ], [ 129.013679344924469, 37.078461571585713 ], [ 129.014408638250103, 37.079070336824408 ], [ 129.014473131058793, 37.079082449241412 ], [ 129.014516602874494, 37.079090599200057 ], [ 129.014633662034157, 37.079063555438587 ], [ 129.014840689981497, 37.078975601332708 ], [ 129.015209645706079, 37.078799665346374 ], [ 129.017471646503907, 37.077626376487196 ], [ 129.01760849402379, 37.077550670801834 ], [ 129.017709807665, 37.077488205326588 ], [ 129.017780960949437, 37.077438000114299 ], [ 129.017812343440852, 37.077415840885607 ], [ 129.018291233729286, 37.07706813600047 ], [ 129.018627879299203, 37.076813713040259 ], [ 129.018868715186926, 37.076607532269044 ], [ 129.01895662850734, 37.076540711731241 ], [ 129.019024659086341, 37.076489016200298 ], [ 129.019149120091043, 37.076400238400765 ], [ 129.019242237707573, 37.076346429482918 ], [ 129.01947757526483, 37.076240065165102 ], [ 129.019585643540552, 37.076198423634594 ], [ 129.019678748056208, 37.076180842263511 ], [ 129.01986755774891, 37.076159991760697 ], [ 129.020033201716387, 37.076157718063676 ], [ 129.020250811667211, 37.076175252859315 ], [ 129.020675011615793, 37.076210236329636 ], [ 129.021401713342613, 37.076274828813055 ], [ 129.021635140592252, 37.076326940978099 ], [ 129.021686349419099, 37.076338390708109 ], [ 129.021795794392489, 37.076380083068315 ], [ 129.022121622150536, 37.076526912294916 ], [ 129.02223146103546, 37.076602344593951 ], [ 129.022377509979208, 37.076711126726522 ], [ 129.022499325040627, 37.076817427458835 ], [ 129.022607888399989, 37.076946259647627 ], [ 129.022721515693405, 37.077103113468439 ], [ 129.022840953139223, 37.077154551645492 ], [ 129.034312401615836, 37.075759515946778 ], [ 129.038566837363703, 37.074178242774181 ], [ 129.040540670740512, 37.07229393522114 ], [ 129.040620471484459, 37.072248201856297 ], [ 129.040730097351144, 37.072185393491566 ], [ 129.04084610945489, 37.07211956006676 ], [ 129.041302555673013, 37.0719225393456 ], [ 129.050288673343545, 37.068417369863859 ], [ 129.050485521351334, 37.068361420732629 ], [ 129.050771649727693, 37.068295878977146 ], [ 129.05099821276491, 37.068273446182531 ], [ 129.051136478852953, 37.06827825451839 ], [ 129.051217938833503, 37.0682810900161 ], [ 129.051391898478471, 37.068303372359807 ], [ 129.051655171531735, 37.068366965205009 ], [ 129.051840632901047, 37.068423654723077 ], [ 129.051906989494086, 37.06845453612619 ], [ 129.05196200140449, 37.068488118556033 ], [ 129.052012409210363, 37.068546573337706 ], [ 129.052074230886575, 37.068673870981314 ], [ 129.052089433442234, 37.068730096877005 ], [ 129.052145356874775, 37.068936966363168 ], [ 129.052223427274015, 37.069156326048478 ], [ 129.052269232499555, 37.069211277950288 ], [ 129.052381394214962, 37.069297277706895 ], [ 129.052679161352046, 37.069464023131353 ], [ 129.052882812604366, 37.069533149274086 ], [ 129.052942446579408, 37.069553390347671 ], [ 129.053290425906084, 37.069638389318769 ], [ 129.053686377558535, 37.069682897858556 ], [ 129.053847047398534, 37.069682491763096 ], [ 129.054105359062817, 37.069681828012151 ], [ 129.054354849858896, 37.069649088827504 ], [ 129.054579027042905, 37.069588713253822 ], [ 129.054789571520416, 37.069498330090994 ], [ 129.054885319941349, 37.069453447116835 ], [ 129.054947512268768, 37.069424281788429 ], [ 129.05508869574706, 37.069340613985183 ], [ 129.056537615958149, 37.068339840396334 ], [ 129.057553372929874, 37.067630590407774 ], [ 129.057635754578996, 37.067565230175987 ], [ 129.057699782258823, 37.06748085833091 ], [ 129.057704237215489, 37.06743272860728 ], [ 129.057681359740741, 37.06736560971374 ], [ 129.057644654392419, 37.067302013709067 ], [ 129.05755081095964, 37.067214293841793 ], [ 129.05731488830736, 37.06702347768821 ], [ 129.057280902436815, 37.066996480851707 ], [ 129.057216448316666, 37.066945311729604 ], [ 129.057129338037583, 37.066850738538129 ], [ 129.057074256607052, 37.066718304854085 ], [ 129.057054558588391, 37.066636006057578 ], [ 129.057037598083383, 37.066565139977136 ], [ 129.057026068987369, 37.066461975135837 ], [ 129.057162326418648, 37.065043540217737 ], [ 129.057185188018337, 37.064957563051905 ], [ 129.05720466559228, 37.06492325823735 ], [ 129.05724235631962, 37.064856896021013 ], [ 129.057326942641964, 37.064763951250477 ], [ 129.05745506639289, 37.064681357119511 ], [ 129.057587823313526, 37.064626238875562 ], [ 129.057752509898194, 37.064590025842861 ], [ 129.057965456371278, 37.064574428624695 ], [ 129.058070709427028, 37.064573566850861 ], [ 129.058240044651541, 37.064587183104265 ], [ 129.060091967855982, 37.064791002089592 ], [ 129.061607786191701, 37.065528213247021 ], [ 129.061687869897298, 37.065572063482279 ], [ 129.065137890360205, 37.06906315301466 ], [ 129.067758816819264, 37.074289521591076 ], [ 129.067779458296599, 37.074358350718192 ], [ 129.067800135870698, 37.074477001755319 ], [ 129.067767243396418, 37.076093176884498 ], [ 129.067758064514265, 37.076129300397419 ], [ 129.067737637730204, 37.076179628087495 ], [ 129.067113514367207, 37.077230592981365 ], [ 129.067093593625941, 37.07726149183403 ], [ 129.067040277920825, 37.077344172235385 ], [ 129.066930503278257, 37.077449203766058 ], [ 129.066484365171846, 37.077696246856426 ], [ 129.066283485727013, 37.077795372445735 ], [ 129.066213719719912, 37.077867593416784 ], [ 129.065753319935965, 37.078418205417371 ], [ 129.065725123224496, 37.078459055034628 ], [ 129.065725170087859, 37.078510502804214 ], [ 129.065751886421168, 37.078596540601211 ], [ 129.065762500630797, 37.078630687352955 ], [ 129.065789964456457, 37.078704331782674 ], [ 129.065814911320444, 37.078771224167021 ], [ 129.065893536125913, 37.078926875434718 ], [ 129.066688298491641, 37.080240831396836 ], [ 129.066813195490141, 37.080446380674545 ], [ 129.066918912867209, 37.080583093911763 ], [ 129.067031592555708, 37.080708469947311 ], [ 129.067118146303329, 37.08078401638948 ], [ 129.067222908104952, 37.080858041307842 ], [ 129.06877396875322, 37.082091527168636 ], [ 129.070884080112222, 37.084114456970077 ], [ 129.070936441370776, 37.084180921861631 ], [ 129.070982902557034, 37.084316960673888 ], [ 129.071024255031176, 37.084517249542749 ], [ 129.071032438352063, 37.084615453524179 ], [ 129.07104261261037, 37.084793862713546 ], [ 129.07104378053802, 37.084966961577599 ], [ 129.071027778897815, 37.085054639312155 ], [ 129.070568182833796, 37.086249082704242 ], [ 129.070386507629593, 37.086709543794619 ], [ 129.070318198728984, 37.086782126387078 ], [ 129.070220239392228, 37.086863140631976 ], [ 129.070176466665316, 37.086899351050739 ], [ 129.070069968238215, 37.087035463389626 ], [ 129.070025721263761, 37.087111080157804 ], [ 129.069995683537684, 37.087218422383245 ], [ 129.069994459372339, 37.087264607753831 ], [ 129.069993722617653, 37.087292482328081 ], [ 129.070000866530762, 37.087355291106896 ], [ 129.070436287954749, 37.08839810881517 ], [ 129.070476610412669, 37.088457010646593 ], [ 129.072936336508121, 37.090876351776053 ], [ 129.072979544911533, 37.090899935234475 ], [ 129.077183499159361, 37.09302463246469 ], [ 129.077375951015512, 37.093021543983681 ], [ 129.077613435031111, 37.09302579043333 ], [ 129.078294995139686, 37.093090334976381 ], [ 129.078562059213056, 37.093125578329392 ], [ 129.07878593720514, 37.093157862932941 ], [ 129.078947030199885, 37.093187308536791 ], [ 129.082085660316437, 37.093977446969447 ], [ 129.082266377877659, 37.094059849927987 ], [ 129.083508092012238, 37.094792282038924 ], [ 129.08365350794719, 37.094880667791784 ], [ 129.083779255058175, 37.094969059232589 ], [ 129.083948403071787, 37.095154840273992 ], [ 129.084243203295415, 37.095439373186416 ], [ 129.085013542627763, 37.09600243770236 ], [ 129.085151109373896, 37.09609668421502 ], [ 129.08681740331366, 37.097044138775928 ], [ 129.086959086413998, 37.097120780883337 ], [ 129.087021698602626, 37.097154641373166 ], [ 129.087230002536302, 37.097231170976237 ], [ 129.087363562027633, 37.09726945786317 ], [ 129.087556089840575, 37.097319507840872 ], [ 129.087717077404704, 37.097342999399423 ], [ 129.087864201685335, 37.097350392033569 ], [ 129.087948823098685, 37.097354631474964 ], [ 129.088062661381912, 37.097357446567713 ], [ 129.08852209485147, 37.097293657570333 ], [ 129.088828332330053, 37.097234410349813 ], [ 129.089067921748153, 37.097216580511237 ], [ 129.089185800633174, 37.097216493958662 ], [ 129.089287837200857, 37.097228235139568 ], [ 129.089345473084308, 37.097239016675005 ], [ 129.08942927375449, 37.097254707580859 ], [ 129.091507409995188, 37.097675015184649 ], [ 129.091570198613312, 37.097692720798683 ], [ 129.091629178458533, 37.097722153373866 ], [ 129.094887540900316, 37.099863162079131 ], [ 129.095795526190926, 37.10046144957338 ], [ 129.097425771501463, 37.099680472811691 ], [ 129.098108106955436, 37.099842250294962 ], [ 129.101822676082605, 37.099497167225195 ], [ 129.104258117801692, 37.098292090071425 ], [ 129.104747337015226, 37.097825324256299 ], [ 129.105980761003536, 37.09644787764374 ], [ 129.106178397257594, 37.096112910186534 ], [ 129.106799866362508, 37.095386838485823 ], [ 129.106928722263291, 37.095245830988489 ], [ 129.107111219838885, 37.095046144243391 ], [ 129.108589254639469, 37.093522789395777 ], [ 129.112926693457638, 37.092518300487747 ], [ 129.113412719685812, 37.092442618464965 ], [ 129.114149965437917, 37.09237361026328 ], [ 129.115001223513644, 37.092391969743744 ], [ 129.115717105573282, 37.092557951031445 ], [ 129.116184249011297, 37.092806574753375 ], [ 129.11847594249889, 37.092966787458074 ], [ 129.118781379659197, 37.092916631623375 ], [ 129.123669907969941, 37.091175718623973 ], [ 129.127442669547548, 37.088940688047543 ], [ 129.127505495456489, 37.088693771757505 ], [ 129.127443179193051, 37.088129196158619 ], [ 129.127215702403646, 37.087805175388681 ], [ 129.12721855347678, 37.08767522673066 ], [ 129.12722183785209, 37.087525765548556 ], [ 129.12741149289775, 37.084829837817345 ], [ 129.128077601453214, 37.084214585844776 ], [ 129.134593253444763, 37.081349148290386 ], [ 129.138764430920929, 37.080916504133981 ], [ 129.139647191113994, 37.081068194432319 ], [ 129.139818868366149, 37.081104775741842 ], [ 129.14008206621773, 37.081160875570205 ], [ 129.140437047112158, 37.081444861570482 ], [ 129.140723995209385, 37.08167440213893 ], [ 129.141664515826875, 37.081400459271073 ], [ 129.142298731018144, 37.081143230822086 ], [ 129.142571188042012, 37.080914856527386 ], [ 129.143506154060731, 37.079948325842288 ], [ 129.144517992471322, 37.077751448186419 ], [ 129.14370037652742, 37.077851185367216 ], [ 129.143659979756222, 37.077308579287589 ], [ 129.143750208772019, 37.076944732892066 ], [ 129.144464003068748, 37.076428752282737 ], [ 129.145965031051901, 37.076220503752474 ], [ 129.146714805880578, 37.076127442856468 ], [ 129.148242495150271, 37.07593781607477 ], [ 129.148726091243276, 37.075938519992377 ], [ 129.149272236924872, 37.0759392830347 ], [ 129.153125557938267, 37.073655862041342 ], [ 129.154325923868441, 37.07258766458343 ], [ 129.154636877313436, 37.07203868581994 ], [ 129.154908305949903, 37.071116890664094 ], [ 129.15523257939131, 37.070015537235122 ], [ 129.155463765795758, 37.069478273772781 ], [ 129.155811633718798, 37.069179965114664 ], [ 129.156817894139749, 37.069242169064282 ], [ 129.156900744211583, 37.06929873797209 ], [ 129.157765362264172, 37.069889019953507 ], [ 129.158123611387794, 37.070123980833991 ], [ 129.158683370952019, 37.070113798293839 ], [ 129.159052290033571, 37.070107085406448 ], [ 129.165219920181954, 37.069753212716527 ], [ 129.166245002572822, 37.069593630456595 ], [ 129.166442362993394, 37.069469295150554 ], [ 129.166447913274311, 37.06938713869129 ], [ 129.166460034324643, 37.06920737079129 ], [ 129.166440588897245, 37.068986257346744 ], [ 129.166385815930369, 37.068363537464563 ], [ 129.166126055752784, 37.06786852165569 ], [ 129.166040658454676, 37.067705785299196 ], [ 129.166748437432773, 37.066103119814883 ], [ 129.170511939375587, 37.06070167404998 ], [ 129.17097100795354, 37.060069450839585 ], [ 129.172742953739686, 37.058809517080782 ], [ 129.173686848170888, 37.058450124547761 ], [ 129.173828087190202, 37.058434435565907 ], [ 129.174832049028794, 37.058107166699493 ], [ 129.176098718724774, 37.057621112528658 ], [ 129.180280111058636, 37.053700818601286 ], [ 129.183698272126975, 37.049275816454475 ], [ 129.1853817125631, 37.046801413118047 ], [ 129.185414743891641, 37.045843526983717 ], [ 129.185313224481263, 37.045309795085409 ], [ 129.185272337255839, 37.045094872062329 ], [ 129.185150954723582, 37.044551824815557 ], [ 129.185086679049789, 37.044432341240146 ], [ 129.184847581661842, 37.043987888414968 ], [ 129.184883547716197, 37.043660051089546 ], [ 129.185439342391646, 37.042087201580976 ] ] ] ] } },
{ "type": "Feature", "properties": { "OBJECTID": 3075, "adm_nm": "경상북도 봉화군 재산면", "adm_cd": "3741037", "adm_cd2": "4792036000", "sgg": "47920", "sido": "47", "sidonm": "경상북도", "sggnm": "봉화군" }, "geometry": { "type": "MultiPolygon", "coordinates": [ [ [ [ 128.980465687127264, 36.873504627867014 ], [ 128.982307247786167, 36.873200939366626 ], [ 128.982655639926151, 36.873137386640344 ], [ 128.983035766648243, 36.873022904725623 ], [ 128.983305089317696, 36.872857415022544 ], [ 128.983455634690898, 36.872723812001439 ], [ 128.983518946625964, 36.872494670324834 ], [ 128.983519005039113, 36.872252911266081 ], [ 128.983400292604387, 36.871998242703278 ], [ 128.983116889767899, 36.871441316666235 ], [ 128.983077347203619, 36.8712630752226 ], [ 128.983077401367069, 36.871027632107086 ], [ 128.983148776704837, 36.870849397066195 ], [ 128.983410156569306, 36.870582159666419 ], [ 128.983707070427386, 36.870417580250432 ], [ 128.98393665603632, 36.870366708689915 ], [ 128.984205947110098, 36.870354040481246 ], [ 128.990483765054336, 36.871091525912775 ], [ 128.990634277105357, 36.871142458523529 ], [ 128.990832219211427, 36.871244378935103 ], [ 128.990966780881905, 36.871352523289175 ], [ 128.991038096100738, 36.871448055864676 ], [ 128.991117252184324, 36.871658010753997 ], [ 128.99111723596863, 36.871810741948686 ], [ 128.991069640121196, 36.872103513101884 ], [ 128.991093407257893, 36.872243543802291 ], [ 128.991220116229243, 36.872396277397463 ], [ 128.991415931718734, 36.872522018892482 ], [ 128.991645608801861, 36.872592045474356 ], [ 128.99477789654722, 36.873126177009198 ], [ 128.995157986445065, 36.873157985339382 ], [ 128.995528225990171, 36.873183056060014 ], [ 128.995773631350374, 36.873151253757875 ], [ 128.996003344089075, 36.87306854684568 ], [ 128.996098338569766, 36.872985827703431 ], [ 128.996185504842742, 36.872769489806409 ], [ 128.996191119628151, 36.872686936938408 ], [ 128.996209307582262, 36.872419415823281 ], [ 128.996193768030651, 36.871499380909199 ], [ 128.996246798572628, 36.870355816477435 ], [ 128.996365581277928, 36.870088545541158 ], [ 128.996523956399074, 36.869916721907572 ], [ 128.996848643823142, 36.869776696691929 ], [ 128.997141695248985, 36.86969615708486 ], [ 128.999641271454976, 36.86912565652343 ], [ 129.001406220941305, 36.868737299814335 ], [ 129.00161571140643, 36.868661159034687 ], [ 129.001889471184995, 36.868549234929446 ], [ 129.002148885820304, 36.868404871667352 ], [ 129.002253731100808, 36.868276654205808 ], [ 129.002311602128174, 36.867997397560679 ], [ 129.002326517534243, 36.867576493782408 ], [ 129.002426329064974, 36.867299873340606 ], [ 129.002546095696147, 36.867163607864853 ], [ 129.002735625621227, 36.867035301645934 ], [ 129.009649105147247, 36.864241620519401 ], [ 129.015597445457274, 36.862095103032303 ], [ 129.020074184989085, 36.859525269990733 ], [ 129.02452597652487, 36.859571523341046 ], [ 129.026356556323464, 36.85760433951485 ], [ 129.026231565902776, 36.857397476794816 ], [ 129.026231517890665, 36.857214469612998 ], [ 129.026345120326937, 36.856912571765818 ], [ 129.026583903396016, 36.856738706898639 ], [ 129.027152574913487, 36.856509868081446 ], [ 129.029182357196021, 36.855737174562314 ], [ 129.030251291974764, 36.855334399532467 ], [ 129.03085404275555, 36.85515133670787 ], [ 129.031206567856145, 36.855123773196681 ], [ 129.031525027888108, 36.855141962409569 ], [ 129.033242619211023, 36.85556234297291 ], [ 129.033492791408065, 36.855571454914561 ], [ 129.035484809064343, 36.855224930709134 ], [ 129.036430847139002, 36.854782724420488 ], [ 129.03843510393537, 36.85342010375696 ], [ 129.038674382085276, 36.853179525772461 ], [ 129.038743440035205, 36.852917654357007 ], [ 129.03871653836967, 36.852470990899526 ], [ 129.038830098127562, 36.851958661795386 ], [ 129.039148360361224, 36.851583528883104 ], [ 129.039455274514438, 36.851418721675017 ], [ 129.040032722616928, 36.851262657145533 ], [ 129.041719422673907, 36.851512463497983 ], [ 129.042171232085337, 36.851693552696275 ], [ 129.042478309682622, 36.851821497970207 ], [ 129.043564091129355, 36.85255020060572 ], [ 129.04371207299809, 36.852705669020153 ], [ 129.043769005310708, 36.852870280911809 ], [ 129.043826292869682, 36.853647912575482 ], [ 129.0439154349462, 36.853855223998501 ], [ 129.044620682289803, 36.854747323266494 ], [ 129.045872543989645, 36.8559779401415 ], [ 129.046270829005266, 36.856352833818292 ], [ 129.04909510059764, 36.858588017149167 ], [ 129.04981738535929, 36.858845129748758 ], [ 129.051091470038358, 36.859155682091377 ], [ 129.05475424950049, 36.859684648352491 ], [ 129.055061304230179, 36.859711988486033 ], [ 129.055248790288772, 36.859693177776471 ], [ 129.055544447583344, 36.859619876393637 ], [ 129.056078840216458, 36.859390924881417 ], [ 129.056999851877691, 36.858942207863947 ], [ 129.058125562630721, 36.8585940267862 ], [ 129.058932922667708, 36.858419914575329 ], [ 129.060317678896979, 36.858309181169332 ], [ 129.061010232589155, 36.858382759695353 ], [ 129.061476325893551, 36.858455689176495 ], [ 129.063389618482233, 36.858213564335912 ], [ 129.063656533985096, 36.858110526966755 ], [ 129.06481032041367, 36.857587108208726 ], [ 129.067461816026423, 36.856347821155261 ], [ 129.067745777643864, 36.856138692139538 ], [ 129.068137085272468, 36.855836171212729 ], [ 129.069258685978667, 36.854870731546782 ], [ 129.069694837493216, 36.854573389377464 ], [ 129.07094770247636, 36.854116168727202 ], [ 129.071872302475725, 36.853841327377566 ], [ 129.073422488068019, 36.853470495786674 ], [ 129.075503294429353, 36.853039309317928 ], [ 129.077857030583004, 36.852507163272371 ], [ 129.079028120491387, 36.852204532444723 ], [ 129.080130787002872, 36.851773895213221 ], [ 129.080687704885946, 36.851434990315312 ], [ 129.081032850973116, 36.851236679849372 ], [ 129.081464829977705, 36.851080879740735 ], [ 129.083329406213664, 36.850603919032181 ], [ 129.084489224983457, 36.850383514908103 ], [ 129.085410180905598, 36.850254823054883 ], [ 129.08712741338482, 36.850189524087021 ], [ 129.087525497528929, 36.850235016431832 ], [ 129.093726597810445, 36.851396301843756 ], [ 129.094512967197772, 36.851606361607772 ], [ 129.098192226975669, 36.852796029868685 ], [ 129.101726079266882, 36.854015800388048 ], [ 129.102033223528082, 36.854116107865572 ], [ 129.102582212497111, 36.854281528356687 ], [ 129.103717070718943, 36.854535471457595 ], [ 129.103933166634022, 36.854553593877938 ], [ 129.104233376172147, 36.854572334537359 ], [ 129.104524612294483, 36.854507039645362 ], [ 129.105236408733504, 36.85425905223132 ], [ 129.106223314931469, 36.85388064224739 ], [ 129.109258519585211, 36.852656409721043 ], [ 129.110315420506879, 36.852088277897991 ], [ 129.112069668241929, 36.851009233386172 ], [ 129.115317065377809, 36.845957571123186 ], [ 129.116240682368755, 36.844515109109288 ], [ 129.11548551041966, 36.844471411374201 ], [ 129.114965829168739, 36.844227430229893 ], [ 129.114196275485824, 36.843701375563477 ], [ 129.113820543931155, 36.843370320020512 ], [ 129.113574758619222, 36.842962709243139 ], [ 129.113360221177857, 36.842073697828617 ], [ 129.113071282628823, 36.841517102584902 ], [ 129.112923362939256, 36.841407468641329 ], [ 129.112672931787159, 36.841270468278047 ], [ 129.108776437577546, 36.839139186313936 ], [ 129.104329812138701, 36.836570980085249 ], [ 129.103224087917539, 36.835874758033611 ], [ 129.101760040052937, 36.834592770048033 ], [ 129.10149826561198, 36.834327596729224 ], [ 129.100795162004971, 36.832583301295976 ], [ 129.101086285507449, 36.830949794171211 ], [ 129.101028758672101, 36.830410109170018 ], [ 129.100937424452241, 36.830090009401559 ], [ 129.100766495679522, 36.829742508078994 ], [ 129.100242682458145, 36.8291391167431 ], [ 129.099938091791302, 36.828852006898074 ], [ 129.098788739458541, 36.828011316896514 ], [ 129.098197154338692, 36.827682462645079 ], [ 129.096604451946234, 36.826869579774311 ], [ 129.096354234788322, 36.826759948060015 ], [ 129.093029524476606, 36.826005449725024 ], [ 129.092483741526991, 36.825979815526075 ], [ 129.09165193713099, 36.826179062702572 ], [ 129.091041074660666, 36.826486698902414 ], [ 129.090728701634845, 36.826611028449598 ], [ 129.090392903941506, 36.826633266756005 ], [ 129.090009510192516, 36.826594531154363 ], [ 129.089775520773685, 36.826535404772621 ], [ 129.089548476531462, 36.826395204099661 ], [ 129.088764887570193, 36.824929132643177 ], [ 129.087218673194911, 36.824056258875203 ], [ 129.086513292027263, 36.823535314974308 ], [ 129.085938996545593, 36.82294559202753 ], [ 129.085525317915568, 36.822460186925724 ], [ 129.084808502868725, 36.82190272799297 ], [ 129.083181576773228, 36.820714579106685 ], [ 129.082248705871223, 36.820056518126499 ], [ 129.080239025795777, 36.818885535736811 ], [ 129.078456337039484, 36.820045590254544 ], [ 129.078028518379682, 36.820254659236078 ], [ 129.077185824652503, 36.820526524544043 ], [ 129.076796720200946, 36.820568583773692 ], [ 129.076433568921715, 36.820558350542655 ], [ 129.074422892744224, 36.820277826788946 ], [ 129.073567387988788, 36.820758466360282 ], [ 129.073230242185701, 36.820873465707436 ], [ 129.072374328949934, 36.820926151600609 ], [ 129.070454609187266, 36.820822938708879 ], [ 129.069138352795278, 36.820736370188904 ], [ 129.068673354018642, 36.820636246523215 ], [ 129.064703174627283, 36.818958051989263 ], [ 129.064248924764115, 36.81856171901579 ], [ 129.063964684517231, 36.818269291980492 ], [ 129.063664501678204, 36.817674790525757 ], [ 129.063275495344584, 36.816564289357132 ], [ 129.062820185699593, 36.814800616376559 ], [ 129.06243032289629, 36.813715363251859 ], [ 129.062235358528426, 36.813214530183565 ], [ 129.062147359059793, 36.813035709602424 ], [ 129.061705988063238, 36.812555813212683 ], [ 129.056791133975537, 36.808128453040759 ], [ 129.053282120737549, 36.806335668744076 ], [ 129.053175970659595, 36.806335720468944 ], [ 129.052996823025239, 36.806335798947948 ], [ 129.052904807432867, 36.806308848913595 ], [ 129.052854249563126, 36.806294032552231 ], [ 129.052698532234587, 36.80618977561825 ], [ 129.050881706221077, 36.804103127493214 ], [ 129.049092004623247, 36.801888214240947 ], [ 129.047884935567453, 36.799989073642465 ], [ 129.044841147326395, 36.797941898872104 ], [ 129.044568774439284, 36.797962904059709 ], [ 129.044200922690408, 36.797979821411325 ], [ 129.043972328043537, 36.797942222238035 ], [ 129.043648121342187, 36.797858806383182 ], [ 129.043297995567883, 36.797712850232429 ], [ 129.038650142395426, 36.795378266863608 ], [ 129.038338895872329, 36.79518013098307 ], [ 129.037434401810572, 36.794300565788994 ], [ 129.037236266030334, 36.793959306020511 ], [ 129.037119311065993, 36.793280871267704 ], [ 129.037054080659544, 36.792498106125102 ], [ 129.036858932625478, 36.790866965111469 ], [ 129.036742193039629, 36.790606049800452 ], [ 129.035781995514043, 36.789051203991477 ], [ 129.035691189350388, 36.788925966738219 ], [ 129.035600428420992, 36.78888427979151 ], [ 129.034874440323421, 36.78887402888865 ], [ 129.034524423938336, 36.788842861924401 ], [ 129.034355792865711, 36.788790740247848 ], [ 129.033292457251463, 36.788227382182129 ], [ 129.027387504634873, 36.785323168991738 ], [ 129.027231883129843, 36.785271042130603 ], [ 129.021536876672201, 36.783649141967004 ], [ 129.021199765183979, 36.783576216478551 ], [ 129.020888665012762, 36.783576263446221 ], [ 129.020720177971469, 36.783607558851173 ], [ 129.020357254229197, 36.783785045847935 ], [ 129.019592456485071, 36.784317450760291 ], [ 129.019281388552713, 36.784474114240503 ], [ 129.019061038833229, 36.78452632396575 ], [ 129.017829404371128, 36.784557763009516 ], [ 129.016844219445801, 36.784557891491062 ], [ 129.016610860735938, 36.784537107059833 ], [ 129.015783253300157, 36.784276344597998 ], [ 129.011771230900422, 36.782962304240691 ], [ 129.01161895469221, 36.782909194822913 ], [ 129.011382258752064, 36.782826640713282 ], [ 129.010772890732227, 36.782450910695417 ], [ 129.010189516806008, 36.781845598621835 ], [ 129.010077490841837, 36.781745422163205 ], [ 129.009956141923169, 36.781636910753441 ], [ 129.007395574481706, 36.779899568734031 ], [ 129.007213991087326, 36.779816131855441 ], [ 129.007006626157676, 36.779816126585693 ], [ 129.003934325602955, 36.780024930022208 ], [ 129.002495509782108, 36.780421624260747 ], [ 129.00189911792063, 36.780546780915572 ], [ 129.001238057151909, 36.78056770224196 ], [ 129.000693517332962, 36.780525956272022 ], [ 128.999747261052505, 36.780296358100536 ], [ 128.998380040397706, 36.779921193874408 ], [ 128.998017100053858, 36.779795927077132 ], [ 128.997279910598479, 36.779345983077391 ], [ 128.997093738270308, 36.779187834414529 ], [ 128.994968110315114, 36.778272933858041 ], [ 128.994279415167142, 36.778181151998723 ], [ 128.990464187357986, 36.777094661135934 ], [ 128.99033033362474, 36.777054726680646 ], [ 128.99010250565965, 36.77695099186959 ], [ 128.984073166648926, 36.772900049518519 ], [ 128.983954243356322, 36.772776403972195 ], [ 128.983904772429923, 36.772580919925467 ], [ 128.983569822401222, 36.765522476393464 ], [ 128.983574773725053, 36.764981894809907 ], [ 128.983594651456457, 36.764714553553915 ], [ 128.983649140937558, 36.764479191057198 ], [ 128.983733408806103, 36.764275809876445 ], [ 128.983872216172841, 36.764096246344884 ], [ 128.983995999531317, 36.763960648905815 ], [ 128.984273479581475, 36.763765221011901 ], [ 128.98508478362001, 36.763264416797107 ], [ 128.986366338653056, 36.762332933074603 ], [ 128.986470409113537, 36.762181285838203 ], [ 128.986584355579396, 36.761937989520341 ], [ 128.986831903008806, 36.761181448886674 ], [ 128.986980629885778, 36.760545296260567 ], [ 128.987094595374202, 36.760218189522327 ], [ 128.987222764966759, 36.759928148826042 ], [ 128.987534989187679, 36.759401653672612 ], [ 128.987861959464936, 36.759034672992314 ], [ 128.988193061038913, 36.758717236163342 ], [ 128.988420996473451, 36.758537689905062 ], [ 128.988594375981137, 36.758450032408753 ], [ 128.988762817704327, 36.758394169982544 ], [ 128.989469387230429, 36.758279722734954 ], [ 128.989994515696196, 36.758231827705174 ], [ 128.990375959829748, 36.75818797412748 ], [ 128.990484937048763, 36.758132126824776 ], [ 128.990618665955054, 36.758028406409352 ], [ 128.992158516158383, 36.756272548623812 ], [ 128.992272543808383, 36.756041153271717 ], [ 128.992322065283673, 36.755909493036242 ], [ 128.992322080257736, 36.755789826683518 ], [ 128.992317169291368, 36.755630245361978 ], [ 128.992273463335664, 36.754993691134167 ], [ 128.992243818882685, 36.754734439365187 ], [ 128.992199152494948, 36.754594756448931 ], [ 128.992144740792099, 36.754475093987985 ], [ 128.992035798187516, 36.754359365844074 ], [ 128.991961660915706, 36.754304048721274 ], [ 128.991659433121498, 36.754168316515823 ], [ 128.991416782163441, 36.754032676758413 ], [ 128.991238514220896, 36.753893066485936 ], [ 128.990990842936668, 36.753629747862227 ], [ 128.990753825728234, 36.753332364052667 ], [ 128.98957727339095, 36.751495610671341 ], [ 128.989391101943653, 36.751147759160816 ], [ 128.989309606629661, 36.750982562409938 ], [ 128.989268974498486, 36.750837296782187 ], [ 128.989260250849355, 36.750798648764857 ], [ 128.989257344989824, 36.750738895703698 ], [ 128.989279197566162, 36.750704924455668 ], [ 128.990131969437641, 36.749609881597102 ], [ 128.990159660809127, 36.747065049625959 ], [ 128.989753511226013, 36.747205501906762 ], [ 128.988468427610286, 36.74762168629664 ], [ 128.987477435252373, 36.747619758978246 ], [ 128.987357399114046, 36.747616408368181 ], [ 128.985614235279058, 36.747337216669216 ], [ 128.984620545940828, 36.746954825007748 ], [ 128.983410118660032, 36.746430102025521 ], [ 128.982532451083813, 36.746056543539424 ], [ 128.979156415692501, 36.746239339857397 ], [ 128.975605346761938, 36.747102594685799 ], [ 128.969786991701937, 36.747234109211277 ], [ 128.969754052600166, 36.747290338701674 ], [ 128.96861587397018, 36.749298793470587 ], [ 128.968464153816996, 36.74978138621681 ], [ 128.96818722915765, 36.750567616003217 ], [ 128.968151598308481, 36.750623740350186 ], [ 128.968086617668177, 36.750688698182358 ], [ 128.967371087995559, 36.751398847775043 ], [ 128.967260968426586, 36.751494164750312 ], [ 128.967186027339096, 36.751557846872757 ], [ 128.967124202437731, 36.75160260824908 ], [ 128.967033019192883, 36.751650604367583 ], [ 128.96690567195381, 36.75169321429378 ], [ 128.966753707636514, 36.751736221330866 ], [ 128.966611702284069, 36.751748443516568 ], [ 128.966393794518979, 36.751751708289504 ], [ 128.966136455519944, 36.75175371530392 ], [ 128.965630503896278, 36.751773293636347 ], [ 128.964588129941632, 36.751915723267807 ], [ 128.964406804694505, 36.751966291825489 ], [ 128.964235443476497, 36.752025721692462 ], [ 128.964075730475315, 36.752089093998123 ], [ 128.964008613585293, 36.752161896436377 ], [ 128.963980150781339, 36.752211621573821 ], [ 128.963920289264422, 36.752342440490239 ], [ 128.963673762007119, 36.752903935634983 ], [ 128.962933036061941, 36.754622935626067 ], [ 128.962362130118464, 36.756157986854781 ], [ 128.961025414532315, 36.759433431865517 ], [ 128.959034795072569, 36.762208532393728 ], [ 128.958796834485213, 36.762542134022183 ], [ 128.958667671286833, 36.762815657194857 ], [ 128.958613197960631, 36.763078220170932 ], [ 128.958566341060276, 36.763348275870484 ], [ 128.958633693700392, 36.764486140291673 ], [ 128.958728502531386, 36.765193719448092 ], [ 128.958755543641303, 36.765505503989381 ], [ 128.958735030588201, 36.765729799077924 ], [ 128.958496926127339, 36.766320574293843 ], [ 128.95697462215054, 36.768400321653353 ], [ 128.954552247217379, 36.770305691339537 ], [ 128.954351783473896, 36.770431410087056 ], [ 128.952304431060981, 36.771411420620979 ], [ 128.946621916906963, 36.773549033035714 ], [ 128.945444124441337, 36.773500899464622 ], [ 128.942395120755663, 36.77379090837038 ], [ 128.942267672658119, 36.774064047956124 ], [ 128.942208138321348, 36.77427579016733 ], [ 128.942173999783193, 36.774528443445718 ], [ 128.942182321541594, 36.774774353239067 ], [ 128.942402113148688, 36.776217679633689 ], [ 128.942332664207413, 36.778253160151678 ], [ 128.942221485188497, 36.779482585122345 ], [ 128.942196683783095, 36.77968153887587 ], [ 128.942094657814124, 36.779954701570979 ], [ 128.941338081744277, 36.781935145518958 ], [ 128.941009395316513, 36.782647769673723 ], [ 128.940805618207435, 36.782941334861334 ], [ 128.940542378706425, 36.783187098770519 ], [ 128.940397985584525, 36.78331678254299 ], [ 128.940287707789281, 36.783371418435493 ], [ 128.940117950158054, 36.783419097287812 ], [ 128.939829487884282, 36.783405338952825 ], [ 128.93948168422898, 36.783357322244861 ], [ 128.939295033618407, 36.783377671286004 ], [ 128.939125278969101, 36.783418593638523 ], [ 128.939006471282937, 36.783500509518134 ], [ 128.938658306586916, 36.783753014366987 ], [ 128.938446103831268, 36.783916908203985 ], [ 128.936828937516111, 36.785304544711643 ], [ 128.936684511224627, 36.785454784340459 ], [ 128.936591042002789, 36.785632343403044 ], [ 128.936463543650632, 36.785905475446604 ], [ 128.936353087893451, 36.78616494009416 ], [ 128.936183180994163, 36.786376614931179 ], [ 128.935962414030996, 36.786588248315859 ], [ 128.93578403336204, 36.786745301233928 ], [ 128.931060169501393, 36.789722743056288 ], [ 128.930805389440593, 36.78984559857826 ], [ 128.930567793556946, 36.789934211986392 ], [ 128.928375664677475, 36.790667828194287 ], [ 128.928205933542614, 36.790667737588805 ], [ 128.926878900898686, 36.793964037491222 ], [ 128.927207879449384, 36.794397870018976 ], [ 128.927589200398899, 36.795060681808415 ], [ 128.927673690771229, 36.795409107422216 ], [ 128.928777253097905, 36.80140511475193 ], [ 128.928777141963423, 36.801528115710688 ], [ 128.928844950614234, 36.801616931877142 ], [ 128.928938241182976, 36.801671691824936 ], [ 128.929158838991327, 36.801712722234683 ], [ 128.930834126731838, 36.801861788655131 ], [ 128.931767596359037, 36.801917037607701 ], [ 128.932522971531881, 36.801903771896939 ], [ 128.932930269048143, 36.801924563159012 ], [ 128.93597699573516, 36.80287053990093 ], [ 128.936158154545637, 36.803042942709183 ], [ 128.939635879938407, 36.808241194696663 ], [ 128.939668703864356, 36.80839367860986 ], [ 128.940102027750243, 36.811094332570192 ], [ 128.940044184690606, 36.811260027301842 ], [ 128.937924032618895, 36.816876485403526 ], [ 128.937692967815053, 36.817240944504725 ], [ 128.937367312801058, 36.817476587955724 ], [ 128.937062234755786, 36.81760230517115 ], [ 128.93334857527779, 36.819612051391175 ], [ 128.931321356506004, 36.821252579156145 ], [ 128.928706084840542, 36.826981750282428 ], [ 128.928656484220028, 36.827160689925492 ], [ 128.928631430171663, 36.827465530910658 ], [ 128.928647673599045, 36.827704224680026 ], [ 128.928876549882176, 36.828669092988548 ], [ 128.928983568061398, 36.828828188127851 ], [ 128.931411720051699, 36.830808567234286 ], [ 128.931782538134797, 36.830934678518183 ], [ 128.934932011027428, 36.831948946171096 ], [ 128.936912209607385, 36.832366522885323 ], [ 128.938272156886768, 36.832658955872219 ], [ 128.938535844979015, 36.832771729594384 ], [ 128.938799416168052, 36.833013812709119 ], [ 128.939178339435387, 36.833395169260037 ], [ 128.939342943277012, 36.833613951348504 ], [ 128.939432355341467, 36.833800789951844 ], [ 128.94005343417976, 36.83543373844438 ], [ 128.940053345696668, 36.835549711992925 ], [ 128.940024405856605, 36.835705503196763 ], [ 128.939443420365563, 36.838706236521759 ], [ 128.939395973232592, 36.838873440551211 ], [ 128.937799171081451, 36.844073193619984 ], [ 128.937637575387015, 36.844250641865081 ], [ 128.936115383755975, 36.845435570768622 ], [ 128.935441960457325, 36.845872410305077 ], [ 128.934600309390959, 36.845849690290947 ], [ 128.934137232172759, 36.845884103234198 ], [ 128.933900282910429, 36.845940212340551 ], [ 128.930345657987317, 36.847175876226387 ], [ 128.930140959749338, 36.847258032841928 ], [ 128.930087041723453, 36.847366217026597 ], [ 128.930151506183591, 36.847496108168734 ], [ 128.931933477476065, 36.848814106633249 ], [ 128.933356716763569, 36.849618273320722 ], [ 128.933598909348916, 36.849739602886658 ], [ 128.933722685710478, 36.849878170775355 ], [ 128.935050570920907, 36.851561749014081 ], [ 128.935174209972075, 36.85173058367544 ], [ 128.935238795850495, 36.851857662568861 ], [ 128.935346144688936, 36.852199690336903 ], [ 128.935372899443337, 36.852511310535306 ], [ 128.935329534705971, 36.852736474790511 ], [ 128.935275554102702, 36.852926826830881 ], [ 128.935088370198713, 36.853231582179703 ], [ 128.934915794392282, 36.853491282696091 ], [ 128.933928806174436, 36.856070006364483 ], [ 128.93305026759333, 36.859074956688715 ], [ 128.932564162416725, 36.861675682491992 ], [ 128.932503663210611, 36.862608460210737 ], [ 128.932483098252504, 36.863537118417689 ], [ 128.932532087296863, 36.864053115560182 ], [ 128.93260089525424, 36.86435476348624 ], [ 128.932877027180467, 36.864823214999475 ], [ 128.933199594801494, 36.865288544042421 ], [ 128.933732415160108, 36.865788871029274 ], [ 128.934739088437425, 36.866511745293259 ], [ 128.935232634800741, 36.86678984190106 ], [ 128.935913789244353, 36.867083886536932 ], [ 128.937122798812624, 36.867447240043845 ], [ 128.937713183165044, 36.86755002313199 ], [ 128.938355052791707, 36.867629743772149 ], [ 128.938690859236459, 36.867606125834925 ], [ 128.938731600665591, 36.867599432859897 ], [ 128.939797131597658, 36.867424147730596 ], [ 128.940939247106314, 36.867171981164766 ], [ 128.942415145714705, 36.866715596104349 ], [ 128.942760897883403, 36.866572933804342 ], [ 128.943284471301808, 36.866327112803674 ], [ 128.944203300782732, 36.865740222221959 ], [ 128.944569041872455, 36.865399049110565 ], [ 128.94504337203594, 36.865002445385386 ], [ 128.945428609640118, 36.864835910680483 ], [ 128.945695575538991, 36.864791913470718 ], [ 128.945764408362948, 36.864780574950053 ], [ 128.946065506866319, 36.864796313590901 ], [ 128.946559230214916, 36.864875913345095 ], [ 128.951414142202367, 36.866241956862822 ], [ 128.951989089306778, 36.866477480413877 ], [ 128.95240365157855, 36.866731673138524 ], [ 128.953311724969495, 36.867613044614856 ], [ 128.95443527657298, 36.868660470473358 ], [ 128.955142386331175, 36.869049050249671 ], [ 128.956245803742689, 36.869492990851214 ], [ 128.957122148895081, 36.86971507993745 ], [ 128.957820015620854, 36.869819686825224 ], [ 128.958177097531205, 36.869845854164076 ], [ 128.958842635134971, 36.869806997764918 ], [ 128.959659525465355, 36.869662375560978 ], [ 128.960889547794949, 36.869380051137853 ], [ 128.961376239158227, 36.869265591021389 ], [ 128.961862779841397, 36.869218535968059 ], [ 128.962215153062857, 36.869225415411364 ], [ 128.962701633024068, 36.869313245562907 ], [ 128.963104211640001, 36.869401048578133 ], [ 128.964148920204593, 36.869844093122929 ], [ 128.965474011711478, 36.870545644934602 ], [ 128.965792663609818, 36.870761465475823 ], [ 128.965936586812091, 36.870930029056048 ], [ 128.96667153625711, 36.871910997670916 ], [ 128.96702688450182, 36.87256935348946 ], [ 128.967248070585441, 36.873798412440806 ], [ 128.967314306975169, 36.874942372367357 ], [ 128.967305614519915, 36.875576199244726 ], [ 128.967221158848446, 36.876558455587741 ], [ 128.967145506240456, 36.876922554150141 ], [ 128.966994194626409, 36.87746183942923 ], [ 128.966733202933739, 36.877901402437637 ], [ 128.966683498888301, 36.878421130468816 ], [ 128.967126554008331, 36.879179536026989 ], [ 128.967953108369926, 36.879694296612911 ], [ 128.968875635842039, 36.879811868931988 ], [ 128.969414850562771, 36.879757868437615 ], [ 128.969822304625069, 36.879604528631113 ], [ 128.970589386586141, 36.879135345171626 ], [ 128.972588975010524, 36.877370500920662 ], [ 128.97292974792947, 36.877013403033295 ], [ 128.972987567415032, 36.876878880367386 ], [ 128.973016461501459, 36.876679379912787 ], [ 128.972912732127355, 36.87602056531653 ], [ 128.972751461775431, 36.875092663347125 ], [ 128.972648766007552, 36.874391247195028 ], [ 128.972648909975817, 36.873992302717255 ], [ 128.972660530474258, 36.873806696557551 ], [ 128.972741555156176, 36.873398420868106 ], [ 128.973177944011354, 36.872219723411206 ], [ 128.973627088449831, 36.871432805193699 ], [ 128.974135701325196, 36.870796213129438 ], [ 128.97506775672494, 36.869998421161235 ], [ 128.976140133219047, 36.869442312342898 ], [ 128.976750536319656, 36.869234732021795 ], [ 128.977192647593142, 36.869212934468798 ], [ 128.977505429647749, 36.869251277116796 ], [ 128.977859109863488, 36.869409862509777 ], [ 128.978552594095135, 36.870027616685917 ], [ 128.979197025609039, 36.870747343520037 ], [ 128.979680066977636, 36.871581495403213 ], [ 128.980079202025792, 36.872506183537411 ], [ 128.980465687127264, 36.873504627867014 ] ] ] ] } },
{ "type": "Feature", "properties": { "OBJECTID": 3076, "adm_nm": "경상북도 봉화군 명호면", "adm_cd": "3741038", "adm_cd2": "4792037000", "sgg": "47920", "sido": "47", "sidonm": "경상북도", "sggnm": "봉화군" }, "geometry": { "type": "MultiPolygon", "coordinates": [ [ [ [ 128.965936586812091, 36.870930029056048 ], [ 128.965792663609818, 36.870761465475823 ], [ 128.965474011711478, 36.870545644934602 ], [ 128.964148920204593, 36.869844093122929 ], [ 128.963104211640001, 36.869401048578133 ], [ 128.962701633024068, 36.869313245562907 ], [ 128.962215153062857, 36.869225415411364 ], [ 128.961862779841397, 36.869218535968059 ], [ 128.961376239158227, 36.869265591021389 ], [ 128.960889547794949, 36.869380051137853 ], [ 128.959659525465355, 36.869662375560978 ], [ 128.958842635134971, 36.869806997764918 ], [ 128.958177097531205, 36.869845854164076 ], [ 128.957820015620854, 36.869819686825224 ], [ 128.957122148895081, 36.86971507993745 ], [ 128.956245803742689, 36.869492990851214 ], [ 128.955142386331175, 36.869049050249671 ], [ 128.95443527657298, 36.868660470473358 ], [ 128.953311724969495, 36.867613044614856 ], [ 128.95240365157855, 36.866731673138524 ], [ 128.951989089306778, 36.866477480413877 ], [ 128.951414142202367, 36.866241956862822 ], [ 128.946559230214916, 36.864875913345095 ], [ 128.946065506866319, 36.864796313590901 ], [ 128.945764408362948, 36.864780574950053 ], [ 128.945695575538991, 36.864791913470718 ], [ 128.945428609640118, 36.864835910680483 ], [ 128.94504337203594, 36.865002445385386 ], [ 128.944569041872455, 36.865399049110565 ], [ 128.944203300782732, 36.865740222221959 ], [ 128.943284471301808, 36.866327112803674 ], [ 128.942760897883403, 36.866572933804342 ], [ 128.942415145714705, 36.866715596104349 ], [ 128.940939247106314, 36.867171981164766 ], [ 128.939797131597658, 36.867424147730596 ], [ 128.938731600665591, 36.867599432859897 ], [ 128.938690859236459, 36.867606125834925 ], [ 128.938355052791707, 36.867629743772149 ], [ 128.937713183165044, 36.86755002313199 ], [ 128.937122798812624, 36.867447240043845 ], [ 128.935913789244353, 36.867083886536932 ], [ 128.935232634800741, 36.86678984190106 ], [ 128.934739088437425, 36.866511745293259 ], [ 128.933732415160108, 36.865788871029274 ], [ 128.933199594801494, 36.865288544042421 ], [ 128.932877027180467, 36.864823214999475 ], [ 128.93260089525424, 36.86435476348624 ], [ 128.932532087296863, 36.864053115560182 ], [ 128.932483098252504, 36.863537118417689 ], [ 128.932503663210611, 36.862608460210737 ], [ 128.932564162416725, 36.861675682491992 ], [ 128.93305026759333, 36.859074956688715 ], [ 128.933928806174436, 36.856070006364483 ], [ 128.934915794392282, 36.853491282696091 ], [ 128.935088370198713, 36.853231582179703 ], [ 128.935275554102702, 36.852926826830881 ], [ 128.935329534705971, 36.852736474790511 ], [ 128.935372899443337, 36.852511310535306 ], [ 128.935346144688936, 36.852199690336903 ], [ 128.935238795850495, 36.851857662568861 ], [ 128.935174209972075, 36.85173058367544 ], [ 128.935050570920907, 36.851561749014081 ], [ 128.933722685710478, 36.849878170775355 ], [ 128.933598909348916, 36.849739602886658 ], [ 128.933356716763569, 36.849618273320722 ], [ 128.931933477476065, 36.848814106633249 ], [ 128.930151506183591, 36.847496108168734 ], [ 128.930087041723453, 36.847366217026597 ], [ 128.930140959749338, 36.847258032841928 ], [ 128.930345657987317, 36.847175876226387 ], [ 128.933900282910429, 36.845940212340551 ], [ 128.934137232172759, 36.845884103234198 ], [ 128.934600309390959, 36.845849690290947 ], [ 128.935441960457325, 36.845872410305077 ], [ 128.936115383755975, 36.845435570768622 ], [ 128.937637575387015, 36.844250641865081 ], [ 128.937799171081451, 36.844073193619984 ], [ 128.939395973232592, 36.838873440551211 ], [ 128.939443420365563, 36.838706236521759 ], [ 128.940024405856605, 36.835705503196763 ], [ 128.940053345696668, 36.835549711992925 ], [ 128.94005343417976, 36.83543373844438 ], [ 128.939432355341467, 36.833800789951844 ], [ 128.939342943277012, 36.833613951348504 ], [ 128.939178339435387, 36.833395169260037 ], [ 128.938799416168052, 36.833013812709119 ], [ 128.938535844979015, 36.832771729594384 ], [ 128.938272156886768, 36.832658955872219 ], [ 128.936912209607385, 36.832366522885323 ], [ 128.934932011027428, 36.831948946171096 ], [ 128.931782538134797, 36.830934678518183 ], [ 128.931411720051699, 36.830808567234286 ], [ 128.928983568061398, 36.828828188127851 ], [ 128.928876549882176, 36.828669092988548 ], [ 128.928647673599045, 36.827704224680026 ], [ 128.928631430171663, 36.827465530910658 ], [ 128.928656484220028, 36.827160689925492 ], [ 128.928706084840542, 36.826981750282428 ], [ 128.931321356506004, 36.821252579156145 ], [ 128.93334857527779, 36.819612051391175 ], [ 128.937062234755786, 36.81760230517115 ], [ 128.937367312801058, 36.817476587955724 ], [ 128.937692967815053, 36.817240944504725 ], [ 128.937924032618895, 36.816876485403526 ], [ 128.940044184690606, 36.811260027301842 ], [ 128.940102027750243, 36.811094332570192 ], [ 128.939668703864356, 36.80839367860986 ], [ 128.939635879938407, 36.808241194696663 ], [ 128.936158154545637, 36.803042942709183 ], [ 128.93597699573516, 36.80287053990093 ], [ 128.932930269048143, 36.801924563159012 ], [ 128.932522971531881, 36.801903771896939 ], [ 128.931767596359037, 36.801917037607701 ], [ 128.930834126731838, 36.801861788655131 ], [ 128.929158838991327, 36.801712722234683 ], [ 128.928938241182976, 36.801671691824936 ], [ 128.928844950614234, 36.801616931877142 ], [ 128.928777141963423, 36.801528115710688 ], [ 128.928777253097905, 36.80140511475193 ], [ 128.927673690771229, 36.795409107422216 ], [ 128.927589200398899, 36.795060681808415 ], [ 128.927207879449384, 36.794397870018976 ], [ 128.926878900898686, 36.793964037491222 ], [ 128.928205933542614, 36.790667737588805 ], [ 128.928375664677475, 36.790667828194287 ], [ 128.930567793556946, 36.789934211986392 ], [ 128.930805389440593, 36.78984559857826 ], [ 128.931060169501393, 36.789722743056288 ], [ 128.93578403336204, 36.786745301233928 ], [ 128.935962414030996, 36.786588248315859 ], [ 128.936183180994163, 36.786376614931179 ], [ 128.936353087893451, 36.78616494009416 ], [ 128.936463543650632, 36.785905475446604 ], [ 128.936591042002789, 36.785632343403044 ], [ 128.936684511224627, 36.785454784340459 ], [ 128.936828937516111, 36.785304544711643 ], [ 128.938446103831268, 36.783916908203985 ], [ 128.938658306586916, 36.783753014366987 ], [ 128.939006471282937, 36.783500509518134 ], [ 128.939125278969101, 36.783418593638523 ], [ 128.939295033618407, 36.783377671286004 ], [ 128.93948168422898, 36.783357322244861 ], [ 128.939829487884282, 36.783405338952825 ], [ 128.940117950158054, 36.783419097287812 ], [ 128.940287707789281, 36.783371418435493 ], [ 128.940397985584525, 36.78331678254299 ], [ 128.940542378706425, 36.783187098770519 ], [ 128.940805618207435, 36.782941334861334 ], [ 128.941009395316513, 36.782647769673723 ], [ 128.941338081744277, 36.781935145518958 ], [ 128.942094657814124, 36.779954701570979 ], [ 128.942196683783095, 36.77968153887587 ], [ 128.942221485188497, 36.779482585122345 ], [ 128.942332664207413, 36.778253160151678 ], [ 128.942402113148688, 36.776217679633689 ], [ 128.942182321541594, 36.774774353239067 ], [ 128.942173999783193, 36.774528443445718 ], [ 128.942208138321348, 36.77427579016733 ], [ 128.942267672658119, 36.774064047956124 ], [ 128.942395120755663, 36.77379090837038 ], [ 128.942200299037779, 36.773688903545406 ], [ 128.941836525737614, 36.773475324693379 ], [ 128.938934501303805, 36.771689994901294 ], [ 128.938150407432119, 36.771187665693709 ], [ 128.937051646090765, 36.770454199453411 ], [ 128.935670380631336, 36.769774901305858 ], [ 128.934661118152206, 36.769351370978271 ], [ 128.931278778224112, 36.767948011728549 ], [ 128.930853411415654, 36.767807626435484 ], [ 128.930327962881108, 36.767720536659802 ], [ 128.929977616814369, 36.767723934894363 ], [ 128.929249946015517, 36.767810257373988 ], [ 128.928428541160713, 36.768008929976766 ], [ 128.927930596281243, 36.768223895860856 ], [ 128.927220522370391, 36.768639031214477 ], [ 128.92651954819766, 36.76903200774877 ], [ 128.926279773867662, 36.76912089623503 ], [ 128.926049369261079, 36.769120754386655 ], [ 128.925786806419296, 36.769035248443451 ], [ 128.925226534250555, 36.768817469514964 ], [ 128.922179564387392, 36.767704572786862 ], [ 128.920638292819433, 36.767251434892124 ], [ 128.920368822588728, 36.767348490288875 ], [ 128.919878551561396, 36.767588305176083 ], [ 128.917317519140511, 36.769081177627868 ], [ 128.917080901078322, 36.769235376821385 ], [ 128.916389888504568, 36.769785458804876 ], [ 128.914792092820875, 36.771089310274867 ], [ 128.914523436181895, 36.771336116670177 ], [ 128.914286533674186, 36.771634389787941 ], [ 128.913711865887336, 36.772768176560128 ], [ 128.913673307900751, 36.772881346668228 ], [ 128.912632690452057, 36.773882231875412 ], [ 128.909725844111904, 36.77500065803391 ], [ 128.909425331745211, 36.775082778085519 ], [ 128.909041756974631, 36.775103042148423 ], [ 128.904303813205956, 36.775311466428612 ], [ 128.904080155833867, 36.775285501803893 ], [ 128.903870561682425, 36.775218655443922 ], [ 128.903608719732887, 36.775084713923555 ], [ 128.901730306980284, 36.774331916490333 ], [ 128.899473804355694, 36.773475280711189 ], [ 128.891370172905738, 36.773530050020057 ], [ 128.890590134234714, 36.773591063834893 ], [ 128.890289675500156, 36.77362168124219 ], [ 128.889976282649371, 36.773760332381279 ], [ 128.889752404296303, 36.773893858012784 ], [ 128.889585978555232, 36.774032656791782 ], [ 128.889424559667873, 36.774195786977309 ], [ 128.887102515847005, 36.776830944475982 ], [ 128.886346898734047, 36.777694650404882 ], [ 128.886035280124446, 36.778051549454695 ], [ 128.885548071070104, 36.778977231346026 ], [ 128.885240054827449, 36.779692147265145 ], [ 128.884594338397051, 36.781472730131604 ], [ 128.884561923307956, 36.781724835436108 ], [ 128.884587295140335, 36.781904905002136 ], [ 128.884650839811201, 36.782110764527566 ], [ 128.884752899823894, 36.782249828874804 ], [ 128.884887005609869, 36.782399178154741 ], [ 128.885077152115315, 36.782515788395166 ], [ 128.885358173611053, 36.782696192026513 ], [ 128.885524231873404, 36.78282502206492 ], [ 128.885619962049731, 36.782933170112635 ], [ 128.885651807689555, 36.783061790439596 ], [ 128.885632421946156, 36.783144127584208 ], [ 128.885593977570636, 36.783226463213275 ], [ 128.885388988877395, 36.783509206605054 ], [ 128.885004930668515, 36.783827812359277 ], [ 128.884748974914004, 36.783956251479871 ], [ 128.88456351072, 36.783992110466883 ], [ 128.880789327180622, 36.784255064162181 ], [ 128.878543998633575, 36.783939284901983 ], [ 128.875534830008974, 36.78468223066001 ], [ 128.874792813752038, 36.784918177960208 ], [ 128.873692337020941, 36.785400615939025 ], [ 128.873308356697322, 36.785636930540491 ], [ 128.873013737977232, 36.78595560998815 ], [ 128.872737860772503, 36.786257991388638 ], [ 128.87228983813003, 36.786807002588844 ], [ 128.872140131262483, 36.78715909207363 ], [ 128.872052591100982, 36.787447252499845 ], [ 128.872014134914195, 36.788130350927069 ], [ 128.871988450822954, 36.788610697556173 ], [ 128.868370220165133, 36.790919664300894 ], [ 128.86822090301888, 36.790972834256735 ], [ 128.868046638503216, 36.791122152346503 ], [ 128.864972507537686, 36.793792510262975 ], [ 128.864723426534567, 36.794048392281965 ], [ 128.864449263056855, 36.794421689661377 ], [ 128.864424090474984, 36.794592510087497 ], [ 128.864460900951258, 36.794870080804429 ], [ 128.864621537886904, 36.795393369615773 ], [ 128.864708176436267, 36.795628296421256 ], [ 128.864670505114049, 36.795831101391251 ], [ 128.863932359929265, 36.798708008835568 ], [ 128.863832469075533, 36.798932084440985 ], [ 128.863546133095383, 36.799145237576937 ], [ 128.863223329992167, 36.799322834984899 ], [ 128.862862487080349, 36.799471818052531 ], [ 128.855677048467129, 36.801820777590017 ], [ 128.855273693681056, 36.801923991383219 ], [ 128.854305275963213, 36.801769535507489 ], [ 128.853535379144404, 36.801699372877948 ], [ 128.852687252414228, 36.801699941170689 ], [ 128.851598564398927, 36.801739383239671 ], [ 128.846082001066861, 36.802266129569858 ], [ 128.845559647771211, 36.8023507680794 ], [ 128.844750946290901, 36.802627253192632 ], [ 128.843984943155164, 36.803063905385486 ], [ 128.843381530212923, 36.803500871217842 ], [ 128.842759420519258, 36.804411411122935 ], [ 128.841723623508841, 36.806214036840515 ], [ 128.841373403436108, 36.807789246226726 ], [ 128.8412090064989, 36.809237341225426 ], [ 128.841703932404471, 36.809922054505137 ], [ 128.842360164086386, 36.810900995456066 ], [ 128.842706871852215, 36.811627378910579 ], [ 128.842743425510974, 36.811936961580102 ], [ 128.842693194573002, 36.812225151495866 ], [ 128.842391940211655, 36.813586682244839 ], [ 128.841841619117133, 36.815123135742944 ], [ 128.841529455048089, 36.815731229612183 ], [ 128.841003668420029, 36.817417113974592 ], [ 128.840791473905, 36.81813511273505 ], [ 128.840796537947909, 36.818206757524216 ], [ 128.840803559117717, 36.81830588377062 ], [ 128.84084042372146, 36.818519497441628 ], [ 128.84131055578311, 36.819662278268105 ], [ 128.84154609605352, 36.820014925610522 ], [ 128.841583103855442, 36.820164381103432 ], [ 128.841520613154557, 36.820303059940819 ], [ 128.838085929071667, 36.823610034711166 ], [ 128.837811996430105, 36.823769791656801 ], [ 128.837363976937695, 36.823875946824067 ], [ 128.836655130576872, 36.823885599656258 ], [ 128.835660208584244, 36.823852218948296 ], [ 128.834951253033864, 36.823915291538242 ], [ 128.834640040928662, 36.824042916574747 ], [ 128.834365976534428, 36.824256090409321 ], [ 128.834116427191958, 36.824639978730509 ], [ 128.8324986212493, 36.827771161883909 ], [ 128.830621913683217, 36.832895738103637 ], [ 128.830171257742848, 36.834208088246797 ], [ 128.829991119201026, 36.836966107982185 ], [ 128.830125627990498, 36.837980482979205 ], [ 128.830406652137668, 36.83965109545499 ], [ 128.830493381241439, 36.839821968221237 ], [ 128.830581003785227, 36.839893638334374 ], [ 128.830804071752652, 36.83996117980508 ], [ 128.831052529286779, 36.840010751114498 ], [ 128.831288950574958, 36.84005793729645 ], [ 128.831562269157644, 36.840207807108655 ], [ 128.83179679285027, 36.840366548933865 ], [ 128.831933299923719, 36.840537530804482 ], [ 128.831933045139436, 36.840655843066038 ], [ 128.831932622763645, 36.840847125379838 ], [ 128.831733002378684, 36.841124385780653 ], [ 128.830798145326014, 36.841966398338599 ], [ 128.829850874620234, 36.842787002684723 ], [ 128.829533910424715, 36.842941001693745 ], [ 128.828911344048151, 36.843196275394625 ], [ 128.828462815727306, 36.843526590188311 ], [ 128.828200830118817, 36.843814388581478 ], [ 128.827889126750648, 36.844166277780467 ], [ 128.826778799737696, 36.845520343729845 ], [ 128.826554025971546, 36.845904240318397 ], [ 128.8258192130601, 36.847223360877003 ], [ 128.824123888892132, 36.852691221295167 ], [ 128.82092553089214, 36.857605238053232 ], [ 128.820829791224014, 36.857693395074669 ], [ 128.820675158789925, 36.857787767191986 ], [ 128.820550022897834, 36.857831744181205 ], [ 128.820366261454723, 36.857818839818414 ], [ 128.820050379123472, 36.857723738677812 ], [ 128.819692405844989, 36.857597581326772 ], [ 128.819060855081375, 36.857319071347177 ], [ 128.818877163484018, 36.857274638430141 ], [ 128.818627146531213, 36.857261642718299 ], [ 128.818318395077426, 36.857273776348116 ], [ 128.813607465972552, 36.858392346399427 ], [ 128.813224933834874, 36.858498963648792 ], [ 128.812923149968242, 36.858643659575186 ], [ 128.81272413117162, 36.858819960243707 ], [ 128.812605840650093, 36.859084692977632 ], [ 128.812545963230633, 36.859538757196894 ], [ 128.812588626008051, 36.860110382184189 ], [ 128.812639341146308, 36.860419534941833 ], [ 128.813831134506444, 36.86272102317001 ], [ 128.816234551190121, 36.866967453056361 ], [ 128.817534904762198, 36.8676486259276 ], [ 128.822589828964198, 36.872143776365945 ], [ 128.823355598332398, 36.871913507731584 ], [ 128.823856183451625, 36.871706114163892 ], [ 128.824496777916323, 36.871334918738299 ], [ 128.824820785908258, 36.871139874122889 ], [ 128.826433223088344, 36.86942800403537 ], [ 128.828168594612634, 36.868320395228999 ], [ 128.82848502751591, 36.868245164826618 ], [ 128.829029005155746, 36.868327964276482 ], [ 128.829183198759864, 36.868384948408327 ], [ 128.829330103733241, 36.868486087550728 ], [ 128.832174861764912, 36.871619840355102 ], [ 128.832314144729793, 36.87182188739768 ], [ 128.832376361844211, 36.871941465456132 ], [ 128.832570362199476, 36.872314356312387 ], [ 128.83262105063028, 36.872571779307194 ], [ 128.832613151196796, 36.872798839668384 ], [ 128.832014190078297, 36.878553805648778 ], [ 128.831974932587229, 36.878807230588919 ], [ 128.830986928482616, 36.879732853107051 ], [ 128.83022231962255, 36.880569068851834 ], [ 128.830052610478276, 36.881570644523102 ], [ 128.830255942852745, 36.882139100147064 ], [ 128.831014592330064, 36.884039038642129 ], [ 128.831662885242565, 36.885340903636724 ], [ 128.831847505968256, 36.885954167480143 ], [ 128.831770388732167, 36.887195033886456 ], [ 128.831600422477862, 36.888316220058819 ], [ 128.831264638299473, 36.888734379619159 ], [ 128.831238623252773, 36.888785194998491 ], [ 128.830952326979542, 36.889344645694209 ], [ 128.830928212524583, 36.889391777360323 ], [ 128.831038753896706, 36.88987041621931 ], [ 128.832728707225925, 36.891338178422906 ], [ 128.833844882143353, 36.891414461823231 ], [ 128.834272006907781, 36.891803887055715 ], [ 128.835236427666388, 36.893270510080811 ], [ 128.835358173508212, 36.89374221291385 ], [ 128.842873067829601, 36.891678347030343 ], [ 128.848737171036476, 36.890116062536492 ], [ 128.849371016174956, 36.88948891314773 ], [ 128.849837685006548, 36.888696986685581 ], [ 128.84993121081547, 36.888487796864403 ], [ 128.850638380963488, 36.888384057458453 ], [ 128.851847936949497, 36.888310810133227 ], [ 128.855177471647778, 36.88876352569789 ], [ 128.857055142903249, 36.88954337734824 ], [ 128.857371239453329, 36.889678289955228 ], [ 128.858987460621876, 36.890995999060706 ], [ 128.859823365146298, 36.891714740564282 ], [ 128.860529732811699, 36.892119255632146 ], [ 128.865015111275568, 36.891436694272038 ], [ 128.866932864508698, 36.890691331942087 ], [ 128.867268599428684, 36.890198273145423 ], [ 128.869392740009431, 36.888466236168085 ], [ 128.872019579470077, 36.88639075278882 ], [ 128.87273676542253, 36.886107412084641 ], [ 128.873307568674164, 36.886345012313129 ], [ 128.873905726712678, 36.886936328540898 ], [ 128.875874003694776, 36.891106516812798 ], [ 128.875151604935894, 36.89399772444996 ], [ 128.874778691804011, 36.89583339952722 ], [ 128.874509801778828, 36.897368281448244 ], [ 128.874509071727488, 36.89780568179259 ], [ 128.874612436049148, 36.89798411298748 ], [ 128.876347993554475, 36.899833103998162 ], [ 128.877598520203804, 36.89970068973367 ], [ 128.881855414524864, 36.897882963802225 ], [ 128.882359014417233, 36.897549159457853 ], [ 128.884452266809063, 36.892959636392568 ], [ 128.884600837544497, 36.892572580847705 ], [ 128.884262451436825, 36.891340731247027 ], [ 128.884166720697152, 36.891075969488803 ], [ 128.883967278410438, 36.890841758621811 ], [ 128.883553424126092, 36.890629610910615 ], [ 128.883198543196499, 36.890434170084077 ], [ 128.882939866463033, 36.890283514133081 ], [ 128.88294766633453, 36.890027162104161 ], [ 128.883236575488326, 36.889782263445795 ], [ 128.883784268633207, 36.889624023675189 ], [ 128.884953103006723, 36.889619607235645 ], [ 128.886099968585256, 36.88937834059206 ], [ 128.887802713265302, 36.888505089739652 ], [ 128.88807700290667, 36.888118150355425 ], [ 128.888462407189451, 36.887616978169689 ], [ 128.888788285187815, 36.887316416141964 ], [ 128.889573210930223, 36.886771093447756 ], [ 128.89028386682844, 36.886378896749683 ], [ 128.892992952939579, 36.885186184394925 ], [ 128.893496064212968, 36.885097420318367 ], [ 128.893732720688433, 36.885125483524853 ], [ 128.894006222266881, 36.885270625745036 ], [ 128.894456927397556, 36.885608143466492 ], [ 128.895933877843902, 36.887373075349892 ], [ 128.896037075806191, 36.887618349119869 ], [ 128.896597965457943, 36.888607977210143 ], [ 128.89826007912086, 36.890325654869258 ], [ 128.899021089393415, 36.891025662182876 ], [ 128.899567836701067, 36.891477481490853 ], [ 128.902258417346872, 36.893170926518557 ], [ 128.902576341590276, 36.893265896607183 ], [ 128.902916736383219, 36.893249424801908 ], [ 128.903220157553108, 36.893118742733485 ], [ 128.903516926968109, 36.892478221575018 ], [ 128.905835288664576, 36.890114657935079 ], [ 128.906027892820305, 36.889936474649836 ], [ 128.906301780203393, 36.889816940108936 ], [ 128.906530881593426, 36.889973103105262 ], [ 128.906671269434355, 36.890112522758656 ], [ 128.906618964544492, 36.890502569276549 ], [ 128.906484856481285, 36.891265861698848 ], [ 128.906321723343069, 36.891639066194926 ], [ 128.906313946929856, 36.891937141910617 ], [ 128.906452937325696, 36.892093305252402 ], [ 128.906594769109802, 36.892093438768306 ], [ 128.907090708569456, 36.891854225885403 ], [ 128.908445737892293, 36.89088013563314 ], [ 128.909053207864559, 36.89014504599713 ], [ 128.909394364439891, 36.889384692242643 ], [ 128.90945395413209, 36.889095029896765 ], [ 128.909587259785724, 36.888972510711106 ], [ 128.911984979684206, 36.888146862048067 ], [ 128.912290069266987, 36.888152776911078 ], [ 128.912584104149119, 36.888158490718418 ], [ 128.91309417923469, 36.888465332763346 ], [ 128.913559779386645, 36.8888139408866 ], [ 128.913959044237544, 36.888986977545144 ], [ 128.915933162053733, 36.889838151481577 ], [ 128.916103396462887, 36.889793759333699 ], [ 128.919176047772766, 36.887196440170889 ], [ 128.919390978477963, 36.88688453718931 ], [ 128.919636413001399, 36.885642123982187 ], [ 128.919651814774909, 36.885087694363101 ], [ 128.919512482328173, 36.883945265898767 ], [ 128.919144477036753, 36.882234388431876 ], [ 128.919255915356388, 36.881760757045981 ], [ 128.919552494806425, 36.881136848024227 ], [ 128.919930127194164, 36.880747117027049 ], [ 128.920159633026771, 36.880538317912503 ], [ 128.920633078165707, 36.88044944691859 ], [ 128.92142432658909, 36.880656128984661 ], [ 128.92173475675483, 36.880812419289768 ], [ 128.924860653410207, 36.883650742169777 ], [ 128.925200648786301, 36.883985291850401 ], [ 128.925599484105874, 36.884503749233502 ], [ 128.928065030815986, 36.889824001218386 ], [ 128.929393422384919, 36.893123628725874 ], [ 128.92994631336191, 36.895249723054157 ], [ 128.929938410079558, 36.895784711360612 ], [ 128.930034379364287, 36.895976961602067 ], [ 128.930337583344681, 36.896155470285237 ], [ 128.930707356376246, 36.896278241004872 ], [ 128.931484279622168, 36.896172824450232 ], [ 128.932098304870294, 36.896167695451318 ], [ 128.932956353299829, 36.896276866086104 ], [ 128.933733025438926, 36.896444460236523 ], [ 128.934761147760071, 36.896709692192118 ], [ 128.935589160781745, 36.897328657698857 ], [ 128.935818296722431, 36.897546145808974 ], [ 128.936165786054801, 36.897785920670586 ], [ 128.93636556600066, 36.897825063343198 ], [ 128.936594870784944, 36.897853028485812 ], [ 128.939835438657099, 36.89763181754526 ], [ 128.941293734553994, 36.896629558992991 ], [ 128.941996923285529, 36.896097818649558 ], [ 128.942404365004734, 36.89541824016878 ], [ 128.942508186164162, 36.895050463774005 ], [ 128.942464149066836, 36.89456286328118 ], [ 128.942220599386701, 36.893816091374582 ], [ 128.942058372218497, 36.89322813987598 ], [ 128.942052745762339, 36.891520032115196 ], [ 128.942311583096597, 36.891041130449324 ], [ 128.942518837211622, 36.890840651464039 ], [ 128.942881455825926, 36.890640248506415 ], [ 128.943665829003663, 36.890367612504555 ], [ 128.944775597162703, 36.89014241671272 ], [ 128.94551556737693, 36.889819628531292 ], [ 128.946492515406277, 36.889101198339816 ], [ 128.946870099367999, 36.888658395209951 ], [ 128.946914641031185, 36.888491262614345 ], [ 128.946915138754377, 36.887794708773313 ], [ 128.946752691222372, 36.887326619705497 ], [ 128.946812448540442, 36.886605043809993 ], [ 128.947079308942364, 36.885819419158231 ], [ 128.947523474463765, 36.885265166745079 ], [ 128.949381562207805, 36.883112380152838 ], [ 128.949574052792485, 36.882928567927664 ], [ 128.950084640438121, 36.882633496692549 ], [ 128.950720996228227, 36.882282703093253 ], [ 128.952670120957663, 36.880759257151453 ], [ 128.955176232009961, 36.878186080573641 ], [ 128.955390972601947, 36.877903762309586 ], [ 128.955403230385002, 36.877813601315268 ], [ 128.955461041340897, 36.877388898695393 ], [ 128.955489759086106, 36.877204885432938 ], [ 128.955537608644732, 36.877097588567239 ], [ 128.955804941365614, 36.876821703817015 ], [ 128.956454020584943, 36.876254631771666 ], [ 128.957065043396938, 36.875741135789681 ], [ 128.957380029769013, 36.875488235138249 ], [ 128.957814219160696, 36.87525969664879 ], [ 128.958587281738488, 36.874983946466791 ], [ 128.95977064301573, 36.874654749060277 ], [ 128.960834626660017, 36.874381823244924 ], [ 128.961321366669324, 36.87422097485662 ], [ 128.962132586731315, 36.873860884392215 ], [ 128.962883679651526, 36.873502595037046 ], [ 128.965936586812091, 36.870930029056048 ] ] ] ] } },
{ "type": "Feature", "properties": { "OBJECTID": 3077, "adm_nm": "경상북도 봉화군 상운면", "adm_cd": "3741039", "adm_cd2": "4792038000", "sgg": "47920", "sido": "47", "sidonm": "경상북도", "sggnm": "봉화군" }, "geometry": { "type": "MultiPolygon", "coordinates": [ [ [ [ 128.8258192130601, 36.847223360877003 ], [ 128.826554025971546, 36.845904240318397 ], [ 128.826778799737696, 36.845520343729845 ], [ 128.827889126750648, 36.844166277780467 ], [ 128.828200830118817, 36.843814388581478 ], [ 128.828462815727306, 36.843526590188311 ], [ 128.828911344048151, 36.843196275394625 ], [ 128.829533910424715, 36.842941001693745 ], [ 128.829850874620234, 36.842787002684723 ], [ 128.830798145326014, 36.841966398338599 ], [ 128.831733002378684, 36.841124385780653 ], [ 128.831932622763645, 36.840847125379838 ], [ 128.831933045139436, 36.840655843066038 ], [ 128.831933299923719, 36.840537530804482 ], [ 128.83179679285027, 36.840366548933865 ], [ 128.831562269157644, 36.840207807108655 ], [ 128.831288950574958, 36.84005793729645 ], [ 128.831052529286779, 36.840010751114498 ], [ 128.830804071752652, 36.83996117980508 ], [ 128.830581003785227, 36.839893638334374 ], [ 128.830493381241439, 36.839821968221237 ], [ 128.830406652137668, 36.83965109545499 ], [ 128.830125627990498, 36.837980482979205 ], [ 128.829991119201026, 36.836966107982185 ], [ 128.830171257742848, 36.834208088246797 ], [ 128.830621913683217, 36.832895738103637 ], [ 128.8324986212493, 36.827771161883909 ], [ 128.834116427191958, 36.824639978730509 ], [ 128.834365976534428, 36.824256090409321 ], [ 128.834640040928662, 36.824042916574747 ], [ 128.834951253033864, 36.823915291538242 ], [ 128.835660208584244, 36.823852218948296 ], [ 128.836655130576872, 36.823885599656258 ], [ 128.837363976937695, 36.823875946824067 ], [ 128.837811996430105, 36.823769791656801 ], [ 128.838085929071667, 36.823610034711166 ], [ 128.841520613154557, 36.820303059940819 ], [ 128.841583103855442, 36.820164381103432 ], [ 128.84154609605352, 36.820014925610522 ], [ 128.84131055578311, 36.819662278268105 ], [ 128.84084042372146, 36.818519497441628 ], [ 128.840803559117717, 36.81830588377062 ], [ 128.840796537947909, 36.818206757524216 ], [ 128.840791473905, 36.81813511273505 ], [ 128.841003668420029, 36.817417113974592 ], [ 128.841529455048089, 36.815731229612183 ], [ 128.841841619117133, 36.815123135742944 ], [ 128.842391940211655, 36.813586682244839 ], [ 128.842693194573002, 36.812225151495866 ], [ 128.842743425510974, 36.811936961580102 ], [ 128.842706871852215, 36.811627378910579 ], [ 128.842360164086386, 36.810900995456066 ], [ 128.841703932404471, 36.809922054505137 ], [ 128.8412090064989, 36.809237341225426 ], [ 128.839895904346207, 36.809153778109504 ], [ 128.829821237944174, 36.809694025092327 ], [ 128.827242797257952, 36.809851099442113 ], [ 128.826807287308498, 36.809967883543152 ], [ 128.826279176177906, 36.8101895811863 ], [ 128.825295711508744, 36.810711215216209 ], [ 128.824636285206054, 36.810870379476292 ], [ 128.824275631409762, 36.810880462322871 ], [ 128.824026975084308, 36.810869448099297 ], [ 128.820583139813976, 36.810640081905802 ], [ 128.819949365871253, 36.810468356350384 ], [ 128.81968871909848, 36.810265118295028 ], [ 128.819552656272208, 36.809987369845388 ], [ 128.819516073223554, 36.809677687492872 ], [ 128.820030686341255, 36.807444091663484 ], [ 128.820518417417759, 36.80623861699366 ], [ 128.82066851648861, 36.805833171368626 ], [ 128.820644526962099, 36.80545955061406 ], [ 128.82050850752961, 36.80516043923469 ], [ 128.818928175922593, 36.801844561826186 ], [ 128.817778398840062, 36.800341658153108 ], [ 128.813340997177392, 36.795962461236769 ], [ 128.813018428301348, 36.795684413858851 ], [ 128.81263349387342, 36.795523668938991 ], [ 128.812357809440044, 36.795501869693439 ], [ 128.812061385052743, 36.795618816892798 ], [ 128.811718231030937, 36.79590306787756 ], [ 128.811662714062635, 36.795949061540711 ], [ 128.808411259028503, 36.799342444701473 ], [ 128.807189951560048, 36.800616968146883 ], [ 128.807015137739569, 36.800926207964501 ], [ 128.806877308731032, 36.801331666419998 ], [ 128.806826329202153, 36.801811951520207 ], [ 128.806751197432021, 36.802057381875755 ], [ 128.805938334279205, 36.803870787206634 ], [ 128.805788813948112, 36.804197002096807 ], [ 128.805414119995049, 36.804847539600495 ], [ 128.805042466529414, 36.805227811847473 ], [ 128.804780846874166, 36.805387508548847 ], [ 128.80446976537695, 36.805515138934503 ], [ 128.803735277353724, 36.805844798705742 ], [ 128.803548397819128, 36.806004600786856 ], [ 128.803448357634267, 36.806207273457773 ], [ 128.802761462267824, 36.807847139942012 ], [ 128.802736058179363, 36.808049851484242 ], [ 128.802735906793856, 36.808106347850945 ], [ 128.802735678724588, 36.808199336668324 ], [ 128.80311436740709, 36.810747835270902 ], [ 128.803262375365421, 36.811239097036818 ], [ 128.803668273693319, 36.81250619029197 ], [ 128.804719871703952, 36.81458516489672 ], [ 128.80485332577075, 36.815866383767982 ], [ 128.805188784512808, 36.816386057172778 ], [ 128.805620310729608, 36.816857602423617 ], [ 128.806165933950012, 36.817456278722801 ], [ 128.806289641171645, 36.817734021381128 ], [ 128.806433430103993, 36.82056047527751 ], [ 128.806382834546412, 36.820891377630588 ], [ 128.806182985555921, 36.821243283746909 ], [ 128.805833603049962, 36.821691092684532 ], [ 128.805154144558543, 36.822317243615892 ], [ 128.804780300963984, 36.822594164012358 ], [ 128.80424482307626, 36.822881523516429 ], [ 128.804159191673023, 36.822918093562052 ], [ 128.803821444748422, 36.823062309694798 ], [ 128.803274054307764, 36.82313611147589 ], [ 128.802739249907887, 36.823156557566129 ], [ 128.802080255159581, 36.8230913895203 ], [ 128.801433999573533, 36.82295153947657 ], [ 128.800899879852437, 36.822662368202764 ], [ 128.800515158905057, 36.822384187196519 ], [ 128.800156934529838, 36.821959066624643 ], [ 128.7988336912926, 36.820124878506235 ], [ 128.794150236198334, 36.814911595314307 ], [ 128.793666545119351, 36.814451738154354 ], [ 128.793319056762073, 36.814184309738565 ], [ 128.792971175292905, 36.814066187121696 ], [ 128.792772268966218, 36.81405519662971 ], [ 128.790490303957597, 36.814249695487966 ], [ 128.786777169822329, 36.812470928431019 ], [ 128.782140016259831, 36.809627976243384 ], [ 128.781978604274883, 36.809520979797377 ], [ 128.781842622568149, 36.80926454763577 ], [ 128.781770810278772, 36.808552440695721 ], [ 128.781673518562059, 36.807772986433136 ], [ 128.781586942796309, 36.807601986813204 ], [ 128.781305008904752, 36.807400710188482 ], [ 128.77698716246033, 36.805056066014309 ], [ 128.773271634623626, 36.805965406313376 ], [ 128.772612357522746, 36.806049568628069 ], [ 128.771344316135156, 36.80600442128766 ], [ 128.770466535327813, 36.805822236301395 ], [ 128.769920105900383, 36.805607686700007 ], [ 128.76936133930306, 36.805361051676336 ], [ 128.768740774387965, 36.804986235781847 ], [ 128.767640470023707, 36.803994124397711 ], [ 128.766177153939481, 36.802774292363978 ], [ 128.765184482953345, 36.802110471370838 ], [ 128.764699189262473, 36.801866072681165 ], [ 128.76443969690726, 36.801735394553049 ], [ 128.763942713532401, 36.801595619355908 ], [ 128.763694101035895, 36.801584404174413 ], [ 128.763432722145069, 36.801679942966707 ], [ 128.763308058804427, 36.801807838075511 ], [ 128.763182952039784, 36.802081616657425 ], [ 128.763181817277768, 36.802444563670683 ], [ 128.763329025434672, 36.803106629107603 ], [ 128.763438794898121, 36.803811429499341 ], [ 128.763399615335743, 36.804409140088595 ], [ 128.763146600960454, 36.80607043897826 ], [ 128.763125610178463, 36.806141720109892 ], [ 128.763096320606962, 36.80624110791809 ], [ 128.762186591163527, 36.807400084551624 ], [ 128.762074356363797, 36.807527904108866 ], [ 128.760827794946294, 36.808528849223812 ], [ 128.760057947668571, 36.809125094103372 ], [ 128.758687262635306, 36.810018971040954 ], [ 128.758441793071484, 36.810103729129182 ], [ 128.758408990612281, 36.810105320234875 ], [ 128.75801901914852, 36.810124220856402 ], [ 128.757683381860801, 36.810091442776198 ], [ 128.756974928572106, 36.809972592410908 ], [ 128.756502847380091, 36.809854198685713 ], [ 128.756080874307628, 36.80958642118074 ], [ 128.755721361113729, 36.809276158010761 ], [ 128.755585384156433, 36.809008950190794 ], [ 128.755487960824382, 36.808389623698403 ], [ 128.755466801040171, 36.807999032465254 ], [ 128.755169502249061, 36.80764618416422 ], [ 128.755087018603376, 36.807606066764585 ], [ 128.754970906329476, 36.807549618215781 ], [ 128.752497977557226, 36.807117525378992 ], [ 128.751963258904112, 36.807137756611461 ], [ 128.751465342452548, 36.807286100578246 ], [ 128.751153748469847, 36.807509639333226 ], [ 128.75062998799072, 36.807988935296727 ], [ 128.750048751333281, 36.808457080616989 ], [ 128.749575289419909, 36.808765617123591 ], [ 128.749039976430595, 36.808967317226113 ], [ 128.748616971447149, 36.8090197635793 ], [ 128.748126994616996, 36.809063572808007 ], [ 128.747749037158911, 36.808737442703432 ], [ 128.746523357662483, 36.807060805888831 ], [ 128.746407764299278, 36.806716108096076 ], [ 128.746309547662776, 36.806347089134967 ], [ 128.746280202064554, 36.806070422631137 ], [ 128.746250794767292, 36.805812896428826 ], [ 128.746052126579087, 36.804446871321865 ], [ 128.746044608454554, 36.804396589114873 ], [ 128.746001368254468, 36.804107536605848 ], [ 128.745471074831073, 36.802058733779631 ], [ 128.745416276559013, 36.801863428076636 ], [ 128.744902240042308, 36.800673922335982 ], [ 128.74488728627594, 36.800649767780641 ], [ 128.744785750959835, 36.800504509744634 ], [ 128.744542649133308, 36.800238195220167 ], [ 128.74434125368353, 36.800029565068144 ], [ 128.743807339524523, 36.799401982899163 ], [ 128.743595198704099, 36.799092954456192 ], [ 128.743377050293759, 36.798739325203073 ], [ 128.743272888533426, 36.79856438357178 ], [ 128.743241340178116, 36.798421175974546 ], [ 128.743226954909915, 36.798300310746598 ], [ 128.743227387570755, 36.798175771488083 ], [ 128.743380118572588, 36.796128314449568 ], [ 128.742660260802751, 36.796572871800329 ], [ 128.742067752492545, 36.797251897357931 ], [ 128.741949211763398, 36.797324135211156 ], [ 128.740027279332736, 36.798333001241922 ], [ 128.737172878831217, 36.801376989930816 ], [ 128.736812350740109, 36.801939407299614 ], [ 128.736777732825686, 36.80197464572678 ], [ 128.736727115638274, 36.801999619382677 ], [ 128.736671645591571, 36.802004148051473 ], [ 128.736607596159672, 36.801998440222448 ], [ 128.736319364455625, 36.801966175695085 ], [ 128.736048357669318, 36.801935830819623 ], [ 128.736006498483903, 36.801926449515491 ], [ 128.735968410780515, 36.801892909880856 ], [ 128.734524551617739, 36.798592141437439 ], [ 128.734397765866362, 36.797491452728799 ], [ 128.734397931843546, 36.797443128898735 ], [ 128.734432743926362, 36.797353976453081 ], [ 128.734790668495179, 36.7968268797135 ], [ 128.73386812172609, 36.79495113419317 ], [ 128.732137733280155, 36.791554884386521 ], [ 128.731740475901972, 36.791000063341478 ], [ 128.731670481877842, 36.790932991889768 ], [ 128.731586822610836, 36.790901210795866 ], [ 128.730556617159237, 36.79059958108698 ], [ 128.730411312717848, 36.790575097533825 ], [ 128.729975233236416, 36.79055178876262 ], [ 128.729826163024825, 36.790549582260766 ], [ 128.729698026426234, 36.79055116862461 ], [ 128.729514251503844, 36.790573337877476 ], [ 128.729431746584993, 36.790593304407878 ], [ 128.729360191321973, 36.790619155716996 ], [ 128.729323175395535, 36.790635808888851 ], [ 128.729103456515361, 36.790748698826626 ], [ 128.725630201458188, 36.792815112740286 ], [ 128.725610378547088, 36.792841103824024 ], [ 128.722685327760246, 36.798164219387658 ], [ 128.722629307105109, 36.798291023215128 ], [ 128.722595320803606, 36.798415878785555 ], [ 128.722582320008797, 36.798599227768527 ], [ 128.722594255492197, 36.79871221462956 ], [ 128.722628346674838, 36.79879934737685 ], [ 128.722700328552833, 36.798896517207965 ], [ 128.722751359443464, 36.798958879735878 ], [ 128.722815781194498, 36.799011417942324 ], [ 128.722090515368222, 36.80044913049241 ], [ 128.721248452506501, 36.80084438626082 ], [ 128.722578265407009, 36.801430099836047 ], [ 128.72266629869597, 36.801472816003127 ], [ 128.722751325458802, 36.801525170295534 ], [ 128.722947933460631, 36.80165127832214 ], [ 128.723061025274632, 36.801724012299054 ], [ 128.723520473099597, 36.802117303787497 ], [ 128.723612568221569, 36.802208591631015 ], [ 128.723676984096528, 36.803071216081655 ], [ 128.723684162499609, 36.803395597285359 ], [ 128.723502392432067, 36.803525381926612 ], [ 128.723099260694624, 36.80392963527531 ], [ 128.723026391864522, 36.804025970717035 ], [ 128.722972967722882, 36.80414258266358 ], [ 128.722967160827579, 36.80420543129577 ], [ 128.724507037498086, 36.808040859809076 ], [ 128.724673339502431, 36.80833980641421 ], [ 128.724753837108665, 36.808452236321337 ], [ 128.724781624475042, 36.808480356352987 ], [ 128.724859625368055, 36.808509722313246 ], [ 128.724951596042786, 36.808536880074847 ], [ 128.72521363175801, 36.808586865312066 ], [ 128.725336237374563, 36.808623062883257 ], [ 128.725514545716038, 36.808684096190198 ], [ 128.725567397789405, 36.808724626169344 ], [ 128.726114561631846, 36.809392582684232 ], [ 128.726195081714621, 36.809498275978953 ], [ 128.727296791344855, 36.811109206212286 ], [ 128.727346697883604, 36.811193496005892 ], [ 128.727523740841178, 36.811615927369566 ], [ 128.728019664755749, 36.813363487997471 ], [ 128.728050790461538, 36.814022412678149 ], [ 128.728067082687346, 36.814936082648927 ], [ 128.728063936199447, 36.815034844121342 ], [ 128.728007758730456, 36.815142450806412 ], [ 128.727937726633058, 36.815223127534281 ], [ 128.727839718316062, 36.815326142566462 ], [ 128.727680276852539, 36.815445864927909 ], [ 128.727282504323853, 36.81667960296415 ], [ 128.727601278915273, 36.818826343435084 ], [ 128.727634363777554, 36.818935294391025 ], [ 128.727889175006709, 36.819458890099369 ], [ 128.727941961699202, 36.81952073974287 ], [ 128.728853613546875, 36.820493717706846 ], [ 128.728931550857396, 36.820546637163233 ], [ 128.728998448495076, 36.820566995425438 ], [ 128.729123999643519, 36.820562771569641 ], [ 128.729324927719006, 36.820552037062377 ], [ 128.729447666951216, 36.8205567893473 ], [ 128.729743170948069, 36.820623679176698 ], [ 128.729968934958976, 36.820687078358674 ], [ 128.730097057755358, 36.820750207355196 ], [ 128.731635837847648, 36.821912013601434 ], [ 128.731674721767206, 36.821961484047264 ], [ 128.731682868532658, 36.822029969972483 ], [ 128.731659815924843, 36.822238690686525 ], [ 128.731611569426548, 36.822469802914149 ], [ 128.73158616944184, 36.822548308486773 ], [ 128.731558166056402, 36.822579669294598 ], [ 128.730770592382214, 36.822798996586478 ], [ 128.730700805775314, 36.822810040153151 ], [ 128.730600412656031, 36.82279746802147 ], [ 128.730009423896149, 36.822656963751982 ], [ 128.72973628727226, 36.822573278093017 ], [ 128.729675069865294, 36.822528244887657 ], [ 128.729555451661952, 36.822428080490283 ], [ 128.729438537355861, 36.822351483342381 ], [ 128.729335484811656, 36.822304105310664 ], [ 128.728165123444001, 36.821891739984359 ], [ 128.728042506371423, 36.82184880585924 ], [ 128.724437034226327, 36.821280405701103 ], [ 128.724389599297297, 36.821284764866014 ], [ 128.723895266825735, 36.821425041079138 ], [ 128.723844954763052, 36.821448480079027 ], [ 128.72380856641405, 36.821482093295273 ], [ 128.723478360156889, 36.822525127637874 ], [ 128.723472639434789, 36.822563281962353 ], [ 128.720509777592042, 36.824340383896711 ], [ 128.720210745076542, 36.824115753169345 ], [ 128.719970926373719, 36.823954344835968 ], [ 128.719311587131074, 36.823647413781423 ], [ 128.719254701720587, 36.82363608501138 ], [ 128.718468561951738, 36.824437328252024 ], [ 128.718366765109892, 36.824591806195173 ], [ 128.718343549089184, 36.824711854345651 ], [ 128.718222650602399, 36.82764101303097 ], [ 128.718220098563052, 36.827893407299413 ], [ 128.718382855239781, 36.828979367725275 ], [ 128.718433653800929, 36.82912745554129 ], [ 128.718520367212335, 36.829277720806417 ], [ 128.718586873539351, 36.829339829611385 ], [ 128.720496236361811, 36.830842152349646 ], [ 128.720525274363098, 36.830862878730898 ], [ 128.720576509950064, 36.830886389716241 ], [ 128.72080897984543, 36.830961970204179 ], [ 128.721419201852882, 36.831152688364412 ], [ 128.721632952454058, 36.831193790400995 ], [ 128.723519225582521, 36.831478106003559 ], [ 128.723704342305041, 36.831479658460978 ], [ 128.724397864664951, 36.831463485545079 ], [ 128.724663226348866, 36.831425208700757 ], [ 128.72477389661114, 36.831383248216156 ], [ 128.724870791713869, 36.831330154721499 ], [ 128.725039850960542, 36.831183868916895 ], [ 128.725103636056559, 36.831115128106099 ], [ 128.72520056757287, 36.831049799129673 ], [ 128.725297396565963, 36.831014470061085 ], [ 128.725479827648797, 36.830990434774648 ], [ 128.725626290781435, 36.830981893888669 ], [ 128.725811376414669, 36.830986773202625 ], [ 128.725916276956269, 36.831010357695206 ], [ 128.728507142941055, 36.831973004187681 ], [ 128.72862850584994, 36.832031067231426 ], [ 128.728810417090898, 36.832153701462651 ], [ 128.72904736492012, 36.832342037155733 ], [ 128.729102384261807, 36.832411036410747 ], [ 128.7311922210055, 36.835236990721327 ], [ 128.733888827464824, 36.836843107884832 ], [ 128.734038327278995, 36.836752338216591 ], [ 128.734176733645995, 36.836681533452079 ], [ 128.734351021715781, 36.836619705359993 ], [ 128.734503106851804, 36.836584490914944 ], [ 128.734597100073188, 36.836572465304094 ], [ 128.734710304096069, 36.836592716028214 ], [ 128.734781985018827, 36.836641774298457 ], [ 128.735703950216049, 36.837694974208645 ], [ 128.735932204406765, 36.838006608587364 ], [ 128.736201498174239, 36.838439422872682 ], [ 128.736670942562711, 36.839327167313165 ], [ 128.736914715590245, 36.840113664756309 ], [ 128.737062104539831, 36.840647065965925 ], [ 128.737092518024497, 36.841444935928322 ], [ 128.737014609454036, 36.842038221104325 ], [ 128.736637539442142, 36.844219382973883 ], [ 128.737604873783596, 36.844914699555169 ], [ 128.73770055415747, 36.844994006944788 ], [ 128.73802506496483, 36.845501160882336 ], [ 128.73899726417946, 36.847430648850697 ], [ 128.739066353795835, 36.847571648671313 ], [ 128.739156675634661, 36.84781780240538 ], [ 128.73917559352904, 36.847898895809529 ], [ 128.739080627890218, 36.849009928010581 ], [ 128.739058679920646, 36.849112132893815 ], [ 128.738772917193955, 36.849890917530836 ], [ 128.738703033538769, 36.849982403927363 ], [ 128.738388002397585, 36.850201655444337 ], [ 128.738164361881275, 36.850351628457233 ], [ 128.738046675350517, 36.850389000741693 ], [ 128.73784508763444, 36.850409763052745 ], [ 128.737571548819744, 36.850418796947061 ], [ 128.737358029848366, 36.850419293756723 ], [ 128.737211620033634, 36.850434392121983 ], [ 128.737144344400065, 36.850463191017795 ], [ 128.737050550281339, 36.850530499020905 ], [ 128.736499628329682, 36.85097010547269 ], [ 128.735336747837522, 36.852151113977897 ], [ 128.734772853406923, 36.852890941623528 ], [ 128.734694272090337, 36.853033360747688 ], [ 128.733589382331132, 36.855253968610356 ], [ 128.734434082840011, 36.856514983245567 ], [ 128.735260666436886, 36.857233647250162 ], [ 128.735426043726818, 36.857359048087531 ], [ 128.737512565696363, 36.858609345852415 ], [ 128.740101499924634, 36.859358355243089 ], [ 128.743232124461315, 36.860502581582821 ], [ 128.747312112326455, 36.862247565309481 ], [ 128.750566306275147, 36.862189723802352 ], [ 128.751286124519737, 36.861955225205413 ], [ 128.751451999101278, 36.861901920170688 ], [ 128.751617855618633, 36.861848622307249 ], [ 128.751893108607106, 36.86182773473589 ], [ 128.752074396280165, 36.861844163074799 ], [ 128.752274191158563, 36.861925052865772 ], [ 128.752498787443045, 36.862070425109749 ], [ 128.752685708196736, 36.862285363205253 ], [ 128.752797700932177, 36.862467985950737 ], [ 128.753839600853439, 36.864941134011573 ], [ 128.753880953247744, 36.86505963055437 ], [ 128.753920151417503, 36.86517199232938 ], [ 128.754641512485762, 36.869903318761409 ], [ 128.755697065479097, 36.873377875947803 ], [ 128.755369261594439, 36.876271325359916 ], [ 128.755412464240436, 36.876437668615559 ], [ 128.755555744888426, 36.876631153853602 ], [ 128.757564079147471, 36.878729262365354 ], [ 128.757969542971608, 36.87894769741203 ], [ 128.759621607139394, 36.878776990193465 ], [ 128.760461560628642, 36.878582874251023 ], [ 128.760976971767036, 36.878257455680341 ], [ 128.761383466688045, 36.878149523499587 ], [ 128.770099955111533, 36.878623756267316 ], [ 128.77080350089193, 36.878755687618302 ], [ 128.771425070813791, 36.879148603179175 ], [ 128.77172137348731, 36.87964972158548 ], [ 128.771666081454356, 36.880019524400389 ], [ 128.771176936546397, 36.880649616855294 ], [ 128.771310967077682, 36.881063374229576 ], [ 128.772496599282675, 36.882980586143702 ], [ 128.773009845998843, 36.883373285417974 ], [ 128.775469006110058, 36.885010045190697 ], [ 128.775874491384741, 36.885250142534154 ], [ 128.776336852662979, 36.885331574695869 ], [ 128.777529710145387, 36.88403473238408 ], [ 128.778099836538331, 36.883513516365426 ], [ 128.779184570624153, 36.882927962174961 ], [ 128.779862144239985, 36.88271169640602 ], [ 128.78167637139083, 36.882649736013697 ], [ 128.781900941071171, 36.882649068420491 ], [ 128.782836009692772, 36.884262222954533 ], [ 128.782930208253333, 36.884546422243588 ], [ 128.782842542091686, 36.884800179942786 ], [ 128.78265220691469, 36.885066470264718 ], [ 128.782643361627294, 36.885415618105249 ], [ 128.783154155554229, 36.886656477350357 ], [ 128.783665939967506, 36.887593108388799 ], [ 128.784368801581564, 36.888007803974268 ], [ 128.787370823033228, 36.88929713410645 ], [ 128.790022181443419, 36.890172320129977 ], [ 128.79067205010449, 36.89017349095257 ], [ 128.791024306612513, 36.89008704815096 ], [ 128.791118991443682, 36.889964055959325 ], [ 128.791241711670807, 36.889804608548133 ], [ 128.791297025641086, 36.889347657115877 ], [ 128.791082258389281, 36.888672721454931 ], [ 128.790813427048022, 36.887997683117362 ], [ 128.79073364710257, 36.887475277119592 ], [ 128.790897156362149, 36.887083867050208 ], [ 128.791958010013531, 36.885323101313141 ], [ 128.792690300733511, 36.884867450038612 ], [ 128.792961564753028, 36.884693838970072 ], [ 128.793423709952265, 36.883998301954364 ], [ 128.793560461726116, 36.883498061881099 ], [ 128.793379384692827, 36.880364191436264 ], [ 128.791908516444835, 36.877902881782752 ], [ 128.789930198942415, 36.874064233383884 ], [ 128.789913047610668, 36.873535808446952 ], [ 128.789864640594317, 36.87306859232438 ], [ 128.78980285885828, 36.872897644912442 ], [ 128.78967263568947, 36.872742681116641 ], [ 128.789486303102166, 36.872635555696576 ], [ 128.784789587192222, 36.871017023244264 ], [ 128.782322250631779, 36.870560074413874 ], [ 128.781862119700406, 36.870468473725552 ], [ 128.781597671552618, 36.870389317684875 ], [ 128.78141741333198, 36.870319613911015 ], [ 128.779634791427043, 36.869248861116098 ], [ 128.77944840015283, 36.869131085620324 ], [ 128.779305695047299, 36.868992054164664 ], [ 128.779239315957739, 36.868872713161771 ], [ 128.779208494863099, 36.868749836261131 ], [ 128.779136073546624, 36.867965112870039 ], [ 128.779113068153833, 36.867351250471792 ], [ 128.779188896861683, 36.866842262080162 ], [ 128.77938297563594, 36.866436969514154 ], [ 128.780170809026913, 36.86507210846014 ], [ 128.780426710454236, 36.864690611263207 ], [ 128.781775307526345, 36.862912366333859 ], [ 128.781881354990645, 36.862805779437167 ], [ 128.782093235141645, 36.862678027049341 ], [ 128.784719486575597, 36.86176679755787 ], [ 128.785335684857159, 36.861655827445368 ], [ 128.785681604777494, 36.86162527174627 ], [ 128.786179405467578, 36.861583471505696 ], [ 128.786403256089557, 36.861615868848048 ], [ 128.786875705485784, 36.861776840442893 ], [ 128.787161416934879, 36.861948201395862 ], [ 128.787323143599622, 36.862047768777202 ], [ 128.787420255295018, 36.862107555871695 ], [ 128.787683101767243, 36.86226938214773 ], [ 128.788055453712531, 36.862616982081327 ], [ 128.789313001924285, 36.863881838010464 ], [ 128.790112025625319, 36.864777873748494 ], [ 128.790372458629804, 36.865093274274592 ], [ 128.790923566780918, 36.865696181128087 ], [ 128.791171863415912, 36.865899458660259 ], [ 128.791445300905366, 36.866012026025409 ], [ 128.791600769516634, 36.866044289382721 ], [ 128.797350737553018, 36.865348026517147 ], [ 128.797506394770977, 36.865305609163023 ], [ 128.797618565882772, 36.865252443138431 ], [ 128.797705277456998, 36.865163837127398 ], [ 128.799061420476562, 36.862031149937735 ], [ 128.799087021911674, 36.861764377951424 ], [ 128.799081596876249, 36.861479715223226 ], [ 128.79903672156783, 36.861415206805376 ], [ 128.798951446196554, 36.861292697773642 ], [ 128.797890120334898, 36.858641741417934 ], [ 128.797254505575353, 36.854562214062049 ], [ 128.797236976896471, 36.854324546739086 ], [ 128.797237514533805, 36.854121816073608 ], [ 128.797281602789241, 36.853945726859983 ], [ 128.797506506076445, 36.853577843444455 ], [ 128.797993052694977, 36.853060884619012 ], [ 128.798416769022197, 36.852810754827622 ], [ 128.798752996015537, 36.852661930631442 ], [ 128.799101508692445, 36.852609095576824 ], [ 128.799652418178368, 36.852644528993025 ], [ 128.800585152641645, 36.852795516058421 ], [ 128.80082767346849, 36.852850419930775 ], [ 128.801511462171618, 36.853005228298017 ], [ 128.802695542111451, 36.853306837187581 ], [ 128.803453886459266, 36.853510837541819 ], [ 128.803665342902832, 36.853521916711074 ], [ 128.803864516286723, 36.853468895649428 ], [ 128.804063958418567, 36.853351824193112 ], [ 128.804313530120538, 36.853053342852164 ], [ 128.804460253717593, 36.852727841837293 ], [ 128.804553327082999, 36.851719299280525 ], [ 128.804518986144899, 36.850916747473185 ], [ 128.804543744081627, 36.850598505265779 ], [ 128.804694743992172, 36.849960153271518 ], [ 128.804945459717146, 36.849213365822315 ], [ 128.805332710174099, 36.848605498466881 ], [ 128.805744053753926, 36.848085972762483 ], [ 128.806118011717217, 36.847766327220441 ], [ 128.813055353630773, 36.84265380304182 ], [ 128.813189123168712, 36.842648068859788 ], [ 128.815474079464337, 36.84400394289694 ], [ 128.815759674341649, 36.84421784600989 ], [ 128.815958005806095, 36.844495701632873 ], [ 128.816156032894071, 36.844901683342762 ], [ 128.816404314178328, 36.845115547296132 ], [ 128.817341874908522, 36.845751454997988 ], [ 128.818372950058375, 36.846393559735141 ], [ 128.819043943473446, 36.846736107689956 ], [ 128.819938875630442, 36.847025740922689 ], [ 128.820585399387113, 36.847197497003151 ], [ 128.823644713359926, 36.847629144743713 ], [ 128.823993069775213, 36.847629646538472 ], [ 128.8258192130601, 36.847223360877003 ] ] ] ] } }
]
}
