{
"type": "FeatureCollection",
"name": "gimcheonshi",
"crs": { "type": "name", "properties": { "name": "urn:ogc:def:crs:OGC:1.3:CRS84" } },
"features": [
{ "type": "Feature", "properties": { "OBJECTID": 2811, "adm_nm": "경상북도 김천시 아포읍", "adm_cd": "3703011", "adm_cd2": "4715025000", "sgg": "47150", "sido": "47", "sidonm": "경상북도", "sggnm": "김천시" }, "geometry": { "type": "MultiPolygon", "coordinates": [ [ [ [ 128.29180911192762, 36.170709976064479 ], [ 128.293919440417682, 36.169265013177082 ], [ 128.294099165330266, 36.16913294525682 ], [ 128.295081341219714, 36.168306681378112 ], [ 128.295144711631224, 36.168234621265199 ], [ 128.29525266567461, 36.168035555001886 ], [ 128.295720854728955, 36.166945879984169 ], [ 128.295735273535229, 36.166413439443552 ], [ 128.295716709354707, 36.166331083383582 ], [ 128.295288009885496, 36.165707946385375 ], [ 128.295196939829566, 36.165640844495478 ], [ 128.295086260764919, 36.165606902577672 ], [ 128.294676688046508, 36.165541843690526 ], [ 128.294445680563769, 36.165473902905411 ], [ 128.294148280334326, 36.16527832074906 ], [ 128.29389427187391, 36.165084956422781 ], [ 128.293736880683326, 36.164880414746932 ], [ 128.292702502460855, 36.162934113625766 ], [ 128.292475091120053, 36.162468768224343 ], [ 128.292328948854362, 36.162088099385109 ], [ 128.292306341550045, 36.16191959001263 ], [ 128.292341322738764, 36.161784705784136 ], [ 128.292512984624949, 36.161476397567434 ], [ 128.292772970419747, 36.161002183767792 ], [ 128.292812562928702, 36.160892782544039 ], [ 128.29272656005611, 36.16026381476955 ], [ 128.292669884883679, 36.160126442191654 ], [ 128.291927290626319, 36.158471598935307 ], [ 128.291320575817679, 36.157265910725727 ], [ 128.290811876726025, 36.155892440781983 ], [ 128.290774834628564, 36.155719919712979 ], [ 128.290820490076158, 36.155473526269475 ], [ 128.290921068132661, 36.155018914409986 ], [ 128.290959473842065, 36.154772446164493 ], [ 128.29095357225799, 36.154624599351436 ], [ 128.29074732778642, 36.154223011517367 ], [ 128.290654219422436, 36.154057344490333 ], [ 128.287452423200364, 36.152862829452708 ], [ 128.286136764193543, 36.150116553538467 ], [ 128.286757343797319, 36.147883971092796 ], [ 128.287001609074167, 36.147748351265641 ], [ 128.287130140645246, 36.147655498333478 ], [ 128.28720491568518, 36.147585760876858 ], [ 128.287296059246898, 36.147392297570804 ], [ 128.285418569034306, 36.145672914039075 ], [ 128.283904111906537, 36.144739497261462 ], [ 128.282292016892654, 36.14394606533758 ], [ 128.281069709936673, 36.143414829032139 ], [ 128.280753020303365, 36.143256083277414 ], [ 128.280464494396284, 36.143073878796685 ], [ 128.280381499146642, 36.142922334034324 ], [ 128.28124198649698, 36.141737802133783 ], [ 128.281404219345148, 36.141560125211605 ], [ 128.282068141028986, 36.141163334490479 ], [ 128.28712043615397, 36.138231580383852 ], [ 128.287401877209362, 36.138119465740864 ], [ 128.287829049923772, 36.138052018321986 ], [ 128.288010217498737, 36.138057542996528 ], [ 128.28997247933944, 36.137749514556802 ], [ 128.292956387339217, 36.136249889032783 ], [ 128.29440004500205, 36.135449943945098 ], [ 128.296070604751435, 36.133962049832078 ], [ 128.296145224596728, 36.13383719258519 ], [ 128.296198383708088, 36.133646578436974 ], [ 128.29619248345881, 36.133600379991378 ], [ 128.296177451868829, 36.133521152745637 ], [ 128.296126793849112, 36.133431357261188 ], [ 128.296039739158289, 36.133305555134967 ], [ 128.29588730365208, 36.133089841519578 ], [ 128.294712167404981, 36.13145165972287 ], [ 128.294138636698847, 36.13070337521156 ], [ 128.29374362832317, 36.130361494842901 ], [ 128.291704261118099, 36.128541687817034 ], [ 128.291091614018228, 36.127985554767641 ], [ 128.289198816584133, 36.126180286381071 ], [ 128.284433213487887, 36.121484254382793 ], [ 128.28132071219494, 36.117435336372111 ], [ 128.27903029128629, 36.115251531789319 ], [ 128.278784794625636, 36.115142134369819 ], [ 128.278657508979506, 36.115055048777329 ], [ 128.278444238964312, 36.1148565716462 ], [ 128.27829338573568, 36.114704580134948 ], [ 128.277814983093691, 36.114167053768902 ], [ 128.277425378919929, 36.113696749491318 ], [ 128.277253845560722, 36.113429855516749 ], [ 128.277132622207006, 36.11320937408469 ], [ 128.276693405028652, 36.1123532219735 ], [ 128.276622392816847, 36.112191905143142 ], [ 128.276604668730897, 36.112016187646553 ], [ 128.27662362192234, 36.111794594919751 ], [ 128.2766613788082, 36.111631001542214 ], [ 128.276750321057818, 36.111419633920988 ], [ 128.276851665548406, 36.111172037174832 ], [ 128.276870442383057, 36.110970078628348 ], [ 128.276868243485154, 36.110846310676301 ], [ 128.276250421221448, 36.107440515898382 ], [ 128.276217836755364, 36.107304951367304 ], [ 128.27619221992498, 36.107200816693442 ], [ 128.27571342642031, 36.105923571004809 ], [ 128.275644500407878, 36.105797574439485 ], [ 128.275560766990509, 36.105706804499725 ], [ 128.275436036930301, 36.105606970572225 ], [ 128.275194275912554, 36.10535631926124 ], [ 128.275101348060815, 36.105215471304696 ], [ 128.275009083241571, 36.105001050441317 ], [ 128.274927332013107, 36.104695448726297 ], [ 128.27489734782958, 36.10453832342094 ], [ 128.274914024271055, 36.104301981563964 ], [ 128.274927088436414, 36.104196131344963 ], [ 128.274976913049386, 36.104033578168703 ], [ 128.275046157800944, 36.103860348466789 ], [ 128.275214665944333, 36.103667134585152 ], [ 128.275586393298141, 36.103460243045248 ], [ 128.275619189201677, 36.103416431623899 ], [ 128.275640936174398, 36.103354834654127 ], [ 128.275662224949969, 36.103210241839164 ], [ 128.275670341749446, 36.103139965495068 ], [ 128.275642259979691, 36.101429216880604 ], [ 128.275135323027371, 36.100837360257152 ], [ 128.269601149556451, 36.097697590793445 ], [ 128.269370209896437, 36.097579516911026 ], [ 128.269152040419243, 36.097571435018295 ], [ 128.268620612883979, 36.097684858257452 ], [ 128.268376910461967, 36.097750682304465 ], [ 128.267258769557969, 36.098275657116062 ], [ 128.267117005622055, 36.098371280331698 ], [ 128.266911041931564, 36.098536065062369 ], [ 128.266676508798099, 36.098803903235712 ], [ 128.266472415600731, 36.099065177648754 ], [ 128.266376740293822, 36.09925309120645 ], [ 128.266308440253198, 36.099468089011552 ], [ 128.265508661045317, 36.101992099317599 ], [ 128.263141608449985, 36.103911020233546 ], [ 128.262903128232949, 36.104167004422735 ], [ 128.262731893860177, 36.104445297257577 ], [ 128.262635001810338, 36.104707633368925 ], [ 128.262347002503134, 36.106027085478622 ], [ 128.262331129448228, 36.10623712770871 ], [ 128.262310476840156, 36.106510415487946 ], [ 128.262269417086173, 36.108737744928035 ], [ 128.262193150223226, 36.111107355267116 ], [ 128.26216885231031, 36.111136451505573 ], [ 128.261882140592149, 36.111183450190737 ], [ 128.26100553247781, 36.111373124263075 ], [ 128.259099407547751, 36.112044050464817 ], [ 128.258902378085281, 36.112133869116022 ], [ 128.258745357365854, 36.112227170099594 ], [ 128.254459056898128, 36.116472529321193 ], [ 128.254142200564502, 36.116951712685534 ], [ 128.254094266638361, 36.117149728550125 ], [ 128.25406368031733, 36.117419377152089 ], [ 128.254098554874105, 36.117555310109729 ], [ 128.254119662397756, 36.117637572839591 ], [ 128.254740830870844, 36.119481572119561 ], [ 128.254874404155231, 36.119752240170072 ], [ 128.255001388032355, 36.119873326171565 ], [ 128.255170315911869, 36.120004441549298 ], [ 128.255487741694225, 36.120312013259991 ], [ 128.255669476734965, 36.120573221351819 ], [ 128.25619363096385, 36.121460822916717 ], [ 128.256296666836477, 36.121786564888076 ], [ 128.256358022895313, 36.122073056711045 ], [ 128.256343186933805, 36.122372050876002 ], [ 128.255682928872801, 36.124227597597375 ], [ 128.255613617626324, 36.124357216352841 ], [ 128.253272583465531, 36.128297072149742 ], [ 128.253173260018599, 36.128458865216629 ], [ 128.253110751716378, 36.128547594027005 ], [ 128.250523312340022, 36.131869857056842 ], [ 128.250471583671668, 36.131931802173533 ], [ 128.250409591467616, 36.131963161549166 ], [ 128.250296692630542, 36.131970992871167 ], [ 128.246893779206772, 36.132830057709164 ], [ 128.241068593560357, 36.13434482596098 ], [ 128.239043439830056, 36.134916591846633 ], [ 128.23682476368154, 36.135753199932807 ], [ 128.234247323465326, 36.13706510547258 ], [ 128.232772724738538, 36.137880216785533 ], [ 128.229057258206637, 36.140124731289937 ], [ 128.226950346166973, 36.141243021807981 ], [ 128.226420011607644, 36.141414227448813 ], [ 128.225526342067184, 36.141695665209355 ], [ 128.225059863012604, 36.141747794231016 ], [ 128.223190035877337, 36.141701771885359 ], [ 128.222595941896714, 36.14187310942328 ], [ 128.222547829666496, 36.141898603459353 ], [ 128.22223544892762, 36.142196299186807 ], [ 128.22208405398635, 36.142365416251515 ], [ 128.221604442574545, 36.143423502029151 ], [ 128.221551251380077, 36.145772410695891 ], [ 128.215733671617784, 36.148689585144098 ], [ 128.215668137536113, 36.148691952999265 ], [ 128.215556486996917, 36.148684960610403 ], [ 128.21528697233984, 36.148667557005361 ], [ 128.2148965877644, 36.148622095112181 ], [ 128.214658741694222, 36.148520499969813 ], [ 128.211183839534073, 36.146292619545214 ], [ 128.211061449874791, 36.146204269442805 ], [ 128.209498614352498, 36.144792627030633 ], [ 128.209228010465097, 36.144503203667732 ], [ 128.208950699158379, 36.144113705687872 ], [ 128.208806199208851, 36.143925159447548 ], [ 128.208449665577518, 36.143590422338455 ], [ 128.20818799090307, 36.143403891889712 ], [ 128.201838997051482, 36.140627673988796 ], [ 128.200100740393452, 36.140716095271785 ], [ 128.198602737396044, 36.141177346276827 ], [ 128.195023798058031, 36.142610797566483 ], [ 128.193229683938029, 36.14381428535502 ], [ 128.190906166276505, 36.145396480336615 ], [ 128.190724171986488, 36.145473669847455 ], [ 128.190615358754599, 36.145482732312217 ], [ 128.187891182821659, 36.145493683042012 ], [ 128.187530946555739, 36.145868642815948 ], [ 128.187488255300906, 36.145907559089736 ], [ 128.187387075332623, 36.145967328605053 ], [ 128.187324181300056, 36.146004467517436 ], [ 128.184367562042326, 36.146876410588476 ], [ 128.184234657132066, 36.149208627718799 ], [ 128.185441059613282, 36.150535360360465 ], [ 128.185811022939163, 36.15097412450433 ], [ 128.186217579633507, 36.151522182044303 ], [ 128.186740348217853, 36.152230340027536 ], [ 128.187713576003091, 36.154310818561605 ], [ 128.187726972328363, 36.15437949933191 ], [ 128.18756528559382, 36.15642548465177 ], [ 128.187535235473632, 36.156608278953478 ], [ 128.187491408928111, 36.156756704079086 ], [ 128.187305795053419, 36.156984408674454 ], [ 128.187105964641233, 36.157223469350782 ], [ 128.186561055853247, 36.157704901839111 ], [ 128.187082161926668, 36.15817238353749 ], [ 128.188255795211376, 36.159219303666326 ], [ 128.190598824183269, 36.161039077846311 ], [ 128.191759988276743, 36.161926274547781 ], [ 128.192698263047248, 36.162549208740394 ], [ 128.193435822184057, 36.162805025826529 ], [ 128.197836848819634, 36.163795239916865 ], [ 128.198716480903983, 36.163953191275517 ], [ 128.199408616637243, 36.164077455165433 ], [ 128.201203055042527, 36.164372657072825 ], [ 128.202616485435243, 36.164585140712397 ], [ 128.203537859213782, 36.164733999838866 ], [ 128.205706892695787, 36.165101097386788 ], [ 128.206012598999649, 36.165175082946064 ], [ 128.206377876507133, 36.16526351791299 ], [ 128.206906303688527, 36.16541560080762 ], [ 128.208203137972447, 36.165815222532188 ], [ 128.209363140459203, 36.166280905741658 ], [ 128.209880781628073, 36.166530121626465 ], [ 128.211442869473416, 36.167468290261567 ], [ 128.211840459319632, 36.167709842674633 ], [ 128.212291858062258, 36.168001354760044 ], [ 128.212546449718133, 36.168222102044993 ], [ 128.213243545370858, 36.168964073982977 ], [ 128.21449421780008, 36.170647551964812 ], [ 128.214894751328046, 36.171245521100751 ], [ 128.215594052860808, 36.172430997794038 ], [ 128.217042938263916, 36.175460668981025 ], [ 128.218136085092112, 36.177878141653935 ], [ 128.220236627704622, 36.180809253089038 ], [ 128.220983359656685, 36.181783899388265 ], [ 128.221901368794391, 36.182982035993987 ], [ 128.222516886161088, 36.183674829085568 ], [ 128.222834448234693, 36.184032242477969 ], [ 128.223820910794899, 36.185057533479764 ], [ 128.224858323096299, 36.186106180284547 ], [ 128.225179911537509, 36.186398916689811 ], [ 128.225938489833823, 36.186935766363248 ], [ 128.227516993618877, 36.187960475915403 ], [ 128.231155317665724, 36.18963609929866 ], [ 128.235924513250211, 36.193023973853293 ], [ 128.237109676365492, 36.194202331298264 ], [ 128.23749139895898, 36.194577666667364 ], [ 128.238060733088389, 36.19512420269831 ], [ 128.239247639665564, 36.196129808264352 ], [ 128.239475739798735, 36.196312214623241 ], [ 128.240082546925521, 36.196783048365383 ], [ 128.240280987658281, 36.196937002670353 ], [ 128.242008023518423, 36.198022796806939 ], [ 128.242747931480409, 36.198416831248522 ], [ 128.242862329530311, 36.198472399097632 ], [ 128.243599503432677, 36.198802374433448 ], [ 128.24433667226748, 36.199132337094255 ], [ 128.244646709420635, 36.199229479837136 ], [ 128.244968537654501, 36.199296076291361 ], [ 128.245712823128855, 36.199450088228843 ], [ 128.249065677690197, 36.200091286138885 ], [ 128.250897491102563, 36.200400422492969 ], [ 128.252430283463184, 36.200585909303662 ], [ 128.256727412043716, 36.201099684659184 ], [ 128.257405233739178, 36.200820497706488 ], [ 128.260550634218532, 36.199411033886129 ], [ 128.261031666879347, 36.1991686533731 ], [ 128.261340679034731, 36.198934177324809 ], [ 128.261580293901801, 36.198736577822203 ], [ 128.262518644937842, 36.197641248058936 ], [ 128.26460733132339, 36.19773674813348 ], [ 128.26496131838627, 36.197745943019576 ], [ 128.265212159605085, 36.197705438121815 ], [ 128.265446176313446, 36.197615827029168 ], [ 128.269368290149146, 36.196090053992876 ], [ 128.271124665960713, 36.195350894751556 ], [ 128.271293868026703, 36.19527900119153 ], [ 128.271396670489082, 36.194418402875883 ], [ 128.271360630010946, 36.194229104352949 ], [ 128.270669572228144, 36.191483093021013 ], [ 128.270619778608278, 36.191352749713467 ], [ 128.27212414447925, 36.18703527818429 ], [ 128.272400592670266, 36.186566993988158 ], [ 128.272589519532744, 36.18606967463824 ], [ 128.27308175880998, 36.182402745373253 ], [ 128.272715558811683, 36.18175680734447 ], [ 128.271682911604586, 36.180844450935787 ], [ 128.271235194578281, 36.180312085145452 ], [ 128.27041467786654, 36.179027300930528 ], [ 128.270306457531973, 36.178778518876811 ], [ 128.270165586481198, 36.178324521271833 ], [ 128.270147664125403, 36.178143532884043 ], [ 128.270133108552471, 36.177979538545507 ], [ 128.270121414040574, 36.177376606112134 ], [ 128.270130344598357, 36.176982008294644 ], [ 128.270265346620391, 36.175281706080739 ], [ 128.270291267417434, 36.17508638227541 ], [ 128.270367524510704, 36.174656818382886 ], [ 128.270451026519339, 36.174312005142525 ], [ 128.270508566820297, 36.174168990863585 ], [ 128.270557603442768, 36.174078067460798 ], [ 128.271622457068929, 36.173160479953381 ], [ 128.271746783546575, 36.173096880688306 ], [ 128.273322298291902, 36.172439152000322 ], [ 128.274337846387652, 36.17216747115463 ], [ 128.278007650797548, 36.171256122970853 ], [ 128.282352288529012, 36.172207149918449 ], [ 128.28639344787959, 36.171841706570049 ], [ 128.290893710659105, 36.170553214412685 ], [ 128.29180911192762, 36.170709976064479 ] ] ] ] } },
{ "type": "Feature", "properties": { "OBJECTID": 2812, "adm_nm": "경상북도 김천시 농소면", "adm_cd": "3703031", "adm_cd2": "4715031000", "sgg": "47150", "sido": "47", "sidonm": "경상북도", "sggnm": "김천시" }, "geometry": { "type": "MultiPolygon", "coordinates": [ [ [ [ 128.177642085979699, 36.131501611100589 ], [ 128.177347880677701, 36.130646218872648 ], [ 128.174999571679251, 36.124807079275136 ], [ 128.171079435219639, 36.123703296994151 ], [ 128.172278785290644, 36.119123406901537 ], [ 128.173366474953127, 36.116484261414072 ], [ 128.177490820975436, 36.115067907873723 ], [ 128.177905544457502, 36.11491261166325 ], [ 128.178351096679705, 36.114441312987083 ], [ 128.180725162964961, 36.111517147581353 ], [ 128.18099400051392, 36.11111915510984 ], [ 128.181145721151495, 36.110735339589411 ], [ 128.181292452889295, 36.110241545005671 ], [ 128.181340980412557, 36.108829952602321 ], [ 128.181261885566187, 36.107852312443171 ], [ 128.181311822939591, 36.107490288931899 ], [ 128.181395198640985, 36.107351757310859 ], [ 128.181518519675933, 36.107146865485625 ], [ 128.181803413941168, 36.106978869153785 ], [ 128.182266226463298, 36.106867089157475 ], [ 128.182767837496954, 36.106873024570703 ], [ 128.184015837201997, 36.107021479010591 ], [ 128.18562100615361, 36.107044262563065 ], [ 128.185711400693549, 36.107045541146753 ], [ 128.186004474099235, 36.106980056550384 ], [ 128.186949478944825, 36.10666660292766 ], [ 128.187617762549735, 36.106326288878584 ], [ 128.189084797926171, 36.105229192541742 ], [ 128.19002893325785, 36.104698297162834 ], [ 128.194807483737662, 36.102141063528471 ], [ 128.195367070925414, 36.101851349696531 ], [ 128.195701568846545, 36.10167818304312 ], [ 128.196105434154362, 36.101534070000149 ], [ 128.196497344338496, 36.10141827994137 ], [ 128.197837411253289, 36.101129433530993 ], [ 128.199515521972501, 36.100744766698227 ], [ 128.200751986857057, 36.100398474571385 ], [ 128.201281997053627, 36.10022176236911 ], [ 128.202083435856508, 36.099837471422404 ], [ 128.203036981042175, 36.099235050429158 ], [ 128.204789255001828, 36.09838181084438 ], [ 128.205574167440346, 36.098179864617371 ], [ 128.205946937820556, 36.098098894395697 ], [ 128.206727098533491, 36.09801775312706 ], [ 128.208384255899261, 36.097864935296698 ], [ 128.208709718081792, 36.097867086683223 ], [ 128.209258489359911, 36.09798468270359 ], [ 128.209611730659731, 36.098014359467129 ], [ 128.210755673992196, 36.098012020412561 ], [ 128.211045617439709, 36.097945389798767 ], [ 128.211644557331624, 36.097714376361616 ], [ 128.212092996867398, 36.097467687406066 ], [ 128.212154389429401, 36.097355512189374 ], [ 128.212147896327139, 36.097048351107659 ], [ 128.212146207298531, 36.096968766169361 ], [ 128.212040912355548, 36.096649888660423 ], [ 128.211990916115326, 36.096571394053036 ], [ 128.211928180404783, 36.096472931668401 ], [ 128.210652843007438, 36.095056856474898 ], [ 128.210464746999889, 36.09485325763626 ], [ 128.209743772665462, 36.094177474473135 ], [ 128.209666702980059, 36.094125579215394 ], [ 128.209467387704279, 36.094090894561909 ], [ 128.208992128917032, 36.094049568983024 ], [ 128.208817119805445, 36.093933939009681 ], [ 128.208578517349679, 36.093717705723563 ], [ 128.20807777962807, 36.092269504365063 ], [ 128.208022551486522, 36.092102696934454 ], [ 128.207194386190906, 36.088111300760495 ], [ 128.207216053407734, 36.087908302071156 ], [ 128.207308080814101, 36.087534489660278 ], [ 128.207398276622058, 36.087408332089446 ], [ 128.207475141938886, 36.087343378919115 ], [ 128.207510237707794, 36.08731373217897 ], [ 128.207748765037735, 36.087250893188077 ], [ 128.207939411729143, 36.08721867498609 ], [ 128.208177046971997, 36.087243435984817 ], [ 128.208610196050415, 36.087382873894754 ], [ 128.209128137783324, 36.087543397251906 ], [ 128.209339295246906, 36.087544774690684 ], [ 128.209486532437012, 36.087499746467621 ], [ 128.210773258204313, 36.086609498031542 ], [ 128.210986423936163, 36.086458708907507 ], [ 128.211072303870651, 36.08638616832468 ], [ 128.211178003107676, 36.086288441287969 ], [ 128.211265291384194, 36.086061692095569 ], [ 128.211434508844519, 36.085293417671977 ], [ 128.211483168444801, 36.085031058790939 ], [ 128.211560536975071, 36.084255348735262 ], [ 128.211532546326822, 36.084073049050602 ], [ 128.214279373023459, 36.082163192457912 ], [ 128.216687851182968, 36.081386899430427 ], [ 128.2193927835323, 36.08020379989393 ], [ 128.219717401074661, 36.079935168429657 ], [ 128.219878598677667, 36.079628786772581 ], [ 128.219877849920323, 36.079363642345569 ], [ 128.21968852596882, 36.078792155043459 ], [ 128.219676638378246, 36.078553570723095 ], [ 128.219668196316036, 36.078384128023444 ], [ 128.219662372975108, 36.077990532598541 ], [ 128.219668313909352, 36.077384210864913 ], [ 128.219740414890651, 36.077130349158899 ], [ 128.220324239245173, 36.075542665770186 ], [ 128.220712412859228, 36.074708971187285 ], [ 128.220816962583655, 36.074588800860241 ], [ 128.221040145490321, 36.074457140440359 ], [ 128.221652060566385, 36.074151687955229 ], [ 128.222117039293295, 36.07400954478765 ], [ 128.222528685758192, 36.073894245269472 ], [ 128.222732930159225, 36.0738570153948 ], [ 128.222835479792025, 36.073855384512733 ], [ 128.223222585237437, 36.073846399355347 ], [ 128.223357272936312, 36.07382754631157 ], [ 128.224514282515571, 36.073577056099388 ], [ 128.224724013163183, 36.073526845061259 ], [ 128.225588254001536, 36.07321907571297 ], [ 128.227031787500749, 36.072704104250654 ], [ 128.227135146899457, 36.072641020698391 ], [ 128.228063692370938, 36.072062023505829 ], [ 128.22813539971159, 36.071988878806032 ], [ 128.2281982094716, 36.071870922837206 ], [ 128.228235012302406, 36.071737596363924 ], [ 128.228246228731194, 36.07154572289555 ], [ 128.228236901158681, 36.071162485362159 ], [ 128.228222630361472, 36.070712454119317 ], [ 128.228205092173539, 36.070595473113919 ], [ 128.227892277950303, 36.069535745072905 ], [ 128.227651666522348, 36.06911686561957 ], [ 128.227552345016022, 36.068958397028268 ], [ 128.227497602103739, 36.068826017642614 ], [ 128.227448513140416, 36.068688368545708 ], [ 128.227481714240128, 36.068541376586232 ], [ 128.227950150645626, 36.067441915341725 ], [ 128.228152474247594, 36.067000873943826 ], [ 128.228350682772458, 36.066599247327908 ], [ 128.228487371230642, 36.066375531644887 ], [ 128.228646046063403, 36.066192926803055 ], [ 128.228694915599789, 36.066164417143113 ], [ 128.231771203938848, 36.064659838034693 ], [ 128.231907786578915, 36.064637207973249 ], [ 128.23253732686149, 36.064634411741885 ], [ 128.232802953999169, 36.064595136195905 ], [ 128.232978981708868, 36.064550740775822 ], [ 128.233033423063489, 36.064522243965854 ], [ 128.233131103035021, 36.064274756561737 ], [ 128.233200348437748, 36.064068821087901 ], [ 128.23325704498663, 36.063808938939871 ], [ 128.233271174467632, 36.063677986281299 ], [ 128.233279620614951, 36.063599655594118 ], [ 128.233261753684388, 36.063516071090923 ], [ 128.233225527060483, 36.063452309740313 ], [ 128.233179109609921, 36.063370635367711 ], [ 128.232551254550259, 36.062359684726836 ], [ 128.232422528900656, 36.062226117826526 ], [ 128.231086131676165, 36.061163612052461 ], [ 128.228112534737704, 36.059437986686142 ], [ 128.225662272966531, 36.058262032932092 ], [ 128.225385833380216, 36.058261764072256 ], [ 128.22529104256958, 36.058214100391474 ], [ 128.223928521002108, 36.056593653027761 ], [ 128.223449114857942, 36.055961513669217 ], [ 128.223998802667467, 36.055571265605622 ], [ 128.223809619925674, 36.054643901866974 ], [ 128.223774530947793, 36.054480470859048 ], [ 128.223662596196561, 36.054251115279271 ], [ 128.223472748687129, 36.053921155466952 ], [ 128.22334002784001, 36.053736899519109 ], [ 128.222130794927438, 36.052242127805918 ], [ 128.222022830845447, 36.052140549710558 ], [ 128.221922406133359, 36.052061888958697 ], [ 128.221772397237288, 36.05198602759814 ], [ 128.221639627806297, 36.051919586402008 ], [ 128.221353866550373, 36.051807377308329 ], [ 128.221181301922371, 36.051741728605293 ], [ 128.215578500541938, 36.048643862175126 ], [ 128.21131241191614, 36.046116078376812 ], [ 128.208840459844481, 36.044916470694382 ], [ 128.208699665793489, 36.044854866856994 ], [ 128.208510443189596, 36.044795488320396 ], [ 128.20788882122045, 36.044631133472294 ], [ 128.20775931277953, 36.044604859184808 ], [ 128.207653561743115, 36.044598973200635 ], [ 128.207575219015496, 36.044600420993419 ], [ 128.207501227805039, 36.044612266966766 ], [ 128.207302568152386, 36.04465439546631 ], [ 128.207206649583128, 36.044678922222147 ], [ 128.206791136819646, 36.044813894602711 ], [ 128.206466749189133, 36.044920723568602 ], [ 128.206265166484656, 36.044992702212618 ], [ 128.206085973990554, 36.045067426457905 ], [ 128.205962568431517, 36.045103138451225 ], [ 128.205256759511258, 36.045284198636963 ], [ 128.204868073315538, 36.045351764135702 ], [ 128.204814241085472, 36.045358109386854 ], [ 128.201954027286945, 36.04555094757611 ], [ 128.201853726740978, 36.045552375040941 ], [ 128.201784592628883, 36.045540175833835 ], [ 128.197120885571906, 36.043876417542812 ], [ 128.196740576483421, 36.039731814757033 ], [ 128.196577170650045, 36.03718815542527 ], [ 128.196007236778343, 36.033486770751203 ], [ 128.195991521416488, 36.033450408842128 ], [ 128.195196034318059, 36.032006938903947 ], [ 128.195133391412782, 36.031911435532706 ], [ 128.195064327439155, 36.031840933792196 ], [ 128.195003227071311, 36.031793247840774 ], [ 128.194946093614448, 36.031761718424953 ], [ 128.19418623904204, 36.031954145602043 ], [ 128.19405900937457, 36.031922970153801 ], [ 128.193895217108235, 36.031883497145706 ], [ 128.192509186408728, 36.031624708402134 ], [ 128.192447712715449, 36.031615970181541 ], [ 128.19237695176983, 36.031612147717738 ], [ 128.189022900722733, 36.03154144206426 ], [ 128.188812668272675, 36.031553771657862 ], [ 128.188440139342731, 36.031592266803841 ], [ 128.188227247845873, 36.031619853472741 ], [ 128.187926398802858, 36.03165994970486 ], [ 128.187833600074242, 36.031678114046038 ], [ 128.187747660364039, 36.031694947026963 ], [ 128.187507709824075, 36.031748465288175 ], [ 128.187457574390265, 36.031759735647455 ], [ 128.187416368844708, 36.031769633994337 ], [ 128.187369768040043, 36.03178454442596 ], [ 128.187319515808554, 36.031807416793093 ], [ 128.187256340320602, 36.031841408335673 ], [ 128.186297001656783, 36.032728507942991 ], [ 128.186230182730299, 36.032799172200527 ], [ 128.182634235788839, 36.032918317489113 ], [ 128.182472098990957, 36.032703898707162 ], [ 128.182435059316674, 36.032657200846884 ], [ 128.182272784995433, 36.032454381257104 ], [ 128.182251583001545, 36.032431028623805 ], [ 128.182216130470238, 36.032403208645306 ], [ 128.182122158560304, 36.032334356644945 ], [ 128.181958776887228, 36.032238927979392 ], [ 128.181913454145757, 36.032216834015252 ], [ 128.181787984709928, 36.032169554214192 ], [ 128.181684755582069, 36.032132558273879 ], [ 128.181551273702866, 36.032088125851836 ], [ 128.18145499254922, 36.032062785383914 ], [ 128.180296838584951, 36.031760247555923 ], [ 128.178824618936261, 36.031422191501093 ], [ 128.178731914297231, 36.031401989175031 ], [ 128.178678400354045, 36.031393609045267 ], [ 128.178614168914976, 36.031384476329166 ], [ 128.178553485642936, 36.031379700622907 ], [ 128.17851235792142, 36.031377687537436 ], [ 128.178256763598114, 36.031393636184305 ], [ 128.178206651322654, 36.03140346634936 ], [ 128.178168971944388, 36.03141190898517 ], [ 128.17805426379158, 36.031448563674019 ], [ 128.176782465281661, 36.031942208639244 ], [ 128.175835270408072, 36.032312987914146 ], [ 128.17519188371665, 36.032674272480286 ], [ 128.175026842383915, 36.032738448626901 ], [ 128.174971944167737, 36.032759125029884 ], [ 128.174834937248647, 36.032808225726434 ], [ 128.174772193584289, 36.032829546636641 ], [ 128.173378024326098, 36.03322770973903 ], [ 128.173345766133281, 36.033236190741945 ], [ 128.173302802769626, 36.033244611036892 ], [ 128.173259851362445, 36.033251568001148 ], [ 128.173215744014556, 36.033258472837908 ], [ 128.172990290734731, 36.033286957707716 ], [ 128.17280788942864, 36.033315752359222 ], [ 128.172674396012013, 36.033361388685123 ], [ 128.172624023360612, 36.033385863990148 ], [ 128.171384632488127, 36.034017378887974 ], [ 128.169522804305359, 36.035633856792536 ], [ 128.17026442133556, 36.036449464976855 ], [ 128.171686635282725, 36.042368071923292 ], [ 128.172329817155344, 36.045082455475075 ], [ 128.172357110134044, 36.045205969649743 ], [ 128.172362569216233, 36.045364133624133 ], [ 128.172363208213625, 36.045475838862245 ], [ 128.172353014336409, 36.045596160732089 ], [ 128.172347284197656, 36.04563094561891 ], [ 128.172031649167337, 36.046940223555758 ], [ 128.17201318622628, 36.046998128379819 ], [ 128.171996607395641, 36.047045864672391 ], [ 128.170957926922085, 36.049842897631827 ], [ 128.170332319766828, 36.05136022852993 ], [ 128.168782602725543, 36.055088755106034 ], [ 128.168747783342894, 36.055159660157322 ], [ 128.168693432281572, 36.055238378038361 ], [ 128.167722900611238, 36.055437220786651 ], [ 128.167055713356262, 36.056173914562457 ], [ 128.166336657379219, 36.05698340234175 ], [ 128.16548659742773, 36.057983722899223 ], [ 128.165437102355298, 36.058062455610148 ], [ 128.165265349405388, 36.058885635989725 ], [ 128.163369588469408, 36.060773482229017 ], [ 128.15808649462997, 36.06578511196809 ], [ 128.156418477202664, 36.067235681929887 ], [ 128.154499694055232, 36.068126647483631 ], [ 128.154165283112064, 36.068192060482204 ], [ 128.15380590762868, 36.068189507135877 ], [ 128.153447335632364, 36.068113986398338 ], [ 128.153139735976055, 36.068101731020505 ], [ 128.152916905261321, 36.069100755861832 ], [ 128.152902893201883, 36.069210140740189 ], [ 128.152892396073867, 36.070484708100132 ], [ 128.153098485246431, 36.071866334470585 ], [ 128.15324588786163, 36.072827936013148 ], [ 128.153362165251309, 36.073355294902434 ], [ 128.151179413361149, 36.07490122120965 ], [ 128.149808525270487, 36.075550940169819 ], [ 128.149646951732791, 36.075654065268296 ], [ 128.149083541688981, 36.076119263703852 ], [ 128.148934470120025, 36.076253747790552 ], [ 128.148861401265805, 36.076482609892224 ], [ 128.148445489495316, 36.079145577939805 ], [ 128.148446159036354, 36.079683906653393 ], [ 128.148509365433824, 36.079934278030244 ], [ 128.148696048775179, 36.080146236182564 ], [ 128.148947463408405, 36.080465748180949 ], [ 128.149203946641279, 36.081407908376221 ], [ 128.149313800570127, 36.08192441531871 ], [ 128.149393887396968, 36.08233958893058 ], [ 128.149530625612158, 36.083626537363003 ], [ 128.148792339625317, 36.087420453233158 ], [ 128.148642993246114, 36.087853581160665 ], [ 128.147874037291217, 36.089704538134164 ], [ 128.147069185393264, 36.091022731015627 ], [ 128.146921137421799, 36.091164477996671 ], [ 128.146776681824377, 36.091364050583039 ], [ 128.146236467340714, 36.092457427915434 ], [ 128.146226582656823, 36.092546492514884 ], [ 128.146761521805786, 36.094100463582315 ], [ 128.146826947761525, 36.094260943773513 ], [ 128.147305403876203, 36.095133776311421 ], [ 128.147515983592371, 36.098356059260809 ], [ 128.149903067794554, 36.099680617764911 ], [ 128.150260046131791, 36.09982529202486 ], [ 128.150475155744004, 36.09982682822757 ], [ 128.150818352940462, 36.099771103525981 ], [ 128.152093091039148, 36.099445908186496 ], [ 128.153220298597233, 36.099092083934458 ], [ 128.154863870471445, 36.098877565591174 ], [ 128.155477577348847, 36.098856067803659 ], [ 128.157749686885268, 36.104805060175984 ], [ 128.157592194894505, 36.106913870581991 ], [ 128.157435348282149, 36.109037966097304 ], [ 128.158235249647532, 36.110931272974923 ], [ 128.159665793967292, 36.113308330632066 ], [ 128.159827154098906, 36.113491716164617 ], [ 128.162429520885865, 36.112667766038122 ], [ 128.164588307912567, 36.11198509172668 ], [ 128.16392106965472, 36.113994574606359 ], [ 128.163217330500913, 36.115635279065096 ], [ 128.162801733349113, 36.116498130981384 ], [ 128.162477771704232, 36.116986916733332 ], [ 128.16238497703992, 36.1174616422486 ], [ 128.162466307521271, 36.118056613961251 ], [ 128.1628331819295, 36.120266009631692 ], [ 128.163237471807633, 36.121218598118062 ], [ 128.162125596991473, 36.120855455591801 ], [ 128.158076957978324, 36.119370946997314 ], [ 128.157616332730328, 36.11952439011749 ], [ 128.15738350346146, 36.119684261105689 ], [ 128.157382993534583, 36.119731994193316 ], [ 128.157382123836896, 36.119813481786764 ], [ 128.157420954364625, 36.120653677646494 ], [ 128.157647168729966, 36.121867960459632 ], [ 128.158290472376876, 36.122822262634116 ], [ 128.158698652361181, 36.123406621753105 ], [ 128.159449300294312, 36.123884837565264 ], [ 128.160493999310575, 36.129417289077338 ], [ 128.160309423366414, 36.130471088409223 ], [ 128.15990767002441, 36.131869891559617 ], [ 128.15965778840021, 36.132086693041572 ], [ 128.159510908844851, 36.132221292798683 ], [ 128.159121653823689, 36.132594103040446 ], [ 128.159015021415797, 36.13272648556044 ], [ 128.159007308136012, 36.132869609454687 ], [ 128.159009350990118, 36.132967590145213 ], [ 128.16032056322004, 36.135370706055603 ], [ 128.160406023194213, 36.13548182221713 ], [ 128.160705455442468, 36.135843127179669 ], [ 128.160794123497766, 36.135944235217082 ], [ 128.161159102898154, 36.136253245055535 ], [ 128.163271113802551, 36.137775916535098 ], [ 128.164553900770329, 36.138603455427884 ], [ 128.164657729159956, 36.139836723733112 ], [ 128.169338381691745, 36.142414446319336 ], [ 128.170510225444588, 36.143257789867512 ], [ 128.172839204023433, 36.145026777706661 ], [ 128.17353323648274, 36.145571280586687 ], [ 128.174260023870403, 36.142765723331195 ], [ 128.174545292029222, 36.141401262394218 ], [ 128.174829889423705, 36.140099625489988 ], [ 128.174998295316101, 36.139420177662785 ], [ 128.175217642453021, 36.13880391177792 ], [ 128.175343001289974, 36.138537790105119 ], [ 128.175540789955619, 36.138130770574328 ], [ 128.175836528472757, 36.137609291139839 ], [ 128.176202847939805, 36.137124920756072 ], [ 128.176378860049908, 36.136948136399042 ], [ 128.177462298707098, 36.135740980160975 ], [ 128.178078127509309, 36.13483428723228 ], [ 128.178081711638498, 36.134799131551866 ], [ 128.178106897386954, 36.134551777252739 ], [ 128.177642085979699, 36.131501611100589 ] ] ] ] } },
{ "type": "Feature", "properties": { "OBJECTID": 2813, "adm_nm": "경상북도 김천시 남면", "adm_cd": "3703032", "adm_cd2": "4715032000", "sgg": "47150", "sido": "47", "sidonm": "경상북도", "sggnm": "김천시" }, "geometry": { "type": "MultiPolygon", "coordinates": [ [ [ [ 128.275586393298141, 36.103460243045248 ], [ 128.276871634629003, 36.103212151949073 ], [ 128.277133140122089, 36.103152918034951 ], [ 128.277351274305659, 36.103079662710023 ], [ 128.280553452396958, 36.101821134371605 ], [ 128.28065201715782, 36.101774339905198 ], [ 128.280863123725311, 36.10160111920068 ], [ 128.281743167597796, 36.100783603956927 ], [ 128.287131948001075, 36.097320023390573 ], [ 128.288636599441077, 36.096631107484278 ], [ 128.288996186798983, 36.096458781186747 ], [ 128.289433343202603, 36.096213658032291 ], [ 128.289825270395539, 36.095983374388808 ], [ 128.292222272837336, 36.094556607496294 ], [ 128.292318426905297, 36.094479629082706 ], [ 128.292406864337238, 36.094378910525116 ], [ 128.292472433024642, 36.094163914358745 ], [ 128.293130079533768, 36.09180493471748 ], [ 128.293233246985636, 36.091029972938358 ], [ 128.293083492066785, 36.089312570395698 ], [ 128.29301362381733, 36.089120459882757 ], [ 128.292100049526653, 36.08779469432271 ], [ 128.292026427200028, 36.087725342916741 ], [ 128.290691416049214, 36.086972161361174 ], [ 128.28848879874468, 36.085690404963245 ], [ 128.288364886921187, 36.085609969344191 ], [ 128.286504141116012, 36.083772360331331 ], [ 128.286325720596807, 36.083564510916851 ], [ 128.286136874426461, 36.083335061627459 ], [ 128.285848769424518, 36.082941307108321 ], [ 128.285686463642179, 36.082709881720923 ], [ 128.285585030746205, 36.082491721961894 ], [ 128.284948089802867, 36.081092179259329 ], [ 128.286637633041863, 36.07810615252081 ], [ 128.286725617052525, 36.07799131173568 ], [ 128.286952760905336, 36.077811927156581 ], [ 128.287285388732045, 36.077612335979055 ], [ 128.288017735473716, 36.077271580482652 ], [ 128.288334694468233, 36.077139066954032 ], [ 128.288900750567763, 36.076898077840326 ], [ 128.289422063444761, 36.076614088047727 ], [ 128.289883407806371, 36.076311411602319 ], [ 128.290095611936465, 36.076123315848967 ], [ 128.290490120092528, 36.075725537923681 ], [ 128.290725978344511, 36.075415403615978 ], [ 128.292827944960692, 36.072410264338949 ], [ 128.29822319011177, 36.065409055471704 ], [ 128.298467796575778, 36.065324931075594 ], [ 128.298618235657045, 36.065235759224699 ], [ 128.298721667454373, 36.065132785646341 ], [ 128.300676670484506, 36.062944060597957 ], [ 128.300724459848198, 36.062865542962349 ], [ 128.3008209734177, 36.062684858938162 ], [ 128.30083860643316, 36.062570156754951 ], [ 128.300822642589424, 36.062495772202169 ], [ 128.300751042441846, 36.062292121631657 ], [ 128.300674834816391, 36.062117751025056 ], [ 128.300543347672573, 36.061840904350888 ], [ 128.300395116634405, 36.061648423509133 ], [ 128.299474221082562, 36.059729338618617 ], [ 128.298943243305814, 36.057430926914563 ], [ 128.298876583572479, 36.057137297172403 ], [ 128.298852859602164, 36.057002062799135 ], [ 128.298846641539456, 36.056765622687955 ], [ 128.298807831412489, 36.054274207841104 ], [ 128.298618309512506, 36.051577750933433 ], [ 128.298594590693824, 36.051487969362931 ], [ 128.298503816966445, 36.05135920924004 ], [ 128.298385267777718, 36.051251425790042 ], [ 128.298242161703769, 36.05115098755725 ], [ 128.298040798911813, 36.051052700419021 ], [ 128.29736251529792, 36.050776745711339 ], [ 128.297051193801877, 36.050658358556085 ], [ 128.296745388863172, 36.050635819309932 ], [ 128.296528692738178, 36.050626784951348 ], [ 128.296081249035069, 36.050581412668805 ], [ 128.293060294884185, 36.050125822470505 ], [ 128.293012708684188, 36.050099654827477 ], [ 128.292882931368894, 36.049997850756689 ], [ 128.292715351525317, 36.049846625053718 ], [ 128.292524755945408, 36.049595535780533 ], [ 128.291280406994531, 36.04795364736875 ], [ 128.289180374422074, 36.044178704991943 ], [ 128.289104031601113, 36.043632983070651 ], [ 128.289079586839335, 36.043161397476894 ], [ 128.289107310073234, 36.042993571476934 ], [ 128.288959593828281, 36.043055352123616 ], [ 128.288365932369686, 36.043322516767638 ], [ 128.288135469071818, 36.043429942893198 ], [ 128.28753817891004, 36.04374629756515 ], [ 128.287342752011313, 36.043856514960595 ], [ 128.287191885066136, 36.043974782524515 ], [ 128.287040700090074, 36.04412672530394 ], [ 128.286614017500142, 36.044607281820774 ], [ 128.285958818082406, 36.045335127744337 ], [ 128.285820575011599, 36.045466440261038 ], [ 128.285730708843886, 36.045533238107431 ], [ 128.284143220295249, 36.0466065010731 ], [ 128.284082497609234, 36.046624269498999 ], [ 128.283865530015191, 36.046648878239033 ], [ 128.278751324658458, 36.047167316574459 ], [ 128.274955491892797, 36.047465550252618 ], [ 128.269339154811036, 36.048729392977087 ], [ 128.269012177575547, 36.048715167133565 ], [ 128.268833070457902, 36.048685238138908 ], [ 128.268675468020007, 36.048637400309744 ], [ 128.268390160997029, 36.048506077579809 ], [ 128.265046703957523, 36.047774597038206 ], [ 128.261483962174623, 36.048180116835276 ], [ 128.261429739501835, 36.048198076854916 ], [ 128.261347225673518, 36.048229607423835 ], [ 128.261038574231719, 36.048354477130573 ], [ 128.260691505569753, 36.04849511020884 ], [ 128.260618987599258, 36.048541792523267 ], [ 128.259117036438738, 36.04969033267502 ], [ 128.257501616259304, 36.050924633462088 ], [ 128.257029787786905, 36.051272712956596 ], [ 128.256983290954111, 36.0513062814222 ], [ 128.256919969580338, 36.051333344941405 ], [ 128.256853329334859, 36.051353065419413 ], [ 128.255431062068794, 36.051447209394148 ], [ 128.255302602161549, 36.051453283022497 ], [ 128.255241857802105, 36.051446503703694 ], [ 128.255184512539671, 36.05143607595663 ], [ 128.25510023197657, 36.051415414711791 ], [ 128.254846646181107, 36.05131361148986 ], [ 128.25476587202985, 36.051279238606156 ], [ 128.254439590464159, 36.051123903005546 ], [ 128.254355513598995, 36.05108311347017 ], [ 128.254268072980494, 36.051039545687125 ], [ 128.251970335573645, 36.049743440669744 ], [ 128.251080421396722, 36.049167676144641 ], [ 128.246131183595026, 36.049110752986856 ], [ 128.242257395868307, 36.04817251730487 ], [ 128.240381980882432, 36.04866709593977 ], [ 128.240341919835544, 36.048722367573539 ], [ 128.239883553828122, 36.049193478463522 ], [ 128.239830297933025, 36.049235514359331 ], [ 128.238456326631109, 36.050239111545103 ], [ 128.233941009622299, 36.052269173772679 ], [ 128.231323286841331, 36.053910270425497 ], [ 128.23105766191, 36.054033870300458 ], [ 128.230818068823993, 36.054124826660136 ], [ 128.230641729714876, 36.054129681790116 ], [ 128.230381574557782, 36.054069814715731 ], [ 128.229953541869065, 36.05390294765467 ], [ 128.229657173337756, 36.053790637361018 ], [ 128.229514270648025, 36.05375689061804 ], [ 128.227412609531598, 36.05348671650863 ], [ 128.227283889656405, 36.053506788244412 ], [ 128.223998802667467, 36.055571265605622 ], [ 128.223449114857942, 36.055961513669217 ], [ 128.223928521002108, 36.056593653027761 ], [ 128.22529104256958, 36.058214100391474 ], [ 128.225385833380216, 36.058261764072256 ], [ 128.225662272966531, 36.058262032932092 ], [ 128.228112534737704, 36.059437986686142 ], [ 128.231086131676165, 36.061163612052461 ], [ 128.232422528900656, 36.062226117826526 ], [ 128.232551254550259, 36.062359684726836 ], [ 128.233179109609921, 36.063370635367711 ], [ 128.233225527060483, 36.063452309740313 ], [ 128.233261753684388, 36.063516071090923 ], [ 128.233279620614951, 36.063599655594118 ], [ 128.233271174467632, 36.063677986281299 ], [ 128.23325704498663, 36.063808938939871 ], [ 128.233200348437748, 36.064068821087901 ], [ 128.233131103035021, 36.064274756561737 ], [ 128.233033423063489, 36.064522243965854 ], [ 128.232978981708868, 36.064550740775822 ], [ 128.232802953999169, 36.064595136195905 ], [ 128.23253732686149, 36.064634411741885 ], [ 128.231907786578915, 36.064637207973249 ], [ 128.231771203938848, 36.064659838034693 ], [ 128.228694915599789, 36.066164417143113 ], [ 128.228646046063403, 36.066192926803055 ], [ 128.228487371230642, 36.066375531644887 ], [ 128.228350682772458, 36.066599247327908 ], [ 128.228152474247594, 36.067000873943826 ], [ 128.227950150645626, 36.067441915341725 ], [ 128.227481714240128, 36.068541376586232 ], [ 128.227448513140416, 36.068688368545708 ], [ 128.227497602103739, 36.068826017642614 ], [ 128.227552345016022, 36.068958397028268 ], [ 128.227651666522348, 36.06911686561957 ], [ 128.227892277950303, 36.069535745072905 ], [ 128.228205092173539, 36.070595473113919 ], [ 128.228222630361472, 36.070712454119317 ], [ 128.228236901158681, 36.071162485362159 ], [ 128.228246228731194, 36.07154572289555 ], [ 128.228235012302406, 36.071737596363924 ], [ 128.2281982094716, 36.071870922837206 ], [ 128.22813539971159, 36.071988878806032 ], [ 128.228063692370938, 36.072062023505829 ], [ 128.227135146899457, 36.072641020698391 ], [ 128.227031787500749, 36.072704104250654 ], [ 128.225588254001536, 36.07321907571297 ], [ 128.224724013163183, 36.073526845061259 ], [ 128.224514282515571, 36.073577056099388 ], [ 128.223357272936312, 36.07382754631157 ], [ 128.223222585237437, 36.073846399355347 ], [ 128.222835479792025, 36.073855384512733 ], [ 128.222732930159225, 36.0738570153948 ], [ 128.222528685758192, 36.073894245269472 ], [ 128.222117039293295, 36.07400954478765 ], [ 128.221652060566385, 36.074151687955229 ], [ 128.221040145490321, 36.074457140440359 ], [ 128.220816962583655, 36.074588800860241 ], [ 128.220712412859228, 36.074708971187285 ], [ 128.220324239245173, 36.075542665770186 ], [ 128.219740414890651, 36.077130349158899 ], [ 128.219668313909352, 36.077384210864913 ], [ 128.219662372975108, 36.077990532598541 ], [ 128.219668196316036, 36.078384128023444 ], [ 128.219676638378246, 36.078553570723095 ], [ 128.21968852596882, 36.078792155043459 ], [ 128.219877849920323, 36.079363642345569 ], [ 128.219878598677667, 36.079628786772581 ], [ 128.219717401074661, 36.079935168429657 ], [ 128.2193927835323, 36.08020379989393 ], [ 128.216687851182968, 36.081386899430427 ], [ 128.214279373023459, 36.082163192457912 ], [ 128.211532546326822, 36.084073049050602 ], [ 128.211560536975071, 36.084255348735262 ], [ 128.211483168444801, 36.085031058790939 ], [ 128.211434508844519, 36.085293417671977 ], [ 128.211265291384194, 36.086061692095569 ], [ 128.211178003107676, 36.086288441287969 ], [ 128.211072303870651, 36.08638616832468 ], [ 128.210986423936163, 36.086458708907507 ], [ 128.210773258204313, 36.086609498031542 ], [ 128.209486532437012, 36.087499746467621 ], [ 128.209339295246906, 36.087544774690684 ], [ 128.209128137783324, 36.087543397251906 ], [ 128.208610196050415, 36.087382873894754 ], [ 128.208177046971997, 36.087243435984817 ], [ 128.207939411729143, 36.08721867498609 ], [ 128.207748765037735, 36.087250893188077 ], [ 128.207510237707794, 36.08731373217897 ], [ 128.207475141938886, 36.087343378919115 ], [ 128.207398276622058, 36.087408332089446 ], [ 128.207308080814101, 36.087534489660278 ], [ 128.207216053407734, 36.087908302071156 ], [ 128.207194386190906, 36.088111300760495 ], [ 128.208022551486522, 36.092102696934454 ], [ 128.20807777962807, 36.092269504365063 ], [ 128.208578517349679, 36.093717705723563 ], [ 128.208817119805445, 36.093933939009681 ], [ 128.208992128917032, 36.094049568983024 ], [ 128.209467387704279, 36.094090894561909 ], [ 128.209666702980059, 36.094125579215394 ], [ 128.209743772665462, 36.094177474473135 ], [ 128.210464746999889, 36.09485325763626 ], [ 128.210652843007438, 36.095056856474898 ], [ 128.211928180404783, 36.096472931668401 ], [ 128.211990916115326, 36.096571394053036 ], [ 128.212040912355548, 36.096649888660423 ], [ 128.212146207298531, 36.096968766169361 ], [ 128.212147896327139, 36.097048351107659 ], [ 128.212154389429401, 36.097355512189374 ], [ 128.212092996867398, 36.097467687406066 ], [ 128.211644557331624, 36.097714376361616 ], [ 128.211045617439709, 36.097945389798767 ], [ 128.210755673992196, 36.098012020412561 ], [ 128.209611730659731, 36.098014359467129 ], [ 128.209258489359911, 36.09798468270359 ], [ 128.208709718081792, 36.097867086683223 ], [ 128.208384255899261, 36.097864935296698 ], [ 128.206727098533491, 36.09801775312706 ], [ 128.205946937820556, 36.098098894395697 ], [ 128.205574167440346, 36.098179864617371 ], [ 128.204789255001828, 36.09838181084438 ], [ 128.203036981042175, 36.099235050429158 ], [ 128.202083435856508, 36.099837471422404 ], [ 128.201281997053627, 36.10022176236911 ], [ 128.200751986857057, 36.100398474571385 ], [ 128.199515521972501, 36.100744766698227 ], [ 128.197837411253289, 36.101129433530993 ], [ 128.196497344338496, 36.10141827994137 ], [ 128.196105434154362, 36.101534070000149 ], [ 128.195701568846545, 36.10167818304312 ], [ 128.195367070925414, 36.101851349696531 ], [ 128.194807483737662, 36.102141063528471 ], [ 128.19002893325785, 36.104698297162834 ], [ 128.189084797926171, 36.105229192541742 ], [ 128.187617762549735, 36.106326288878584 ], [ 128.186949478944825, 36.10666660292766 ], [ 128.186004474099235, 36.106980056550384 ], [ 128.185711400693549, 36.107045541146753 ], [ 128.18562100615361, 36.107044262563065 ], [ 128.184015837201997, 36.107021479010591 ], [ 128.182767837496954, 36.106873024570703 ], [ 128.182266226463298, 36.106867089157475 ], [ 128.181803413941168, 36.106978869153785 ], [ 128.181518519675933, 36.107146865485625 ], [ 128.181395198640985, 36.107351757310859 ], [ 128.181311822939591, 36.107490288931899 ], [ 128.181261885566187, 36.107852312443171 ], [ 128.181340980412557, 36.108829952602321 ], [ 128.181292452889295, 36.110241545005671 ], [ 128.181145721151495, 36.110735339589411 ], [ 128.18099400051392, 36.11111915510984 ], [ 128.180725162964961, 36.111517147581353 ], [ 128.178351096679705, 36.114441312987083 ], [ 128.177905544457502, 36.11491261166325 ], [ 128.177490820975436, 36.115067907873723 ], [ 128.177477894915796, 36.115175886604895 ], [ 128.183623529167647, 36.113436283095673 ], [ 128.18464449817651, 36.113060541062268 ], [ 128.18544770895835, 36.112906343749806 ], [ 128.186051798858813, 36.112984488619176 ], [ 128.186556866903231, 36.113240002370553 ], [ 128.186352990969397, 36.113813121265437 ], [ 128.18471615424005, 36.117453057442845 ], [ 128.187833802548994, 36.117435197494537 ], [ 128.190150703318636, 36.117857084200146 ], [ 128.191888369665691, 36.118782748294038 ], [ 128.192931349710193, 36.119435590680204 ], [ 128.19351632596323, 36.119801741648004 ], [ 128.198846936204887, 36.123138012007374 ], [ 128.199995976819849, 36.124164930499653 ], [ 128.201339961312016, 36.125430968870695 ], [ 128.20272001476755, 36.127290661920973 ], [ 128.202552950146867, 36.131117870860699 ], [ 128.181808953093253, 36.131147078679163 ], [ 128.180753794341342, 36.131592824542516 ], [ 128.177642085979699, 36.131501611100589 ], [ 128.178106897386954, 36.134551777252739 ], [ 128.178081711638498, 36.134799131551866 ], [ 128.178078127509309, 36.13483428723228 ], [ 128.177462298707098, 36.135740980160975 ], [ 128.176378860049908, 36.136948136399042 ], [ 128.176202847939805, 36.137124920756072 ], [ 128.175836528472757, 36.137609291139839 ], [ 128.175540789955619, 36.138130770574328 ], [ 128.175343001289974, 36.138537790105119 ], [ 128.175217642453021, 36.13880391177792 ], [ 128.174998295316101, 36.139420177662785 ], [ 128.174829889423705, 36.140099625489988 ], [ 128.174545292029222, 36.141401262394218 ], [ 128.174260023870403, 36.142765723331195 ], [ 128.17353323648274, 36.145571280586687 ], [ 128.173833501984916, 36.145806852390685 ], [ 128.175793431129847, 36.147729245096734 ], [ 128.176864235633445, 36.14889797323859 ], [ 128.177029925564938, 36.149078831118722 ], [ 128.178883407807717, 36.151230008330771 ], [ 128.180571616393394, 36.152982089076524 ], [ 128.18251042139434, 36.154364272839047 ], [ 128.184790158366695, 36.156182277612253 ], [ 128.185992386755572, 36.157194706150648 ], [ 128.186561055853247, 36.157704901839111 ], [ 128.187105964641233, 36.157223469350782 ], [ 128.187305795053419, 36.156984408674454 ], [ 128.187491408928111, 36.156756704079086 ], [ 128.187535235473632, 36.156608278953478 ], [ 128.18756528559382, 36.15642548465177 ], [ 128.187726972328363, 36.15437949933191 ], [ 128.187713576003091, 36.154310818561605 ], [ 128.186740348217853, 36.152230340027536 ], [ 128.186217579633507, 36.151522182044303 ], [ 128.185811022939163, 36.15097412450433 ], [ 128.185441059613282, 36.150535360360465 ], [ 128.184234657132066, 36.149208627718799 ], [ 128.184367562042326, 36.146876410588476 ], [ 128.187324181300056, 36.146004467517436 ], [ 128.187387075332623, 36.145967328605053 ], [ 128.187488255300906, 36.145907559089736 ], [ 128.187530946555739, 36.145868642815948 ], [ 128.187891182821659, 36.145493683042012 ], [ 128.190615358754599, 36.145482732312217 ], [ 128.190724171986488, 36.145473669847455 ], [ 128.190906166276505, 36.145396480336615 ], [ 128.193229683938029, 36.14381428535502 ], [ 128.195023798058031, 36.142610797566483 ], [ 128.198602737396044, 36.141177346276827 ], [ 128.200100740393452, 36.140716095271785 ], [ 128.201838997051482, 36.140627673988796 ], [ 128.20818799090307, 36.143403891889712 ], [ 128.208449665577518, 36.143590422338455 ], [ 128.208806199208851, 36.143925159447548 ], [ 128.208950699158379, 36.144113705687872 ], [ 128.209228010465097, 36.144503203667732 ], [ 128.209498614352498, 36.144792627030633 ], [ 128.211061449874791, 36.146204269442805 ], [ 128.211183839534073, 36.146292619545214 ], [ 128.214658741694222, 36.148520499969813 ], [ 128.2148965877644, 36.148622095112181 ], [ 128.21528697233984, 36.148667557005361 ], [ 128.215556486996917, 36.148684960610403 ], [ 128.215668137536113, 36.148691952999265 ], [ 128.215733671617784, 36.148689585144098 ], [ 128.221551251380077, 36.145772410695891 ], [ 128.221604442574545, 36.143423502029151 ], [ 128.22208405398635, 36.142365416251515 ], [ 128.22223544892762, 36.142196299186807 ], [ 128.222547829666496, 36.141898603459353 ], [ 128.222595941896714, 36.14187310942328 ], [ 128.223190035877337, 36.141701771885359 ], [ 128.225059863012604, 36.141747794231016 ], [ 128.225526342067184, 36.141695665209355 ], [ 128.226420011607644, 36.141414227448813 ], [ 128.226950346166973, 36.141243021807981 ], [ 128.229057258206637, 36.140124731289937 ], [ 128.232772724738538, 36.137880216785533 ], [ 128.234247323465326, 36.13706510547258 ], [ 128.23682476368154, 36.135753199932807 ], [ 128.239043439830056, 36.134916591846633 ], [ 128.241068593560357, 36.13434482596098 ], [ 128.246893779206772, 36.132830057709164 ], [ 128.250296692630542, 36.131970992871167 ], [ 128.250409591467616, 36.131963161549166 ], [ 128.250471583671668, 36.131931802173533 ], [ 128.250523312340022, 36.131869857056842 ], [ 128.253110751716378, 36.128547594027005 ], [ 128.253173260018599, 36.128458865216629 ], [ 128.253272583465531, 36.128297072149742 ], [ 128.255613617626324, 36.124357216352841 ], [ 128.255682928872801, 36.124227597597375 ], [ 128.256343186933805, 36.122372050876002 ], [ 128.256358022895313, 36.122073056711045 ], [ 128.256296666836477, 36.121786564888076 ], [ 128.25619363096385, 36.121460822916717 ], [ 128.255669476734965, 36.120573221351819 ], [ 128.255487741694225, 36.120312013259991 ], [ 128.255170315911869, 36.120004441549298 ], [ 128.255001388032355, 36.119873326171565 ], [ 128.254874404155231, 36.119752240170072 ], [ 128.254740830870844, 36.119481572119561 ], [ 128.254119662397756, 36.117637572839591 ], [ 128.254098554874105, 36.117555310109729 ], [ 128.25406368031733, 36.117419377152089 ], [ 128.254094266638361, 36.117149728550125 ], [ 128.254142200564502, 36.116951712685534 ], [ 128.254459056898128, 36.116472529321193 ], [ 128.258745357365854, 36.112227170099594 ], [ 128.258902378085281, 36.112133869116022 ], [ 128.259099407547751, 36.112044050464817 ], [ 128.26100553247781, 36.111373124263075 ], [ 128.261882140592149, 36.111183450190737 ], [ 128.26216885231031, 36.111136451505573 ], [ 128.262193150223226, 36.111107355267116 ], [ 128.262269417086173, 36.108737744928035 ], [ 128.262310476840156, 36.106510415487946 ], [ 128.262331129448228, 36.10623712770871 ], [ 128.262347002503134, 36.106027085478622 ], [ 128.262635001810338, 36.104707633368925 ], [ 128.262731893860177, 36.104445297257577 ], [ 128.262903128232949, 36.104167004422735 ], [ 128.263141608449985, 36.103911020233546 ], [ 128.265508661045317, 36.101992099317599 ], [ 128.266308440253198, 36.099468089011552 ], [ 128.266376740293822, 36.09925309120645 ], [ 128.266472415600731, 36.099065177648754 ], [ 128.266676508798099, 36.098803903235712 ], [ 128.266911041931564, 36.098536065062369 ], [ 128.267117005622055, 36.098371280331698 ], [ 128.267258769557969, 36.098275657116062 ], [ 128.268376910461967, 36.097750682304465 ], [ 128.268620612883979, 36.097684858257452 ], [ 128.269152040419243, 36.097571435018295 ], [ 128.269370209896437, 36.097579516911026 ], [ 128.269601149556451, 36.097697590793445 ], [ 128.275135323027371, 36.100837360257152 ], [ 128.275642259979691, 36.101429216880604 ], [ 128.275670341749446, 36.103139965495068 ], [ 128.275662224949969, 36.103210241839164 ], [ 128.275640936174398, 36.103354834654127 ], [ 128.275619189201677, 36.103416431623899 ], [ 128.275586393298141, 36.103460243045248 ] ] ] ] } },
{ "type": "Feature", "properties": { "OBJECTID": 2814, "adm_nm": "경상북도 김천시 개령면", "adm_cd": "3703033", "adm_cd2": "4715034000", "sgg": "47150", "sido": "47", "sidonm": "경상북도", "sggnm": "김천시" }, "geometry": { "type": "MultiPolygon", "coordinates": [ [ [ [ 128.227516993618877, 36.187960475915403 ], [ 128.225938489833823, 36.186935766363248 ], [ 128.225179911537509, 36.186398916689811 ], [ 128.224858323096299, 36.186106180284547 ], [ 128.223820910794899, 36.185057533479764 ], [ 128.222834448234693, 36.184032242477969 ], [ 128.222516886161088, 36.183674829085568 ], [ 128.221901368794391, 36.182982035993987 ], [ 128.220983359656685, 36.181783899388265 ], [ 128.220236627704622, 36.180809253089038 ], [ 128.218136085092112, 36.177878141653935 ], [ 128.217042938263916, 36.175460668981025 ], [ 128.215594052860808, 36.172430997794038 ], [ 128.214894751328046, 36.171245521100751 ], [ 128.21449421780008, 36.170647551964812 ], [ 128.213243545370858, 36.168964073982977 ], [ 128.212546449718133, 36.168222102044993 ], [ 128.212291858062258, 36.168001354760044 ], [ 128.211840459319632, 36.167709842674633 ], [ 128.211442869473416, 36.167468290261567 ], [ 128.209880781628073, 36.166530121626465 ], [ 128.209363140459203, 36.166280905741658 ], [ 128.208203137972447, 36.165815222532188 ], [ 128.206906303688527, 36.16541560080762 ], [ 128.206377876507133, 36.16526351791299 ], [ 128.206012598999649, 36.165175082946064 ], [ 128.205706892695787, 36.165101097386788 ], [ 128.203537859213782, 36.164733999838866 ], [ 128.202616485435243, 36.164585140712397 ], [ 128.201203055042527, 36.164372657072825 ], [ 128.199408616637243, 36.164077455165433 ], [ 128.198716480903983, 36.163953191275517 ], [ 128.197836848819634, 36.163795239916865 ], [ 128.193435822184057, 36.162805025826529 ], [ 128.192698263047248, 36.162549208740394 ], [ 128.191759988276743, 36.161926274547781 ], [ 128.190598824183269, 36.161039077846311 ], [ 128.188255795211376, 36.159219303666326 ], [ 128.187082161926668, 36.15817238353749 ], [ 128.186561055853247, 36.157704901839111 ], [ 128.185992386755572, 36.157194706150648 ], [ 128.184790158366695, 36.156182277612253 ], [ 128.18251042139434, 36.154364272839047 ], [ 128.180571616393394, 36.152982089076524 ], [ 128.178883407807717, 36.151230008330771 ], [ 128.177029925564938, 36.149078831118722 ], [ 128.176864235633445, 36.14889797323859 ], [ 128.175793431129847, 36.147729245096734 ], [ 128.173833501984916, 36.145806852390685 ], [ 128.17353323648274, 36.145571280586687 ], [ 128.172839204023433, 36.145026777706661 ], [ 128.170510225444588, 36.143257789867512 ], [ 128.169338381691745, 36.142414446319336 ], [ 128.164657729159956, 36.139836723733112 ], [ 128.156235417168176, 36.13776404575583 ], [ 128.155461638031682, 36.139360491936692 ], [ 128.154595726775341, 36.141026464909928 ], [ 128.152728019822007, 36.144225480025888 ], [ 128.151475773142323, 36.145854274667641 ], [ 128.150308844390366, 36.147007909944854 ], [ 128.149876346419347, 36.147510229134504 ], [ 128.149776905419543, 36.147657612093475 ], [ 128.148715194437102, 36.149365857718834 ], [ 128.148570912093589, 36.149625597119915 ], [ 128.148416884185309, 36.150052634606084 ], [ 128.148377147462099, 36.150206791917768 ], [ 128.148553387534463, 36.151458774000638 ], [ 128.148582052688511, 36.151536701430999 ], [ 128.148686447630894, 36.151820451797043 ], [ 128.149503714732674, 36.15224246226061 ], [ 128.150245790320838, 36.153390280692584 ], [ 128.15031916072661, 36.153778968394597 ], [ 128.149980182716121, 36.154729473738534 ], [ 128.149407898550635, 36.155927747070358 ], [ 128.148872328829185, 36.156895056157445 ], [ 128.14863023102626, 36.157115297319507 ], [ 128.148038602240661, 36.157271910641676 ], [ 128.147143393465853, 36.157416105075193 ], [ 128.1469698557556, 36.157586329230789 ], [ 128.145931848777764, 36.158989572746428 ], [ 128.145900776620067, 36.159060075906069 ], [ 128.145872612727032, 36.159209054365782 ], [ 128.145864002119708, 36.159304333640698 ], [ 128.145876863251061, 36.159516630447662 ], [ 128.14589069058087, 36.159639744038294 ], [ 128.145919631749507, 36.159766034308959 ], [ 128.145941669952492, 36.159830782148113 ], [ 128.145986013644489, 36.159935656767423 ], [ 128.146634256955139, 36.160965977255309 ], [ 128.146742826221384, 36.161089767281936 ], [ 128.148046642068181, 36.162424707498857 ], [ 128.148455467001355, 36.162690417443031 ], [ 128.151101481595333, 36.165240580322553 ], [ 128.151403925336467, 36.16594856999253 ], [ 128.151770548674108, 36.16681861671583 ], [ 128.151784118545493, 36.168803966064416 ], [ 128.151779512115553, 36.16922965487452 ], [ 128.151656901838891, 36.17019418665523 ], [ 128.151590738196063, 36.170779467546886 ], [ 128.151540348338699, 36.171345381947219 ], [ 128.152930611441548, 36.171661674008355 ], [ 128.157025131371256, 36.172701681021799 ], [ 128.157214958177491, 36.172760539935567 ], [ 128.157309688165526, 36.17280793727992 ], [ 128.157415245882731, 36.172876969996643 ], [ 128.15759110504203, 36.173000365842519 ], [ 128.158734922134897, 36.173942485075798 ], [ 128.159020146872109, 36.174195949427016 ], [ 128.15935742083937, 36.174553929799821 ], [ 128.15951054408572, 36.174734568365338 ], [ 128.159545182322006, 36.174810228538462 ], [ 128.159605449498798, 36.174975845678773 ], [ 128.159945537017876, 36.176139066630924 ], [ 128.159596191059364, 36.176510012325302 ], [ 128.159160722690103, 36.177070661033952 ], [ 128.158890487832537, 36.17750327137238 ], [ 128.158754834870479, 36.177775220177118 ], [ 128.1586617973214, 36.177979195553469 ], [ 128.156710196398137, 36.183734949886599 ], [ 128.156396296371668, 36.184967918124748 ], [ 128.154589528958496, 36.189090017376991 ], [ 128.154926489323401, 36.189202853846147 ], [ 128.154989377807112, 36.189131576861968 ], [ 128.155127602941292, 36.18890876197846 ], [ 128.155568950438038, 36.187335068301394 ], [ 128.155724910937835, 36.18704010021969 ], [ 128.155879389157775, 36.186882815472956 ], [ 128.156122850288853, 36.186738978062479 ], [ 128.159232480071154, 36.187211200444196 ], [ 128.160094197108918, 36.187376733409529 ], [ 128.1643622723318, 36.188391662998114 ], [ 128.1672595971379, 36.189265576684818 ], [ 128.167405206766034, 36.189347879457287 ], [ 128.167733651614242, 36.189637854214205 ], [ 128.168022975086245, 36.18998383050257 ], [ 128.16803719490872, 36.190096503125332 ], [ 128.168036534897709, 36.190159039012279 ], [ 128.166072006824891, 36.192193530511624 ], [ 128.162140902814002, 36.197872759660278 ], [ 128.161959561538282, 36.198246718852388 ], [ 128.161871072395542, 36.198590060804193 ], [ 128.161838054965443, 36.198793084943446 ], [ 128.161844231455149, 36.198936968195618 ], [ 128.163533196186876, 36.20180374796751 ], [ 128.163922775539703, 36.20215044235492 ], [ 128.164137204518681, 36.202289528639191 ], [ 128.164374961290093, 36.202410011474576 ], [ 128.164559920504615, 36.202466297661687 ], [ 128.16463648319214, 36.202471261955374 ], [ 128.164923124261577, 36.202348169463846 ], [ 128.165047087878804, 36.202292761410035 ], [ 128.16519405742639, 36.202250002067835 ], [ 128.165294277243504, 36.202250710787752 ], [ 128.165378636126718, 36.202295082895994 ], [ 128.169504792474157, 36.204673836342984 ], [ 128.169575297522925, 36.204729372851006 ], [ 128.169642152428878, 36.204824161361294 ], [ 128.169740573659112, 36.204989931214165 ], [ 128.169741846320278, 36.205164768771411 ], [ 128.169736929471725, 36.205324579755043 ], [ 128.169742786280466, 36.205382289112933 ], [ 128.169755403607184, 36.205411192347192 ], [ 128.170022283641657, 36.205818294789665 ], [ 128.17010232889956, 36.205889605075726 ], [ 128.170166638933267, 36.205918868832988 ], [ 128.170308409236441, 36.205959160976398 ], [ 128.170508873301486, 36.205950071095415 ], [ 128.170767520844919, 36.205936137154751 ], [ 128.171056899435172, 36.205880588149945 ], [ 128.172071118507574, 36.205620338755097 ], [ 128.172442269753134, 36.205664848490258 ], [ 128.172731177692214, 36.205695725549916 ], [ 128.173847713057711, 36.205401818213026 ], [ 128.17396121382049, 36.205341584317161 ], [ 128.174976778976628, 36.204147643474002 ], [ 128.17513768621194, 36.203837846891474 ], [ 128.175187320510219, 36.203692366823624 ], [ 128.175242926671785, 36.203515508136391 ], [ 128.176944049357076, 36.200317600705539 ], [ 128.178859243184633, 36.197961734371475 ], [ 128.179146691692921, 36.197687819884479 ], [ 128.179251384783612, 36.197632240546376 ], [ 128.180122123427878, 36.197334164776748 ], [ 128.180254221262061, 36.197312548721399 ], [ 128.182437354478822, 36.1972273656027 ], [ 128.182617868775935, 36.197222969870715 ], [ 128.182721916375272, 36.197229324635764 ], [ 128.186096336899965, 36.198051068840456 ], [ 128.188257309385534, 36.198762088552272 ], [ 128.188616992008008, 36.198882757787722 ], [ 128.188769509363539, 36.198900701746922 ], [ 128.188936143442106, 36.198896208655938 ], [ 128.189026787116262, 36.198857387458183 ], [ 128.191399914812251, 36.197828242291784 ], [ 128.19376451118373, 36.196701251416613 ], [ 128.19551749166709, 36.195810562755945 ], [ 128.197188449914677, 36.194628151876124 ], [ 128.200159634743699, 36.192533671381796 ], [ 128.200477337370501, 36.192391778334077 ], [ 128.200908074639472, 36.192314025649644 ], [ 128.201206384394908, 36.192330408545658 ], [ 128.201684906345065, 36.192445925776809 ], [ 128.202141560411889, 36.19261604790703 ], [ 128.202502311991907, 36.19278261922512 ], [ 128.202905318909671, 36.19298692699163 ], [ 128.203421060903366, 36.193287046107564 ], [ 128.203921676940212, 36.19367922658374 ], [ 128.204154083435839, 36.193888149334867 ], [ 128.204331409791962, 36.193921006788038 ], [ 128.204747722100876, 36.19386618201532 ], [ 128.205487942203604, 36.193755897187948 ], [ 128.205737295200777, 36.193694186948804 ], [ 128.206133215424501, 36.193547041357 ], [ 128.20732191298427, 36.1930105531127 ], [ 128.207796974795201, 36.192765998487673 ], [ 128.208546475495183, 36.192439728166768 ], [ 128.209370608324235, 36.192111092407892 ], [ 128.209527576833381, 36.192048756968717 ], [ 128.209655372936453, 36.192061128559772 ], [ 128.21139962695554, 36.193164275442093 ], [ 128.212788888369744, 36.194239142467815 ], [ 128.214298762100441, 36.193728212491258 ], [ 128.216248732526765, 36.195158132617571 ], [ 128.216372636496942, 36.195282006955907 ], [ 128.216505488107515, 36.195450461211564 ], [ 128.21662841170243, 36.19567207295453 ], [ 128.21681809200021, 36.195923076283854 ], [ 128.216999093365416, 36.196148708666797 ], [ 128.217198065028725, 36.196364633452525 ], [ 128.218406067819245, 36.196822120938485 ], [ 128.219040881698902, 36.196991719010946 ], [ 128.21930413326271, 36.19678702861524 ], [ 128.224624222449108, 36.191362652109881 ], [ 128.225001909104122, 36.19095930894116 ], [ 128.226733270918515, 36.188965958348874 ], [ 128.227478975295099, 36.188009255110096 ], [ 128.227516993618877, 36.187960475915403 ] ] ] ] } },
{ "type": "Feature", "properties": { "OBJECTID": 2815, "adm_nm": "경상북도 김천시 감문면", "adm_cd": "3703034", "adm_cd2": "4715035000", "sgg": "47150", "sido": "47", "sidonm": "경상북도", "sggnm": "김천시" }, "geometry": { "type": "MultiPolygon", "coordinates": [ [ [ [ 128.225796643120816, 36.231658749041728 ], [ 128.228642961609609, 36.22949018205901 ], [ 128.232624415875279, 36.226704126072917 ], [ 128.232717706390275, 36.226686150635622 ], [ 128.234534764512802, 36.226241063489169 ], [ 128.235305623853151, 36.225683321020632 ], [ 128.236102835546774, 36.225030288418061 ], [ 128.236211172159187, 36.224939290504352 ], [ 128.236308434985432, 36.224808745260532 ], [ 128.236347982055861, 36.224719637309228 ], [ 128.23635630254239, 36.224601285403367 ], [ 128.236328930517516, 36.224468786235533 ], [ 128.235840187868547, 36.222285828910536 ], [ 128.235018340790049, 36.220915547156793 ], [ 128.234592851566816, 36.220330156701628 ], [ 128.233789956206209, 36.218930973278646 ], [ 128.233667725456826, 36.218685273572319 ], [ 128.233587743462664, 36.218514141563084 ], [ 128.233540483620857, 36.218365247313486 ], [ 128.233503301284827, 36.218065544027468 ], [ 128.233525993409984, 36.217795247032406 ], [ 128.234218783588602, 36.21415730448598 ], [ 128.236230073582817, 36.211298761490212 ], [ 128.237132956365627, 36.210071827886836 ], [ 128.237219939509515, 36.209964419923246 ], [ 128.237828775229787, 36.209369383767644 ], [ 128.238579743798454, 36.207168176787604 ], [ 128.23730565334256, 36.206852059881122 ], [ 128.236983965439464, 36.206769135104544 ], [ 128.23666228363652, 36.206686195897667 ], [ 128.23637289486453, 36.206571309377878 ], [ 128.236083520319596, 36.206456426571691 ], [ 128.235794135437089, 36.206341537713314 ], [ 128.235535542538997, 36.206219585561492 ], [ 128.235351145949551, 36.206099166678356 ], [ 128.233710389984083, 36.201875856720925 ], [ 128.23486410652032, 36.201119780555828 ], [ 128.237851406461175, 36.200309213395904 ], [ 128.239996196720625, 36.20080984673136 ], [ 128.240233921958009, 36.200914408742968 ], [ 128.240677357894668, 36.201022352966064 ], [ 128.242474507487657, 36.201435524418976 ], [ 128.244241520724302, 36.201617527999183 ], [ 128.24433667226748, 36.199132337094255 ], [ 128.243599503432677, 36.198802374433448 ], [ 128.242862329530311, 36.198472399097632 ], [ 128.242747931480409, 36.198416831248522 ], [ 128.242008023518423, 36.198022796806939 ], [ 128.240280987658281, 36.196937002670353 ], [ 128.240082546925521, 36.196783048365383 ], [ 128.239475739798735, 36.196312214623241 ], [ 128.239247639665564, 36.196129808264352 ], [ 128.238060733088389, 36.19512420269831 ], [ 128.23749139895898, 36.194577666667364 ], [ 128.237109676365492, 36.194202331298264 ], [ 128.235924513250211, 36.193023973853293 ], [ 128.231155317665724, 36.18963609929866 ], [ 128.227516993618877, 36.187960475915403 ], [ 128.227478975295099, 36.188009255110096 ], [ 128.226733270918515, 36.188965958348874 ], [ 128.225001909104122, 36.19095930894116 ], [ 128.224624222449108, 36.191362652109881 ], [ 128.21930413326271, 36.19678702861524 ], [ 128.219040881698902, 36.196991719010946 ], [ 128.218406067819245, 36.196822120938485 ], [ 128.217198065028725, 36.196364633452525 ], [ 128.216999093365416, 36.196148708666797 ], [ 128.21681809200021, 36.195923076283854 ], [ 128.21662841170243, 36.19567207295453 ], [ 128.216505488107515, 36.195450461211564 ], [ 128.216372636496942, 36.195282006955907 ], [ 128.216248732526765, 36.195158132617571 ], [ 128.214298762100441, 36.193728212491258 ], [ 128.212788888369744, 36.194239142467815 ], [ 128.21139962695554, 36.193164275442093 ], [ 128.209655372936453, 36.192061128559772 ], [ 128.209527576833381, 36.192048756968717 ], [ 128.209370608324235, 36.192111092407892 ], [ 128.208546475495183, 36.192439728166768 ], [ 128.207796974795201, 36.192765998487673 ], [ 128.20732191298427, 36.1930105531127 ], [ 128.206133215424501, 36.193547041357 ], [ 128.205737295200777, 36.193694186948804 ], [ 128.205487942203604, 36.193755897187948 ], [ 128.204747722100876, 36.19386618201532 ], [ 128.204331409791962, 36.193921006788038 ], [ 128.204154083435839, 36.193888149334867 ], [ 128.203921676940212, 36.19367922658374 ], [ 128.203421060903366, 36.193287046107564 ], [ 128.202905318909671, 36.19298692699163 ], [ 128.202502311991907, 36.19278261922512 ], [ 128.202141560411889, 36.19261604790703 ], [ 128.201684906345065, 36.192445925776809 ], [ 128.201206384394908, 36.192330408545658 ], [ 128.200908074639472, 36.192314025649644 ], [ 128.200477337370501, 36.192391778334077 ], [ 128.200159634743699, 36.192533671381796 ], [ 128.197188449914677, 36.194628151876124 ], [ 128.19551749166709, 36.195810562755945 ], [ 128.19376451118373, 36.196701251416613 ], [ 128.191399914812251, 36.197828242291784 ], [ 128.189026787116262, 36.198857387458183 ], [ 128.188936143442106, 36.198896208655938 ], [ 128.188769509363539, 36.198900701746922 ], [ 128.188616992008008, 36.198882757787722 ], [ 128.188257309385534, 36.198762088552272 ], [ 128.186096336899965, 36.198051068840456 ], [ 128.182721916375272, 36.197229324635764 ], [ 128.182617868775935, 36.197222969870715 ], [ 128.182437354478822, 36.1972273656027 ], [ 128.180254221262061, 36.197312548721399 ], [ 128.180122123427878, 36.197334164776748 ], [ 128.179251384783612, 36.197632240546376 ], [ 128.179146691692921, 36.197687819884479 ], [ 128.178859243184633, 36.197961734371475 ], [ 128.176944049357076, 36.200317600705539 ], [ 128.175242926671785, 36.203515508136391 ], [ 128.175187320510219, 36.203692366823624 ], [ 128.17513768621194, 36.203837846891474 ], [ 128.174976778976628, 36.204147643474002 ], [ 128.17396121382049, 36.205341584317161 ], [ 128.173847713057711, 36.205401818213026 ], [ 128.172731177692214, 36.205695725549916 ], [ 128.172442269753134, 36.205664848490258 ], [ 128.172071118507574, 36.205620338755097 ], [ 128.171056899435172, 36.205880588149945 ], [ 128.170767520844919, 36.205936137154751 ], [ 128.170508873301486, 36.205950071095415 ], [ 128.170308409236441, 36.205959160976398 ], [ 128.170166638933267, 36.205918868832988 ], [ 128.17010232889956, 36.205889605075726 ], [ 128.170022283641657, 36.205818294789665 ], [ 128.169755403607184, 36.205411192347192 ], [ 128.169742786280466, 36.205382289112933 ], [ 128.169736929471725, 36.205324579755043 ], [ 128.169741846320278, 36.205164768771411 ], [ 128.169740573659112, 36.204989931214165 ], [ 128.169642152428878, 36.204824161361294 ], [ 128.169575297522925, 36.204729372851006 ], [ 128.169504792474157, 36.204673836342984 ], [ 128.165378636126718, 36.202295082895994 ], [ 128.165294277243504, 36.202250710787752 ], [ 128.16519405742639, 36.202250002067835 ], [ 128.165047087878804, 36.202292761410035 ], [ 128.164923124261577, 36.202348169463846 ], [ 128.16463648319214, 36.202471261955374 ], [ 128.164559920504615, 36.202466297661687 ], [ 128.164374961290093, 36.202410011474576 ], [ 128.164137204518681, 36.202289528639191 ], [ 128.163922775539703, 36.20215044235492 ], [ 128.163533196186876, 36.20180374796751 ], [ 128.161844231455149, 36.198936968195618 ], [ 128.161838054965443, 36.198793084943446 ], [ 128.161871072395542, 36.198590060804193 ], [ 128.161959561538282, 36.198246718852388 ], [ 128.162140902814002, 36.197872759660278 ], [ 128.166072006824891, 36.192193530511624 ], [ 128.168036534897709, 36.190159039012279 ], [ 128.16803719490872, 36.190096503125332 ], [ 128.168022975086245, 36.18998383050257 ], [ 128.167733651614242, 36.189637854214205 ], [ 128.167405206766034, 36.189347879457287 ], [ 128.1672595971379, 36.189265576684818 ], [ 128.1643622723318, 36.188391662998114 ], [ 128.160094197108918, 36.187376733409529 ], [ 128.159232480071154, 36.187211200444196 ], [ 128.156122850288853, 36.186738978062479 ], [ 128.155879389157775, 36.186882815472956 ], [ 128.155724910937835, 36.18704010021969 ], [ 128.155568950438038, 36.187335068301394 ], [ 128.155127602941292, 36.18890876197846 ], [ 128.154989377807112, 36.189131576861968 ], [ 128.154926489323401, 36.189202853846147 ], [ 128.154589528958496, 36.189090017376991 ], [ 128.153069735560763, 36.188658095453228 ], [ 128.150100325089483, 36.187738870119958 ], [ 128.149372665358726, 36.187311765081454 ], [ 128.14906875205196, 36.187158112609126 ], [ 128.148941642462944, 36.187136571374296 ], [ 128.148839801198278, 36.187135821592449 ], [ 128.148695366901563, 36.187148566129579 ], [ 128.147732072303029, 36.187494254063942 ], [ 128.146707688676315, 36.187902350359039 ], [ 128.143926858927244, 36.190883893133723 ], [ 128.138069569641175, 36.196505373143559 ], [ 128.137678767609742, 36.196724096838885 ], [ 128.137558406180773, 36.196802858029137 ], [ 128.137235736381172, 36.197035941422548 ], [ 128.13648184927851, 36.19767092878773 ], [ 128.136348207102174, 36.197791126895609 ], [ 128.13630915217496, 36.197849704326401 ], [ 128.136230964508258, 36.19797376000777 ], [ 128.134967473359438, 36.200308296729709 ], [ 128.134806352027141, 36.200985642724071 ], [ 128.133933350386684, 36.203301180265377 ], [ 128.131412221556133, 36.205718721964786 ], [ 128.131311647521983, 36.205801323931539 ], [ 128.131186474737262, 36.205855979580619 ], [ 128.126813983219392, 36.207561059501515 ], [ 128.12656694432502, 36.207652688080742 ], [ 128.125152760783095, 36.208076589113418 ], [ 128.125030971435763, 36.20810600170033 ], [ 128.124971763690837, 36.208109367147088 ], [ 128.124912553643895, 36.208112723561101 ], [ 128.124739917722565, 36.208108715951752 ], [ 128.124423176407845, 36.208025583914655 ], [ 128.123158596652331, 36.208319352999887 ], [ 128.121822685992299, 36.208716801160506 ], [ 128.120661070750828, 36.209274085449735 ], [ 128.119054229892811, 36.210359774353456 ], [ 128.11845376366071, 36.210779718939506 ], [ 128.118162246201422, 36.211016570223485 ], [ 128.117466092749339, 36.211918722930648 ], [ 128.117402403269864, 36.212230433060057 ], [ 128.117418253965809, 36.212425673124692 ], [ 128.117464541740873, 36.212591857070663 ], [ 128.117619499527791, 36.212724702683232 ], [ 128.118302937990251, 36.213490714533933 ], [ 128.119002754399219, 36.214408026125788 ], [ 128.119090437834018, 36.214637919358616 ], [ 128.119148737098584, 36.21480664770133 ], [ 128.119153549523645, 36.214847541270174 ], [ 128.119220320166164, 36.216940625755669 ], [ 128.118746709338637, 36.217849301081522 ], [ 128.118612848532223, 36.217980016755845 ], [ 128.117603484009635, 36.218731733575915 ], [ 128.11654869333853, 36.21957445254283 ], [ 128.116359895883761, 36.219770641280874 ], [ 128.115894570828999, 36.220476887156771 ], [ 128.113571489799313, 36.22580089779165 ], [ 128.111673896009904, 36.229313885259799 ], [ 128.111516869605765, 36.229421679561838 ], [ 128.110858282290678, 36.23038763231186 ], [ 128.110687331928489, 36.230646403364311 ], [ 128.110609194695655, 36.230801864121148 ], [ 128.109415585809188, 36.23368327503227 ], [ 128.108563312381023, 36.235824176635795 ], [ 128.108691078104783, 36.237146377377613 ], [ 128.109429149153783, 36.237294915919762 ], [ 128.111932805030108, 36.238463791487924 ], [ 128.112076377563369, 36.238550166822534 ], [ 128.112185106424562, 36.238709517156011 ], [ 128.112366861207761, 36.23899174984242 ], [ 128.11295630694687, 36.239876691302662 ], [ 128.113832500875702, 36.24097399107913 ], [ 128.11396498989086, 36.241100778491401 ], [ 128.114173754772793, 36.2412513887218 ], [ 128.115550573193502, 36.24206978442777 ], [ 128.115696506284451, 36.242136364241169 ], [ 128.115908613659741, 36.242179286626516 ], [ 128.116229376309207, 36.24220059889884 ], [ 128.116522545672041, 36.242219149547729 ], [ 128.116713665423447, 36.242236068198267 ], [ 128.116944725331223, 36.242296357514547 ], [ 128.117042131945851, 36.242329840582208 ], [ 128.118657175826314, 36.242951782900491 ], [ 128.118726971080719, 36.242984175863072 ], [ 128.118885433575599, 36.243071502653152 ], [ 128.11898604766381, 36.243198052621338 ], [ 128.120891125224659, 36.246074426627345 ], [ 128.119748920242273, 36.248392360601578 ], [ 128.119679648099606, 36.248503012177586 ], [ 128.119644506825495, 36.24860269818339 ], [ 128.119366400269968, 36.250080038274476 ], [ 128.119364285158042, 36.25026785547918 ], [ 128.119392564597632, 36.250400741298513 ], [ 128.119418975479704, 36.250510377936408 ], [ 128.120050103695348, 36.252810361039906 ], [ 128.121722181012387, 36.252792617147229 ], [ 128.126376160002081, 36.25239578525651 ], [ 128.127997734996939, 36.252148386736721 ], [ 128.1288506891037, 36.251861500181256 ], [ 128.130259817927822, 36.251537877046225 ], [ 128.130711525988147, 36.251450822709025 ], [ 128.130900850303533, 36.251424697516526 ], [ 128.131000052149773, 36.251412687750836 ], [ 128.131067946723448, 36.251409237307826 ], [ 128.131111535039679, 36.251413495213697 ], [ 128.131145277864164, 36.251429458355418 ], [ 128.135340871771518, 36.254277115010723 ], [ 128.135533713553855, 36.254418572554563 ], [ 128.135648985293102, 36.254541948741398 ], [ 128.135912526069575, 36.254932546228694 ], [ 128.136977827722433, 36.256659566498591 ], [ 128.137088032144959, 36.256852951060893 ], [ 128.137112363755421, 36.256996694428459 ], [ 128.137048851346577, 36.257151203942541 ], [ 128.137579612902954, 36.257517478551065 ], [ 128.137754484697723, 36.257608237284948 ], [ 128.139246701077354, 36.258043354516829 ], [ 128.139965231300579, 36.258164554795563 ], [ 128.140716588257789, 36.258276045648827 ], [ 128.141461023152658, 36.258274765712763 ], [ 128.143879387187297, 36.257052269121957 ], [ 128.144759224428441, 36.257383480780497 ], [ 128.1449507511403, 36.257447819671974 ], [ 128.145081307859073, 36.25747859104942 ], [ 128.145294161212519, 36.257463541211195 ], [ 128.145576789946233, 36.257425782420114 ], [ 128.1481820657269, 36.257048029524988 ], [ 128.149262200190435, 36.256856121032399 ], [ 128.149769957572119, 36.256722910397137 ], [ 128.149952921989893, 36.256683748839045 ], [ 128.151384592270489, 36.25647057706189 ], [ 128.151505240667603, 36.256461660095184 ], [ 128.152969375034985, 36.256432975315484 ], [ 128.156867373676363, 36.25651501038385 ], [ 128.157035977441126, 36.256530156986081 ], [ 128.157469213810401, 36.256598822136446 ], [ 128.157596303513969, 36.256630431016049 ], [ 128.158494446883765, 36.257027616324592 ], [ 128.158891984199613, 36.257213300367127 ], [ 128.160119700771048, 36.257068372364294 ], [ 128.161900066036566, 36.256455507924386 ], [ 128.16448478632546, 36.255342917047173 ], [ 128.16521865788286, 36.254996250169896 ], [ 128.16591148441006, 36.254620001574793 ], [ 128.167502925371139, 36.253627416895903 ], [ 128.167610425633711, 36.253558368624709 ], [ 128.167666288413272, 36.253486177237995 ], [ 128.167836620195004, 36.2527811426054 ], [ 128.167852472938165, 36.252700219522097 ], [ 128.167833262689868, 36.252627148055488 ], [ 128.167794078301768, 36.252549885055494 ], [ 128.167725214648272, 36.252444063822125 ], [ 128.167631570653782, 36.252317807762722 ], [ 128.167567841286001, 36.252199862745449 ], [ 128.167543869896349, 36.252102473569153 ], [ 128.167539858928734, 36.25200923997744 ], [ 128.167587561003984, 36.251290189326184 ], [ 128.167599225882412, 36.251132269437335 ], [ 128.167630420922137, 36.251019033458313 ], [ 128.167930225294583, 36.250093281527711 ], [ 128.167956034045176, 36.250016467912765 ], [ 128.169075114786722, 36.248460531088597 ], [ 128.171119212677752, 36.246466218438663 ], [ 128.171224051294132, 36.246387820257524 ], [ 128.171470644188645, 36.246231508798985 ], [ 128.171772586582904, 36.24604316359455 ], [ 128.172165006977821, 36.245806835170598 ], [ 128.172265480242885, 36.245758910068538 ], [ 128.172350800098314, 36.245727084980516 ], [ 128.173165640157919, 36.245439920704278 ], [ 128.175130272471478, 36.245036779288824 ], [ 128.17838256600939, 36.244500023187562 ], [ 128.184198589821222, 36.243941639655638 ], [ 128.188119325345752, 36.243844719790552 ], [ 128.188254419099621, 36.243892513002905 ], [ 128.188319323643782, 36.243909083081036 ], [ 128.188396194721804, 36.243928324939731 ], [ 128.190243971328073, 36.244208667232357 ], [ 128.191222636858924, 36.244351350095769 ], [ 128.192018171967078, 36.244429785152604 ], [ 128.196855373789106, 36.244734649757703 ], [ 128.196936924563602, 36.244714675336866 ], [ 128.196995118389736, 36.244681380602231 ], [ 128.198277278647879, 36.243851166910098 ], [ 128.198410470215464, 36.243736639735594 ], [ 128.19854848007671, 36.24353402391435 ], [ 128.198659600905501, 36.243334823125025 ], [ 128.198756428975116, 36.24310675824858 ], [ 128.198833483030825, 36.24291420496246 ], [ 128.198949020757453, 36.242627520844827 ], [ 128.199052202936173, 36.242412062650168 ], [ 128.19922974344928, 36.242138364992506 ], [ 128.199368579471042, 36.241979810521968 ], [ 128.199600234210294, 36.241731658351888 ], [ 128.201470922866463, 36.240061271014731 ], [ 128.201545342838585, 36.239998825972933 ], [ 128.201607897998514, 36.239957286806337 ], [ 128.2016703015357, 36.239930418317677 ], [ 128.202893204435895, 36.239579771837882 ], [ 128.202971064352653, 36.239561380075294 ], [ 128.208147567895537, 36.238395588490171 ], [ 128.209479238719297, 36.238295267724453 ], [ 128.21048237847009, 36.238039621236688 ], [ 128.213919054889544, 36.237002619928411 ], [ 128.214146748281962, 36.236884510105689 ], [ 128.214261473332272, 36.236803436949486 ], [ 128.214337265515582, 36.236730471979271 ], [ 128.214397525078908, 36.236659532607383 ], [ 128.215997497811259, 36.234059634388707 ], [ 128.217061016672261, 36.232285073608821 ], [ 128.217069460995447, 36.232217981033827 ], [ 128.217096088169143, 36.232142602530622 ], [ 128.217131675559898, 36.232079914455646 ], [ 128.218044576268824, 36.230868801661238 ], [ 128.218238498141858, 36.230630866764145 ], [ 128.218331196090247, 36.230551728599117 ], [ 128.218430109934985, 36.230495726173984 ], [ 128.218471456401602, 36.230478299992477 ], [ 128.218606871797249, 36.230421320935676 ], [ 128.218754941115776, 36.230367730322172 ], [ 128.218858698960162, 36.230347425497769 ], [ 128.218942833716653, 36.230345885911049 ], [ 128.220096001276403, 36.230349224182291 ], [ 128.220183949380697, 36.230353990470597 ], [ 128.223004549634965, 36.230601960328869 ], [ 128.223059333442137, 36.230607445990351 ], [ 128.224021742986196, 36.230760671705418 ], [ 128.22405750679377, 36.230771133996157 ], [ 128.225796643120816, 36.231658749041728 ] ] ] ] } },
{ "type": "Feature", "properties": { "OBJECTID": 2816, "adm_nm": "경상북도 김천시 어모면", "adm_cd": "3703035", "adm_cd2": "4715036000", "sgg": "47150", "sido": "47", "sidonm": "경상북도", "sggnm": "김천시" }, "geometry": { "type": "MultiPolygon", "coordinates": [ [ [ [ 128.108691078104783, 36.237146377377613 ], [ 128.108563312381023, 36.235824176635795 ], [ 128.109415585809188, 36.23368327503227 ], [ 128.110609194695655, 36.230801864121148 ], [ 128.110687331928489, 36.230646403364311 ], [ 128.110858282290678, 36.23038763231186 ], [ 128.111516869605765, 36.229421679561838 ], [ 128.111673896009904, 36.229313885259799 ], [ 128.113571489799313, 36.22580089779165 ], [ 128.115894570828999, 36.220476887156771 ], [ 128.116359895883761, 36.219770641280874 ], [ 128.11654869333853, 36.21957445254283 ], [ 128.117603484009635, 36.218731733575915 ], [ 128.118612848532223, 36.217980016755845 ], [ 128.118746709338637, 36.217849301081522 ], [ 128.119220320166164, 36.216940625755669 ], [ 128.119153549523645, 36.214847541270174 ], [ 128.119148737098584, 36.21480664770133 ], [ 128.119090437834018, 36.214637919358616 ], [ 128.119002754399219, 36.214408026125788 ], [ 128.118302937990251, 36.213490714533933 ], [ 128.117619499527791, 36.212724702683232 ], [ 128.117464541740873, 36.212591857070663 ], [ 128.117418253965809, 36.212425673124692 ], [ 128.117402403269864, 36.212230433060057 ], [ 128.117466092749339, 36.211918722930648 ], [ 128.118162246201422, 36.211016570223485 ], [ 128.11845376366071, 36.210779718939506 ], [ 128.119054229892811, 36.210359774353456 ], [ 128.120661070750828, 36.209274085449735 ], [ 128.121822685992299, 36.208716801160506 ], [ 128.123158596652331, 36.208319352999887 ], [ 128.124423176407845, 36.208025583914655 ], [ 128.124739917722565, 36.208108715951752 ], [ 128.124912553643895, 36.208112723561101 ], [ 128.124971763690837, 36.208109367147088 ], [ 128.125030971435763, 36.20810600170033 ], [ 128.125152760783095, 36.208076589113418 ], [ 128.12656694432502, 36.207652688080742 ], [ 128.126813983219392, 36.207561059501515 ], [ 128.131186474737262, 36.205855979580619 ], [ 128.131311647521983, 36.205801323931539 ], [ 128.131412221556133, 36.205718721964786 ], [ 128.133933350386684, 36.203301180265377 ], [ 128.134806352027141, 36.200985642724071 ], [ 128.134967473359438, 36.200308296729709 ], [ 128.136230964508258, 36.19797376000777 ], [ 128.13630915217496, 36.197849704326401 ], [ 128.136348207102174, 36.197791126895609 ], [ 128.13648184927851, 36.19767092878773 ], [ 128.137235736381172, 36.197035941422548 ], [ 128.137558406180773, 36.196802858029137 ], [ 128.137678767609742, 36.196724096838885 ], [ 128.138069569641175, 36.196505373143559 ], [ 128.143926858927244, 36.190883893133723 ], [ 128.146707688676315, 36.187902350359039 ], [ 128.147732072303029, 36.187494254063942 ], [ 128.148695366901563, 36.187148566129579 ], [ 128.148839801198278, 36.187135821592449 ], [ 128.148941642462944, 36.187136571374296 ], [ 128.14906875205196, 36.187158112609126 ], [ 128.149372665358726, 36.187311765081454 ], [ 128.150100325089483, 36.187738870119958 ], [ 128.153069735560763, 36.188658095453228 ], [ 128.154589528958496, 36.189090017376991 ], [ 128.156396296371668, 36.184967918124748 ], [ 128.156710196398137, 36.183734949886599 ], [ 128.1586617973214, 36.177979195553469 ], [ 128.158754834870479, 36.177775220177118 ], [ 128.158890487832537, 36.17750327137238 ], [ 128.159160722690103, 36.177070661033952 ], [ 128.159596191059364, 36.176510012325302 ], [ 128.159945537017876, 36.176139066630924 ], [ 128.159605449498798, 36.174975845678773 ], [ 128.159545182322006, 36.174810228538462 ], [ 128.15951054408572, 36.174734568365338 ], [ 128.15935742083937, 36.174553929799821 ], [ 128.159020146872109, 36.174195949427016 ], [ 128.158734922134897, 36.173942485075798 ], [ 128.15759110504203, 36.173000365842519 ], [ 128.157415245882731, 36.172876969996643 ], [ 128.157309688165526, 36.17280793727992 ], [ 128.157214958177491, 36.172760539935567 ], [ 128.157025131371256, 36.172701681021799 ], [ 128.152930611441548, 36.171661674008355 ], [ 128.151540348338699, 36.171345381947219 ], [ 128.151590738196063, 36.170779467546886 ], [ 128.151656901838891, 36.17019418665523 ], [ 128.151779512115553, 36.16922965487452 ], [ 128.151784118545493, 36.168803966064416 ], [ 128.151770548674108, 36.16681861671583 ], [ 128.151403925336467, 36.16594856999253 ], [ 128.151101481595333, 36.165240580322553 ], [ 128.148455467001355, 36.162690417443031 ], [ 128.148046642068181, 36.162424707498857 ], [ 128.146742826221384, 36.161089767281936 ], [ 128.146634256955139, 36.160965977255309 ], [ 128.145986013644489, 36.159935656767423 ], [ 128.145941669952492, 36.159830782148113 ], [ 128.145919631749507, 36.159766034308959 ], [ 128.14589069058087, 36.159639744038294 ], [ 128.145876863251061, 36.159516630447662 ], [ 128.145864002119708, 36.159304333640698 ], [ 128.145872612727032, 36.159209054365782 ], [ 128.145900776620067, 36.159060075906069 ], [ 128.145931848777764, 36.158989572746428 ], [ 128.1469698557556, 36.157586329230789 ], [ 128.147143393465853, 36.157416105075193 ], [ 128.148038602240661, 36.157271910641676 ], [ 128.14863023102626, 36.157115297319507 ], [ 128.148872328829185, 36.156895056157445 ], [ 128.149407898550635, 36.155927747070358 ], [ 128.148307014365088, 36.156425876505018 ], [ 128.144481523156315, 36.157428988976072 ], [ 128.144257418817148, 36.157476601476311 ], [ 128.144128343090671, 36.157497204868221 ], [ 128.144056338700437, 36.157496686110967 ], [ 128.143954155285059, 36.157483662786312 ], [ 128.14368997066137, 36.157383341123499 ], [ 128.141411054988708, 36.156804176004229 ], [ 128.138741244363075, 36.156277534612514 ], [ 128.136755824773019, 36.15589568209149 ], [ 128.136611883756615, 36.155888495709689 ], [ 128.136320074756242, 36.155889472414501 ], [ 128.136141871972086, 36.155897417091929 ], [ 128.135661125279938, 36.155932491797373 ], [ 128.12921096576332, 36.157904390805953 ], [ 128.127877823111277, 36.158525824630175 ], [ 128.123752919015232, 36.160024871014897 ], [ 128.123213451481661, 36.160074613069966 ], [ 128.122767635568181, 36.159465812373568 ], [ 128.12274456821865, 36.15927540331478 ], [ 128.123411890630592, 36.157287065585678 ], [ 128.122666397500723, 36.15518887985548 ], [ 128.119324136210054, 36.154579599221975 ], [ 128.118619600241942, 36.154571199745796 ], [ 128.117616007664878, 36.154617719985353 ], [ 128.11720078812138, 36.154747618366677 ], [ 128.116950150276892, 36.154893107346666 ], [ 128.116037941569829, 36.155177796874909 ], [ 128.114724366605145, 36.155377180771126 ], [ 128.113743919763522, 36.155401955737098 ], [ 128.112844400598362, 36.155299253263024 ], [ 128.112561008430248, 36.155123827150987 ], [ 128.11250571643086, 36.155085596441488 ], [ 128.112306930495521, 36.154927205464368 ], [ 128.112225899470559, 36.154837039610257 ], [ 128.112099582634471, 36.154629866933952 ], [ 128.112032770633931, 36.154535688463618 ], [ 128.111754665131627, 36.154225504040227 ], [ 128.11076308092575, 36.15340960911476 ], [ 128.110613282913789, 36.153303677537615 ], [ 128.110455920418985, 36.153222277794534 ], [ 128.110390142394266, 36.153205737776574 ], [ 128.110349430092839, 36.153210390858241 ], [ 128.110304121810856, 36.153230496572476 ], [ 128.109674596123568, 36.153635083049743 ], [ 128.109521426389534, 36.153765028644202 ], [ 128.109458083838462, 36.153826070807 ], [ 128.10758534744906, 36.155676603404345 ], [ 128.103040878768724, 36.15841923085754 ], [ 128.102962618242657, 36.158432994121497 ], [ 128.100028547853412, 36.159536141439347 ], [ 128.099834439559288, 36.159639020349516 ], [ 128.099575214642158, 36.159812274052278 ], [ 128.099526527244763, 36.159849096629898 ], [ 128.095768969089931, 36.163770507246824 ], [ 128.09451088168143, 36.166188226269966 ], [ 128.093295568429454, 36.168590214563778 ], [ 128.093246612401089, 36.16885289415665 ], [ 128.093226888944798, 36.168922885769696 ], [ 128.093152689721023, 36.169146995678844 ], [ 128.093085213864953, 36.169257195129404 ], [ 128.092884343427215, 36.169452931075575 ], [ 128.092730177245642, 36.169582173056824 ], [ 128.092387969583172, 36.169848112196043 ], [ 128.091942703141967, 36.170146139560963 ], [ 128.091493087669477, 36.170353129799317 ], [ 128.089344854213209, 36.171165363674611 ], [ 128.089286498382364, 36.171185757368406 ], [ 128.088981665405527, 36.171257949994079 ], [ 128.088849082522813, 36.171271202263341 ], [ 128.088580133741459, 36.171277917817186 ], [ 128.086223220006588, 36.170973875969558 ], [ 128.08227663104293, 36.172235721679648 ], [ 128.082304243810768, 36.172372773278923 ], [ 128.082292226866429, 36.172549349719333 ], [ 128.082257260147912, 36.172699898106444 ], [ 128.08217326753757, 36.173010568290053 ], [ 128.082050693978374, 36.173327431223754 ], [ 128.079307271615505, 36.18023149124005 ], [ 128.079148127103821, 36.180451570352631 ], [ 128.078959563349059, 36.180646429938541 ], [ 128.078885546210074, 36.180713018669437 ], [ 128.078718866951618, 36.180851223032107 ], [ 128.076479484001851, 36.182680048110711 ], [ 128.074733036524293, 36.183700681141417 ], [ 128.074638123208956, 36.183736979819976 ], [ 128.068795239034699, 36.185842268826235 ], [ 128.066047432643757, 36.18671783531255 ], [ 128.065249109559062, 36.186820855047884 ], [ 128.064612961205569, 36.186818911291418 ], [ 128.064331855746502, 36.186856192561912 ], [ 128.063952526735875, 36.186970066687309 ], [ 128.063632886885756, 36.187101147808733 ], [ 128.06329414584124, 36.187263918292381 ], [ 128.063032289352549, 36.187412108732325 ], [ 128.062706190856744, 36.187612950169168 ], [ 128.062528177712551, 36.187790631827966 ], [ 128.05947064028706, 36.191079892667382 ], [ 128.0594474696926, 36.191140418500829 ], [ 128.059192235449984, 36.191983826057843 ], [ 128.059187403774018, 36.192074845012655 ], [ 128.059211479717476, 36.192251081582548 ], [ 128.059444739330019, 36.193397331313491 ], [ 128.059516739128696, 36.193479851026645 ], [ 128.059637628342955, 36.193541495682318 ], [ 128.060047432129039, 36.193698024956412 ], [ 128.06025594814875, 36.19378617840087 ], [ 128.060600000944362, 36.193964945557084 ], [ 128.06090307961955, 36.19412668047601 ], [ 128.06126344360419, 36.194349597600741 ], [ 128.061476656570022, 36.194515194520093 ], [ 128.061675107334253, 36.194777959258722 ], [ 128.061932304792577, 36.19549179892865 ], [ 128.062555683522135, 36.197240439340604 ], [ 128.062618988407479, 36.197424597404869 ], [ 128.062682006969197, 36.197631498407596 ], [ 128.062863672116436, 36.198558759730467 ], [ 128.062963632336022, 36.199121109968296 ], [ 128.062959712489857, 36.199220692102877 ], [ 128.061440167224617, 36.200178521505542 ], [ 128.057916317489287, 36.20131495478406 ], [ 128.055401275549258, 36.202626618298943 ], [ 128.050688343666081, 36.205918075663476 ], [ 128.049469539727966, 36.210705147216672 ], [ 128.049913583148708, 36.212346001968577 ], [ 128.050241719189728, 36.213816817983812 ], [ 128.050375210631103, 36.215302514677155 ], [ 128.04983671417213, 36.216320415784061 ], [ 128.049071699019891, 36.216077813507546 ], [ 128.048140805816274, 36.215782608029663 ], [ 128.042428540454409, 36.217266672787204 ], [ 128.042256569357534, 36.217768173567087 ], [ 128.042218649383926, 36.218492306550615 ], [ 128.042191759439731, 36.219005581141822 ], [ 128.039304288726555, 36.221688593659849 ], [ 128.039119866743306, 36.222479679975393 ], [ 128.039401977155762, 36.222937759388017 ], [ 128.040098914335402, 36.224063303072604 ], [ 128.040432883754335, 36.224757796831071 ], [ 128.039724033268669, 36.227645542774304 ], [ 128.039327034672539, 36.229142572463957 ], [ 128.036882853051424, 36.231407057747013 ], [ 128.034320898770915, 36.232955533916922 ], [ 128.03317551022667, 36.233544365695096 ], [ 128.030048305841547, 36.240308201160701 ], [ 128.030095510824367, 36.240332073219065 ], [ 128.03222303531885, 36.24140791076529 ], [ 128.035449066646805, 36.243393255363287 ], [ 128.036807684298225, 36.246644685819653 ], [ 128.039610573772904, 36.251002018151311 ], [ 128.040429531329892, 36.251508064195178 ], [ 128.042010818829652, 36.25171144925465 ], [ 128.04215446674462, 36.251729902019406 ], [ 128.043128011324001, 36.251642487785027 ], [ 128.044223827842501, 36.252198731186496 ], [ 128.044656469572033, 36.252681411393183 ], [ 128.04524538981596, 36.251951324038892 ], [ 128.04572999698857, 36.251122907646554 ], [ 128.046326541444415, 36.2497619109647 ], [ 128.046599722218616, 36.248974504640472 ], [ 128.046767385284738, 36.24832063438425 ], [ 128.046939028017306, 36.247852046406265 ], [ 128.04708024639325, 36.247496605911714 ], [ 128.047115244592561, 36.247433475666632 ], [ 128.049562472198801, 36.244864752688216 ], [ 128.050175697692396, 36.244445796281227 ], [ 128.050315210091668, 36.244376860763829 ], [ 128.050522971209944, 36.244302965375013 ], [ 128.050832085288846, 36.244215137525806 ], [ 128.050968780851775, 36.244190434996113 ], [ 128.052697852408642, 36.243990400409061 ], [ 128.056767799482714, 36.243563759463285 ], [ 128.056920111670223, 36.243563125337992 ], [ 128.056967437279525, 36.243598499805891 ], [ 128.057017662928786, 36.243674446492591 ], [ 128.057066060063335, 36.243809359089035 ], [ 128.057192708047324, 36.244147581496676 ], [ 128.057297746462098, 36.244297657394405 ], [ 128.057387605828097, 36.24438868422915 ], [ 128.05849840742323, 36.245029479200468 ], [ 128.058716380847926, 36.245147311091621 ], [ 128.058818149490662, 36.245190501156493 ], [ 128.059426521259155, 36.245361126644937 ], [ 128.05951942185294, 36.245385823629363 ], [ 128.05958296434909, 36.245395538070042 ], [ 128.060204316888843, 36.245431758845619 ], [ 128.060313806992269, 36.245401289561528 ], [ 128.062403797907848, 36.244297330370891 ], [ 128.066455405308915, 36.242916382413469 ], [ 128.067351915456385, 36.242849704907371 ], [ 128.069134222818008, 36.242946529649515 ], [ 128.070645008500378, 36.243221808252152 ], [ 128.070839542467922, 36.243208572294229 ], [ 128.071994427770505, 36.243110661339543 ], [ 128.075087948415757, 36.242254028189201 ], [ 128.076585388591525, 36.241627922271036 ], [ 128.078337199140748, 36.242471209206471 ], [ 128.078298272877419, 36.242552467811329 ], [ 128.078294349098599, 36.242653298316505 ], [ 128.078305180415128, 36.242704538395614 ], [ 128.078721946133726, 36.243438162935469 ], [ 128.079189289296096, 36.243957131433781 ], [ 128.082355127104847, 36.24657535964225 ], [ 128.08454794855416, 36.247255830012882 ], [ 128.084601247895733, 36.247274776028782 ], [ 128.084756891172418, 36.247344926177284 ], [ 128.086379314318634, 36.24829983214331 ], [ 128.087138302885705, 36.248842505449588 ], [ 128.088174186222972, 36.250123619261139 ], [ 128.088292860812857, 36.250303957195243 ], [ 128.088379821421825, 36.250457372274646 ], [ 128.088449001214286, 36.250644761020091 ], [ 128.088488045871884, 36.250828951448206 ], [ 128.088458435513758, 36.251014090856202 ], [ 128.08834630190583, 36.251686540999877 ], [ 128.088291179869941, 36.251783998329238 ], [ 128.088176601863267, 36.251881000612372 ], [ 128.088073119505765, 36.251967716638191 ], [ 128.088004512542284, 36.252044292797784 ], [ 128.087963974093213, 36.252146308605823 ], [ 128.087834451802394, 36.252505684038397 ], [ 128.087810361971009, 36.252689423968114 ], [ 128.087803066184335, 36.252843583815746 ], [ 128.08780900120118, 36.252971087666815 ], [ 128.087938766784816, 36.253223176452963 ], [ 128.090095839286874, 36.254031959760397 ], [ 128.091136520018665, 36.253876304539865 ], [ 128.091655625692198, 36.253252716566266 ], [ 128.09168876262035, 36.253212892042178 ], [ 128.092533399490293, 36.252119883188662 ], [ 128.096460477424642, 36.25229627576482 ], [ 128.096500501042215, 36.252280413708938 ], [ 128.098585787360207, 36.250083274551045 ], [ 128.099440779497712, 36.24913161972237 ], [ 128.099597525206008, 36.248073008132877 ], [ 128.099645725373023, 36.247948439379186 ], [ 128.099726591540247, 36.247757786990334 ], [ 128.100279429797325, 36.2466401248127 ], [ 128.1022243641562, 36.243329791316384 ], [ 128.102344830611855, 36.243206626428247 ], [ 128.102456677738189, 36.243093717498915 ], [ 128.102579180860431, 36.242978328740378 ], [ 128.104984699141283, 36.241016399366607 ], [ 128.105126073706288, 36.240922671293909 ], [ 128.1053013008829, 36.240844725481992 ], [ 128.108115337560207, 36.239024482315422 ], [ 128.108691078104783, 36.237146377377613 ] ] ] ] } },
{ "type": "Feature", "properties": { "OBJECTID": 2817, "adm_nm": "경상북도 김천시 봉산면", "adm_cd": "3703036", "adm_cd2": "4715037000", "sgg": "47150", "sido": "47", "sidonm": "경상북도", "sggnm": "김천시" }, "geometry": { "type": "MultiPolygon", "coordinates": [ [ [ [ 128.062959712489857, 36.199220692102877 ], [ 128.062963632336022, 36.199121109968296 ], [ 128.062863672116436, 36.198558759730467 ], [ 128.062682006969197, 36.197631498407596 ], [ 128.062618988407479, 36.197424597404869 ], [ 128.062555683522135, 36.197240439340604 ], [ 128.061932304792577, 36.19549179892865 ], [ 128.061675107334253, 36.194777959258722 ], [ 128.061476656570022, 36.194515194520093 ], [ 128.06126344360419, 36.194349597600741 ], [ 128.06090307961955, 36.19412668047601 ], [ 128.060600000944362, 36.193964945557084 ], [ 128.06025594814875, 36.19378617840087 ], [ 128.060047432129039, 36.193698024956412 ], [ 128.059637628342955, 36.193541495682318 ], [ 128.059516739128696, 36.193479851026645 ], [ 128.059444739330019, 36.193397331313491 ], [ 128.059211479717476, 36.192251081582548 ], [ 128.059187403774018, 36.192074845012655 ], [ 128.059192235449984, 36.191983826057843 ], [ 128.0594474696926, 36.191140418500829 ], [ 128.05947064028706, 36.191079892667382 ], [ 128.062528177712551, 36.187790631827966 ], [ 128.062706190856744, 36.187612950169168 ], [ 128.063032289352549, 36.187412108732325 ], [ 128.06329414584124, 36.187263918292381 ], [ 128.063632886885756, 36.187101147808733 ], [ 128.063952526735875, 36.186970066687309 ], [ 128.064331855746502, 36.186856192561912 ], [ 128.064612961205569, 36.186818911291418 ], [ 128.065249109559062, 36.186820855047884 ], [ 128.066047432643757, 36.18671783531255 ], [ 128.068795239034699, 36.185842268826235 ], [ 128.074638123208956, 36.183736979819976 ], [ 128.074733036524293, 36.183700681141417 ], [ 128.076479484001851, 36.182680048110711 ], [ 128.078718866951618, 36.180851223032107 ], [ 128.078885546210074, 36.180713018669437 ], [ 128.078959563349059, 36.180646429938541 ], [ 128.079148127103821, 36.180451570352631 ], [ 128.079307271615505, 36.18023149124005 ], [ 128.082050693978374, 36.173327431223754 ], [ 128.08217326753757, 36.173010568290053 ], [ 128.082257260147912, 36.172699898106444 ], [ 128.082292226866429, 36.172549349719333 ], [ 128.082304243810768, 36.172372773278923 ], [ 128.08227663104293, 36.172235721679648 ], [ 128.081859538288683, 36.171101388928776 ], [ 128.07939595610361, 36.167278895698509 ], [ 128.079265308378865, 36.167107494901494 ], [ 128.079153819227457, 36.16690215870819 ], [ 128.07906336174733, 36.166696994761267 ], [ 128.078971176114777, 36.166355509517864 ], [ 128.078870277625498, 36.165813060040101 ], [ 128.078804950655297, 36.161385995583274 ], [ 128.077389359502263, 36.157377181629421 ], [ 128.077334933654583, 36.157209945636374 ], [ 128.077312356621263, 36.157062695945015 ], [ 128.077340969982458, 36.156883563822795 ], [ 128.077404448336466, 36.156656261090724 ], [ 128.077577196065789, 36.156158974027321 ], [ 128.077700872465215, 36.155792247082942 ], [ 128.077719656625845, 36.155699140132171 ], [ 128.077703787930204, 36.155496344747334 ], [ 128.07768456347543, 36.155437884072938 ], [ 128.077628296232604, 36.155335207616154 ], [ 128.077157411222515, 36.154532547235938 ], [ 128.075778340794784, 36.153079842476494 ], [ 128.07567937643887, 36.152981148757959 ], [ 128.075433800412327, 36.152801146671088 ], [ 128.075141988968227, 36.152636201266105 ], [ 128.074835530111756, 36.152527886465371 ], [ 128.074514563890006, 36.152464851782419 ], [ 128.073496383752911, 36.151821319335845 ], [ 128.071786522217479, 36.150381548633291 ], [ 128.071500122854388, 36.150135496672746 ], [ 128.068731067641693, 36.146556110460686 ], [ 128.068596235980067, 36.146353405023433 ], [ 128.068549523788676, 36.146226596265642 ], [ 128.068399077984566, 36.145776948421982 ], [ 128.069052609350535, 36.14477067674806 ], [ 128.069586160480696, 36.142932663515133 ], [ 128.069628875525325, 36.142770468202642 ], [ 128.069652368679726, 36.14266529596248 ], [ 128.06966856555681, 36.142551030134079 ], [ 128.069654543665308, 36.142481692093071 ], [ 128.068930111571092, 36.14070617674664 ], [ 128.068879256960003, 36.14061546717722 ], [ 128.068766300606029, 36.140446021801104 ], [ 128.068535789383617, 36.140182374168049 ], [ 128.068326736501177, 36.139985080921221 ], [ 128.068279025971975, 36.13994255985466 ], [ 128.068257313084359, 36.139897250412034 ], [ 128.068213879468374, 36.139806612618095 ], [ 128.068047249247627, 36.137905980804064 ], [ 128.068058473539907, 36.137837782253577 ], [ 128.06829234332676, 36.137379414180522 ], [ 128.068518206292993, 36.13696748963811 ], [ 128.068582643916926, 36.136850623752508 ], [ 128.068627950728512, 36.136781753055907 ], [ 128.070778210339341, 36.134046575636113 ], [ 128.074848373390495, 36.134208767871073 ], [ 128.074871139534281, 36.133565595486679 ], [ 128.074866961732937, 36.133411836389385 ], [ 128.074757458758313, 36.132983190295953 ], [ 128.074460178877359, 36.131925986035938 ], [ 128.071706482525315, 36.130927089650342 ], [ 128.071454488414901, 36.130850475713089 ], [ 128.07060146001507, 36.130666567775677 ], [ 128.070027817664311, 36.130572537226335 ], [ 128.069148909731581, 36.13043693681454 ], [ 128.067470626607303, 36.129326527231527 ], [ 128.066718687782839, 36.129401882114799 ], [ 128.065484506106344, 36.129613317821786 ], [ 128.062956108436651, 36.130783569847935 ], [ 128.062646953018714, 36.130837633955302 ], [ 128.058484108426285, 36.131531765018707 ], [ 128.058470536504558, 36.131503391247598 ], [ 128.05838571956599, 36.1312240573981 ], [ 128.054016380450776, 36.131313860450959 ], [ 128.04070707601889, 36.131963706759841 ], [ 128.040643030295882, 36.131971588813308 ], [ 128.039302477281495, 36.132136819132121 ], [ 128.035812008344664, 36.132576319249452 ], [ 128.034438319462225, 36.132752335942172 ], [ 128.034006099182903, 36.132812518129278 ], [ 128.034020710563681, 36.133133204524327 ], [ 128.034420033938716, 36.133482600046051 ], [ 128.035376154523306, 36.134265804207466 ], [ 128.035430159385385, 36.134339475568815 ], [ 128.035429816134013, 36.134368131450394 ], [ 128.035421499495328, 36.134406258723047 ], [ 128.035385504768897, 36.134463280237554 ], [ 128.035314356500464, 36.134507287035589 ], [ 128.032940275671649, 36.135114327596447 ], [ 128.031041076790473, 36.135023135874775 ], [ 128.028818103948197, 36.13451824932374 ], [ 128.025795623786394, 36.135431176000552 ], [ 128.023076682834215, 36.136564437848378 ], [ 128.019545883252476, 36.138355280124522 ], [ 128.019627875240616, 36.138651788111098 ], [ 128.019662726861469, 36.138959430204153 ], [ 128.0196419038638, 36.140034865838437 ], [ 128.019610805906638, 36.140167931554885 ], [ 128.019168890582165, 36.141929347669574 ], [ 128.019109312728858, 36.142021567006445 ], [ 128.016269911476058, 36.144712416655459 ], [ 128.016203883264694, 36.144771882461576 ], [ 128.016108275471964, 36.144789303369627 ], [ 128.015853755473131, 36.14477833253143 ], [ 128.015632181775089, 36.144758981741973 ], [ 128.015458016519432, 36.144734248839434 ], [ 128.015262326592222, 36.144694812767163 ], [ 128.015096077914137, 36.144641147528468 ], [ 128.014926681040237, 36.14456427677996 ], [ 128.014412168811816, 36.144298770054348 ], [ 128.013373968131845, 36.143889604632058 ], [ 128.008284145246165, 36.144406940567869 ], [ 128.008145210750655, 36.144431899347978 ], [ 128.00327168133731, 36.146580493019023 ], [ 128.001534475673964, 36.147559496451834 ], [ 127.998034819005866, 36.151204350293689 ], [ 127.997541665285752, 36.152001775465436 ], [ 127.996474484796735, 36.153694068257714 ], [ 127.996854007710709, 36.155215888429701 ], [ 127.995632222014379, 36.156848602796671 ], [ 127.994383464006603, 36.157502788310104 ], [ 127.990457478314823, 36.159216353695825 ], [ 127.990456544685074, 36.160897446272536 ], [ 127.989600673340263, 36.16474952542206 ], [ 127.986567556056059, 36.167349788603154 ], [ 127.983465850264494, 36.16977168874083 ], [ 127.983146845344308, 36.170722150313523 ], [ 127.982993603119866, 36.172583308143963 ], [ 127.983820622161275, 36.175223323679795 ], [ 127.984641446332546, 36.177005573662093 ], [ 127.984682194083931, 36.177094066100992 ], [ 127.984254691759347, 36.178188477777724 ], [ 127.982845522030956, 36.178396761199281 ], [ 127.981010793765179, 36.179860362697454 ], [ 127.980429936443301, 36.18104544661454 ], [ 127.979439078773936, 36.182967098061638 ], [ 127.977631787826425, 36.184877535640268 ], [ 127.976153963368361, 36.186677952025065 ], [ 127.975787818756075, 36.187396285180199 ], [ 127.975642709424861, 36.188148588762246 ], [ 127.975691703116993, 36.188541636808729 ], [ 127.976279224397743, 36.191467988112379 ], [ 127.976517391788732, 36.192347639528251 ], [ 127.978213140704156, 36.192952256141758 ], [ 127.980524866294658, 36.194788677109486 ], [ 127.98178751376102, 36.195804684096728 ], [ 127.981773738965543, 36.196002166594837 ], [ 127.982536040408647, 36.198548609369361 ], [ 127.98601713804247, 36.200401652210758 ], [ 127.988042799055052, 36.200108645596494 ], [ 127.989187903595962, 36.199507083389335 ], [ 127.992260036688137, 36.199810650334932 ], [ 127.993272452586154, 36.200275952981627 ], [ 127.99320672751449, 36.201500203204859 ], [ 127.993555418233996, 36.202115740555421 ], [ 127.99499415857467, 36.204195952367712 ], [ 127.995700534779957, 36.204847995592566 ], [ 127.997534222667625, 36.206056454869547 ], [ 127.998851196316593, 36.20620338845044 ], [ 128.000718286935125, 36.206200981105219 ], [ 128.000947338451965, 36.206205926866993 ], [ 128.00236534089322, 36.206236635848015 ], [ 128.002580781561193, 36.206459173073341 ], [ 128.002869291708123, 36.206757211761236 ], [ 128.0032894590978, 36.20781590219844 ], [ 128.005479260496855, 36.207960541372877 ], [ 128.007867358273103, 36.208131724346778 ], [ 128.01176269676526, 36.208760840474191 ], [ 128.013517405962034, 36.209132947904159 ], [ 128.014483004418253, 36.208466885045922 ], [ 128.016009908077763, 36.208519736266645 ], [ 128.017292084926936, 36.208482545866957 ], [ 128.019654488734659, 36.207857197166355 ], [ 128.020786799499945, 36.207531764619567 ], [ 128.024925818391068, 36.206193787083173 ], [ 128.026299186817823, 36.205682028343631 ], [ 128.030795585361233, 36.201893379565277 ], [ 128.033450550424362, 36.200081016480311 ], [ 128.035352316203358, 36.197788254771822 ], [ 128.036579509304914, 36.196053923293114 ], [ 128.038354356973741, 36.193999058174597 ], [ 128.040292842340563, 36.194508586117784 ], [ 128.045203321382871, 36.196334306401234 ], [ 128.04700281986419, 36.197371256698375 ], [ 128.049197197438815, 36.198799462980489 ], [ 128.051342604493612, 36.200201732406342 ], [ 128.05252068569996, 36.200888768851847 ], [ 128.055365827702531, 36.201192707169916 ], [ 128.056157703755758, 36.200922558694003 ], [ 128.059062958558854, 36.199660072348465 ], [ 128.062959712489857, 36.199220692102877 ] ] ] ] } },
{ "type": "Feature", "properties": { "OBJECTID": 2818, "adm_nm": "경상북도 김천시 대항면", "adm_cd": "3703037", "adm_cd2": "4715038000", "sgg": "47150", "sido": "47", "sidonm": "경상북도", "sggnm": "김천시" }, "geometry": { "type": "MultiPolygon", "coordinates": [ [ [ [ 128.067470626607303, 36.129326527231527 ], [ 128.06597653799102, 36.128402313808479 ], [ 128.062690116417059, 36.125898517539468 ], [ 128.058104743942067, 36.123315835665046 ], [ 128.058009499490169, 36.123207495013723 ], [ 128.057582125861614, 36.122617220516467 ], [ 128.05902812718162, 36.121849064588304 ], [ 128.058445293183297, 36.119542521256264 ], [ 128.058391303427527, 36.119364900809813 ], [ 128.058173206585622, 36.118831642675822 ], [ 128.057403987938727, 36.11750665777884 ], [ 128.057256758038136, 36.117293636992926 ], [ 128.056745334928252, 36.11634942794327 ], [ 128.055854269223374, 36.114535752184359 ], [ 128.055729796286869, 36.114190596933071 ], [ 128.055344051767634, 36.113028070429493 ], [ 128.055279176696359, 36.112576561164524 ], [ 128.055276477953697, 36.11136059396496 ], [ 128.055329612820628, 36.111210575266746 ], [ 128.055375696322272, 36.111108970793481 ], [ 128.055505380290327, 36.111017711830684 ], [ 128.055754594171532, 36.110934689476274 ], [ 128.055931381575789, 36.110906963883075 ], [ 128.056191891947009, 36.110879861841745 ], [ 128.056551488375106, 36.110819565876767 ], [ 128.056866369687867, 36.110746784451941 ], [ 128.057088925197093, 36.110641701136927 ], [ 128.057298528294723, 36.110484871952963 ], [ 128.057480311448359, 36.110291237455336 ], [ 128.05760949838043, 36.110139470920316 ], [ 128.059301691303887, 36.107952386716491 ], [ 128.059355781170609, 36.10788031914803 ], [ 128.059406669139577, 36.107812511072254 ], [ 128.059485862054117, 36.107599360244464 ], [ 128.059806734429998, 36.106589507849343 ], [ 128.05977782747442, 36.1064729380115 ], [ 128.059701951025005, 36.106364938786548 ], [ 128.059552521719326, 36.106186984398029 ], [ 128.059403712763867, 36.105957595328853 ], [ 128.059287816104842, 36.105739659184785 ], [ 128.059150207312712, 36.105450174148359 ], [ 128.059100560827716, 36.105241619531007 ], [ 128.059119632078847, 36.105100651937143 ], [ 128.059783182327635, 36.104385218719408 ], [ 128.061601975301784, 36.102987115649221 ], [ 128.062070493749616, 36.102693291123785 ], [ 128.062834221407002, 36.102257378291178 ], [ 128.06411999034907, 36.101462710591399 ], [ 128.064290093584532, 36.101302020550918 ], [ 128.064909241060747, 36.100263764859442 ], [ 128.064983354448458, 36.100133108511365 ], [ 128.065052547021224, 36.099024944385462 ], [ 128.065020438846318, 36.098673876335738 ], [ 128.064960354433026, 36.098456477425927 ], [ 128.064850829737537, 36.098237372279719 ], [ 128.064362807433042, 36.097676511225046 ], [ 128.064075376378838, 36.097442618071902 ], [ 128.063903774888587, 36.097173459852257 ], [ 128.063836582297881, 36.097001540815469 ], [ 128.063856448016423, 36.096716493768326 ], [ 128.063885020862841, 36.096531921369298 ], [ 128.064029350470577, 36.096318815012651 ], [ 128.064337280129251, 36.095936925781125 ], [ 128.06461621233268, 36.0956535080444 ], [ 128.064413294369075, 36.095645622340143 ], [ 128.063780628600512, 36.095324661484511 ], [ 128.06373170496903, 36.09527874226557 ], [ 128.063710041823811, 36.095159403733149 ], [ 128.063669940961887, 36.093816043400423 ], [ 128.06373761322854, 36.093670615172613 ], [ 128.063883258721631, 36.093347703597047 ], [ 128.063884872626346, 36.093211157304566 ], [ 128.063085934921247, 36.091800474510244 ], [ 128.061343287614847, 36.08953436463122 ], [ 128.061141314109165, 36.089326579631972 ], [ 128.060938706890056, 36.089172341349112 ], [ 128.058620684697104, 36.087782965015265 ], [ 128.058505891744005, 36.087731165845959 ], [ 128.058397923077251, 36.087715598536107 ], [ 128.058291458482017, 36.087738839327912 ], [ 128.057285311540369, 36.088052295065822 ], [ 128.057023527929204, 36.088158684572875 ], [ 128.056864237541419, 36.088243128246631 ], [ 128.054674917554735, 36.08905336374167 ], [ 128.052249268609955, 36.089767972610019 ], [ 128.048524985366157, 36.089611220192374 ], [ 128.045366256623737, 36.088481169885384 ], [ 128.042975941792179, 36.087236136230317 ], [ 128.0426906778643, 36.087170738441635 ], [ 128.042366230197104, 36.087133732812177 ], [ 128.040684055328938, 36.087232094200324 ], [ 128.040479070588759, 36.087244793354387 ], [ 128.040316019611964, 36.087295115799968 ], [ 128.040060536113373, 36.087393466464242 ], [ 128.039936025078873, 36.087469896339414 ], [ 128.039739916064036, 36.087623206197257 ], [ 128.039669006378261, 36.08764557972313 ], [ 128.039566436408109, 36.087659111626309 ], [ 128.039245485560713, 36.087624983056685 ], [ 128.038445314848872, 36.087503803825626 ], [ 128.038213386090604, 36.087410186345359 ], [ 128.037936371691814, 36.087247313025927 ], [ 128.036993869562338, 36.086637404706444 ], [ 128.035947478946923, 36.085860293174022 ], [ 128.033657529920021, 36.083971722106945 ], [ 128.033647545685795, 36.083922890670145 ], [ 128.033688982099903, 36.083710988736094 ], [ 128.033755240880367, 36.083490656545614 ], [ 128.033917852293996, 36.08318793518567 ], [ 128.033954651046002, 36.083067768692807 ], [ 128.033957637533661, 36.082823990742192 ], [ 128.033955864693155, 36.082680566992167 ], [ 128.033869556973514, 36.08251926305158 ], [ 128.033355073928021, 36.081855403579908 ], [ 128.033278502301783, 36.081763017847379 ], [ 128.03147100229242, 36.079711948889837 ], [ 128.028440515606519, 36.076151554092711 ], [ 128.025412964352057, 36.071788831793825 ], [ 128.023654656239728, 36.068491440410092 ], [ 128.023334222406731, 36.066161196338037 ], [ 128.0233437930317, 36.06497295540796 ], [ 128.023442087671924, 36.063803068746267 ], [ 128.023475141218626, 36.063076041827571 ], [ 128.023479387564294, 36.062733438958915 ], [ 128.023431870142787, 36.062498417861221 ], [ 128.023253496404777, 36.062094741774402 ], [ 128.021880034838375, 36.060642973027782 ], [ 128.021257843027257, 36.060123912368141 ], [ 128.01765227605182, 36.057484234544575 ], [ 128.014201666609239, 36.055082347367836 ], [ 128.011930594993714, 36.053984623582437 ], [ 128.001538674249389, 36.053829918342267 ], [ 127.999519136233317, 36.056142762705441 ], [ 127.998890636760677, 36.056777369754684 ], [ 127.99873874451157, 36.056837500327831 ], [ 127.998136361688637, 36.056981114968735 ], [ 127.997548273499334, 36.057045929084047 ], [ 127.997157762669559, 36.056925789670174 ], [ 127.996346407814869, 36.056708404590431 ], [ 127.996202222635944, 36.056681506135398 ], [ 127.996031452219569, 36.056665602231504 ], [ 127.995739413707668, 36.056645244564336 ], [ 127.995598230219741, 36.056644228919616 ], [ 127.995436066387938, 36.056669469847122 ], [ 127.99525281505511, 36.056720728787205 ], [ 127.992658390896224, 36.057625637478665 ], [ 127.992555038112869, 36.057667568903717 ], [ 127.992375205403476, 36.057770818585468 ], [ 127.992122932719965, 36.05794718023207 ], [ 127.988218487811523, 36.057965327773189 ], [ 127.987758756956254, 36.057206997843053 ], [ 127.986476736387985, 36.055457346574478 ], [ 127.98639866703688, 36.055390848455453 ], [ 127.98626968665927, 36.055309648340597 ], [ 127.985455444158788, 36.054856264874154 ], [ 127.985157878099201, 36.054702799576056 ], [ 127.985002513234136, 36.054641373638567 ], [ 127.984803344590162, 36.05458126243596 ], [ 127.984699090749956, 36.054560482522909 ], [ 127.984586988146503, 36.054541847539681 ], [ 127.98183639067426, 36.054563293426057 ], [ 127.980287174674046, 36.054675615656691 ], [ 127.980101001540604, 36.054698769154463 ], [ 127.979772554608829, 36.054747964966097 ], [ 127.979634530128521, 36.054785935384729 ], [ 127.979560270816108, 36.054821155022822 ], [ 127.977169040505316, 36.056219790510042 ], [ 127.977134864370939, 36.056256837069945 ], [ 127.976046933272727, 36.057699027429003 ], [ 127.975245876479889, 36.058962303430597 ], [ 127.974477653903492, 36.060082498207976 ], [ 127.974398872110214, 36.060174061195461 ], [ 127.974319812794192, 36.060244019866772 ], [ 127.974179273045237, 36.060294900022299 ], [ 127.974080715868922, 36.060304430008252 ], [ 127.973955523081372, 36.060305446161586 ], [ 127.973832822730628, 36.060291218406341 ], [ 127.973570499416795, 36.060195939660574 ], [ 127.97342762028606, 36.060165727827723 ], [ 127.973232959948987, 36.060158639210201 ], [ 127.973142416999792, 36.060159372568158 ], [ 127.972988114490391, 36.060184428620332 ], [ 127.972941506192711, 36.060193807682921 ], [ 127.972896701774047, 36.060205521905381 ], [ 127.972857638551218, 36.060216036006722 ], [ 127.971691530478481, 36.060562263350754 ], [ 127.971578689688869, 36.060602090845478 ], [ 127.971397480299714, 36.06067629642412 ], [ 127.969638524540386, 36.061636472607624 ], [ 127.967186565145838, 36.063165629872543 ], [ 127.967146913503512, 36.063199829701766 ], [ 127.964471995786553, 36.06613189133752 ], [ 127.961987465686079, 36.067740792628726 ], [ 127.961386226155696, 36.068389142883291 ], [ 127.96126494371893, 36.069315528090925 ], [ 127.961148887049816, 36.070672289404129 ], [ 127.961447372641473, 36.073489157848357 ], [ 127.961765033645037, 36.077812381750583 ], [ 127.961746207641411, 36.082805420222506 ], [ 127.959902374933435, 36.085983782158515 ], [ 127.959220910139365, 36.086634870325788 ], [ 127.95870451418439, 36.087779605382543 ], [ 127.958252071569447, 36.089827719336505 ], [ 127.957961028718813, 36.092068245265217 ], [ 127.957836110123907, 36.094888499987334 ], [ 127.959721502620582, 36.095110172488418 ], [ 127.960893100091496, 36.095509691207127 ], [ 127.962917384401493, 36.096246696643412 ], [ 127.963463671247652, 36.097555113592527 ], [ 127.963286452764194, 36.098245202874502 ], [ 127.963057777251592, 36.099064846210894 ], [ 127.964027044594815, 36.100262231617592 ], [ 127.965558965367165, 36.10192855649084 ], [ 127.966315111463189, 36.103041561145005 ], [ 127.966774599948863, 36.103748064031876 ], [ 127.968567462424616, 36.10722000363856 ], [ 127.968525809504655, 36.107287113432861 ], [ 127.968151344327609, 36.107890514182628 ], [ 127.967709211485342, 36.108604274772098 ], [ 127.967222746655068, 36.11002857684467 ], [ 127.967479077131998, 36.111468421328844 ], [ 127.967482699893779, 36.116095397652082 ], [ 127.96702585819574, 36.11777772934245 ], [ 127.966872524059482, 36.118252416227477 ], [ 127.966477588086178, 36.11849233452083 ], [ 127.969352650889178, 36.119758076551214 ], [ 127.973307570827657, 36.120512952006088 ], [ 127.974102342193447, 36.120613800479781 ], [ 127.977138935698022, 36.121966178759287 ], [ 127.977807469101037, 36.122550911642868 ], [ 127.978705070332595, 36.123831225037407 ], [ 127.97966372753956, 36.124699707618639 ], [ 127.981867667821788, 36.124663811741449 ], [ 127.982866885389981, 36.125245789621296 ], [ 127.985515514739518, 36.127280719535491 ], [ 127.986228471574378, 36.127882903247489 ], [ 127.986983795669417, 36.128649727285769 ], [ 127.987032280635788, 36.12869897018264 ], [ 127.987639077326435, 36.129623946704129 ], [ 127.987889374129765, 36.130247805640224 ], [ 127.988804693444465, 36.132922849253127 ], [ 127.988082739649641, 36.135128520091214 ], [ 127.987354246951853, 36.136815589785989 ], [ 127.987315301006873, 36.137227254398184 ], [ 127.98780903076316, 36.141443782229373 ], [ 127.988089260885786, 36.142693340961756 ], [ 127.986706357792656, 36.14318759063211 ], [ 127.986651617584457, 36.144100123384462 ], [ 127.987332149964104, 36.147385156938775 ], [ 127.988114584409871, 36.148237121951851 ], [ 127.990929720255707, 36.151164736686759 ], [ 127.993839978218432, 36.152875391114129 ], [ 127.995693947834354, 36.153003079951915 ], [ 127.996474484796735, 36.153694068257714 ], [ 127.997541665285752, 36.152001775465436 ], [ 127.998034819005866, 36.151204350293689 ], [ 128.001534475673964, 36.147559496451834 ], [ 128.00327168133731, 36.146580493019023 ], [ 128.008145210750655, 36.144431899347978 ], [ 128.008284145246165, 36.144406940567869 ], [ 128.013373968131845, 36.143889604632058 ], [ 128.014412168811816, 36.144298770054348 ], [ 128.014926681040237, 36.14456427677996 ], [ 128.015096077914137, 36.144641147528468 ], [ 128.015262326592222, 36.144694812767163 ], [ 128.015458016519432, 36.144734248839434 ], [ 128.015632181775089, 36.144758981741973 ], [ 128.015853755473131, 36.14477833253143 ], [ 128.016108275471964, 36.144789303369627 ], [ 128.016203883264694, 36.144771882461576 ], [ 128.016269911476058, 36.144712416655459 ], [ 128.019109312728858, 36.142021567006445 ], [ 128.019168890582165, 36.141929347669574 ], [ 128.019610805906638, 36.140167931554885 ], [ 128.0196419038638, 36.140034865838437 ], [ 128.019662726861469, 36.138959430204153 ], [ 128.019627875240616, 36.138651788111098 ], [ 128.019545883252476, 36.138355280124522 ], [ 128.023076682834215, 36.136564437848378 ], [ 128.025795623786394, 36.135431176000552 ], [ 128.028818103948197, 36.13451824932374 ], [ 128.031041076790473, 36.135023135874775 ], [ 128.032940275671649, 36.135114327596447 ], [ 128.035314356500464, 36.134507287035589 ], [ 128.035385504768897, 36.134463280237554 ], [ 128.035421499495328, 36.134406258723047 ], [ 128.035429816134013, 36.134368131450394 ], [ 128.035430159385385, 36.134339475568815 ], [ 128.035376154523306, 36.134265804207466 ], [ 128.034420033938716, 36.133482600046051 ], [ 128.034020710563681, 36.133133204524327 ], [ 128.034006099182903, 36.132812518129278 ], [ 128.034438319462225, 36.132752335942172 ], [ 128.035812008344664, 36.132576319249452 ], [ 128.039302477281495, 36.132136819132121 ], [ 128.040643030295882, 36.131971588813308 ], [ 128.04070707601889, 36.131963706759841 ], [ 128.054016380450776, 36.131313860450959 ], [ 128.05838571956599, 36.1312240573981 ], [ 128.058470536504558, 36.131503391247598 ], [ 128.058484108426285, 36.131531765018707 ], [ 128.062646953018714, 36.130837633955302 ], [ 128.062956108436651, 36.130783569847935 ], [ 128.065484506106344, 36.129613317821786 ], [ 128.066718687782839, 36.129401882114799 ], [ 128.067470626607303, 36.129326527231527 ] ] ] ] } },
{ "type": "Feature", "properties": { "OBJECTID": 2819, "adm_nm": "경상북도 김천시 감천면", "adm_cd": "3703038", "adm_cd2": "4715039000", "sgg": "47150", "sido": "47", "sidonm": "경상북도", "sggnm": "김천시" }, "geometry": { "type": "MultiPolygon", "coordinates": [ [ [ [ 128.147515983592371, 36.098356059260809 ], [ 128.147305403876203, 36.095133776311421 ], [ 128.146826947761525, 36.094260943773513 ], [ 128.146761521805786, 36.094100463582315 ], [ 128.146226582656823, 36.092546492514884 ], [ 128.146236467340714, 36.092457427915434 ], [ 128.146776681824377, 36.091364050583039 ], [ 128.146921137421799, 36.091164477996671 ], [ 128.147069185393264, 36.091022731015627 ], [ 128.147874037291217, 36.089704538134164 ], [ 128.148642993246114, 36.087853581160665 ], [ 128.148792339625317, 36.087420453233158 ], [ 128.149530625612158, 36.083626537363003 ], [ 128.149393887396968, 36.08233958893058 ], [ 128.149313800570127, 36.08192441531871 ], [ 128.149203946641279, 36.081407908376221 ], [ 128.148947463408405, 36.080465748180949 ], [ 128.148696048775179, 36.080146236182564 ], [ 128.148509365433824, 36.079934278030244 ], [ 128.148446159036354, 36.079683906653393 ], [ 128.148445489495316, 36.079145577939805 ], [ 128.148861401265805, 36.076482609892224 ], [ 128.148934470120025, 36.076253747790552 ], [ 128.149083541688981, 36.076119263703852 ], [ 128.149646951732791, 36.075654065268296 ], [ 128.149808525270487, 36.075550940169819 ], [ 128.151179413361149, 36.07490122120965 ], [ 128.153362165251309, 36.073355294902434 ], [ 128.15324588786163, 36.072827936013148 ], [ 128.153098485246431, 36.071866334470585 ], [ 128.152892396073867, 36.070484708100132 ], [ 128.152902893201883, 36.069210140740189 ], [ 128.152916905261321, 36.069100755861832 ], [ 128.153139735976055, 36.068101731020505 ], [ 128.153447335632364, 36.068113986398338 ], [ 128.15380590762868, 36.068189507135877 ], [ 128.154165283112064, 36.068192060482204 ], [ 128.154499694055232, 36.068126647483631 ], [ 128.156418477202664, 36.067235681929887 ], [ 128.15808649462997, 36.06578511196809 ], [ 128.163369588469408, 36.060773482229017 ], [ 128.165265349405388, 36.058885635989725 ], [ 128.165437102355298, 36.058062455610148 ], [ 128.16548659742773, 36.057983722899223 ], [ 128.166336657379219, 36.05698340234175 ], [ 128.167055713356262, 36.056173914562457 ], [ 128.167722900611238, 36.055437220786651 ], [ 128.168693432281572, 36.055238378038361 ], [ 128.168747783342894, 36.055159660157322 ], [ 128.168782602725543, 36.055088755106034 ], [ 128.170332319766828, 36.05136022852993 ], [ 128.170957926922085, 36.049842897631827 ], [ 128.171996607395641, 36.047045864672391 ], [ 128.17201318622628, 36.046998128379819 ], [ 128.172031649167337, 36.046940223555758 ], [ 128.172347284197656, 36.04563094561891 ], [ 128.172353014336409, 36.045596160732089 ], [ 128.172363208213625, 36.045475838862245 ], [ 128.172362569216233, 36.045364133624133 ], [ 128.172357110134044, 36.045205969649743 ], [ 128.172329817155344, 36.045082455475075 ], [ 128.171686635282725, 36.042368071923292 ], [ 128.17026442133556, 36.036449464976855 ], [ 128.169522804305359, 36.035633856792536 ], [ 128.164628479107449, 36.032583674864881 ], [ 128.163741218939208, 36.03303055378165 ], [ 128.158870876913852, 36.034633640915061 ], [ 128.157361852109489, 36.035085767409555 ], [ 128.157303166972355, 36.035098302700668 ], [ 128.15726234251062, 36.035096625071503 ], [ 128.153992725292397, 36.034359141296875 ], [ 128.151779542296453, 36.033573751221262 ], [ 128.150138486428489, 36.03295096513213 ], [ 128.146449564550124, 36.02911864219903 ], [ 128.146405687199547, 36.028880235268737 ], [ 128.145872697777264, 36.027540792143526 ], [ 128.145843384891378, 36.027492473368717 ], [ 128.145803058383933, 36.027456923366593 ], [ 128.145040422798019, 36.026958816059128 ], [ 128.144980023615915, 36.026935003128237 ], [ 128.142134080172042, 36.026286731300246 ], [ 128.142066264140624, 36.026279771842596 ], [ 128.141958584881195, 36.026276838503058 ], [ 128.141663810149169, 36.02629401876731 ], [ 128.141143276420678, 36.026350176929036 ], [ 128.137199822915903, 36.026975094512665 ], [ 128.133279883274156, 36.027849269724037 ], [ 128.130680891039077, 36.0293884339168 ], [ 128.126878669033999, 36.03269441966458 ], [ 128.125217737056118, 36.034672141335783 ], [ 128.12444784673346, 36.036099943444661 ], [ 128.123514552321154, 36.037830722389927 ], [ 128.123289515095678, 36.038582580092751 ], [ 128.123327072140313, 36.041230322986713 ], [ 128.12405538225056, 36.042723029552306 ], [ 128.123711073990847, 36.043826787431911 ], [ 128.123485879905786, 36.044116209056206 ], [ 128.122865080285152, 36.044664402188488 ], [ 128.121834995963411, 36.045439747714781 ], [ 128.119843851138853, 36.046319762553054 ], [ 128.117258105796253, 36.047733992073724 ], [ 128.117173339714952, 36.047780363504565 ], [ 128.116691760817275, 36.048454834742394 ], [ 128.114818253135354, 36.053513187753992 ], [ 128.113650475464567, 36.05708140772191 ], [ 128.112892634741286, 36.060470335842226 ], [ 128.113964332363338, 36.065421558474434 ], [ 128.115189869733229, 36.067638079891239 ], [ 128.115209595119865, 36.067673753776369 ], [ 128.115657967532911, 36.068484629055668 ], [ 128.116469901384789, 36.069886087649401 ], [ 128.118274933188559, 36.073001460780034 ], [ 128.118301487575366, 36.073053416349126 ], [ 128.119562308210021, 36.076723629429914 ], [ 128.121263707845117, 36.080604825056625 ], [ 128.120950092730823, 36.083577453690232 ], [ 128.120816812339257, 36.084840706257737 ], [ 128.121101794606233, 36.088547911861291 ], [ 128.121611811860589, 36.090148961430941 ], [ 128.122059863234654, 36.091548906130591 ], [ 128.124463073834079, 36.096017460801562 ], [ 128.124935166638409, 36.09719838439117 ], [ 128.125300862779568, 36.098898876492974 ], [ 128.125266915173711, 36.099387867534183 ], [ 128.125024011032423, 36.102885981630244 ], [ 128.125268708683194, 36.101798921721418 ], [ 128.125703805977963, 36.101071832869408 ], [ 128.127837942686057, 36.100620372293982 ], [ 128.127965429844778, 36.100599868936087 ], [ 128.133659802943697, 36.100807640936971 ], [ 128.134081848821239, 36.100932126399215 ], [ 128.139587395437076, 36.103764791983906 ], [ 128.139661751523647, 36.10385698720475 ], [ 128.139917999236985, 36.104546322194892 ], [ 128.140025378396473, 36.105066528305727 ], [ 128.140041702320929, 36.105295805492474 ], [ 128.140076378525066, 36.105571046287743 ], [ 128.140445355269719, 36.106291723536927 ], [ 128.140504345436398, 36.106321012755608 ], [ 128.140539056592615, 36.106338240839413 ], [ 128.140708460629639, 36.106354730673225 ], [ 128.140991060354963, 36.10635676675075 ], [ 128.142570890222999, 36.106366351747937 ], [ 128.142832364716753, 36.105101960460694 ], [ 128.146047123034549, 36.099103879884346 ], [ 128.147515983592371, 36.098356059260809 ] ] ] ] } },
{ "type": "Feature", "properties": { "OBJECTID": 2820, "adm_nm": "경상북도 김천시 조마면", "adm_cd": "3703039", "adm_cd2": "4715040000", "sgg": "47150", "sido": "47", "sidonm": "경상북도", "sggnm": "김천시" }, "geometry": { "type": "MultiPolygon", "coordinates": [ [ [ [ 128.119562308210021, 36.076723629429914 ], [ 128.118301487575366, 36.073053416349126 ], [ 128.118274933188559, 36.073001460780034 ], [ 128.116469901384789, 36.069886087649401 ], [ 128.115657967532911, 36.068484629055668 ], [ 128.115209595119865, 36.067673753776369 ], [ 128.115189869733229, 36.067638079891239 ], [ 128.113964332363338, 36.065421558474434 ], [ 128.112892634741286, 36.060470335842226 ], [ 128.113650475464567, 36.05708140772191 ], [ 128.114818253135354, 36.053513187753992 ], [ 128.116691760817275, 36.048454834742394 ], [ 128.117173339714952, 36.047780363504565 ], [ 128.117258105796253, 36.047733992073724 ], [ 128.119843851138853, 36.046319762553054 ], [ 128.121834995963411, 36.045439747714781 ], [ 128.122865080285152, 36.044664402188488 ], [ 128.123485879905786, 36.044116209056206 ], [ 128.123711073990847, 36.043826787431911 ], [ 128.12405538225056, 36.042723029552306 ], [ 128.123327072140313, 36.041230322986713 ], [ 128.123289515095678, 36.038582580092751 ], [ 128.123514552321154, 36.037830722389927 ], [ 128.12444784673346, 36.036099943444661 ], [ 128.125217737056118, 36.034672141335783 ], [ 128.126878669033999, 36.03269441966458 ], [ 128.130680891039077, 36.0293884339168 ], [ 128.133279883274156, 36.027849269724037 ], [ 128.137199822915903, 36.026975094512665 ], [ 128.141143276420678, 36.026350176929036 ], [ 128.141663810149169, 36.02629401876731 ], [ 128.141958584881195, 36.026276838503058 ], [ 128.142066264140624, 36.026279771842596 ], [ 128.142134080172042, 36.026286731300246 ], [ 128.144980023615915, 36.026935003128237 ], [ 128.145040422798019, 36.026958816059128 ], [ 128.145803058383933, 36.027456923366593 ], [ 128.145843384891378, 36.027492473368717 ], [ 128.145872697777264, 36.027540792143526 ], [ 128.146405687199547, 36.028880235268737 ], [ 128.146449564550124, 36.02911864219903 ], [ 128.150138486428489, 36.03295096513213 ], [ 128.151779542296453, 36.033573751221262 ], [ 128.153992725292397, 36.034359141296875 ], [ 128.15726234251062, 36.035096625071503 ], [ 128.157303166972355, 36.035098302700668 ], [ 128.157361852109489, 36.035085767409555 ], [ 128.158870876913852, 36.034633640915061 ], [ 128.163741218939208, 36.03303055378165 ], [ 128.164628479107449, 36.032583674864881 ], [ 128.164471053196962, 36.032489345071056 ], [ 128.165270720181212, 36.030738988688078 ], [ 128.165321679170262, 36.030668145414104 ], [ 128.165436514824961, 36.030580616607011 ], [ 128.165544922921612, 36.030525589834795 ], [ 128.165767711671748, 36.030424291350378 ], [ 128.165910389628209, 36.030365811189583 ], [ 128.166137391308723, 36.030286458104705 ], [ 128.166336055292334, 36.030246315409023 ], [ 128.166494467979192, 36.030224977489915 ], [ 128.166634417486193, 36.030211497318412 ], [ 128.166674391419463, 36.030202088077388 ], [ 128.166721116843235, 36.03018593179425 ], [ 128.166770706520765, 36.030167875283311 ], [ 128.166827522398904, 36.030142639028014 ], [ 128.1668843932936, 36.030101021798203 ], [ 128.167334286996663, 36.029771502031892 ], [ 128.167365332899521, 36.029736105779655 ], [ 128.167407991857687, 36.029665300599632 ], [ 128.168019122668738, 36.026978342430105 ], [ 128.168031246556637, 36.026872314117384 ], [ 128.168502329108236, 36.022560530037616 ], [ 128.168501929290017, 36.022488629199842 ], [ 128.168475764739469, 36.022418165736589 ], [ 128.168442671124268, 36.022367488920906 ], [ 128.168389391854902, 36.022314033259356 ], [ 128.169159547816719, 36.018426333244001 ], [ 128.171182575603495, 36.016314688984352 ], [ 128.173073485406206, 36.014062564701369 ], [ 128.173097561136359, 36.014007813199655 ], [ 128.173053173029302, 36.013950809718835 ], [ 128.172188711789772, 36.013034411501124 ], [ 128.172077772840595, 36.012959991672432 ], [ 128.172042753228453, 36.012944977462901 ], [ 128.171781162829177, 36.012877796268612 ], [ 128.171722439462371, 36.012870537531676 ], [ 128.171643134527073, 36.012853982501525 ], [ 128.171378173998278, 36.012770501722834 ], [ 128.171291750796541, 36.012732643362291 ], [ 128.171201506949984, 36.012685354226427 ], [ 128.17095104125309, 36.012529088509581 ], [ 128.168789014740383, 36.010923397407083 ], [ 128.168742584879055, 36.010876858310439 ], [ 128.168654182928663, 36.010769993589058 ], [ 128.168586921106709, 36.010675049672138 ], [ 128.168512817808875, 36.010562953542042 ], [ 128.16840652553276, 36.010393793130021 ], [ 128.168183698445375, 36.010019363331743 ], [ 128.168166419464256, 36.009977484117236 ], [ 128.168161536276244, 36.009935585432991 ], [ 128.168161909391699, 36.009901166675164 ], [ 128.168193793664386, 36.009786188949647 ], [ 128.168208967058661, 36.009743722332296 ], [ 128.16823945661767, 36.009607999935177 ], [ 128.168247145991359, 36.009550486267827 ], [ 128.168258720187794, 36.009461282270692 ], [ 128.168262767292305, 36.009428045739782 ], [ 128.168267723877193, 36.009280114022872 ], [ 128.168268009715689, 36.009254028995251 ], [ 128.168262898546089, 36.009158297699422 ], [ 128.168254284186872, 36.009045203574047 ], [ 128.167404806666667, 36.005487147232245 ], [ 128.167376976464993, 36.005398211190133 ], [ 128.167366651501794, 36.005369349732007 ], [ 128.166574852332673, 36.003184185414561 ], [ 128.166073630944112, 36.002073579546206 ], [ 128.165646832323517, 36.001388357016374 ], [ 128.1660424789454, 35.999968832117958 ], [ 128.16667946773623, 35.999276551230508 ], [ 128.168191440507997, 35.997922579471677 ], [ 128.168227352567129, 35.997891044264769 ], [ 128.169342936953825, 35.997016564054526 ], [ 128.16939895734842, 35.996976629010547 ], [ 128.169480349630987, 35.996952775296705 ], [ 128.169597758917035, 35.996931581188541 ], [ 128.169793425261332, 35.996899960580073 ], [ 128.169830478544014, 35.994528247686887 ], [ 128.169386507583852, 35.992934538470344 ], [ 128.167539709592148, 35.989276885408856 ], [ 128.167426710514349, 35.989131705681885 ], [ 128.167242196807933, 35.98893368008271 ], [ 128.167142862586388, 35.988836708030639 ], [ 128.16675781067454, 35.988619522919898 ], [ 128.166198370054161, 35.988343537719558 ], [ 128.165661700975448, 35.988105381734769 ], [ 128.165578278174394, 35.988084928892427 ], [ 128.165538355665916, 35.988088841427611 ], [ 128.165482807982471, 35.988108339638494 ], [ 128.164942680223817, 35.988441528193071 ], [ 128.164524170160774, 35.988591384794006 ], [ 128.163608070934686, 35.988442141704674 ], [ 128.157740122551417, 35.987318601473106 ], [ 128.157662690120048, 35.987294192009607 ], [ 128.157580238755571, 35.98725570482079 ], [ 128.157540842257902, 35.987225949601239 ], [ 128.157454045413601, 35.987108800937015 ], [ 128.157408333818466, 35.987024248118828 ], [ 128.1573746059332, 35.986951001220021 ], [ 128.157346137309077, 35.986867974929616 ], [ 128.157241458605341, 35.985838205320157 ], [ 128.157238396134744, 35.985800261154111 ], [ 128.157245751666863, 35.985758220846058 ], [ 128.157288211613889, 35.985661630275402 ], [ 128.157353079955755, 35.985568027356322 ], [ 128.157377479683674, 35.985545741891279 ], [ 128.157415872513695, 35.985508108815324 ], [ 128.157459761624523, 35.985438212388203 ], [ 128.157494964941407, 35.985375290370193 ], [ 128.157711875944784, 35.984945813969595 ], [ 128.157759575759201, 35.984843671430895 ], [ 128.157768540388133, 35.984812840601002 ], [ 128.157783001942533, 35.984751178116497 ], [ 128.157783335194665, 35.98471889077549 ], [ 128.157770849948406, 35.98459525548958 ], [ 128.157661692947045, 35.983985195128653 ], [ 128.157650137157702, 35.983941044171985 ], [ 128.157636403357401, 35.983894695384002 ], [ 128.155822122533436, 35.978921215664968 ], [ 128.15514073569517, 35.97789939267836 ], [ 128.154467628281083, 35.977918427220743 ], [ 128.154292281873296, 35.977899369380303 ], [ 128.151707214524777, 35.976825825880887 ], [ 128.151638183980396, 35.97678372017203 ], [ 128.151587405170318, 35.976744711407406 ], [ 128.151489950506033, 35.976625114118946 ], [ 128.151468297664849, 35.976598208636894 ], [ 128.151367620797544, 35.976436987475473 ], [ 128.151252751215253, 35.976237014019993 ], [ 128.151170189152793, 35.976090766065383 ], [ 128.151102700763914, 35.97590598387292 ], [ 128.150687997820739, 35.973655774640903 ], [ 128.150519249430062, 35.972682546546174 ], [ 128.152009541420909, 35.970112887412519 ], [ 128.152266031342663, 35.96972231173828 ], [ 128.152343779323246, 35.969633686551305 ], [ 128.152421177343456, 35.969577765351993 ], [ 128.152553781392584, 35.96948655174576 ], [ 128.151385920451958, 35.967225057633314 ], [ 128.150818344203003, 35.966407893090732 ], [ 128.150799117886862, 35.966364793588212 ], [ 128.150326136682622, 35.966144449022586 ], [ 128.148128470665966, 35.965130046083765 ], [ 128.147990201448749, 35.96506664616556 ], [ 128.147810756672925, 35.965030280510035 ], [ 128.147505023155588, 35.965012423054787 ], [ 128.142259809880926, 35.963319195535234 ], [ 128.138861788907803, 35.961391498480161 ], [ 128.132276631402647, 35.959162487074117 ], [ 128.131875542340595, 35.959037720627208 ], [ 128.131796267534952, 35.959027585865726 ], [ 128.131758930991907, 35.959032935870169 ], [ 128.131718751428366, 35.959045009510604 ], [ 128.131597992004743, 35.959103656597541 ], [ 128.131492269186623, 35.959174776285828 ], [ 128.131415814508642, 35.959286007510514 ], [ 128.131380258795843, 35.959380108011871 ], [ 128.131002513002784, 35.95983118787607 ], [ 128.123198621130939, 35.962273554566394 ], [ 128.123105629427158, 35.962299717243312 ], [ 128.123058410828094, 35.962307053360668 ], [ 128.12292810754451, 35.962295857762157 ], [ 128.122879529383795, 35.962283998041244 ], [ 128.122812991788408, 35.96224453757079 ], [ 128.122812424793324, 35.961882805396733 ], [ 128.122620335862592, 35.961694673374183 ], [ 128.121675734192706, 35.960972741690647 ], [ 128.119104485717571, 35.959611160904622 ], [ 128.118835747537503, 35.95960416674675 ], [ 128.11770432955845, 35.96012715326718 ], [ 128.117046820604116, 35.960712188184779 ], [ 128.116246362045217, 35.961516808615457 ], [ 128.115035710923735, 35.962638396663962 ], [ 128.113951874462401, 35.963227340643677 ], [ 128.113023708188422, 35.963672507485711 ], [ 128.111693920914547, 35.964216254803219 ], [ 128.111638148825733, 35.96421803029741 ], [ 128.111273595627949, 35.96422963483694 ], [ 128.110875855347786, 35.9641858552272 ], [ 128.110347381224727, 35.96398195534114 ], [ 128.109493641524836, 35.963486865687436 ], [ 128.109025025711503, 35.962943050819923 ], [ 128.108658837294911, 35.96308697306965 ], [ 128.107886952629116, 35.963435741454369 ], [ 128.107609437591549, 35.963637606895347 ], [ 128.105629773130659, 35.965326119159691 ], [ 128.105041652297217, 35.965872479480019 ], [ 128.104456587422476, 35.966637061581551 ], [ 128.103500287614111, 35.967167802843761 ], [ 128.10258341358346, 35.967593772846513 ], [ 128.100788012222012, 35.968265073166378 ], [ 128.095830980525108, 35.969648505508587 ], [ 128.095387553765988, 35.969681025848345 ], [ 128.094422397043616, 35.969575932985038 ], [ 128.094235125679745, 35.969549163864784 ], [ 128.092850249402119, 35.969077773241835 ], [ 128.092313336643116, 35.968684056785492 ], [ 128.091818999697125, 35.968413348310214 ], [ 128.090752520201107, 35.968157315236873 ], [ 128.08999684061888, 35.967993334794713 ], [ 128.089329915097267, 35.968029170028558 ], [ 128.08722630553757, 35.969269314065407 ], [ 128.086764459108139, 35.970381508172053 ], [ 128.086420153171844, 35.971368002357025 ], [ 128.086221769947429, 35.971812998190423 ], [ 128.084298656339712, 35.973283500236867 ], [ 128.083979911622748, 35.973466673290702 ], [ 128.083304526515889, 35.973624626895756 ], [ 128.082724647116322, 35.973933537530804 ], [ 128.081734357870971, 35.974559313934158 ], [ 128.077798611349095, 35.977650540190886 ], [ 128.077765121386648, 35.977764725619608 ], [ 128.077802477671355, 35.977935210966749 ], [ 128.077884212084285, 35.978153851613115 ], [ 128.078162322516391, 35.978624753959487 ], [ 128.079967559407493, 35.980791290975752 ], [ 128.080264244286468, 35.981130260810531 ], [ 128.080643221096324, 35.981506479049706 ], [ 128.080890470688132, 35.981646598112086 ], [ 128.08127372280012, 35.981830156948526 ], [ 128.081396134379361, 35.981888788795679 ], [ 128.082351264952479, 35.982962060746786 ], [ 128.083031891125415, 35.984037804076543 ], [ 128.082848658294154, 35.98599495442803 ], [ 128.083337089243344, 35.987138340547858 ], [ 128.083397833477903, 35.987308628052197 ], [ 128.082969498706916, 35.990596075915462 ], [ 128.082924194651724, 35.990700880384225 ], [ 128.081845978818109, 35.990890921625912 ], [ 128.081623866877351, 35.990883448071401 ], [ 128.081400332092528, 35.990771567967627 ], [ 128.081000025358577, 35.990547388899635 ], [ 128.080801157087848, 35.990530210223781 ], [ 128.080439875266563, 35.990599892909621 ], [ 128.078537590988503, 35.991195870495169 ], [ 128.07808737007187, 35.991598508851695 ], [ 128.077653733577392, 35.992361620638817 ], [ 128.074337059819527, 36.002412943196113 ], [ 128.07427465501712, 36.003018419365361 ], [ 128.074158392276644, 36.009916908050691 ], [ 128.074229073247523, 36.011464535240442 ], [ 128.074828510764945, 36.015795778541772 ], [ 128.075699067564983, 36.020645781885435 ], [ 128.076339628470151, 36.022382529738287 ], [ 128.07637389961684, 36.022489586862228 ], [ 128.07635865088605, 36.022578945105373 ], [ 128.076154423424811, 36.0236366411239 ], [ 128.076117573668085, 36.02374893462585 ], [ 128.076025888092943, 36.023993575202184 ], [ 128.07593122542346, 36.024189125628752 ], [ 128.075862532592197, 36.024289592719015 ], [ 128.075840642485304, 36.024338508287279 ], [ 128.075775628046785, 36.026251643819606 ], [ 128.075781597750478, 36.026349821158668 ], [ 128.076330076002023, 36.029195638460131 ], [ 128.076363564292507, 36.029288208187921 ], [ 128.076387542627373, 36.029348611213258 ], [ 128.076503901300441, 36.029534160553304 ], [ 128.076694594800841, 36.029698181504564 ], [ 128.076988622340849, 36.029893120389119 ], [ 128.077629622652807, 36.030403839665773 ], [ 128.078511130346527, 36.031466315363879 ], [ 128.07853823193949, 36.031539734230037 ], [ 128.078554213542276, 36.031583041832199 ], [ 128.078611190869225, 36.033895535404177 ], [ 128.079191711582695, 36.036208035522868 ], [ 128.079268397664464, 36.036407333206043 ], [ 128.079394797183312, 36.036580895897472 ], [ 128.082400140083138, 36.03934753676463 ], [ 128.084014572615615, 36.040761686978684 ], [ 128.084210728150396, 36.040739618325723 ], [ 128.084435432962067, 36.040759020528881 ], [ 128.084529351935913, 36.040794125274637 ], [ 128.089787574082379, 36.045810874599795 ], [ 128.089961943501208, 36.046001874976675 ], [ 128.090112147488213, 36.046189730341489 ], [ 128.090352428504787, 36.046748786439245 ], [ 128.090528415147446, 36.047218888592006 ], [ 128.09065319166811, 36.047725944851663 ], [ 128.090892460502744, 36.050052949771391 ], [ 128.09091273563368, 36.050393140970932 ], [ 128.090878418291993, 36.050851819840226 ], [ 128.090819408233955, 36.051145215285352 ], [ 128.090747151388484, 36.051327464376108 ], [ 128.090735116471478, 36.052373020535207 ], [ 128.090760835583922, 36.053403796737683 ], [ 128.090775394803245, 36.053714475948397 ], [ 128.092296330293692, 36.056441112987855 ], [ 128.094629135142441, 36.056809242074998 ], [ 128.094896398532768, 36.056778303991955 ], [ 128.095664312241809, 36.056752887341837 ], [ 128.095801904334621, 36.056764324301717 ], [ 128.095837938614352, 36.05678716771574 ], [ 128.096368750865309, 36.057795661351271 ], [ 128.096400035122826, 36.057861824343306 ], [ 128.096618475947253, 36.058644184112438 ], [ 128.097265890839736, 36.061126503659537 ], [ 128.097272335919257, 36.061216771899105 ], [ 128.097244003171966, 36.061919172058758 ], [ 128.096979375305807, 36.06302579863776 ], [ 128.096866902761121, 36.063243550480529 ], [ 128.096661096856707, 36.063500486536469 ], [ 128.096490383307497, 36.063592690409081 ], [ 128.096109631818109, 36.063638572067418 ], [ 128.094984430599879, 36.063623136875634 ], [ 128.094569438978766, 36.063593966528074 ], [ 128.094421650002346, 36.063631034554852 ], [ 128.093793214986789, 36.064056522981673 ], [ 128.092522568781249, 36.065268243621745 ], [ 128.092370637027386, 36.065666118838891 ], [ 128.092326586858235, 36.065875708929575 ], [ 128.091686030955458, 36.068927714226433 ], [ 128.091689924372957, 36.068966569767191 ], [ 128.091693695936954, 36.069004130354237 ], [ 128.095223589635765, 36.074053370494632 ], [ 128.095473467503155, 36.074053517715853 ], [ 128.096323431988139, 36.074151895735163 ], [ 128.096615567580187, 36.074192266551357 ], [ 128.097055477469638, 36.074289277308559 ], [ 128.097300283261063, 36.074358777469335 ], [ 128.09753080819101, 36.074464612997005 ], [ 128.101457878113848, 36.076275916566246 ], [ 128.101722115546949, 36.076421903682402 ], [ 128.101958779634685, 36.076595365126153 ], [ 128.102112958542136, 36.076826368331453 ], [ 128.102531654336815, 36.077989933924826 ], [ 128.102560856000963, 36.078232493520403 ], [ 128.102531875559862, 36.078374865953606 ], [ 128.102320344114446, 36.078411316630373 ], [ 128.104017479993018, 36.079061999490499 ], [ 128.104891496772382, 36.079399434951625 ], [ 128.106641972147031, 36.080247002695117 ], [ 128.10959655389334, 36.08189775667622 ], [ 128.11254381479506, 36.083737721913423 ], [ 128.112675795995557, 36.083777622226364 ], [ 128.113199644093385, 36.083649372904212 ], [ 128.113883705458903, 36.083412702450239 ], [ 128.116385124081319, 36.082303669063606 ], [ 128.117991688240863, 36.080824548315661 ], [ 128.118275843624247, 36.080188515453756 ], [ 128.119562308210021, 36.076723629429914 ] ] ] ] } },
{ "type": "Feature", "properties": { "OBJECTID": 2821, "adm_nm": "경상북도 김천시 구성면", "adm_cd": "3703040", "adm_cd2": "4715041000", "sgg": "47150", "sido": "47", "sidonm": "경상북도", "sggnm": "김천시" }, "geometry": { "type": "MultiPolygon", "coordinates": [ [ [ [ 128.102320344114446, 36.078411316630373 ], [ 128.102531875559862, 36.078374865953606 ], [ 128.102560856000963, 36.078232493520403 ], [ 128.102531654336815, 36.077989933924826 ], [ 128.102112958542136, 36.076826368331453 ], [ 128.101958779634685, 36.076595365126153 ], [ 128.101722115546949, 36.076421903682402 ], [ 128.101457878113848, 36.076275916566246 ], [ 128.09753080819101, 36.074464612997005 ], [ 128.097300283261063, 36.074358777469335 ], [ 128.097055477469638, 36.074289277308559 ], [ 128.096615567580187, 36.074192266551357 ], [ 128.096323431988139, 36.074151895735163 ], [ 128.095473467503155, 36.074053517715853 ], [ 128.095223589635765, 36.074053370494632 ], [ 128.091693695936954, 36.069004130354237 ], [ 128.091689924372957, 36.068966569767191 ], [ 128.091686030955458, 36.068927714226433 ], [ 128.092326586858235, 36.065875708929575 ], [ 128.092370637027386, 36.065666118838891 ], [ 128.092522568781249, 36.065268243621745 ], [ 128.093793214986789, 36.064056522981673 ], [ 128.094421650002346, 36.063631034554852 ], [ 128.094569438978766, 36.063593966528074 ], [ 128.094984430599879, 36.063623136875634 ], [ 128.096109631818109, 36.063638572067418 ], [ 128.096490383307497, 36.063592690409081 ], [ 128.096661096856707, 36.063500486536469 ], [ 128.096866902761121, 36.063243550480529 ], [ 128.096979375305807, 36.06302579863776 ], [ 128.097244003171966, 36.061919172058758 ], [ 128.097272335919257, 36.061216771899105 ], [ 128.097265890839736, 36.061126503659537 ], [ 128.096618475947253, 36.058644184112438 ], [ 128.096400035122826, 36.057861824343306 ], [ 128.096368750865309, 36.057795661351271 ], [ 128.095837938614352, 36.05678716771574 ], [ 128.095801904334621, 36.056764324301717 ], [ 128.095664312241809, 36.056752887341837 ], [ 128.094896398532768, 36.056778303991955 ], [ 128.094629135142441, 36.056809242074998 ], [ 128.092296330293692, 36.056441112987855 ], [ 128.090775394803245, 36.053714475948397 ], [ 128.090760835583922, 36.053403796737683 ], [ 128.090735116471478, 36.052373020535207 ], [ 128.090747151388484, 36.051327464376108 ], [ 128.090819408233955, 36.051145215285352 ], [ 128.090878418291993, 36.050851819840226 ], [ 128.09091273563368, 36.050393140970932 ], [ 128.090892460502744, 36.050052949771391 ], [ 128.09065319166811, 36.047725944851663 ], [ 128.090528415147446, 36.047218888592006 ], [ 128.090352428504787, 36.046748786439245 ], [ 128.090112147488213, 36.046189730341489 ], [ 128.089961943501208, 36.046001874976675 ], [ 128.089787574082379, 36.045810874599795 ], [ 128.084529351935913, 36.040794125274637 ], [ 128.084435432962067, 36.040759020528881 ], [ 128.084210728150396, 36.040739618325723 ], [ 128.084014572615615, 36.040761686978684 ], [ 128.082400140083138, 36.03934753676463 ], [ 128.079394797183312, 36.036580895897472 ], [ 128.079268397664464, 36.036407333206043 ], [ 128.079191711582695, 36.036208035522868 ], [ 128.078611190869225, 36.033895535404177 ], [ 128.078554213542276, 36.031583041832199 ], [ 128.07853823193949, 36.031539734230037 ], [ 128.078511130346527, 36.031466315363879 ], [ 128.077629622652807, 36.030403839665773 ], [ 128.076988622340849, 36.029893120389119 ], [ 128.076694594800841, 36.029698181504564 ], [ 128.076503901300441, 36.029534160553304 ], [ 128.076387542627373, 36.029348611213258 ], [ 128.076363564292507, 36.029288208187921 ], [ 128.076330076002023, 36.029195638460131 ], [ 128.075781597750478, 36.026349821158668 ], [ 128.075775628046785, 36.026251643819606 ], [ 128.075840642485304, 36.024338508287279 ], [ 128.075862532592197, 36.024289592719015 ], [ 128.07593122542346, 36.024189125628752 ], [ 128.076025888092943, 36.023993575202184 ], [ 128.076117573668085, 36.02374893462585 ], [ 128.076154423424811, 36.0236366411239 ], [ 128.07635865088605, 36.022578945105373 ], [ 128.07637389961684, 36.022489586862228 ], [ 128.076339628470151, 36.022382529738287 ], [ 128.075699067564983, 36.020645781885435 ], [ 128.074828510764945, 36.015795778541772 ], [ 128.074229073247523, 36.011464535240442 ], [ 128.074158392276644, 36.009916908050691 ], [ 128.07427465501712, 36.003018419365361 ], [ 128.074337059819527, 36.002412943196113 ], [ 128.077653733577392, 35.992361620638817 ], [ 128.07808737007187, 35.991598508851695 ], [ 128.078537590988503, 35.991195870495169 ], [ 128.080439875266563, 35.990599892909621 ], [ 128.080801157087848, 35.990530210223781 ], [ 128.081000025358577, 35.990547388899635 ], [ 128.081400332092528, 35.990771567967627 ], [ 128.081623866877351, 35.990883448071401 ], [ 128.081845978818109, 35.990890921625912 ], [ 128.082924194651724, 35.990700880384225 ], [ 128.082969498706916, 35.990596075915462 ], [ 128.083397833477903, 35.987308628052197 ], [ 128.083337089243344, 35.987138340547858 ], [ 128.082848658294154, 35.98599495442803 ], [ 128.082134112956055, 35.985859046277675 ], [ 128.081623341995737, 35.985673843896443 ], [ 128.080858829248598, 35.985301099321255 ], [ 128.079962582997865, 35.984692302409606 ], [ 128.079704821114973, 35.9846376680782 ], [ 128.073405934202498, 35.984959839694909 ], [ 128.069477199486442, 35.985165708112461 ], [ 128.066751581087061, 35.987524530079121 ], [ 128.065917730595999, 35.988509435839106 ], [ 128.065828732211571, 35.988842366423079 ], [ 128.065974401828953, 35.989249144026857 ], [ 128.06622293540002, 35.989484218293661 ], [ 128.066908319861511, 35.990057018603089 ], [ 128.066922806959752, 35.990265672716752 ], [ 128.066879404277898, 35.990512808524919 ], [ 128.066593450229277, 35.990970872904597 ], [ 128.06514721736886, 35.992473668809197 ], [ 128.064646750068277, 35.992620466048209 ], [ 128.06397407243449, 35.992559993023683 ], [ 128.062813491436259, 35.992276054566332 ], [ 128.062368002938314, 35.992166116743761 ], [ 128.061709426342134, 35.99228581909415 ], [ 128.0601842542128, 35.992697888100906 ], [ 128.059446663814384, 35.993027059027568 ], [ 128.057333550946595, 35.994478692122996 ], [ 128.054386926207769, 35.996798244085099 ], [ 128.054428442286934, 35.997009631805653 ], [ 128.055047236878067, 35.99784884659671 ], [ 128.055504486097703, 35.998841289783023 ], [ 128.055883721579647, 36.002311360438462 ], [ 128.055894210805604, 36.002929064171113 ], [ 128.055894846711197, 36.003013653840512 ], [ 128.055036404741003, 36.005155503006996 ], [ 128.054981029503608, 36.00532272020925 ], [ 128.054796599590503, 36.005841012926624 ], [ 128.054756947066011, 36.005911692697218 ], [ 128.054715218209225, 36.005950823137837 ], [ 128.054526832758171, 36.006083443043529 ], [ 128.054311937247093, 36.006200085646654 ], [ 128.053857087800509, 36.006403332055065 ], [ 128.05377184058085, 36.006430274490583 ], [ 128.05370863096951, 36.006441616970143 ], [ 128.053669817943188, 36.006441311986748 ], [ 128.053639848532271, 36.006428470268233 ], [ 128.053590159724394, 36.006407144623815 ], [ 128.053479129066147, 36.00635893831312 ], [ 128.053382618235588, 36.006314765299116 ], [ 128.050424509777031, 36.004889380519664 ], [ 128.050357124922215, 36.004843479197213 ], [ 128.049160606968485, 36.00397306563675 ], [ 128.049091763055173, 36.003917828990119 ], [ 128.049003094373546, 36.003826408833369 ], [ 128.048881130121515, 36.003679482770863 ], [ 128.048750138413567, 36.003477247115455 ], [ 128.048650199754206, 36.003314733583963 ], [ 128.048607552795147, 36.003229578668339 ], [ 128.047930358215751, 36.002722117587311 ], [ 128.047680492202488, 36.002666157949569 ], [ 128.042800787741299, 36.002998092154435 ], [ 128.038917225859507, 36.002837949062631 ], [ 128.038109104100897, 36.002702592829998 ], [ 128.037084819083873, 36.002569098076201 ], [ 128.035728389748641, 36.002504870164309 ], [ 128.035267021785756, 36.00253516195442 ], [ 128.034730078308371, 36.002570415816649 ], [ 128.032828290917905, 36.002805047637608 ], [ 128.031931524793663, 36.003010516844732 ], [ 128.029807826504339, 36.003003444660315 ], [ 128.027730528759577, 36.002995963047084 ], [ 128.026983001719628, 36.002901288069495 ], [ 128.022867478970852, 36.002055669656237 ], [ 128.020568875981894, 36.001555443467296 ], [ 128.019613927950587, 36.001910072317649 ], [ 128.018247902516748, 36.002339191958576 ], [ 128.017709669432975, 36.002286820734838 ], [ 128.017235324316118, 36.002205428270486 ], [ 128.016739678775309, 36.001969592611545 ], [ 128.016647430551018, 36.001925688896634 ], [ 128.016135326015103, 36.00142183957113 ], [ 128.013735333138726, 35.999463874568526 ], [ 128.012904079992524, 35.998882477220924 ], [ 128.012435363029738, 35.998782029877638 ], [ 128.011922218819478, 35.99886227901186 ], [ 128.011186829439453, 35.998925421730441 ], [ 128.009225340770371, 35.998600282147571 ], [ 128.004886386572707, 35.997393427041182 ], [ 128.003533858566584, 35.996497468402382 ], [ 128.001630216081281, 35.998401371310351 ], [ 128.000965321668389, 35.998957349994768 ], [ 128.00040505101822, 35.999009462215426 ], [ 127.999137772826998, 35.999057963013833 ], [ 127.999076839825449, 35.99885919459409 ], [ 127.998558156398275, 35.99757283004454 ], [ 127.998342124224664, 35.997119069605574 ], [ 127.99786609125654, 35.996894901829933 ], [ 127.99724562479183, 35.997223802837745 ], [ 127.996247225099481, 35.998051406302636 ], [ 127.995356306445075, 35.999403512156604 ], [ 127.994794563790194, 36.001148367696111 ], [ 127.994696165669339, 36.001645831068124 ], [ 127.994586130113007, 36.002202230142082 ], [ 127.994468919850547, 36.002794903204929 ], [ 127.994428630357604, 36.0029985656953 ], [ 127.994366606254175, 36.003174118016183 ], [ 127.994151783995591, 36.003743583177773 ], [ 127.993301738831576, 36.005838005106945 ], [ 127.99132546307645, 36.006898245048738 ], [ 127.991097057384295, 36.006993421996633 ], [ 127.990784411234699, 36.007083496761126 ], [ 127.988636532573153, 36.007588093380072 ], [ 127.988430288496673, 36.007619002996449 ], [ 127.98828840622231, 36.007599700760743 ], [ 127.987831485951375, 36.00746938427298 ], [ 127.987123199061074, 36.007434367493744 ], [ 127.987031370769415, 36.007435121758263 ], [ 127.984709536321944, 36.007795282406271 ], [ 127.984598798861924, 36.007819519025951 ], [ 127.981414581352041, 36.009918759956328 ], [ 127.981353900661674, 36.00996296558322 ], [ 127.980849752381204, 36.010354954865086 ], [ 127.980554586086001, 36.010613933749141 ], [ 127.980369572607742, 36.010819562297897 ], [ 127.980219256850148, 36.011042403505492 ], [ 127.980159302014755, 36.011144884838373 ], [ 127.98014845451705, 36.011191669024448 ], [ 127.976756365806281, 36.014149665921522 ], [ 127.975267523982509, 36.014435918381757 ], [ 127.973180448402417, 36.014621992386608 ], [ 127.972981618308978, 36.014635244640282 ], [ 127.968703460428713, 36.014814814062497 ], [ 127.967437825449807, 36.014569704782751 ], [ 127.967195270631322, 36.014564075516788 ], [ 127.967099108146201, 36.014582522292031 ], [ 127.966520013210157, 36.014786880429135 ], [ 127.966411763489162, 36.014833274053345 ], [ 127.966362704419552, 36.014894317161279 ], [ 127.965943987896821, 36.015496866667782 ], [ 127.96574442704771, 36.015979526056313 ], [ 127.965689257512039, 36.016185622108274 ], [ 127.965575327181938, 36.017769659999367 ], [ 127.965590798210187, 36.017901294091537 ], [ 127.966048917950928, 36.019092391147012 ], [ 127.96652984563903, 36.020278895847952 ], [ 127.966527357581043, 36.020357056462615 ], [ 127.962442487594217, 36.031364203686536 ], [ 127.962404804981816, 36.031422822811564 ], [ 127.958298375866775, 36.035144291244734 ], [ 127.950701525867899, 36.041098680020063 ], [ 127.950352813012643, 36.04128671283484 ], [ 127.947944140614425, 36.042490544952223 ], [ 127.94725744743387, 36.042811296588759 ], [ 127.947148621248488, 36.042850889640661 ], [ 127.947047879177973, 36.042869909964786 ], [ 127.944899401032359, 36.042862034464214 ], [ 127.943023430622645, 36.042711056476449 ], [ 127.942760977905692, 36.042569488000666 ], [ 127.942437929502091, 36.042408168964222 ], [ 127.942339272605537, 36.042370199607397 ], [ 127.942263409831284, 36.042354844263329 ], [ 127.942134265220091, 36.04234674833608 ], [ 127.939942097802927, 36.042423234643799 ], [ 127.939384298134897, 36.042452651106188 ], [ 127.937834175647069, 36.042587582045165 ], [ 127.936713594511474, 36.042797663561011 ], [ 127.933496789528036, 36.044646532238808 ], [ 127.933368716331003, 36.044720418975693 ], [ 127.933277396131714, 36.044786478684415 ], [ 127.932799952162128, 36.045205075496462 ], [ 127.932756729092432, 36.045256798262599 ], [ 127.932701877583284, 36.045357520556124 ], [ 127.932553139886423, 36.045834219294406 ], [ 127.932249685991167, 36.046969909982167 ], [ 127.931754279376605, 36.049117852117099 ], [ 127.931668954487677, 36.050222770343566 ], [ 127.933769268658423, 36.050787540736685 ], [ 127.934803522833491, 36.050844054871035 ], [ 127.935491505023805, 36.050752604419309 ], [ 127.935861480488285, 36.050663651725309 ], [ 127.937008861883967, 36.051321851164758 ], [ 127.941577440249489, 36.054406694955865 ], [ 127.945812677770945, 36.05618118643077 ], [ 127.946639623913867, 36.056626624193214 ], [ 127.949588616695181, 36.059422625956678 ], [ 127.950533001159883, 36.060814017953106 ], [ 127.951750470373128, 36.06287041636125 ], [ 127.951886877302684, 36.06319214810901 ], [ 127.951788100045647, 36.063795527032859 ], [ 127.951928130597139, 36.064418527394444 ], [ 127.952149484200419, 36.065191530632035 ], [ 127.952766593575959, 36.065810751285561 ], [ 127.954982880409275, 36.06717996878735 ], [ 127.956103330849615, 36.067742650087411 ], [ 127.960988652915702, 36.06839232785817 ], [ 127.961386226155696, 36.068389142883291 ], [ 127.961987465686079, 36.067740792628726 ], [ 127.964471995786553, 36.06613189133752 ], [ 127.967146913503512, 36.063199829701766 ], [ 127.967186565145838, 36.063165629872543 ], [ 127.969638524540386, 36.061636472607624 ], [ 127.971397480299714, 36.06067629642412 ], [ 127.971578689688869, 36.060602090845478 ], [ 127.971691530478481, 36.060562263350754 ], [ 127.972857638551218, 36.060216036006722 ], [ 127.972896701774047, 36.060205521905381 ], [ 127.972941506192711, 36.060193807682921 ], [ 127.972988114490391, 36.060184428620332 ], [ 127.973142416999792, 36.060159372568158 ], [ 127.973232959948987, 36.060158639210201 ], [ 127.97342762028606, 36.060165727827723 ], [ 127.973570499416795, 36.060195939660574 ], [ 127.973832822730628, 36.060291218406341 ], [ 127.973955523081372, 36.060305446161586 ], [ 127.974080715868922, 36.060304430008252 ], [ 127.974179273045237, 36.060294900022299 ], [ 127.974319812794192, 36.060244019866772 ], [ 127.974398872110214, 36.060174061195461 ], [ 127.974477653903492, 36.060082498207976 ], [ 127.975245876479889, 36.058962303430597 ], [ 127.976046933272727, 36.057699027429003 ], [ 127.977134864370939, 36.056256837069945 ], [ 127.977169040505316, 36.056219790510042 ], [ 127.979560270816108, 36.054821155022822 ], [ 127.979634530128521, 36.054785935384729 ], [ 127.979772554608829, 36.054747964966097 ], [ 127.980101001540604, 36.054698769154463 ], [ 127.980287174674046, 36.054675615656691 ], [ 127.98183639067426, 36.054563293426057 ], [ 127.984586988146503, 36.054541847539681 ], [ 127.984699090749956, 36.054560482522909 ], [ 127.984803344590162, 36.05458126243596 ], [ 127.985002513234136, 36.054641373638567 ], [ 127.985157878099201, 36.054702799576056 ], [ 127.985455444158788, 36.054856264874154 ], [ 127.98626968665927, 36.055309648340597 ], [ 127.98639866703688, 36.055390848455453 ], [ 127.986476736387985, 36.055457346574478 ], [ 127.987758756956254, 36.057206997843053 ], [ 127.988218487811523, 36.057965327773189 ], [ 127.992122932719965, 36.05794718023207 ], [ 127.992375205403476, 36.057770818585468 ], [ 127.992555038112869, 36.057667568903717 ], [ 127.992658390896224, 36.057625637478665 ], [ 127.99525281505511, 36.056720728787205 ], [ 127.995436066387938, 36.056669469847122 ], [ 127.995598230219741, 36.056644228919616 ], [ 127.995739413707668, 36.056645244564336 ], [ 127.996031452219569, 36.056665602231504 ], [ 127.996202222635944, 36.056681506135398 ], [ 127.996346407814869, 36.056708404590431 ], [ 127.997157762669559, 36.056925789670174 ], [ 127.997548273499334, 36.057045929084047 ], [ 127.998136361688637, 36.056981114968735 ], [ 127.99873874451157, 36.056837500327831 ], [ 127.998890636760677, 36.056777369754684 ], [ 127.999519136233317, 36.056142762705441 ], [ 128.001538674249389, 36.053829918342267 ], [ 128.011930594993714, 36.053984623582437 ], [ 128.014201666609239, 36.055082347367836 ], [ 128.01765227605182, 36.057484234544575 ], [ 128.021257843027257, 36.060123912368141 ], [ 128.021880034838375, 36.060642973027782 ], [ 128.023253496404777, 36.062094741774402 ], [ 128.023431870142787, 36.062498417861221 ], [ 128.023479387564294, 36.062733438958915 ], [ 128.023475141218626, 36.063076041827571 ], [ 128.023442087671924, 36.063803068746267 ], [ 128.0233437930317, 36.06497295540796 ], [ 128.023334222406731, 36.066161196338037 ], [ 128.023654656239728, 36.068491440410092 ], [ 128.025412964352057, 36.071788831793825 ], [ 128.028440515606519, 36.076151554092711 ], [ 128.03147100229242, 36.079711948889837 ], [ 128.033278502301783, 36.081763017847379 ], [ 128.033355073928021, 36.081855403579908 ], [ 128.033869556973514, 36.08251926305158 ], [ 128.033955864693155, 36.082680566992167 ], [ 128.033957637533661, 36.082823990742192 ], [ 128.033954651046002, 36.083067768692807 ], [ 128.033917852293996, 36.08318793518567 ], [ 128.033755240880367, 36.083490656545614 ], [ 128.033688982099903, 36.083710988736094 ], [ 128.033647545685795, 36.083922890670145 ], [ 128.033657529920021, 36.083971722106945 ], [ 128.035947478946923, 36.085860293174022 ], [ 128.036993869562338, 36.086637404706444 ], [ 128.037936371691814, 36.087247313025927 ], [ 128.038213386090604, 36.087410186345359 ], [ 128.038445314848872, 36.087503803825626 ], [ 128.039245485560713, 36.087624983056685 ], [ 128.039566436408109, 36.087659111626309 ], [ 128.039669006378261, 36.08764557972313 ], [ 128.039739916064036, 36.087623206197257 ], [ 128.039936025078873, 36.087469896339414 ], [ 128.040060536113373, 36.087393466464242 ], [ 128.040316019611964, 36.087295115799968 ], [ 128.040479070588759, 36.087244793354387 ], [ 128.040684055328938, 36.087232094200324 ], [ 128.042366230197104, 36.087133732812177 ], [ 128.0426906778643, 36.087170738441635 ], [ 128.042975941792179, 36.087236136230317 ], [ 128.045366256623737, 36.088481169885384 ], [ 128.048524985366157, 36.089611220192374 ], [ 128.052249268609955, 36.089767972610019 ], [ 128.054674917554735, 36.08905336374167 ], [ 128.056864237541419, 36.088243128246631 ], [ 128.057023527929204, 36.088158684572875 ], [ 128.057285311540369, 36.088052295065822 ], [ 128.058291458482017, 36.087738839327912 ], [ 128.058397923077251, 36.087715598536107 ], [ 128.058505891744005, 36.087731165845959 ], [ 128.058620684697104, 36.087782965015265 ], [ 128.060938706890056, 36.089172341349112 ], [ 128.061141314109165, 36.089326579631972 ], [ 128.061343287614847, 36.08953436463122 ], [ 128.063085934921247, 36.091800474510244 ], [ 128.063884872626346, 36.093211157304566 ], [ 128.063883258721631, 36.093347703597047 ], [ 128.06373761322854, 36.093670615172613 ], [ 128.063669940961887, 36.093816043400423 ], [ 128.063710041823811, 36.095159403733149 ], [ 128.06373170496903, 36.09527874226557 ], [ 128.063780628600512, 36.095324661484511 ], [ 128.064413294369075, 36.095645622340143 ], [ 128.06461621233268, 36.0956535080444 ], [ 128.065415621413479, 36.09605019010133 ], [ 128.067512927814619, 36.097000633659469 ], [ 128.067836846997949, 36.097098700510912 ], [ 128.069526542548942, 36.097265347161759 ], [ 128.070618563996561, 36.097275793106647 ], [ 128.074009890022012, 36.096660000848829 ], [ 128.075280428077605, 36.096327217280653 ], [ 128.075468312467279, 36.096243145659159 ], [ 128.077958325511474, 36.096866875299476 ], [ 128.078682013965789, 36.097163203583698 ], [ 128.080239411518932, 36.098542230210043 ], [ 128.080918469398028, 36.099202360355676 ], [ 128.081791882045337, 36.099557908515997 ], [ 128.084010212432304, 36.100264700424617 ], [ 128.084583413435098, 36.1004412075727 ], [ 128.085422206474306, 36.100586251871896 ], [ 128.085581287949907, 36.099760497656803 ], [ 128.084854597445457, 36.09764483977424 ], [ 128.084910957721206, 36.097331758500424 ], [ 128.086559838646878, 36.092981872517377 ], [ 128.087138375732479, 36.091676972539155 ], [ 128.087305250858918, 36.091313531421413 ], [ 128.08886405524774, 36.089983273315724 ], [ 128.089373678118562, 36.089550919248886 ], [ 128.089745527574451, 36.089391258962507 ], [ 128.091555481098055, 36.088683840589376 ], [ 128.091767292833822, 36.088649024858775 ], [ 128.092121085877579, 36.088645805005811 ], [ 128.094487198549274, 36.088681830234592 ], [ 128.097946583878269, 36.088822963626235 ], [ 128.098321951669249, 36.088918225671335 ], [ 128.098502647092999, 36.088826096610262 ], [ 128.09909409945783, 36.088466966833721 ], [ 128.10015734617275, 36.084961304682686 ], [ 128.100234093574642, 36.084664482591485 ], [ 128.099975917491378, 36.082092189597162 ], [ 128.101575027159129, 36.08005507187746 ], [ 128.102320344114446, 36.078411316630373 ] ] ] ] } },
{ "type": "Feature", "properties": { "OBJECTID": 2822, "adm_nm": "경상북도 김천시 지례면", "adm_cd": "3703041", "adm_cd2": "4715042000", "sgg": "47150", "sido": "47", "sidonm": "경상북도", "sggnm": "김천시" }, "geometry": { "type": "MultiPolygon", "coordinates": [ [ [ [ 128.082848658294154, 35.98599495442803 ], [ 128.083031891125415, 35.984037804076543 ], [ 128.082351264952479, 35.982962060746786 ], [ 128.081396134379361, 35.981888788795679 ], [ 128.08127372280012, 35.981830156948526 ], [ 128.080890470688132, 35.981646598112086 ], [ 128.080643221096324, 35.981506479049706 ], [ 128.080264244286468, 35.981130260810531 ], [ 128.079967559407493, 35.980791290975752 ], [ 128.078162322516391, 35.978624753959487 ], [ 128.077884212084285, 35.978153851613115 ], [ 128.077802477671355, 35.977935210966749 ], [ 128.077765121386648, 35.977764725619608 ], [ 128.077798611349095, 35.977650540190886 ], [ 128.081734357870971, 35.974559313934158 ], [ 128.082724647116322, 35.973933537530804 ], [ 128.083304526515889, 35.973624626895756 ], [ 128.083979911622748, 35.973466673290702 ], [ 128.084298656339712, 35.973283500236867 ], [ 128.086221769947429, 35.971812998190423 ], [ 128.086420153171844, 35.971368002357025 ], [ 128.086764459108139, 35.970381508172053 ], [ 128.08722630553757, 35.969269314065407 ], [ 128.089329915097267, 35.968029170028558 ], [ 128.08999684061888, 35.967993334794713 ], [ 128.090752520201107, 35.968157315236873 ], [ 128.091818999697125, 35.968413348310214 ], [ 128.092313336643116, 35.968684056785492 ], [ 128.092850249402119, 35.969077773241835 ], [ 128.094235125679745, 35.969549163864784 ], [ 128.094422397043616, 35.969575932985038 ], [ 128.095387553765988, 35.969681025848345 ], [ 128.095830980525108, 35.969648505508587 ], [ 128.100788012222012, 35.968265073166378 ], [ 128.10258341358346, 35.967593772846513 ], [ 128.103500287614111, 35.967167802843761 ], [ 128.104456587422476, 35.966637061581551 ], [ 128.105041652297217, 35.965872479480019 ], [ 128.105629773130659, 35.965326119159691 ], [ 128.107609437591549, 35.963637606895347 ], [ 128.107886952629116, 35.963435741454369 ], [ 128.108658837294911, 35.96308697306965 ], [ 128.109025025711503, 35.962943050819923 ], [ 128.107160681845642, 35.959940057447184 ], [ 128.106118851936799, 35.958934201980071 ], [ 128.103991166594568, 35.957530253849313 ], [ 128.099643903234465, 35.955662575803245 ], [ 128.098618693275853, 35.955425210514093 ], [ 128.097342175211907, 35.95517113783103 ], [ 128.096445023841767, 35.954904112434384 ], [ 128.09627965489355, 35.954791177454027 ], [ 128.095441471490517, 35.953271461865853 ], [ 128.093790273534609, 35.951673151693861 ], [ 128.092463845977221, 35.9511822427962 ], [ 128.091113528576784, 35.950226503780272 ], [ 128.090818619638412, 35.950010897000773 ], [ 128.09066407855002, 35.949813017298112 ], [ 128.090210981517231, 35.949133817755182 ], [ 128.088550591058009, 35.945998113345283 ], [ 128.088512320352805, 35.945761187952542 ], [ 128.088523083204194, 35.945694666531082 ], [ 128.089385801552709, 35.941330828222277 ], [ 128.08969710441994, 35.940189169581288 ], [ 128.089961999402192, 35.939921050963306 ], [ 128.090401759344417, 35.939632338743252 ], [ 128.090707775053431, 35.939382830563893 ], [ 128.091058196251367, 35.937690392548653 ], [ 128.091053896915838, 35.937377236041193 ], [ 128.091027958108242, 35.937187681192405 ], [ 128.090188121541559, 35.933845240706944 ], [ 128.090789032759375, 35.932539625204669 ], [ 128.090946865987462, 35.932130112730754 ], [ 128.091286653567664, 35.930940737694335 ], [ 128.090432360903804, 35.927816694615572 ], [ 128.090347526476108, 35.927589707303461 ], [ 128.089933494923855, 35.927194869688137 ], [ 128.089178719208064, 35.926641791824487 ], [ 128.088736535534963, 35.925896050223244 ], [ 128.088581397510239, 35.925223660761873 ], [ 128.088386695011593, 35.923792409238544 ], [ 128.088092762648358, 35.922362019994104 ], [ 128.087785005770741, 35.922051622508334 ], [ 128.086834572550259, 35.921699604087273 ], [ 128.085813211630096, 35.921708833025889 ], [ 128.085334882848855, 35.921732125269784 ], [ 128.084938405629856, 35.921764169812349 ], [ 128.084029350054635, 35.921876774542973 ], [ 128.083547518512546, 35.922070912063568 ], [ 128.083327280816349, 35.922186781049312 ], [ 128.081950084001221, 35.923072278941881 ], [ 128.081788096560473, 35.923178143588437 ], [ 128.08114223560213, 35.92418992418169 ], [ 128.080337874774955, 35.925136692794901 ], [ 128.079113860923997, 35.926561747343847 ], [ 128.078104830317841, 35.927054800305982 ], [ 128.077638017325256, 35.927068471333406 ], [ 128.076990640793952, 35.927112238968675 ], [ 128.074997531707595, 35.927357833524582 ], [ 128.074712177727264, 35.927407849743574 ], [ 128.073383929484635, 35.928473131330364 ], [ 128.073292980475202, 35.92865426254594 ], [ 128.071456492467803, 35.933596108897625 ], [ 128.071334459811027, 35.934071705226565 ], [ 128.07191441968817, 35.935518543653373 ], [ 128.071963806683414, 35.935717401062874 ], [ 128.071896309478916, 35.935907794944825 ], [ 128.071526045330017, 35.936157849023132 ], [ 128.071375161107113, 35.936225626655343 ], [ 128.067473345330257, 35.936953120305255 ], [ 128.067041120852849, 35.936937990210943 ], [ 128.066410542640511, 35.936934103432158 ], [ 128.065625789752346, 35.937187793004533 ], [ 128.06526588528439, 35.937342822646862 ], [ 128.063403835225017, 35.938241922002739 ], [ 128.061329672169649, 35.939437043447775 ], [ 128.061162410431791, 35.939590352876593 ], [ 128.060805914990823, 35.940001585987417 ], [ 128.059878949424018, 35.940541232149116 ], [ 128.05666006625458, 35.941717902205184 ], [ 128.05648543027192, 35.941757387451986 ], [ 128.056333265261856, 35.941730257114266 ], [ 128.055874627613122, 35.941487523628787 ], [ 128.055614874488583, 35.941271539543195 ], [ 128.054497033845024, 35.940189973336246 ], [ 128.053857490207974, 35.939512276686372 ], [ 128.053715120886949, 35.939342701524644 ], [ 128.053654477294771, 35.939172412074143 ], [ 128.053489003913938, 35.939022010926607 ], [ 128.052499730248798, 35.938385337337394 ], [ 128.052164471207703, 35.938198480883635 ], [ 128.051568645833669, 35.938175224556332 ], [ 128.051004063191726, 35.938531395119767 ], [ 128.050667977884899, 35.938724149388584 ], [ 128.049999900201584, 35.938976707642887 ], [ 128.049648384295807, 35.938884892205444 ], [ 128.048252882990226, 35.938432034354001 ], [ 128.046361565746878, 35.938011967415854 ], [ 128.046245184640185, 35.938041445349029 ], [ 128.044716873831845, 35.938586202762444 ], [ 128.044196708517347, 35.938989308382325 ], [ 128.043427384791812, 35.939536929878017 ], [ 128.043264545292118, 35.939585791176803 ], [ 128.040617056001537, 35.940273058949408 ], [ 128.040114744671598, 35.940258441507659 ], [ 128.0395411581151, 35.94014951858594 ], [ 128.038868700084095, 35.940069902143115 ], [ 128.036782373706473, 35.940104981328886 ], [ 128.036574258959547, 35.940205822508261 ], [ 128.036146637485729, 35.940416081916666 ], [ 128.035393398840426, 35.940859131814946 ], [ 128.035078776475132, 35.940909278319253 ], [ 128.032336741749617, 35.940619681347208 ], [ 128.030630173151565, 35.940036411215075 ], [ 128.030099109016362, 35.939604415090756 ], [ 128.029495239892896, 35.938508732689009 ], [ 128.02924207709583, 35.936992446824021 ], [ 128.028859016773453, 35.936264960888977 ], [ 128.028077954101803, 35.935911005619744 ], [ 128.027493836922588, 35.935887549321407 ], [ 128.026571992114498, 35.935933379047022 ], [ 128.025844880971192, 35.93613887369947 ], [ 128.025252613846135, 35.936390671227514 ], [ 128.024235562409984, 35.936750485038978 ], [ 128.023161814386953, 35.936788097361521 ], [ 128.02264738457248, 35.936735529541217 ], [ 128.021109154089061, 35.936520839993229 ], [ 128.020862775105144, 35.936428030086205 ], [ 128.019858941020829, 35.935999999458389 ], [ 128.019726867303149, 35.935716407443458 ], [ 128.01899949385421, 35.934536283573024 ], [ 128.018159512757933, 35.933679790894381 ], [ 128.016206933168519, 35.933012993734579 ], [ 128.015392631501612, 35.932792118448511 ], [ 128.01217730646286, 35.931984096234054 ], [ 128.009348865123684, 35.931296094267061 ], [ 128.008677232090207, 35.93127325020145 ], [ 128.007148604454073, 35.931342997775978 ], [ 128.006370450803757, 35.931207156739887 ], [ 128.005456959053021, 35.930987034263552 ], [ 128.005113720051554, 35.930619792883441 ], [ 128.004741877006524, 35.92983519127614 ], [ 128.004641592741194, 35.929833634770411 ], [ 128.004525596701427, 35.929831841276325 ], [ 128.004322328990156, 35.929924225176471 ], [ 128.004119084173482, 35.930016623062215 ], [ 128.003935258735879, 35.930176850754606 ], [ 128.003751438168166, 35.930337088962794 ], [ 128.003219416012882, 35.930885660916339 ], [ 128.003017690451912, 35.931098958816882 ], [ 128.002893137034704, 35.931538324235412 ], [ 128.002488039009052, 35.933310101419771 ], [ 128.002395200804756, 35.934792114588163 ], [ 128.003579681841728, 35.935870497911829 ], [ 128.00440670302271, 35.936604188033222 ], [ 128.006293764996059, 35.9388556065038 ], [ 128.008488447554896, 35.941905491864851 ], [ 128.009525427111811, 35.944526713767324 ], [ 128.008106645378888, 35.949904306804889 ], [ 128.007292644249588, 35.951679565174722 ], [ 128.006608681574534, 35.952858670962058 ], [ 128.006279387634237, 35.953200503733562 ], [ 128.002681537944085, 35.954673724738157 ], [ 127.996444210599549, 35.956129191292334 ], [ 127.994330343898753, 35.956312717031778 ], [ 127.993949056165405, 35.956995030071461 ], [ 127.993876262773242, 35.958595426101652 ], [ 127.994166979014921, 35.964026285069544 ], [ 127.994368734004894, 35.965045160560038 ], [ 127.994537664365822, 35.965443884732274 ], [ 127.997911394531897, 35.96845271586718 ], [ 127.999537056778763, 35.968135353261118 ], [ 128.00031661853734, 35.967891603215023 ], [ 128.000702040313968, 35.967423376712063 ], [ 128.001302937582437, 35.966905907621772 ], [ 128.00196651604503, 35.966729543634337 ], [ 128.003069405523519, 35.966653908844457 ], [ 128.003666639629614, 35.966772290430349 ], [ 128.003881180595982, 35.967112154156872 ], [ 128.003977741480412, 35.967358080654115 ], [ 128.003921133990701, 35.967500915407264 ], [ 128.003840579566912, 35.967596497453407 ], [ 128.002792447081418, 35.968772568098714 ], [ 128.0012884788176, 35.971319008215339 ], [ 128.001197550758974, 35.971519048293814 ], [ 128.001165010448545, 35.971718616350877 ], [ 128.001178975421027, 35.97189881339029 ], [ 128.002138106458688, 35.974310856492266 ], [ 128.00223432100438, 35.974528325125569 ], [ 128.002388084127517, 35.974678901986216 ], [ 128.002563171482876, 35.97466794839147 ], [ 128.003271267090241, 35.974310883904543 ], [ 128.004108443591633, 35.97400021146133 ], [ 128.005663495890474, 35.973645547377309 ], [ 128.006258967037752, 35.97362158412809 ], [ 128.006779962403385, 35.973712128448867 ], [ 128.008146384580471, 35.97460223433432 ], [ 128.008535226770761, 35.974864703343705 ], [ 128.009308282374946, 35.975484578947608 ], [ 128.009427860593121, 35.975701843342712 ], [ 128.009417030984423, 35.975768372341001 ], [ 128.006585915516098, 35.978677161525852 ], [ 128.006410442627867, 35.978768309756248 ], [ 128.00635454116977, 35.978784151244334 ], [ 128.005887668851756, 35.978891784755298 ], [ 128.005118019121795, 35.979002624484309 ], [ 128.004345042021299, 35.979312776206626 ], [ 128.004100344449427, 35.979505797394459 ], [ 128.003970513251346, 35.980094708269213 ], [ 128.003599491665057, 35.982053228789091 ], [ 128.003729492277046, 35.982432919832291 ], [ 128.004294627392625, 35.983560878696935 ], [ 128.005717090002094, 35.983973988155697 ], [ 128.00626909401052, 35.984040982177262 ], [ 128.00655746933586, 35.984181796297435 ], [ 128.006716774545538, 35.984574324072646 ], [ 128.006692969927371, 35.986657567831344 ], [ 128.005149164507372, 35.992070458104067 ], [ 128.003735977253825, 35.996326660424131 ], [ 128.003533858566584, 35.996497468402382 ], [ 128.004886386572707, 35.997393427041182 ], [ 128.009225340770371, 35.998600282147571 ], [ 128.011186829439453, 35.998925421730441 ], [ 128.011922218819478, 35.99886227901186 ], [ 128.012435363029738, 35.998782029877638 ], [ 128.012904079992524, 35.998882477220924 ], [ 128.013735333138726, 35.999463874568526 ], [ 128.016135326015103, 36.00142183957113 ], [ 128.016647430551018, 36.001925688896634 ], [ 128.016739678775309, 36.001969592611545 ], [ 128.017235324316118, 36.002205428270486 ], [ 128.017709669432975, 36.002286820734838 ], [ 128.018247902516748, 36.002339191958576 ], [ 128.019613927950587, 36.001910072317649 ], [ 128.020568875981894, 36.001555443467296 ], [ 128.022867478970852, 36.002055669656237 ], [ 128.026983001719628, 36.002901288069495 ], [ 128.027730528759577, 36.002995963047084 ], [ 128.029807826504339, 36.003003444660315 ], [ 128.031931524793663, 36.003010516844732 ], [ 128.032828290917905, 36.002805047637608 ], [ 128.034730078308371, 36.002570415816649 ], [ 128.035267021785756, 36.00253516195442 ], [ 128.035728389748641, 36.002504870164309 ], [ 128.037084819083873, 36.002569098076201 ], [ 128.038109104100897, 36.002702592829998 ], [ 128.038917225859507, 36.002837949062631 ], [ 128.042800787741299, 36.002998092154435 ], [ 128.047680492202488, 36.002666157949569 ], [ 128.047930358215751, 36.002722117587311 ], [ 128.048607552795147, 36.003229578668339 ], [ 128.048650199754206, 36.003314733583963 ], [ 128.048750138413567, 36.003477247115455 ], [ 128.048881130121515, 36.003679482770863 ], [ 128.049003094373546, 36.003826408833369 ], [ 128.049091763055173, 36.003917828990119 ], [ 128.049160606968485, 36.00397306563675 ], [ 128.050357124922215, 36.004843479197213 ], [ 128.050424509777031, 36.004889380519664 ], [ 128.053382618235588, 36.006314765299116 ], [ 128.053479129066147, 36.00635893831312 ], [ 128.053590159724394, 36.006407144623815 ], [ 128.053639848532271, 36.006428470268233 ], [ 128.053669817943188, 36.006441311986748 ], [ 128.05370863096951, 36.006441616970143 ], [ 128.05377184058085, 36.006430274490583 ], [ 128.053857087800509, 36.006403332055065 ], [ 128.054311937247093, 36.006200085646654 ], [ 128.054526832758171, 36.006083443043529 ], [ 128.054715218209225, 36.005950823137837 ], [ 128.054756947066011, 36.005911692697218 ], [ 128.054796599590503, 36.005841012926624 ], [ 128.054981029503608, 36.00532272020925 ], [ 128.055036404741003, 36.005155503006996 ], [ 128.055894846711197, 36.003013653840512 ], [ 128.055894210805604, 36.002929064171113 ], [ 128.055883721579647, 36.002311360438462 ], [ 128.055504486097703, 35.998841289783023 ], [ 128.055047236878067, 35.99784884659671 ], [ 128.054428442286934, 35.997009631805653 ], [ 128.054386926207769, 35.996798244085099 ], [ 128.057333550946595, 35.994478692122996 ], [ 128.059446663814384, 35.993027059027568 ], [ 128.0601842542128, 35.992697888100906 ], [ 128.061709426342134, 35.99228581909415 ], [ 128.062368002938314, 35.992166116743761 ], [ 128.062813491436259, 35.992276054566332 ], [ 128.06397407243449, 35.992559993023683 ], [ 128.064646750068277, 35.992620466048209 ], [ 128.06514721736886, 35.992473668809197 ], [ 128.066593450229277, 35.990970872904597 ], [ 128.066879404277898, 35.990512808524919 ], [ 128.066922806959752, 35.990265672716752 ], [ 128.066908319861511, 35.990057018603089 ], [ 128.06622293540002, 35.989484218293661 ], [ 128.065974401828953, 35.989249144026857 ], [ 128.065828732211571, 35.988842366423079 ], [ 128.065917730595999, 35.988509435839106 ], [ 128.066751581087061, 35.987524530079121 ], [ 128.069477199486442, 35.985165708112461 ], [ 128.073405934202498, 35.984959839694909 ], [ 128.079704821114973, 35.9846376680782 ], [ 128.079962582997865, 35.984692302409606 ], [ 128.080858829248598, 35.985301099321255 ], [ 128.081623341995737, 35.985673843896443 ], [ 128.082134112956055, 35.985859046277675 ], [ 128.082848658294154, 35.98599495442803 ] ] ] ] } },
{ "type": "Feature", "properties": { "OBJECTID": 2823, "adm_nm": "경상북도 김천시 부항면", "adm_cd": "3703042", "adm_cd2": "4715043000", "sgg": "47150", "sido": "47", "sidonm": "경상북도", "sggnm": "김천시" }, "geometry": { "type": "MultiPolygon", "coordinates": [ [ [ [ 127.931668954487677, 36.050222770343566 ], [ 127.931754279376605, 36.049117852117099 ], [ 127.932249685991167, 36.046969909982167 ], [ 127.932553139886423, 36.045834219294406 ], [ 127.932701877583284, 36.045357520556124 ], [ 127.932756729092432, 36.045256798262599 ], [ 127.932799952162128, 36.045205075496462 ], [ 127.933277396131714, 36.044786478684415 ], [ 127.933368716331003, 36.044720418975693 ], [ 127.933496789528036, 36.044646532238808 ], [ 127.936713594511474, 36.042797663561011 ], [ 127.937834175647069, 36.042587582045165 ], [ 127.939384298134897, 36.042452651106188 ], [ 127.939942097802927, 36.042423234643799 ], [ 127.942134265220091, 36.04234674833608 ], [ 127.942263409831284, 36.042354844263329 ], [ 127.942339272605537, 36.042370199607397 ], [ 127.942437929502091, 36.042408168964222 ], [ 127.942760977905692, 36.042569488000666 ], [ 127.943023430622645, 36.042711056476449 ], [ 127.944899401032359, 36.042862034464214 ], [ 127.947047879177973, 36.042869909964786 ], [ 127.947148621248488, 36.042850889640661 ], [ 127.94725744743387, 36.042811296588759 ], [ 127.947944140614425, 36.042490544952223 ], [ 127.950352813012643, 36.04128671283484 ], [ 127.950701525867899, 36.041098680020063 ], [ 127.958298375866775, 36.035144291244734 ], [ 127.962404804981816, 36.031422822811564 ], [ 127.962442487594217, 36.031364203686536 ], [ 127.966527357581043, 36.020357056462615 ], [ 127.96652984563903, 36.020278895847952 ], [ 127.966048917950928, 36.019092391147012 ], [ 127.965590798210187, 36.017901294091537 ], [ 127.965575327181938, 36.017769659999367 ], [ 127.965689257512039, 36.016185622108274 ], [ 127.96574442704771, 36.015979526056313 ], [ 127.965943987896821, 36.015496866667782 ], [ 127.966362704419552, 36.014894317161279 ], [ 127.966411763489162, 36.014833274053345 ], [ 127.966520013210157, 36.014786880429135 ], [ 127.967099108146201, 36.014582522292031 ], [ 127.967195270631322, 36.014564075516788 ], [ 127.967437825449807, 36.014569704782751 ], [ 127.968703460428713, 36.014814814062497 ], [ 127.972981618308978, 36.014635244640282 ], [ 127.973180448402417, 36.014621992386608 ], [ 127.975267523982509, 36.014435918381757 ], [ 127.976756365806281, 36.014149665921522 ], [ 127.98014845451705, 36.011191669024448 ], [ 127.980159302014755, 36.011144884838373 ], [ 127.980219256850148, 36.011042403505492 ], [ 127.980369572607742, 36.010819562297897 ], [ 127.980554586086001, 36.010613933749141 ], [ 127.980849752381204, 36.010354954865086 ], [ 127.981353900661674, 36.00996296558322 ], [ 127.981414581352041, 36.009918759956328 ], [ 127.984598798861924, 36.007819519025951 ], [ 127.984709536321944, 36.007795282406271 ], [ 127.987031370769415, 36.007435121758263 ], [ 127.987123199061074, 36.007434367493744 ], [ 127.987831485951375, 36.00746938427298 ], [ 127.98828840622231, 36.007599700760743 ], [ 127.988430288496673, 36.007619002996449 ], [ 127.988636532573153, 36.007588093380072 ], [ 127.990784411234699, 36.007083496761126 ], [ 127.991097057384295, 36.006993421996633 ], [ 127.99132546307645, 36.006898245048738 ], [ 127.993301738831576, 36.005838005106945 ], [ 127.994151783995591, 36.003743583177773 ], [ 127.994366606254175, 36.003174118016183 ], [ 127.994428630357604, 36.0029985656953 ], [ 127.994468919850547, 36.002794903204929 ], [ 127.994586130113007, 36.002202230142082 ], [ 127.994696165669339, 36.001645831068124 ], [ 127.994794563790194, 36.001148367696111 ], [ 127.995356306445075, 35.999403512156604 ], [ 127.996247225099481, 35.998051406302636 ], [ 127.99724562479183, 35.997223802837745 ], [ 127.99786609125654, 35.996894901829933 ], [ 127.998342124224664, 35.997119069605574 ], [ 127.998558156398275, 35.99757283004454 ], [ 127.999076839825449, 35.99885919459409 ], [ 127.999137772826998, 35.999057963013833 ], [ 128.00040505101822, 35.999009462215426 ], [ 128.000965321668389, 35.998957349994768 ], [ 128.001630216081281, 35.998401371310351 ], [ 128.003533858566584, 35.996497468402382 ], [ 128.003735977253825, 35.996326660424131 ], [ 128.005149164507372, 35.992070458104067 ], [ 128.006692969927371, 35.986657567831344 ], [ 128.006716774545538, 35.984574324072646 ], [ 128.00655746933586, 35.984181796297435 ], [ 128.00626909401052, 35.984040982177262 ], [ 128.005717090002094, 35.983973988155697 ], [ 128.004294627392625, 35.983560878696935 ], [ 128.003729492277046, 35.982432919832291 ], [ 128.003599491665057, 35.982053228789091 ], [ 128.003970513251346, 35.980094708269213 ], [ 128.004100344449427, 35.979505797394459 ], [ 128.004345042021299, 35.979312776206626 ], [ 128.005118019121795, 35.979002624484309 ], [ 128.005887668851756, 35.978891784755298 ], [ 128.00635454116977, 35.978784151244334 ], [ 128.006410442627867, 35.978768309756248 ], [ 128.006585915516098, 35.978677161525852 ], [ 128.009417030984423, 35.975768372341001 ], [ 128.009427860593121, 35.975701843342712 ], [ 128.009308282374946, 35.975484578947608 ], [ 128.008535226770761, 35.974864703343705 ], [ 128.008146384580471, 35.97460223433432 ], [ 128.006779962403385, 35.973712128448867 ], [ 128.006258967037752, 35.97362158412809 ], [ 128.005663495890474, 35.973645547377309 ], [ 128.004108443591633, 35.97400021146133 ], [ 128.003271267090241, 35.974310883904543 ], [ 128.002563171482876, 35.97466794839147 ], [ 128.002388084127517, 35.974678901986216 ], [ 128.00223432100438, 35.974528325125569 ], [ 128.002138106458688, 35.974310856492266 ], [ 128.001178975421027, 35.97189881339029 ], [ 128.001165010448545, 35.971718616350877 ], [ 128.001197550758974, 35.971519048293814 ], [ 128.0012884788176, 35.971319008215339 ], [ 128.002792447081418, 35.968772568098714 ], [ 128.003840579566912, 35.967596497453407 ], [ 128.003921133990701, 35.967500915407264 ], [ 128.003977741480412, 35.967358080654115 ], [ 128.003881180595982, 35.967112154156872 ], [ 128.003666639629614, 35.966772290430349 ], [ 128.003069405523519, 35.966653908844457 ], [ 128.00196651604503, 35.966729543634337 ], [ 128.001302937582437, 35.966905907621772 ], [ 128.000702040313968, 35.967423376712063 ], [ 128.00031661853734, 35.967891603215023 ], [ 127.999537056778763, 35.968135353261118 ], [ 127.997911394531897, 35.96845271586718 ], [ 127.994537664365822, 35.965443884732274 ], [ 127.994368734004894, 35.965045160560038 ], [ 127.992803628952672, 35.966346698330845 ], [ 127.991218291984723, 35.967250214438778 ], [ 127.990479704070978, 35.967573254556676 ], [ 127.989757041470085, 35.967684843097757 ], [ 127.989608525320008, 35.967686065831828 ], [ 127.988895586592506, 35.967088248266414 ], [ 127.988070532058643, 35.966430979023031 ], [ 127.98773376807047, 35.966222443826254 ], [ 127.987079533515484, 35.965865614887434 ], [ 127.983547134001867, 35.965116589595979 ], [ 127.98067056839146, 35.965039328636799 ], [ 127.976674990490451, 35.9656865324135 ], [ 127.974483727252988, 35.966913487958855 ], [ 127.973870208483916, 35.967422284687025 ], [ 127.973542245372784, 35.967969065410649 ], [ 127.973410233030648, 35.968322798429234 ], [ 127.973045068266416, 35.968869888585665 ], [ 127.972675341617929, 35.969044174805241 ], [ 127.972222738784495, 35.969033954798164 ], [ 127.97201820237666, 35.969029333757021 ], [ 127.971657031022872, 35.968891192339669 ], [ 127.969564702709292, 35.967572966592172 ], [ 127.969442747167164, 35.967483268531915 ], [ 127.969320795211786, 35.967393567626594 ], [ 127.969094943629344, 35.967168659247179 ], [ 127.967566966447649, 35.965367226470981 ], [ 127.965815602042412, 35.965063909345261 ], [ 127.964201529302386, 35.965348933728485 ], [ 127.963885854913727, 35.96538170647073 ], [ 127.960965115433964, 35.965238808287168 ], [ 127.960778846024269, 35.965210073195649 ], [ 127.958692857689016, 35.963367646982576 ], [ 127.957447131519388, 35.961820754752665 ], [ 127.954302002321512, 35.961558594904162 ], [ 127.95409843352887, 35.96163578513837 ], [ 127.953506461310582, 35.961882308898083 ], [ 127.953007064055996, 35.962097886626019 ], [ 127.952914842135698, 35.96215906597677 ], [ 127.952822627882, 35.962220253341911 ], [ 127.95278979553926, 35.96258326049503 ], [ 127.953019210788923, 35.963110455749067 ], [ 127.953040529177372, 35.96333701454607 ], [ 127.952717514432493, 35.96430691017968 ], [ 127.94961961733749, 35.966447474633824 ], [ 127.949027594120949, 35.966693980970874 ], [ 127.948434119425755, 35.966819587393367 ], [ 127.947783426923181, 35.966824721068022 ], [ 127.94573230008001, 35.966326989403271 ], [ 127.945470055246801, 35.966162775492222 ], [ 127.945151309077218, 35.965938570470421 ], [ 127.944611454158249, 35.965882360620384 ], [ 127.94384923107954, 35.965888348621874 ], [ 127.943663581317011, 35.965912471991459 ], [ 127.943477956991543, 35.965936603094384 ], [ 127.942847113131791, 35.966047368018152 ], [ 127.939269796423176, 35.966982256000797 ], [ 127.938852399304622, 35.966275122592549 ], [ 127.938194043555441, 35.965630332816801 ], [ 127.935125572472302, 35.963991625209616 ], [ 127.934193916393824, 35.963817487961634 ], [ 127.93253847753526, 35.96375479273685 ], [ 127.929628653073209, 35.962946004752759 ], [ 127.92570384924106, 35.959590616009841 ], [ 127.922610424577172, 35.957362313054936 ], [ 127.922179203884852, 35.957048207308716 ], [ 127.92200856295149, 35.956762342426607 ], [ 127.92193035625732, 35.95643042354385 ], [ 127.921677840597084, 35.95549523798725 ], [ 127.920387569048444, 35.953237923677115 ], [ 127.920128721118715, 35.952987228552253 ], [ 127.919881654561863, 35.952894154271654 ], [ 127.919733309678165, 35.952925532005167 ], [ 127.91927000726308, 35.953049975497862 ], [ 127.916663857984673, 35.952737362536354 ], [ 127.913803406253024, 35.951323241080793 ], [ 127.913370506726835, 35.950857973762794 ], [ 127.913215547386798, 35.950315009953812 ], [ 127.913117751076754, 35.949892556443956 ], [ 127.913059216919649, 35.949651156683139 ], [ 127.912909297068978, 35.94954649700184 ], [ 127.912554747303489, 35.949428276532323 ], [ 127.91193999870012, 35.949312007691582 ], [ 127.911466519096194, 35.949450092656321 ], [ 127.910616955574852, 35.950563747805255 ], [ 127.909682220389101, 35.951770778091422 ], [ 127.906323601607824, 35.95395791483957 ], [ 127.90614767038366, 35.954065793725299 ], [ 127.906051469150412, 35.954124767938005 ], [ 127.90559899121493, 35.954147571931777 ], [ 127.904479145410235, 35.954156002487174 ], [ 127.904123828184893, 35.954342857517879 ], [ 127.904018601036938, 35.954518133696709 ], [ 127.902491402890902, 35.957476619390377 ], [ 127.902399001383017, 35.957762661456641 ], [ 127.90235329014547, 35.957904184622784 ], [ 127.902279904319059, 35.958786887132952 ], [ 127.901886905104703, 35.960903148366015 ], [ 127.900393797468809, 35.966885856486265 ], [ 127.900089498966949, 35.967372850497675 ], [ 127.899628378764532, 35.967942435311549 ], [ 127.899577960436545, 35.968001739550687 ], [ 127.89842721881999, 35.968926047376122 ], [ 127.896658818816164, 35.971702633715978 ], [ 127.896507730267501, 35.972043049436294 ], [ 127.896714708167693, 35.972694215314334 ], [ 127.897050676729521, 35.973751154392588 ], [ 127.897080534701402, 35.974284080128569 ], [ 127.897094342903983, 35.974572662723702 ], [ 127.897127345069165, 35.975262827226594 ], [ 127.897065541633836, 35.975618989038772 ], [ 127.896970693101935, 35.976165534653497 ], [ 127.896707873447255, 35.976812520191665 ], [ 127.896611240419873, 35.977050371040399 ], [ 127.896239534386638, 35.977906212774499 ], [ 127.896014539211109, 35.978033914013778 ], [ 127.895509869426519, 35.978120980005762 ], [ 127.895074845619561, 35.978196028078514 ], [ 127.894110336691156, 35.978271073022022 ], [ 127.892396259027194, 35.97845829293464 ], [ 127.891612461073407, 35.978706465992261 ], [ 127.890224153367825, 35.979249926900458 ], [ 127.889595585605221, 35.979526021628949 ], [ 127.889634919734391, 35.979845635926345 ], [ 127.890163233345945, 35.981257037419851 ], [ 127.891938837563444, 35.983357168279667 ], [ 127.892960451034156, 35.984115417939471 ], [ 127.893739151911163, 35.984468315086943 ], [ 127.89302957994046, 35.987081261103576 ], [ 127.892127162836132, 35.987388471651812 ], [ 127.891988124533654, 35.987471723498707 ], [ 127.891487822503862, 35.987771292802769 ], [ 127.890627355318557, 35.988630741115919 ], [ 127.890020758491545, 35.989349570297442 ], [ 127.886702152739545, 35.992107791265923 ], [ 127.886440721681879, 35.99211581031971 ], [ 127.88628510671397, 35.99212058321374 ], [ 127.884651641235322, 35.992084149400831 ], [ 127.884020807849211, 35.992166336080302 ], [ 127.88367572382721, 35.992312510427681 ], [ 127.883392002621051, 35.992432696833305 ], [ 127.880117730506356, 35.994078193199769 ], [ 127.877112045809852, 35.995842512375603 ], [ 127.876780545621045, 35.996048505011082 ], [ 127.876070609903024, 35.996528681193887 ], [ 127.87581470137215, 35.996722806364247 ], [ 127.875781416160862, 35.998462508065892 ], [ 127.876001503366851, 35.999378651916416 ], [ 127.876132581480945, 35.999507466563621 ], [ 127.876346453161347, 35.9997176232079 ], [ 127.876607590074116, 35.999900087556107 ], [ 127.8769812782987, 36.000161187629395 ], [ 127.877284617896549, 36.000297700934141 ], [ 127.877393910681661, 36.000287288203722 ], [ 127.877769672285027, 36.000251477242216 ], [ 127.878387948757876, 36.000385697249634 ], [ 127.87864237986922, 36.000708349097287 ], [ 127.878680783106148, 36.000757049772737 ], [ 127.87881815955636, 36.001310986329123 ], [ 127.878779978628856, 36.002602508165467 ], [ 127.878316389724475, 36.005822386645811 ], [ 127.875989999298014, 36.00984977320747 ], [ 127.875375228063731, 36.014888774347362 ], [ 127.875382348148392, 36.016427507886618 ], [ 127.87626948768083, 36.021149967545703 ], [ 127.876623148715097, 36.021892386571608 ], [ 127.876926247772886, 36.022441944848723 ], [ 127.881141666665656, 36.025101284822156 ], [ 127.882993319045113, 36.027218306301471 ], [ 127.883961825516835, 36.030912863869588 ], [ 127.88400176075794, 36.032117788731917 ], [ 127.885423208361601, 36.036024205089575 ], [ 127.886774700288981, 36.036035762713759 ], [ 127.886824316722866, 36.035734104415049 ], [ 127.886873928269395, 36.035432429869005 ], [ 127.887293279482734, 36.035020432275978 ], [ 127.887979719315936, 36.034800140184139 ], [ 127.888723021921095, 36.034923768730579 ], [ 127.892822854779723, 36.036636597517791 ], [ 127.896140608407663, 36.037128392172917 ], [ 127.897014715338429, 36.037100350654626 ], [ 127.902251221331341, 36.038546100616252 ], [ 127.90355441686026, 36.038966729054309 ], [ 127.903877526311064, 36.039416248015002 ], [ 127.903969052483077, 36.04047010838417 ], [ 127.904001194941287, 36.04096486365281 ], [ 127.903955561041187, 36.041610841685817 ], [ 127.903994837268328, 36.042729656260612 ], [ 127.904457081587182, 36.043759205329309 ], [ 127.906153265259519, 36.046092236604949 ], [ 127.909506831426114, 36.049660963165756 ], [ 127.909962015685437, 36.050066410395374 ], [ 127.910815204975805, 36.050511897752145 ], [ 127.911347915083198, 36.050744577437932 ], [ 127.912009184774519, 36.050631957024926 ], [ 127.91245967746913, 36.050628534544295 ], [ 127.915745791068176, 36.052906288517491 ], [ 127.916124265019107, 36.053549047265101 ], [ 127.91644800587963, 36.05404157004071 ], [ 127.917061762628606, 36.054402742063587 ], [ 127.919441114929654, 36.053889562299432 ], [ 127.920313384870369, 36.053689200407462 ], [ 127.921243915325888, 36.053940300412158 ], [ 127.926139022223353, 36.053257009653535 ], [ 127.928799185453101, 36.051837581655981 ], [ 127.930271052035636, 36.050793162928983 ], [ 127.931668954487677, 36.050222770343566 ] ] ] ] } },
{ "type": "Feature", "properties": { "OBJECTID": 2824, "adm_nm": "경상북도 김천시 대덕면", "adm_cd": "3703043", "adm_cd2": "4715044000", "sgg": "47150", "sido": "47", "sidonm": "경상북도", "sggnm": "김천시" }, "geometry": { "type": "MultiPolygon", "coordinates": [ [ [ [ 127.994368734004894, 35.965045160560038 ], [ 127.994166979014921, 35.964026285069544 ], [ 127.993876262773242, 35.958595426101652 ], [ 127.993949056165405, 35.956995030071461 ], [ 127.994330343898753, 35.956312717031778 ], [ 127.996444210599549, 35.956129191292334 ], [ 128.002681537944085, 35.954673724738157 ], [ 128.006279387634237, 35.953200503733562 ], [ 128.006608681574534, 35.952858670962058 ], [ 128.007292644249588, 35.951679565174722 ], [ 128.008106645378888, 35.949904306804889 ], [ 128.009525427111811, 35.944526713767324 ], [ 128.008488447554896, 35.941905491864851 ], [ 128.006293764996059, 35.9388556065038 ], [ 128.00440670302271, 35.936604188033222 ], [ 128.003579681841728, 35.935870497911829 ], [ 128.002395200804756, 35.934792114588163 ], [ 128.002488039009052, 35.933310101419771 ], [ 128.002893137034704, 35.931538324235412 ], [ 128.003017690451912, 35.931098958816882 ], [ 128.003219416012882, 35.930885660916339 ], [ 128.003751438168166, 35.930337088962794 ], [ 128.003935258735879, 35.930176850754606 ], [ 128.004119084173482, 35.930016623062215 ], [ 128.004322328990156, 35.929924225176471 ], [ 128.004525596701427, 35.929831841276325 ], [ 128.004641592741194, 35.929833634770411 ], [ 128.004741877006524, 35.92983519127614 ], [ 128.004745330157249, 35.929573062641737 ], [ 128.00414341139944, 35.926056377992076 ], [ 128.003346805612864, 35.924778267675713 ], [ 128.00255515610047, 35.923893117287363 ], [ 128.002044161621825, 35.923156755050265 ], [ 128.001759737238757, 35.922705700325245 ], [ 128.001279514046729, 35.918507797587971 ], [ 128.001276851262134, 35.91829622940363 ], [ 128.002550464005594, 35.914673196976032 ], [ 128.00343488913316, 35.912610215953109 ], [ 128.003505786434602, 35.912337575189191 ], [ 128.003341341324557, 35.911084414022419 ], [ 128.003243304796342, 35.910677144459733 ], [ 128.000570665196307, 35.90646728938011 ], [ 127.999731435197418, 35.903254830033802 ], [ 127.999632869621479, 35.90280220689403 ], [ 127.999352337773104, 35.902653388351432 ], [ 127.997476394511821, 35.901202838721474 ], [ 127.994280444862554, 35.898176141342773 ], [ 127.992214675682845, 35.893401821038019 ], [ 127.991533933384417, 35.890943712047196 ], [ 127.990843634437923, 35.887714854943766 ], [ 127.990521891013387, 35.887233830900556 ], [ 127.989615593846111, 35.8860472178607 ], [ 127.98916461002861, 35.88562770466838 ], [ 127.988774417873202, 35.885615796150567 ], [ 127.988198511169585, 35.88560541672792 ], [ 127.987824621604673, 35.885412005114382 ], [ 127.985807526511451, 35.883010189385878 ], [ 127.985373465492316, 35.882454510783418 ], [ 127.984182945584067, 35.880801615619603 ], [ 127.983991283009374, 35.880319504301347 ], [ 127.983606821191927, 35.876256769837767 ], [ 127.983581715004021, 35.875727950053488 ], [ 127.983594051275446, 35.873717576062425 ], [ 127.983739987022375, 35.873504782629858 ], [ 127.984052495720377, 35.873245263134635 ], [ 127.98427363680949, 35.873107450767293 ], [ 127.984808956008379, 35.872846098626127 ], [ 127.985232486618614, 35.872555463519021 ], [ 127.985563738964345, 35.872310892297563 ], [ 127.985947763342622, 35.870327713164642 ], [ 127.985964275834135, 35.870161325731921 ], [ 127.984799846123977, 35.86459348193754 ], [ 127.98355317575178, 35.862880599208808 ], [ 127.982481106469749, 35.861770851871896 ], [ 127.982251408451177, 35.861213471315828 ], [ 127.981814486799081, 35.858904453839955 ], [ 127.981487996433799, 35.858381277047897 ], [ 127.979892014849867, 35.85657733592258 ], [ 127.977878294432784, 35.854371823956996 ], [ 127.977633989245817, 35.854131969966708 ], [ 127.97530445205922, 35.851898764769757 ], [ 127.974705239628904, 35.85148039236433 ], [ 127.973732345296241, 35.850868558792726 ], [ 127.973267518518725, 35.850811866264252 ], [ 127.972155339787918, 35.850956895024936 ], [ 127.97192654767359, 35.850996064342574 ], [ 127.971599531472123, 35.851052071300742 ], [ 127.971284874073163, 35.851130186795039 ], [ 127.97115391766377, 35.85117144668903 ], [ 127.97085974378291, 35.851284766050206 ], [ 127.970471734046328, 35.851439037980526 ], [ 127.9691424818635, 35.852054342844035 ], [ 127.96892190634334, 35.852237494382855 ], [ 127.968554850354124, 35.852588099765363 ], [ 127.968279321968964, 35.852832164187674 ], [ 127.967745364964955, 35.853199208165663 ], [ 127.967321684769118, 35.853474677469855 ], [ 127.967100372233503, 35.853597376672155 ], [ 127.966509596931175, 35.853874198528047 ], [ 127.965475482417403, 35.854335941400365 ], [ 127.963459602391197, 35.854986932210096 ], [ 127.960999772794466, 35.857319171418993 ], [ 127.960982849479464, 35.857455346495371 ], [ 127.96094863927965, 35.857697446421035 ], [ 127.959950095797396, 35.859579659356193 ], [ 127.959618998933465, 35.859839263673258 ], [ 127.95959427180965, 35.859856999092763 ], [ 127.95921400084562, 35.860129670731375 ], [ 127.958508862127857, 35.860165526655095 ], [ 127.957634618305846, 35.860036460696989 ], [ 127.953257918143279, 35.860479305917806 ], [ 127.952276983781687, 35.860744032936189 ], [ 127.951150034656919, 35.861221502433217 ], [ 127.950834759573425, 35.861254216866591 ], [ 127.945531560614867, 35.857169643852096 ], [ 127.945230388801619, 35.856824361810354 ], [ 127.945069055133189, 35.856458194666992 ], [ 127.944925104368778, 35.856131473154647 ], [ 127.944696774167724, 35.855664703315263 ], [ 127.943182277666736, 35.854769692151002 ], [ 127.942341320524804, 35.854307713766786 ], [ 127.935714406875647, 35.854419889210661 ], [ 127.934420181916963, 35.854883380354416 ], [ 127.933385845428262, 35.855344852049924 ], [ 127.933193690550183, 35.855437702847858 ], [ 127.932813512658043, 35.855621361823502 ], [ 127.932351335185359, 35.855791219848143 ], [ 127.930555793945445, 35.856258574813118 ], [ 127.929517555634845, 35.856387514190914 ], [ 127.928885100196382, 35.856286589776602 ], [ 127.928418321863973, 35.856063466107074 ], [ 127.928251267152149, 35.855946724558535 ], [ 127.92796906400244, 35.855749518719335 ], [ 127.926517126709811, 35.855428180337995 ], [ 127.926145288709051, 35.855385693255059 ], [ 127.92607961724363, 35.855570213981586 ], [ 127.92598346635404, 35.85584038461527 ], [ 127.925848564249051, 35.85637260697996 ], [ 127.925841438225191, 35.856400730854013 ], [ 127.926050570576706, 35.856822327954021 ], [ 127.926088842610696, 35.856886534596356 ], [ 127.926221001310566, 35.857108209455426 ], [ 127.927423420640181, 35.858323258113323 ], [ 127.928310182414421, 35.857938537135077 ], [ 127.928735607856225, 35.857799230716267 ], [ 127.929795966289262, 35.857972422539504 ], [ 127.931590099318967, 35.858971241386797 ], [ 127.93192711599859, 35.859210467395137 ], [ 127.932138996215158, 35.859533531358352 ], [ 127.932153965959515, 35.859556361214011 ], [ 127.933047439547479, 35.862920057283681 ], [ 127.933126494041034, 35.863327554674072 ], [ 127.933173874673258, 35.864203843009591 ], [ 127.932854350593914, 35.865460864141859 ], [ 127.932569826358375, 35.866536225148089 ], [ 127.932537790824128, 35.866623936959627 ], [ 127.932497844394476, 35.866733281532539 ], [ 127.932006057878439, 35.867553292944805 ], [ 127.931310189036793, 35.868390006182665 ], [ 127.931207730502464, 35.868452885042714 ], [ 127.930886129631091, 35.868650245570862 ], [ 127.930608836472231, 35.868758196440858 ], [ 127.929507373483574, 35.871442048646266 ], [ 127.929373076835859, 35.877443685846472 ], [ 127.929969088514511, 35.877590229508591 ], [ 127.930262001449563, 35.87773018898784 ], [ 127.930435991355438, 35.877813342774758 ], [ 127.93049575575094, 35.8781605286364 ], [ 127.928832980989725, 35.880501060492854 ], [ 127.92811610925591, 35.881141424303777 ], [ 127.927468408895237, 35.881342906257551 ], [ 127.925798587702005, 35.881491816217618 ], [ 127.923372241791853, 35.882069711720249 ], [ 127.923309858523751, 35.88215265288504 ], [ 127.923280782925673, 35.882191317869122 ], [ 127.923166335909457, 35.88236158878798 ], [ 127.922938016715776, 35.882796981546583 ], [ 127.922251259795388, 35.884708287611488 ], [ 127.921784641201, 35.886117552639384 ], [ 127.921388291836266, 35.887178631192768 ], [ 127.919978273463457, 35.888927622780024 ], [ 127.919757845983241, 35.889140922920539 ], [ 127.919462073398918, 35.889264101867155 ], [ 127.919147376522432, 35.88935719290253 ], [ 127.918871397749811, 35.889586037763955 ], [ 127.918556251000041, 35.891251063387791 ], [ 127.918707972167184, 35.891521973010896 ], [ 127.9192872440683, 35.891819856008652 ], [ 127.919923817377367, 35.892253324478489 ], [ 127.920246557700835, 35.892855449146808 ], [ 127.919986338056319, 35.892842315120248 ], [ 127.919484320586278, 35.892800818777488 ], [ 127.913401857098549, 35.890459005965972 ], [ 127.91037749924034, 35.88976723846379 ], [ 127.902255681362917, 35.888714208420069 ], [ 127.895329014595674, 35.887209124185802 ], [ 127.893297472656727, 35.886589391950729 ], [ 127.892785915977768, 35.887348944953793 ], [ 127.890812342177668, 35.89025051605207 ], [ 127.890563834627159, 35.890510308444192 ], [ 127.890390044627182, 35.890691969689001 ], [ 127.888491645639363, 35.89202100311671 ], [ 127.886403893546898, 35.893033998594582 ], [ 127.885995264686628, 35.893037006685141 ], [ 127.885475022746974, 35.893025714286424 ], [ 127.884861910939378, 35.893015101348453 ], [ 127.883055291588903, 35.899285952466791 ], [ 127.884359791150402, 35.904672387328304 ], [ 127.884588081451795, 35.905154382433039 ], [ 127.884796462696201, 35.905515612631291 ], [ 127.886368369805453, 35.90653185429931 ], [ 127.886594157472473, 35.906672062442148 ], [ 127.886873488994539, 35.906845543491876 ], [ 127.8870896654295, 35.90701824383239 ], [ 127.887248410078527, 35.907145065254063 ], [ 127.888779494760996, 35.909491695369155 ], [ 127.888931661353382, 35.909807977584805 ], [ 127.888915951756218, 35.910065037169453 ], [ 127.88875718282182, 35.910821949756908 ], [ 127.88760998455497, 35.914578920828269 ], [ 127.886341315243115, 35.915782340470557 ], [ 127.885972923871989, 35.916072232187105 ], [ 127.884680925733718, 35.916852605128746 ], [ 127.883185538087872, 35.917725140277405 ], [ 127.88303890908989, 35.917907608810012 ], [ 127.882783991015728, 35.918378029360547 ], [ 127.882621295587484, 35.918787333532514 ], [ 127.882227610859232, 35.920150537548501 ], [ 127.882415398045524, 35.920354949925766 ], [ 127.882434508632869, 35.920375750278964 ], [ 127.88267840565841, 35.920585572517489 ], [ 127.883055379355696, 35.921066484788703 ], [ 127.88326598213996, 35.921624194261632 ], [ 127.883497000309049, 35.922347990313128 ], [ 127.883576886804491, 35.922709942892922 ], [ 127.883653535296872, 35.923057240322755 ], [ 127.883710744687619, 35.923351379286899 ], [ 127.883791493675503, 35.923766617040663 ], [ 127.883780131312449, 35.92441665339998 ], [ 127.883651469089855, 35.924740331278109 ], [ 127.88356839908748, 35.924949298024224 ], [ 127.883472804076789, 35.925189756104167 ], [ 127.883287048306144, 35.925606800697743 ], [ 127.883128313387644, 35.925963154156385 ], [ 127.882910721957629, 35.926233889924177 ], [ 127.882651464616714, 35.926556798399965 ], [ 127.882618298630959, 35.926642253085717 ], [ 127.882398784805019, 35.927207912504642 ], [ 127.882218827273803, 35.927738254337967 ], [ 127.882298021729639, 35.928089813311573 ], [ 127.882375196056728, 35.928432394211619 ], [ 127.882410913262049, 35.928536531423283 ], [ 127.882465190789858, 35.928694775750458 ], [ 127.882509646420729, 35.928824378696945 ], [ 127.883092569572327, 35.929439814019972 ], [ 127.88489029434615, 35.930666015466862 ], [ 127.885079691870629, 35.930738480852867 ], [ 127.885394214827556, 35.93085879786797 ], [ 127.885961478157199, 35.930951284468328 ], [ 127.886902298934842, 35.931104641004701 ], [ 127.887479217847812, 35.931175958540948 ], [ 127.888465299326455, 35.931274481089226 ], [ 127.88894229746451, 35.931362046111808 ], [ 127.889415053673829, 35.931448836800882 ], [ 127.890403003580488, 35.931713601063045 ], [ 127.891523067362641, 35.932158731936262 ], [ 127.893128524677138, 35.932796764543887 ], [ 127.893624942099848, 35.932997543887524 ], [ 127.894192703756573, 35.933227188690545 ], [ 127.895800420329806, 35.93406163151414 ], [ 127.896174811353944, 35.934300685818705 ], [ 127.896460041776592, 35.934872919446924 ], [ 127.896786763081224, 35.935517190769588 ], [ 127.897629808979531, 35.93642101229895 ], [ 127.898621604683896, 35.937018205600644 ], [ 127.899724570164864, 35.937584314786903 ], [ 127.900336370331033, 35.937887567536499 ], [ 127.904190995270028, 35.939727330570058 ], [ 127.906281641607066, 35.940512676811124 ], [ 127.90646446605308, 35.940566870426842 ], [ 127.910072593419002, 35.945320757494244 ], [ 127.910299956375383, 35.945696911401015 ], [ 127.911161289581017, 35.947866901211377 ], [ 127.911315702233367, 35.948364530421038 ], [ 127.911395413044318, 35.948832482502766 ], [ 127.911457833508194, 35.949374566988382 ], [ 127.911466519096194, 35.949450092656321 ], [ 127.91193999870012, 35.949312007691582 ], [ 127.912554747303489, 35.949428276532323 ], [ 127.912909297068978, 35.94954649700184 ], [ 127.913059216919649, 35.949651156683139 ], [ 127.913117751076754, 35.949892556443956 ], [ 127.913215547386798, 35.950315009953812 ], [ 127.913370506726835, 35.950857973762794 ], [ 127.913803406253024, 35.951323241080793 ], [ 127.916663857984673, 35.952737362536354 ], [ 127.91927000726308, 35.953049975497862 ], [ 127.919733309678165, 35.952925532005167 ], [ 127.919881654561863, 35.952894154271654 ], [ 127.920128721118715, 35.952987228552253 ], [ 127.920387569048444, 35.953237923677115 ], [ 127.921677840597084, 35.95549523798725 ], [ 127.92193035625732, 35.95643042354385 ], [ 127.92200856295149, 35.956762342426607 ], [ 127.922179203884852, 35.957048207308716 ], [ 127.922610424577172, 35.957362313054936 ], [ 127.92570384924106, 35.959590616009841 ], [ 127.929628653073209, 35.962946004752759 ], [ 127.93253847753526, 35.96375479273685 ], [ 127.934193916393824, 35.963817487961634 ], [ 127.935125572472302, 35.963991625209616 ], [ 127.938194043555441, 35.965630332816801 ], [ 127.938852399304622, 35.966275122592549 ], [ 127.939269796423176, 35.966982256000797 ], [ 127.942847113131791, 35.966047368018152 ], [ 127.943477956991543, 35.965936603094384 ], [ 127.943663581317011, 35.965912471991459 ], [ 127.94384923107954, 35.965888348621874 ], [ 127.944611454158249, 35.965882360620384 ], [ 127.945151309077218, 35.965938570470421 ], [ 127.945470055246801, 35.966162775492222 ], [ 127.94573230008001, 35.966326989403271 ], [ 127.947783426923181, 35.966824721068022 ], [ 127.948434119425755, 35.966819587393367 ], [ 127.949027594120949, 35.966693980970874 ], [ 127.94961961733749, 35.966447474633824 ], [ 127.952717514432493, 35.96430691017968 ], [ 127.953040529177372, 35.96333701454607 ], [ 127.953019210788923, 35.963110455749067 ], [ 127.95278979553926, 35.96258326049503 ], [ 127.952822627882, 35.962220253341911 ], [ 127.952914842135698, 35.96215906597677 ], [ 127.953007064055996, 35.962097886626019 ], [ 127.953506461310582, 35.961882308898083 ], [ 127.95409843352887, 35.96163578513837 ], [ 127.954302002321512, 35.961558594904162 ], [ 127.957447131519388, 35.961820754752665 ], [ 127.958692857689016, 35.963367646982576 ], [ 127.960778846024269, 35.965210073195649 ], [ 127.960965115433964, 35.965238808287168 ], [ 127.963885854913727, 35.96538170647073 ], [ 127.964201529302386, 35.965348933728485 ], [ 127.965815602042412, 35.965063909345261 ], [ 127.967566966447649, 35.965367226470981 ], [ 127.969094943629344, 35.967168659247179 ], [ 127.969320795211786, 35.967393567626594 ], [ 127.969442747167164, 35.967483268531915 ], [ 127.969564702709292, 35.967572966592172 ], [ 127.971657031022872, 35.968891192339669 ], [ 127.97201820237666, 35.969029333757021 ], [ 127.972222738784495, 35.969033954798164 ], [ 127.972675341617929, 35.969044174805241 ], [ 127.973045068266416, 35.968869888585665 ], [ 127.973410233030648, 35.968322798429234 ], [ 127.973542245372784, 35.967969065410649 ], [ 127.973870208483916, 35.967422284687025 ], [ 127.974483727252988, 35.966913487958855 ], [ 127.976674990490451, 35.9656865324135 ], [ 127.98067056839146, 35.965039328636799 ], [ 127.983547134001867, 35.965116589595979 ], [ 127.987079533515484, 35.965865614887434 ], [ 127.98773376807047, 35.966222443826254 ], [ 127.988070532058643, 35.966430979023031 ], [ 127.988895586592506, 35.967088248266414 ], [ 127.989608525320008, 35.967686065831828 ], [ 127.989757041470085, 35.967684843097757 ], [ 127.990479704070978, 35.967573254556676 ], [ 127.991218291984723, 35.967250214438778 ], [ 127.992803628952672, 35.966346698330845 ], [ 127.994368734004894, 35.965045160560038 ] ] ] ] } },
{ "type": "Feature", "properties": { "OBJECTID": 2825, "adm_nm": "경상북도 김천시 증산면", "adm_cd": "3703044", "adm_cd2": "4715045000", "sgg": "47150", "sido": "47", "sidonm": "경상북도", "sggnm": "김천시" }, "geometry": { "type": "MultiPolygon", "coordinates": [ [ [ [ 128.051568645833669, 35.938175224556332 ], [ 128.050948610459415, 35.937203129618595 ], [ 128.049559276733049, 35.935004046961431 ], [ 128.049033551108295, 35.934097547593453 ], [ 128.048564892447274, 35.933532226684072 ], [ 128.048247671436314, 35.933383138020673 ], [ 128.047884140166218, 35.933262942207861 ], [ 128.047390922779812, 35.933048955393531 ], [ 128.046810249779128, 35.93239920462721 ], [ 128.04674962962207, 35.932228888762019 ], [ 128.047051194165022, 35.927642436058569 ], [ 128.047061115297936, 35.92750950784999 ], [ 128.047210548916524, 35.926445276760532 ], [ 128.047747214482484, 35.92552954317901 ], [ 128.047804452484371, 35.925443633422049 ], [ 128.049130734417218, 35.921550529665886 ], [ 128.048766980135838, 35.920082695765302 ], [ 128.048809040827223, 35.919731177783987 ], [ 128.049079928099019, 35.919026529513431 ], [ 128.049378398998073, 35.918644318424271 ], [ 128.050449710899841, 35.917999112538666 ], [ 128.050843815136716, 35.917786870442676 ], [ 128.051180050382925, 35.917613126605055 ], [ 128.051435342093725, 35.917497000296621 ], [ 128.051806965459519, 35.917351417542882 ], [ 128.052576263805491, 35.916822695793066 ], [ 128.053973517089503, 35.91567162536176 ], [ 128.054549190403122, 35.915068689470687 ], [ 128.054729964654513, 35.914759838382579 ], [ 128.054806023954939, 35.914629863898625 ], [ 128.055291434964744, 35.91338237077948 ], [ 128.055286524735237, 35.913012308017578 ], [ 128.055247975287102, 35.91274690458031 ], [ 128.0551918642293, 35.912035633039125 ], [ 128.055251648186243, 35.911702936054844 ], [ 128.055438482354447, 35.910828193425267 ], [ 128.056230451015551, 35.909815277961236 ], [ 128.056369116377596, 35.90970965837959 ], [ 128.056612575071398, 35.909584124459819 ], [ 128.056844859373854, 35.909496681948134 ], [ 128.05736509764904, 35.909558550189324 ], [ 128.057610202419312, 35.90955639524239 ], [ 128.05780823755839, 35.909526175438145 ], [ 128.05843619548213, 35.909349811542398 ], [ 128.058784050892058, 35.909175945464369 ], [ 128.05949612936061, 35.908742589828442 ], [ 128.05994510018445, 35.908273617999463 ], [ 128.060309606835773, 35.907596607053655 ], [ 128.060400430742021, 35.907405967467461 ], [ 128.060398407152235, 35.90725414474236 ], [ 128.060349068915997, 35.907055295636447 ], [ 128.060242015914213, 35.906904388514661 ], [ 128.059059547762729, 35.905757000215679 ], [ 128.058521986396812, 35.905268215268386 ], [ 128.058298733007007, 35.905156299781652 ], [ 128.058041100262102, 35.90509214336403 ], [ 128.057621092719558, 35.905105330116136 ], [ 128.057353293074215, 35.905155130582187 ], [ 128.057084248503031, 35.905110050537601 ], [ 128.056705010773101, 35.904676829186428 ], [ 128.056780563705843, 35.903774577837289 ], [ 128.057285930618804, 35.902280171388348 ], [ 128.058141600661884, 35.901238173192077 ], [ 128.059134728789843, 35.900441735804222 ], [ 128.06045991797609, 35.89960441151819 ], [ 128.060668577514718, 35.899498162688481 ], [ 128.061934742868289, 35.899050450998665 ], [ 128.062722429343467, 35.899043493501679 ], [ 128.063073402959702, 35.899106807500218 ], [ 128.063890770825054, 35.899137533227673 ], [ 128.06402927380185, 35.899022437840962 ], [ 128.065015347988549, 35.897704038502766 ], [ 128.065160182439541, 35.897190279439933 ], [ 128.065007342386508, 35.896669666874459 ], [ 128.064729048636792, 35.895931878797178 ], [ 128.064922344843865, 35.894677438814355 ], [ 128.065149361109064, 35.89376436982004 ], [ 128.06671984527847, 35.890343413156003 ], [ 128.067672578903853, 35.886984857701705 ], [ 128.070901118643633, 35.880626076424548 ], [ 128.07208188949005, 35.879495709330648 ], [ 128.072428441712361, 35.879236372505439 ], [ 128.072696001779889, 35.879177036921668 ], [ 128.076564501785214, 35.876622852898606 ], [ 128.077423511016377, 35.875820382860738 ], [ 128.078867282641284, 35.874644358197536 ], [ 128.081102138518332, 35.872937796851474 ], [ 128.08162438499815, 35.872787735389942 ], [ 128.086558737611682, 35.872452483595993 ], [ 128.087299511634995, 35.872600860298036 ], [ 128.087337688096568, 35.872573448977761 ], [ 128.087393900201789, 35.872532156801761 ], [ 128.087392047944718, 35.872396473460363 ], [ 128.086894729820102, 35.871751588737936 ], [ 128.077530102020631, 35.8614646801513 ], [ 128.0770884433486, 35.861168424810486 ], [ 128.076513993053311, 35.858769868377692 ], [ 128.076232892067395, 35.856921097490527 ], [ 128.076298490694001, 35.855602341977139 ], [ 128.076033701896876, 35.85451917138495 ], [ 128.075282329984333, 35.854012189531339 ], [ 128.074536812614753, 35.853189408587582 ], [ 128.074472146289452, 35.853118023277581 ], [ 128.072936884483738, 35.850127089092709 ], [ 128.07342004250475, 35.84885304841282 ], [ 128.073854671727105, 35.847957459813806 ], [ 128.076133678670345, 35.84515536175077 ], [ 128.076755499630082, 35.844451963810137 ], [ 128.078291702286208, 35.843546486519273 ], [ 128.078440636055944, 35.843108989728179 ], [ 128.078656188392529, 35.840112094256639 ], [ 128.078712831521472, 35.838928761995469 ], [ 128.078248631785527, 35.839160050815764 ], [ 128.077415222421337, 35.8391251448462 ], [ 128.077143859471562, 35.839076734836844 ], [ 128.076229509881074, 35.838830724541126 ], [ 128.075209290484537, 35.838839845117228 ], [ 128.074121961904183, 35.838891927147905 ], [ 128.072262391336665, 35.8395863495494 ], [ 128.071511742843484, 35.840287821172971 ], [ 128.071485300386769, 35.840308770374861 ], [ 128.071295395528296, 35.840459204382768 ], [ 128.070408242959388, 35.840687410441888 ], [ 128.065099006933394, 35.837633419120074 ], [ 128.064444448580218, 35.837222339359343 ], [ 128.063928300830526, 35.836898170459811 ], [ 128.063504891009558, 35.836376575489822 ], [ 128.061454756701124, 35.83448826707037 ], [ 128.059190778392832, 35.833737180183491 ], [ 128.056453918226509, 35.833266797356721 ], [ 128.055302390365426, 35.833356184726441 ], [ 128.05466218419636, 35.833361801723505 ], [ 128.053249150808909, 35.832789525083562 ], [ 128.052844125696879, 35.832471113084416 ], [ 128.051963032950709, 35.831182454871623 ], [ 128.051864386106843, 35.830864821978679 ], [ 128.05173472127629, 35.830447292713465 ], [ 128.051699372986747, 35.830134097067564 ], [ 128.051332876145523, 35.829578111623 ], [ 128.050839418804969, 35.829260458866358 ], [ 128.049976088399973, 35.829318804665185 ], [ 128.047592394389739, 35.829737815528098 ], [ 128.042596424479854, 35.831018279050276 ], [ 128.041521671675241, 35.831629149633045 ], [ 128.040071483750523, 35.832590667950633 ], [ 128.039705565088525, 35.832982061955576 ], [ 128.039496474361528, 35.833205689511033 ], [ 128.038343936139313, 35.833842644241791 ], [ 128.031616506861752, 35.835713737099141 ], [ 128.031432482021643, 35.835725391914572 ], [ 128.030997544804137, 35.835752925455147 ], [ 128.029567842525211, 35.835494033425093 ], [ 128.028275751086085, 35.83500518945155 ], [ 128.027695543895419, 35.834688983364131 ], [ 128.027510358160328, 35.834588057183602 ], [ 128.025541372786506, 35.833274604307995 ], [ 128.024688289255636, 35.832917527271199 ], [ 128.023605123517171, 35.832884393584237 ], [ 128.022271608566427, 35.833206781017111 ], [ 128.021752489546344, 35.833332261213222 ], [ 128.021278846626558, 35.833336299145813 ], [ 128.019827194656528, 35.832984262564537 ], [ 128.014724465767728, 35.830832880416679 ], [ 128.013969697716988, 35.830424073659358 ], [ 128.012671864520513, 35.82946907632482 ], [ 128.012236488133397, 35.828969915029738 ], [ 128.01214365603775, 35.828863478116588 ], [ 128.01192537967475, 35.828890721474743 ], [ 128.011058554215566, 35.829084416369248 ], [ 128.008412509786808, 35.831004570506082 ], [ 128.007957343625634, 35.832059037383033 ], [ 128.006869966498726, 35.833754274636334 ], [ 128.00612782379369, 35.834345112944213 ], [ 128.004501555300692, 35.835417832804637 ], [ 128.004284252896696, 35.83550128613394 ], [ 128.004118186639232, 35.835565060247106 ], [ 128.002132280924087, 35.836191691525649 ], [ 128.000775950693424, 35.836380898450898 ], [ 128.000101820347453, 35.836589859199684 ], [ 127.997991942988207, 35.837444977221551 ], [ 127.997407109468483, 35.837754595131983 ], [ 127.996869478380987, 35.838573090873844 ], [ 127.996792607776783, 35.839343765004507 ], [ 127.996461454836222, 35.84053456422761 ], [ 127.994638339104327, 35.842419401331369 ], [ 127.99338455860881, 35.84353016606395 ], [ 127.99307015577655, 35.844030072418185 ], [ 127.992097942958964, 35.845575879916801 ], [ 127.991706839204696, 35.846591163126298 ], [ 127.991695966526251, 35.84669658743934 ], [ 127.991629633214728, 35.847339841626507 ], [ 127.991236885856594, 35.848223111119687 ], [ 127.989099629968621, 35.850286814655554 ], [ 127.988219060717995, 35.851372090877319 ], [ 127.987388838413182, 35.854195061715025 ], [ 127.985366259445556, 35.85739079539308 ], [ 127.983675654028175, 35.858284669387658 ], [ 127.981814486799081, 35.858904453839955 ], [ 127.982251408451177, 35.861213471315828 ], [ 127.982481106469749, 35.861770851871896 ], [ 127.98355317575178, 35.862880599208808 ], [ 127.984799846123977, 35.86459348193754 ], [ 127.985964275834135, 35.870161325731921 ], [ 127.985947763342622, 35.870327713164642 ], [ 127.985563738964345, 35.872310892297563 ], [ 127.985232486618614, 35.872555463519021 ], [ 127.984808956008379, 35.872846098626127 ], [ 127.98427363680949, 35.873107450767293 ], [ 127.984052495720377, 35.873245263134635 ], [ 127.983739987022375, 35.873504782629858 ], [ 127.983594051275446, 35.873717576062425 ], [ 127.983581715004021, 35.875727950053488 ], [ 127.983606821191927, 35.876256769837767 ], [ 127.983991283009374, 35.880319504301347 ], [ 127.984182945584067, 35.880801615619603 ], [ 127.985373465492316, 35.882454510783418 ], [ 127.985807526511451, 35.883010189385878 ], [ 127.987824621604673, 35.885412005114382 ], [ 127.988198511169585, 35.88560541672792 ], [ 127.988774417873202, 35.885615796150567 ], [ 127.98916461002861, 35.88562770466838 ], [ 127.989615593846111, 35.8860472178607 ], [ 127.990521891013387, 35.887233830900556 ], [ 127.990843634437923, 35.887714854943766 ], [ 127.991533933384417, 35.890943712047196 ], [ 127.992214675682845, 35.893401821038019 ], [ 127.994280444862554, 35.898176141342773 ], [ 127.997476394511821, 35.901202838721474 ], [ 127.999352337773104, 35.902653388351432 ], [ 127.999632869621479, 35.90280220689403 ], [ 127.999731435197418, 35.903254830033802 ], [ 128.000570665196307, 35.90646728938011 ], [ 128.003243304796342, 35.910677144459733 ], [ 128.003341341324557, 35.911084414022419 ], [ 128.003505786434602, 35.912337575189191 ], [ 128.00343488913316, 35.912610215953109 ], [ 128.002550464005594, 35.914673196976032 ], [ 128.001276851262134, 35.91829622940363 ], [ 128.001279514046729, 35.918507797587971 ], [ 128.001759737238757, 35.922705700325245 ], [ 128.002044161621825, 35.923156755050265 ], [ 128.00255515610047, 35.923893117287363 ], [ 128.003346805612864, 35.924778267675713 ], [ 128.00414341139944, 35.926056377992076 ], [ 128.004745330157249, 35.929573062641737 ], [ 128.004741877006524, 35.92983519127614 ], [ 128.005113720051554, 35.930619792883441 ], [ 128.005456959053021, 35.930987034263552 ], [ 128.006370450803757, 35.931207156739887 ], [ 128.007148604454073, 35.931342997775978 ], [ 128.008677232090207, 35.93127325020145 ], [ 128.009348865123684, 35.931296094267061 ], [ 128.01217730646286, 35.931984096234054 ], [ 128.015392631501612, 35.932792118448511 ], [ 128.016206933168519, 35.933012993734579 ], [ 128.018159512757933, 35.933679790894381 ], [ 128.01899949385421, 35.934536283573024 ], [ 128.019726867303149, 35.935716407443458 ], [ 128.019858941020829, 35.935999999458389 ], [ 128.020862775105144, 35.936428030086205 ], [ 128.021109154089061, 35.936520839993229 ], [ 128.02264738457248, 35.936735529541217 ], [ 128.023161814386953, 35.936788097361521 ], [ 128.024235562409984, 35.936750485038978 ], [ 128.025252613846135, 35.936390671227514 ], [ 128.025844880971192, 35.93613887369947 ], [ 128.026571992114498, 35.935933379047022 ], [ 128.027493836922588, 35.935887549321407 ], [ 128.028077954101803, 35.935911005619744 ], [ 128.028859016773453, 35.936264960888977 ], [ 128.02924207709583, 35.936992446824021 ], [ 128.029495239892896, 35.938508732689009 ], [ 128.030099109016362, 35.939604415090756 ], [ 128.030630173151565, 35.940036411215075 ], [ 128.032336741749617, 35.940619681347208 ], [ 128.035078776475132, 35.940909278319253 ], [ 128.035393398840426, 35.940859131814946 ], [ 128.036146637485729, 35.940416081916666 ], [ 128.036574258959547, 35.940205822508261 ], [ 128.036782373706473, 35.940104981328886 ], [ 128.038868700084095, 35.940069902143115 ], [ 128.0395411581151, 35.94014951858594 ], [ 128.040114744671598, 35.940258441507659 ], [ 128.040617056001537, 35.940273058949408 ], [ 128.043264545292118, 35.939585791176803 ], [ 128.043427384791812, 35.939536929878017 ], [ 128.044196708517347, 35.938989308382325 ], [ 128.044716873831845, 35.938586202762444 ], [ 128.046245184640185, 35.938041445349029 ], [ 128.046361565746878, 35.938011967415854 ], [ 128.048252882990226, 35.938432034354001 ], [ 128.049648384295807, 35.938884892205444 ], [ 128.049999900201584, 35.938976707642887 ], [ 128.050667977884899, 35.938724149388584 ], [ 128.051004063191726, 35.938531395119767 ], [ 128.051568645833669, 35.938175224556332 ] ] ] ] } },
{ "type": "Feature", "properties": { "OBJECTID": 2826, "adm_nm": "경상북도 김천시 양금동", "adm_cd": "3703055", "adm_cd2": "4715056500", "sgg": "47150", "sido": "47", "sidonm": "경상북도", "sggnm": "김천시" }, "geometry": { "type": "MultiPolygon", "coordinates": [ [ [ [ 128.129445137374574, 36.116238063925302 ], [ 128.127541367657528, 36.114643744684479 ], [ 128.126275638423493, 36.113425286044418 ], [ 128.126136642943237, 36.113291477165816 ], [ 128.125565908455627, 36.112097954863906 ], [ 128.125427876445656, 36.111809288869502 ], [ 128.124828597559031, 36.105699877515121 ], [ 128.125024011032423, 36.102885981630244 ], [ 128.125266915173711, 36.099387867534183 ], [ 128.125300862779568, 36.098898876492974 ], [ 128.124935166638409, 36.09719838439117 ], [ 128.124463073834079, 36.096017460801562 ], [ 128.122059863234654, 36.091548906130591 ], [ 128.121611811860589, 36.090148961430941 ], [ 128.121101794606233, 36.088547911861291 ], [ 128.120816812339257, 36.084840706257737 ], [ 128.120950092730823, 36.083577453690232 ], [ 128.121263707845117, 36.080604825056625 ], [ 128.119562308210021, 36.076723629429914 ], [ 128.118275843624247, 36.080188515453756 ], [ 128.117991688240863, 36.080824548315661 ], [ 128.116385124081319, 36.082303669063606 ], [ 128.113883705458903, 36.083412702450239 ], [ 128.113199644093385, 36.083649372904212 ], [ 128.112675795995557, 36.083777622226364 ], [ 128.11254381479506, 36.083737721913423 ], [ 128.10959655389334, 36.08189775667622 ], [ 128.106641972147031, 36.080247002695117 ], [ 128.104891496772382, 36.079399434951625 ], [ 128.104017479993018, 36.079061999490499 ], [ 128.102320344114446, 36.078411316630373 ], [ 128.101575027159129, 36.08005507187746 ], [ 128.099975917491378, 36.082092189597162 ], [ 128.100234093574642, 36.084664482591485 ], [ 128.10015734617275, 36.084961304682686 ], [ 128.09909409945783, 36.088466966833721 ], [ 128.098502647092999, 36.088826096610262 ], [ 128.098321951669249, 36.088918225671335 ], [ 128.097946583878269, 36.088822963626235 ], [ 128.094487198549274, 36.088681830234592 ], [ 128.092121085877579, 36.088645805005811 ], [ 128.091767292833822, 36.088649024858775 ], [ 128.091555481098055, 36.088683840589376 ], [ 128.089745527574451, 36.089391258962507 ], [ 128.089373678118562, 36.089550919248886 ], [ 128.08886405524774, 36.089983273315724 ], [ 128.087305250858918, 36.091313531421413 ], [ 128.087138375732479, 36.091676972539155 ], [ 128.086559838646878, 36.092981872517377 ], [ 128.084910957721206, 36.097331758500424 ], [ 128.084854597445457, 36.09764483977424 ], [ 128.085581287949907, 36.099760497656803 ], [ 128.085422206474306, 36.100586251871896 ], [ 128.085280875480521, 36.100709172847161 ], [ 128.085279130150724, 36.101317895308888 ], [ 128.08545405323207, 36.101538408211717 ], [ 128.088084243988305, 36.103102140338905 ], [ 128.088908937463344, 36.103514169737579 ], [ 128.093010374706694, 36.105434590053626 ], [ 128.097207173937107, 36.1069262597508 ], [ 128.097793812582552, 36.10693735260233 ], [ 128.100870162873093, 36.106382717374835 ], [ 128.101149137683848, 36.106084019421047 ], [ 128.10128724555679, 36.10583597894626 ], [ 128.101309223931167, 36.105808780278416 ], [ 128.101595383785224, 36.105454783897571 ], [ 128.101958434263395, 36.105385634408918 ], [ 128.102352851815908, 36.105390239887299 ], [ 128.105696489744275, 36.105877685307114 ], [ 128.106578306115182, 36.106234781546824 ], [ 128.107496858400111, 36.106634298242462 ], [ 128.110086370942838, 36.108015230071217 ], [ 128.111589485983529, 36.10859175284029 ], [ 128.116526518508437, 36.112349699526128 ], [ 128.116895054584916, 36.112667075967572 ], [ 128.117378303780868, 36.113230135133215 ], [ 128.117850846932043, 36.114418350259406 ], [ 128.118374170189554, 36.115911512810143 ], [ 128.121373008289225, 36.117503811146548 ], [ 128.121649225574799, 36.117565940840393 ], [ 128.121767670988248, 36.117617706805795 ], [ 128.122562198065623, 36.118068484325768 ], [ 128.122747594175422, 36.119077358238997 ], [ 128.126162306655431, 36.117530952650512 ], [ 128.129445137374574, 36.116238063925302 ] ] ] ] } },
{ "type": "Feature", "properties": { "OBJECTID": 2827, "adm_nm": "경상북도 김천시 대신동", "adm_cd": "3703056", "adm_cd2": "4715057500", "sgg": "47150", "sido": "47", "sidonm": "경상북도", "sggnm": "김천시" }, "geometry": { "type": "MultiPolygon", "coordinates": [ [ [ [ 128.149407898550635, 36.155927747070358 ], [ 128.149980182716121, 36.154729473738534 ], [ 128.15031916072661, 36.153778968394597 ], [ 128.150245790320838, 36.153390280692584 ], [ 128.149503714732674, 36.15224246226061 ], [ 128.148686447630894, 36.151820451797043 ], [ 128.148582052688511, 36.151536701430999 ], [ 128.148553387534463, 36.151458774000638 ], [ 128.148377147462099, 36.150206791917768 ], [ 128.148416884185309, 36.150052634606084 ], [ 128.148570912093589, 36.149625597119915 ], [ 128.148715194437102, 36.149365857718834 ], [ 128.149776905419543, 36.147657612093475 ], [ 128.149876346419347, 36.147510229134504 ], [ 128.150308844390366, 36.147007909944854 ], [ 128.151475773142323, 36.145854274667641 ], [ 128.152728019822007, 36.144225480025888 ], [ 128.154595726775341, 36.141026464909928 ], [ 128.155461638031682, 36.139360491936692 ], [ 128.156235417168176, 36.13776404575583 ], [ 128.153772336419109, 36.137112102935035 ], [ 128.149466320121206, 36.13472724002817 ], [ 128.148299753450829, 36.134075952976808 ], [ 128.147213638137259, 36.133531944001625 ], [ 128.146146418458869, 36.133040590338013 ], [ 128.145084209988141, 36.132551551332504 ], [ 128.142658119646597, 36.131509477243192 ], [ 128.139945764671921, 36.130492397703925 ], [ 128.138159916792063, 36.129933526873636 ], [ 128.137585905035934, 36.129753667537244 ], [ 128.136601902749334, 36.12935725095975 ], [ 128.134710497400363, 36.128371659897333 ], [ 128.134008138827113, 36.127985374489803 ], [ 128.133270397117911, 36.127564043585387 ], [ 128.132783354842672, 36.127215999643241 ], [ 128.132732251590767, 36.127150517141416 ], [ 128.132497907589084, 36.126850206035748 ], [ 128.132424322343979, 36.126672676517146 ], [ 128.132366629555378, 36.126203305200782 ], [ 128.132341294141298, 36.125782075730889 ], [ 128.130834215881862, 36.12635123318023 ], [ 128.129014371019991, 36.127419676635171 ], [ 128.127334830088017, 36.12849857314027 ], [ 128.125291119716991, 36.129943815309844 ], [ 128.124929707714415, 36.130267667745137 ], [ 128.124569807387417, 36.130455448029217 ], [ 128.124241317307849, 36.130592932393775 ], [ 128.124193685849491, 36.130612862536921 ], [ 128.123696337148147, 36.130693990713389 ], [ 128.123435593746734, 36.130722552644066 ], [ 128.123323223105928, 36.130734861325791 ], [ 128.12323063293988, 36.130744998808908 ], [ 128.122843672113504, 36.130768861755548 ], [ 128.122441631951261, 36.130710363318492 ], [ 128.122325060202115, 36.130693386839326 ], [ 128.121139520135102, 36.130275833281004 ], [ 128.118235497350639, 36.129013525254692 ], [ 128.117844256981158, 36.128994140022357 ], [ 128.116127733135244, 36.12929383175701 ], [ 128.115303813395855, 36.129550338460739 ], [ 128.115059856209456, 36.129649825247398 ], [ 128.114245016948388, 36.13012557414352 ], [ 128.112844624083237, 36.130994359868872 ], [ 128.111866429023763, 36.131590803152271 ], [ 128.111714372271791, 36.131676369605209 ], [ 128.111577916251719, 36.131738972846136 ], [ 128.111190135023236, 36.131894068420159 ], [ 128.110309593994828, 36.132177269772889 ], [ 128.110247113114639, 36.132196879671334 ], [ 128.110073491252393, 36.132244350360793 ], [ 128.109888100663056, 36.132281892354136 ], [ 128.109678784580495, 36.132313311649547 ], [ 128.109411106787348, 36.132328522691481 ], [ 128.109095595529652, 36.132330693721599 ], [ 128.108914306443609, 36.132329259701201 ], [ 128.108607099553609, 36.132303529960964 ], [ 128.108370385769376, 36.132271812074933 ], [ 128.108237505440741, 36.132254004961581 ], [ 128.107845101423322, 36.132187989664054 ], [ 128.107468804274561, 36.13209272235315 ], [ 128.106797246942875, 36.131859988207218 ], [ 128.104249048787182, 36.131013549070637 ], [ 128.103091355207653, 36.130695737360455 ], [ 128.10174113716019, 36.130348524426623 ], [ 128.097936124935359, 36.129587042988575 ], [ 128.092846374201429, 36.128390257613788 ], [ 128.091758457379143, 36.128000021626143 ], [ 128.091336976077855, 36.127869278001839 ], [ 128.091215633914487, 36.127834191404233 ], [ 128.09111936747135, 36.12781139182097 ], [ 128.090871915000974, 36.127768504766195 ], [ 128.090678956437728, 36.127741533304949 ], [ 128.090368215258479, 36.127715289946984 ], [ 128.090137260927492, 36.127706694754444 ], [ 128.089716715132255, 36.127705201128443 ], [ 128.08957188442244, 36.127712657735181 ], [ 128.089483784936419, 36.127723798254777 ], [ 128.089387133998258, 36.127743430211389 ], [ 128.089250305719276, 36.127779873696028 ], [ 128.08910072373456, 36.127833255157469 ], [ 128.08896148461875, 36.127903749487288 ], [ 128.088827820132536, 36.127983834099474 ], [ 128.088052391520165, 36.129303095779711 ], [ 128.08784685941049, 36.129659375287197 ], [ 128.087739428714116, 36.129928188774208 ], [ 128.087629200945713, 36.130180129655272 ], [ 128.08754545386634, 36.130322787744518 ], [ 128.087515922459716, 36.13036818821417 ], [ 128.087421488962633, 36.130513334645173 ], [ 128.087227019722604, 36.130690999392883 ], [ 128.086991172530702, 36.13085492397785 ], [ 128.086655175592512, 36.130994117504436 ], [ 128.086295523753279, 36.131125015223255 ], [ 128.085928003719516, 36.13125252172032 ], [ 128.085618053851306, 36.131339089783971 ], [ 128.085227399343495, 36.131431369689309 ], [ 128.08462293265498, 36.131567314250397 ], [ 128.084214189052346, 36.131619511935533 ], [ 128.082266447797991, 36.131763016571362 ], [ 128.081740668957309, 36.131762574524238 ], [ 128.079394509761244, 36.132983198296323 ], [ 128.078948761479694, 36.133205610227925 ], [ 128.078834359533005, 36.133261045615676 ], [ 128.078216044764901, 36.133543580649651 ], [ 128.078032554928853, 36.133611117736713 ], [ 128.077847639653186, 36.133669516895239 ], [ 128.076643139693516, 36.133946883442057 ], [ 128.076406291942959, 36.133994451114958 ], [ 128.07613405006876, 36.134047029050734 ], [ 128.075801933771999, 36.134099090928274 ], [ 128.075314267726725, 36.13416299282828 ], [ 128.074848373390495, 36.134208767871073 ], [ 128.070778210339341, 36.134046575636113 ], [ 128.068627950728512, 36.136781753055907 ], [ 128.068582643916926, 36.136850623752508 ], [ 128.068518206292993, 36.13696748963811 ], [ 128.06829234332676, 36.137379414180522 ], [ 128.068058473539907, 36.137837782253577 ], [ 128.068047249247627, 36.137905980804064 ], [ 128.068213879468374, 36.139806612618095 ], [ 128.068257313084359, 36.139897250412034 ], [ 128.068279025971975, 36.13994255985466 ], [ 128.068326736501177, 36.139985080921221 ], [ 128.068535789383617, 36.140182374168049 ], [ 128.068766300606029, 36.140446021801104 ], [ 128.068879256960003, 36.14061546717722 ], [ 128.068930111571092, 36.14070617674664 ], [ 128.069654543665308, 36.142481692093071 ], [ 128.06966856555681, 36.142551030134079 ], [ 128.069652368679726, 36.14266529596248 ], [ 128.069628875525325, 36.142770468202642 ], [ 128.069586160480696, 36.142932663515133 ], [ 128.069052609350535, 36.14477067674806 ], [ 128.068399077984566, 36.145776948421982 ], [ 128.068549523788676, 36.146226596265642 ], [ 128.068596235980067, 36.146353405023433 ], [ 128.068731067641693, 36.146556110460686 ], [ 128.071500122854388, 36.150135496672746 ], [ 128.071786522217479, 36.150381548633291 ], [ 128.073496383752911, 36.151821319335845 ], [ 128.074514563890006, 36.152464851782419 ], [ 128.074835530111756, 36.152527886465371 ], [ 128.075141988968227, 36.152636201266105 ], [ 128.075433800412327, 36.152801146671088 ], [ 128.07567937643887, 36.152981148757959 ], [ 128.075778340794784, 36.153079842476494 ], [ 128.077157411222515, 36.154532547235938 ], [ 128.077628296232604, 36.155335207616154 ], [ 128.07768456347543, 36.155437884072938 ], [ 128.077703787930204, 36.155496344747334 ], [ 128.077719656625845, 36.155699140132171 ], [ 128.077700872465215, 36.155792247082942 ], [ 128.077577196065789, 36.156158974027321 ], [ 128.077404448336466, 36.156656261090724 ], [ 128.077340969982458, 36.156883563822795 ], [ 128.077312356621263, 36.157062695945015 ], [ 128.077334933654583, 36.157209945636374 ], [ 128.077389359502263, 36.157377181629421 ], [ 128.078804950655297, 36.161385995583274 ], [ 128.078870277625498, 36.165813060040101 ], [ 128.078971176114777, 36.166355509517864 ], [ 128.07906336174733, 36.166696994761267 ], [ 128.079153819227457, 36.16690215870819 ], [ 128.079265308378865, 36.167107494901494 ], [ 128.07939595610361, 36.167278895698509 ], [ 128.081859538288683, 36.171101388928776 ], [ 128.08227663104293, 36.172235721679648 ], [ 128.086223220006588, 36.170973875969558 ], [ 128.088580133741459, 36.171277917817186 ], [ 128.088849082522813, 36.171271202263341 ], [ 128.088981665405527, 36.171257949994079 ], [ 128.089286498382364, 36.171185757368406 ], [ 128.089344854213209, 36.171165363674611 ], [ 128.091493087669477, 36.170353129799317 ], [ 128.091942703141967, 36.170146139560963 ], [ 128.092387969583172, 36.169848112196043 ], [ 128.092730177245642, 36.169582173056824 ], [ 128.092884343427215, 36.169452931075575 ], [ 128.093085213864953, 36.169257195129404 ], [ 128.093152689721023, 36.169146995678844 ], [ 128.093226888944798, 36.168922885769696 ], [ 128.093246612401089, 36.16885289415665 ], [ 128.093295568429454, 36.168590214563778 ], [ 128.09451088168143, 36.166188226269966 ], [ 128.095768969089931, 36.163770507246824 ], [ 128.099526527244763, 36.159849096629898 ], [ 128.099575214642158, 36.159812274052278 ], [ 128.099834439559288, 36.159639020349516 ], [ 128.100028547853412, 36.159536141439347 ], [ 128.102962618242657, 36.158432994121497 ], [ 128.103040878768724, 36.15841923085754 ], [ 128.10758534744906, 36.155676603404345 ], [ 128.109458083838462, 36.153826070807 ], [ 128.109521426389534, 36.153765028644202 ], [ 128.109674596123568, 36.153635083049743 ], [ 128.110304121810856, 36.153230496572476 ], [ 128.110349430092839, 36.153210390858241 ], [ 128.110390142394266, 36.153205737776574 ], [ 128.110455920418985, 36.153222277794534 ], [ 128.110613282913789, 36.153303677537615 ], [ 128.11076308092575, 36.15340960911476 ], [ 128.111754665131627, 36.154225504040227 ], [ 128.112032770633931, 36.154535688463618 ], [ 128.112099582634471, 36.154629866933952 ], [ 128.112225899470559, 36.154837039610257 ], [ 128.112306930495521, 36.154927205464368 ], [ 128.11250571643086, 36.155085596441488 ], [ 128.112561008430248, 36.155123827150987 ], [ 128.112844400598362, 36.155299253263024 ], [ 128.113743919763522, 36.155401955737098 ], [ 128.114724366605145, 36.155377180771126 ], [ 128.116037941569829, 36.155177796874909 ], [ 128.116950150276892, 36.154893107346666 ], [ 128.11720078812138, 36.154747618366677 ], [ 128.117616007664878, 36.154617719985353 ], [ 128.118619600241942, 36.154571199745796 ], [ 128.119324136210054, 36.154579599221975 ], [ 128.122666397500723, 36.15518887985548 ], [ 128.123411890630592, 36.157287065585678 ], [ 128.12274456821865, 36.15927540331478 ], [ 128.122767635568181, 36.159465812373568 ], [ 128.123213451481661, 36.160074613069966 ], [ 128.123752919015232, 36.160024871014897 ], [ 128.127877823111277, 36.158525824630175 ], [ 128.12921096576332, 36.157904390805953 ], [ 128.135661125279938, 36.155932491797373 ], [ 128.136141871972086, 36.155897417091929 ], [ 128.136320074756242, 36.155889472414501 ], [ 128.136611883756615, 36.155888495709689 ], [ 128.136755824773019, 36.15589568209149 ], [ 128.138741244363075, 36.156277534612514 ], [ 128.141411054988708, 36.156804176004229 ], [ 128.14368997066137, 36.157383341123499 ], [ 128.143954155285059, 36.157483662786312 ], [ 128.144056338700437, 36.157496686110967 ], [ 128.144128343090671, 36.157497204868221 ], [ 128.144257418817148, 36.157476601476311 ], [ 128.144481523156315, 36.157428988976072 ], [ 128.148307014365088, 36.156425876505018 ], [ 128.149407898550635, 36.155927747070358 ] ] ] ] } },
{ "type": "Feature", "properties": { "OBJECTID": 2828, "adm_nm": "경상북도 김천시 대곡동", "adm_cd": "3703058", "adm_cd2": "4715059500", "sgg": "47150", "sido": "47", "sidonm": "경상북도", "sggnm": "김천시" }, "geometry": { "type": "MultiPolygon", "coordinates": [ [ [ [ 128.103091355207653, 36.130695737360455 ], [ 128.103632341811959, 36.129350222453027 ], [ 128.103740521136132, 36.12919461711698 ], [ 128.104237440696608, 36.128499367503643 ], [ 128.104323487167477, 36.12840629095367 ], [ 128.105012522537521, 36.12772708472113 ], [ 128.105268583774119, 36.127607110704211 ], [ 128.107735155613256, 36.124023597295803 ], [ 128.109817301156056, 36.11923180395528 ], [ 128.108919354717926, 36.116123894482875 ], [ 128.108794224829921, 36.116030906899461 ], [ 128.108718851319196, 36.115841465277903 ], [ 128.108556563758327, 36.114629614874893 ], [ 128.108524279163419, 36.112938156286781 ], [ 128.108884241655801, 36.111797736867452 ], [ 128.108958505101384, 36.111609836346567 ], [ 128.109396914075433, 36.110579629985963 ], [ 128.110000825276217, 36.109166556809399 ], [ 128.110080889360802, 36.108784475470067 ], [ 128.110109906799039, 36.108416730105553 ], [ 128.110086370942838, 36.108015230071217 ], [ 128.107496858400111, 36.106634298242462 ], [ 128.106578306115182, 36.106234781546824 ], [ 128.105696489744275, 36.105877685307114 ], [ 128.102352851815908, 36.105390239887299 ], [ 128.101958434263395, 36.105385634408918 ], [ 128.101595383785224, 36.105454783897571 ], [ 128.101309223931167, 36.105808780278416 ], [ 128.10128724555679, 36.10583597894626 ], [ 128.101149137683848, 36.106084019421047 ], [ 128.100870162873093, 36.106382717374835 ], [ 128.097793812582552, 36.10693735260233 ], [ 128.097207173937107, 36.1069262597508 ], [ 128.093010374706694, 36.105434590053626 ], [ 128.088908937463344, 36.103514169737579 ], [ 128.088084243988305, 36.103102140338905 ], [ 128.08545405323207, 36.101538408211717 ], [ 128.085279130150724, 36.101317895308888 ], [ 128.085280875480521, 36.100709172847161 ], [ 128.085422206474306, 36.100586251871896 ], [ 128.084583413435098, 36.1004412075727 ], [ 128.084010212432304, 36.100264700424617 ], [ 128.081791882045337, 36.099557908515997 ], [ 128.080918469398028, 36.099202360355676 ], [ 128.080239411518932, 36.098542230210043 ], [ 128.078682013965789, 36.097163203583698 ], [ 128.077958325511474, 36.096866875299476 ], [ 128.075468312467279, 36.096243145659159 ], [ 128.075280428077605, 36.096327217280653 ], [ 128.074009890022012, 36.096660000848829 ], [ 128.070618563996561, 36.097275793106647 ], [ 128.069526542548942, 36.097265347161759 ], [ 128.067836846997949, 36.097098700510912 ], [ 128.067512927814619, 36.097000633659469 ], [ 128.065415621413479, 36.09605019010133 ], [ 128.06461621233268, 36.0956535080444 ], [ 128.064337280129251, 36.095936925781125 ], [ 128.064029350470577, 36.096318815012651 ], [ 128.063885020862841, 36.096531921369298 ], [ 128.063856448016423, 36.096716493768326 ], [ 128.063836582297881, 36.097001540815469 ], [ 128.063903774888587, 36.097173459852257 ], [ 128.064075376378838, 36.097442618071902 ], [ 128.064362807433042, 36.097676511225046 ], [ 128.064850829737537, 36.098237372279719 ], [ 128.064960354433026, 36.098456477425927 ], [ 128.065020438846318, 36.098673876335738 ], [ 128.065052547021224, 36.099024944385462 ], [ 128.064983354448458, 36.100133108511365 ], [ 128.064909241060747, 36.100263764859442 ], [ 128.064290093584532, 36.101302020550918 ], [ 128.06411999034907, 36.101462710591399 ], [ 128.062834221407002, 36.102257378291178 ], [ 128.062070493749616, 36.102693291123785 ], [ 128.061601975301784, 36.102987115649221 ], [ 128.059783182327635, 36.104385218719408 ], [ 128.059119632078847, 36.105100651937143 ], [ 128.059100560827716, 36.105241619531007 ], [ 128.059150207312712, 36.105450174148359 ], [ 128.059287816104842, 36.105739659184785 ], [ 128.059403712763867, 36.105957595328853 ], [ 128.059552521719326, 36.106186984398029 ], [ 128.059701951025005, 36.106364938786548 ], [ 128.05977782747442, 36.1064729380115 ], [ 128.059806734429998, 36.106589507849343 ], [ 128.059485862054117, 36.107599360244464 ], [ 128.059406669139577, 36.107812511072254 ], [ 128.059355781170609, 36.10788031914803 ], [ 128.059301691303887, 36.107952386716491 ], [ 128.05760949838043, 36.110139470920316 ], [ 128.057480311448359, 36.110291237455336 ], [ 128.057298528294723, 36.110484871952963 ], [ 128.057088925197093, 36.110641701136927 ], [ 128.056866369687867, 36.110746784451941 ], [ 128.056551488375106, 36.110819565876767 ], [ 128.056191891947009, 36.110879861841745 ], [ 128.055931381575789, 36.110906963883075 ], [ 128.055754594171532, 36.110934689476274 ], [ 128.055505380290327, 36.111017711830684 ], [ 128.055375696322272, 36.111108970793481 ], [ 128.055329612820628, 36.111210575266746 ], [ 128.055276477953697, 36.11136059396496 ], [ 128.055279176696359, 36.112576561164524 ], [ 128.055344051767634, 36.113028070429493 ], [ 128.055729796286869, 36.114190596933071 ], [ 128.055854269223374, 36.114535752184359 ], [ 128.056745334928252, 36.11634942794327 ], [ 128.057256758038136, 36.117293636992926 ], [ 128.057403987938727, 36.11750665777884 ], [ 128.058173206585622, 36.118831642675822 ], [ 128.058391303427527, 36.119364900809813 ], [ 128.058445293183297, 36.119542521256264 ], [ 128.05902812718162, 36.121849064588304 ], [ 128.057582125861614, 36.122617220516467 ], [ 128.058009499490169, 36.123207495013723 ], [ 128.058104743942067, 36.123315835665046 ], [ 128.062690116417059, 36.125898517539468 ], [ 128.06597653799102, 36.128402313808479 ], [ 128.067470626607303, 36.129326527231527 ], [ 128.069148909731581, 36.13043693681454 ], [ 128.070027817664311, 36.130572537226335 ], [ 128.07060146001507, 36.130666567775677 ], [ 128.071454488414901, 36.130850475713089 ], [ 128.071706482525315, 36.130927089650342 ], [ 128.074460178877359, 36.131925986035938 ], [ 128.074757458758313, 36.132983190295953 ], [ 128.074866961732937, 36.133411836389385 ], [ 128.074871139534281, 36.133565595486679 ], [ 128.074848373390495, 36.134208767871073 ], [ 128.075314267726725, 36.13416299282828 ], [ 128.075801933771999, 36.134099090928274 ], [ 128.07613405006876, 36.134047029050734 ], [ 128.076406291942959, 36.133994451114958 ], [ 128.076643139693516, 36.133946883442057 ], [ 128.077847639653186, 36.133669516895239 ], [ 128.078032554928853, 36.133611117736713 ], [ 128.078216044764901, 36.133543580649651 ], [ 128.078834359533005, 36.133261045615676 ], [ 128.078948761479694, 36.133205610227925 ], [ 128.079394509761244, 36.132983198296323 ], [ 128.081740668957309, 36.131762574524238 ], [ 128.082266447797991, 36.131763016571362 ], [ 128.084214189052346, 36.131619511935533 ], [ 128.08462293265498, 36.131567314250397 ], [ 128.085227399343495, 36.131431369689309 ], [ 128.085618053851306, 36.131339089783971 ], [ 128.085928003719516, 36.13125252172032 ], [ 128.086295523753279, 36.131125015223255 ], [ 128.086655175592512, 36.130994117504436 ], [ 128.086991172530702, 36.13085492397785 ], [ 128.087227019722604, 36.130690999392883 ], [ 128.087421488962633, 36.130513334645173 ], [ 128.087515922459716, 36.13036818821417 ], [ 128.08754545386634, 36.130322787744518 ], [ 128.087629200945713, 36.130180129655272 ], [ 128.087739428714116, 36.129928188774208 ], [ 128.08784685941049, 36.129659375287197 ], [ 128.088052391520165, 36.129303095779711 ], [ 128.088827820132536, 36.127983834099474 ], [ 128.08896148461875, 36.127903749487288 ], [ 128.08910072373456, 36.127833255157469 ], [ 128.089250305719276, 36.127779873696028 ], [ 128.089387133998258, 36.127743430211389 ], [ 128.089483784936419, 36.127723798254777 ], [ 128.08957188442244, 36.127712657735181 ], [ 128.089716715132255, 36.127705201128443 ], [ 128.090137260927492, 36.127706694754444 ], [ 128.090368215258479, 36.127715289946984 ], [ 128.090678956437728, 36.127741533304949 ], [ 128.090871915000974, 36.127768504766195 ], [ 128.09111936747135, 36.12781139182097 ], [ 128.091215633914487, 36.127834191404233 ], [ 128.091336976077855, 36.127869278001839 ], [ 128.091758457379143, 36.128000021626143 ], [ 128.092846374201429, 36.128390257613788 ], [ 128.097936124935359, 36.129587042988575 ], [ 128.10174113716019, 36.130348524426623 ], [ 128.103091355207653, 36.130695737360455 ] ] ] ] } },
{ "type": "Feature", "properties": { "OBJECTID": 2829, "adm_nm": "경상북도 김천시 지좌동", "adm_cd": "3703059", "adm_cd2": "4715061000", "sgg": "47150", "sido": "47", "sidonm": "경상북도", "sggnm": "김천시" }, "geometry": { "type": "MultiPolygon", "coordinates": [ [ [ [ 128.147515983592371, 36.098356059260809 ], [ 128.146047123034549, 36.099103879884346 ], [ 128.142832364716753, 36.105101960460694 ], [ 128.142570890222999, 36.106366351747937 ], [ 128.140991060354963, 36.10635676675075 ], [ 128.140708460629639, 36.106354730673225 ], [ 128.140539056592615, 36.106338240839413 ], [ 128.140504345436398, 36.106321012755608 ], [ 128.140445355269719, 36.106291723536927 ], [ 128.140076378525066, 36.105571046287743 ], [ 128.140041702320929, 36.105295805492474 ], [ 128.140025378396473, 36.105066528305727 ], [ 128.139917999236985, 36.104546322194892 ], [ 128.139661751523647, 36.10385698720475 ], [ 128.139587395437076, 36.103764791983906 ], [ 128.134081848821239, 36.100932126399215 ], [ 128.133659802943697, 36.100807640936971 ], [ 128.127965429844778, 36.100599868936087 ], [ 128.127837942686057, 36.100620372293982 ], [ 128.125703805977963, 36.101071832869408 ], [ 128.125268708683194, 36.101798921721418 ], [ 128.125024011032423, 36.102885981630244 ], [ 128.124828597559031, 36.105699877515121 ], [ 128.125427876445656, 36.111809288869502 ], [ 128.125565908455627, 36.112097954863906 ], [ 128.126136642943237, 36.113291477165816 ], [ 128.126275638423493, 36.113425286044418 ], [ 128.127541367657528, 36.114643744684479 ], [ 128.129445137374574, 36.116238063925302 ], [ 128.129290140416089, 36.117190942780347 ], [ 128.129960473415451, 36.117902923794638 ], [ 128.130613828688155, 36.118596851810182 ], [ 128.131022168870459, 36.119314282328368 ], [ 128.131334528762522, 36.120289750368762 ], [ 128.131431794825204, 36.120593507710957 ], [ 128.131576290042062, 36.121514167555532 ], [ 128.132341294141298, 36.125782075730889 ], [ 128.132366629555378, 36.126203305200782 ], [ 128.132424322343979, 36.126672676517146 ], [ 128.132497907589084, 36.126850206035748 ], [ 128.132732251590767, 36.127150517141416 ], [ 128.132783354842672, 36.127215999643241 ], [ 128.133270397117911, 36.127564043585387 ], [ 128.134008138827113, 36.127985374489803 ], [ 128.134710497400363, 36.128371659897333 ], [ 128.136601902749334, 36.12935725095975 ], [ 128.137585905035934, 36.129753667537244 ], [ 128.138159916792063, 36.129933526873636 ], [ 128.139945764671921, 36.130492397703925 ], [ 128.142658119646597, 36.131509477243192 ], [ 128.145084209988141, 36.132551551332504 ], [ 128.146146418458869, 36.133040590338013 ], [ 128.147213638137259, 36.133531944001625 ], [ 128.148299753450829, 36.134075952976808 ], [ 128.149466320121206, 36.13472724002817 ], [ 128.153772336419109, 36.137112102935035 ], [ 128.156235417168176, 36.13776404575583 ], [ 128.164657729159956, 36.139836723733112 ], [ 128.164553900770329, 36.138603455427884 ], [ 128.163271113802551, 36.137775916535098 ], [ 128.161159102898154, 36.136253245055535 ], [ 128.160794123497766, 36.135944235217082 ], [ 128.160705455442468, 36.135843127179669 ], [ 128.160406023194213, 36.13548182221713 ], [ 128.16032056322004, 36.135370706055603 ], [ 128.159009350990118, 36.132967590145213 ], [ 128.159007308136012, 36.132869609454687 ], [ 128.159015021415797, 36.13272648556044 ], [ 128.159121653823689, 36.132594103040446 ], [ 128.159510908844851, 36.132221292798683 ], [ 128.15965778840021, 36.132086693041572 ], [ 128.15990767002441, 36.131869891559617 ], [ 128.160309423366414, 36.130471088409223 ], [ 128.160493999310575, 36.129417289077338 ], [ 128.159449300294312, 36.123884837565264 ], [ 128.158698652361181, 36.123406621753105 ], [ 128.158290472376876, 36.122822262634116 ], [ 128.157647168729966, 36.121867960459632 ], [ 128.157420954364625, 36.120653677646494 ], [ 128.157382123836896, 36.119813481786764 ], [ 128.157382993534583, 36.119731994193316 ], [ 128.15738350346146, 36.119684261105689 ], [ 128.157616332730328, 36.11952439011749 ], [ 128.158076957978324, 36.119370946997314 ], [ 128.162125596991473, 36.120855455591801 ], [ 128.163237471807633, 36.121218598118062 ], [ 128.1628331819295, 36.120266009631692 ], [ 128.162466307521271, 36.118056613961251 ], [ 128.16238497703992, 36.1174616422486 ], [ 128.162477771704232, 36.116986916733332 ], [ 128.162801733349113, 36.116498130981384 ], [ 128.163217330500913, 36.115635279065096 ], [ 128.16392106965472, 36.113994574606359 ], [ 128.164588307912567, 36.11198509172668 ], [ 128.162429520885865, 36.112667766038122 ], [ 128.159827154098906, 36.113491716164617 ], [ 128.159665793967292, 36.113308330632066 ], [ 128.158235249647532, 36.110931272974923 ], [ 128.157435348282149, 36.109037966097304 ], [ 128.157592194894505, 36.106913870581991 ], [ 128.157749686885268, 36.104805060175984 ], [ 128.155477577348847, 36.098856067803659 ], [ 128.154863870471445, 36.098877565591174 ], [ 128.153220298597233, 36.099092083934458 ], [ 128.152093091039148, 36.099445908186496 ], [ 128.150818352940462, 36.099771103525981 ], [ 128.150475155744004, 36.09982682822757 ], [ 128.150260046131791, 36.09982529202486 ], [ 128.149903067794554, 36.099680617764911 ], [ 128.147515983592371, 36.098356059260809 ] ] ] ] } },
{ "type": "Feature", "properties": { "OBJECTID": 2830, "adm_nm": "경상북도 김천시 자산동", "adm_cd": "3703060", "adm_cd2": "4715051600", "sgg": "47150", "sido": "47", "sidonm": "경상북도", "sggnm": "김천시" }, "geometry": { "type": "MultiPolygon", "coordinates": [ [ [ [ 128.132341294141298, 36.125782075730889 ], [ 128.131576290042062, 36.121514167555532 ], [ 128.131431794825204, 36.120593507710957 ], [ 128.131334528762522, 36.120289750368762 ], [ 128.131022168870459, 36.119314282328368 ], [ 128.130613828688155, 36.118596851810182 ], [ 128.129960473415451, 36.117902923794638 ], [ 128.129290140416089, 36.117190942780347 ], [ 128.129445137374574, 36.116238063925302 ], [ 128.126162306655431, 36.117530952650512 ], [ 128.122747594175422, 36.119077358238997 ], [ 128.119696792456836, 36.120502237874106 ], [ 128.117769585548302, 36.121605518240536 ], [ 128.118037188093638, 36.12680626819462 ], [ 128.11815145240476, 36.128406163171022 ], [ 128.118235497350639, 36.129013525254692 ], [ 128.121139520135102, 36.130275833281004 ], [ 128.122325060202115, 36.130693386839326 ], [ 128.122441631951261, 36.130710363318492 ], [ 128.122843672113504, 36.130768861755548 ], [ 128.12323063293988, 36.130744998808908 ], [ 128.123323223105928, 36.130734861325791 ], [ 128.123435593746734, 36.130722552644066 ], [ 128.123696337148147, 36.130693990713389 ], [ 128.124193685849491, 36.130612862536921 ], [ 128.124241317307849, 36.130592932393775 ], [ 128.124569807387417, 36.130455448029217 ], [ 128.124929707714415, 36.130267667745137 ], [ 128.125291119716991, 36.129943815309844 ], [ 128.127334830088017, 36.12849857314027 ], [ 128.129014371019991, 36.127419676635171 ], [ 128.130834215881862, 36.12635123318023 ], [ 128.132341294141298, 36.125782075730889 ] ] ] ] } },
{ "type": "Feature", "properties": { "OBJECTID": 2831, "adm_nm": "경상북도 김천시 평화남산동", "adm_cd": "3703061", "adm_cd2": "4715053600", "sgg": "47150", "sido": "47", "sidonm": "경상북도", "sggnm": "김천시" }, "geometry": { "type": "MultiPolygon", "coordinates": [ [ [ [ 128.118235497350639, 36.129013525254692 ], [ 128.11815145240476, 36.128406163171022 ], [ 128.118037188093638, 36.12680626819462 ], [ 128.117769585548302, 36.121605518240536 ], [ 128.119696792456836, 36.120502237874106 ], [ 128.122747594175422, 36.119077358238997 ], [ 128.122562198065623, 36.118068484325768 ], [ 128.121767670988248, 36.117617706805795 ], [ 128.121649225574799, 36.117565940840393 ], [ 128.121373008289225, 36.117503811146548 ], [ 128.118374170189554, 36.115911512810143 ], [ 128.117850846932043, 36.114418350259406 ], [ 128.117378303780868, 36.113230135133215 ], [ 128.116895054584916, 36.112667075967572 ], [ 128.116526518508437, 36.112349699526128 ], [ 128.111589485983529, 36.10859175284029 ], [ 128.110086370942838, 36.108015230071217 ], [ 128.110109906799039, 36.108416730105553 ], [ 128.110080889360802, 36.108784475470067 ], [ 128.110000825276217, 36.109166556809399 ], [ 128.109396914075433, 36.110579629985963 ], [ 128.108958505101384, 36.111609836346567 ], [ 128.108884241655801, 36.111797736867452 ], [ 128.108524279163419, 36.112938156286781 ], [ 128.108556563758327, 36.114629614874893 ], [ 128.108718851319196, 36.115841465277903 ], [ 128.108794224829921, 36.116030906899461 ], [ 128.108919354717926, 36.116123894482875 ], [ 128.109817301156056, 36.11923180395528 ], [ 128.107735155613256, 36.124023597295803 ], [ 128.105268583774119, 36.127607110704211 ], [ 128.105012522537521, 36.12772708472113 ], [ 128.104323487167477, 36.12840629095367 ], [ 128.104237440696608, 36.128499367503643 ], [ 128.103740521136132, 36.12919461711698 ], [ 128.103632341811959, 36.129350222453027 ], [ 128.103091355207653, 36.130695737360455 ], [ 128.104249048787182, 36.131013549070637 ], [ 128.106797246942875, 36.131859988207218 ], [ 128.107468804274561, 36.13209272235315 ], [ 128.107845101423322, 36.132187989664054 ], [ 128.108237505440741, 36.132254004961581 ], [ 128.108370385769376, 36.132271812074933 ], [ 128.108607099553609, 36.132303529960964 ], [ 128.108914306443609, 36.132329259701201 ], [ 128.109095595529652, 36.132330693721599 ], [ 128.109411106787348, 36.132328522691481 ], [ 128.109678784580495, 36.132313311649547 ], [ 128.109888100663056, 36.132281892354136 ], [ 128.110073491252393, 36.132244350360793 ], [ 128.110247113114639, 36.132196879671334 ], [ 128.110309593994828, 36.132177269772889 ], [ 128.111190135023236, 36.131894068420159 ], [ 128.111577916251719, 36.131738972846136 ], [ 128.111714372271791, 36.131676369605209 ], [ 128.111866429023763, 36.131590803152271 ], [ 128.112844624083237, 36.130994359868872 ], [ 128.114245016948388, 36.13012557414352 ], [ 128.115059856209456, 36.129649825247398 ], [ 128.115303813395855, 36.129550338460739 ], [ 128.116127733135244, 36.12929383175701 ], [ 128.117844256981158, 36.128994140022357 ], [ 128.118235497350639, 36.129013525254692 ] ] ] ] } },
{ "type": "Feature", "properties": { "OBJECTID": 2832, "adm_nm": "경상북도 김천시 율곡동", "adm_cd": "3703062", "adm_cd2": "4715064000", "sgg": "47150", "sido": "47", "sidonm": "경상북도", "sggnm": "김천시" }, "geometry": { "type": "MultiPolygon", "coordinates": [ [ [ [ 128.177490820975436, 36.115067907873723 ], [ 128.173366474953127, 36.116484261414072 ], [ 128.172278785290644, 36.119123406901537 ], [ 128.171079435219639, 36.123703296994151 ], [ 128.174999571679251, 36.124807079275136 ], [ 128.177347880677701, 36.130646218872648 ], [ 128.177642085979699, 36.131501611100589 ], [ 128.180753794341342, 36.131592824542516 ], [ 128.181808953093253, 36.131147078679163 ], [ 128.202552950146867, 36.131117870860699 ], [ 128.20272001476755, 36.127290661920973 ], [ 128.201339961312016, 36.125430968870695 ], [ 128.199995976819849, 36.124164930499653 ], [ 128.198846936204887, 36.123138012007374 ], [ 128.19351632596323, 36.119801741648004 ], [ 128.192931349710193, 36.119435590680204 ], [ 128.191888369665691, 36.118782748294038 ], [ 128.190150703318636, 36.117857084200146 ], [ 128.187833802548994, 36.117435197494537 ], [ 128.18471615424005, 36.117453057442845 ], [ 128.186352990969397, 36.113813121265437 ], [ 128.186556866903231, 36.113240002370553 ], [ 128.186051798858813, 36.112984488619176 ], [ 128.18544770895835, 36.112906343749806 ], [ 128.18464449817651, 36.113060541062268 ], [ 128.183623529167647, 36.113436283095673 ], [ 128.177477894915796, 36.115175886604895 ], [ 128.177490820975436, 36.115067907873723 ] ] ] ] } }
]
}
