{
"type": "FeatureCollection",
"name": "gyeongjushi",
"crs": { "type": "name", "properties": { "name": "urn:ogc:def:crs:OGC:1.3:CRS84" } },
"features": [
{ "type": "Feature", "properties": { "OBJECTID": 2788, "adm_nm": "경상북도 경주시 감포읍", "adm_cd": "3702011", "adm_cd2": "4713025000", "sgg": "47130", "sido": "47", "sidonm": "경상북도", "sggnm": "경주시" }, "geometry": { "type": "MultiPolygon", "coordinates": [ [ [ [ 129.518259306401262, 35.841936131215455 ], [ 129.518350292538884, 35.841557268324074 ], [ 129.518738702640775, 35.840662509458291 ], [ 129.519276556201476, 35.839425620366363 ], [ 129.519926157629129, 35.838681846593396 ], [ 129.519965007866659, 35.838642991163219 ], [ 129.520485414657344, 35.838122506676939 ], [ 129.520788424295716, 35.837568532389469 ], [ 129.520463158099631, 35.837418899689034 ], [ 129.518418016719806, 35.836601203351947 ], [ 129.516519081896831, 35.835337131911267 ], [ 129.515261211374622, 35.834072873630099 ], [ 129.514696142698938, 35.833432768101765 ], [ 129.514583610531048, 35.8329135861662 ], [ 129.514737995523035, 35.832727810491704 ], [ 129.514609031991967, 35.831687427473192 ], [ 129.511857567052459, 35.827773539261472 ], [ 129.510931252467657, 35.826854116146492 ], [ 129.510030445824384, 35.824708533864353 ], [ 129.509640416651422, 35.823517121940881 ], [ 129.509753999263808, 35.822949264349084 ], [ 129.510028061366285, 35.821579331450828 ], [ 129.510928421043644, 35.819641510840789 ], [ 129.512782532320728, 35.81746442575497 ], [ 129.513188985528643, 35.817142990582539 ], [ 129.513835204082426, 35.817312025362334 ], [ 129.514264626705028, 35.816703277139105 ], [ 129.514399273141493, 35.815892065022254 ], [ 129.513550247034715, 35.814371276385224 ], [ 129.511886740873678, 35.814458191905246 ], [ 129.51152826821567, 35.814267770961351 ], [ 129.511023315213691, 35.813495995245582 ], [ 129.510602213915519, 35.812344212216018 ], [ 129.510386227293537, 35.811579585441763 ], [ 129.510460968860599, 35.810900020958933 ], [ 129.511002035726847, 35.81078440477058 ], [ 129.513138391940544, 35.808418904233925 ], [ 129.513186826337545, 35.807922410069345 ], [ 129.512544396878582, 35.806742405864973 ], [ 129.511994536180651, 35.80627775234899 ], [ 129.511385360634137, 35.80630060975021 ], [ 129.509874917373935, 35.806531283788708 ], [ 129.50956783965583, 35.806954924117605 ], [ 129.508844515300524, 35.807387259608284 ], [ 129.506225374018101, 35.808667517293841 ], [ 129.5055937282728, 35.808597319951346 ], [ 129.504749539229522, 35.808045385230535 ], [ 129.503853553482315, 35.807412992939518 ], [ 129.50362243158358, 35.807012712123935 ], [ 129.503329648759291, 35.806119389367346 ], [ 129.503314113009168, 35.805508677332924 ], [ 129.503349866852545, 35.80529196447867 ], [ 129.503435987135248, 35.804769973010401 ], [ 129.504850579598951, 35.804680280029487 ], [ 129.506724759837937, 35.806205833865718 ], [ 129.507089340213696, 35.805877616686125 ], [ 129.503416402826389, 35.801143113432701 ], [ 129.503024014919959, 35.800890524240216 ], [ 129.501811462092775, 35.801046133944872 ], [ 129.501425578356674, 35.801077485883873 ], [ 129.500948633584954, 35.801116230179424 ], [ 129.500371016447872, 35.800794067272641 ], [ 129.499993257251987, 35.800583360053082 ], [ 129.499710737717947, 35.800005085600397 ], [ 129.499513996568766, 35.799602380263458 ], [ 129.499459935211775, 35.798899425829831 ], [ 129.499469101320187, 35.798169066429551 ], [ 129.499954418286251, 35.797298429167263 ], [ 129.500780290263322, 35.797072635467401 ], [ 129.501213804991124, 35.796594219222108 ], [ 129.501611285877829, 35.793944449662625 ], [ 129.501568658922366, 35.793606327848828 ], [ 129.501390629380239, 35.793036337861793 ], [ 129.498294846071332, 35.790336499805719 ], [ 129.496213205878945, 35.790353635556791 ], [ 129.495759896233068, 35.791223619831335 ], [ 129.495583297348475, 35.791722756906282 ], [ 129.494878187481191, 35.791711309716142 ], [ 129.494133733761743, 35.791465961490793 ], [ 129.493249829175738, 35.790858436218528 ], [ 129.493138605528657, 35.790671984410693 ], [ 129.49257376154489, 35.789725061926028 ], [ 129.492131571567398, 35.788899741508338 ], [ 129.491835414946763, 35.786595684806436 ], [ 129.491976236772501, 35.784949877200035 ], [ 129.492071737425391, 35.783904806715377 ], [ 129.492172132726722, 35.783016103934649 ], [ 129.492897851633188, 35.780612623493752 ], [ 129.494716638148532, 35.777315244008115 ], [ 129.496872438621409, 35.773533731561642 ], [ 129.496416683136346, 35.771248370761072 ], [ 129.495110843377773, 35.770454243847588 ], [ 129.494388023477654, 35.769869464843929 ], [ 129.494265966309371, 35.769037513256997 ], [ 129.494261603581293, 35.768972795366594 ], [ 129.494206300599728, 35.768152112346861 ], [ 129.494356285547525, 35.765775960019255 ], [ 129.494633726532669, 35.765431188083575 ], [ 129.494917959546427, 35.764277895829508 ], [ 129.494753606097191, 35.762090794522251 ], [ 129.494270400683263, 35.759947069327424 ], [ 129.493939822407697, 35.759614916857856 ], [ 129.493462261213779, 35.759703041493957 ], [ 129.49347283194632, 35.76004184257912 ], [ 129.493747537324566, 35.760635937563336 ], [ 129.493493974409375, 35.76071942123771 ], [ 129.492067226273377, 35.760149195454211 ], [ 129.491838337649085, 35.759997473524919 ], [ 129.491629270736638, 35.759454172692138 ], [ 129.491598396413735, 35.758463871560842 ], [ 129.492040521652456, 35.756212044933072 ], [ 129.492562049805372, 35.754454047494768 ], [ 129.492963405838992, 35.753976330776617 ], [ 129.49343768586877, 35.753783962600721 ], [ 129.493435357966945, 35.751656344407436 ], [ 129.492022905322813, 35.750512116341454 ], [ 129.489911790832906, 35.748521777728342 ], [ 129.488183899861497, 35.746497402545621 ], [ 129.487476317855283, 35.745364618958817 ], [ 129.486849775443403, 35.744777789434664 ], [ 129.485870088354574, 35.745189208720845 ], [ 129.485642876877222, 35.745089573904217 ], [ 129.484724785398015, 35.743421502056371 ], [ 129.483165651742809, 35.742850672511203 ], [ 129.479637842291623, 35.743859899113545 ], [ 129.480334428176917, 35.744809320703496 ], [ 129.481111920077097, 35.745869000429067 ], [ 129.480936862494787, 35.748049075886584 ], [ 129.473267006755236, 35.755669194892626 ], [ 129.472218912682791, 35.756538713299385 ], [ 129.469104786385259, 35.75900526045897 ], [ 129.467601979592246, 35.759779038288642 ], [ 129.466531476657877, 35.763269674890765 ], [ 129.466642010170915, 35.76572655266358 ], [ 129.465682842007396, 35.770607937662795 ], [ 129.464939665308918, 35.772375655221069 ], [ 129.462546395717851, 35.773498775970644 ], [ 129.461664474493915, 35.775269303174326 ], [ 129.460243534997346, 35.777559657236537 ], [ 129.459240117227267, 35.778767353115718 ], [ 129.458625707999488, 35.779090824234459 ], [ 129.457489569621004, 35.779368443523744 ], [ 129.456609119773049, 35.780064826034149 ], [ 129.455955762339187, 35.781378388798473 ], [ 129.454778108629881, 35.783691972532615 ], [ 129.453336918754417, 35.78646316903037 ], [ 129.452454483390596, 35.787477940846721 ], [ 129.451514236724421, 35.788111494614085 ], [ 129.450243596817245, 35.788533122463662 ], [ 129.4497377443885, 35.78868204301822 ], [ 129.448935660942198, 35.791131963303151 ], [ 129.448503121456554, 35.792864975343754 ], [ 129.447232371021755, 35.794417210042063 ], [ 129.44548025995806, 35.796379844878551 ], [ 129.444137656259841, 35.797589398625497 ], [ 129.442736628250259, 35.79841930118647 ], [ 129.44216113968622, 35.798760195948397 ], [ 129.442102161120346, 35.799100581949133 ], [ 129.442783382565807, 35.800952291327661 ], [ 129.443161268971352, 35.801962186285657 ], [ 129.445115135100991, 35.804579465543512 ], [ 129.446386889897269, 35.805316778196101 ], [ 129.447877140605669, 35.805258168616902 ], [ 129.448831635155415, 35.805832318774598 ], [ 129.450399944117493, 35.807185377821988 ], [ 129.450689794079352, 35.807801053456316 ], [ 129.449645795465756, 35.812005940994638 ], [ 129.448442447459286, 35.816028822038362 ], [ 129.449325826314237, 35.816878906656342 ], [ 129.450891156807728, 35.817299926483393 ], [ 129.452054734067275, 35.817464929196149 ], [ 129.453344528949543, 35.817967010746941 ], [ 129.454032305854213, 35.818481357648537 ], [ 129.45428998024201, 35.819325333521931 ], [ 129.454907568457855, 35.822603754294953 ], [ 129.453940410830171, 35.827541590482298 ], [ 129.453739001696505, 35.828527007060771 ], [ 129.453207115237831, 35.830821325431103 ], [ 129.452989454996668, 35.831278679919222 ], [ 129.452567984742529, 35.831891172977016 ], [ 129.452472499056057, 35.832553627291091 ], [ 129.453610370408228, 35.834134483560121 ], [ 129.454558274181181, 35.834813367399562 ], [ 129.45450861067539, 35.836210888152941 ], [ 129.453910043510234, 35.837846066681159 ], [ 129.45338147228756, 35.838743807559403 ], [ 129.452776935058154, 35.838680648963042 ], [ 129.452577758680974, 35.838986656467618 ], [ 129.452874590853412, 35.843358775576576 ], [ 129.45293369357455, 35.843772763906145 ], [ 129.453900806905125, 35.844319169888294 ], [ 129.454957695787556, 35.844769366962311 ], [ 129.455462144923445, 35.845344059025678 ], [ 129.454852948245218, 35.846759915866052 ], [ 129.45819011292707, 35.846511478948493 ], [ 129.458692603518642, 35.847127433662308 ], [ 129.459289756916661, 35.847700223012666 ], [ 129.460620737559793, 35.848767508855708 ], [ 129.461890117635505, 35.84859056239717 ], [ 129.462630219312786, 35.84853764538002 ], [ 129.464162567910961, 35.848619455232857 ], [ 129.465913900460009, 35.84903645146116 ], [ 129.465993313957654, 35.849131649120729 ], [ 129.467430528936518, 35.850854714582198 ], [ 129.468105806540166, 35.85095407935048 ], [ 129.468940715608312, 35.850219824443982 ], [ 129.46971602266288, 35.849807577670475 ], [ 129.469967911249455, 35.849708031233632 ], [ 129.472440680974699, 35.849468479903599 ], [ 129.474136961963325, 35.849603408298819 ], [ 129.474743923597913, 35.849741882482121 ], [ 129.475225968106514, 35.850335849331287 ], [ 129.476558376704929, 35.851440675063003 ], [ 129.479294240713443, 35.852950588410117 ], [ 129.480081275647194, 35.852915451660216 ], [ 129.483187307381314, 35.850681109533078 ], [ 129.483775474238655, 35.850216040629526 ], [ 129.484245470797106, 35.849677940624645 ], [ 129.484591982959074, 35.848897055456625 ], [ 129.487225819017169, 35.845653317390138 ], [ 129.487652965517952, 35.845229294474692 ], [ 129.489616283514863, 35.843527972169078 ], [ 129.490371212541675, 35.843210384223916 ], [ 129.49237631148398, 35.842848000615191 ], [ 129.494828084972795, 35.84194792803482 ], [ 129.497940261991545, 35.840675507984294 ], [ 129.498917288035898, 35.840051315558988 ], [ 129.501136038496071, 35.839854197701435 ], [ 129.503878529334798, 35.840099027198022 ], [ 129.504741436626858, 35.840269764615343 ], [ 129.504794157886522, 35.84029053653957 ], [ 129.505468920761984, 35.84055652603233 ], [ 129.507326573558117, 35.840668758996458 ], [ 129.510724749989066, 35.84039024265752 ], [ 129.511088791014771, 35.840175041978121 ], [ 129.511707600645082, 35.83995452294387 ], [ 129.512774203187689, 35.839969962915781 ], [ 129.514218518921041, 35.840203969594462 ], [ 129.514709065138078, 35.840325794418263 ], [ 129.515108153781796, 35.840487271598434 ], [ 129.516359369093891, 35.841384385173917 ], [ 129.516467981380885, 35.841452970895247 ], [ 129.516771312688519, 35.841644510960663 ], [ 129.517342996865551, 35.841817754540052 ], [ 129.518020363666352, 35.841906388385503 ], [ 129.518259306401262, 35.841936131215455 ] ] ] ] } },
{ "type": "Feature", "properties": { "OBJECTID": 2789, "adm_nm": "경상북도 경주시 안강읍", "adm_cd": "3702012", "adm_cd2": "4713025300", "sgg": "47130", "sido": "47", "sidonm": "경상북도", "sggnm": "경주시" }, "geometry": { "type": "MultiPolygon", "coordinates": [ [ [ [ 129.237677560231731, 36.052761727670116 ], [ 129.237779516839282, 36.052487936982558 ], [ 129.23798954290001, 36.051923916052345 ], [ 129.238307492993954, 36.050913802497 ], [ 129.238223941756843, 36.049806812028201 ], [ 129.238021090893028, 36.049058215113412 ], [ 129.2370539335665, 36.047627302162638 ], [ 129.236530644243601, 36.047042195438657 ], [ 129.235845708209553, 36.046066604867647 ], [ 129.235361693107023, 36.04518831468279 ], [ 129.23535321651741, 36.044755950559477 ], [ 129.235388147951141, 36.043372184096619 ], [ 129.235398466443712, 36.043193836879247 ], [ 129.235409156451738, 36.043140982780692 ], [ 129.236459764637004, 36.041420040920492 ], [ 129.237020767937082, 36.040533901700933 ], [ 129.237169567755814, 36.040272729814887 ], [ 129.237316203931783, 36.040013200915155 ], [ 129.237387326689486, 36.03987272416996 ], [ 129.237415308078681, 36.039813213492224 ], [ 129.237461298919669, 36.03970347926235 ], [ 129.237514326884764, 36.03957688667677 ], [ 129.237647399813653, 36.039130797644638 ], [ 129.237709241243181, 36.038787244566009 ], [ 129.237705936759909, 36.038405817182777 ], [ 129.237650261287001, 36.037907267738902 ], [ 129.237586204529549, 36.037512763633387 ], [ 129.237537832651753, 36.037283340062764 ], [ 129.237491784989857, 36.037106743492956 ], [ 129.237441594691205, 36.036994571196182 ], [ 129.23738919572591, 36.036867541468546 ], [ 129.237360645337759, 36.036743749374644 ], [ 129.237364466792656, 36.03656870974639 ], [ 129.237374680238844, 36.036362304915031 ], [ 129.237385255471537, 36.036274767693349 ], [ 129.237561901649343, 36.035178017541455 ], [ 129.237617754224431, 36.035009479536598 ], [ 129.238569225216509, 36.032796654286592 ], [ 129.238707067276209, 36.032505772164662 ], [ 129.23914016792915, 36.031641339847567 ], [ 129.23923512599336, 36.031507418661413 ], [ 129.239354042135886, 36.031408100323617 ], [ 129.23947086058385, 36.03133356641645 ], [ 129.239778040687781, 36.031126563244811 ], [ 129.239816892644939, 36.031076947318653 ], [ 129.239924816977151, 36.030926474106273 ], [ 129.239971991268135, 36.030757951876879 ], [ 129.240000853338245, 36.030654195828944 ], [ 129.240017020420794, 36.030596052243013 ], [ 129.240059770165288, 36.030394515096852 ], [ 129.240074531055114, 36.030259088054528 ], [ 129.240078627957473, 36.0301831436282 ], [ 129.239392276187573, 36.028265807632067 ], [ 129.238715657592223, 36.026946780515317 ], [ 129.238685441161948, 36.026907247044903 ], [ 129.238667925745204, 36.026864019979634 ], [ 129.23866473047886, 36.026820836740292 ], [ 129.238934374849208, 36.019700898211021 ], [ 129.238944843749351, 36.01961684727722 ], [ 129.239001053385664, 36.019466188244138 ], [ 129.239061942263646, 36.019345875750311 ], [ 129.239136669080835, 36.019239534392064 ], [ 129.239190105661351, 36.019184571464336 ], [ 129.239274156145768, 36.01912304258768 ], [ 129.239725057946032, 36.018836228024824 ], [ 129.239801530762179, 36.01880108275774 ], [ 129.239957556511058, 36.018740075711854 ], [ 129.240066216188353, 36.018715362755344 ], [ 129.240179883381899, 36.018676612470813 ], [ 129.240302227077279, 36.018621530554498 ], [ 129.240369493614793, 36.018582892876815 ], [ 129.240392392613785, 36.01855950558781 ], [ 129.2404137007712, 36.01851277728894 ], [ 129.240424152333446, 36.018425239628932 ], [ 129.24041466463126, 36.018329569943511 ], [ 129.240398981792737, 36.018204029182378 ], [ 129.240383451426339, 36.01813637540684 ], [ 129.238793497910819, 36.01240202653532 ], [ 129.238769479887111, 36.012359622027333 ], [ 129.238706532391177, 36.012291720716 ], [ 129.238639812582704, 36.01222260931511 ], [ 129.237615434388914, 36.011221524327652 ], [ 129.236778735127047, 36.0104528560151 ], [ 129.234565495545382, 36.008657536987293 ], [ 129.234493938076014, 36.006121164589864 ], [ 129.234455842273348, 36.004770727128367 ], [ 129.234432738543745, 36.003951605221907 ], [ 129.236101466680623, 36.004049398978495 ], [ 129.236642969195515, 35.997724391993998 ], [ 129.238138030471532, 35.997797227886849 ], [ 129.240429266544254, 35.997908816532636 ], [ 129.242720501667094, 35.99802035948786 ], [ 129.243639332944525, 35.998001818501756 ], [ 129.244649970639131, 35.99745614947696 ], [ 129.244931130525345, 35.997291039317474 ], [ 129.245373604389272, 35.996979901887698 ], [ 129.245500905543025, 35.996870558495267 ], [ 129.245522799153747, 35.996832953464846 ], [ 129.245540283728275, 35.996795374743016 ], [ 129.246431933214524, 35.991880747019898 ], [ 129.246419500325885, 35.991837468436962 ], [ 129.245946159322187, 35.991044472996535 ], [ 129.245871050730869, 35.99095342941628 ], [ 129.24459849829762, 35.989653259059565 ], [ 129.244377287982928, 35.989631373483448 ], [ 129.243404575804988, 35.989588641599632 ], [ 129.242687235333648, 35.989573350667378 ], [ 129.241378863744984, 35.989513126262047 ], [ 129.24121696496664, 35.989457118581129 ], [ 129.240704734219889, 35.989251603312518 ], [ 129.239784911178702, 35.988866273452665 ], [ 129.239062208893699, 35.988542263683961 ], [ 129.238631432381425, 35.988338356439016 ], [ 129.238366991898886, 35.988208335216591 ], [ 129.238320684923877, 35.988174437830551 ], [ 129.238292004475198, 35.98815125671355 ], [ 129.238280922179058, 35.988124458067858 ], [ 129.238296161876093, 35.98807078472796 ], [ 129.23835970101922, 35.987979453023428 ], [ 129.238485845400817, 35.987851348999925 ], [ 129.23878860718898, 35.987553897840925 ], [ 129.239031156305714, 35.987354031038166 ], [ 129.243085238314052, 35.984799474705028 ], [ 129.245026617478999, 35.983601009917138 ], [ 129.24617625382615, 35.982887850141289 ], [ 129.246073158915237, 35.982631436957035 ], [ 129.245966846043729, 35.98240633335967 ], [ 129.245909850138702, 35.982293333035926 ], [ 129.245815461070976, 35.982135168992158 ], [ 129.245610649512884, 35.981891237286568 ], [ 129.245323943004252, 35.98155108259342 ], [ 129.240632294604666, 35.977271480969648 ], [ 129.239495033899658, 35.976492994368819 ], [ 129.239325949885568, 35.976414587206598 ], [ 129.23917068616899, 35.976327139629142 ], [ 129.23904584430008, 35.976237384767224 ], [ 129.237398401451372, 35.974693738726465 ], [ 129.237195716897503, 35.97448490021651 ], [ 129.237033122357502, 35.974261342192293 ], [ 129.236827178325342, 35.973885998436785 ], [ 129.23662499179602, 35.973379018769975 ], [ 129.236520048428417, 35.97299110246454 ], [ 129.236444236788429, 35.972633488214974 ], [ 129.236444540179576, 35.972267867780211 ], [ 129.236485310379436, 35.972011282010747 ], [ 129.236527704808537, 35.971839072762535 ], [ 129.23661275801345, 35.971589151406391 ], [ 129.237176050431827, 35.969735184090958 ], [ 129.238040654757668, 35.966836615289964 ], [ 129.2380625166779, 35.96674656356678 ], [ 129.238206817987646, 35.965940771172164 ], [ 129.238518439675403, 35.964172759886686 ], [ 129.238533351468476, 35.9640726095422 ], [ 129.238610353034659, 35.962857703939406 ], [ 129.237917285953813, 35.961229241334145 ], [ 129.237549578904208, 35.960531172336168 ], [ 129.237246113531171, 35.9597281845043 ], [ 129.237028615047308, 35.958907548873739 ], [ 129.236875472749887, 35.958034379048769 ], [ 129.236858165725863, 35.957543587486029 ], [ 129.236828841228942, 35.956399716928139 ], [ 129.236780120085626, 35.953963615103859 ], [ 129.236839502520269, 35.953000329964205 ], [ 129.2370083161087, 35.952207442423429 ], [ 129.237193316374658, 35.951628577570503 ], [ 129.237838018077525, 35.950414717654162 ], [ 129.238286746438405, 35.949579546918734 ], [ 129.237647678870303, 35.949140000008413 ], [ 129.237479403470957, 35.94902099854793 ], [ 129.237321843550831, 35.948888873117411 ], [ 129.237080737917495, 35.948668859049846 ], [ 129.237024126042087, 35.948606408754557 ], [ 129.23700562067296, 35.94855330857839 ], [ 129.236994711694109, 35.948500201202037 ], [ 129.237004351765847, 35.948425982263657 ], [ 129.237018557006564, 35.948384462151481 ], [ 129.237414983273993, 35.947685122782225 ], [ 129.237545515806517, 35.947462920061064 ], [ 129.238390414594932, 35.945804366063463 ], [ 129.239508591026322, 35.943601668206135 ], [ 129.239651887110114, 35.943308134880333 ], [ 129.239694509626673, 35.943189445685896 ], [ 129.240118124528749, 35.94186789718421 ], [ 129.240148086105137, 35.941706299214523 ], [ 129.240160408701541, 35.941636427662658 ], [ 129.240213887891287, 35.940212990930519 ], [ 129.240226668371747, 35.939553688196611 ], [ 129.240234068194326, 35.937844376943701 ], [ 129.240227628302961, 35.937634091702442 ], [ 129.24021928914442, 35.937542439940437 ], [ 129.240196979171515, 35.937418768501857 ], [ 129.240120780220622, 35.937242092056671 ], [ 129.24005601158089, 35.937148346737573 ], [ 129.239899220594396, 35.936966740190101 ], [ 129.239802648627006, 35.936862880626023 ], [ 129.236963815089894, 35.934037855148667 ], [ 129.236868346012528, 35.933963133499006 ], [ 129.236750217671158, 35.933873091893631 ], [ 129.236692807100724, 35.93383608691542 ], [ 129.23660295875041, 35.933797659100904 ], [ 129.23644719003957, 35.933743434737181 ], [ 129.235235051329283, 35.933517314606249 ], [ 129.234397464864372, 35.933383608625917 ], [ 129.234320432347062, 35.933369204773044 ], [ 129.232982592586239, 35.933017397869712 ], [ 129.232951227570396, 35.933008741368901 ], [ 129.232838730326108, 35.932966020377634 ], [ 129.232777733017372, 35.93292682871531 ], [ 129.232606671739546, 35.932759086388138 ], [ 129.232373996314209, 35.932491731343283 ], [ 129.232288635023622, 35.932388586175776 ], [ 129.2322171427368, 35.932282498478841 ], [ 129.232156881288347, 35.932190178237782 ], [ 129.232086236826262, 35.932067354950235 ], [ 129.231991279816157, 35.931897971511468 ], [ 129.231957050356726, 35.931828922074622 ], [ 129.231509217668673, 35.930690243285106 ], [ 129.231503639504155, 35.930619676924863 ], [ 129.231616101355854, 35.929111717373011 ], [ 129.231632223908207, 35.928960330708158 ], [ 129.231683983842402, 35.928592753567393 ], [ 129.231694538528188, 35.928529417740343 ], [ 129.231745591958969, 35.92837871879869 ], [ 129.231821237687626, 35.928219933926329 ], [ 129.231939237100704, 35.928005042978107 ], [ 129.232976203186013, 35.926459757241346 ], [ 129.233178532394078, 35.926244059418494 ], [ 129.233484779024252, 35.925956382141884 ], [ 129.238691674315277, 35.917854923335341 ], [ 129.238709901150145, 35.917455844411734 ], [ 129.238728101689532, 35.917051012622466 ], [ 129.238807829786936, 35.914201638999884 ], [ 129.238803043864294, 35.913783938754491 ], [ 129.238786028061384, 35.913402170007892 ], [ 129.23874954493661, 35.913004633320284 ], [ 129.238475040233624, 35.910903773720733 ], [ 129.237293096678201, 35.911003653158708 ], [ 129.236998407012067, 35.911001354864837 ], [ 129.236118838973425, 35.910721738645499 ], [ 129.236037484103093, 35.910658737211136 ], [ 129.235934504331226, 35.910445068956847 ], [ 129.233084662483918, 35.907977388931414 ], [ 129.228035183798994, 35.905043093967969 ], [ 129.227710413664283, 35.904999110040492 ], [ 129.227507473571222, 35.90498802867792 ], [ 129.22636436346815, 35.905069075900983 ], [ 129.226207438745035, 35.905109571378304 ], [ 129.226078779379066, 35.905160021870913 ], [ 129.222034796255201, 35.906773910078762 ], [ 129.221915944140989, 35.906836865055041 ], [ 129.221887078613662, 35.906855728776485 ], [ 129.221812622590733, 35.906904418285023 ], [ 129.221362527059085, 35.907709359115863 ], [ 129.221316399344346, 35.907870675122041 ], [ 129.221306629080232, 35.908079095000794 ], [ 129.221309272286277, 35.908285802562723 ], [ 129.221344045635476, 35.908509267681453 ], [ 129.221341599129431, 35.908745470715772 ], [ 129.22132453062045, 35.908935361624984 ], [ 129.221303072936337, 35.909033908991638 ], [ 129.221270179291253, 35.909121551955522 ], [ 129.221240227787632, 35.909144346226654 ], [ 129.221189569531759, 35.909166755860987 ], [ 129.220945512550088, 35.909243390110824 ], [ 129.212814471700511, 35.9117073501953 ], [ 129.209659732781233, 35.91257510721443 ], [ 129.207994102160171, 35.912909726208682 ], [ 129.206656620939469, 35.91286069243926 ], [ 129.206147397894284, 35.912877558903659 ], [ 129.205904274605899, 35.912923868797328 ], [ 129.205709769421702, 35.912961653504496 ], [ 129.203065463057527, 35.913517647750993 ], [ 129.201675169760051, 35.913870242041433 ], [ 129.201424944420751, 35.913978871119909 ], [ 129.201015256303407, 35.914062915092984 ], [ 129.200806236948836, 35.914097360160973 ], [ 129.200600318608707, 35.914120854800885 ], [ 129.200452285646691, 35.914116060947258 ], [ 129.197719294902555, 35.913705407560208 ], [ 129.197587960875666, 35.913670693563901 ], [ 129.197429076487225, 35.913595264981751 ], [ 129.196718983597805, 35.913143688639607 ], [ 129.196482167672173, 35.912950454631783 ], [ 129.195507862239822, 35.912299175833809 ], [ 129.194091240985045, 35.911446146825149 ], [ 129.193915167650061, 35.911341486530539 ], [ 129.193848013488576, 35.91142472515201 ], [ 129.193378675667446, 35.912322566167859 ], [ 129.190759677934039, 35.916172814799104 ], [ 129.190429644501194, 35.916626497320628 ], [ 129.190374984839167, 35.916691589709757 ], [ 129.190242874614682, 35.916826929090647 ], [ 129.185136754280506, 35.921689447150946 ], [ 129.184595296881866, 35.922083118774076 ], [ 129.180691651775646, 35.924736625792697 ], [ 129.180622045890118, 35.92475855813619 ], [ 129.180217447771355, 35.924826699107214 ], [ 129.180146785928201, 35.924838598019441 ], [ 129.179740809993831, 35.924888014826976 ], [ 129.179588982782178, 35.924903084824237 ], [ 129.174608000870535, 35.925351482976417 ], [ 129.173747048534636, 35.925354601477395 ], [ 129.173643124000847, 35.925354734476926 ], [ 129.173539195413667, 35.925346050921497 ], [ 129.173287737997157, 35.925233580732097 ], [ 129.173032822727208, 35.925107197807627 ], [ 129.172781531708011, 35.924998137236692 ], [ 129.172608955891263, 35.924930130870997 ], [ 129.172493024677067, 35.924920396654692 ], [ 129.17243796280178, 35.924917891501778 ], [ 129.172262818706969, 35.924934056017683 ], [ 129.171827980369017, 35.925045760420012 ], [ 129.167644736781483, 35.926929050484723 ], [ 129.16759345790328, 35.926957115825779 ], [ 129.167556487750687, 35.926994191923093 ], [ 129.167522725292002, 35.927042461361616 ], [ 129.166410101797595, 35.928112417821865 ], [ 129.164228936281489, 35.930206910562795 ], [ 129.162921570022718, 35.931301614675341 ], [ 129.162302326069891, 35.931542186748821 ], [ 129.157885215466678, 35.932168384472405 ], [ 129.154996444693609, 35.93120027507608 ], [ 129.15480127434455, 35.930937472965077 ], [ 129.154676004406241, 35.930792292010203 ], [ 129.15437032036678, 35.930509351795649 ], [ 129.154064622814786, 35.930226401933602 ], [ 129.153758975860455, 35.929956843046611 ], [ 129.153125149598822, 35.929499953119631 ], [ 129.15299515690279, 35.929446458912118 ], [ 129.152944838211681, 35.929449795076174 ], [ 129.15290045824139, 35.929474953769059 ], [ 129.152861260263421, 35.929510345081368 ], [ 129.15256332391715, 35.930042212578392 ], [ 129.152472957656158, 35.930220049118972 ], [ 129.152347751103889, 35.930516963097645 ], [ 129.152267841726342, 35.93078362869268 ], [ 129.152237690305867, 35.931186049319038 ], [ 129.152265061715923, 35.931487796873846 ], [ 129.152272001432635, 35.931880129439747 ], [ 129.152259934920636, 35.932039418821667 ], [ 129.152229164658877, 35.932128310747117 ], [ 129.152159287127745, 35.932240736148472 ], [ 129.151861066152662, 35.932626705537494 ], [ 129.15154835845982, 35.932992604519292 ], [ 129.149918333284973, 35.934553875192528 ], [ 129.149807184119481, 35.934656281371169 ], [ 129.149766421577255, 35.93467140794192 ], [ 129.149687636389558, 35.934671515519575 ], [ 129.149601011555518, 35.934658212103422 ], [ 129.148365350036585, 35.93432943534664 ], [ 129.145187125409223, 35.933385129974624 ], [ 129.137635724710179, 35.931313283694976 ], [ 129.137306038970195, 35.931228662303852 ], [ 129.137139719650918, 35.931198082650567 ], [ 129.136968458942619, 35.931188569451407 ], [ 129.134843716741415, 35.931662919338955 ], [ 129.134870040846295, 35.932816232775252 ], [ 129.134852807524055, 35.9329740884194 ], [ 129.134508391113457, 35.934093691815981 ], [ 129.134461968159997, 35.934211317507256 ], [ 129.132880229374848, 35.936569976287146 ], [ 129.132710391013518, 35.936807663964082 ], [ 129.132555674181958, 35.937020675684543 ], [ 129.132339235720337, 35.937279252307071 ], [ 129.13216233570202, 35.937477127252173 ], [ 129.132047024560791, 35.93755689149679 ], [ 129.131918878030774, 35.937615812853863 ], [ 129.131748735083221, 35.937673829356044 ], [ 129.13167881258488, 35.93768908577723 ], [ 129.131530731681494, 35.937702043982604 ], [ 129.131333743186701, 35.937743508415814 ], [ 129.13048989063077, 35.937921721858608 ], [ 129.130236981683339, 35.937987870661139 ], [ 129.129289464939035, 35.938242972768307 ], [ 129.12878374039002, 35.938428385622231 ], [ 129.128585676657679, 35.938525765132923 ], [ 129.128444756376183, 35.938623570626405 ], [ 129.128386541794498, 35.938684315895806 ], [ 129.128377294460307, 35.93873030013588 ], [ 129.128377392835262, 35.938793824955113 ], [ 129.128485990062785, 35.940376055255044 ], [ 129.128147642731193, 35.94395969515049 ], [ 129.127389653287167, 35.949873681911555 ], [ 129.127375739601121, 35.949929643869254 ], [ 129.127329199426526, 35.949990376343578 ], [ 129.1272697780432, 35.950026934295167 ], [ 129.126677803742155, 35.950301548760699 ], [ 129.12654029542, 35.950350035043755 ], [ 129.126237141864721, 35.950382119836981 ], [ 129.126024911950395, 35.950389439360379 ], [ 129.125959632320672, 35.950393321386649 ], [ 129.125789388839735, 35.950409128807657 ], [ 129.125597020608069, 35.950437303041213 ], [ 129.125366209916194, 35.950486355999828 ], [ 129.125233334548426, 35.950527251516107 ], [ 129.125114459839153, 35.950570531020965 ], [ 129.125035234398155, 35.950618023400793 ], [ 129.124950234022464, 35.950695847877711 ], [ 129.124910651551801, 35.950746597690561 ], [ 129.123353390028797, 35.953094424783799 ], [ 129.121144934250907, 35.956317468330788 ], [ 129.120153010751295, 35.957663943395175 ], [ 129.120040355603095, 35.95780636168093 ], [ 129.119467689554057, 35.958400544680671 ], [ 129.119421668200516, 35.958443665587644 ], [ 129.119377933408714, 35.958464315779175 ], [ 129.119253608990874, 35.958505623091149 ], [ 129.119128099580848, 35.9585197970557 ], [ 129.118920849471834, 35.958574293970202 ], [ 129.118791984373473, 35.958654948920525 ], [ 129.117775905634517, 35.960064156817538 ], [ 129.117702350285555, 35.960172852951032 ], [ 129.117619683911954, 35.9603470802343 ], [ 129.11745794186885, 35.960791988696101 ], [ 129.117351299041246, 35.961116995535221 ], [ 129.117300938031377, 35.961345507417441 ], [ 129.117215756360366, 35.962963547740294 ], [ 129.117483993856524, 35.966005372387066 ], [ 129.117966381212426, 35.967419697861267 ], [ 129.118086840959933, 35.974123617494435 ], [ 129.117979635369068, 35.974859655471029 ], [ 129.117579654262329, 35.976256094425551 ], [ 129.117350132487275, 35.977637385816948 ], [ 129.117217423784268, 35.979285786858739 ], [ 129.117179643565635, 35.981857600512114 ], [ 129.117170833686885, 35.984798187740687 ], [ 129.1172195099291, 35.985183830210396 ], [ 129.117221858764793, 35.985298469173621 ], [ 129.11718269628355, 35.985424698381053 ], [ 129.117141314270015, 35.985531368241233 ], [ 129.117080241166605, 35.985630949246385 ], [ 129.116988606168093, 35.985756347861688 ], [ 129.116648215046382, 35.986207221459175 ], [ 129.116334005378008, 35.98662254013432 ], [ 129.116146307900351, 35.986843095134844 ], [ 129.115877793198308, 35.987123273817403 ], [ 129.115786096922506, 35.98720690117176 ], [ 129.115631051790615, 35.987322571329663 ], [ 129.115185490900927, 35.987626024139558 ], [ 129.11491027896767, 35.987805787983582 ], [ 129.114816331552561, 35.98784942621954 ], [ 129.114715821160701, 35.98788862367752 ], [ 129.112639288388635, 35.991313682392956 ], [ 129.110903019827049, 35.995832329831963 ], [ 129.110595882090308, 35.996671501142053 ], [ 129.110569742555356, 35.996744390069637 ], [ 129.110569896833141, 35.996854586281685 ], [ 129.110576681381502, 35.997018987117883 ], [ 129.110695435466852, 35.997519196909721 ], [ 129.110757008603031, 35.997771512882764 ], [ 129.110818528629522, 35.997980291470014 ], [ 129.110890965160849, 35.998186392921554 ], [ 129.111221838097379, 35.998698859750661 ], [ 129.111427809516186, 35.99900880437584 ], [ 129.111537350786847, 35.999161574474456 ], [ 129.112345608776081, 36.000168561956343 ], [ 129.112420061857165, 36.000245816002881 ], [ 129.112512017570424, 36.000320370912355 ], [ 129.112691460979875, 36.000435714246045 ], [ 129.112899340767825, 36.000535945533969 ], [ 129.113085298416678, 36.000603301256128 ], [ 129.113229701155461, 36.000665372268521 ], [ 129.113253797746836, 36.000697347354858 ], [ 129.113251664887514, 36.000731135679516 ], [ 129.113007339229853, 36.001393777504198 ], [ 129.112929006133129, 36.001498554778522 ], [ 129.111619343101268, 36.003239725022731 ], [ 129.11046171085934, 36.004792928627324 ], [ 129.112387136150431, 36.009109257590524 ], [ 129.11435745540706, 36.012100355469464 ], [ 129.114460651241217, 36.012231578491182 ], [ 129.114713529074976, 36.012447167621367 ], [ 129.114826537376729, 36.012504397126477 ], [ 129.11502668691486, 36.012552514442689 ], [ 129.116235241412454, 36.012667581995061 ], [ 129.116469976411963, 36.012665867425923 ], [ 129.116671975220271, 36.012623395188555 ], [ 129.116804603803189, 36.012552331781741 ], [ 129.119520314950478, 36.009743905146458 ], [ 129.119759555275607, 36.009449354887394 ], [ 129.120492052663451, 36.008499269816419 ], [ 129.121440719636979, 36.007731618315596 ], [ 129.121995760988369, 36.007338645247515 ], [ 129.122578505637534, 36.006932041238464 ], [ 129.122724811241255, 36.00683778685751 ], [ 129.122893636719397, 36.00675748264851 ], [ 129.123382510317015, 36.006543253650527 ], [ 129.126936227412386, 36.005408259248604 ], [ 129.1270520326363, 36.005389551837716 ], [ 129.127131269765897, 36.005382515245444 ], [ 129.12729739307963, 36.005389296623527 ], [ 129.132516161169178, 36.005757730759633 ], [ 129.134836827180123, 36.006449747696493 ], [ 129.142338969059267, 36.009551753300229 ], [ 129.142668412417066, 36.009690749703445 ], [ 129.142851464162931, 36.009774155489175 ], [ 129.143124561534989, 36.009941103005048 ], [ 129.143384002385432, 36.010135929525603 ], [ 129.144089705008128, 36.011015546088423 ], [ 129.144224195177372, 36.011217479145138 ], [ 129.144267079178604, 36.011335886092219 ], [ 129.144285539462999, 36.011428800615427 ], [ 129.144287222464328, 36.011517081726147 ], [ 129.142624609889594, 36.017644926485133 ], [ 129.141627477454961, 36.021813617809407 ], [ 129.140965982131974, 36.023575256107407 ], [ 129.140373421375784, 36.024684047991819 ], [ 129.135643662921211, 36.031997592988112 ], [ 129.134211919610607, 36.03423939541667 ], [ 129.134379769283527, 36.03445248224957 ], [ 129.134523663996362, 36.034656485850384 ], [ 129.134945815990051, 36.035272122347209 ], [ 129.135183283320714, 36.035634581248431 ], [ 129.136946702130388, 36.038432428563688 ], [ 129.137933019297009, 36.040111919833464 ], [ 129.137971495143262, 36.040219414120727 ], [ 129.137993247007415, 36.040343343617465 ], [ 129.138092372270137, 36.040937457685985 ], [ 129.138222718546729, 36.041593503467432 ], [ 129.138246759176099, 36.04165364216653 ], [ 129.138292348129283, 36.041730129365298 ], [ 129.138889372296291, 36.042423924111979 ], [ 129.139685148973967, 36.043194066235536 ], [ 129.144086339353692, 36.044918732337294 ], [ 129.145869816238189, 36.045332193844651 ], [ 129.146008669216343, 36.045370325161102 ], [ 129.146106837071272, 36.045403002230138 ], [ 129.146248166146563, 36.045475751849757 ], [ 129.146334391578165, 36.045523043345405 ], [ 129.148981857282166, 36.04741578264214 ], [ 129.150353203343286, 36.048555304699107 ], [ 129.151337615553388, 36.049628608382072 ], [ 129.15141248666913, 36.049789012230463 ], [ 129.151484291753547, 36.050141202000582 ], [ 129.151489982788291, 36.050386957356345 ], [ 129.151400206363746, 36.050629596457554 ], [ 129.15121859961306, 36.050959567634287 ], [ 129.151097431607212, 36.051146114054347 ], [ 129.150844521923204, 36.051386318538903 ], [ 129.150414838043758, 36.051756260677202 ], [ 129.149864078871218, 36.052313188746339 ], [ 129.149772580406449, 36.052406391021229 ], [ 129.14968660070582, 36.052535198378031 ], [ 129.149668781299198, 36.05261606036018 ], [ 129.149685184199399, 36.052733737036448 ], [ 129.149696020308767, 36.052766608757246 ], [ 129.149759151620486, 36.052878829285348 ], [ 129.150417198514248, 36.053716313579173 ], [ 129.150516719959768, 36.053834903570035 ], [ 129.150796597235512, 36.054111140362373 ], [ 129.151570520788653, 36.054838042187214 ], [ 129.153579015819219, 36.055314482571937 ], [ 129.153664334288152, 36.055327570270272 ], [ 129.153734831291956, 36.055333727284875 ], [ 129.154003455554232, 36.055337262865947 ], [ 129.154450714585153, 36.055325605127592 ], [ 129.157056209252261, 36.055223674889483 ], [ 129.159000253855453, 36.055122352991084 ], [ 129.159049246404635, 36.055111396271812 ], [ 129.159115332387387, 36.055099815276805 ], [ 129.160262271014517, 36.054912239795691 ], [ 129.160737594376457, 36.054843151047962 ], [ 129.160822851012625, 36.054832931527798 ], [ 129.160904564385618, 36.054827379274059 ], [ 129.161018944443271, 36.054824106596364 ], [ 129.161238563024938, 36.054829265185148 ], [ 129.161336135828122, 36.05484080822368 ], [ 129.161426040572252, 36.054855457567413 ], [ 129.162125537488691, 36.055026431213406 ], [ 129.163935240839095, 36.055429229222739 ], [ 129.164046622955425, 36.055453210591736 ], [ 129.164256111916274, 36.055495688925795 ], [ 129.164373605897964, 36.055517307108204 ], [ 129.164408353156404, 36.05552115522034 ], [ 129.164464505121003, 36.055511749258436 ], [ 129.164516541369039, 36.055486780691496 ], [ 129.16485058986359, 36.055262309772928 ], [ 129.1650607111238, 36.055120461041312 ], [ 129.165315159705642, 36.054940434564017 ], [ 129.165516084282103, 36.054797817675023 ], [ 129.165969419891724, 36.054468958263101 ], [ 129.166316729367793, 36.054243684192883 ], [ 129.166484024192016, 36.054140775967781 ], [ 129.166686018024762, 36.054030052448816 ], [ 129.168120334483206, 36.053443910475863 ], [ 129.16822546783439, 36.053409549917063 ], [ 129.168320407658513, 36.05338685822781 ], [ 129.168414333232391, 36.053366502764 ], [ 129.168487841501701, 36.053353950602443 ], [ 129.170603157352446, 36.05121569457706 ], [ 129.170164659006531, 36.049445880264443 ], [ 129.170164586689395, 36.049408204408806 ], [ 129.170227580767488, 36.049283756951446 ], [ 129.170499383221454, 36.048925575806557 ], [ 129.170544096292787, 36.048873431012993 ], [ 129.170618833545035, 36.048845289401676 ], [ 129.170742980625221, 36.048826724943112 ], [ 129.176085607862831, 36.048160161157398 ], [ 129.176806769581788, 36.048124092419179 ], [ 129.177145129607595, 36.048078415552112 ], [ 129.177252033913788, 36.048046429316678 ], [ 129.177316262459414, 36.047992243887734 ], [ 129.177374558699086, 36.047906878555416 ], [ 129.178303900857713, 36.046047736322329 ], [ 129.178338822617548, 36.045966227054976 ], [ 129.178352841031227, 36.045882824413695 ], [ 129.179201221925751, 36.040001474502894 ], [ 129.17920842105147, 36.03985701433718 ], [ 129.179297729231678, 36.037959001721319 ], [ 129.179201699084672, 36.035379019373195 ], [ 129.179123095767295, 36.034234166775562 ], [ 129.179113711784794, 36.034149532181516 ], [ 129.179066744615426, 36.034069403979608 ], [ 129.17900476032213, 36.033999487884188 ], [ 129.178766030902267, 36.033739550878288 ], [ 129.178524044231153, 36.033510139450314 ], [ 129.178426920801115, 36.033425017757388 ], [ 129.178308069640366, 36.033334810285005 ], [ 129.178213502110538, 36.033269381283986 ], [ 129.178071242798552, 36.033176683265481 ], [ 129.177987592266248, 36.033127160940573 ], [ 129.177902185567376, 36.03305219121772 ], [ 129.177544685410311, 36.032730034937693 ], [ 129.177445037275817, 36.032627715251891 ], [ 129.177423250850154, 36.032601649411305 ], [ 129.177401470981494, 36.032575578065888 ], [ 129.177300924696738, 36.032449728943611 ], [ 129.177243013289569, 36.032333349049473 ], [ 129.177222787778533, 36.032260823929704 ], [ 129.17717802235839, 36.032037501737243 ], [ 129.177149151157238, 36.03183642268322 ], [ 129.177137911969567, 36.031665225865048 ], [ 129.177284173100418, 36.030553796725378 ], [ 129.177311493712949, 36.03043856362531 ], [ 129.177384678107188, 36.030284429534277 ], [ 129.179057497194833, 36.027602892586657 ], [ 129.180864791473169, 36.027382649787938 ], [ 129.181260146337308, 36.027353375858894 ], [ 129.181373203051663, 36.027386675417162 ], [ 129.18193245866749, 36.027665552213634 ], [ 129.18488021073307, 36.029393697951797 ], [ 129.187858687257176, 36.031607112442764 ], [ 129.194897848278742, 36.036992465167842 ], [ 129.195076591303149, 36.037145959985963 ], [ 129.19514470716507, 36.037212531027635 ], [ 129.195197173693685, 36.037291074848547 ], [ 129.195258387051695, 36.037473607087591 ], [ 129.195299310830677, 36.037642752791861 ], [ 129.195330263682109, 36.037741716113594 ], [ 129.195410459031478, 36.03793866648293 ], [ 129.195476747637059, 36.038063463615913 ], [ 129.19562569809969, 36.038320516561811 ], [ 129.196362978298936, 36.039222544593926 ], [ 129.196658381992506, 36.039512199298059 ], [ 129.197717881948932, 36.040381777727369 ], [ 129.204184786297105, 36.04306898821519 ], [ 129.204260101922273, 36.043082611264182 ], [ 129.20441819723041, 36.043083875458123 ], [ 129.204764478297335, 36.043083303329823 ], [ 129.206842067880132, 36.043035409649988 ], [ 129.208332111267225, 36.042849383513065 ], [ 129.2141913437396, 36.043085295820852 ], [ 129.218095200330254, 36.043312219099427 ], [ 129.223572915076176, 36.043766252156693 ], [ 129.223699037650505, 36.043798039593199 ], [ 129.223814132691018, 36.043865571570159 ], [ 129.224036928646171, 36.044004457357453 ], [ 129.224457951084418, 36.04431989891259 ], [ 129.224833182864188, 36.044622234361071 ], [ 129.224986777434282, 36.044753712490554 ], [ 129.225170195284477, 36.044945368191605 ], [ 129.225259538242312, 36.045073199392419 ], [ 129.22533406551986, 36.045214226621219 ], [ 129.22541004875302, 36.045428661325651 ], [ 129.225477314763111, 36.045620537101556 ], [ 129.225571990041288, 36.045891395457389 ], [ 129.225779625570425, 36.04634274041986 ], [ 129.225866515141547, 36.046479998749547 ], [ 129.226383485703678, 36.047077583393154 ], [ 129.226531141267031, 36.047234930311696 ], [ 129.226554531310853, 36.047259846894733 ], [ 129.226718111320423, 36.04742517828555 ], [ 129.226901449966533, 36.047586707265722 ], [ 129.227185079208567, 36.047813926134836 ], [ 129.227338593006351, 36.047917159471659 ], [ 129.227531722248472, 36.048037279306136 ], [ 129.230791613977857, 36.049367503262289 ], [ 129.23565604140407, 36.051669540694725 ], [ 129.237677560231731, 36.052761727670116 ] ] ] ] } },
{ "type": "Feature", "properties": { "OBJECTID": 2790, "adm_nm": "경상북도 경주시 건천읍", "adm_cd": "3702013", "adm_cd2": "4713025600", "sgg": "47130", "sido": "47", "sidonm": "경상북도", "sggnm": "경주시" }, "geometry": { "type": "MultiPolygon", "coordinates": [ [ [ [ 129.13592512281889, 35.868352826043704 ], [ 129.136627242763268, 35.867642165602817 ], [ 129.136716093114501, 35.86754651481904 ], [ 129.136752987196218, 35.86749339972252 ], [ 129.136804990597199, 35.867404921184388 ], [ 129.136827063065709, 35.867320236555777 ], [ 129.136879965725655, 35.866180323933072 ], [ 129.136878494290301, 35.866026461844299 ], [ 129.13590741594291, 35.862067392424287 ], [ 129.134736402211644, 35.857386711023992 ], [ 129.132810839393812, 35.854035627586171 ], [ 129.131760024831749, 35.851192162179473 ], [ 129.130943687523342, 35.847094336185819 ], [ 129.130092622385234, 35.846521253306385 ], [ 129.130009338531579, 35.846428500926578 ], [ 129.129972577873417, 35.846346170595247 ], [ 129.129968594335509, 35.846283001409816 ], [ 129.130115137794292, 35.845936313875463 ], [ 129.130224457460713, 35.845700868181765 ], [ 129.13150960693801, 35.843522786104423 ], [ 129.131707340960816, 35.843213184302236 ], [ 129.132037793391959, 35.842698010119655 ], [ 129.132123293486273, 35.842594371269435 ], [ 129.132310768487343, 35.842367231231286 ], [ 129.132376395630928, 35.842295612212737 ], [ 129.132526189995815, 35.842180811547067 ], [ 129.132844085637828, 35.842046250535013 ], [ 129.133185636629349, 35.841956572048971 ], [ 129.133646882159638, 35.841825297003076 ], [ 129.133818344311806, 35.841766609805305 ], [ 129.134223682072417, 35.841567803167322 ], [ 129.134507377150925, 35.841372010523791 ], [ 129.134598799358258, 35.841301065286402 ], [ 129.134750400589951, 35.841144161506456 ], [ 129.134913216576308, 35.840877955575337 ], [ 129.134957022539453, 35.840729811523808 ], [ 129.13500561561429, 35.840136555986895 ], [ 129.134994359641865, 35.839890618022928 ], [ 129.134978626696835, 35.839619988427486 ], [ 129.134948814631827, 35.839466810601358 ], [ 129.134086137053117, 35.835542638045816 ], [ 129.133384886488926, 35.834809879262473 ], [ 129.132791731209778, 35.834191272248482 ], [ 129.132139161586622, 35.833508387882716 ], [ 129.131395021583955, 35.832719424491572 ], [ 129.130983821273787, 35.832283307890201 ], [ 129.130754873763635, 35.832037869001155 ], [ 129.130718191431015, 35.831935790138601 ], [ 129.130715684851566, 35.831553130362494 ], [ 129.130720381991239, 35.831350226435646 ], [ 129.130758916220742, 35.831185098759121 ], [ 129.131196226667043, 35.829885150354627 ], [ 129.132724593549597, 35.827932081855565 ], [ 129.134206965259096, 35.826663297970221 ], [ 129.135137589798603, 35.825866736046436 ], [ 129.138570735771737, 35.823730382043458 ], [ 129.138939525937957, 35.82353471532106 ], [ 129.140372220608413, 35.822803432030597 ], [ 129.143092344761328, 35.821219002255383 ], [ 129.143454679652336, 35.818378733650036 ], [ 129.143517468165186, 35.818218779358517 ], [ 129.145798474740019, 35.815312561355228 ], [ 129.145918038556147, 35.815234118476241 ], [ 129.146040110031151, 35.815186279647051 ], [ 129.146440351792222, 35.815135234997371 ], [ 129.14670662888318, 35.815104992345859 ], [ 129.147177834169213, 35.815070713564744 ], [ 129.147534226571764, 35.81506308410313 ], [ 129.147602200309393, 35.81507625444938 ], [ 129.148366990686725, 35.815240062815128 ], [ 129.148501891095549, 35.815371560144527 ], [ 129.14879958005443, 35.815574526435597 ], [ 129.148853957063324, 35.815602945828097 ], [ 129.14899045074506, 35.815630531464919 ], [ 129.149629846914735, 35.815602073896642 ], [ 129.149859175467014, 35.815571414595603 ], [ 129.152429075218294, 35.815169240445712 ], [ 129.152677039884793, 35.815113315458198 ], [ 129.152939392106191, 35.815049991771588 ], [ 129.153125403287277, 35.814999294760042 ], [ 129.153530127247024, 35.814862596038736 ], [ 129.154951303867961, 35.814280745705652 ], [ 129.1558599792248, 35.813885914495607 ], [ 129.156340065174362, 35.813652771925803 ], [ 129.156513721575777, 35.813557819356781 ], [ 129.156608092578978, 35.813495782510309 ], [ 129.156711839126018, 35.813417343322847 ], [ 129.156795436019365, 35.813332600861131 ], [ 129.156931270390089, 35.813144511993372 ], [ 129.157668102682379, 35.811764288757296 ], [ 129.159878719583986, 35.809628015368823 ], [ 129.159949823618831, 35.80955717588499 ], [ 129.160120437894108, 35.809331556756753 ], [ 129.160205317208778, 35.809172272433969 ], [ 129.160241095150326, 35.809089484527796 ], [ 129.160259267558871, 35.808987789193225 ], [ 129.160260837887506, 35.808887579893046 ], [ 129.160247773371367, 35.808769531883335 ], [ 129.160225539234915, 35.808660338886718 ], [ 129.160194202376942, 35.808594578016141 ], [ 129.160146364006266, 35.808522898627096 ], [ 129.160077194014576, 35.80845043656528 ], [ 129.160034902563865, 35.808383269160714 ], [ 129.159977839207045, 35.808284649490489 ], [ 129.159909800185801, 35.808070252607472 ], [ 129.159764740236909, 35.806700501867077 ], [ 129.159817818930321, 35.804651088251376 ], [ 129.159820918112274, 35.804536886271435 ], [ 129.15984528387952, 35.804326690602274 ], [ 129.159876644777682, 35.80413494945833 ], [ 129.159915836430201, 35.803923276094991 ], [ 129.160089010615394, 35.803157514618213 ], [ 129.160112287714441, 35.803124863397898 ], [ 129.16145493998556, 35.80145706293775 ], [ 129.161922246028297, 35.800938154549307 ], [ 129.162016115462649, 35.800844503880455 ], [ 129.163424021941694, 35.799488597685261 ], [ 129.163716864312704, 35.799212200482152 ], [ 129.163803241401354, 35.799143063964216 ], [ 129.164002494066466, 35.799079940163239 ], [ 129.164201825766384, 35.799064329586898 ], [ 129.164485875715116, 35.799083889674186 ], [ 129.164748974152303, 35.799114822348812 ], [ 129.162580549392459, 35.797506793610353 ], [ 129.162179264748687, 35.797184496952511 ], [ 129.160384244393185, 35.795572912512391 ], [ 129.160322143662427, 35.795487169056067 ], [ 129.158956180193996, 35.793558026077015 ], [ 129.158887874089601, 35.793454616816348 ], [ 129.158841064969181, 35.793272945092866 ], [ 129.158840828613506, 35.793149272668806 ], [ 129.158868048947141, 35.792821107052632 ], [ 129.158904569950863, 35.792505536910951 ], [ 129.158935029857503, 35.792255615066168 ], [ 129.158975005273618, 35.792126817951043 ], [ 129.159076741477037, 35.791909619662206 ], [ 129.15604782397574, 35.787749486397423 ], [ 129.152862632920431, 35.785658072502414 ], [ 129.15259882645455, 35.785552224721272 ], [ 129.152261869570651, 35.785384312293537 ], [ 129.151905799558421, 35.785187940409479 ], [ 129.15134304084944, 35.784857165731516 ], [ 129.151212655490241, 35.784764098225985 ], [ 129.15099947945555, 35.784554598384943 ], [ 129.150869024013446, 35.784422686396802 ], [ 129.148381493085509, 35.781621079011963 ], [ 129.148168543888289, 35.781368952830412 ], [ 129.14790440662108, 35.780909735605086 ], [ 129.147167538348413, 35.779129110039001 ], [ 129.146941647244773, 35.778443507758304 ], [ 129.146931688453606, 35.778375836284354 ], [ 129.146944414516497, 35.778323989271463 ], [ 129.147013118785082, 35.77820882874007 ], [ 129.147078561023875, 35.778138100452217 ], [ 129.147165135123487, 35.77805822890209 ], [ 129.14719392615072, 35.778014828875726 ], [ 129.147190713346276, 35.777893961614936 ], [ 129.146730941005217, 35.776727761591935 ], [ 129.145646811524415, 35.775048566342079 ], [ 129.145254435536259, 35.775064005137693 ], [ 129.143344160522417, 35.775139451386728 ], [ 129.142686299609977, 35.77518762800905 ], [ 129.142304273476327, 35.775228722405195 ], [ 129.141593407867788, 35.77532032248866 ], [ 129.141224813233009, 35.775396639595392 ], [ 129.140859392011777, 35.775448530026722 ], [ 129.14065335857012, 35.775452814715457 ], [ 129.140188121433567, 35.775415405638668 ], [ 129.139619896055535, 35.775357854049105 ], [ 129.139167886344893, 35.775293284728285 ], [ 129.138838853800024, 35.775220573696785 ], [ 129.137150305602518, 35.774784925770625 ], [ 129.133813396480605, 35.773556881488432 ], [ 129.133619693008598, 35.773460211053035 ], [ 129.133466974384675, 35.77333366004224 ], [ 129.133390955804373, 35.773255233536524 ], [ 129.133375819467545, 35.773180723684852 ], [ 129.133413750102676, 35.773041903007424 ], [ 129.13452950998888, 35.770320211331132 ], [ 129.134675557933008, 35.769967279072858 ], [ 129.13493597520025, 35.769556740101734 ], [ 129.135126091724658, 35.769305453052624 ], [ 129.135316334872755, 35.769054140546757 ], [ 129.135410099637141, 35.768981035535525 ], [ 129.135875804012954, 35.768605048326968 ], [ 129.136036797268559, 35.768460224353234 ], [ 129.136189034564353, 35.768299792439393 ], [ 129.136256251393689, 35.768156148624811 ], [ 129.136282343512136, 35.767963609268229 ], [ 129.136299222730713, 35.767540274801306 ], [ 129.136272559285032, 35.767405206203847 ], [ 129.134634056788656, 35.7643731901153 ], [ 129.134514858241062, 35.764177753273245 ], [ 129.134419420924189, 35.764040338340777 ], [ 129.134298861652468, 35.763897605060777 ], [ 129.134262362867872, 35.76385686501262 ], [ 129.134063895702894, 35.763635346891142 ], [ 129.133808286100503, 35.763397051455755 ], [ 129.133599786520648, 35.763234687272316 ], [ 129.133409134576766, 35.763158383018762 ], [ 129.133281527631141, 35.763151945870391 ], [ 129.132549899936038, 35.763204737859496 ], [ 129.132291889863041, 35.763255848388809 ], [ 129.132138081964484, 35.763322999193484 ], [ 129.132064878319483, 35.763393548092573 ], [ 129.132053308611091, 35.763483854625058 ], [ 129.132066881965443, 35.763739185352712 ], [ 129.132055646622746, 35.764035176555339 ], [ 129.132039876239162, 35.764258789120994 ], [ 129.132004868991459, 35.764364633076497 ], [ 129.131263702957824, 35.765345746425602 ], [ 129.130946176329758, 35.765730380208986 ], [ 129.130775281015843, 35.765908291073266 ], [ 129.130516203611961, 35.766126402317887 ], [ 129.130255411503128, 35.766305770303283 ], [ 129.130067021306616, 35.766397630857284 ], [ 129.129940924830265, 35.766450657887823 ], [ 129.129819856071094, 35.766464948946684 ], [ 129.129622747309384, 35.766432703899092 ], [ 129.12938916337481, 35.766344811058921 ], [ 129.129105357031193, 35.766241473718679 ], [ 129.128840708745201, 35.766161357900948 ], [ 129.12861240062125, 35.766124193232315 ], [ 129.128391016462132, 35.766127308633308 ], [ 129.128069459405879, 35.766204448230674 ], [ 129.127839647928511, 35.766265342018379 ], [ 129.123680373580328, 35.767693824510957 ], [ 129.1197480840369, 35.769125251891055 ], [ 129.119594491044865, 35.769205610973643 ], [ 129.114953629049751, 35.772124415594263 ], [ 129.112564930651331, 35.774010920080912 ], [ 129.112373829171133, 35.774165023875845 ], [ 129.110215349480484, 35.776921887676572 ], [ 129.110040421459473, 35.777190253633606 ], [ 129.109025322553919, 35.779057319144471 ], [ 129.10898222616504, 35.779178486039079 ], [ 129.10894298203695, 35.779352634740412 ], [ 129.108881566297498, 35.779739969084901 ], [ 129.108866740167201, 35.77989482313464 ], [ 129.108864960846603, 35.779979182688386 ], [ 129.108880134523957, 35.780071094544383 ], [ 129.108923465814769, 35.78021769226369 ], [ 129.109044144263578, 35.780554131487534 ], [ 129.108978997826625, 35.781204894844386 ], [ 129.108341112309517, 35.784077764642717 ], [ 129.108312593297228, 35.784173602935311 ], [ 129.108210642329368, 35.784447495232349 ], [ 129.108159735555489, 35.784514964834251 ], [ 129.108114997312981, 35.784551484078754 ], [ 129.10804470166957, 35.784593296268454 ], [ 129.107958483779242, 35.784634998635546 ], [ 129.107086399257582, 35.785017541355536 ], [ 129.105483864777625, 35.785678834796805 ], [ 129.105395970610061, 35.78570756782257 ], [ 129.105296889557138, 35.785727230381212 ], [ 129.104333765084675, 35.785861528197593 ], [ 129.104205462939717, 35.785871823627531 ], [ 129.104059341504438, 35.78587483084025 ], [ 129.103948857210042, 35.785876381572095 ], [ 129.102159306948266, 35.786238910389024 ], [ 129.095707977004338, 35.788547401195615 ], [ 129.09373165657658, 35.788939566137678 ], [ 129.093515576574163, 35.788994788742116 ], [ 129.093297321471596, 35.789081294413393 ], [ 129.093084625907466, 35.789195737894268 ], [ 129.092801208387158, 35.78936304442022 ], [ 129.092589641742507, 35.789504523842709 ], [ 129.092382756660811, 35.789664455301633 ], [ 129.092225305158877, 35.789815096071386 ], [ 129.092136492669027, 35.789929437724041 ], [ 129.092055541491646, 35.790045224004878 ], [ 129.091361547012781, 35.791043175661464 ], [ 129.091316615724566, 35.791120355947278 ], [ 129.091285217070038, 35.791225019170149 ], [ 129.091276278830406, 35.79134254448978 ], [ 129.091278740604906, 35.791475208597866 ], [ 129.091299086994155, 35.791555950304357 ], [ 129.091339663389221, 35.791644064548457 ], [ 129.091443509971782, 35.791822083170494 ], [ 129.091484121139132, 35.791928569771542 ], [ 129.091515778007022, 35.792044181037362 ], [ 129.091511321197345, 35.792113928041907 ], [ 129.09148441198306, 35.792189208292513 ], [ 129.091199351920864, 35.792976668697129 ], [ 129.091136428404724, 35.793086857126724 ], [ 129.091082426046, 35.793175043174628 ], [ 129.091015021711115, 35.79324115809456 ], [ 129.090927258152163, 35.793301878205909 ], [ 129.089576726635329, 35.794235133428742 ], [ 129.089283664894936, 35.794417046709526 ], [ 129.089071505639254, 35.794535301273669 ], [ 129.088993359667313, 35.794575251773779 ], [ 129.088910055686966, 35.794584400729768 ], [ 129.088862794571469, 35.794564243692328 ], [ 129.088817720927835, 35.79451840421607 ], [ 129.0853477197318, 35.790618790240593 ], [ 129.08425995053841, 35.789274686222655 ], [ 129.084212590871232, 35.78914979583358 ], [ 129.084207118822462, 35.789104115992721 ], [ 129.081976222332884, 35.789303103408429 ], [ 129.07556419016737, 35.789789656225288 ], [ 129.071102465106975, 35.791997784329411 ], [ 129.064569555043391, 35.793401946738179 ], [ 129.06411993384566, 35.793479990475284 ], [ 129.063963957852877, 35.79352347256183 ], [ 129.063738306777736, 35.793658252469989 ], [ 129.063545729993137, 35.793852874599317 ], [ 129.063422912693824, 35.79403998284802 ], [ 129.063039985376037, 35.794918505003743 ], [ 129.06300886651411, 35.795026257928988 ], [ 129.063005246670741, 35.795083124994306 ], [ 129.062800647960131, 35.798668400192206 ], [ 129.063361861929678, 35.800390386476501 ], [ 129.063378445808553, 35.80046966660327 ], [ 129.063374834433091, 35.800548979505948 ], [ 129.063283271164579, 35.800807900713878 ], [ 129.063209999325124, 35.800999473203717 ], [ 129.062927251744611, 35.801588151021178 ], [ 129.062608841811283, 35.80220728437429 ], [ 129.062169142528319, 35.803592012121598 ], [ 129.060822285736919, 35.808529229831578 ], [ 129.060800663760205, 35.808748432249438 ], [ 129.060848058715266, 35.808951826401227 ], [ 129.061457038979171, 35.810296201103313 ], [ 129.061619713886955, 35.810620027217105 ], [ 129.060716797591624, 35.813373012496925 ], [ 129.060345945868164, 35.816422048050562 ], [ 129.060376474084848, 35.816718175539364 ], [ 129.060366994641868, 35.817061831992717 ], [ 129.060319879682595, 35.817241480213873 ], [ 129.060148339262327, 35.817804398598696 ], [ 129.060057680800384, 35.818055171803586 ], [ 129.059804816761755, 35.818639751273679 ], [ 129.05829153382254, 35.821815704229643 ], [ 129.056078063645685, 35.823536608250635 ], [ 129.055961812915683, 35.823605774050449 ], [ 129.05139860789663, 35.8246483336899 ], [ 129.04949662860048, 35.825028270043163 ], [ 129.049236255228749, 35.825052078906332 ], [ 129.049035060532646, 35.825044233025693 ], [ 129.044930494008867, 35.825031084646746 ], [ 129.041157519945045, 35.825984931132723 ], [ 129.041121231958897, 35.82600674444712 ], [ 129.041106926815417, 35.826040885348718 ], [ 129.041096471989846, 35.826065878760041 ], [ 129.041140690086024, 35.826629333151416 ], [ 129.041165540658227, 35.826747585552077 ], [ 129.041205761835926, 35.826847228226839 ], [ 129.041276405949617, 35.826939046769851 ], [ 129.041370079673527, 35.82703707611639 ], [ 129.042771837399755, 35.828386414158622 ], [ 129.043725685438801, 35.83086417064726 ], [ 129.04450084290886, 35.83804868378742 ], [ 129.042469549453074, 35.840547946734837 ], [ 129.042319541997472, 35.84073148262209 ], [ 129.042177799041212, 35.840819858324615 ], [ 129.041648443813131, 35.841135921020353 ], [ 129.039312013857909, 35.842439167934295 ], [ 129.039293605469936, 35.842600682107935 ], [ 129.039325927533326, 35.842868072021062 ], [ 129.039383916315188, 35.843051646462541 ], [ 129.039474086016838, 35.843201036870553 ], [ 129.039614534303638, 35.843379996271963 ], [ 129.042150116779482, 35.845555762921741 ], [ 129.044063089403977, 35.846761692001117 ], [ 129.0463896655898, 35.847906541300503 ], [ 129.048622883868802, 35.849257826964504 ], [ 129.051344770646779, 35.852835035963103 ], [ 129.053625655170691, 35.853362915178216 ], [ 129.053718334295496, 35.853311878266695 ], [ 129.05409651487065, 35.853163186295745 ], [ 129.054348231630172, 35.853130890125676 ], [ 129.054731945842747, 35.853137410818505 ], [ 129.055168822143543, 35.853195973273934 ], [ 129.055443746666413, 35.853282262071509 ], [ 129.056603382193941, 35.853771669344653 ], [ 129.057975641238414, 35.854815143080089 ], [ 129.058627962925414, 35.855487616398193 ], [ 129.058705533680325, 35.8555884192874 ], [ 129.058833687823807, 35.855836645139007 ], [ 129.058931857529558, 35.856100411648654 ], [ 129.058957761188736, 35.856252161189573 ], [ 129.059571325940254, 35.861592035109688 ], [ 129.059580930760603, 35.861715063823247 ], [ 129.059585386020501, 35.862352317314574 ], [ 129.059577367983138, 35.862436596260686 ], [ 129.059516244125064, 35.86257956963086 ], [ 129.059210309187137, 35.863006454724278 ], [ 129.059041806485936, 35.863321341286898 ], [ 129.058937286769748, 35.863619513520383 ], [ 129.058923803624793, 35.863818971668373 ], [ 129.058937472604441, 35.863892141965685 ], [ 129.059072336357815, 35.86418806449295 ], [ 129.059903484563932, 35.865528704018132 ], [ 129.060021962948127, 35.865684939262074 ], [ 129.060220826428235, 35.865853363475587 ], [ 129.06033249844279, 35.86593975135262 ], [ 129.060468633074009, 35.866015022135912 ], [ 129.060698661103118, 35.866104661661225 ], [ 129.061161473872374, 35.866233053035522 ], [ 129.061273144812617, 35.866308355076733 ], [ 129.061360222516043, 35.866388148890096 ], [ 129.061410666416009, 35.866482292188984 ], [ 129.061940960587009, 35.867562716663862 ], [ 129.06197912455616, 35.86765580414783 ], [ 129.061984600968742, 35.867715647177768 ], [ 129.062045575980591, 35.868682013972389 ], [ 129.062453508814343, 35.871323458898679 ], [ 129.062494354036147, 35.871440597741035 ], [ 129.062661556884365, 35.871879515724906 ], [ 129.062710241673102, 35.871985561294018 ], [ 129.06275833707042, 35.872026912400386 ], [ 129.06580128478609, 35.874323589492874 ], [ 129.070692743447239, 35.876150217537571 ], [ 129.070783439879591, 35.876154137461043 ], [ 129.072252645599548, 35.875867582525522 ], [ 129.072292477424668, 35.875850429181035 ], [ 129.07252164339954, 35.87563562718482 ], [ 129.072927146029201, 35.87524596267933 ], [ 129.073494837289758, 35.874721631708134 ], [ 129.073909981991136, 35.874353320498308 ], [ 129.074105184080935, 35.874184741796761 ], [ 129.074323049588088, 35.87399660683446 ], [ 129.074345710480372, 35.873977050013025 ], [ 129.075249961875528, 35.873275956814147 ], [ 129.076598258219349, 35.872241852419471 ], [ 129.078239734892577, 35.870993305412405 ], [ 129.079192200418817, 35.870271939892532 ], [ 129.08087001346118, 35.871765977848774 ], [ 129.080676047165753, 35.872942723303026 ], [ 129.080478315982162, 35.873541757693268 ], [ 129.080431126904926, 35.873631622267574 ], [ 129.08039651938816, 35.87368546480139 ], [ 129.080201556621176, 35.87395362887046 ], [ 129.080119702944842, 35.874038404256467 ], [ 129.080000175466239, 35.874094885655659 ], [ 129.079952937677916, 35.87414357714659 ], [ 129.079965614758009, 35.874194947615734 ], [ 129.081088371038589, 35.8757806684483 ], [ 129.081463622147936, 35.876306217140957 ], [ 129.081529816329805, 35.876388255932447 ], [ 129.082819368818008, 35.877821192495674 ], [ 129.082958121193712, 35.877926280278473 ], [ 129.083096731726613, 35.878003684573819 ], [ 129.0832301227193, 35.878033600471305 ], [ 129.083445600421072, 35.878051294948385 ], [ 129.083602646013816, 35.878051192179903 ], [ 129.084441366042114, 35.877946526462949 ], [ 129.084605113246056, 35.877917744575491 ], [ 129.085067589053381, 35.877827322017161 ], [ 129.086689364770223, 35.877646018981437 ], [ 129.089929015917363, 35.877556075829872 ], [ 129.091250870157154, 35.878120266994934 ], [ 129.09503676051591, 35.880681533819661 ], [ 129.09507837287012, 35.880734407736405 ], [ 129.095213624712557, 35.880969333011308 ], [ 129.095249249472573, 35.881152411901226 ], [ 129.096904330567185, 35.884328127172601 ], [ 129.098980028379032, 35.887035924989128 ], [ 129.09890307515289, 35.888809989362841 ], [ 129.098132635780416, 35.889459926918796 ], [ 129.098025686465974, 35.889612832995105 ], [ 129.09794481589941, 35.889739448556135 ], [ 129.097541284887768, 35.89049339951022 ], [ 129.097496328133673, 35.890635141927824 ], [ 129.097483121108183, 35.890676824512468 ], [ 129.096643091964154, 35.893801962089512 ], [ 129.096589111797215, 35.894009157633974 ], [ 129.096576846700174, 35.894092052278872 ], [ 129.096604243735442, 35.894333140328058 ], [ 129.096664840581866, 35.894539556932891 ], [ 129.096821525192496, 35.894761851208436 ], [ 129.096923334396706, 35.894840953363968 ], [ 129.098435204273585, 35.895280621745542 ], [ 129.098585694959638, 35.895289846419544 ], [ 129.098771986201513, 35.895282694466616 ], [ 129.099093617154807, 35.895240488940196 ], [ 129.099355857886337, 35.895218108819137 ], [ 129.099824057915185, 35.895276022999703 ], [ 129.100107079400829, 35.895331657767088 ], [ 129.106223805940203, 35.896995645545061 ], [ 129.106342854392352, 35.89707488122729 ], [ 129.107208025605985, 35.897805922212704 ], [ 129.110717436867589, 35.903832830800688 ], [ 129.110717506962715, 35.903890848384087 ], [ 129.110713070066964, 35.903967372858418 ], [ 129.110598254951071, 35.9048851862361 ], [ 129.110439677613215, 35.905417339377976 ], [ 129.110238755913514, 35.906047035119101 ], [ 129.110110923348884, 35.906316840226559 ], [ 129.109861977261943, 35.90678796520384 ], [ 129.109194833282544, 35.907669242426131 ], [ 129.108971373373066, 35.90791939984932 ], [ 129.108868418593033, 35.908067599130938 ], [ 129.108758676133931, 35.908268279744547 ], [ 129.108710456879635, 35.908510269989854 ], [ 129.108701553023451, 35.908667014370323 ], [ 129.108739463783195, 35.909211934130347 ], [ 129.108798230894536, 35.90947170064377 ], [ 129.108920739842119, 35.909741271245458 ], [ 129.109111511321942, 35.910005867311668 ], [ 129.110077053468416, 35.911021578829526 ], [ 129.110444076025288, 35.910764584959018 ], [ 129.11073128535449, 35.910535370404922 ], [ 129.111023027066352, 35.910285145393978 ], [ 129.111844537866517, 35.909446262041016 ], [ 129.111994168343756, 35.909251123710497 ], [ 129.112193174812887, 35.908881263122836 ], [ 129.112235500295895, 35.908775075470352 ], [ 129.112591939370503, 35.907598446314893 ], [ 129.113191235284404, 35.905950705367431 ], [ 129.113317504562673, 35.905656186462352 ], [ 129.113477237991418, 35.905422135386161 ], [ 129.113606385193549, 35.905281603516336 ], [ 129.115425271244419, 35.903789168723705 ], [ 129.115233120092199, 35.903099370764849 ], [ 129.115239478919193, 35.903050566559287 ], [ 129.11563896792822, 35.90182593389774 ], [ 129.118708879802739, 35.900240841714854 ], [ 129.125091035305104, 35.894920709190565 ], [ 129.125225351198196, 35.894787152004419 ], [ 129.125371160424777, 35.894575897817759 ], [ 129.12586414565061, 35.893107126712216 ], [ 129.126907029093701, 35.891689568011827 ], [ 129.127022939106467, 35.891536519077178 ], [ 129.127140353033013, 35.89140544074899 ], [ 129.127294488405653, 35.891297588422411 ], [ 129.127726762495882, 35.891101966184976 ], [ 129.127889224817096, 35.891041209772332 ], [ 129.12887983066534, 35.890926132084175 ], [ 129.129589250460441, 35.890858574406082 ], [ 129.129966731725773, 35.890867140966272 ], [ 129.13042806390925, 35.890875622553779 ], [ 129.130800010636619, 35.89087296770257 ], [ 129.13189745770319, 35.8907331428574 ], [ 129.133464385245333, 35.889317088447385 ], [ 129.13361471402763, 35.889162778965677 ], [ 129.133760448938375, 35.888985385004375 ], [ 129.13381510142554, 35.888908840047321 ], [ 129.133886431624092, 35.888808914123722 ], [ 129.137036153614844, 35.883276502434235 ], [ 129.137230689727346, 35.882929397757586 ], [ 129.137229020508101, 35.882842718249393 ], [ 129.137227663341065, 35.882772380408802 ], [ 129.13684718765299, 35.880844687460694 ], [ 129.136612059409998, 35.879937420520086 ], [ 129.13650963224606, 35.879626840932069 ], [ 129.136105963648447, 35.878549267010577 ], [ 129.135990238015296, 35.878305840228727 ], [ 129.135885379217569, 35.87820275634104 ], [ 129.135788820711326, 35.878117612671225 ], [ 129.135737289092276, 35.878091457187544 ], [ 129.13567852668541, 35.878061648136637 ], [ 129.13556066456934, 35.87800409716484 ], [ 129.135530127628812, 35.877925707806703 ], [ 129.135510411449388, 35.877856784636194 ], [ 129.135530875895, 35.877716979470179 ], [ 129.135713058984379, 35.876872748051198 ], [ 129.13574646632037, 35.876720512500917 ], [ 129.136509186205586, 35.874875865416534 ], [ 129.137124838107979, 35.873495002978913 ], [ 129.138227890499678, 35.870623661444156 ], [ 129.138245124872014, 35.870533411844171 ], [ 129.138250958755663, 35.87043621935829 ], [ 129.13823289777207, 35.870379487472121 ], [ 129.138200196067601, 35.870289315003347 ], [ 129.138156611608196, 35.870190225501801 ], [ 129.138128748183021, 35.87014573621164 ], [ 129.138085773727283, 35.870077128808894 ], [ 129.13803139342815, 35.870002815411766 ], [ 129.137970391972885, 35.8699463031083 ], [ 129.137885564146615, 35.869873852686005 ], [ 129.13592512281889, 35.868352826043704 ] ] ] ] } },
{ "type": "Feature", "properties": { "OBJECTID": 2791, "adm_nm": "경상북도 경주시 외동읍", "adm_cd": "3702014", "adm_cd2": "4713025900", "sgg": "47130", "sido": "47", "sidonm": "경상북도", "sggnm": "경주시" }, "geometry": { "type": "MultiPolygon", "coordinates": [ [ [ [ 129.353952977567758, 35.773037925181939 ], [ 129.35181705071048, 35.771475584235404 ], [ 129.351749175842031, 35.771365957841418 ], [ 129.351779796805147, 35.771256058456004 ], [ 129.352037449574794, 35.770892060963881 ], [ 129.352656454712502, 35.770170086691792 ], [ 129.353570094543727, 35.769248742611111 ], [ 129.353632020191782, 35.769185200974228 ], [ 129.353713636519643, 35.768880843074172 ], [ 129.354615258702324, 35.765247826879097 ], [ 129.355332669616985, 35.761009195818431 ], [ 129.35534256401337, 35.7609035709769 ], [ 129.355332327594482, 35.759761046140461 ], [ 129.355321665373452, 35.759693505039088 ], [ 129.355284678733938, 35.759537320155111 ], [ 129.354937260052424, 35.758615126906882 ], [ 129.354620056186775, 35.758122180191691 ], [ 129.356290560109585, 35.756075042308382 ], [ 129.3565392282012, 35.75604051343511 ], [ 129.356829197615525, 35.75596785287 ], [ 129.357294601584584, 35.755710930440621 ], [ 129.357852722802164, 35.755324919804004 ], [ 129.358105666855209, 35.755085527136302 ], [ 129.359596565542773, 35.753480254630446 ], [ 129.362368913061118, 35.750426407799289 ], [ 129.367650537288426, 35.746581056579437 ], [ 129.368467298405449, 35.746119579257915 ], [ 129.368231060994447, 35.74586246578972 ], [ 129.367908628202116, 35.745373014554069 ], [ 129.367553974065515, 35.744834144191636 ], [ 129.367444092029928, 35.744610132606127 ], [ 129.367372642118397, 35.744391219724811 ], [ 129.367364484131315, 35.744007804702647 ], [ 129.3673812612262, 35.743475604522921 ], [ 129.367449382543413, 35.742971944831289 ], [ 129.367530604713778, 35.742528224771497 ], [ 129.367574616805058, 35.742353314157398 ], [ 129.367739569370883, 35.74201892873625 ], [ 129.367872486096445, 35.7416793973685 ], [ 129.367947898962797, 35.741368757129621 ], [ 129.367972681895139, 35.741186091190158 ], [ 129.367952442994607, 35.740961819842681 ], [ 129.367924686403228, 35.740868776479132 ], [ 129.367880898112048, 35.740722037528926 ], [ 129.367268454025236, 35.73981612152982 ], [ 129.367178281296759, 35.739701623550332 ], [ 129.367049754088782, 35.73959766422152 ], [ 129.366805897054093, 35.739478417233876 ], [ 129.366376279701257, 35.739346678614645 ], [ 129.365485077422079, 35.739085906564078 ], [ 129.365235120036516, 35.739034497207932 ], [ 129.364716004035017, 35.73892910610315 ], [ 129.364440598427819, 35.738914298496631 ], [ 129.364126438414132, 35.738823939225682 ], [ 129.363965860198078, 35.738714878666869 ], [ 129.363207865306663, 35.738171952899435 ], [ 129.363059953648531, 35.738031543281402 ], [ 129.363001967653275, 35.737950850212563 ], [ 129.36298219174364, 35.73782570461163 ], [ 129.362981476803867, 35.73766918249958 ], [ 129.363650478046026, 35.734109091559489 ], [ 129.364103463642437, 35.732344336292108 ], [ 129.364791360322357, 35.730151065558267 ], [ 129.364828990988315, 35.7301344033378 ], [ 129.364874428515691, 35.730114291800717 ], [ 129.367356614686656, 35.729694631643078 ], [ 129.36758721965225, 35.72972262316005 ], [ 129.367824652882462, 35.729841880555988 ], [ 129.367946658758683, 35.729919774292853 ], [ 129.368087872036824, 35.730002814553877 ], [ 129.36817127484548, 35.730036475095353 ], [ 129.36990699323897, 35.730187684675073 ], [ 129.37017596193715, 35.730202515367075 ], [ 129.370227042220222, 35.730173659875895 ], [ 129.372186187881852, 35.728800757267742 ], [ 129.373076323209204, 35.728022025804421 ], [ 129.374538723326168, 35.723789766068542 ], [ 129.374556233679243, 35.72348045645866 ], [ 129.374392777293991, 35.722986150301082 ], [ 129.374133421171223, 35.722477320416438 ], [ 129.374100810059758, 35.722435875327903 ], [ 129.374040415991772, 35.722398303100988 ], [ 129.374003355035285, 35.722398417085557 ], [ 129.373683996617643, 35.722448489178163 ], [ 129.373600630130824, 35.722448745509737 ], [ 129.37270612013279, 35.722387364211841 ], [ 129.372476168135734, 35.722343354515367 ], [ 129.372000753502419, 35.722136134236408 ], [ 129.370281419178923, 35.721290927688351 ], [ 129.369987415244708, 35.720960947326923 ], [ 129.368516548973531, 35.719040997135949 ], [ 129.367865147523247, 35.716841947633995 ], [ 129.367163837121382, 35.713477458230869 ], [ 129.366969926272844, 35.712460948800491 ], [ 129.366966018620616, 35.712404320525877 ], [ 129.366976518738795, 35.712299962274983 ], [ 129.367015540381772, 35.712059120288238 ], [ 129.367160586123163, 35.711799328025073 ], [ 129.36732000412178, 35.711525391810646 ], [ 129.367399511863965, 35.71138294212129 ], [ 129.367518094758026, 35.710935438489678 ], [ 129.367604156840514, 35.710581863944185 ], [ 129.367638431116319, 35.710094027487962 ], [ 129.367622182752967, 35.709739347382644 ], [ 129.367568830361591, 35.709290540479572 ], [ 129.366995317043575, 35.70760650947765 ], [ 129.366486140826225, 35.706322744061524 ], [ 129.366262407154579, 35.705898128257125 ], [ 129.366158330066099, 35.705473390639611 ], [ 129.36617234801551, 35.705372935307309 ], [ 129.366380566666038, 35.704535435405546 ], [ 129.366409418290374, 35.704448896949863 ], [ 129.366713672469388, 35.703891509936724 ], [ 129.366830033482813, 35.703757011445362 ], [ 129.367153015972207, 35.70342897437812 ], [ 129.367487103080208, 35.703106849141761 ], [ 129.367596392496608, 35.703025163202902 ], [ 129.367706311164028, 35.702857618978697 ], [ 129.367792221389976, 35.702709758051071 ], [ 129.368205759230449, 35.701903069023551 ], [ 129.368213280774683, 35.701826042040928 ], [ 129.36822431421362, 35.701655935379279 ], [ 129.367866717856032, 35.699882416569032 ], [ 129.367820184370515, 35.699684920280482 ], [ 129.367725586706968, 35.699525820557348 ], [ 129.367375629567221, 35.699121006652234 ], [ 129.367290547949182, 35.699049007357395 ], [ 129.367136432151568, 35.698987847705929 ], [ 129.366982398651714, 35.698947932790858 ], [ 129.366675851296066, 35.698912738391222 ], [ 129.36637446074036, 35.698864784725274 ], [ 129.366292158926768, 35.698828924524534 ], [ 129.366237049529644, 35.698752566981739 ], [ 129.366202430290514, 35.698593298398499 ], [ 129.364977275681298, 35.692933530559444 ], [ 129.364870059796601, 35.692289946560422 ], [ 129.364832437325788, 35.692043537478035 ], [ 129.364471286276597, 35.687430973362225 ], [ 129.364956975566912, 35.686447704647222 ], [ 129.365144240947643, 35.68634939271324 ], [ 129.365235170258075, 35.686276872311524 ], [ 129.365307795659049, 35.686195873982435 ], [ 129.365364605888743, 35.686076705647693 ], [ 129.365385048456517, 35.685983148821492 ], [ 129.365400322872517, 35.685902351522174 ], [ 129.365399882635899, 35.685804585692935 ], [ 129.365383661644131, 35.68567714047802 ], [ 129.364838483105018, 35.682163828015987 ], [ 129.36449590045558, 35.680201238636727 ], [ 129.364406612781409, 35.679483202275975 ], [ 129.364418757029256, 35.67928763810491 ], [ 129.364452057143012, 35.679147320285367 ], [ 129.36455070753226, 35.6787678771502 ], [ 129.364104424879429, 35.678784178072178 ], [ 129.362584669500279, 35.678970165478709 ], [ 129.362196572370095, 35.679043581433909 ], [ 129.361821512411098, 35.67911695854572 ], [ 129.361282529620524, 35.67926308749977 ], [ 129.360696751086095, 35.679434845671253 ], [ 129.360334807932418, 35.679529423073866 ], [ 129.360016997581823, 35.67958138819872 ], [ 129.35953500950751, 35.67964656550059 ], [ 129.359253594848752, 35.679677162624259 ], [ 129.358609896223811, 35.679725833494111 ], [ 129.356289662809786, 35.679711449747529 ], [ 129.355713572548808, 35.679721658663119 ], [ 129.353887980579742, 35.679552765334265 ], [ 129.35122927267517, 35.678438468241161 ], [ 129.349236691691374, 35.677546753625336 ], [ 129.348791818253488, 35.677332829717592 ], [ 129.348414869089851, 35.677089606464627 ], [ 129.34825760523978, 35.676942330592738 ], [ 129.347529908286475, 35.675583745288257 ], [ 129.346678631236557, 35.674656707650925 ], [ 129.341618881151419, 35.670830261931435 ], [ 129.33762270841666, 35.668979956121994 ], [ 129.337564706131388, 35.668966878321676 ], [ 129.337364615328937, 35.668921778409299 ], [ 129.337205419872049, 35.668900363705511 ], [ 129.337130081934134, 35.668891721493559 ], [ 129.336875369158889, 35.668841219644612 ], [ 129.336503249824688, 35.668742388136685 ], [ 129.336174655982973, 35.668640887513931 ], [ 129.335299381614874, 35.668338602452252 ], [ 129.335091381795877, 35.668247002087014 ], [ 129.334638453481716, 35.668040842179579 ], [ 129.334416992056447, 35.667933906716691 ], [ 129.33412842111295, 35.667791319656246 ], [ 129.330671342443878, 35.665849682295679 ], [ 129.330503470607908, 35.665742589748163 ], [ 129.33020122032255, 35.665528332834477 ], [ 129.326016765840194, 35.662285980286278 ], [ 129.325978780739518, 35.662244360966838 ], [ 129.325481015854166, 35.661697737920889 ], [ 129.325339514809514, 35.661483033707221 ], [ 129.325254795517537, 35.661234882876741 ], [ 129.323994370989283, 35.659210286292954 ], [ 129.321297301055523, 35.658689230593495 ], [ 129.318789261615478, 35.658414450593199 ], [ 129.315459488971783, 35.659569365260268 ], [ 129.311056207514241, 35.660245006870078 ], [ 129.310886216129944, 35.660251341319324 ], [ 129.310826390529201, 35.660253569122595 ], [ 129.310752939891699, 35.660225843951004 ], [ 129.303570103912449, 35.656968549059926 ], [ 129.303464367229708, 35.656899871797684 ], [ 129.303442436606929, 35.656829243117279 ], [ 129.303616813482336, 35.656387976378262 ], [ 129.30343649529803, 35.654601171157132 ], [ 129.302787905192332, 35.648347224618085 ], [ 129.302772485304587, 35.648318904897764 ], [ 129.302737947113457, 35.648286366612879 ], [ 129.302699563586259, 35.648252421849314 ], [ 129.302615354687191, 35.648232797480063 ], [ 129.302301737446925, 35.648232151839544 ], [ 129.301618550193012, 35.648223927991964 ], [ 129.300990726625997, 35.648195711603648 ], [ 129.300674682920999, 35.648180895730412 ], [ 129.300605742860142, 35.648158369540589 ], [ 129.300387458861792, 35.648083771756163 ], [ 129.299372041269862, 35.64769877068462 ], [ 129.298879348749125, 35.647492955851256 ], [ 129.297402676729376, 35.646856482416794 ], [ 129.296943692974622, 35.646628702288488 ], [ 129.296721137517011, 35.646511928707987 ], [ 129.296590155350572, 35.646426929475908 ], [ 129.296552885879834, 35.646363026213052 ], [ 129.295899458856439, 35.644727899844156 ], [ 129.295807960640985, 35.644303098946303 ], [ 129.295574577801773, 35.644307960516379 ], [ 129.295293760804583, 35.644333540478719 ], [ 129.295069602995085, 35.644373197735959 ], [ 129.292081038666197, 35.645090311687106 ], [ 129.291896188318248, 35.645156522368275 ], [ 129.291822319354708, 35.645206471500885 ], [ 129.290611921452637, 35.646506634269066 ], [ 129.290488698086676, 35.646759330331996 ], [ 129.2904575521884, 35.646980767703802 ], [ 129.290434776326521, 35.647220291904731 ], [ 129.290414179214281, 35.647549175132447 ], [ 129.290369338241646, 35.647794599610272 ], [ 129.290317432184594, 35.647894255695839 ], [ 129.290217536225697, 35.647972715118279 ], [ 129.284514823635959, 35.651447629332587 ], [ 129.284430832113429, 35.651494089186635 ], [ 129.284362150840053, 35.651499860715518 ], [ 129.284251106763037, 35.651463981196244 ], [ 129.284173443617874, 35.651399944221872 ], [ 129.284011398118338, 35.65122649683542 ], [ 129.283820429232463, 35.651007206160379 ], [ 129.283669937506005, 35.650699159089555 ], [ 129.283659295643304, 35.650660025518064 ], [ 129.283635473439517, 35.650572404991493 ], [ 129.283600495609193, 35.650397258451669 ], [ 129.283569238418579, 35.650302006816048 ], [ 129.283505443875328, 35.65023065916683 ], [ 129.283439049000407, 35.650183632957827 ], [ 129.282474584021855, 35.649551570433786 ], [ 129.282362753552576, 35.649494356695953 ], [ 129.282261355526941, 35.649477769856055 ], [ 129.28219095002558, 35.649477949264799 ], [ 129.282143781049115, 35.649490462580729 ], [ 129.28191908692375, 35.64957087685297 ], [ 129.280528575988399, 35.650141342277486 ], [ 129.279075266973138, 35.650781586760516 ], [ 129.27865794823424, 35.651003605494552 ], [ 129.27837723500673, 35.651163926337532 ], [ 129.277459594185274, 35.651695083068034 ], [ 129.277061327985024, 35.652006775524896 ], [ 129.27675564618923, 35.652276119762575 ], [ 129.276641004786626, 35.652402554750509 ], [ 129.276521411124065, 35.652516062979302 ], [ 129.276429637811447, 35.652595986080946 ], [ 129.276345625590466, 35.652639636983999 ], [ 129.275875532730652, 35.652786506277103 ], [ 129.275487373718079, 35.652867230904718 ], [ 129.275289927899649, 35.652890107182451 ], [ 129.274870054940862, 35.652892411103998 ], [ 129.274756658594981, 35.652884258069371 ], [ 129.274285411390707, 35.652846187780256 ], [ 129.274049995129161, 35.652813074560179 ], [ 129.273816287664857, 35.652775760822522 ], [ 129.273589386204691, 35.652722994606833 ], [ 129.271975916758208, 35.652281717228924 ], [ 129.271632887889808, 35.652147641915668 ], [ 129.269500089993983, 35.65104352825378 ], [ 129.267953156277855, 35.652193814153399 ], [ 129.267843261908951, 35.652258981393501 ], [ 129.264995862697731, 35.653563057172633 ], [ 129.264714219815318, 35.653657597882045 ], [ 129.262807976149418, 35.654047607738974 ], [ 129.26260863680227, 35.6540839541398 ], [ 129.26237984225142, 35.654116851287753 ], [ 129.261523236373876, 35.654218426516422 ], [ 129.26047000556909, 35.654353081371376 ], [ 129.260355209172076, 35.654378609301276 ], [ 129.260239145073456, 35.654418398594849 ], [ 129.260077974233468, 35.654505178441809 ], [ 129.25825938492747, 35.656800070589945 ], [ 129.258128778033893, 35.657031996101431 ], [ 129.257927470838496, 35.657602827600954 ], [ 129.257698882046441, 35.658343223369769 ], [ 129.257657243432988, 35.65851422273235 ], [ 129.25759565892136, 35.658631877109777 ], [ 129.25752858623801, 35.658731681468865 ], [ 129.257419920626347, 35.658851490715747 ], [ 129.256448562418541, 35.65972165784342 ], [ 129.256278271363357, 35.6598605855526 ], [ 129.256093398577747, 35.659968553357537 ], [ 129.255174292082302, 35.660339192100196 ], [ 129.254871045632569, 35.66090051717066 ], [ 129.254328479470246, 35.664728559453849 ], [ 129.25430980540014, 35.664861936591244 ], [ 129.254178388615458, 35.666044029641618 ], [ 129.254216128884082, 35.66619550372134 ], [ 129.254246655339301, 35.666258528661864 ], [ 129.25816286440525, 35.670756067798678 ], [ 129.258283364230977, 35.670827472245556 ], [ 129.258401765123949, 35.67091740705154 ], [ 129.258460338833856, 35.670993022627734 ], [ 129.259647980534169, 35.672692331504464 ], [ 129.259749216374871, 35.67284151941962 ], [ 129.259814039415005, 35.67303104470961 ], [ 129.260859377957559, 35.679394091183404 ], [ 129.260846243204668, 35.679469931357886 ], [ 129.26080471522485, 35.679621734854621 ], [ 129.260773800288234, 35.679679988028298 ], [ 129.260497508238643, 35.679846910867695 ], [ 129.26029990181371, 35.679978213266892 ], [ 129.259976421210126, 35.680203100400348 ], [ 129.259599333170598, 35.680488210256307 ], [ 129.259493079031273, 35.680697181939941 ], [ 129.25872579626207, 35.682502221356444 ], [ 129.258673422496202, 35.682668989831996 ], [ 129.25861422185929, 35.682912311989 ], [ 129.258590380732528, 35.683205711739447 ], [ 129.258590878954664, 35.683323697965086 ], [ 129.258603556438715, 35.683425689322924 ], [ 129.258627841116152, 35.683494332080784 ], [ 129.258832199526267, 35.683628845224618 ], [ 129.259332399673553, 35.683936022714427 ], [ 129.25992113731138, 35.684270578499451 ], [ 129.260535962261571, 35.684612891207422 ], [ 129.261933141099519, 35.685460708616276 ], [ 129.261998478588851, 35.685502158847477 ], [ 129.262066134431961, 35.685565210301938 ], [ 129.262087245778304, 35.685590494020587 ], [ 129.262165386552226, 35.685684111567156 ], [ 129.262240393947565, 35.68579240635308 ], [ 129.262276884645956, 35.68588679683463 ], [ 129.262301750997693, 35.686005758530698 ], [ 129.262618523137604, 35.690279157717505 ], [ 129.262694159165733, 35.691445407712003 ], [ 129.262666038390563, 35.691559948123235 ], [ 129.262630671446914, 35.69167764895159 ], [ 129.261974834418027, 35.69351615080722 ], [ 129.259854094286936, 35.697086928247323 ], [ 129.259340244008683, 35.697913729699131 ], [ 129.259268194027641, 35.698019582793407 ], [ 129.259104282528682, 35.69821460496749 ], [ 129.257476250048228, 35.699915426914281 ], [ 129.256992875852518, 35.700217587275759 ], [ 129.256035609754207, 35.700784796861285 ], [ 129.257839715090171, 35.703024568595708 ], [ 129.258895278652886, 35.70481417131365 ], [ 129.261056399003195, 35.707397102920581 ], [ 129.261209271227585, 35.707562383282855 ], [ 129.263025677655747, 35.709367131103669 ], [ 129.263529332963003, 35.709816884947465 ], [ 129.263761172207381, 35.709968206714478 ], [ 129.263891143218643, 35.710027744083327 ], [ 129.264015318229582, 35.710041252721062 ], [ 129.264204549881555, 35.710031685417036 ], [ 129.264475387718164, 35.710031108952066 ], [ 129.264678543605868, 35.710039858033738 ], [ 129.264825420775622, 35.710090137727811 ], [ 129.264949737221713, 35.710140474126604 ], [ 129.266693318949422, 35.711495944554905 ], [ 129.266902742269906, 35.711688712947002 ], [ 129.267069635291534, 35.711850228558575 ], [ 129.267316322828549, 35.712190279552338 ], [ 129.267463813783564, 35.712424600727743 ], [ 129.267639754463971, 35.71272782635814 ], [ 129.267837638994308, 35.713094032578766 ], [ 129.268025609912939, 35.71362268288496 ], [ 129.268082980148506, 35.713907786455188 ], [ 129.268086634239324, 35.71401478492362 ], [ 129.268095949254075, 35.714287738375539 ], [ 129.268085152156004, 35.714434992011618 ], [ 129.26804637620728, 35.714651283453513 ], [ 129.267979663136202, 35.714950472612209 ], [ 129.267895862320756, 35.715203685735055 ], [ 129.267785440275276, 35.715432370710708 ], [ 129.265936024151472, 35.718390456889992 ], [ 129.265739370760173, 35.718653124749096 ], [ 129.265565173917395, 35.718878941196778 ], [ 129.265424442790561, 35.718985068279622 ], [ 129.265150980257829, 35.71915831661439 ], [ 129.264942512761593, 35.719259972973724 ], [ 129.264548064694736, 35.719435668225977 ], [ 129.264176124337951, 35.719588297237458 ], [ 129.263829011847577, 35.719744706204018 ], [ 129.263051521416685, 35.720132860025551 ], [ 129.262950175157897, 35.720206679709747 ], [ 129.262899670829796, 35.720294198129174 ], [ 129.262882930925088, 35.720349451122544 ], [ 129.262889068537106, 35.720501262942555 ], [ 129.26290078080163, 35.72063464755621 ], [ 129.262951337835403, 35.720785247717025 ], [ 129.263540442070138, 35.721785078314142 ], [ 129.26359146059869, 35.721853969421289 ], [ 129.263710256320792, 35.721941110269675 ], [ 129.263840321666549, 35.72202363235909 ], [ 129.26400988574548, 35.722101488639282 ], [ 129.264331892284986, 35.722206599814641 ], [ 129.264792445555713, 35.722356235669622 ], [ 129.265221820065506, 35.722497924360837 ], [ 129.265476168276905, 35.722616968890769 ], [ 129.265600543921892, 35.722685701164295 ], [ 129.265662880205667, 35.7227591716359 ], [ 129.266115223130299, 35.723378113183763 ], [ 129.266319352024027, 35.723667507347329 ], [ 129.266319477062126, 35.723708918548716 ], [ 129.265753201489872, 35.726240422857259 ], [ 129.264076855936878, 35.732732200007526 ], [ 129.26286002372936, 35.737428067429953 ], [ 129.262494159558685, 35.738286819597761 ], [ 129.262834430142874, 35.738227570129659 ], [ 129.265007855465029, 35.737964422991709 ], [ 129.266794445389053, 35.737762317418117 ], [ 129.266918076764853, 35.737759854965844 ], [ 129.267063269792686, 35.737778160722584 ], [ 129.267173553835988, 35.737810757666296 ], [ 129.267300068649604, 35.737867406847549 ], [ 129.267421305434453, 35.737953640327028 ], [ 129.267513021685374, 35.738056370348644 ], [ 129.267569798993179, 35.738156977769535 ], [ 129.267591702485788, 35.738277369847324 ], [ 129.267603043876619, 35.738455815735527 ], [ 129.267638464117823, 35.738600270224197 ], [ 129.267716963816468, 35.738766527111601 ], [ 129.267906289883143, 35.739126365897476 ], [ 129.268974482421044, 35.741086124452195 ], [ 129.269033944158735, 35.741186727658409 ], [ 129.269393359132408, 35.741767348009134 ], [ 129.269441965477995, 35.741832933427972 ], [ 129.269949282380935, 35.742435108755032 ], [ 129.27025674530023, 35.742746482116054 ], [ 129.270378091886187, 35.74286884271627 ], [ 129.270545204120822, 35.743007523562873 ], [ 129.276616773782848, 35.747365232269132 ], [ 129.276842212851591, 35.747456375628417 ], [ 129.276942364819945, 35.747486688895805 ], [ 129.277888028854051, 35.747706270967861 ], [ 129.27803740020147, 35.747740676880326 ], [ 129.278318046980388, 35.747763264806729 ], [ 129.278525530447837, 35.747750071994702 ], [ 129.284199153126508, 35.749627798657322 ], [ 129.284227726392459, 35.749711686801149 ], [ 129.28421097709986, 35.749756829602354 ], [ 129.283797365585514, 35.750211781190274 ], [ 129.283636855745073, 35.750355422069312 ], [ 129.28335388092637, 35.750613288586543 ], [ 129.2832273330296, 35.750775827221759 ], [ 129.283126111859275, 35.750907237605922 ], [ 129.282679166711432, 35.751527979979514 ], [ 129.282343836380278, 35.752059094452811 ], [ 129.28186556822547, 35.753019122097989 ], [ 129.281822215954463, 35.753114847512308 ], [ 129.281789900264755, 35.753273538173787 ], [ 129.281328955363108, 35.756992887937059 ], [ 129.281725752837332, 35.758068398072034 ], [ 129.284661730498357, 35.760657922498481 ], [ 129.284738610752555, 35.760704650603408 ], [ 129.284872950993332, 35.760731145531295 ], [ 129.285023664141505, 35.760739730750245 ], [ 129.285519556094812, 35.760738558966743 ], [ 129.286484201620908, 35.760702163800396 ], [ 129.287367228852418, 35.760572795426519 ], [ 129.287432979182341, 35.760577099023209 ], [ 129.288824004064082, 35.760931046151164 ], [ 129.289250552838496, 35.761052291426253 ], [ 129.28985398461063, 35.76124296751167 ], [ 129.290065812485864, 35.761319329296114 ], [ 129.290316616061517, 35.761418911537532 ], [ 129.290360054827175, 35.761446746444626 ], [ 129.291224205597587, 35.762015681973416 ], [ 129.295012688582034, 35.762043298321579 ], [ 129.29518528220504, 35.762042903339186 ], [ 129.295538706170504, 35.762039799921787 ], [ 129.295692041135993, 35.762014849462005 ], [ 129.296358248394256, 35.761866274168973 ], [ 129.296423875856647, 35.761830376380054 ], [ 129.297174977811977, 35.761307524776214 ], [ 129.298354382379927, 35.760793968687516 ], [ 129.298501360282501, 35.760772770700186 ], [ 129.298549166786785, 35.76077264433421 ], [ 129.298580539851912, 35.760790693454169 ], [ 129.298613426788137, 35.760824596033707 ], [ 129.29886274055545, 35.761251250669275 ], [ 129.298965714937026, 35.761433360434779 ], [ 129.300123404247699, 35.763935474627516 ], [ 129.300528590774405, 35.765430531722942 ], [ 129.300938257267404, 35.766842216976663 ], [ 129.301034698595373, 35.766983979983827 ], [ 129.301124275822133, 35.76700720100488 ], [ 129.301587685983776, 35.766974778770866 ], [ 129.302017157230523, 35.766843449216793 ], [ 129.302425380352872, 35.766589715436787 ], [ 129.302595187737921, 35.766477258743762 ], [ 129.302917881575951, 35.766429554853531 ], [ 129.303339760674987, 35.766407656884908 ], [ 129.30495153749672, 35.766364527074245 ], [ 129.305368072941235, 35.766405160804972 ], [ 129.305566357314262, 35.766430699255558 ], [ 129.308768318744256, 35.767378706444148 ], [ 129.309162871613381, 35.767525305423923 ], [ 129.310471176711189, 35.7683526269252 ], [ 129.31166775706879, 35.769433388470596 ], [ 129.3131259737969, 35.7712719116766 ], [ 129.313218209339681, 35.771466206879573 ], [ 129.313202828926478, 35.771599827003897 ], [ 129.313035151597944, 35.771791275246024 ], [ 129.312879012206963, 35.771933030737614 ], [ 129.312687527059978, 35.772082908534109 ], [ 129.312692519168991, 35.772255352183983 ], [ 129.312888931592482, 35.773388761545093 ], [ 129.313976980152148, 35.775069693506268 ], [ 129.314156247172832, 35.775277997145608 ], [ 129.314460323166486, 35.775476055671405 ], [ 129.316263775293862, 35.776602052500451 ], [ 129.31671169004332, 35.776781652149232 ], [ 129.319922637804297, 35.777811165399221 ], [ 129.321574854612095, 35.778102657838964 ], [ 129.32209137248384, 35.77817435483572 ], [ 129.32342311646039, 35.778324786060665 ], [ 129.327045539619547, 35.77818134154699 ], [ 129.33789611859595, 35.778513208316781 ], [ 129.338456794592872, 35.77865522413645 ], [ 129.338932626741098, 35.778823024732439 ], [ 129.341393328879036, 35.780412125505379 ], [ 129.344170098972228, 35.782014045306433 ], [ 129.345707068549189, 35.782214560470699 ], [ 129.345893050995613, 35.782233793785501 ], [ 129.345997394361774, 35.782244206454877 ], [ 129.346262818516919, 35.782238424770277 ], [ 129.346519989736635, 35.782156233796854 ], [ 129.347068305160462, 35.781900185228764 ], [ 129.348028681138771, 35.780969055447443 ], [ 129.348554536389685, 35.780120090199517 ], [ 129.349220562163111, 35.778111983813154 ], [ 129.349930072430539, 35.776198496149874 ], [ 129.350876235430235, 35.774955947229238 ], [ 129.353139195405134, 35.773450764430542 ], [ 129.353952977567758, 35.773037925181939 ] ] ] ] } },
{ "type": "Feature", "properties": { "OBJECTID": 2792, "adm_nm": "경상북도 경주시 문무대왕면", "adm_cd": "3702039", "adm_cd2": "4713031500", "sgg": "47130", "sido": "47", "sidonm": "경상북도", "sggnm": "경주시" }, "geometry": { "type": "MultiPolygon", "coordinates": [ [ [ [ 129.454852948245218, 35.846759915866052 ], [ 129.455462144923445, 35.845344059025678 ], [ 129.454957695787556, 35.844769366962311 ], [ 129.453900806905125, 35.844319169888294 ], [ 129.45293369357455, 35.843772763906145 ], [ 129.452874590853412, 35.843358775576576 ], [ 129.452577758680974, 35.838986656467618 ], [ 129.452776935058154, 35.838680648963042 ], [ 129.45338147228756, 35.838743807559403 ], [ 129.453910043510234, 35.837846066681159 ], [ 129.45450861067539, 35.836210888152941 ], [ 129.454558274181181, 35.834813367399562 ], [ 129.453610370408228, 35.834134483560121 ], [ 129.452472499056057, 35.832553627291091 ], [ 129.452567984742529, 35.831891172977016 ], [ 129.452989454996668, 35.831278679919222 ], [ 129.453207115237831, 35.830821325431103 ], [ 129.453739001696505, 35.828527007060771 ], [ 129.453940410830171, 35.827541590482298 ], [ 129.454907568457855, 35.822603754294953 ], [ 129.45428998024201, 35.819325333521931 ], [ 129.454032305854213, 35.818481357648537 ], [ 129.453344528949543, 35.817967010746941 ], [ 129.452054734067275, 35.817464929196149 ], [ 129.450891156807728, 35.817299926483393 ], [ 129.449325826314237, 35.816878906656342 ], [ 129.448442447459286, 35.816028822038362 ], [ 129.449645795465756, 35.812005940994638 ], [ 129.450689794079352, 35.807801053456316 ], [ 129.450399944117493, 35.807185377821988 ], [ 129.448831635155415, 35.805832318774598 ], [ 129.447877140605669, 35.805258168616902 ], [ 129.446386889897269, 35.805316778196101 ], [ 129.445115135100991, 35.804579465543512 ], [ 129.443161268971352, 35.801962186285657 ], [ 129.442783382565807, 35.800952291327661 ], [ 129.442102161120346, 35.799100581949133 ], [ 129.44216113968622, 35.798760195948397 ], [ 129.442736628250259, 35.79841930118647 ], [ 129.444137656259841, 35.797589398625497 ], [ 129.44548025995806, 35.796379844878551 ], [ 129.447232371021755, 35.794417210042063 ], [ 129.448503121456554, 35.792864975343754 ], [ 129.448935660942198, 35.791131963303151 ], [ 129.4497377443885, 35.78868204301822 ], [ 129.450243596817245, 35.788533122463662 ], [ 129.451514236724421, 35.788111494614085 ], [ 129.452454483390596, 35.787477940846721 ], [ 129.453336918754417, 35.78646316903037 ], [ 129.454778108629881, 35.783691972532615 ], [ 129.455955762339187, 35.781378388798473 ], [ 129.456609119773049, 35.780064826034149 ], [ 129.457489569621004, 35.779368443523744 ], [ 129.458625707999488, 35.779090824234459 ], [ 129.459240117227267, 35.778767353115718 ], [ 129.460243534997346, 35.777559657236537 ], [ 129.461664474493915, 35.775269303174326 ], [ 129.462546395717851, 35.773498775970644 ], [ 129.464939665308918, 35.772375655221069 ], [ 129.465682842007396, 35.770607937662795 ], [ 129.466642010170915, 35.76572655266358 ], [ 129.466531476657877, 35.763269674890765 ], [ 129.467601979592246, 35.759779038288642 ], [ 129.469104786385259, 35.75900526045897 ], [ 129.472218912682791, 35.756538713299385 ], [ 129.473267006755236, 35.755669194892626 ], [ 129.480936862494787, 35.748049075886584 ], [ 129.481111920077097, 35.745869000429067 ], [ 129.480334428176917, 35.744809320703496 ], [ 129.479637842291623, 35.743859899113545 ], [ 129.483165651742809, 35.742850672511203 ], [ 129.484724785398015, 35.743421502056371 ], [ 129.484343219716692, 35.741718405953975 ], [ 129.485100384178253, 35.736756246311565 ], [ 129.48587862806076, 35.732271488965154 ], [ 129.485676441699553, 35.728876110494809 ], [ 129.484341655728485, 35.72756550899453 ], [ 129.482313580053528, 35.724263798319448 ], [ 129.48166945796666, 35.72246059129057 ], [ 129.481153859046231, 35.722134432088986 ], [ 129.481051284701039, 35.72207078694143 ], [ 129.478844470527264, 35.721257027814865 ], [ 129.478557298540551, 35.721170108671593 ], [ 129.478187236837385, 35.721100864839173 ], [ 129.478055347863005, 35.721101385753713 ], [ 129.477968602160786, 35.721104551050509 ], [ 129.476796522734674, 35.721349877752715 ], [ 129.472940744541319, 35.722269376830234 ], [ 129.468515802503362, 35.72385932427899 ], [ 129.467907564654723, 35.724168142746805 ], [ 129.467683124120327, 35.724292783741994 ], [ 129.467563126260046, 35.72437003967319 ], [ 129.467385782287181, 35.724490240800918 ], [ 129.467203328329276, 35.724631798921557 ], [ 129.466977617695363, 35.724836605076455 ], [ 129.466821425091581, 35.724990863045143 ], [ 129.466628883815275, 35.725200730623712 ], [ 129.465288902673819, 35.726831843145881 ], [ 129.465158092171635, 35.726991390586583 ], [ 129.465061322720885, 35.727126955399903 ], [ 129.464989345854974, 35.727333982651864 ], [ 129.464961276418137, 35.72754083889329 ], [ 129.464941201653915, 35.728023192947191 ], [ 129.464964685235771, 35.728143631810923 ], [ 129.465010684067096, 35.728217753366295 ], [ 129.465177182284265, 35.728444621139111 ], [ 129.46528867063401, 35.728587872402926 ], [ 129.465303748570818, 35.7286577104543 ], [ 129.465327328978475, 35.728796903525591 ], [ 129.465299828037587, 35.728964158160956 ], [ 129.464327378710209, 35.731418773766784 ], [ 129.464253797192441, 35.731497991804332 ], [ 129.462823972679416, 35.732478518851302 ], [ 129.462687691161932, 35.732553337726941 ], [ 129.462536914326051, 35.732612593889115 ], [ 129.462437366053194, 35.732610011899723 ], [ 129.462277687797211, 35.732578131516952 ], [ 129.461804067466687, 35.732436010468781 ], [ 129.461712561433728, 35.732371365138071 ], [ 129.461546748045436, 35.732265218355117 ], [ 129.461466786747138, 35.732228366939083 ], [ 129.461386961004251, 35.73221475303427 ], [ 129.461290146316088, 35.732219744694639 ], [ 129.458836271252409, 35.732442692563971 ], [ 129.458654191325422, 35.732475882080841 ], [ 129.458553500250986, 35.732527925373844 ], [ 129.458489661735058, 35.732592584011385 ], [ 129.458478601238056, 35.732652982923305 ], [ 129.45849045634705, 35.732731873676798 ], [ 129.458706575155759, 35.733668935591425 ], [ 129.458776020683615, 35.733859039761015 ], [ 129.458902279056133, 35.7340210619559 ], [ 129.458994074197648, 35.73413677903882 ], [ 129.459028805088934, 35.734234149468783 ], [ 129.459023515589394, 35.734303817938816 ], [ 129.458989406834746, 35.734378233255818 ], [ 129.458906205441053, 35.734474258461731 ], [ 129.458853798691337, 35.734508752872991 ], [ 129.458677610029156, 35.734579069852835 ], [ 129.457620344618448, 35.734982378537723 ], [ 129.457461105189395, 35.735029423306493 ], [ 129.452033485433532, 35.736257054537141 ], [ 129.451948064067153, 35.736262029622907 ], [ 129.450414585785893, 35.736072740067982 ], [ 129.449907124808391, 35.735991054973091 ], [ 129.449496345358455, 35.735881150609281 ], [ 129.449210905343278, 35.735770797476306 ], [ 129.44863985296405, 35.735522191520609 ], [ 129.448394476595183, 35.735448822658945 ], [ 129.448223463701709, 35.735426241791806 ], [ 129.448058236703787, 35.735422218324103 ], [ 129.447699460997256, 35.735442109669442 ], [ 129.44758803353389, 35.735465670047617 ], [ 129.447466324145608, 35.735522350844086 ], [ 129.445319394032396, 35.736768274473988 ], [ 129.443993787521947, 35.738025361965342 ], [ 129.443358656015278, 35.74126889503853 ], [ 129.442041642787615, 35.74386207402496 ], [ 129.441420700150076, 35.746499707331481 ], [ 129.44066582720518, 35.749929807867467 ], [ 129.440243923781878, 35.751361732422254 ], [ 129.440206227230732, 35.751398961806821 ], [ 129.440124162146532, 35.751429963017181 ], [ 129.439381372191747, 35.751396763106527 ], [ 129.439025361207314, 35.751360383994651 ], [ 129.43852929196845, 35.751301998712002 ], [ 129.436110772880483, 35.752893632244344 ], [ 129.43569412810362, 35.754041538215589 ], [ 129.43565442305993, 35.754119436663871 ], [ 129.435584562411748, 35.754193339306688 ], [ 129.435464679886707, 35.754291980985457 ], [ 129.435239443496926, 35.754395115359557 ], [ 129.43499413886633, 35.754498309019787 ], [ 129.434828895817333, 35.754560276323453 ], [ 129.434678575345401, 35.754597653793077 ], [ 129.434563146627596, 35.754593974948655 ], [ 129.434447650770124, 35.754578021797478 ], [ 129.433183410961107, 35.754152873069827 ], [ 129.431934703500502, 35.753347086138149 ], [ 129.431607104156228, 35.751940916341574 ], [ 129.431601456850274, 35.751872175478539 ], [ 129.431542939003975, 35.751777836583621 ], [ 129.430162706125003, 35.749659468371952 ], [ 129.428965875501945, 35.748060692617052 ], [ 129.427452014481844, 35.746265706227142 ], [ 129.427335383699898, 35.746145777919295 ], [ 129.427160663977901, 35.74600886456269 ], [ 129.427049526767831, 35.745927608406525 ], [ 129.426906712503637, 35.745842155828178 ], [ 129.426625414083105, 35.745720059352713 ], [ 129.422226687317874, 35.744515278946942 ], [ 129.416537157335455, 35.742777817068287 ], [ 129.414618292408107, 35.742160568107543 ], [ 129.414475591752137, 35.742138585662666 ], [ 129.414149163335821, 35.742162194923985 ], [ 129.414004448726871, 35.742198286152515 ], [ 129.413637334029659, 35.742360657872936 ], [ 129.412951858366284, 35.742777017130777 ], [ 129.412782421533649, 35.742923724943232 ], [ 129.412510221717866, 35.743207536368438 ], [ 129.402956849499134, 35.746381461327474 ], [ 129.401190183244353, 35.746767638695047 ], [ 129.401008580668417, 35.746785087198838 ], [ 129.400865912625989, 35.746770588415089 ], [ 129.399319561446049, 35.746599598665043 ], [ 129.399094022356707, 35.746570363902862 ], [ 129.396279006854826, 35.747154572990908 ], [ 129.392574706407714, 35.748440434709501 ], [ 129.386089410303356, 35.751402603589248 ], [ 129.385945304656246, 35.751492804387297 ], [ 129.385850910109241, 35.751572256039708 ], [ 129.38518354378661, 35.752242635103457 ], [ 129.384474415300531, 35.753071140169553 ], [ 129.383761506611108, 35.754467981532585 ], [ 129.383594298975453, 35.754721205522038 ], [ 129.383281857884668, 35.755018583752708 ], [ 129.382061516645678, 35.755967770850617 ], [ 129.381832332857641, 35.756068340191121 ], [ 129.380266029689949, 35.756719079732989 ], [ 129.380101587901379, 35.756750805532867 ], [ 129.37980298476694, 35.756742371795269 ], [ 129.378808372623496, 35.756466268722406 ], [ 129.377596419023632, 35.755958407317969 ], [ 129.377308711662323, 35.755825157279894 ], [ 129.371590261076221, 35.753019291905353 ], [ 129.370345113886771, 35.751602658654349 ], [ 129.370106736250136, 35.751292974233017 ], [ 129.369867554179024, 35.750808512384765 ], [ 129.369679909255979, 35.750389107138822 ], [ 129.369660019806844, 35.750243086591887 ], [ 129.369685060409523, 35.750117797453818 ], [ 129.370014786653798, 35.749409858306805 ], [ 129.370324189036864, 35.748456801422464 ], [ 129.370336452623178, 35.748336769945979 ], [ 129.370335942152366, 35.748227210382275 ], [ 129.370303617491231, 35.748164706060301 ], [ 129.368861058190021, 35.746395288613719 ], [ 129.368467298405449, 35.746119579257915 ], [ 129.367650537288426, 35.746581056579437 ], [ 129.362368913061118, 35.750426407799289 ], [ 129.359596565542773, 35.753480254630446 ], [ 129.358105666855209, 35.755085527136302 ], [ 129.357852722802164, 35.755324919804004 ], [ 129.357294601584584, 35.755710930440621 ], [ 129.356829197615525, 35.75596785287 ], [ 129.3565392282012, 35.75604051343511 ], [ 129.356290560109585, 35.756075042308382 ], [ 129.354620056186775, 35.758122180191691 ], [ 129.354937260052424, 35.758615126906882 ], [ 129.355284678733938, 35.759537320155111 ], [ 129.355321665373452, 35.759693505039088 ], [ 129.355332327594482, 35.759761046140461 ], [ 129.35534256401337, 35.7609035709769 ], [ 129.355332669616985, 35.761009195818431 ], [ 129.354615258702324, 35.765247826879097 ], [ 129.353713636519643, 35.768880843074172 ], [ 129.353632020191782, 35.769185200974228 ], [ 129.353570094543727, 35.769248742611111 ], [ 129.352656454712502, 35.770170086691792 ], [ 129.352037449574794, 35.770892060963881 ], [ 129.351779796805147, 35.771256058456004 ], [ 129.351749175842031, 35.771365957841418 ], [ 129.35181705071048, 35.771475584235404 ], [ 129.353952977567758, 35.773037925181939 ], [ 129.354222513828262, 35.773176756435753 ], [ 129.354765975875836, 35.780350064151598 ], [ 129.354346514389192, 35.78172898019406 ], [ 129.35426708224017, 35.781729215602454 ], [ 129.354148028511986, 35.781753830403701 ], [ 129.354023419559667, 35.781800434844023 ], [ 129.352273830440168, 35.783172804413141 ], [ 129.351605010657494, 35.784408445616009 ], [ 129.351350841746154, 35.784987866620106 ], [ 129.351655045705371, 35.788957734675485 ], [ 129.352025401226598, 35.793214841150103 ], [ 129.351941493822096, 35.794076068496736 ], [ 129.351511895895555, 35.795454324709077 ], [ 129.350905738977275, 35.796364687695494 ], [ 129.350178631607577, 35.796932388275067 ], [ 129.349384766878643, 35.797610729339624 ], [ 129.34865778495157, 35.799333564895797 ], [ 129.347838732983149, 35.801824134815313 ], [ 129.347853425709587, 35.802323397261091 ], [ 129.351568276268182, 35.802365677251203 ], [ 129.354533427105906, 35.802468857702962 ], [ 129.35460033900145, 35.802471532966827 ], [ 129.356644995761911, 35.802629001679449 ], [ 129.356798350154065, 35.802672989926478 ], [ 129.35688130847862, 35.802720793474933 ], [ 129.357052543128475, 35.802823549843112 ], [ 129.357193857967559, 35.802932110434583 ], [ 129.358093802865426, 35.803624052180488 ], [ 129.358088650170458, 35.803658761931111 ], [ 129.35807133957573, 35.803689027875713 ], [ 129.35789265646892, 35.80381705169286 ], [ 129.357629109663918, 35.804058921467373 ], [ 129.357487661875979, 35.804240165472059 ], [ 129.35692364828455, 35.805375400742676 ], [ 129.356906892249384, 35.805447293388646 ], [ 129.357825145789292, 35.80972617434351 ], [ 129.357871499700678, 35.809911503594982 ], [ 129.357957556356638, 35.810066555165172 ], [ 129.358479209254313, 35.810911115865963 ], [ 129.358545119229348, 35.811010611597005 ], [ 129.358585052652927, 35.811033674774322 ], [ 129.362271472223682, 35.812603633811541 ], [ 129.367110226804499, 35.814728655826059 ], [ 129.368718820109763, 35.816133180933669 ], [ 129.368807664322986, 35.816269682675618 ], [ 129.370998222797766, 35.820426323196621 ], [ 129.372111376226599, 35.822963553897821 ], [ 129.372238147446751, 35.823296968105332 ], [ 129.372644942126158, 35.824480290822976 ], [ 129.372662843810161, 35.824656409257024 ], [ 129.37264907171965, 35.824756133333167 ], [ 129.372609525226437, 35.824816521496714 ], [ 129.372507773229557, 35.824969832410034 ], [ 129.372471272726017, 35.825076576118569 ], [ 129.372474694405099, 35.825201756513202 ], [ 129.372506756399247, 35.825363917714185 ], [ 129.372535670134909, 35.825461197042124 ], [ 129.373032530293159, 35.826763416817379 ], [ 129.373130277273191, 35.826975953692525 ], [ 129.373198383067177, 35.827058519262856 ], [ 129.373312527463838, 35.82715275226429 ], [ 129.373453249254112, 35.827242961274095 ], [ 129.374219781794352, 35.827705676136752 ], [ 129.374345845169927, 35.827768354739717 ], [ 129.374452418921777, 35.827795608512631 ], [ 129.374583135310985, 35.82781491139388 ], [ 129.375076833285277, 35.82786855168068 ], [ 129.375362569956451, 35.827930732173023 ], [ 129.375483719851957, 35.827973710771062 ], [ 129.377071554887948, 35.828602995849486 ], [ 129.377175023968448, 35.828653109091157 ], [ 129.377266777239015, 35.828717652072726 ], [ 129.377370353574776, 35.828791756899598 ], [ 129.377482951240268, 35.828904265570401 ], [ 129.37765788459231, 35.829093391002949 ], [ 129.377777967058989, 35.829228670641911 ], [ 129.377869971179138, 35.829350824642589 ], [ 129.377959172393361, 35.82949940649474 ], [ 129.378006923980394, 35.829619318679974 ], [ 129.378025216979211, 35.829744117510231 ], [ 129.378046569977499, 35.829895321130749 ], [ 129.37807427858047, 35.830294976773551 ], [ 129.378067289752948, 35.830691187573166 ], [ 129.377652698425834, 35.833778397120916 ], [ 129.377644043182045, 35.833819240784287 ], [ 129.377623573522101, 35.833857728756179 ], [ 129.372995732244988, 35.837225111199587 ], [ 129.370040940754052, 35.838881448804386 ], [ 129.369820714328227, 35.838983015703363 ], [ 129.369748375035357, 35.839029990170388 ], [ 129.369691230027485, 35.839094151667638 ], [ 129.369273385682135, 35.839612201891015 ], [ 129.369135169877779, 35.839797164406122 ], [ 129.368366084966652, 35.840860102582326 ], [ 129.368339224563954, 35.840933998851803 ], [ 129.368195029141333, 35.841793860376704 ], [ 129.368180405822756, 35.841902175399539 ], [ 129.368201844483622, 35.841961169302962 ], [ 129.368262520539446, 35.842007753703953 ], [ 129.368356435407151, 35.84204928675284 ], [ 129.368467031398666, 35.842098165948229 ], [ 129.368560942196723, 35.842137251415977 ], [ 129.368754705581949, 35.842195722807226 ], [ 129.368875788274238, 35.842229805889041 ], [ 129.371250363325601, 35.844927489412925 ], [ 129.372273164595242, 35.85068459484858 ], [ 129.37217026739296, 35.850842104212227 ], [ 129.370989633971988, 35.85276898748851 ], [ 129.370975703648327, 35.852815043936424 ], [ 129.370978361618512, 35.852882109346268 ], [ 129.370999977069488, 35.852968325853908 ], [ 129.371840916608988, 35.856168025470957 ], [ 129.371920987221415, 35.856311869108985 ], [ 129.37203385338799, 35.856502000133894 ], [ 129.372168108826145, 35.85669454260487 ], [ 129.372364742405125, 35.856949002245031 ], [ 129.372588738654741, 35.857174406260647 ], [ 129.372704642446053, 35.857289629899668 ], [ 129.372746468008586, 35.857319073126945 ], [ 129.372843566631502, 35.857383120773328 ], [ 129.372940644423181, 35.857440487917543 ], [ 129.373032908144012, 35.857478633326856 ], [ 129.373363898087689, 35.857572722433602 ], [ 129.373475024458855, 35.85760312991075 ], [ 129.373616800887987, 35.85762767292843 ], [ 129.374649431757945, 35.857804153381387 ], [ 129.375374543832322, 35.857854744451046 ], [ 129.375426505625001, 35.857859386966297 ], [ 129.375488058301414, 35.857893777620319 ], [ 129.375594699430309, 35.857977031101761 ], [ 129.375706262069741, 35.85810159559162 ], [ 129.375844024842451, 35.858276034382058 ], [ 129.376034131681791, 35.858531991432102 ], [ 129.376124436795919, 35.858656619797458 ], [ 129.376169606910764, 35.858722774810772 ], [ 129.376200536755505, 35.85877072545253 ], [ 129.376207790782615, 35.858807209721682 ], [ 129.375948555031187, 35.861424353818535 ], [ 129.375448501206876, 35.862540470745394 ], [ 129.375109072036992, 35.863170871605988 ], [ 129.374950271055695, 35.863420666987594 ], [ 129.375296752613366, 35.863912005505483 ], [ 129.376606052393385, 35.86515507691373 ], [ 129.377110233061188, 35.865411955316929 ], [ 129.379019204789472, 35.865622171705652 ], [ 129.379127820745936, 35.865619895357185 ], [ 129.379215157679909, 35.86561386644788 ], [ 129.379406318860276, 35.86559118182506 ], [ 129.379720146298837, 35.865541186499286 ], [ 129.379842835148168, 35.865519659396753 ], [ 129.379927646767328, 35.865477108935622 ], [ 129.380007688900804, 35.865426891327381 ], [ 129.380141816320247, 35.865327500543728 ], [ 129.380334710060254, 35.865173181209094 ], [ 129.380864036619272, 35.864759298228293 ], [ 129.381005306800233, 35.86467333729027 ], [ 129.381094801423416, 35.864623102540335 ], [ 129.382515482732657, 35.863955625297287 ], [ 129.382586187373477, 35.863922743223917 ], [ 129.382826572411716, 35.863828754020474 ], [ 129.383128464250376, 35.863754786872711 ], [ 129.38327000775314, 35.86372646114603 ], [ 129.383402168108063, 35.863708771797668 ], [ 129.383524873845516, 35.863692988428667 ], [ 129.383661869249721, 35.863701221099532 ], [ 129.383824860901143, 35.863714133701784 ], [ 129.383952427707328, 35.863725272400181 ], [ 129.38404698110034, 35.863747055864657 ], [ 129.384169918983503, 35.863779341294887 ], [ 129.384292898952651, 35.863817375453813 ], [ 129.384446745006329, 35.863892788335932 ], [ 129.384614833724555, 35.863986415997736 ], [ 129.384716708251261, 35.864055256576975 ], [ 129.384771216942227, 35.864096402924581 ], [ 129.384837530624679, 35.864136546356548 ], [ 129.384941595553101, 35.864170813801266 ], [ 129.385045629972183, 35.864199301467977 ], [ 129.385123617164538, 35.864212501658521 ], [ 129.385241740802854, 35.86422463186134 ], [ 129.385390478525807, 35.86421837654872 ], [ 129.387125640720967, 35.864133071500952 ], [ 129.390661767871876, 35.863903540697514 ], [ 129.390819894614765, 35.863885732806956 ], [ 129.390907182291073, 35.863869133797635 ], [ 129.390977852501976, 35.863836214919068 ], [ 129.392211663829158, 35.863118326068957 ], [ 129.392225717117441, 35.863095222008489 ], [ 129.39224673396231, 35.863047108117911 ], [ 129.393391507113648, 35.86008212115 ], [ 129.393679954002636, 35.858242159955772 ], [ 129.396885183981794, 35.85799913309031 ], [ 129.396897192516633, 35.858039430685508 ], [ 129.396935591883107, 35.85816518089586 ], [ 129.396957153902207, 35.858224675622516 ], [ 129.397004636409378, 35.858278328760427 ], [ 129.397061529877789, 35.858322338164172 ], [ 129.39712542348056, 35.858354795649312 ], [ 129.397312330636595, 35.858427217891283 ], [ 129.397397438086529, 35.858449028323513 ], [ 129.397454157324574, 35.858460352472065 ], [ 129.397508509165704, 35.858467873778132 ], [ 129.398393384006368, 35.858509378429638 ], [ 129.398840105036697, 35.858523075625783 ], [ 129.399249573669664, 35.858531829780155 ], [ 129.403006291374567, 35.858585001777158 ], [ 129.404199350702072, 35.858368777979045 ], [ 129.404707581227342, 35.858276133735423 ], [ 129.405668139179056, 35.858085953791004 ], [ 129.405823071464368, 35.858055107674403 ], [ 129.406120386046467, 35.857968219044402 ], [ 129.409446782623661, 35.860657667040343 ], [ 129.40957139986412, 35.860763339574603 ], [ 129.409714804976858, 35.860904337012585 ], [ 129.409864649599143, 35.861090765358156 ], [ 129.410108993573971, 35.861561106278543 ], [ 129.410165851180608, 35.861757971702723 ], [ 129.410210547530653, 35.862005406619332 ], [ 129.410217328294408, 35.862116552050736 ], [ 129.410217991959939, 35.862247916186583 ], [ 129.409995678001337, 35.863653352139721 ], [ 129.409900806709203, 35.865721491145834 ], [ 129.409800475650229, 35.868234300002207 ], [ 129.409834716978366, 35.868859459615962 ], [ 129.409853758033847, 35.868945305334307 ], [ 129.410158531053156, 35.870299660378592 ], [ 129.410214953130833, 35.870415669088942 ], [ 129.413154420507851, 35.874341712527034 ], [ 129.413204403664736, 35.874407239820627 ], [ 129.414626582395783, 35.876154378350108 ], [ 129.414757616561616, 35.876295412898614 ], [ 129.414938153682812, 35.876410995907804 ], [ 129.416534638438236, 35.877357929819908 ], [ 129.417379652108366, 35.877577327016198 ], [ 129.417621930966561, 35.877632081514889 ], [ 129.417795664176197, 35.877631479464036 ], [ 129.418025059633607, 35.877595296560912 ], [ 129.419032140047875, 35.877364435196611 ], [ 129.419366703147631, 35.877267285833085 ], [ 129.419651559585759, 35.877160177650325 ], [ 129.419775505971131, 35.877129419956205 ], [ 129.419856183478771, 35.877134204102148 ], [ 129.420944136132448, 35.877529569438437 ], [ 129.421031207859301, 35.877569686608304 ], [ 129.421329091154689, 35.877871816726511 ], [ 129.421449618437066, 35.87800564695852 ], [ 129.421474045046523, 35.878621334984743 ], [ 129.421463963455352, 35.878898538834058 ], [ 129.421452746148049, 35.878957310043205 ], [ 129.421393128126113, 35.879141309368563 ], [ 129.421015938021043, 35.880237812482775 ], [ 129.420938532133363, 35.880334399247552 ], [ 129.420863722620481, 35.880372246351179 ], [ 129.420295469879704, 35.880935617774028 ], [ 129.419986785734551, 35.881764091221029 ], [ 129.419932949618271, 35.881949856167076 ], [ 129.419916609526013, 35.882135469575658 ], [ 129.419937843050519, 35.882332714003113 ], [ 129.420025553215453, 35.882553771928755 ], [ 129.420162293510487, 35.882769433886686 ], [ 129.420284252041768, 35.882916969539295 ], [ 129.42142158054898, 35.883985273725216 ], [ 129.425515114308837, 35.883945425392241 ], [ 129.427688983110102, 35.883044104275243 ], [ 129.42986624308196, 35.880639116718449 ], [ 129.431397012989493, 35.880206332839464 ], [ 129.431889268650281, 35.880068855727849 ], [ 129.432218770595654, 35.880004146576724 ], [ 129.432477435771716, 35.879959900069657 ], [ 129.4337619247612, 35.879900435202913 ], [ 129.4338861049184, 35.879908645118526 ], [ 129.43402133669457, 35.879991892115946 ], [ 129.434249375394103, 35.880184530509553 ], [ 129.434350088902079, 35.880279443528273 ], [ 129.434413944374228, 35.880282114391441 ], [ 129.434495474476364, 35.88027315662363 ], [ 129.434598185156659, 35.880246796706324 ], [ 129.434806944643327, 35.880153639657465 ], [ 129.436484797937283, 35.879387480975005 ], [ 129.436551945611683, 35.87934392715038 ], [ 129.43665417361828, 35.879228046676282 ], [ 129.436869043893068, 35.878958759600202 ], [ 129.437066145364156, 35.87868084525504 ], [ 129.437192780402086, 35.87848981876494 ], [ 129.437231186788239, 35.878379954234973 ], [ 129.437522594718473, 35.877478009626067 ], [ 129.437537380033746, 35.87739737793769 ], [ 129.437668968881837, 35.876404931418065 ], [ 129.437676249095091, 35.876342910454682 ], [ 129.437606508274627, 35.876119975833888 ], [ 129.437552671686376, 35.876020980051649 ], [ 129.437299284653932, 35.875625116371921 ], [ 129.43704607118471, 35.875263334941664 ], [ 129.437022751578439, 35.875176632793377 ], [ 129.437060520581753, 35.875120690713501 ], [ 129.438051909579883, 35.874044552797855 ], [ 129.440704392648826, 35.869115406889684 ], [ 129.440787218361749, 35.868947719176511 ], [ 129.440847638315006, 35.868860683025758 ], [ 129.442902326713323, 35.867374538809472 ], [ 129.443069311604376, 35.867287126961052 ], [ 129.444535582075218, 35.866770259487645 ], [ 129.445456358954345, 35.863989392543196 ], [ 129.44538730797251, 35.863890455471171 ], [ 129.445318174242146, 35.86377911122824 ], [ 129.445302510173974, 35.863698588665152 ], [ 129.44531690213978, 35.863549718060746 ], [ 129.44610598988865, 35.859005518488416 ], [ 129.446158802310265, 35.858924720248709 ], [ 129.446340229199734, 35.85870085807462 ], [ 129.447308906951122, 35.857705326972081 ], [ 129.447422938247456, 35.857680109789762 ], [ 129.4487077095107, 35.856654883857786 ], [ 129.449647516811694, 35.854471191835948 ], [ 129.449139592377435, 35.852009563294139 ], [ 129.449086286630035, 35.851909765006113 ], [ 129.449065265924645, 35.851860544299875 ], [ 129.449024760022525, 35.85172970502947 ], [ 129.449016249087094, 35.851601552147166 ], [ 129.449013864177516, 35.851437919686212 ], [ 129.449015868234966, 35.851387802515923 ], [ 129.449023179349609, 35.851338271714376 ], [ 129.449051248783547, 35.85121128669401 ], [ 129.449093569878869, 35.85104916980525 ], [ 129.449161095113737, 35.85091088213828 ], [ 129.449238351906587, 35.85080918689215 ], [ 129.45056992084281, 35.849118294378215 ], [ 129.451702628480206, 35.848354902353798 ], [ 129.454852948245218, 35.846759915866052 ] ] ] ] } },
{ "type": "Feature", "properties": { "OBJECTID": 2793, "adm_nm": "경상북도 경주시 양남면", "adm_cd": "3702032", "adm_cd2": "4713032000", "sgg": "47130", "sido": "47", "sidonm": "경상북도", "sggnm": "경주시" }, "geometry": { "type": "MultiPolygon", "coordinates": [ [ [ [ 129.48166945796666, 35.72246059129057 ], [ 129.481892862438741, 35.720504685838506 ], [ 129.481184167421929, 35.718456912097537 ], [ 129.479288292351498, 35.717335506567842 ], [ 129.479086303658761, 35.715621020912423 ], [ 129.480071004093674, 35.712964237013111 ], [ 129.479830293037935, 35.712403059522899 ], [ 129.479192845443293, 35.711850036947979 ], [ 129.47756128756771, 35.710444070802183 ], [ 129.47450028011778, 35.708545743121562 ], [ 129.473308754711582, 35.70531488645004 ], [ 129.473188817749303, 35.704437586097171 ], [ 129.473053576627279, 35.703448272231554 ], [ 129.473295378548471, 35.70236356577292 ], [ 129.473750897509149, 35.700320131303698 ], [ 129.473806547745738, 35.700225053837869 ], [ 129.474457878556819, 35.699112629256078 ], [ 129.475378168767207, 35.698386034028047 ], [ 129.476050617930355, 35.697799112762837 ], [ 129.476138980406688, 35.696998220502536 ], [ 129.475778221350282, 35.695026779064285 ], [ 129.475888569324468, 35.69338631134719 ], [ 129.476045731545213, 35.693032940583613 ], [ 129.476945043762726, 35.692179641837569 ], [ 129.477704908152475, 35.690638897284479 ], [ 129.477519627140367, 35.69037955008546 ], [ 129.476568775530325, 35.689564304754846 ], [ 129.475337217431786, 35.689862536231701 ], [ 129.475168687858229, 35.689749296133513 ], [ 129.474875559991034, 35.688030046293484 ], [ 129.475703862179671, 35.686215423866656 ], [ 129.475730984233991, 35.685736617694225 ], [ 129.474533393753404, 35.684275254579404 ], [ 129.473386817974244, 35.683786400375638 ], [ 129.47248442595091, 35.681960251770164 ], [ 129.472519512871742, 35.681487073797065 ], [ 129.47260860366211, 35.680617358985764 ], [ 129.472547719696564, 35.680254128650546 ], [ 129.471512479190807, 35.679438464677524 ], [ 129.471231430007236, 35.679290020178051 ], [ 129.471192657128086, 35.679269555402136 ], [ 129.46964246119262, 35.678936907017736 ], [ 129.469202728198212, 35.679175389472931 ], [ 129.468937958245903, 35.679180817504438 ], [ 129.468389781251147, 35.679124575438436 ], [ 129.466987127426222, 35.678842797861606 ], [ 129.466253171283768, 35.678144245629333 ], [ 129.465997737845044, 35.677775612981776 ], [ 129.465427557905372, 35.676952708278428 ], [ 129.46482715008699, 35.674939625915805 ], [ 129.46490282004271, 35.672543522617595 ], [ 129.465297932204948, 35.671280098030294 ], [ 129.465380300336676, 35.671016713911783 ], [ 129.466143475116581, 35.668985980487072 ], [ 129.466222351252156, 35.668327763506973 ], [ 129.465506124402708, 35.666942078383578 ], [ 129.465094067286685, 35.666296471998095 ], [ 129.463430371585275, 35.665646732967467 ], [ 129.462186599848565, 35.665225865135689 ], [ 129.460062351267112, 35.664761912156159 ], [ 129.459673964384308, 35.664827716779186 ], [ 129.458815588264798, 35.665385439499822 ], [ 129.458342356663735, 35.665771297227415 ], [ 129.457991504518276, 35.666289694128295 ], [ 129.45707074281205, 35.665970897748821 ], [ 129.45558606066632, 35.664797707763029 ], [ 129.45541216939128, 35.664643497465605 ], [ 129.454572410806207, 35.663898718289623 ], [ 129.453545219801697, 35.662053499814967 ], [ 129.452933562066931, 35.659536442315527 ], [ 129.452452150310336, 35.657475095492309 ], [ 129.45245266110129, 35.655976920070657 ], [ 129.452452801891781, 35.655551188958405 ], [ 129.450437664435185, 35.651615956695323 ], [ 129.450008155318073, 35.650948468950105 ], [ 129.448795157285844, 35.651055514306158 ], [ 129.448588575424367, 35.65109969951574 ], [ 129.448346723582745, 35.651172930154424 ], [ 129.447904912305233, 35.651420550408815 ], [ 129.447700387690617, 35.651580481303235 ], [ 129.447433870302916, 35.6518482164023 ], [ 129.447156023139684, 35.652128860340198 ], [ 129.446854691325854, 35.652370834987209 ], [ 129.446590438378422, 35.652580780237727 ], [ 129.445104387760153, 35.653584854776526 ], [ 129.444711713114941, 35.653846400734615 ], [ 129.444639839577405, 35.653883436059985 ], [ 129.44295104735474, 35.654360220058642 ], [ 129.442843027895435, 35.654375329553339 ], [ 129.439144157585787, 35.654660887600755 ], [ 129.438986542755231, 35.654668806279474 ], [ 129.437417035050231, 35.654516421739089 ], [ 129.437281557936984, 35.654454408412263 ], [ 129.437037625831749, 35.65432659481128 ], [ 129.436822753674988, 35.654158264043311 ], [ 129.436627833928469, 35.653931039154919 ], [ 129.436468740463084, 35.653666896304301 ], [ 129.436322721413376, 35.653321837926548 ], [ 129.436104951936613, 35.653031486560302 ], [ 129.435207730359338, 35.652209092191065 ], [ 129.435177020461822, 35.652184637350373 ], [ 129.435136113437949, 35.652222742376544 ], [ 129.434117740160559, 35.653203785805474 ], [ 129.433961703864554, 35.653383836353477 ], [ 129.433684224590735, 35.654088207439344 ], [ 129.433410161437621, 35.654972761411592 ], [ 129.432979085464382, 35.656313144361974 ], [ 129.432829905357153, 35.65655137852859 ], [ 129.432732268128632, 35.656643889208183 ], [ 129.432695941701326, 35.656657201303155 ], [ 129.432074394836917, 35.656644872738674 ], [ 129.431721064487391, 35.656631590967478 ], [ 129.431596640254583, 35.656607774419896 ], [ 129.431370786394524, 35.656526645327972 ], [ 129.42838828288879, 35.655935546527758 ], [ 129.424597173821383, 35.657641582354444 ], [ 129.421584207600233, 35.659264581919025 ], [ 129.421413154237115, 35.659374245966134 ], [ 129.418359083708367, 35.660372590332884 ], [ 129.41811389164738, 35.660373440440075 ], [ 129.417860611137826, 35.660396993829018 ], [ 129.41754528597076, 35.660466265656645 ], [ 129.417401602349059, 35.660541741134708 ], [ 129.415002316843413, 35.662038413161888 ], [ 129.414853639053234, 35.662165626367717 ], [ 129.414198790494368, 35.662726394500531 ], [ 129.413899821015889, 35.66300238358167 ], [ 129.413697214516048, 35.663222281426236 ], [ 129.413605877021553, 35.66334076479982 ], [ 129.41342097421952, 35.663570510722288 ], [ 129.413244020901658, 35.663732455718304 ], [ 129.41301499495782, 35.663896854276253 ], [ 129.412859035542596, 35.663967829115151 ], [ 129.412634092835873, 35.664018680728631 ], [ 129.41241649593502, 35.664023967871145 ], [ 129.411343749735494, 35.66404595211629 ], [ 129.411040222428568, 35.664031083642357 ], [ 129.410728723766937, 35.663973291506764 ], [ 129.410486323520985, 35.663924110000387 ], [ 129.408864072667114, 35.663555108460358 ], [ 129.407078045932735, 35.663102701379557 ], [ 129.406916140578488, 35.663003513043911 ], [ 129.406704254792544, 35.662924689160583 ], [ 129.406477799056574, 35.662875457879259 ], [ 129.40630582048891, 35.662857152515592 ], [ 129.405947999432271, 35.66284314079568 ], [ 129.403590961691009, 35.662898443572217 ], [ 129.403425564749199, 35.662919434789096 ], [ 129.4032818407116, 35.662988102489606 ], [ 129.403102578605171, 35.663144124077782 ], [ 129.403035679663077, 35.663249082276089 ], [ 129.40241506144838, 35.664381433882227 ], [ 129.401378098610792, 35.666218053331477 ], [ 129.401150067299341, 35.666591500664914 ], [ 129.400873659632765, 35.667012093790227 ], [ 129.400800580046166, 35.667110045583449 ], [ 129.400687984284247, 35.6672009523718 ], [ 129.400461922162634, 35.667324411879555 ], [ 129.400211339742498, 35.667447951546848 ], [ 129.399931680118073, 35.667544267770104 ], [ 129.399009203674296, 35.667750710755847 ], [ 129.398680301181628, 35.667799252402538 ], [ 129.396211274045299, 35.668074901933053 ], [ 129.395343593816563, 35.667963139157223 ], [ 129.395069822222922, 35.667935021338579 ], [ 129.394885007494736, 35.667931276043163 ], [ 129.393943706500096, 35.668021377732529 ], [ 129.393837170293381, 35.668037678727828 ], [ 129.39156172271808, 35.668552768134127 ], [ 129.391128675849615, 35.668657165443676 ], [ 129.385382466500261, 35.670192889769169 ], [ 129.382400065443932, 35.670789835483696 ], [ 129.381818015382152, 35.670955591513895 ], [ 129.38150560363573, 35.671026205406157 ], [ 129.381217876735747, 35.671056119101621 ], [ 129.380986969060871, 35.67107571285937 ], [ 129.380659789902808, 35.671027411189044 ], [ 129.380261396109489, 35.670953249478451 ], [ 129.379955411201848, 35.670877321373567 ], [ 129.3796421934004, 35.670776781234494 ], [ 129.379310983089169, 35.670626962811696 ], [ 129.378431531579423, 35.670280137680912 ], [ 129.376421467580968, 35.669823673038216 ], [ 129.376309487036451, 35.669815321950878 ], [ 129.374399215906067, 35.669799495380779 ], [ 129.374114914608299, 35.669800377498817 ], [ 129.373910590371992, 35.669804625016269 ], [ 129.373745387352017, 35.66981239563799 ], [ 129.373473264893107, 35.669835824902897 ], [ 129.373399477855031, 35.67062561617638 ], [ 129.373366540863856, 35.670801233905756 ], [ 129.373012047286039, 35.671734104452 ], [ 129.372940306456343, 35.67189585968152 ], [ 129.372820495947536, 35.672115247617654 ], [ 129.372706662290597, 35.672282556320582 ], [ 129.37266878705384, 35.672334251862232 ], [ 129.372568267326415, 35.672422624520991 ], [ 129.372359977785237, 35.672536912769722 ], [ 129.372082200337559, 35.672678401163715 ], [ 129.37172094261021, 35.672830085680658 ], [ 129.370845340985426, 35.673149539951346 ], [ 129.370598514408442, 35.673209951728637 ], [ 129.370532412285797, 35.673215850641384 ], [ 129.367593994847994, 35.674535921859658 ], [ 129.364695534209034, 35.677012064469835 ], [ 129.364436884870884, 35.67754268514765 ], [ 129.364409486242238, 35.677639358836338 ], [ 129.364410035115526, 35.677761525528339 ], [ 129.36455070753226, 35.6787678771502 ], [ 129.364452057143012, 35.679147320285367 ], [ 129.364418757029256, 35.67928763810491 ], [ 129.364406612781409, 35.679483202275975 ], [ 129.36449590045558, 35.680201238636727 ], [ 129.364838483105018, 35.682163828015987 ], [ 129.365383661644131, 35.68567714047802 ], [ 129.365399882635899, 35.685804585692935 ], [ 129.365400322872517, 35.685902351522174 ], [ 129.365385048456517, 35.685983148821492 ], [ 129.365364605888743, 35.686076705647693 ], [ 129.365307795659049, 35.686195873982435 ], [ 129.365235170258075, 35.686276872311524 ], [ 129.365144240947643, 35.68634939271324 ], [ 129.364956975566912, 35.686447704647222 ], [ 129.364471286276597, 35.687430973362225 ], [ 129.364832437325788, 35.692043537478035 ], [ 129.364870059796601, 35.692289946560422 ], [ 129.364977275681298, 35.692933530559444 ], [ 129.366202430290514, 35.698593298398499 ], [ 129.366237049529644, 35.698752566981739 ], [ 129.366292158926768, 35.698828924524534 ], [ 129.36637446074036, 35.698864784725274 ], [ 129.366675851296066, 35.698912738391222 ], [ 129.366982398651714, 35.698947932790858 ], [ 129.367136432151568, 35.698987847705929 ], [ 129.367290547949182, 35.699049007357395 ], [ 129.367375629567221, 35.699121006652234 ], [ 129.367725586706968, 35.699525820557348 ], [ 129.367820184370515, 35.699684920280482 ], [ 129.367866717856032, 35.699882416569032 ], [ 129.36822431421362, 35.701655935379279 ], [ 129.368213280774683, 35.701826042040928 ], [ 129.368205759230449, 35.701903069023551 ], [ 129.367792221389976, 35.702709758051071 ], [ 129.367706311164028, 35.702857618978697 ], [ 129.367596392496608, 35.703025163202902 ], [ 129.367487103080208, 35.703106849141761 ], [ 129.367153015972207, 35.70342897437812 ], [ 129.366830033482813, 35.703757011445362 ], [ 129.366713672469388, 35.703891509936724 ], [ 129.366409418290374, 35.704448896949863 ], [ 129.366380566666038, 35.704535435405546 ], [ 129.36617234801551, 35.705372935307309 ], [ 129.366158330066099, 35.705473390639611 ], [ 129.366262407154579, 35.705898128257125 ], [ 129.366486140826225, 35.706322744061524 ], [ 129.366995317043575, 35.70760650947765 ], [ 129.367568830361591, 35.709290540479572 ], [ 129.367622182752967, 35.709739347382644 ], [ 129.367638431116319, 35.710094027487962 ], [ 129.367604156840514, 35.710581863944185 ], [ 129.367518094758026, 35.710935438489678 ], [ 129.367399511863965, 35.71138294212129 ], [ 129.36732000412178, 35.711525391810646 ], [ 129.367160586123163, 35.711799328025073 ], [ 129.367015540381772, 35.712059120288238 ], [ 129.366976518738795, 35.712299962274983 ], [ 129.366966018620616, 35.712404320525877 ], [ 129.366969926272844, 35.712460948800491 ], [ 129.367163837121382, 35.713477458230869 ], [ 129.367865147523247, 35.716841947633995 ], [ 129.368516548973531, 35.719040997135949 ], [ 129.369987415244708, 35.720960947326923 ], [ 129.370281419178923, 35.721290927688351 ], [ 129.372000753502419, 35.722136134236408 ], [ 129.372476168135734, 35.722343354515367 ], [ 129.37270612013279, 35.722387364211841 ], [ 129.373600630130824, 35.722448745509737 ], [ 129.373683996617643, 35.722448489178163 ], [ 129.374003355035285, 35.722398417085557 ], [ 129.374040415991772, 35.722398303100988 ], [ 129.374100810059758, 35.722435875327903 ], [ 129.374133421171223, 35.722477320416438 ], [ 129.374392777293991, 35.722986150301082 ], [ 129.374556233679243, 35.72348045645866 ], [ 129.374538723326168, 35.723789766068542 ], [ 129.373076323209204, 35.728022025804421 ], [ 129.372186187881852, 35.728800757267742 ], [ 129.370227042220222, 35.730173659875895 ], [ 129.37017596193715, 35.730202515367075 ], [ 129.36990699323897, 35.730187684675073 ], [ 129.36817127484548, 35.730036475095353 ], [ 129.368087872036824, 35.730002814553877 ], [ 129.367946658758683, 35.729919774292853 ], [ 129.367824652882462, 35.729841880555988 ], [ 129.36758721965225, 35.72972262316005 ], [ 129.367356614686656, 35.729694631643078 ], [ 129.364874428515691, 35.730114291800717 ], [ 129.364828990988315, 35.7301344033378 ], [ 129.364791360322357, 35.730151065558267 ], [ 129.364103463642437, 35.732344336292108 ], [ 129.363650478046026, 35.734109091559489 ], [ 129.362981476803867, 35.73766918249958 ], [ 129.36298219174364, 35.73782570461163 ], [ 129.363001967653275, 35.737950850212563 ], [ 129.363059953648531, 35.738031543281402 ], [ 129.363207865306663, 35.738171952899435 ], [ 129.363965860198078, 35.738714878666869 ], [ 129.364126438414132, 35.738823939225682 ], [ 129.364440598427819, 35.738914298496631 ], [ 129.364716004035017, 35.73892910610315 ], [ 129.365235120036516, 35.739034497207932 ], [ 129.365485077422079, 35.739085906564078 ], [ 129.366376279701257, 35.739346678614645 ], [ 129.366805897054093, 35.739478417233876 ], [ 129.367049754088782, 35.73959766422152 ], [ 129.367178281296759, 35.739701623550332 ], [ 129.367268454025236, 35.73981612152982 ], [ 129.367880898112048, 35.740722037528926 ], [ 129.367924686403228, 35.740868776479132 ], [ 129.367952442994607, 35.740961819842681 ], [ 129.367972681895139, 35.741186091190158 ], [ 129.367947898962797, 35.741368757129621 ], [ 129.367872486096445, 35.7416793973685 ], [ 129.367739569370883, 35.74201892873625 ], [ 129.367574616805058, 35.742353314157398 ], [ 129.367530604713778, 35.742528224771497 ], [ 129.367449382543413, 35.742971944831289 ], [ 129.3673812612262, 35.743475604522921 ], [ 129.367364484131315, 35.744007804702647 ], [ 129.367372642118397, 35.744391219724811 ], [ 129.367444092029928, 35.744610132606127 ], [ 129.367553974065515, 35.744834144191636 ], [ 129.367908628202116, 35.745373014554069 ], [ 129.368231060994447, 35.74586246578972 ], [ 129.368467298405449, 35.746119579257915 ], [ 129.368861058190021, 35.746395288613719 ], [ 129.370303617491231, 35.748164706060301 ], [ 129.370335942152366, 35.748227210382275 ], [ 129.370336452623178, 35.748336769945979 ], [ 129.370324189036864, 35.748456801422464 ], [ 129.370014786653798, 35.749409858306805 ], [ 129.369685060409523, 35.750117797453818 ], [ 129.369660019806844, 35.750243086591887 ], [ 129.369679909255979, 35.750389107138822 ], [ 129.369867554179024, 35.750808512384765 ], [ 129.370106736250136, 35.751292974233017 ], [ 129.370345113886771, 35.751602658654349 ], [ 129.371590261076221, 35.753019291905353 ], [ 129.377308711662323, 35.755825157279894 ], [ 129.377596419023632, 35.755958407317969 ], [ 129.378808372623496, 35.756466268722406 ], [ 129.37980298476694, 35.756742371795269 ], [ 129.380101587901379, 35.756750805532867 ], [ 129.380266029689949, 35.756719079732989 ], [ 129.381832332857641, 35.756068340191121 ], [ 129.382061516645678, 35.755967770850617 ], [ 129.383281857884668, 35.755018583752708 ], [ 129.383594298975453, 35.754721205522038 ], [ 129.383761506611108, 35.754467981532585 ], [ 129.384474415300531, 35.753071140169553 ], [ 129.38518354378661, 35.752242635103457 ], [ 129.385850910109241, 35.751572256039708 ], [ 129.385945304656246, 35.751492804387297 ], [ 129.386089410303356, 35.751402603589248 ], [ 129.392574706407714, 35.748440434709501 ], [ 129.396279006854826, 35.747154572990908 ], [ 129.399094022356707, 35.746570363902862 ], [ 129.399319561446049, 35.746599598665043 ], [ 129.400865912625989, 35.746770588415089 ], [ 129.401008580668417, 35.746785087198838 ], [ 129.401190183244353, 35.746767638695047 ], [ 129.402956849499134, 35.746381461327474 ], [ 129.412510221717866, 35.743207536368438 ], [ 129.412782421533649, 35.742923724943232 ], [ 129.412951858366284, 35.742777017130777 ], [ 129.413637334029659, 35.742360657872936 ], [ 129.414004448726871, 35.742198286152515 ], [ 129.414149163335821, 35.742162194923985 ], [ 129.414475591752137, 35.742138585662666 ], [ 129.414618292408107, 35.742160568107543 ], [ 129.416537157335455, 35.742777817068287 ], [ 129.422226687317874, 35.744515278946942 ], [ 129.426625414083105, 35.745720059352713 ], [ 129.426906712503637, 35.745842155828178 ], [ 129.427049526767831, 35.745927608406525 ], [ 129.427160663977901, 35.74600886456269 ], [ 129.427335383699898, 35.746145777919295 ], [ 129.427452014481844, 35.746265706227142 ], [ 129.428965875501945, 35.748060692617052 ], [ 129.430162706125003, 35.749659468371952 ], [ 129.431542939003975, 35.751777836583621 ], [ 129.431601456850274, 35.751872175478539 ], [ 129.431607104156228, 35.751940916341574 ], [ 129.431934703500502, 35.753347086138149 ], [ 129.433183410961107, 35.754152873069827 ], [ 129.434447650770124, 35.754578021797478 ], [ 129.434563146627596, 35.754593974948655 ], [ 129.434678575345401, 35.754597653793077 ], [ 129.434828895817333, 35.754560276323453 ], [ 129.43499413886633, 35.754498309019787 ], [ 129.435239443496926, 35.754395115359557 ], [ 129.435464679886707, 35.754291980985457 ], [ 129.435584562411748, 35.754193339306688 ], [ 129.43565442305993, 35.754119436663871 ], [ 129.43569412810362, 35.754041538215589 ], [ 129.436110772880483, 35.752893632244344 ], [ 129.43852929196845, 35.751301998712002 ], [ 129.439025361207314, 35.751360383994651 ], [ 129.439381372191747, 35.751396763106527 ], [ 129.440124162146532, 35.751429963017181 ], [ 129.440206227230732, 35.751398961806821 ], [ 129.440243923781878, 35.751361732422254 ], [ 129.44066582720518, 35.749929807867467 ], [ 129.441420700150076, 35.746499707331481 ], [ 129.442041642787615, 35.74386207402496 ], [ 129.443358656015278, 35.74126889503853 ], [ 129.443993787521947, 35.738025361965342 ], [ 129.445319394032396, 35.736768274473988 ], [ 129.447466324145608, 35.735522350844086 ], [ 129.44758803353389, 35.735465670047617 ], [ 129.447699460997256, 35.735442109669442 ], [ 129.448058236703787, 35.735422218324103 ], [ 129.448223463701709, 35.735426241791806 ], [ 129.448394476595183, 35.735448822658945 ], [ 129.44863985296405, 35.735522191520609 ], [ 129.449210905343278, 35.735770797476306 ], [ 129.449496345358455, 35.735881150609281 ], [ 129.449907124808391, 35.735991054973091 ], [ 129.450414585785893, 35.736072740067982 ], [ 129.451948064067153, 35.736262029622907 ], [ 129.452033485433532, 35.736257054537141 ], [ 129.457461105189395, 35.735029423306493 ], [ 129.457620344618448, 35.734982378537723 ], [ 129.458677610029156, 35.734579069852835 ], [ 129.458853798691337, 35.734508752872991 ], [ 129.458906205441053, 35.734474258461731 ], [ 129.458989406834746, 35.734378233255818 ], [ 129.459023515589394, 35.734303817938816 ], [ 129.459028805088934, 35.734234149468783 ], [ 129.458994074197648, 35.73413677903882 ], [ 129.458902279056133, 35.7340210619559 ], [ 129.458776020683615, 35.733859039761015 ], [ 129.458706575155759, 35.733668935591425 ], [ 129.45849045634705, 35.732731873676798 ], [ 129.458478601238056, 35.732652982923305 ], [ 129.458489661735058, 35.732592584011385 ], [ 129.458553500250986, 35.732527925373844 ], [ 129.458654191325422, 35.732475882080841 ], [ 129.458836271252409, 35.732442692563971 ], [ 129.461290146316088, 35.732219744694639 ], [ 129.461386961004251, 35.73221475303427 ], [ 129.461466786747138, 35.732228366939083 ], [ 129.461546748045436, 35.732265218355117 ], [ 129.461712561433728, 35.732371365138071 ], [ 129.461804067466687, 35.732436010468781 ], [ 129.462277687797211, 35.732578131516952 ], [ 129.462437366053194, 35.732610011899723 ], [ 129.462536914326051, 35.732612593889115 ], [ 129.462687691161932, 35.732553337726941 ], [ 129.462823972679416, 35.732478518851302 ], [ 129.464253797192441, 35.731497991804332 ], [ 129.464327378710209, 35.731418773766784 ], [ 129.465299828037587, 35.728964158160956 ], [ 129.465327328978475, 35.728796903525591 ], [ 129.465303748570818, 35.7286577104543 ], [ 129.46528867063401, 35.728587872402926 ], [ 129.465177182284265, 35.728444621139111 ], [ 129.465010684067096, 35.728217753366295 ], [ 129.464964685235771, 35.728143631810923 ], [ 129.464941201653915, 35.728023192947191 ], [ 129.464961276418137, 35.72754083889329 ], [ 129.464989345854974, 35.727333982651864 ], [ 129.465061322720885, 35.727126955399903 ], [ 129.465158092171635, 35.726991390586583 ], [ 129.465288902673819, 35.726831843145881 ], [ 129.466628883815275, 35.725200730623712 ], [ 129.466821425091581, 35.724990863045143 ], [ 129.466977617695363, 35.724836605076455 ], [ 129.467203328329276, 35.724631798921557 ], [ 129.467385782287181, 35.724490240800918 ], [ 129.467563126260046, 35.72437003967319 ], [ 129.467683124120327, 35.724292783741994 ], [ 129.467907564654723, 35.724168142746805 ], [ 129.468515802503362, 35.72385932427899 ], [ 129.472940744541319, 35.722269376830234 ], [ 129.476796522734674, 35.721349877752715 ], [ 129.477968602160786, 35.721104551050509 ], [ 129.478055347863005, 35.721101385753713 ], [ 129.478187236837385, 35.721100864839173 ], [ 129.478557298540551, 35.721170108671593 ], [ 129.478844470527264, 35.721257027814865 ], [ 129.481051284701039, 35.72207078694143 ], [ 129.481153859046231, 35.722134432088986 ], [ 129.48166945796666, 35.72246059129057 ] ] ] ] } },
{ "type": "Feature", "properties": { "OBJECTID": 2794, "adm_nm": "경상북도 경주시 내남면", "adm_cd": "3702033", "adm_cd2": "4713033000", "sgg": "47130", "sido": "47", "sidonm": "경상북도", "sggnm": "경주시" }, "geometry": { "type": "MultiPolygon", "coordinates": [ [ [ [ 129.222913302742256, 35.78743211400252 ], [ 129.223484533142852, 35.785170545013351 ], [ 129.22351723270495, 35.785076390874551 ], [ 129.223662346847306, 35.784874426872449 ], [ 129.223858558791562, 35.784750859762582 ], [ 129.224639168192141, 35.784294461353504 ], [ 129.224770969187347, 35.784238242676579 ], [ 129.225125119375321, 35.784114293410056 ], [ 129.225557713767643, 35.783999221089786 ], [ 129.228871993014877, 35.782379993895695 ], [ 129.23225890494939, 35.779224109204442 ], [ 129.232329537923846, 35.779132856207738 ], [ 129.232577307297532, 35.778108012334833 ], [ 129.232583001638318, 35.778015963230864 ], [ 129.232582504814133, 35.777877915250706 ], [ 129.231996989565971, 35.775733125454593 ], [ 129.231428450059724, 35.773710164346625 ], [ 129.231419596516417, 35.773516590779636 ], [ 129.231521760103618, 35.773275382601071 ], [ 129.231681779441345, 35.77292711586334 ], [ 129.231920212175766, 35.772696563785416 ], [ 129.232468598484218, 35.772336718778043 ], [ 129.234147806460925, 35.769256135092107 ], [ 129.235119930105213, 35.766822648849413 ], [ 129.235298727423668, 35.76666520939493 ], [ 129.235401417191895, 35.766575679909081 ], [ 129.235709887843996, 35.766483000636654 ], [ 129.235872520018546, 35.766466458830401 ], [ 129.2360501612946, 35.76648366491758 ], [ 129.236259425075133, 35.766534734126111 ], [ 129.236438871870405, 35.766599362068284 ], [ 129.244778154593888, 35.769962055219366 ], [ 129.249446427403797, 35.771876999440082 ], [ 129.249524317571939, 35.771915859085155 ], [ 129.249644207414377, 35.771994833420258 ], [ 129.250298060035391, 35.772556602736628 ], [ 129.250514164391547, 35.772786526208762 ], [ 129.251610596075892, 35.774084095851464 ], [ 129.251942858681815, 35.774331540493257 ], [ 129.25214067278327, 35.774455470098168 ], [ 129.252266491871552, 35.774508838509938 ], [ 129.252410232934835, 35.774560934992529 ], [ 129.25247308197342, 35.774568122447469 ], [ 129.252589735575697, 35.774567884269032 ], [ 129.252745155158351, 35.774523665809042 ], [ 129.254062519126904, 35.773945601650532 ], [ 129.255345648467937, 35.772953141364013 ], [ 129.255429173218459, 35.772879846598322 ], [ 129.255518489534637, 35.772748017080374 ], [ 129.25728708893709, 35.769237502799278 ], [ 129.257313754145855, 35.769161856386454 ], [ 129.25732555955085, 35.769110655696188 ], [ 129.257630757179697, 35.767280424596741 ], [ 129.257642459033605, 35.767199960184342 ], [ 129.257475438581395, 35.764545576679026 ], [ 129.257446989709052, 35.764447239190744 ], [ 129.257419863731769, 35.764368404218295 ], [ 129.257406409719295, 35.764329313731132 ], [ 129.257213484339104, 35.764002500922842 ], [ 129.256988124315797, 35.76367752746259 ], [ 129.256802151929065, 35.763512152933167 ], [ 129.256676300093886, 35.763439274814068 ], [ 129.256109113208254, 35.761898573414619 ], [ 129.256298228021421, 35.760242905089108 ], [ 129.256339355108992, 35.760006374127556 ], [ 129.256497320020912, 35.759837836546836 ], [ 129.256998713681412, 35.759501575026455 ], [ 129.257267396473992, 35.759352290104104 ], [ 129.257362887393981, 35.759285035905066 ], [ 129.257428427522939, 35.759202010475526 ], [ 129.25753795311968, 35.758848323646966 ], [ 129.258034710798398, 35.757076168320651 ], [ 129.258076040390449, 35.756907886890275 ], [ 129.258108002153705, 35.756612847025259 ], [ 129.258083413440318, 35.756411774594952 ], [ 129.25789946396597, 35.755934346226944 ], [ 129.257726516002691, 35.755160720006629 ], [ 129.257719929032731, 35.754969381901887 ], [ 129.259196227316522, 35.751003521557422 ], [ 129.259241552233448, 35.750887349870233 ], [ 129.259302961006085, 35.7507591107452 ], [ 129.259394054999547, 35.750664767175699 ], [ 129.259498613139101, 35.750579115302671 ], [ 129.259624694767524, 35.750497816368011 ], [ 129.259880199304916, 35.748053380033504 ], [ 129.259115011136089, 35.74582462112464 ], [ 129.258279424678477, 35.742584286694495 ], [ 129.258273851279824, 35.742522992441522 ], [ 129.258273629849981, 35.74245400409982 ], [ 129.258292262259403, 35.742397040162061 ], [ 129.259235924948371, 35.739970805680322 ], [ 129.259299961564068, 35.739825051596277 ], [ 129.259383021597444, 35.739746040133511 ], [ 129.259482202780987, 35.73966479597162 ], [ 129.259589520669948, 35.739605443655094 ], [ 129.259769344171985, 35.739522924833686 ], [ 129.262494159558685, 35.738286819597761 ], [ 129.26286002372936, 35.737428067429953 ], [ 129.264076855936878, 35.732732200007526 ], [ 129.265753201489872, 35.726240422857259 ], [ 129.266319477062126, 35.723708918548716 ], [ 129.266319352024027, 35.723667507347329 ], [ 129.266115223130299, 35.723378113183763 ], [ 129.265662880205667, 35.7227591716359 ], [ 129.265600543921892, 35.722685701164295 ], [ 129.265476168276905, 35.722616968890769 ], [ 129.265221820065506, 35.722497924360837 ], [ 129.264792445555713, 35.722356235669622 ], [ 129.264331892284986, 35.722206599814641 ], [ 129.26400988574548, 35.722101488639282 ], [ 129.263840321666549, 35.72202363235909 ], [ 129.263710256320792, 35.721941110269675 ], [ 129.26359146059869, 35.721853969421289 ], [ 129.263540442070138, 35.721785078314142 ], [ 129.262951337835403, 35.720785247717025 ], [ 129.26290078080163, 35.72063464755621 ], [ 129.262889068537106, 35.720501262942555 ], [ 129.262882930925088, 35.720349451122544 ], [ 129.262899670829796, 35.720294198129174 ], [ 129.262950175157897, 35.720206679709747 ], [ 129.263051521416685, 35.720132860025551 ], [ 129.263829011847577, 35.719744706204018 ], [ 129.264176124337951, 35.719588297237458 ], [ 129.264548064694736, 35.719435668225977 ], [ 129.264942512761593, 35.719259972973724 ], [ 129.265150980257829, 35.71915831661439 ], [ 129.265424442790561, 35.718985068279622 ], [ 129.265565173917395, 35.718878941196778 ], [ 129.265739370760173, 35.718653124749096 ], [ 129.265936024151472, 35.718390456889992 ], [ 129.267785440275276, 35.715432370710708 ], [ 129.267895862320756, 35.715203685735055 ], [ 129.267979663136202, 35.714950472612209 ], [ 129.26804637620728, 35.714651283453513 ], [ 129.268085152156004, 35.714434992011618 ], [ 129.268095949254075, 35.714287738375539 ], [ 129.268086634239324, 35.71401478492362 ], [ 129.268082980148506, 35.713907786455188 ], [ 129.268025609912939, 35.71362268288496 ], [ 129.267837638994308, 35.713094032578766 ], [ 129.267639754463971, 35.71272782635814 ], [ 129.267463813783564, 35.712424600727743 ], [ 129.267316322828549, 35.712190279552338 ], [ 129.267069635291534, 35.711850228558575 ], [ 129.266902742269906, 35.711688712947002 ], [ 129.266693318949422, 35.711495944554905 ], [ 129.264949737221713, 35.710140474126604 ], [ 129.264825420775622, 35.710090137727811 ], [ 129.264678543605868, 35.710039858033738 ], [ 129.264475387718164, 35.710031108952066 ], [ 129.264204549881555, 35.710031685417036 ], [ 129.264015318229582, 35.710041252721062 ], [ 129.263891143218643, 35.710027744083327 ], [ 129.263761172207381, 35.709968206714478 ], [ 129.263529332963003, 35.709816884947465 ], [ 129.263025677655747, 35.709367131103669 ], [ 129.261209271227585, 35.707562383282855 ], [ 129.261056399003195, 35.707397102920581 ], [ 129.258895278652886, 35.70481417131365 ], [ 129.257839715090171, 35.703024568595708 ], [ 129.256035609754207, 35.700784796861285 ], [ 129.253996580444948, 35.701488591450371 ], [ 129.253169958843245, 35.70165703146818 ], [ 129.25304387465448, 35.701680182634142 ], [ 129.252925575981976, 35.701696688860522 ], [ 129.244025322409385, 35.702777622521225 ], [ 129.243986529622703, 35.702781429279732 ], [ 129.238430872990676, 35.703072522627586 ], [ 129.237200496087468, 35.702952415512215 ], [ 129.234062856581829, 35.703582594047404 ], [ 129.233718065541979, 35.705047347786333 ], [ 129.234060541656135, 35.70601323191196 ], [ 129.233356556237055, 35.707170121366126 ], [ 129.232540256830958, 35.708071719228769 ], [ 129.229858720696058, 35.708721926825511 ], [ 129.228532685205693, 35.708946653368166 ], [ 129.227370710424594, 35.708767984953326 ], [ 129.226692180998612, 35.708323011374056 ], [ 129.222593542538846, 35.71097233506331 ], [ 129.222118789201517, 35.711553011478856 ], [ 129.219436857386228, 35.713461196635819 ], [ 129.217656698208799, 35.713751362987423 ], [ 129.214051535953104, 35.715247493628773 ], [ 129.210603904935994, 35.718204501826577 ], [ 129.209494585408294, 35.719105831327269 ], [ 129.209863200484392, 35.719756764436433 ], [ 129.208463957666766, 35.720697370820893 ], [ 129.207234549615265, 35.721507517304218 ], [ 129.202076699198955, 35.718708798546956 ], [ 129.200914859966645, 35.716016046591186 ], [ 129.200603002023655, 35.715795906120633 ], [ 129.197645700927467, 35.715794319449003 ], [ 129.193719950719696, 35.717998800463974 ], [ 129.192865613122763, 35.718225534684592 ], [ 129.189786175651676, 35.719042675869936 ], [ 129.186391288413517, 35.720562763625637 ], [ 129.185509674133414, 35.721665420217072 ], [ 129.184406819325773, 35.722371728574352 ], [ 129.182387979899232, 35.722923073237716 ], [ 129.181517189923596, 35.723139012574293 ], [ 129.181588061084483, 35.721879527229056 ], [ 129.180732091053841, 35.720064916468154 ], [ 129.178801396598715, 35.717411888430654 ], [ 129.176856764453447, 35.715531148026095 ], [ 129.173319517327428, 35.714394037420995 ], [ 129.170623269946645, 35.714528470558221 ], [ 129.165620914850621, 35.714961709038398 ], [ 129.160639650916551, 35.714879645658272 ], [ 129.159622943905532, 35.716184704159268 ], [ 129.158638165584307, 35.717374791838395 ], [ 129.157379129785255, 35.718798561733749 ], [ 129.154371780475856, 35.721711996250946 ], [ 129.151930584749863, 35.722213201297222 ], [ 129.149015524496406, 35.723351923590954 ], [ 129.145720181920296, 35.724697521965268 ], [ 129.142838361760624, 35.723931214283994 ], [ 129.138534407030534, 35.720879160078667 ], [ 129.140037522004263, 35.718078641117614 ], [ 129.138496847949767, 35.716847804018037 ], [ 129.136764944560412, 35.715019816885437 ], [ 129.136230059590787, 35.71337074063743 ], [ 129.137235730994888, 35.712952554926851 ], [ 129.135244927216974, 35.711929816342746 ], [ 129.130736156508078, 35.712467239426331 ], [ 129.129168949509904, 35.712866716278434 ], [ 129.128067199594085, 35.713629694697254 ], [ 129.126651536932712, 35.714455400913465 ], [ 129.125922643758571, 35.712094794833902 ], [ 129.125488597446832, 35.71027231565909 ], [ 129.124345309801356, 35.70814780045901 ], [ 129.123275790061939, 35.707480345689063 ], [ 129.120424332108911, 35.70704447271256 ], [ 129.117681801708358, 35.706749590019484 ], [ 129.11610904374308, 35.708264237993156 ], [ 129.112083161204879, 35.707945280527596 ], [ 129.110011624869117, 35.707055823328723 ], [ 129.108947498967041, 35.706588340669214 ], [ 129.108797586867354, 35.706506607879398 ], [ 129.101680564543273, 35.706229268370379 ], [ 129.098732931739164, 35.704793681588647 ], [ 129.094234553772509, 35.703041857079477 ], [ 129.091030069640823, 35.702571534253408 ], [ 129.089048384232598, 35.705778841037514 ], [ 129.089006043032754, 35.705927678845768 ], [ 129.088975179261638, 35.70604544450201 ], [ 129.088939900631914, 35.706187036307128 ], [ 129.088914357512721, 35.706304793893338 ], [ 129.088880038670027, 35.706506334472984 ], [ 129.088761366817266, 35.707317570936439 ], [ 129.088770469508603, 35.70755014748385 ], [ 129.089002337713424, 35.709011939777511 ], [ 129.089027243256737, 35.709110142343022 ], [ 129.08810027339149, 35.711826711286975 ], [ 129.088006518067431, 35.711942352390949 ], [ 129.087109534969642, 35.713360947173726 ], [ 129.086215458133097, 35.715859236982972 ], [ 129.086176623746923, 35.715983494232738 ], [ 129.086143974927182, 35.716104160284139 ], [ 129.086026844066623, 35.716740579777174 ], [ 129.085946898120767, 35.717346640513078 ], [ 129.085939916106611, 35.717450669477451 ], [ 129.085947105605584, 35.717543120858402 ], [ 129.087836775380453, 35.723710294866855 ], [ 129.089413082804697, 35.726592585385163 ], [ 129.089629372211817, 35.726730406882133 ], [ 129.089806700596085, 35.726881225358063 ], [ 129.089867002251196, 35.726947639782885 ], [ 129.090209565193675, 35.727504986092406 ], [ 129.090500627301395, 35.728020491847424 ], [ 129.091113729133781, 35.734202628862668 ], [ 129.090786813396505, 35.735745783571026 ], [ 129.090297023968503, 35.737034068293148 ], [ 129.086884071973373, 35.74112791831363 ], [ 129.086760476495868, 35.741217322873808 ], [ 129.086645674023515, 35.741267833229188 ], [ 129.086401934752246, 35.741374617752911 ], [ 129.085850738184405, 35.741597853145137 ], [ 129.087550934180513, 35.746466251774763 ], [ 129.088954027701561, 35.749865262141007 ], [ 129.089019516011007, 35.749951655150284 ], [ 129.089118651682668, 35.750099986098007 ], [ 129.089538256924158, 35.750791179811301 ], [ 129.089652454680959, 35.750989187845342 ], [ 129.089743667293277, 35.751172800286554 ], [ 129.090626059751941, 35.753994799707144 ], [ 129.090665011657478, 35.754120392781552 ], [ 129.091882982995827, 35.759659580452741 ], [ 129.091910590640282, 35.759825024228491 ], [ 129.091871937228547, 35.759971957954633 ], [ 129.091782655548371, 35.760120814031346 ], [ 129.09163526337224, 35.760316147096511 ], [ 129.091398388497424, 35.760595263174963 ], [ 129.091302345573354, 35.760734042843644 ], [ 129.091196176567678, 35.761006394790513 ], [ 129.090143099064761, 35.763844804557316 ], [ 129.089617207243919, 35.765369697237979 ], [ 129.089543611589562, 35.765724650560749 ], [ 129.089516046185253, 35.765990990923285 ], [ 129.089549256459037, 35.766426733727258 ], [ 129.089611685511358, 35.766681470074388 ], [ 129.089715903113699, 35.766923745761126 ], [ 129.089792825515303, 35.767081869358343 ], [ 129.089905191619295, 35.767199028955886 ], [ 129.090035058141609, 35.76733205544928 ], [ 129.090275978157905, 35.767495628772188 ], [ 129.090611713773455, 35.767687732681459 ], [ 129.090712320212077, 35.767774074480002 ], [ 129.090745213742736, 35.767912949156766 ], [ 129.090965032193822, 35.769172292642395 ], [ 129.090988279028295, 35.769395255930256 ], [ 129.090978376330526, 35.769470825988272 ], [ 129.090951554127798, 35.769675209739532 ], [ 129.09091073233364, 35.769961916914269 ], [ 129.090833616086599, 35.770228201658647 ], [ 129.090721621176243, 35.770549156950914 ], [ 129.090035490728496, 35.772117491146936 ], [ 129.08991928448765, 35.772337220342152 ], [ 129.08860311315496, 35.774546615928429 ], [ 129.086918147937894, 35.777078216701199 ], [ 129.085658504409594, 35.778931107206084 ], [ 129.084876175387905, 35.780478215812508 ], [ 129.084095840447702, 35.782907485353384 ], [ 129.084086976337034, 35.783006622086845 ], [ 129.084038241797231, 35.78400417351618 ], [ 129.084052307880427, 35.78422687113332 ], [ 129.084074851842132, 35.784320477905219 ], [ 129.084153860806879, 35.784458063110002 ], [ 129.084280158023176, 35.784661833820863 ], [ 129.08457966131482, 35.785060883586034 ], [ 129.084759647149099, 35.785294809522469 ], [ 129.084881343415219, 35.78541588546409 ], [ 129.084985057809348, 35.785487444543683 ], [ 129.085106702771611, 35.785581001224806 ], [ 129.085196831675717, 35.785669094551679 ], [ 129.085264497150945, 35.785738802790071 ], [ 129.085293760004163, 35.785804830746315 ], [ 129.085309669003749, 35.785881972887701 ], [ 129.08533237472119, 35.786127282645367 ], [ 129.085321275730621, 35.786304119934996 ], [ 129.085099469814025, 35.787329717716368 ], [ 129.085007549144706, 35.787754370108836 ], [ 129.084960518274016, 35.787945288555505 ], [ 129.084911080250833, 35.788057347923711 ], [ 129.084751570460583, 35.788363167080853 ], [ 129.084207118822462, 35.789104115992721 ], [ 129.084212590871232, 35.78914979583358 ], [ 129.08425995053841, 35.789274686222655 ], [ 129.0853477197318, 35.790618790240593 ], [ 129.088817720927835, 35.79451840421607 ], [ 129.088862794571469, 35.794564243692328 ], [ 129.088910055686966, 35.794584400729768 ], [ 129.088993359667313, 35.794575251773779 ], [ 129.089071505639254, 35.794535301273669 ], [ 129.089283664894936, 35.794417046709526 ], [ 129.089576726635329, 35.794235133428742 ], [ 129.090927258152163, 35.793301878205909 ], [ 129.091015021711115, 35.79324115809456 ], [ 129.091082426046, 35.793175043174628 ], [ 129.091136428404724, 35.793086857126724 ], [ 129.091199351920864, 35.792976668697129 ], [ 129.09148441198306, 35.792189208292513 ], [ 129.091511321197345, 35.792113928041907 ], [ 129.091515778007022, 35.792044181037362 ], [ 129.091484121139132, 35.791928569771542 ], [ 129.091443509971782, 35.791822083170494 ], [ 129.091339663389221, 35.791644064548457 ], [ 129.091299086994155, 35.791555950304357 ], [ 129.091278740604906, 35.791475208597866 ], [ 129.091276278830406, 35.79134254448978 ], [ 129.091285217070038, 35.791225019170149 ], [ 129.091316615724566, 35.791120355947278 ], [ 129.091361547012781, 35.791043175661464 ], [ 129.092055541491646, 35.790045224004878 ], [ 129.092136492669027, 35.789929437724041 ], [ 129.092225305158877, 35.789815096071386 ], [ 129.092382756660811, 35.789664455301633 ], [ 129.092589641742507, 35.789504523842709 ], [ 129.092801208387158, 35.78936304442022 ], [ 129.093084625907466, 35.789195737894268 ], [ 129.093297321471596, 35.789081294413393 ], [ 129.093515576574163, 35.788994788742116 ], [ 129.09373165657658, 35.788939566137678 ], [ 129.095707977004338, 35.788547401195615 ], [ 129.102159306948266, 35.786238910389024 ], [ 129.103948857210042, 35.785876381572095 ], [ 129.104059341504438, 35.78587483084025 ], [ 129.104205462939717, 35.785871823627531 ], [ 129.104333765084675, 35.785861528197593 ], [ 129.105296889557138, 35.785727230381212 ], [ 129.105395970610061, 35.78570756782257 ], [ 129.105483864777625, 35.785678834796805 ], [ 129.107086399257582, 35.785017541355536 ], [ 129.107958483779242, 35.784634998635546 ], [ 129.10804470166957, 35.784593296268454 ], [ 129.108114997312981, 35.784551484078754 ], [ 129.108159735555489, 35.784514964834251 ], [ 129.108210642329368, 35.784447495232349 ], [ 129.108312593297228, 35.784173602935311 ], [ 129.108341112309517, 35.784077764642717 ], [ 129.108978997826625, 35.781204894844386 ], [ 129.109044144263578, 35.780554131487534 ], [ 129.108923465814769, 35.78021769226369 ], [ 129.108880134523957, 35.780071094544383 ], [ 129.108864960846603, 35.779979182688386 ], [ 129.108866740167201, 35.77989482313464 ], [ 129.108881566297498, 35.779739969084901 ], [ 129.10894298203695, 35.779352634740412 ], [ 129.10898222616504, 35.779178486039079 ], [ 129.109025322553919, 35.779057319144471 ], [ 129.110040421459473, 35.777190253633606 ], [ 129.110215349480484, 35.776921887676572 ], [ 129.112373829171133, 35.774165023875845 ], [ 129.112564930651331, 35.774010920080912 ], [ 129.114953629049751, 35.772124415594263 ], [ 129.119594491044865, 35.769205610973643 ], [ 129.1197480840369, 35.769125251891055 ], [ 129.123680373580328, 35.767693824510957 ], [ 129.127839647928511, 35.766265342018379 ], [ 129.128069459405879, 35.766204448230674 ], [ 129.128391016462132, 35.766127308633308 ], [ 129.12861240062125, 35.766124193232315 ], [ 129.128840708745201, 35.766161357900948 ], [ 129.129105357031193, 35.766241473718679 ], [ 129.12938916337481, 35.766344811058921 ], [ 129.129622747309384, 35.766432703899092 ], [ 129.129819856071094, 35.766464948946684 ], [ 129.129940924830265, 35.766450657887823 ], [ 129.130067021306616, 35.766397630857284 ], [ 129.130255411503128, 35.766305770303283 ], [ 129.130516203611961, 35.766126402317887 ], [ 129.130775281015843, 35.765908291073266 ], [ 129.130946176329758, 35.765730380208986 ], [ 129.131263702957824, 35.765345746425602 ], [ 129.132004868991459, 35.764364633076497 ], [ 129.132039876239162, 35.764258789120994 ], [ 129.132055646622746, 35.764035176555339 ], [ 129.132066881965443, 35.763739185352712 ], [ 129.132053308611091, 35.763483854625058 ], [ 129.132064878319483, 35.763393548092573 ], [ 129.132138081964484, 35.763322999193484 ], [ 129.132291889863041, 35.763255848388809 ], [ 129.132549899936038, 35.763204737859496 ], [ 129.133281527631141, 35.763151945870391 ], [ 129.133409134576766, 35.763158383018762 ], [ 129.133599786520648, 35.763234687272316 ], [ 129.133808286100503, 35.763397051455755 ], [ 129.134063895702894, 35.763635346891142 ], [ 129.134262362867872, 35.76385686501262 ], [ 129.134298861652468, 35.763897605060777 ], [ 129.134419420924189, 35.764040338340777 ], [ 129.134514858241062, 35.764177753273245 ], [ 129.134634056788656, 35.7643731901153 ], [ 129.136272559285032, 35.767405206203847 ], [ 129.136299222730713, 35.767540274801306 ], [ 129.136282343512136, 35.767963609268229 ], [ 129.136256251393689, 35.768156148624811 ], [ 129.136189034564353, 35.768299792439393 ], [ 129.136036797268559, 35.768460224353234 ], [ 129.135875804012954, 35.768605048326968 ], [ 129.135410099637141, 35.768981035535525 ], [ 129.135316334872755, 35.769054140546757 ], [ 129.135126091724658, 35.769305453052624 ], [ 129.13493597520025, 35.769556740101734 ], [ 129.134675557933008, 35.769967279072858 ], [ 129.13452950998888, 35.770320211331132 ], [ 129.133413750102676, 35.773041903007424 ], [ 129.133375819467545, 35.773180723684852 ], [ 129.133390955804373, 35.773255233536524 ], [ 129.133466974384675, 35.77333366004224 ], [ 129.133619693008598, 35.773460211053035 ], [ 129.133813396480605, 35.773556881488432 ], [ 129.137150305602518, 35.774784925770625 ], [ 129.138838853800024, 35.775220573696785 ], [ 129.139167886344893, 35.775293284728285 ], [ 129.139619896055535, 35.775357854049105 ], [ 129.140188121433567, 35.775415405638668 ], [ 129.14065335857012, 35.775452814715457 ], [ 129.140859392011777, 35.775448530026722 ], [ 129.141224813233009, 35.775396639595392 ], [ 129.141593407867788, 35.77532032248866 ], [ 129.142304273476327, 35.775228722405195 ], [ 129.142686299609977, 35.77518762800905 ], [ 129.143344160522417, 35.775139451386728 ], [ 129.145254435536259, 35.775064005137693 ], [ 129.145646811524415, 35.775048566342079 ], [ 129.146730941005217, 35.776727761591935 ], [ 129.147190713346276, 35.777893961614936 ], [ 129.14719392615072, 35.778014828875726 ], [ 129.147165135123487, 35.77805822890209 ], [ 129.147078561023875, 35.778138100452217 ], [ 129.147013118785082, 35.77820882874007 ], [ 129.146944414516497, 35.778323989271463 ], [ 129.146931688453606, 35.778375836284354 ], [ 129.146941647244773, 35.778443507758304 ], [ 129.147167538348413, 35.779129110039001 ], [ 129.14790440662108, 35.780909735605086 ], [ 129.148168543888289, 35.781368952830412 ], [ 129.148381493085509, 35.781621079011963 ], [ 129.150869024013446, 35.784422686396802 ], [ 129.15099947945555, 35.784554598384943 ], [ 129.151212655490241, 35.784764098225985 ], [ 129.15134304084944, 35.784857165731516 ], [ 129.151905799558421, 35.785187940409479 ], [ 129.152261869570651, 35.785384312293537 ], [ 129.15259882645455, 35.785552224721272 ], [ 129.152862632920431, 35.785658072502414 ], [ 129.15604782397574, 35.787749486397423 ], [ 129.159076741477037, 35.791909619662206 ], [ 129.158975005273618, 35.792126817951043 ], [ 129.158935029857503, 35.792255615066168 ], [ 129.158904569950863, 35.792505536910951 ], [ 129.158868048947141, 35.792821107052632 ], [ 129.158840828613506, 35.793149272668806 ], [ 129.158841064969181, 35.793272945092866 ], [ 129.158887874089601, 35.793454616816348 ], [ 129.158956180193996, 35.793558026077015 ], [ 129.160322143662427, 35.795487169056067 ], [ 129.160384244393185, 35.795572912512391 ], [ 129.162179264748687, 35.797184496952511 ], [ 129.162580549392459, 35.797506793610353 ], [ 129.164748974152303, 35.799114822348812 ], [ 129.166262116809179, 35.799438724248681 ], [ 129.16652367047962, 35.799492032603858 ], [ 129.166642169859642, 35.799494934965736 ], [ 129.168690356379898, 35.799361883264325 ], [ 129.170002513177167, 35.799183019235173 ], [ 129.170183349069021, 35.799138430801989 ], [ 129.170352005206524, 35.799068664707022 ], [ 129.17062152085893, 35.798954776194883 ], [ 129.172185752849742, 35.798092635575159 ], [ 129.172359386676021, 35.797995889406963 ], [ 129.172827374422866, 35.797660392973128 ], [ 129.172937229316915, 35.797559569898681 ], [ 129.173038949933414, 35.797428106088304 ], [ 129.174383224986201, 35.794900053334082 ], [ 129.174436588365012, 35.794770817931088 ], [ 129.174502916545777, 35.794592276316536 ], [ 129.17451747298071, 35.79385809437769 ], [ 129.174492915614451, 35.793709331515622 ], [ 129.174409084595112, 35.79340743384941 ], [ 129.174355168985414, 35.793134978996903 ], [ 129.174349519310852, 35.793025568361728 ], [ 129.174354691277387, 35.792913997541937 ], [ 129.174477739478505, 35.792727804514122 ], [ 129.174632743149772, 35.792533617908212 ], [ 129.175074051595999, 35.792096408373872 ], [ 129.176707010906682, 35.790788928029116 ], [ 129.17687858312172, 35.79069233406873 ], [ 129.177529556535518, 35.790385877349657 ], [ 129.178549718763179, 35.79100973837339 ], [ 129.181332686818592, 35.792650609659013 ], [ 129.186209073941001, 35.793821333860528 ], [ 129.187952547129413, 35.794187965154066 ], [ 129.189877967071482, 35.794486063919926 ], [ 129.190114200589505, 35.794512040506412 ], [ 129.190498061408533, 35.794509168709766 ], [ 129.190915296134364, 35.794495341774564 ], [ 129.191484174419742, 35.794433164202715 ], [ 129.191702924696187, 35.794402282657408 ], [ 129.1917673394872, 35.794415325011663 ], [ 129.191842646847135, 35.794498396708498 ], [ 129.193381893757419, 35.796495751977893 ], [ 129.193449266995827, 35.796591986278514 ], [ 129.19358394703994, 35.796795271883283 ], [ 129.193672757965544, 35.797015401783042 ], [ 129.19383747670156, 35.797428718857724 ], [ 129.19393718771903, 35.797718686429818 ], [ 129.194220371547374, 35.798349827682408 ], [ 129.194295456650138, 35.798428020125364 ], [ 129.194370671831678, 35.798469451153679 ], [ 129.197631111992166, 35.799515042495045 ], [ 129.197682131924239, 35.799519285547362 ], [ 129.198030753631201, 35.799445975205856 ], [ 129.198151949337557, 35.799418113249317 ], [ 129.198231188620611, 35.799387699538833 ], [ 129.198358720737474, 35.799319619448305 ], [ 129.19727689449914, 35.79823008129673 ], [ 129.196924088086831, 35.797665446900709 ], [ 129.196816653703763, 35.797434638256853 ], [ 129.197125745395226, 35.790031938201217 ], [ 129.19728771350438, 35.789636542471484 ], [ 129.197454506681879, 35.789404651054944 ], [ 129.197720663742331, 35.789050666050677 ], [ 129.197884360881886, 35.788865630865281 ], [ 129.198017068839505, 35.788723476712441 ], [ 129.198112623296396, 35.788622921390797 ], [ 129.198951557959475, 35.787831770659508 ], [ 129.199029300599676, 35.787868859455713 ], [ 129.200635835501032, 35.788751430680641 ], [ 129.200788207070303, 35.78886525832494 ], [ 129.201062445208947, 35.78909293900135 ], [ 129.201193611676899, 35.789219159785794 ], [ 129.201620500319137, 35.789670966842507 ], [ 129.201771449481384, 35.789833128269237 ], [ 129.201968228207306, 35.790047302617268 ], [ 129.202262771853498, 35.790479502707583 ], [ 129.205208934046311, 35.790764134349104 ], [ 129.205386855802743, 35.790765784280843 ], [ 129.205595819512212, 35.790690717717482 ], [ 129.207380622118791, 35.78994191117976 ], [ 129.209736451237575, 35.788984130618999 ], [ 129.21007482478376, 35.788897841053092 ], [ 129.210154195723447, 35.788878659434396 ], [ 129.215907805741665, 35.788918024961227 ], [ 129.216026973084325, 35.788935034476133 ], [ 129.216192747743634, 35.788961340039251 ], [ 129.218127179158671, 35.789329076283714 ], [ 129.220020680271944, 35.789567648623198 ], [ 129.222077954743014, 35.789063599262597 ], [ 129.222803147591407, 35.788706812933462 ], [ 129.22282506531235, 35.788672081494198 ], [ 129.222851945079213, 35.788472564743969 ], [ 129.222872178953025, 35.788314534534742 ], [ 129.222913302742256, 35.78743211400252 ] ] ] ] } },
{ "type": "Feature", "properties": { "OBJECTID": 2795, "adm_nm": "경상북도 경주시 산내면", "adm_cd": "3702034", "adm_cd2": "4713034000", "sgg": "47130", "sido": "47", "sidonm": "경상북도", "sggnm": "경주시" }, "geometry": { "type": "MultiPolygon", "coordinates": [ [ [ [ 129.039312013857909, 35.842439167934295 ], [ 129.041648443813131, 35.841135921020353 ], [ 129.042177799041212, 35.840819858324615 ], [ 129.042319541997472, 35.84073148262209 ], [ 129.042469549453074, 35.840547946734837 ], [ 129.04450084290886, 35.83804868378742 ], [ 129.043725685438801, 35.83086417064726 ], [ 129.042771837399755, 35.828386414158622 ], [ 129.041370079673527, 35.82703707611639 ], [ 129.041276405949617, 35.826939046769851 ], [ 129.041205761835926, 35.826847228226839 ], [ 129.041165540658227, 35.826747585552077 ], [ 129.041140690086024, 35.826629333151416 ], [ 129.041096471989846, 35.826065878760041 ], [ 129.041106926815417, 35.826040885348718 ], [ 129.041121231958897, 35.82600674444712 ], [ 129.041157519945045, 35.825984931132723 ], [ 129.044930494008867, 35.825031084646746 ], [ 129.049035060532646, 35.825044233025693 ], [ 129.049236255228749, 35.825052078906332 ], [ 129.04949662860048, 35.825028270043163 ], [ 129.05139860789663, 35.8246483336899 ], [ 129.055961812915683, 35.823605774050449 ], [ 129.056078063645685, 35.823536608250635 ], [ 129.05829153382254, 35.821815704229643 ], [ 129.059804816761755, 35.818639751273679 ], [ 129.060057680800384, 35.818055171803586 ], [ 129.060148339262327, 35.817804398598696 ], [ 129.060319879682595, 35.817241480213873 ], [ 129.060366994641868, 35.817061831992717 ], [ 129.060376474084848, 35.816718175539364 ], [ 129.060345945868164, 35.816422048050562 ], [ 129.060716797591624, 35.813373012496925 ], [ 129.061619713886955, 35.810620027217105 ], [ 129.061457038979171, 35.810296201103313 ], [ 129.060848058715266, 35.808951826401227 ], [ 129.060800663760205, 35.808748432249438 ], [ 129.060822285736919, 35.808529229831578 ], [ 129.062169142528319, 35.803592012121598 ], [ 129.062608841811283, 35.80220728437429 ], [ 129.062927251744611, 35.801588151021178 ], [ 129.063209999325124, 35.800999473203717 ], [ 129.063283271164579, 35.800807900713878 ], [ 129.063374834433091, 35.800548979505948 ], [ 129.063378445808553, 35.80046966660327 ], [ 129.063361861929678, 35.800390386476501 ], [ 129.062800647960131, 35.798668400192206 ], [ 129.063005246670741, 35.795083124994306 ], [ 129.06300886651411, 35.795026257928988 ], [ 129.063039985376037, 35.794918505003743 ], [ 129.063422912693824, 35.79403998284802 ], [ 129.063545729993137, 35.793852874599317 ], [ 129.063738306777736, 35.793658252469989 ], [ 129.063963957852877, 35.79352347256183 ], [ 129.06411993384566, 35.793479990475284 ], [ 129.064569555043391, 35.793401946738179 ], [ 129.071102465106975, 35.791997784329411 ], [ 129.07556419016737, 35.789789656225288 ], [ 129.081976222332884, 35.789303103408429 ], [ 129.084207118822462, 35.789104115992721 ], [ 129.084751570460583, 35.788363167080853 ], [ 129.084911080250833, 35.788057347923711 ], [ 129.084960518274016, 35.787945288555505 ], [ 129.085007549144706, 35.787754370108836 ], [ 129.085099469814025, 35.787329717716368 ], [ 129.085321275730621, 35.786304119934996 ], [ 129.08533237472119, 35.786127282645367 ], [ 129.085309669003749, 35.785881972887701 ], [ 129.085293760004163, 35.785804830746315 ], [ 129.085264497150945, 35.785738802790071 ], [ 129.085196831675717, 35.785669094551679 ], [ 129.085106702771611, 35.785581001224806 ], [ 129.084985057809348, 35.785487444543683 ], [ 129.084881343415219, 35.78541588546409 ], [ 129.084759647149099, 35.785294809522469 ], [ 129.08457966131482, 35.785060883586034 ], [ 129.084280158023176, 35.784661833820863 ], [ 129.084153860806879, 35.784458063110002 ], [ 129.084074851842132, 35.784320477905219 ], [ 129.084052307880427, 35.78422687113332 ], [ 129.084038241797231, 35.78400417351618 ], [ 129.084086976337034, 35.783006622086845 ], [ 129.084095840447702, 35.782907485353384 ], [ 129.084876175387905, 35.780478215812508 ], [ 129.085658504409594, 35.778931107206084 ], [ 129.086918147937894, 35.777078216701199 ], [ 129.08860311315496, 35.774546615928429 ], [ 129.08991928448765, 35.772337220342152 ], [ 129.090035490728496, 35.772117491146936 ], [ 129.090721621176243, 35.770549156950914 ], [ 129.090833616086599, 35.770228201658647 ], [ 129.09091073233364, 35.769961916914269 ], [ 129.090951554127798, 35.769675209739532 ], [ 129.090978376330526, 35.769470825988272 ], [ 129.090988279028295, 35.769395255930256 ], [ 129.090965032193822, 35.769172292642395 ], [ 129.090745213742736, 35.767912949156766 ], [ 129.090712320212077, 35.767774074480002 ], [ 129.090611713773455, 35.767687732681459 ], [ 129.090275978157905, 35.767495628772188 ], [ 129.090035058141609, 35.76733205544928 ], [ 129.089905191619295, 35.767199028955886 ], [ 129.089792825515303, 35.767081869358343 ], [ 129.089715903113699, 35.766923745761126 ], [ 129.089611685511358, 35.766681470074388 ], [ 129.089549256459037, 35.766426733727258 ], [ 129.089516046185253, 35.765990990923285 ], [ 129.089543611589562, 35.765724650560749 ], [ 129.089617207243919, 35.765369697237979 ], [ 129.090143099064761, 35.763844804557316 ], [ 129.091196176567678, 35.761006394790513 ], [ 129.091302345573354, 35.760734042843644 ], [ 129.091398388497424, 35.760595263174963 ], [ 129.09163526337224, 35.760316147096511 ], [ 129.091782655548371, 35.760120814031346 ], [ 129.091871937228547, 35.759971957954633 ], [ 129.091910590640282, 35.759825024228491 ], [ 129.091882982995827, 35.759659580452741 ], [ 129.090665011657478, 35.754120392781552 ], [ 129.090626059751941, 35.753994799707144 ], [ 129.089743667293277, 35.751172800286554 ], [ 129.089652454680959, 35.750989187845342 ], [ 129.089538256924158, 35.750791179811301 ], [ 129.089118651682668, 35.750099986098007 ], [ 129.089019516011007, 35.749951655150284 ], [ 129.088954027701561, 35.749865262141007 ], [ 129.087550934180513, 35.746466251774763 ], [ 129.085850738184405, 35.741597853145137 ], [ 129.086401934752246, 35.741374617752911 ], [ 129.086645674023515, 35.741267833229188 ], [ 129.086760476495868, 35.741217322873808 ], [ 129.086884071973373, 35.74112791831363 ], [ 129.090297023968503, 35.737034068293148 ], [ 129.090786813396505, 35.735745783571026 ], [ 129.091113729133781, 35.734202628862668 ], [ 129.090500627301395, 35.728020491847424 ], [ 129.090209565193675, 35.727504986092406 ], [ 129.089867002251196, 35.726947639782885 ], [ 129.089806700596085, 35.726881225358063 ], [ 129.089629372211817, 35.726730406882133 ], [ 129.089413082804697, 35.726592585385163 ], [ 129.087836775380453, 35.723710294866855 ], [ 129.085947105605584, 35.717543120858402 ], [ 129.085939916106611, 35.717450669477451 ], [ 129.085946898120767, 35.717346640513078 ], [ 129.086026844066623, 35.716740579777174 ], [ 129.086143974927182, 35.716104160284139 ], [ 129.086176623746923, 35.715983494232738 ], [ 129.086215458133097, 35.715859236982972 ], [ 129.087109534969642, 35.713360947173726 ], [ 129.088006518067431, 35.711942352390949 ], [ 129.08810027339149, 35.711826711286975 ], [ 129.089027243256737, 35.709110142343022 ], [ 129.089002337713424, 35.709011939777511 ], [ 129.088770469508603, 35.70755014748385 ], [ 129.088761366817266, 35.707317570936439 ], [ 129.088880038670027, 35.706506334472984 ], [ 129.088914357512721, 35.706304793893338 ], [ 129.088939900631914, 35.706187036307128 ], [ 129.088975179261638, 35.70604544450201 ], [ 129.089006043032754, 35.705927678845768 ], [ 129.089048384232598, 35.705778841037514 ], [ 129.091030069640823, 35.702571534253408 ], [ 129.088565707651298, 35.702017108597929 ], [ 129.086118650386453, 35.700725596582856 ], [ 129.083689634228534, 35.699071933262346 ], [ 129.077429376507041, 35.693024975920345 ], [ 129.076860282292671, 35.692193035550957 ], [ 129.076584012557902, 35.690627670228366 ], [ 129.074029500400229, 35.686484892290238 ], [ 129.073410739960707, 35.685526381571378 ], [ 129.069485492354062, 35.680728687571325 ], [ 129.069787940198268, 35.679560477177745 ], [ 129.071004735697358, 35.678841760633397 ], [ 129.073026366105495, 35.678012268341078 ], [ 129.073192210925924, 35.67773527215477 ], [ 129.072669582376392, 35.676703696329824 ], [ 129.070276857636486, 35.674586630944326 ], [ 129.068760870349905, 35.673495029510001 ], [ 129.068326035361906, 35.673117112327503 ], [ 129.067586391595512, 35.671284211078316 ], [ 129.067569218657638, 35.671241647850927 ], [ 129.069474236557227, 35.669108532982946 ], [ 129.068725635681233, 35.666635588392829 ], [ 129.067609190664939, 35.661798762576112 ], [ 129.067829869965209, 35.659366975958264 ], [ 129.068049998039839, 35.65874656480451 ], [ 129.068415701288416, 35.658277821102402 ], [ 129.068978143582541, 35.658113994379399 ], [ 129.069730391981579, 35.657985458655666 ], [ 129.070149246294875, 35.657747013009498 ], [ 129.073607238767721, 35.654508024034612 ], [ 129.07516719249216, 35.65274688780287 ], [ 129.07897010689075, 35.650079896230466 ], [ 129.079387408969751, 35.649783649965912 ], [ 129.079710281486427, 35.649489037834272 ], [ 129.081074741987891, 35.647480687111774 ], [ 129.081635337890106, 35.645428396108407 ], [ 129.08157515668745, 35.644928429840675 ], [ 129.081406115567916, 35.643871500202465 ], [ 129.081205857296595, 35.643431758393859 ], [ 129.077405181541053, 35.641608899517898 ], [ 129.074131721388284, 35.640085156728787 ], [ 129.071639802917815, 35.641399836033337 ], [ 129.070885971980204, 35.642376295203761 ], [ 129.070686031585723, 35.642861482352757 ], [ 129.070157714048634, 35.643429386038974 ], [ 129.06432839049782, 35.646246440232339 ], [ 129.063786599242263, 35.646395459845493 ], [ 129.059546120299757, 35.647561563373607 ], [ 129.056482321600328, 35.64776806180091 ], [ 129.055964648893053, 35.647834694585228 ], [ 129.052141299066022, 35.648805563543796 ], [ 129.049028755523921, 35.649879842783747 ], [ 129.047877339368853, 35.650092114840675 ], [ 129.04731156623572, 35.650146667720406 ], [ 129.0467352062457, 35.651636293828552 ], [ 129.046697085587198, 35.651702240757118 ], [ 129.046658952220923, 35.651760943958642 ], [ 129.046580893036719, 35.651852249408336 ], [ 129.046089456933544, 35.652389973653108 ], [ 129.045656575388989, 35.652858122487508 ], [ 129.04481664536695, 35.653635175895587 ], [ 129.044700435678919, 35.653718601509624 ], [ 129.044573638604362, 35.653802050135361 ], [ 129.044330582761773, 35.653930113200651 ], [ 129.044145651145499, 35.654025053360755 ], [ 129.044018844460254, 35.65408837644361 ], [ 129.043815418734198, 35.654181189418679 ], [ 129.043599043730438, 35.654278619870844 ], [ 129.043499254221047, 35.654314298304584 ], [ 129.043259711630753, 35.654400654907967 ], [ 129.043182204664305, 35.654432292565374 ], [ 129.04305188467157, 35.654512879998549 ], [ 129.042959438732026, 35.654588384099519 ], [ 129.042808914796069, 35.654760270458873 ], [ 129.040983123295064, 35.657080126116433 ], [ 129.040347673072716, 35.658203305242132 ], [ 129.040444807616979, 35.658692148028315 ], [ 129.040517238360422, 35.659080351381448 ], [ 129.04057905648645, 35.659422515362557 ], [ 129.040598493664106, 35.659534659877878 ], [ 129.04064798380773, 35.659842357883747 ], [ 129.040692165900424, 35.660124159417521 ], [ 129.040699256303668, 35.660216179045783 ], [ 129.04072408736647, 35.66056125214179 ], [ 129.040713640871815, 35.660814314708354 ], [ 129.040699605320839, 35.660920717379412 ], [ 129.039949419953729, 35.665366781951022 ], [ 129.039722722524516, 35.666613458015007 ], [ 129.03967785028297, 35.666742165897219 ], [ 129.039587235489506, 35.666983048589501 ], [ 129.039544975994318, 35.667072194110865 ], [ 129.038038162349409, 35.670238784745813 ], [ 129.036653199945022, 35.672282377589823 ], [ 129.036467380410613, 35.672515379328949 ], [ 129.036093989305272, 35.672913767251551 ], [ 129.036007674043674, 35.672988547810881 ], [ 129.035667697964016, 35.673244581478286 ], [ 129.035574340100794, 35.673312184266685 ], [ 129.034400200379793, 35.676228463551752 ], [ 129.034668135883919, 35.676454132559009 ], [ 129.035397966685139, 35.677100961932886 ], [ 129.03550109771453, 35.677193676906612 ], [ 129.035841846596043, 35.677501042157971 ], [ 129.035866013814854, 35.677522846743287 ], [ 129.036005281798793, 35.677656503335697 ], [ 129.036060830949083, 35.677747806409307 ], [ 129.036128730484194, 35.678770379740463 ], [ 129.0379431396928, 35.687484025560934 ], [ 129.037979870844026, 35.688813084791846 ], [ 129.037579753836241, 35.692490641447165 ], [ 129.03756214581469, 35.692562547535083 ], [ 129.037479352676797, 35.692601366065688 ], [ 129.03574871007325, 35.692473925223126 ], [ 129.035600666696439, 35.69245959738091 ], [ 129.035536351104128, 35.692434460937854 ], [ 129.035403265298754, 35.692367645687838 ], [ 129.035309826783646, 35.692261304225106 ], [ 129.035242818837617, 35.692183675747067 ], [ 129.03514408244456, 35.692055753131307 ], [ 129.035046222357778, 35.691945801299177 ], [ 129.034948368204851, 35.691835856518921 ], [ 129.034736804395465, 35.691611640473255 ], [ 129.034608119397035, 35.691492356456855 ], [ 129.034471492979009, 35.691398951184638 ], [ 129.032949493139796, 35.690656116750944 ], [ 129.032685108303355, 35.690541161650685 ], [ 129.032452469446554, 35.690465018615797 ], [ 129.028677430203061, 35.689583251832346 ], [ 129.025247928207079, 35.688859396537516 ], [ 129.024965900826572, 35.688579115446906 ], [ 129.024554300876446, 35.688178833101155 ], [ 129.024408898874213, 35.688060234635152 ], [ 129.024218554625179, 35.687986972835787 ], [ 129.022808675111179, 35.687538676638773 ], [ 129.022725348385137, 35.687519543606989 ], [ 129.022501666753584, 35.687505631699352 ], [ 129.022434466136559, 35.687511430281511 ], [ 129.019539320476298, 35.688218933336728 ], [ 129.019417285475271, 35.688278123787654 ], [ 129.015069375826982, 35.690554875698695 ], [ 129.014645807999983, 35.690790829706259 ], [ 129.014376987755242, 35.690959700811675 ], [ 129.014152377357647, 35.691103995429685 ], [ 129.014051566703159, 35.691171842339074 ], [ 129.013459118385356, 35.691630730660478 ], [ 129.013401623509196, 35.6916761997511 ], [ 129.012683602917036, 35.692299597587372 ], [ 129.012442192096472, 35.692506690501354 ], [ 129.012051322905847, 35.69278953558949 ], [ 129.011368624329805, 35.693127233925118 ], [ 129.008582886242607, 35.694271675199936 ], [ 129.008448465940631, 35.694300527956628 ], [ 129.00824504027247, 35.694294763456 ], [ 129.007891286976104, 35.69423705753151 ], [ 129.007572884331381, 35.69411156271692 ], [ 129.007091749535959, 35.693856189805487 ], [ 129.006630961264932, 35.693611614000808 ], [ 129.006258619944958, 35.693488263073526 ], [ 129.005717362365601, 35.693390166017402 ], [ 129.005446737928025, 35.693356992189344 ], [ 129.005301383873103, 35.69336616233673 ], [ 129.005248634183744, 35.693384408432998 ], [ 129.005092981668014, 35.693498403914077 ], [ 129.004970943546482, 35.693629713064936 ], [ 129.004222774593302, 35.694633993680142 ], [ 129.004052968172203, 35.694900963201803 ], [ 129.004014063934363, 35.694987533866495 ], [ 129.003996374473701, 35.69529631339477 ], [ 129.003877946048533, 35.697691541825762 ], [ 129.004079653533239, 35.699599084530625 ], [ 129.00455735639602, 35.701976966376058 ], [ 129.004978659797672, 35.704846732258154 ], [ 129.003966562883306, 35.705942704469656 ], [ 129.003598330224577, 35.706334230335344 ], [ 129.003229626141263, 35.706706491492042 ], [ 129.000036485581205, 35.7093995493249 ], [ 128.998451675314158, 35.710273753809545 ], [ 128.996692432708102, 35.712556666824582 ], [ 128.996592311845234, 35.71272557041403 ], [ 128.996344834029742, 35.713469558937469 ], [ 128.996356205281415, 35.713662519902989 ], [ 128.996438076239144, 35.713814651513623 ], [ 128.996556320991601, 35.713944622513353 ], [ 128.9966489230668, 35.714019787770283 ], [ 128.996730804784733, 35.714177527499942 ], [ 128.99678074114243, 35.714396527423638 ], [ 128.996801289550717, 35.71458769277546 ], [ 128.997033101200742, 35.717388848022196 ], [ 128.997019385692511, 35.717496466683173 ], [ 128.996983017845679, 35.717535492374886 ], [ 128.996860897629858, 35.717600008475216 ], [ 128.996034098203211, 35.717942828470264 ], [ 128.992727452682431, 35.718931771473642 ], [ 128.991291229661726, 35.719309750636434 ], [ 128.991241144672529, 35.719356151540573 ], [ 128.990598547251381, 35.720558666452767 ], [ 128.990566800539227, 35.720793172171504 ], [ 128.990580468249419, 35.721004785040094 ], [ 128.99064176581993, 35.721221906704336 ], [ 128.990480204914604, 35.721998336010394 ], [ 128.990102961476111, 35.722954193007944 ], [ 128.989923978909701, 35.723272231985256 ], [ 128.989778385470288, 35.723472659996851 ], [ 128.985909918846204, 35.727527228492697 ], [ 128.982803508209656, 35.730219052799299 ], [ 128.981969253468179, 35.730912539017204 ], [ 128.977962073231367, 35.734208831209557 ], [ 128.97707720673364, 35.734564851514158 ], [ 128.975281869518113, 35.7354388840292 ], [ 128.975033666225613, 35.735569785677626 ], [ 128.974750193671724, 35.735723667584651 ], [ 128.974528075940981, 35.73585879937167 ], [ 128.972740774638737, 35.73694980712704 ], [ 128.972678087953398, 35.737000537842889 ], [ 128.972584856858902, 35.737077033374497 ], [ 128.972547647440024, 35.737130564248289 ], [ 128.972572006468084, 35.737174646996465 ], [ 128.973198397137196, 35.737974405056335 ], [ 128.973750789863033, 35.739561484192045 ], [ 128.973772747898096, 35.73967722147141 ], [ 128.974283842416185, 35.747365311491507 ], [ 128.97428909746975, 35.747494932252195 ], [ 128.974229319801509, 35.747722296882358 ], [ 128.97417280295852, 35.7478078981257 ], [ 128.971936334775307, 35.749902263682309 ], [ 128.970986187465058, 35.750735072570578 ], [ 128.970787438428886, 35.750898792605625 ], [ 128.970619630709479, 35.751108836304439 ], [ 128.970505466745124, 35.751293458701049 ], [ 128.970393944935182, 35.751479552451798 ], [ 128.969884620407868, 35.752774643884891 ], [ 128.969878069394071, 35.752837524990873 ], [ 128.969878819528276, 35.752912343365047 ], [ 128.969929967225937, 35.753016633683046 ], [ 128.970530826820863, 35.753671779983044 ], [ 128.97153371554117, 35.755242796889632 ], [ 128.974586588343868, 35.760087254011793 ], [ 128.974640987674576, 35.760204655611062 ], [ 128.97513810528514, 35.762316366021295 ], [ 128.975149679974834, 35.762591275943215 ], [ 128.975149588745296, 35.762858768684445 ], [ 128.975087048198219, 35.763823179752968 ], [ 128.974884448585897, 35.764909380274162 ], [ 128.974728607560024, 35.765741516234208 ], [ 128.974182150922815, 35.770105449209204 ], [ 128.974185078555536, 35.770166249711181 ], [ 128.974270479029599, 35.770329507209063 ], [ 128.974435426128736, 35.770538957519925 ], [ 128.974803684731683, 35.770881295654284 ], [ 128.974919541386214, 35.770978040806405 ], [ 128.974944400892895, 35.770998781277591 ], [ 128.976726575316405, 35.771044311829542 ], [ 128.978283687222358, 35.771038139446681 ], [ 128.980260885113637, 35.770872550124999 ], [ 128.980860814482952, 35.771178697462538 ], [ 128.98285718983459, 35.772609547569914 ], [ 128.983715980214583, 35.772645290733294 ], [ 128.984143937023788, 35.772604980265136 ], [ 128.984913212570149, 35.772326149189411 ], [ 128.98547912312921, 35.772083959556646 ], [ 128.986399574530708, 35.7721352981523 ], [ 128.987220404622462, 35.772288065321625 ], [ 128.987571234572812, 35.77243197977927 ], [ 128.987998190800084, 35.772843267678134 ], [ 128.98841751429282, 35.774073690577168 ], [ 128.987639422526314, 35.775467773376647 ], [ 128.987356298651463, 35.778292465798359 ], [ 128.987469165537959, 35.779988354312003 ], [ 128.987756533422612, 35.781595037580928 ], [ 128.987932917276282, 35.783002124120664 ], [ 128.987980407562247, 35.783490524470444 ], [ 128.987854777745014, 35.783966109116477 ], [ 128.987706092996007, 35.78415393918673 ], [ 128.987186882606778, 35.784343006506006 ], [ 128.98719133828962, 35.784379180274009 ], [ 128.987215680695641, 35.784576700978647 ], [ 128.987247481230327, 35.784687265199402 ], [ 128.987569640658222, 35.785384562469815 ], [ 128.987617978280042, 35.785466190197859 ], [ 128.991240613101269, 35.791419691739968 ], [ 128.992414876076026, 35.793014140273172 ], [ 128.992444569789626, 35.793058270159626 ], [ 128.992868749783923, 35.794499120801461 ], [ 128.992983073497101, 35.795447896831128 ], [ 128.991336896148283, 35.799166432911044 ], [ 128.991289182657312, 35.799251950539656 ], [ 128.991220346929026, 35.799341431855183 ], [ 128.991104543455521, 35.799465888123706 ], [ 128.991026930309687, 35.799527045840073 ], [ 128.990917085266346, 35.799588665490454 ], [ 128.990666062016828, 35.799683260271848 ], [ 128.990532878520128, 35.799740481050023 ], [ 128.990451247151498, 35.799782067383006 ], [ 128.990385379176814, 35.799825170217957 ], [ 128.990330305147381, 35.799881243794644 ], [ 128.99030730422038, 35.799916687629874 ], [ 128.990291004980122, 35.799941821447362 ], [ 128.990276371108649, 35.799987387567874 ], [ 128.990275678613273, 35.800033726547554 ], [ 128.990298395670976, 35.800121939733813 ], [ 128.990345834970981, 35.80023206995164 ], [ 128.990416955141882, 35.800337452985751 ], [ 128.990513124280199, 35.800452966863404 ], [ 128.991509327431316, 35.801588611001328 ], [ 128.991699454304268, 35.80178695865736 ], [ 128.991775607566439, 35.801859385253032 ], [ 128.991875737393428, 35.801935635999691 ], [ 128.994154148672038, 35.803721491509805 ], [ 128.996669165235232, 35.805780736062204 ], [ 128.996878872196305, 35.805958400942352 ], [ 128.997142783243305, 35.806229492444807 ], [ 128.997243621313515, 35.806379570977747 ], [ 129.000463322342654, 35.811530013297478 ], [ 129.0033605972327, 35.81636226622819 ], [ 129.003409727342245, 35.816488002854499 ], [ 129.003483531285099, 35.816683387195226 ], [ 129.003512531871024, 35.816801817218071 ], [ 129.003532678077136, 35.816954840368396 ], [ 129.003539426399158, 35.817082366563021 ], [ 129.00349030455277, 35.817372947037107 ], [ 129.003798771050867, 35.819655634946024 ], [ 129.004336354810988, 35.823313838550263 ], [ 129.004349747755811, 35.823379348596269 ], [ 129.004756584246081, 35.824360439126231 ], [ 129.004795655360539, 35.824421455321968 ], [ 129.005206895810829, 35.824840432346079 ], [ 129.005327645206876, 35.824926043807594 ], [ 129.005441628505139, 35.824967965608671 ], [ 129.005900897611326, 35.825081309447512 ], [ 129.007796463927889, 35.827807531316921 ], [ 129.007912554849355, 35.829041796792815 ], [ 129.008313746699656, 35.831804112213796 ], [ 129.008332454406911, 35.831903968705774 ], [ 129.0084176861331, 35.832019146260038 ], [ 129.008850136440429, 35.832598992856688 ], [ 129.009751339104838, 35.833418342772724 ], [ 129.009834147717356, 35.83349180029969 ], [ 129.009929106909908, 35.833537395057114 ], [ 129.010092366185916, 35.833596951481951 ], [ 129.010223848885687, 35.833598924007532 ], [ 129.013797795842919, 35.835614888709976 ], [ 129.016388739717172, 35.840607998968508 ], [ 129.016099341352088, 35.842000926760598 ], [ 129.015877195932262, 35.843881035573276 ], [ 129.015871338150276, 35.843948552035442 ], [ 129.016063701562615, 35.844440237708518 ], [ 129.016105109455083, 35.844500454942931 ], [ 129.016185049127728, 35.844580017490038 ], [ 129.016508727731463, 35.844654602316574 ], [ 129.01412912518515, 35.846197489601543 ], [ 129.016098412220543, 35.84980338476317 ], [ 129.020073918352864, 35.847455953281056 ], [ 129.021836003101612, 35.846657927165403 ], [ 129.022127488574228, 35.846731617988375 ], [ 129.022658715917629, 35.847146617601148 ], [ 129.023099904401249, 35.847542864347076 ], [ 129.023528922305559, 35.847435608187922 ], [ 129.02498529268334, 35.846882406061368 ], [ 129.030012951209102, 35.844704963403899 ], [ 129.036752381423526, 35.844067327552111 ], [ 129.037014814059546, 35.844019939576846 ], [ 129.037281201731219, 35.843930117498132 ], [ 129.039312013857909, 35.842439167934295 ] ] ] ] } },
{ "type": "Feature", "properties": { "OBJECTID": 2796, "adm_nm": "경상북도 경주시 서면", "adm_cd": "3702035", "adm_cd2": "4713035000", "sgg": "47130", "sido": "47", "sidonm": "경상북도", "sggnm": "경주시" }, "geometry": { "type": "MultiPolygon", "coordinates": [ [ [ [ 129.115252387002499, 35.916996224362748 ], [ 129.112926465431002, 35.914478692465281 ], [ 129.111697230549652, 35.913500672060508 ], [ 129.111089003619298, 35.913094136881661 ], [ 129.110354481423201, 35.912799615084843 ], [ 129.110077053468416, 35.911021578829526 ], [ 129.109111511321942, 35.910005867311668 ], [ 129.108920739842119, 35.909741271245458 ], [ 129.108798230894536, 35.90947170064377 ], [ 129.108739463783195, 35.909211934130347 ], [ 129.108701553023451, 35.908667014370323 ], [ 129.108710456879635, 35.908510269989854 ], [ 129.108758676133931, 35.908268279744547 ], [ 129.108868418593033, 35.908067599130938 ], [ 129.108971373373066, 35.90791939984932 ], [ 129.109194833282544, 35.907669242426131 ], [ 129.109861977261943, 35.90678796520384 ], [ 129.110110923348884, 35.906316840226559 ], [ 129.110238755913514, 35.906047035119101 ], [ 129.110439677613215, 35.905417339377976 ], [ 129.110598254951071, 35.9048851862361 ], [ 129.110713070066964, 35.903967372858418 ], [ 129.110717506962715, 35.903890848384087 ], [ 129.110717436867589, 35.903832830800688 ], [ 129.107208025605985, 35.897805922212704 ], [ 129.106342854392352, 35.89707488122729 ], [ 129.106223805940203, 35.896995645545061 ], [ 129.100107079400829, 35.895331657767088 ], [ 129.099824057915185, 35.895276022999703 ], [ 129.099355857886337, 35.895218108819137 ], [ 129.099093617154807, 35.895240488940196 ], [ 129.098771986201513, 35.895282694466616 ], [ 129.098585694959638, 35.895289846419544 ], [ 129.098435204273585, 35.895280621745542 ], [ 129.096923334396706, 35.894840953363968 ], [ 129.096821525192496, 35.894761851208436 ], [ 129.096664840581866, 35.894539556932891 ], [ 129.096604243735442, 35.894333140328058 ], [ 129.096576846700174, 35.894092052278872 ], [ 129.096589111797215, 35.894009157633974 ], [ 129.096643091964154, 35.893801962089512 ], [ 129.097483121108183, 35.890676824512468 ], [ 129.097496328133673, 35.890635141927824 ], [ 129.097541284887768, 35.89049339951022 ], [ 129.09794481589941, 35.889739448556135 ], [ 129.098025686465974, 35.889612832995105 ], [ 129.098132635780416, 35.889459926918796 ], [ 129.09890307515289, 35.888809989362841 ], [ 129.098980028379032, 35.887035924989128 ], [ 129.096904330567185, 35.884328127172601 ], [ 129.095249249472573, 35.881152411901226 ], [ 129.095213624712557, 35.880969333011308 ], [ 129.09507837287012, 35.880734407736405 ], [ 129.09503676051591, 35.880681533819661 ], [ 129.091250870157154, 35.878120266994934 ], [ 129.089929015917363, 35.877556075829872 ], [ 129.086689364770223, 35.877646018981437 ], [ 129.085067589053381, 35.877827322017161 ], [ 129.084605113246056, 35.877917744575491 ], [ 129.084441366042114, 35.877946526462949 ], [ 129.083602646013816, 35.878051192179903 ], [ 129.083445600421072, 35.878051294948385 ], [ 129.0832301227193, 35.878033600471305 ], [ 129.083096731726613, 35.878003684573819 ], [ 129.082958121193712, 35.877926280278473 ], [ 129.082819368818008, 35.877821192495674 ], [ 129.081529816329805, 35.876388255932447 ], [ 129.081463622147936, 35.876306217140957 ], [ 129.081088371038589, 35.8757806684483 ], [ 129.079965614758009, 35.874194947615734 ], [ 129.079952937677916, 35.87414357714659 ], [ 129.080000175466239, 35.874094885655659 ], [ 129.080119702944842, 35.874038404256467 ], [ 129.080201556621176, 35.87395362887046 ], [ 129.08039651938816, 35.87368546480139 ], [ 129.080431126904926, 35.873631622267574 ], [ 129.080478315982162, 35.873541757693268 ], [ 129.080676047165753, 35.872942723303026 ], [ 129.08087001346118, 35.871765977848774 ], [ 129.079192200418817, 35.870271939892532 ], [ 129.078239734892577, 35.870993305412405 ], [ 129.076598258219349, 35.872241852419471 ], [ 129.075249961875528, 35.873275956814147 ], [ 129.074345710480372, 35.873977050013025 ], [ 129.074323049588088, 35.87399660683446 ], [ 129.074105184080935, 35.874184741796761 ], [ 129.073909981991136, 35.874353320498308 ], [ 129.073494837289758, 35.874721631708134 ], [ 129.072927146029201, 35.87524596267933 ], [ 129.07252164339954, 35.87563562718482 ], [ 129.072292477424668, 35.875850429181035 ], [ 129.072252645599548, 35.875867582525522 ], [ 129.070783439879591, 35.876154137461043 ], [ 129.070692743447239, 35.876150217537571 ], [ 129.06580128478609, 35.874323589492874 ], [ 129.06275833707042, 35.872026912400386 ], [ 129.062710241673102, 35.871985561294018 ], [ 129.062661556884365, 35.871879515724906 ], [ 129.062494354036147, 35.871440597741035 ], [ 129.062453508814343, 35.871323458898679 ], [ 129.062045575980591, 35.868682013972389 ], [ 129.061984600968742, 35.867715647177768 ], [ 129.06197912455616, 35.86765580414783 ], [ 129.061940960587009, 35.867562716663862 ], [ 129.061410666416009, 35.866482292188984 ], [ 129.061360222516043, 35.866388148890096 ], [ 129.061273144812617, 35.866308355076733 ], [ 129.061161473872374, 35.866233053035522 ], [ 129.060698661103118, 35.866104661661225 ], [ 129.060468633074009, 35.866015022135912 ], [ 129.06033249844279, 35.86593975135262 ], [ 129.060220826428235, 35.865853363475587 ], [ 129.060021962948127, 35.865684939262074 ], [ 129.059903484563932, 35.865528704018132 ], [ 129.059072336357815, 35.86418806449295 ], [ 129.058937472604441, 35.863892141965685 ], [ 129.058923803624793, 35.863818971668373 ], [ 129.058937286769748, 35.863619513520383 ], [ 129.059041806485936, 35.863321341286898 ], [ 129.059210309187137, 35.863006454724278 ], [ 129.059516244125064, 35.86257956963086 ], [ 129.059577367983138, 35.862436596260686 ], [ 129.059585386020501, 35.862352317314574 ], [ 129.059580930760603, 35.861715063823247 ], [ 129.059571325940254, 35.861592035109688 ], [ 129.058957761188736, 35.856252161189573 ], [ 129.058931857529558, 35.856100411648654 ], [ 129.058833687823807, 35.855836645139007 ], [ 129.058705533680325, 35.8555884192874 ], [ 129.058627962925414, 35.855487616398193 ], [ 129.057975641238414, 35.854815143080089 ], [ 129.056603382193941, 35.853771669344653 ], [ 129.055443746666413, 35.853282262071509 ], [ 129.055168822143543, 35.853195973273934 ], [ 129.054731945842747, 35.853137410818505 ], [ 129.054348231630172, 35.853130890125676 ], [ 129.05409651487065, 35.853163186295745 ], [ 129.053718334295496, 35.853311878266695 ], [ 129.053625655170691, 35.853362915178216 ], [ 129.051344770646779, 35.852835035963103 ], [ 129.048622883868802, 35.849257826964504 ], [ 129.0463896655898, 35.847906541300503 ], [ 129.044063089403977, 35.846761692001117 ], [ 129.042150116779482, 35.845555762921741 ], [ 129.039614534303638, 35.843379996271963 ], [ 129.039474086016838, 35.843201036870553 ], [ 129.039383916315188, 35.843051646462541 ], [ 129.039325927533326, 35.842868072021062 ], [ 129.039293605469936, 35.842600682107935 ], [ 129.039312013857909, 35.842439167934295 ], [ 129.037281201731219, 35.843930117498132 ], [ 129.037014814059546, 35.844019939576846 ], [ 129.036752381423526, 35.844067327552111 ], [ 129.030012951209102, 35.844704963403899 ], [ 129.02498529268334, 35.846882406061368 ], [ 129.023528922305559, 35.847435608187922 ], [ 129.023099904401249, 35.847542864347076 ], [ 129.022658715917629, 35.847146617601148 ], [ 129.022127488574228, 35.846731617988375 ], [ 129.021836003101612, 35.846657927165403 ], [ 129.020073918352864, 35.847455953281056 ], [ 129.016098412220543, 35.84980338476317 ], [ 129.017021973937005, 35.851751087043766 ], [ 129.018708819756284, 35.856406128158319 ], [ 129.019922048784736, 35.857573389948115 ], [ 129.021914261529389, 35.859063659969188 ], [ 129.023341793143516, 35.861078785377828 ], [ 129.024211107772004, 35.862789602194681 ], [ 129.024988412898011, 35.863045419589646 ], [ 129.02606212292099, 35.863049719649929 ], [ 129.026525924613253, 35.862885034507336 ], [ 129.02700110909268, 35.86316833816533 ], [ 129.032481025462829, 35.86970864544206 ], [ 129.032919543911362, 35.870709591195151 ], [ 129.03128690987478, 35.875779058146321 ], [ 129.029955203894275, 35.879700578443334 ], [ 129.02884552364182, 35.881534402171809 ], [ 129.028965200622764, 35.882988906837923 ], [ 129.028826340129399, 35.8840220335412 ], [ 129.027929218397901, 35.886636539476072 ], [ 129.027207601836466, 35.888575816449581 ], [ 129.027072419053155, 35.888807724530551 ], [ 129.027058464398038, 35.888831662191443 ], [ 129.026046673238739, 35.890567324115281 ], [ 129.026295415381952, 35.891683532385336 ], [ 129.027400084149861, 35.895048557995558 ], [ 129.028593841069096, 35.897582922270573 ], [ 129.02896827244129, 35.898226442309841 ], [ 129.027802243093191, 35.898940771870819 ], [ 129.026875969959434, 35.89933735372734 ], [ 129.026918334374784, 35.89991924545739 ], [ 129.027234170145249, 35.901504903404792 ], [ 129.027449718228041, 35.902397580876787 ], [ 129.028526615518643, 35.904665051265965 ], [ 129.029201635837893, 35.905213848582427 ], [ 129.032396294045753, 35.907355846064725 ], [ 129.034419281879764, 35.908912582392041 ], [ 129.037403709218012, 35.911438925432385 ], [ 129.037860896765778, 35.912080992497785 ], [ 129.038274458702148, 35.912096396138388 ], [ 129.040030852448581, 35.911842498030147 ], [ 129.041518787235503, 35.911862029775115 ], [ 129.045561121155401, 35.912667187799237 ], [ 129.046156755545155, 35.914404870441501 ], [ 129.046039845166149, 35.91521354315681 ], [ 129.046837494818135, 35.917306319827972 ], [ 129.047442271206563, 35.918326785447249 ], [ 129.048539809510629, 35.919226797698087 ], [ 129.05219765822207, 35.920060687804842 ], [ 129.053025461740617, 35.920113743991585 ], [ 129.054871529424929, 35.92012698857237 ], [ 129.056352072856612, 35.921983934109079 ], [ 129.056316702728196, 35.922746398614713 ], [ 129.056144813425874, 35.923556028081293 ], [ 129.056169736409913, 35.924519152076059 ], [ 129.057447781203422, 35.925998587958908 ], [ 129.059269341400409, 35.926124249525635 ], [ 129.059572251598468, 35.926119055632753 ], [ 129.060509703958047, 35.92614778513888 ], [ 129.06143696765136, 35.930030847432214 ], [ 129.060783336162956, 35.931386546652497 ], [ 129.060384182899952, 35.931931176014437 ], [ 129.060665515500318, 35.934279180470277 ], [ 129.062238539041402, 35.936448165951745 ], [ 129.062912718885826, 35.938005123664489 ], [ 129.064045920709333, 35.939782622215262 ], [ 129.064765212433798, 35.940853207919965 ], [ 129.065461051359762, 35.94148913304997 ], [ 129.067096429609791, 35.942265290632236 ], [ 129.071057915614176, 35.942535874599841 ], [ 129.072010498115276, 35.942727702756152 ], [ 129.073222406755889, 35.94206117893193 ], [ 129.074925725109608, 35.942106780480266 ], [ 129.076026702754916, 35.942124168407588 ], [ 129.078517431416799, 35.941797330215365 ], [ 129.078905888946963, 35.941001943512553 ], [ 129.078905440549988, 35.940550186357648 ], [ 129.081311385492228, 35.938005974590965 ], [ 129.081927092706991, 35.937520739990283 ], [ 129.08201392583149, 35.937452314940842 ], [ 129.0831375387788, 35.938307519181002 ], [ 129.086843236018069, 35.938992903845175 ], [ 129.089627071554531, 35.93859498486912 ], [ 129.091174680215005, 35.939125812780709 ], [ 129.092508568383153, 35.939776486823277 ], [ 129.093265456157326, 35.940372250100374 ], [ 129.09457078111538, 35.940691058634819 ], [ 129.100662770816484, 35.937669011254073 ], [ 129.105266903688999, 35.934186137576276 ], [ 129.109871908678457, 35.929843651724241 ], [ 129.113869281956823, 35.923213242293158 ], [ 129.114538777229228, 35.921431261430527 ], [ 129.114772640663773, 35.919636098231187 ], [ 129.114062300848616, 35.918919712050126 ], [ 129.113817593323063, 35.918382554641227 ], [ 129.11393280259125, 35.91790151801883 ], [ 129.115252387002499, 35.916996224362748 ] ] ] ] } },
{ "type": "Feature", "properties": { "OBJECTID": 2797, "adm_nm": "경상북도 경주시 현곡면", "adm_cd": "3702036", "adm_cd2": "4713036000", "sgg": "47130", "sido": "47", "sidonm": "경상북도", "sggnm": "경주시" }, "geometry": { "type": "MultiPolygon", "coordinates": [ [ [ [ 129.238475040233624, 35.910903773720733 ], [ 129.238373344871121, 35.910122565818888 ], [ 129.238155411396207, 35.908048854344671 ], [ 129.238120753591375, 35.907665661998244 ], [ 129.238086056119187, 35.907272431332871 ], [ 129.238051364629968, 35.906879201444312 ], [ 129.238016641779012, 35.906474488044772 ], [ 129.237992601660693, 35.906108503398158 ], [ 129.237968585253867, 35.905742525592046 ], [ 129.237888135991824, 35.905388153599091 ], [ 129.237663347692205, 35.904556076188925 ], [ 129.23752445639218, 35.904130039336678 ], [ 129.237339599053684, 35.903675375742857 ], [ 129.235483142307345, 35.899225279588919 ], [ 129.235318087180502, 35.898863469541723 ], [ 129.2342730507076, 35.896797263280185 ], [ 129.234163443287429, 35.896604167407759 ], [ 129.233944224153674, 35.896218007839643 ], [ 129.233821730542587, 35.896024941761013 ], [ 129.233688932700915, 35.895833295421269 ], [ 129.233160484953714, 35.895109010470094 ], [ 129.232738239176854, 35.894587611854384 ], [ 129.232497203346668, 35.894376244834504 ], [ 129.232309558366808, 35.894215814112812 ], [ 129.231899950052622, 35.893899924430777 ], [ 129.23149708207572, 35.893537847891075 ], [ 129.231113125531095, 35.893186937962184 ], [ 129.2307325040764, 35.892801079638303 ], [ 129.230424064457651, 35.892430439787987 ], [ 129.229807075546688, 35.891654233928783 ], [ 129.229544981206175, 35.891273718924886 ], [ 129.228875634477362, 35.890295359328782 ], [ 129.228770350246862, 35.889429159571336 ], [ 129.228718666576327, 35.888994085082352 ], [ 129.228679957802797, 35.888348135730581 ], [ 129.227497541097932, 35.886895410778045 ], [ 129.22322427238646, 35.885639931101963 ], [ 129.22300218840391, 35.885902961444387 ], [ 129.220570897596929, 35.884826857002835 ], [ 129.220392504351537, 35.884742064653359 ], [ 129.220276545538781, 35.884678225059041 ], [ 129.220175365508055, 35.884622521378205 ], [ 129.217189271444767, 35.882736169549062 ], [ 129.217079871666726, 35.882498818950971 ], [ 129.212950327142238, 35.875381298656755 ], [ 129.211704412111317, 35.873505240979135 ], [ 129.211140692154856, 35.872890417455388 ], [ 129.210733271572366, 35.872446067998368 ], [ 129.209540818596736, 35.871145508786171 ], [ 129.207395027673442, 35.868770702081619 ], [ 129.20488146275656, 35.865519348684522 ], [ 129.203998486663579, 35.864328398003998 ], [ 129.203567129202924, 35.862735796705103 ], [ 129.201681773840903, 35.860337305830271 ], [ 129.201614258348059, 35.860366328396957 ], [ 129.201109877220745, 35.860583319717286 ], [ 129.200635688680705, 35.861092522151409 ], [ 129.200363965020131, 35.861730485039708 ], [ 129.200546556443129, 35.862448503923396 ], [ 129.20092514338458, 35.863059839529633 ], [ 129.200786239729041, 35.863268470252606 ], [ 129.200015701586665, 35.864180559905414 ], [ 129.198295663693244, 35.865419167812789 ], [ 129.196090345227333, 35.866769672299164 ], [ 129.193949136690094, 35.867824531259046 ], [ 129.191502999604722, 35.868973245713178 ], [ 129.190622094386953, 35.86916597497067 ], [ 129.190018506853562, 35.869073980768015 ], [ 129.189502241278802, 35.868995277274678 ], [ 129.188896682854249, 35.868902983286247 ], [ 129.184493237953177, 35.869910545056442 ], [ 129.181827548597028, 35.870974729715648 ], [ 129.181654516883867, 35.870898365030911 ], [ 129.180033373370378, 35.870182904224784 ], [ 129.178485923065267, 35.869813494364138 ], [ 129.177759579785004, 35.86904644900978 ], [ 129.174850688140509, 35.864520853484855 ], [ 129.174168178150325, 35.859790209986642 ], [ 129.172519326158323, 35.860603040434718 ], [ 129.171211839894397, 35.861730752940112 ], [ 129.170422924767934, 35.86198053099227 ], [ 129.162163218368562, 35.864160949127609 ], [ 129.161670768937, 35.864007868399817 ], [ 129.160908873469509, 35.86325608142841 ], [ 129.16037429739589, 35.862882935903428 ], [ 129.159271266295605, 35.862888036817992 ], [ 129.158932199365694, 35.863056055091519 ], [ 129.157186846125825, 35.864496430579088 ], [ 129.155921711860003, 35.864081700419781 ], [ 129.149389630697698, 35.860606734728073 ], [ 129.149096044875051, 35.860450039655014 ], [ 129.148774647036078, 35.859689067880495 ], [ 129.146000928616019, 35.861020602344972 ], [ 129.144687882885961, 35.861956750461317 ], [ 129.143797153213683, 35.862458436243386 ], [ 129.14124816004923, 35.863166330877817 ], [ 129.139433913908761, 35.863625559354631 ], [ 129.137908967077664, 35.864756806243463 ], [ 129.137013118978558, 35.865744322409817 ], [ 129.136914134093757, 35.866099402258023 ], [ 129.136827063065709, 35.867320236555777 ], [ 129.136824314048738, 35.867470078656766 ], [ 129.13592512281889, 35.868352826043704 ], [ 129.137885564146615, 35.869873852686005 ], [ 129.137970391972885, 35.8699463031083 ], [ 129.13803139342815, 35.870002815411766 ], [ 129.138085773727283, 35.870077128808894 ], [ 129.138128748183021, 35.87014573621164 ], [ 129.138156611608196, 35.870190225501801 ], [ 129.138200196067601, 35.870289315003347 ], [ 129.13823289777207, 35.870379487472121 ], [ 129.138250958755663, 35.87043621935829 ], [ 129.138245124872014, 35.870533411844171 ], [ 129.138227890499678, 35.870623661444156 ], [ 129.137124838107979, 35.873495002978913 ], [ 129.136509186205586, 35.874875865416534 ], [ 129.13574646632037, 35.876720512500917 ], [ 129.135713058984379, 35.876872748051198 ], [ 129.135530875895, 35.877716979470179 ], [ 129.135510411449388, 35.877856784636194 ], [ 129.135530127628812, 35.877925707806703 ], [ 129.13556066456934, 35.87800409716484 ], [ 129.13567852668541, 35.878061648136637 ], [ 129.135737289092276, 35.878091457187544 ], [ 129.135788820711326, 35.878117612671225 ], [ 129.135885379217569, 35.87820275634104 ], [ 129.135990238015296, 35.878305840228727 ], [ 129.136105963648447, 35.878549267010577 ], [ 129.13650963224606, 35.879626840932069 ], [ 129.136612059409998, 35.879937420520086 ], [ 129.13684718765299, 35.880844687460694 ], [ 129.137227663341065, 35.882772380408802 ], [ 129.137229020508101, 35.882842718249393 ], [ 129.137230689727346, 35.882929397757586 ], [ 129.137036153614844, 35.883276502434235 ], [ 129.133886431624092, 35.888808914123722 ], [ 129.13381510142554, 35.888908840047321 ], [ 129.133760448938375, 35.888985385004375 ], [ 129.13361471402763, 35.889162778965677 ], [ 129.133464385245333, 35.889317088447385 ], [ 129.13189745770319, 35.8907331428574 ], [ 129.130800010636619, 35.89087296770257 ], [ 129.13042806390925, 35.890875622553779 ], [ 129.129966731725773, 35.890867140966272 ], [ 129.129589250460441, 35.890858574406082 ], [ 129.12887983066534, 35.890926132084175 ], [ 129.127889224817096, 35.891041209772332 ], [ 129.127726762495882, 35.891101966184976 ], [ 129.127294488405653, 35.891297588422411 ], [ 129.127140353033013, 35.89140544074899 ], [ 129.127022939106467, 35.891536519077178 ], [ 129.126907029093701, 35.891689568011827 ], [ 129.12586414565061, 35.893107126712216 ], [ 129.125371160424777, 35.894575897817759 ], [ 129.125225351198196, 35.894787152004419 ], [ 129.125091035305104, 35.894920709190565 ], [ 129.118708879802739, 35.900240841714854 ], [ 129.11563896792822, 35.90182593389774 ], [ 129.115239478919193, 35.903050566559287 ], [ 129.115233120092199, 35.903099370764849 ], [ 129.115425271244419, 35.903789168723705 ], [ 129.113606385193549, 35.905281603516336 ], [ 129.113477237991418, 35.905422135386161 ], [ 129.113317504562673, 35.905656186462352 ], [ 129.113191235284404, 35.905950705367431 ], [ 129.112591939370503, 35.907598446314893 ], [ 129.112235500295895, 35.908775075470352 ], [ 129.112193174812887, 35.908881263122836 ], [ 129.111994168343756, 35.909251123710497 ], [ 129.111844537866517, 35.909446262041016 ], [ 129.111023027066352, 35.910285145393978 ], [ 129.11073128535449, 35.910535370404922 ], [ 129.110444076025288, 35.910764584959018 ], [ 129.110077053468416, 35.911021578829526 ], [ 129.110354481423201, 35.912799615084843 ], [ 129.111089003619298, 35.913094136881661 ], [ 129.111697230549652, 35.913500672060508 ], [ 129.112926465431002, 35.914478692465281 ], [ 129.115252387002499, 35.916996224362748 ], [ 129.116940676971979, 35.916829043124203 ], [ 129.118539167323263, 35.917051126788515 ], [ 129.118648427535589, 35.917755818804089 ], [ 129.118579911650272, 35.91925856874952 ], [ 129.11927197584285, 35.920100181503251 ], [ 129.121156754571984, 35.922230925398786 ], [ 129.122507980644798, 35.922678135766638 ], [ 129.123760134735164, 35.922803229976942 ], [ 129.124158894365252, 35.922825607256918 ], [ 129.124651250368345, 35.922286937553039 ], [ 129.126280109671569, 35.921610369456261 ], [ 129.126730781870918, 35.921543506584513 ], [ 129.127371007847159, 35.921797148937934 ], [ 129.130941974161715, 35.924030338828906 ], [ 129.132022010880149, 35.925159431429869 ], [ 129.133076926326339, 35.927176932644144 ], [ 129.134843716741415, 35.931662919338955 ], [ 129.136968458942619, 35.931188569451407 ], [ 129.137139719650918, 35.931198082650567 ], [ 129.137306038970195, 35.931228662303852 ], [ 129.137635724710179, 35.931313283694976 ], [ 129.145187125409223, 35.933385129974624 ], [ 129.148365350036585, 35.93432943534664 ], [ 129.149601011555518, 35.934658212103422 ], [ 129.149687636389558, 35.934671515519575 ], [ 129.149766421577255, 35.93467140794192 ], [ 129.149807184119481, 35.934656281371169 ], [ 129.149918333284973, 35.934553875192528 ], [ 129.15154835845982, 35.932992604519292 ], [ 129.151861066152662, 35.932626705537494 ], [ 129.152159287127745, 35.932240736148472 ], [ 129.152229164658877, 35.932128310747117 ], [ 129.152259934920636, 35.932039418821667 ], [ 129.152272001432635, 35.931880129439747 ], [ 129.152265061715923, 35.931487796873846 ], [ 129.152237690305867, 35.931186049319038 ], [ 129.152267841726342, 35.93078362869268 ], [ 129.152347751103889, 35.930516963097645 ], [ 129.152472957656158, 35.930220049118972 ], [ 129.15256332391715, 35.930042212578392 ], [ 129.152861260263421, 35.929510345081368 ], [ 129.15290045824139, 35.929474953769059 ], [ 129.152944838211681, 35.929449795076174 ], [ 129.15299515690279, 35.929446458912118 ], [ 129.153125149598822, 35.929499953119631 ], [ 129.153758975860455, 35.929956843046611 ], [ 129.154064622814786, 35.930226401933602 ], [ 129.15437032036678, 35.930509351795649 ], [ 129.154676004406241, 35.930792292010203 ], [ 129.15480127434455, 35.930937472965077 ], [ 129.154996444693609, 35.93120027507608 ], [ 129.157885215466678, 35.932168384472405 ], [ 129.162302326069891, 35.931542186748821 ], [ 129.162921570022718, 35.931301614675341 ], [ 129.164228936281489, 35.930206910562795 ], [ 129.166410101797595, 35.928112417821865 ], [ 129.167522725292002, 35.927042461361616 ], [ 129.167556487750687, 35.926994191923093 ], [ 129.16759345790328, 35.926957115825779 ], [ 129.167644736781483, 35.926929050484723 ], [ 129.171827980369017, 35.925045760420012 ], [ 129.172262818706969, 35.924934056017683 ], [ 129.17243796280178, 35.924917891501778 ], [ 129.172493024677067, 35.924920396654692 ], [ 129.172608955891263, 35.924930130870997 ], [ 129.172781531708011, 35.924998137236692 ], [ 129.173032822727208, 35.925107197807627 ], [ 129.173287737997157, 35.925233580732097 ], [ 129.173539195413667, 35.925346050921497 ], [ 129.173643124000847, 35.925354734476926 ], [ 129.173747048534636, 35.925354601477395 ], [ 129.174608000870535, 35.925351482976417 ], [ 129.179588982782178, 35.924903084824237 ], [ 129.179740809993831, 35.924888014826976 ], [ 129.180146785928201, 35.924838598019441 ], [ 129.180217447771355, 35.924826699107214 ], [ 129.180622045890118, 35.92475855813619 ], [ 129.180691651775646, 35.924736625792697 ], [ 129.184595296881866, 35.922083118774076 ], [ 129.185136754280506, 35.921689447150946 ], [ 129.190242874614682, 35.916826929090647 ], [ 129.190374984839167, 35.916691589709757 ], [ 129.190429644501194, 35.916626497320628 ], [ 129.190759677934039, 35.916172814799104 ], [ 129.193378675667446, 35.912322566167859 ], [ 129.193848013488576, 35.91142472515201 ], [ 129.193915167650061, 35.911341486530539 ], [ 129.194091240985045, 35.911446146825149 ], [ 129.195507862239822, 35.912299175833809 ], [ 129.196482167672173, 35.912950454631783 ], [ 129.196718983597805, 35.913143688639607 ], [ 129.197429076487225, 35.913595264981751 ], [ 129.197587960875666, 35.913670693563901 ], [ 129.197719294902555, 35.913705407560208 ], [ 129.200452285646691, 35.914116060947258 ], [ 129.200600318608707, 35.914120854800885 ], [ 129.200806236948836, 35.914097360160973 ], [ 129.201015256303407, 35.914062915092984 ], [ 129.201424944420751, 35.913978871119909 ], [ 129.201675169760051, 35.913870242041433 ], [ 129.203065463057527, 35.913517647750993 ], [ 129.205709769421702, 35.912961653504496 ], [ 129.205904274605899, 35.912923868797328 ], [ 129.206147397894284, 35.912877558903659 ], [ 129.206656620939469, 35.91286069243926 ], [ 129.207994102160171, 35.912909726208682 ], [ 129.209659732781233, 35.91257510721443 ], [ 129.212814471700511, 35.9117073501953 ], [ 129.220945512550088, 35.909243390110824 ], [ 129.221189569531759, 35.909166755860987 ], [ 129.221240227787632, 35.909144346226654 ], [ 129.221270179291253, 35.909121551955522 ], [ 129.221303072936337, 35.909033908991638 ], [ 129.22132453062045, 35.908935361624984 ], [ 129.221341599129431, 35.908745470715772 ], [ 129.221344045635476, 35.908509267681453 ], [ 129.221309272286277, 35.908285802562723 ], [ 129.221306629080232, 35.908079095000794 ], [ 129.221316399344346, 35.907870675122041 ], [ 129.221362527059085, 35.907709359115863 ], [ 129.221812622590733, 35.906904418285023 ], [ 129.221887078613662, 35.906855728776485 ], [ 129.221915944140989, 35.906836865055041 ], [ 129.222034796255201, 35.906773910078762 ], [ 129.226078779379066, 35.905160021870913 ], [ 129.226207438745035, 35.905109571378304 ], [ 129.22636436346815, 35.905069075900983 ], [ 129.227507473571222, 35.90498802867792 ], [ 129.227710413664283, 35.904999110040492 ], [ 129.228035183798994, 35.905043093967969 ], [ 129.233084662483918, 35.907977388931414 ], [ 129.235934504331226, 35.910445068956847 ], [ 129.236037484103093, 35.910658737211136 ], [ 129.236118838973425, 35.910721738645499 ], [ 129.236998407012067, 35.911001354864837 ], [ 129.237293096678201, 35.911003653158708 ], [ 129.238475040233624, 35.910903773720733 ] ] ] ] } },
{ "type": "Feature", "properties": { "OBJECTID": 2798, "adm_nm": "경상북도 경주시 강동면", "adm_cd": "3702037", "adm_cd2": "4713037000", "sgg": "47130", "sido": "47", "sidonm": "경상북도", "sggnm": "경주시" }, "geometry": { "type": "MultiPolygon", "coordinates": [ [ [ [ 129.275362750053148, 36.079486969240818 ], [ 129.276860681814554, 36.078768162553807 ], [ 129.276898978577378, 36.078734448343312 ], [ 129.277173713385167, 36.078152803819492 ], [ 129.277355984168366, 36.07770312858117 ], [ 129.277513807159522, 36.07718068573012 ], [ 129.277856722673476, 36.076478400494395 ], [ 129.277923970941202, 36.076407320420955 ], [ 129.27892113957671, 36.075498929990381 ], [ 129.279002143907832, 36.075426648991169 ], [ 129.279833238410845, 36.074839523107073 ], [ 129.28006360104655, 36.07480927663039 ], [ 129.280329251017974, 36.074811462367045 ], [ 129.280493046287631, 36.07482235825173 ], [ 129.280784655866114, 36.074816622014488 ], [ 129.280860993529046, 36.074805274940296 ], [ 129.280937328622713, 36.074793913432714 ], [ 129.281069356375269, 36.074771797295838 ], [ 129.281168326670127, 36.074725699906011 ], [ 129.28127814048446, 36.074667313146506 ], [ 129.282767518631715, 36.073645988163413 ], [ 129.284885825466631, 36.071879216803254 ], [ 129.284921415880433, 36.071834336293534 ], [ 129.285730256281994, 36.070611190125916 ], [ 129.286171108604606, 36.069605101625065 ], [ 129.285964105616955, 36.069425100202267 ], [ 129.285881225218191, 36.069342562956173 ], [ 129.285805172332573, 36.069249902495329 ], [ 129.285637771200214, 36.068999317305618 ], [ 129.285579689290216, 36.068899416184827 ], [ 129.285171104572811, 36.068164279589958 ], [ 129.28514888042406, 36.068097277862996 ], [ 129.285007740189741, 36.067496159711766 ], [ 129.284997845970423, 36.06742741657267 ], [ 129.285002910816701, 36.067323386042432 ], [ 129.285024618736685, 36.067217170378207 ], [ 129.285442542020547, 36.065580119355047 ], [ 129.285461519486546, 36.065516376388722 ], [ 129.285508009310604, 36.065419009597179 ], [ 129.285653067606745, 36.065226874962903 ], [ 129.285742643263006, 36.065138077050577 ], [ 129.28595897075013, 36.064947323813286 ], [ 129.286045435415872, 36.064886742327559 ], [ 129.286156659718699, 36.064826085604956 ], [ 129.286233479530239, 36.064767241507262 ], [ 129.286275952736986, 36.06472351913181 ], [ 129.286332099443626, 36.064654090019957 ], [ 129.286381319233158, 36.064577894200099 ], [ 129.286408636486783, 36.064518095004047 ], [ 129.286594383683848, 36.063731165223743 ], [ 129.286722880671817, 36.062734281203255 ], [ 129.286705981685515, 36.062634830169607 ], [ 129.286686417068438, 36.062568369549659 ], [ 129.286591730315735, 36.062436832786943 ], [ 129.284589825846183, 36.061858408439718 ], [ 129.283150523252743, 36.060260413748445 ], [ 129.280887974378913, 36.057697890001165 ], [ 129.280624245844564, 36.057066932217545 ], [ 129.28058645219474, 36.056485094208959 ], [ 129.28080779947885, 36.055644479926748 ], [ 129.280852790139505, 36.055530371887144 ], [ 129.280893711628607, 36.055427971947587 ], [ 129.280934673912611, 36.055369748802889 ], [ 129.281019750410081, 36.055289080201035 ], [ 129.281070458510385, 36.055255977149891 ], [ 129.281181809752383, 36.055200923017864 ], [ 129.281676783626835, 36.054757623863715 ], [ 129.282471897082075, 36.053950881519242 ], [ 129.282526734208631, 36.053889219782526 ], [ 129.28259928218543, 36.053786217272012 ], [ 129.282637569308605, 36.053724110232892 ], [ 129.282660687138389, 36.053671528184594 ], [ 129.282682566080041, 36.053614420344665 ], [ 129.28270706058899, 36.053541719056255 ], [ 129.282739428747277, 36.053375647328352 ], [ 129.282765142414547, 36.053240317604065 ], [ 129.283992564496799, 36.046642845432814 ], [ 129.282980644117202, 36.042541085660403 ], [ 129.282844203546631, 36.042211746584016 ], [ 129.282706358157895, 36.041892315347198 ], [ 129.282622906438235, 36.041767594681723 ], [ 129.282521267988329, 36.041705379806878 ], [ 129.282298048679024, 36.04159353943232 ], [ 129.281907072332643, 36.041394556654161 ], [ 129.281851451123288, 36.04132475106406 ], [ 129.280799433357942, 36.039296394172716 ], [ 129.279278793056761, 36.034653772512279 ], [ 129.278834214444288, 36.031874547243177 ], [ 129.278131390201963, 36.030372393362157 ], [ 129.276919718210763, 36.028751537300316 ], [ 129.276724197209177, 36.028649622077694 ], [ 129.27667805332203, 36.028617182870391 ], [ 129.276671646436597, 36.028562233150964 ], [ 129.276692905242413, 36.028484761620071 ], [ 129.277078992725819, 36.027143120843022 ], [ 129.277168791199017, 36.026904909717913 ], [ 129.278677021490012, 36.024565453624732 ], [ 129.278815606659833, 36.02441366478287 ], [ 129.278882303382574, 36.024356892185779 ], [ 129.280106817718291, 36.023486547385069 ], [ 129.280243213857602, 36.023439282556048 ], [ 129.280699608894082, 36.023305818587851 ], [ 129.281325205917796, 36.023149704093946 ], [ 129.281595456551173, 36.023087163197424 ], [ 129.281730593528408, 36.023060187333364 ], [ 129.2818829174455, 36.02305982194946 ], [ 129.282087760582897, 36.023069982670144 ], [ 129.284000298305727, 36.022272597440782 ], [ 129.287035529958899, 36.019728836937617 ], [ 129.288518567221246, 36.017816216779131 ], [ 129.288539453041551, 36.017762828445463 ], [ 129.289037720875626, 36.016897267029719 ], [ 129.289131861582916, 36.016792413997315 ], [ 129.289299508370647, 36.016681063326324 ], [ 129.291505114665, 36.014969376968253 ], [ 129.292963233339094, 36.013453678616955 ], [ 129.295882670847902, 36.009588854402253 ], [ 129.29715550810883, 36.007717226347523 ], [ 129.297250723070533, 36.007553705915491 ], [ 129.297331551168099, 36.007397663177514 ], [ 129.297372670282556, 36.00717991964293 ], [ 129.29757354359927, 36.005786769900133 ], [ 129.297236951102917, 36.005261557498308 ], [ 129.296676601176586, 36.004608740578824 ], [ 129.295848552384143, 36.003573546407942 ], [ 129.295831319221207, 36.003531947188883 ], [ 129.295500102161213, 35.998353610778011 ], [ 129.295521856775281, 35.998119861872127 ], [ 129.295920326389108, 35.99543053772706 ], [ 129.295994495122358, 35.995036794708952 ], [ 129.296061921920597, 35.994858369162912 ], [ 129.296129786336024, 35.994796637850669 ], [ 129.296303695503781, 35.994771720245552 ], [ 129.296606277798134, 35.994783213792402 ], [ 129.297857420133965, 35.994865266796012 ], [ 129.298886913382432, 35.994951196830776 ], [ 129.299956033853789, 35.99504830166569 ], [ 129.300161959853, 35.995071940763587 ], [ 129.300538223135732, 35.995130514703156 ], [ 129.300908677808565, 35.995221296270444 ], [ 129.30113253223351, 35.995278653866606 ], [ 129.301423757834357, 35.995353552837635 ], [ 129.301703135012673, 35.995433305851819 ], [ 129.30217463994083, 35.99555440652184 ], [ 129.302699613606933, 35.995680180642161 ], [ 129.303161135432447, 35.995778770258283 ], [ 129.303325486961739, 35.995800882605593 ], [ 129.303400661337349, 35.995787824116022 ], [ 129.303487584382538, 35.99574417558366 ], [ 129.30353777106626, 35.995684528738842 ], [ 129.303570335134822, 35.995645821791271 ], [ 129.303788811750877, 35.99533153636623 ], [ 129.304099497977319, 35.994803032431065 ], [ 129.304248804982393, 35.994509829676616 ], [ 129.30432523671962, 35.994313339700447 ], [ 129.304358436848247, 35.994197421393601 ], [ 129.304665350475545, 35.990615205548458 ], [ 129.304684037233898, 35.990327157871526 ], [ 129.304673800158753, 35.99024190884159 ], [ 129.304649849414403, 35.99018727048211 ], [ 129.303748917082203, 35.988511462361046 ], [ 129.30327873841415, 35.98768726051361 ], [ 129.302874339730721, 35.986988405217602 ], [ 129.302842142052327, 35.986848509800133 ], [ 129.302841724268404, 35.986739105331317 ], [ 129.302869082294137, 35.986648941420846 ], [ 129.303385750439986, 35.98513044622694 ], [ 129.303432887754752, 35.985038611864134 ], [ 129.303564762455579, 35.984851632751386 ], [ 129.303738082116553, 35.984632398093318 ], [ 129.303858268130398, 35.984496949564125 ], [ 129.30395097182631, 35.984416277545137 ], [ 129.304507416394216, 35.983993315240674 ], [ 129.304945448491878, 35.983660778994256 ], [ 129.305065765174021, 35.983557508436064 ], [ 129.305209665605844, 35.983409135376682 ], [ 129.30530785209325, 35.983209382954563 ], [ 129.305358794300787, 35.983078923540518 ], [ 129.305849580661089, 35.980513094869728 ], [ 129.305868525260934, 35.980289387013386 ], [ 129.305867340542449, 35.979982100683294 ], [ 129.305860461811989, 35.978704629637889 ], [ 129.30584187426777, 35.978500338067484 ], [ 129.305757885429784, 35.978272098562769 ], [ 129.305630421735913, 35.978058449069785 ], [ 129.305573226507192, 35.977986263100235 ], [ 129.305511361644534, 35.977932840020621 ], [ 129.305337481453932, 35.977848226713689 ], [ 129.305205971487084, 35.977790662875385 ], [ 129.305683599511099, 35.975269835520365 ], [ 129.3078913830158, 35.969657728805863 ], [ 129.307953476316442, 35.969603289625013 ], [ 129.308082228111232, 35.969532380309197 ], [ 129.30822659923578, 35.969469597350461 ], [ 129.308457639542439, 35.969378544149279 ], [ 129.308773194329945, 35.969281842349176 ], [ 129.309035489521392, 35.969220562517869 ], [ 129.309182206533706, 35.969187596647714 ], [ 129.309300035143877, 35.969165586330121 ], [ 129.30945801698789, 35.969168788014208 ], [ 129.309713958226354, 35.969192565907903 ], [ 129.311334064233137, 35.969295154052737 ], [ 129.311467199844287, 35.969200728927383 ], [ 129.311606927265728, 35.969089978765219 ], [ 129.31179090647143, 35.968916700250645 ], [ 129.311954883791202, 35.968746214308794 ], [ 129.312156503828902, 35.968532159965278 ], [ 129.312256163654467, 35.968415195693872 ], [ 129.312291525796411, 35.968353579573844 ], [ 129.312322275712063, 35.968253975363197 ], [ 129.312348542655002, 35.968143525819258 ], [ 129.312359068732121, 35.967991518872275 ], [ 129.312362707338877, 35.967782518515385 ], [ 129.312181393362408, 35.964661751923607 ], [ 129.315343976149165, 35.959352819833022 ], [ 129.316316643318004, 35.95892324339097 ], [ 129.318497352022007, 35.957970272796921 ], [ 129.318610721227543, 35.957946449716509 ], [ 129.318764247718576, 35.957955105810008 ], [ 129.319015706996623, 35.957975229090081 ], [ 129.320014908718377, 35.95807120727131 ], [ 129.319841921499801, 35.957648260959928 ], [ 129.319336706865101, 35.956061540424187 ], [ 129.317501995949584, 35.949519580893657 ], [ 129.316683411330587, 35.946421198883677 ], [ 129.316685421554922, 35.946364663106749 ], [ 129.317322294312874, 35.945195351578533 ], [ 129.317369112065762, 35.945133235015994 ], [ 129.31877839430814, 35.943781831632521 ], [ 129.320712749754421, 35.942328750282329 ], [ 129.323205894818443, 35.940582846273209 ], [ 129.326853693467058, 35.938885786360146 ], [ 129.326992515470835, 35.938855085810957 ], [ 129.32711264917387, 35.938817552622602 ], [ 129.327307251623722, 35.938753616554088 ], [ 129.327435841544457, 35.938710536505852 ], [ 129.327525496675406, 35.938674454144859 ], [ 129.327599002647133, 35.93862944892021 ], [ 129.327788229929638, 35.938497973645475 ], [ 129.327889521549452, 35.938408126502551 ], [ 129.329513776650714, 35.936826060732059 ], [ 129.329545776148052, 35.936781869213227 ], [ 129.333019357349684, 35.9306585879959 ], [ 129.333046184109776, 35.930592363559391 ], [ 129.333064494670481, 35.930513737096611 ], [ 129.333165509435275, 35.92995727340201 ], [ 129.333188683791462, 35.929824860928477 ], [ 129.333183242156593, 35.929740789145235 ], [ 129.333164050865406, 35.929503059862185 ], [ 129.333151857819956, 35.929423147768361 ], [ 129.333124284612751, 35.92931571283308 ], [ 129.333101996958163, 35.929249592207462 ], [ 129.333074657749791, 35.929195919471091 ], [ 129.333042364010822, 35.929168449421297 ], [ 129.33227386782869, 35.928711190881231 ], [ 129.332175377916769, 35.928659096363639 ], [ 129.33208713216851, 35.92862349986207 ], [ 129.331142025250699, 35.928264243020223 ], [ 129.329597296231412, 35.926596497953199 ], [ 129.329027064705826, 35.926674614558763 ], [ 129.326855971947538, 35.927061731495272 ], [ 129.326247635812223, 35.927220549488439 ], [ 129.325879165090129, 35.9273454768406 ], [ 129.323800113157603, 35.927322502298281 ], [ 129.318812417714696, 35.92631371934695 ], [ 129.318443921849934, 35.926209876347336 ], [ 129.318250404914522, 35.926140514510529 ], [ 129.318047482134546, 35.926021258233092 ], [ 129.317761390516836, 35.925812365852543 ], [ 129.317509101872844, 35.925620848606144 ], [ 129.317367633371703, 35.92552637833365 ], [ 129.317260198358213, 35.925504204661884 ], [ 129.317085445327365, 35.925527128042191 ], [ 129.316959747986374, 35.92554493373197 ], [ 129.312718797160841, 35.9266216761226 ], [ 129.312344992045468, 35.926724976035985 ], [ 129.312173507715897, 35.926797770521745 ], [ 129.312060281711979, 35.926865457317923 ], [ 129.311974732650981, 35.926953038842804 ], [ 129.311947430076032, 35.92703046579642 ], [ 129.311920257577981, 35.927140354293201 ], [ 129.311917524618877, 35.927230210190658 ], [ 129.311915112193788, 35.927394915190987 ], [ 129.311884932522105, 35.927522284285608 ], [ 129.31185759537712, 35.927592234096402 ], [ 129.31176905764903, 35.92769727056649 ], [ 129.311701761242176, 35.927747371149337 ], [ 129.311628300123289, 35.927784990232752 ], [ 129.307012742209139, 35.929633523731937 ], [ 129.306920836860201, 35.929648737743072 ], [ 129.305259140719727, 35.92949582512751 ], [ 129.30490940464523, 35.929429361208257 ], [ 129.30349237100458, 35.929526468727303 ], [ 129.302335105786142, 35.929922203872408 ], [ 129.300947434313485, 35.930496225758688 ], [ 129.29802286725382, 35.931741301856988 ], [ 129.297171337613889, 35.932363421823936 ], [ 129.296790484632481, 35.932541488287647 ], [ 129.294975477080726, 35.933003593156606 ], [ 129.294175256123594, 35.932769340098019 ], [ 129.293793311499883, 35.932652179806851 ], [ 129.293101718100587, 35.932314327361951 ], [ 129.292628395254326, 35.932049746982763 ], [ 129.292373572290074, 35.931917495638352 ], [ 129.290476317044011, 35.93153697302143 ], [ 129.289488883619129, 35.931507896456623 ], [ 129.286949274039955, 35.931635442197241 ], [ 129.286812118947893, 35.931683596153604 ], [ 129.282800072706493, 35.934387106151405 ], [ 129.282174149668094, 35.934914639388616 ], [ 129.279081430513514, 35.938594573158348 ], [ 129.278984221102831, 35.938849859346675 ], [ 129.278832339927675, 35.940300855137821 ], [ 129.278676918600439, 35.942144213249613 ], [ 129.278053988950262, 35.942801494220006 ], [ 129.27738437241473, 35.943013556549303 ], [ 129.274728224261935, 35.943691043461222 ], [ 129.273557884725335, 35.945495633788134 ], [ 129.271415276687293, 35.945399523497187 ], [ 129.271159310489253, 35.945270313803931 ], [ 129.270542767716961, 35.944969684483546 ], [ 129.268868997234108, 35.944458997494799 ], [ 129.267929042254451, 35.944422212458818 ], [ 129.266422442579596, 35.944563969902894 ], [ 129.26623592820107, 35.945985958290301 ], [ 129.266206311776841, 35.946816294858316 ], [ 129.265724570355843, 35.947145953512276 ], [ 129.26480041650936, 35.947636402405735 ], [ 129.263428168420489, 35.946967460321162 ], [ 129.263377867905518, 35.945817778622526 ], [ 129.26263821900082, 35.944805516513064 ], [ 129.260387028749363, 35.941824362252994 ], [ 129.259789457431566, 35.941494597200837 ], [ 129.258905330860671, 35.941371196857702 ], [ 129.258707555491867, 35.941371624647338 ], [ 129.257461280224987, 35.941467224968051 ], [ 129.255605571699363, 35.941763921604341 ], [ 129.247714599494998, 35.943036978638915 ], [ 129.247623160111687, 35.943080648873256 ], [ 129.247509165041492, 35.943139099903519 ], [ 129.247356736789044, 35.943218712705402 ], [ 129.247206981472317, 35.94329834589518 ], [ 129.247154220837842, 35.943327554614228 ], [ 129.247077985992377, 35.943428868519007 ], [ 129.246982261119825, 35.94358724169718 ], [ 129.246964383889406, 35.94361684215211 ], [ 129.246823702137107, 35.943926949098788 ], [ 129.246788276724118, 35.944005037306766 ], [ 129.246598217513622, 35.944288386812879 ], [ 129.246475637287602, 35.944466914337809 ], [ 129.245716090366045, 35.945444984999462 ], [ 129.245468097038071, 35.945753299847432 ], [ 129.2453105924086, 35.945935538946557 ], [ 129.245167371528112, 35.946098820401978 ], [ 129.244873717987701, 35.946420313233517 ], [ 129.244811213499446, 35.94647939135865 ], [ 129.244682120672564, 35.946582249424189 ], [ 129.242017285177297, 35.948293283196385 ], [ 129.241598934862907, 35.948292786953402 ], [ 129.238286746438405, 35.949579546918734 ], [ 129.237838018077525, 35.950414717654162 ], [ 129.237193316374658, 35.951628577570503 ], [ 129.2370083161087, 35.952207442423429 ], [ 129.236839502520269, 35.953000329964205 ], [ 129.236780120085626, 35.953963615103859 ], [ 129.236828841228942, 35.956399716928139 ], [ 129.236858165725863, 35.957543587486029 ], [ 129.236875472749887, 35.958034379048769 ], [ 129.237028615047308, 35.958907548873739 ], [ 129.237246113531171, 35.9597281845043 ], [ 129.237549578904208, 35.960531172336168 ], [ 129.237917285953813, 35.961229241334145 ], [ 129.238610353034659, 35.962857703939406 ], [ 129.238533351468476, 35.9640726095422 ], [ 129.238518439675403, 35.964172759886686 ], [ 129.238206817987646, 35.965940771172164 ], [ 129.2380625166779, 35.96674656356678 ], [ 129.238040654757668, 35.966836615289964 ], [ 129.237176050431827, 35.969735184090958 ], [ 129.23661275801345, 35.971589151406391 ], [ 129.236527704808537, 35.971839072762535 ], [ 129.236485310379436, 35.972011282010747 ], [ 129.236444540179576, 35.972267867780211 ], [ 129.236444236788429, 35.972633488214974 ], [ 129.236520048428417, 35.97299110246454 ], [ 129.23662499179602, 35.973379018769975 ], [ 129.236827178325342, 35.973885998436785 ], [ 129.237033122357502, 35.974261342192293 ], [ 129.237195716897503, 35.97448490021651 ], [ 129.237398401451372, 35.974693738726465 ], [ 129.23904584430008, 35.976237384767224 ], [ 129.23917068616899, 35.976327139629142 ], [ 129.239325949885568, 35.976414587206598 ], [ 129.239495033899658, 35.976492994368819 ], [ 129.240632294604666, 35.977271480969648 ], [ 129.245323943004252, 35.98155108259342 ], [ 129.245610649512884, 35.981891237286568 ], [ 129.245815461070976, 35.982135168992158 ], [ 129.245909850138702, 35.982293333035926 ], [ 129.245966846043729, 35.98240633335967 ], [ 129.246073158915237, 35.982631436957035 ], [ 129.24617625382615, 35.982887850141289 ], [ 129.245026617478999, 35.983601009917138 ], [ 129.243085238314052, 35.984799474705028 ], [ 129.239031156305714, 35.987354031038166 ], [ 129.23878860718898, 35.987553897840925 ], [ 129.238485845400817, 35.987851348999925 ], [ 129.23835970101922, 35.987979453023428 ], [ 129.238296161876093, 35.98807078472796 ], [ 129.238280922179058, 35.988124458067858 ], [ 129.238292004475198, 35.98815125671355 ], [ 129.238320684923877, 35.988174437830551 ], [ 129.238366991898886, 35.988208335216591 ], [ 129.238631432381425, 35.988338356439016 ], [ 129.239062208893699, 35.988542263683961 ], [ 129.239784911178702, 35.988866273452665 ], [ 129.240704734219889, 35.989251603312518 ], [ 129.24121696496664, 35.989457118581129 ], [ 129.241378863744984, 35.989513126262047 ], [ 129.242687235333648, 35.989573350667378 ], [ 129.243404575804988, 35.989588641599632 ], [ 129.244377287982928, 35.989631373483448 ], [ 129.24459849829762, 35.989653259059565 ], [ 129.245871050730869, 35.99095342941628 ], [ 129.245946159322187, 35.991044472996535 ], [ 129.246419500325885, 35.991837468436962 ], [ 129.246431933214524, 35.991880747019898 ], [ 129.245540283728275, 35.996795374743016 ], [ 129.245522799153747, 35.996832953464846 ], [ 129.245500905543025, 35.996870558495267 ], [ 129.245373604389272, 35.996979901887698 ], [ 129.244931130525345, 35.997291039317474 ], [ 129.244649970639131, 35.99745614947696 ], [ 129.243639332944525, 35.998001818501756 ], [ 129.242720501667094, 35.99802035948786 ], [ 129.240429266544254, 35.997908816532636 ], [ 129.238138030471532, 35.997797227886849 ], [ 129.236642969195515, 35.997724391993998 ], [ 129.236101466680623, 36.004049398978495 ], [ 129.234432738543745, 36.003951605221907 ], [ 129.234455842273348, 36.004770727128367 ], [ 129.234493938076014, 36.006121164589864 ], [ 129.234565495545382, 36.008657536987293 ], [ 129.236778735127047, 36.0104528560151 ], [ 129.237615434388914, 36.011221524327652 ], [ 129.238639812582704, 36.01222260931511 ], [ 129.238706532391177, 36.012291720716 ], [ 129.238769479887111, 36.012359622027333 ], [ 129.238793497910819, 36.01240202653532 ], [ 129.240383451426339, 36.01813637540684 ], [ 129.240398981792737, 36.018204029182378 ], [ 129.24041466463126, 36.018329569943511 ], [ 129.240424152333446, 36.018425239628932 ], [ 129.2404137007712, 36.01851277728894 ], [ 129.240392392613785, 36.01855950558781 ], [ 129.240369493614793, 36.018582892876815 ], [ 129.240302227077279, 36.018621530554498 ], [ 129.240179883381899, 36.018676612470813 ], [ 129.240066216188353, 36.018715362755344 ], [ 129.239957556511058, 36.018740075711854 ], [ 129.239801530762179, 36.01880108275774 ], [ 129.239725057946032, 36.018836228024824 ], [ 129.239274156145768, 36.01912304258768 ], [ 129.239190105661351, 36.019184571464336 ], [ 129.239136669080835, 36.019239534392064 ], [ 129.239061942263646, 36.019345875750311 ], [ 129.239001053385664, 36.019466188244138 ], [ 129.238944843749351, 36.01961684727722 ], [ 129.238934374849208, 36.019700898211021 ], [ 129.23866473047886, 36.026820836740292 ], [ 129.238667925745204, 36.026864019979634 ], [ 129.238685441161948, 36.026907247044903 ], [ 129.238715657592223, 36.026946780515317 ], [ 129.239392276187573, 36.028265807632067 ], [ 129.240078627957473, 36.0301831436282 ], [ 129.240074531055114, 36.030259088054528 ], [ 129.240059770165288, 36.030394515096852 ], [ 129.240017020420794, 36.030596052243013 ], [ 129.240000853338245, 36.030654195828944 ], [ 129.239971991268135, 36.030757951876879 ], [ 129.239924816977151, 36.030926474106273 ], [ 129.239816892644939, 36.031076947318653 ], [ 129.239778040687781, 36.031126563244811 ], [ 129.23947086058385, 36.03133356641645 ], [ 129.239354042135886, 36.031408100323617 ], [ 129.23923512599336, 36.031507418661413 ], [ 129.23914016792915, 36.031641339847567 ], [ 129.238707067276209, 36.032505772164662 ], [ 129.238569225216509, 36.032796654286592 ], [ 129.237617754224431, 36.035009479536598 ], [ 129.237561901649343, 36.035178017541455 ], [ 129.237385255471537, 36.036274767693349 ], [ 129.237374680238844, 36.036362304915031 ], [ 129.237364466792656, 36.03656870974639 ], [ 129.237360645337759, 36.036743749374644 ], [ 129.23738919572591, 36.036867541468546 ], [ 129.237441594691205, 36.036994571196182 ], [ 129.237491784989857, 36.037106743492956 ], [ 129.237537832651753, 36.037283340062764 ], [ 129.237586204529549, 36.037512763633387 ], [ 129.237650261287001, 36.037907267738902 ], [ 129.237705936759909, 36.038405817182777 ], [ 129.237709241243181, 36.038787244566009 ], [ 129.237647399813653, 36.039130797644638 ], [ 129.237514326884764, 36.03957688667677 ], [ 129.237461298919669, 36.03970347926235 ], [ 129.237415308078681, 36.039813213492224 ], [ 129.237387326689486, 36.03987272416996 ], [ 129.237316203931783, 36.040013200915155 ], [ 129.237169567755814, 36.040272729814887 ], [ 129.237020767937082, 36.040533901700933 ], [ 129.236459764637004, 36.041420040920492 ], [ 129.235409156451738, 36.043140982780692 ], [ 129.235398466443712, 36.043193836879247 ], [ 129.235388147951141, 36.043372184096619 ], [ 129.23535321651741, 36.044755950559477 ], [ 129.235361693107023, 36.04518831468279 ], [ 129.235845708209553, 36.046066604867647 ], [ 129.236530644243601, 36.047042195438657 ], [ 129.2370539335665, 36.047627302162638 ], [ 129.238021090893028, 36.049058215113412 ], [ 129.238223941756843, 36.049806812028201 ], [ 129.238307492993954, 36.050913802497 ], [ 129.23798954290001, 36.051923916052345 ], [ 129.237779516839282, 36.052487936982558 ], [ 129.237677560231731, 36.052761727670116 ], [ 129.238404671274395, 36.054548223134063 ], [ 129.239189429409862, 36.057597041755749 ], [ 129.241483876196781, 36.06277481495696 ], [ 129.242295160449828, 36.067911972668533 ], [ 129.242281483612373, 36.068489243450905 ], [ 129.242296408320527, 36.068768836310383 ], [ 129.242314029901451, 36.069042223989989 ], [ 129.242342117112031, 36.069174544937205 ], [ 129.242379722285307, 36.069298910060624 ], [ 129.242525371537454, 36.069579641677898 ], [ 129.242695566919366, 36.069868601571081 ], [ 129.242798173133735, 36.070028422841403 ], [ 129.24310481918323, 36.07040629295269 ], [ 129.24333491172618, 36.070686840756899 ], [ 129.24355036279303, 36.070933560399922 ], [ 129.244413254783893, 36.071814932608582 ], [ 129.244685100882094, 36.072091940064752 ], [ 129.245932243621866, 36.07318994624881 ], [ 129.246236743075343, 36.073453064174046 ], [ 129.246496990852791, 36.073660580983876 ], [ 129.246633136723602, 36.07367400775248 ], [ 129.2467290080765, 36.073666956304599 ], [ 129.246933030961628, 36.073623146125932 ], [ 129.247619276108878, 36.073471057518141 ], [ 129.248213614968819, 36.073267621391103 ], [ 129.250864894043417, 36.072497719868203 ], [ 129.250955417845574, 36.072477886668821 ], [ 129.2509957207333, 36.072476184435708 ], [ 129.251056259552087, 36.072492365180054 ], [ 129.251100665980658, 36.072526697133021 ], [ 129.251427457596321, 36.072939313655553 ], [ 129.251471037193426, 36.073030070486311 ], [ 129.251475269928619, 36.073107017052578 ], [ 129.251449736527974, 36.073316511169523 ], [ 129.251457096869046, 36.073394290032482 ], [ 129.251485578596856, 36.073487502234592 ], [ 129.25159502514515, 36.073693569214385 ], [ 129.251752153015417, 36.073987015473755 ], [ 129.251800686517015, 36.074063876854275 ], [ 129.252731935950777, 36.074788680730691 ], [ 129.252868221596884, 36.074880860045738 ], [ 129.254179718388883, 36.075741547639666 ], [ 129.254256421120601, 36.075774096629303 ], [ 129.254314873743226, 36.075791997344048 ], [ 129.254377338932557, 36.075783681836832 ], [ 129.254447749559148, 36.075754036981699 ], [ 129.254536212354168, 36.075681854141742 ], [ 129.254684791392435, 36.075522749072995 ], [ 129.254800150967071, 36.075353090248051 ], [ 129.254928459015872, 36.075138422359764 ], [ 129.255009367109949, 36.074926273146914 ], [ 129.255095493793334, 36.074777124764701 ], [ 129.255154729625275, 36.074694349324446 ], [ 129.255196844752788, 36.074641895295578 ], [ 129.255255073194263, 36.074587693475536 ], [ 129.255355797168079, 36.074564601111788 ], [ 129.256550205233225, 36.074432738282169 ], [ 129.256761733791876, 36.074414271902818 ], [ 129.257007600933633, 36.074405639485313 ], [ 129.257064502568028, 36.074408350506204 ], [ 129.257121399965399, 36.074411070576666 ], [ 129.259887096563261, 36.074758676981219 ], [ 129.263008803519142, 36.075199647973349 ], [ 129.263158037994202, 36.075241837732037 ], [ 129.263391139857902, 36.07533542788488 ], [ 129.267442951561009, 36.077020610524578 ], [ 129.269019493203189, 36.077842064342164 ], [ 129.269222360903711, 36.077948856529929 ], [ 129.269490937778642, 36.078154993098366 ], [ 129.269643042750999, 36.078287051850452 ], [ 129.269804754858853, 36.078470727929435 ], [ 129.269881870569293, 36.078589961198333 ], [ 129.269908454132207, 36.078700919173038 ], [ 129.269912397741109, 36.07875111402916 ], [ 129.269897601203922, 36.078808901877856 ], [ 129.269823363156348, 36.078983271523647 ], [ 129.269750801396441, 36.07912493340762 ], [ 129.269715441601392, 36.079207928410653 ], [ 129.269706317173444, 36.079265714487107 ], [ 129.269725187892192, 36.079299115716893 ], [ 129.269770131132276, 36.079327931077138 ], [ 129.272710981350599, 36.079758684036292 ], [ 129.272775614510294, 36.079764926709949 ], [ 129.272881943947993, 36.079758288164484 ], [ 129.273019781892117, 36.079711569087003 ], [ 129.273863014696417, 36.07940080475818 ], [ 129.275362750053148, 36.079486969240818 ] ] ] ] } },
{ "type": "Feature", "properties": { "OBJECTID": 2799, "adm_nm": "경상북도 경주시 천북면", "adm_cd": "3702038", "adm_cd2": "4713038000", "sgg": "47130", "sido": "47", "sidonm": "경상북도", "sggnm": "경주시" }, "geometry": { "type": "MultiPolygon", "coordinates": [ [ [ [ 129.329597296231412, 35.926596497953199 ], [ 129.32950618251985, 35.926404110617341 ], [ 129.329440857283913, 35.926199432624919 ], [ 129.329445511021561, 35.925903989823695 ], [ 129.329480420232386, 35.925851526321502 ], [ 129.330023504047659, 35.9254879367085 ], [ 129.330665982517985, 35.925066927249027 ], [ 129.331722423687324, 35.92422541745173 ], [ 129.33285423966251, 35.923207412461416 ], [ 129.333046321672924, 35.922930562894521 ], [ 129.33643131803592, 35.917446701160237 ], [ 129.336582439414741, 35.917184313773546 ], [ 129.33666936775856, 35.916964876006979 ], [ 129.336697212357137, 35.91663124550994 ], [ 129.336676923096434, 35.915973867807736 ], [ 129.336575661617672, 35.915578666923714 ], [ 129.336421471129285, 35.915112174107655 ], [ 129.33413341809856, 35.91121635376399 ], [ 129.334074517643728, 35.91114505018588 ], [ 129.333850840730292, 35.909449454845934 ], [ 129.3337591528921, 35.9085301663279 ], [ 129.333763210203955, 35.908096581834918 ], [ 129.333772567307562, 35.907553385899469 ], [ 129.333829639521696, 35.907186323560673 ], [ 129.334484399612563, 35.905564620749367 ], [ 129.333365527170173, 35.905500661202893 ], [ 129.332688734786274, 35.90564520344244 ], [ 129.332423311113047, 35.905700012148628 ], [ 129.33194005093074, 35.905738024057939 ], [ 129.33136644703896, 35.905765553548221 ], [ 129.330864450971319, 35.90577557435472 ], [ 129.330362286257326, 35.905746679442387 ], [ 129.328566090724848, 35.905621896567773 ], [ 129.327224313355686, 35.905526140216352 ], [ 129.322515369825027, 35.905148720779557 ], [ 129.322287645663039, 35.905123954721496 ], [ 129.322094164080738, 35.90508134684255 ], [ 129.321872381292877, 35.90498040975487 ], [ 129.318828589447094, 35.903267986847318 ], [ 129.317254909838624, 35.902174375581474 ], [ 129.313731293812168, 35.899688497846753 ], [ 129.312694054542874, 35.898566825245396 ], [ 129.312541136665516, 35.898389824893435 ], [ 129.31247147673642, 35.898277342119819 ], [ 129.310366044673401, 35.892263960483554 ], [ 129.309612801601958, 35.889843293765352 ], [ 129.309087780071536, 35.888049326822113 ], [ 129.309097590625356, 35.887900045300228 ], [ 129.30917955315121, 35.887626671127222 ], [ 129.309307037539725, 35.887491165025459 ], [ 129.309791545373145, 35.887089328793373 ], [ 129.310063982238347, 35.886863344395387 ], [ 129.310834039209595, 35.885959926023098 ], [ 129.310886968863826, 35.885806040226392 ], [ 129.311096140836923, 35.884413989436077 ], [ 129.311106235127113, 35.884302630080413 ], [ 129.311003832572965, 35.883938106641033 ], [ 129.31096343739074, 35.883829914784634 ], [ 129.31074258795644, 35.883306393929786 ], [ 129.310685584830196, 35.883187723107746 ], [ 129.310555265047469, 35.883085616163974 ], [ 129.31027767562415, 35.882869461379364 ], [ 129.309632345905044, 35.882386758642483 ], [ 129.309365731594482, 35.8823226711445 ], [ 129.309011181438336, 35.879869308235641 ], [ 129.310184061384206, 35.875747872695314 ], [ 129.310370553168042, 35.875577652837293 ], [ 129.310399281421809, 35.87553515620764 ], [ 129.310418349261028, 35.875481577388079 ], [ 129.31054205438204, 35.875091493890828 ], [ 129.31055752646796, 35.874944567845283 ], [ 129.310565252245198, 35.874868805322976 ], [ 129.310555316224423, 35.874790522636104 ], [ 129.310524109802287, 35.874607131784117 ], [ 129.310502930672158, 35.874528856329555 ], [ 129.309855306123808, 35.873003830963484 ], [ 129.309813218909369, 35.872912548503663 ], [ 129.307607450399729, 35.868277749731405 ], [ 129.307560579062027, 35.868195610770812 ], [ 129.307516991342112, 35.868133058243181 ], [ 129.307434786607899, 35.868040568425407 ], [ 129.307341312053893, 35.867943548768856 ], [ 129.307284931750985, 35.867894066197259 ], [ 129.307212512368039, 35.867844629330556 ], [ 129.307165868748456, 35.867817983227901 ], [ 129.306813602791919, 35.867627577264813 ], [ 129.306710695598127, 35.867578890827758 ], [ 129.30659493215515, 35.867530871865732 ], [ 129.306522598035912, 35.867505596360935 ], [ 129.306477618776256, 35.867495263239519 ], [ 129.300750716777202, 35.866705342944833 ], [ 129.297944586971539, 35.86661372093954 ], [ 129.297870765360472, 35.86661259850338 ], [ 129.297787309285667, 35.866616070818047 ], [ 129.297656304676423, 35.866633167500645 ], [ 129.297508899889834, 35.866658540731471 ], [ 129.297179731120792, 35.86672234482058 ], [ 129.296961121321942, 35.866768861404054 ], [ 129.296826046651262, 35.866803193872201 ], [ 129.296538733022601, 35.866888889745915 ], [ 129.29629076636877, 35.866974489557037 ], [ 129.296153318614245, 35.867034819230781 ], [ 129.295556558542899, 35.867202243386544 ], [ 129.294719034857849, 35.867409259482486 ], [ 129.294625681752564, 35.867425482825958 ], [ 129.294473333489805, 35.86744784498687 ], [ 129.29254449209256, 35.867708495965047 ], [ 129.292387203876984, 35.867721894641484 ], [ 129.292178265665058, 35.867730391786075 ], [ 129.291944675649347, 35.867717962646914 ], [ 129.291804536050961, 35.867710307667203 ], [ 129.29148227400367, 35.867652094842001 ], [ 129.289279887705163, 35.867055474264014 ], [ 129.288659761367313, 35.866876971901874 ], [ 129.288534245822575, 35.866838270224527 ], [ 129.288472682656192, 35.866810424520764 ], [ 129.288048802282162, 35.866520490292473 ], [ 129.287967463679678, 35.866460692946795 ], [ 129.287755463064457, 35.866296234742187 ], [ 129.287711017327581, 35.866244346594542 ], [ 129.287639140103551, 35.866078533454626 ], [ 129.286688822255513, 35.864998959605487 ], [ 129.285183100353748, 35.864021887199357 ], [ 129.283476638880444, 35.864501056868846 ], [ 129.283345495282674, 35.864563690706703 ], [ 129.283236396399417, 35.864670780658948 ], [ 129.283171062498923, 35.864768869469295 ], [ 129.28055264068513, 35.865632118830241 ], [ 129.275719470702398, 35.867201353098928 ], [ 129.274721373395295, 35.867267402794134 ], [ 129.274300064793664, 35.866930034847961 ], [ 129.274983342715984, 35.865067664976323 ], [ 129.27498692728085, 35.863034705050445 ], [ 129.274952066214894, 35.862447157128948 ], [ 129.274918184092826, 35.862300384225577 ], [ 129.2746866533206, 35.861820131691779 ], [ 129.273963194274302, 35.86138488922321 ], [ 129.272647957314405, 35.860898174938221 ], [ 129.272439920943953, 35.860880850012641 ], [ 129.268525815608143, 35.861334857899266 ], [ 129.266807992391279, 35.862123924234794 ], [ 129.263834555320614, 35.864378128636986 ], [ 129.263454106008226, 35.864742238207121 ], [ 129.263234474560079, 35.864984868743321 ], [ 129.26291842497659, 35.865412926920229 ], [ 129.262221055670892, 35.866402700850792 ], [ 129.260412904747028, 35.867107436007863 ], [ 129.258072275330619, 35.867753513550724 ], [ 129.256738235316675, 35.868228226728171 ], [ 129.256497939498615, 35.868397912115135 ], [ 129.256268780117864, 35.868629869803527 ], [ 129.256094526459322, 35.868915149124362 ], [ 129.25597568015155, 35.869405090689661 ], [ 129.254510432719513, 35.870746078674053 ], [ 129.248451645965758, 35.871742003404883 ], [ 129.244807201439841, 35.871222538795017 ], [ 129.244005092087576, 35.870935915213906 ], [ 129.244472289985168, 35.873039117947862 ], [ 129.244392561685657, 35.874554006655018 ], [ 129.244344821928024, 35.874760450569816 ], [ 129.243472632331503, 35.876937833035335 ], [ 129.241184356299073, 35.881277848169518 ], [ 129.238985243331712, 35.883355406895063 ], [ 129.238783102398173, 35.883514884368488 ], [ 129.238669581490029, 35.883560594305621 ], [ 129.238088255867666, 35.883571425101152 ], [ 129.237236940556585, 35.883506314313607 ], [ 129.23706602777753, 35.883416082112248 ], [ 129.236955447548752, 35.883293584691849 ], [ 129.236818589118514, 35.883053232567995 ], [ 129.236709227984733, 35.882974293073318 ], [ 129.236617271134435, 35.882969786799457 ], [ 129.23548474446136, 35.883246206825156 ], [ 129.233481721551954, 35.884410732805279 ], [ 129.232577705565177, 35.885467609106939 ], [ 129.231451506950037, 35.886790204081628 ], [ 129.227497541097932, 35.886895410778045 ], [ 129.228679957802797, 35.888348135730581 ], [ 129.228718666576327, 35.888994085082352 ], [ 129.228770350246862, 35.889429159571336 ], [ 129.228875634477362, 35.890295359328782 ], [ 129.229544981206175, 35.891273718924886 ], [ 129.229807075546688, 35.891654233928783 ], [ 129.230424064457651, 35.892430439787987 ], [ 129.2307325040764, 35.892801079638303 ], [ 129.231113125531095, 35.893186937962184 ], [ 129.23149708207572, 35.893537847891075 ], [ 129.231899950052622, 35.893899924430777 ], [ 129.232309558366808, 35.894215814112812 ], [ 129.232497203346668, 35.894376244834504 ], [ 129.232738239176854, 35.894587611854384 ], [ 129.233160484953714, 35.895109010470094 ], [ 129.233688932700915, 35.895833295421269 ], [ 129.233821730542587, 35.896024941761013 ], [ 129.233944224153674, 35.896218007839643 ], [ 129.234163443287429, 35.896604167407759 ], [ 129.2342730507076, 35.896797263280185 ], [ 129.235318087180502, 35.898863469541723 ], [ 129.235483142307345, 35.899225279588919 ], [ 129.237339599053684, 35.903675375742857 ], [ 129.23752445639218, 35.904130039336678 ], [ 129.237663347692205, 35.904556076188925 ], [ 129.237888135991824, 35.905388153599091 ], [ 129.237968585253867, 35.905742525592046 ], [ 129.237992601660693, 35.906108503398158 ], [ 129.238016641779012, 35.906474488044772 ], [ 129.238051364629968, 35.906879201444312 ], [ 129.238086056119187, 35.907272431332871 ], [ 129.238120753591375, 35.907665661998244 ], [ 129.238155411396207, 35.908048854344671 ], [ 129.238373344871121, 35.910122565818888 ], [ 129.238475040233624, 35.910903773720733 ], [ 129.23874954493661, 35.913004633320284 ], [ 129.238786028061384, 35.913402170007892 ], [ 129.238803043864294, 35.913783938754491 ], [ 129.238807829786936, 35.914201638999884 ], [ 129.238728101689532, 35.917051012622466 ], [ 129.238709901150145, 35.917455844411734 ], [ 129.238691674315277, 35.917854923335341 ], [ 129.233484779024252, 35.925956382141884 ], [ 129.233178532394078, 35.926244059418494 ], [ 129.232976203186013, 35.926459757241346 ], [ 129.231939237100704, 35.928005042978107 ], [ 129.231821237687626, 35.928219933926329 ], [ 129.231745591958969, 35.92837871879869 ], [ 129.231694538528188, 35.928529417740343 ], [ 129.231683983842402, 35.928592753567393 ], [ 129.231632223908207, 35.928960330708158 ], [ 129.231616101355854, 35.929111717373011 ], [ 129.231503639504155, 35.930619676924863 ], [ 129.231509217668673, 35.930690243285106 ], [ 129.231957050356726, 35.931828922074622 ], [ 129.231991279816157, 35.931897971511468 ], [ 129.232086236826262, 35.932067354950235 ], [ 129.232156881288347, 35.932190178237782 ], [ 129.2322171427368, 35.932282498478841 ], [ 129.232288635023622, 35.932388586175776 ], [ 129.232373996314209, 35.932491731343283 ], [ 129.232606671739546, 35.932759086388138 ], [ 129.232777733017372, 35.93292682871531 ], [ 129.232838730326108, 35.932966020377634 ], [ 129.232951227570396, 35.933008741368901 ], [ 129.232982592586239, 35.933017397869712 ], [ 129.234320432347062, 35.933369204773044 ], [ 129.234397464864372, 35.933383608625917 ], [ 129.235235051329283, 35.933517314606249 ], [ 129.23644719003957, 35.933743434737181 ], [ 129.23660295875041, 35.933797659100904 ], [ 129.236692807100724, 35.93383608691542 ], [ 129.236750217671158, 35.933873091893631 ], [ 129.236868346012528, 35.933963133499006 ], [ 129.236963815089894, 35.934037855148667 ], [ 129.239802648627006, 35.936862880626023 ], [ 129.239899220594396, 35.936966740190101 ], [ 129.24005601158089, 35.937148346737573 ], [ 129.240120780220622, 35.937242092056671 ], [ 129.240196979171515, 35.937418768501857 ], [ 129.24021928914442, 35.937542439940437 ], [ 129.240227628302961, 35.937634091702442 ], [ 129.240234068194326, 35.937844376943701 ], [ 129.240226668371747, 35.939553688196611 ], [ 129.240213887891287, 35.940212990930519 ], [ 129.240160408701541, 35.941636427662658 ], [ 129.240148086105137, 35.941706299214523 ], [ 129.240118124528749, 35.94186789718421 ], [ 129.239694509626673, 35.943189445685896 ], [ 129.239651887110114, 35.943308134880333 ], [ 129.239508591026322, 35.943601668206135 ], [ 129.238390414594932, 35.945804366063463 ], [ 129.237545515806517, 35.947462920061064 ], [ 129.237414983273993, 35.947685122782225 ], [ 129.237018557006564, 35.948384462151481 ], [ 129.237004351765847, 35.948425982263657 ], [ 129.236994711694109, 35.948500201202037 ], [ 129.23700562067296, 35.94855330857839 ], [ 129.237024126042087, 35.948606408754557 ], [ 129.237080737917495, 35.948668859049846 ], [ 129.237321843550831, 35.948888873117411 ], [ 129.237479403470957, 35.94902099854793 ], [ 129.237647678870303, 35.949140000008413 ], [ 129.238286746438405, 35.949579546918734 ], [ 129.241598934862907, 35.948292786953402 ], [ 129.242017285177297, 35.948293283196385 ], [ 129.244682120672564, 35.946582249424189 ], [ 129.244811213499446, 35.94647939135865 ], [ 129.244873717987701, 35.946420313233517 ], [ 129.245167371528112, 35.946098820401978 ], [ 129.2453105924086, 35.945935538946557 ], [ 129.245468097038071, 35.945753299847432 ], [ 129.245716090366045, 35.945444984999462 ], [ 129.246475637287602, 35.944466914337809 ], [ 129.246598217513622, 35.944288386812879 ], [ 129.246788276724118, 35.944005037306766 ], [ 129.246823702137107, 35.943926949098788 ], [ 129.246964383889406, 35.94361684215211 ], [ 129.246982261119825, 35.94358724169718 ], [ 129.247077985992377, 35.943428868519007 ], [ 129.247154220837842, 35.943327554614228 ], [ 129.247206981472317, 35.94329834589518 ], [ 129.247356736789044, 35.943218712705402 ], [ 129.247509165041492, 35.943139099903519 ], [ 129.247623160111687, 35.943080648873256 ], [ 129.247714599494998, 35.943036978638915 ], [ 129.255605571699363, 35.941763921604341 ], [ 129.257461280224987, 35.941467224968051 ], [ 129.258707555491867, 35.941371624647338 ], [ 129.258905330860671, 35.941371196857702 ], [ 129.259789457431566, 35.941494597200837 ], [ 129.260387028749363, 35.941824362252994 ], [ 129.26263821900082, 35.944805516513064 ], [ 129.263377867905518, 35.945817778622526 ], [ 129.263428168420489, 35.946967460321162 ], [ 129.26480041650936, 35.947636402405735 ], [ 129.265724570355843, 35.947145953512276 ], [ 129.266206311776841, 35.946816294858316 ], [ 129.26623592820107, 35.945985958290301 ], [ 129.266422442579596, 35.944563969902894 ], [ 129.267929042254451, 35.944422212458818 ], [ 129.268868997234108, 35.944458997494799 ], [ 129.270542767716961, 35.944969684483546 ], [ 129.271159310489253, 35.945270313803931 ], [ 129.271415276687293, 35.945399523497187 ], [ 129.273557884725335, 35.945495633788134 ], [ 129.274728224261935, 35.943691043461222 ], [ 129.27738437241473, 35.943013556549303 ], [ 129.278053988950262, 35.942801494220006 ], [ 129.278676918600439, 35.942144213249613 ], [ 129.278832339927675, 35.940300855137821 ], [ 129.278984221102831, 35.938849859346675 ], [ 129.279081430513514, 35.938594573158348 ], [ 129.282174149668094, 35.934914639388616 ], [ 129.282800072706493, 35.934387106151405 ], [ 129.286812118947893, 35.931683596153604 ], [ 129.286949274039955, 35.931635442197241 ], [ 129.289488883619129, 35.931507896456623 ], [ 129.290476317044011, 35.93153697302143 ], [ 129.292373572290074, 35.931917495638352 ], [ 129.292628395254326, 35.932049746982763 ], [ 129.293101718100587, 35.932314327361951 ], [ 129.293793311499883, 35.932652179806851 ], [ 129.294175256123594, 35.932769340098019 ], [ 129.294975477080726, 35.933003593156606 ], [ 129.296790484632481, 35.932541488287647 ], [ 129.297171337613889, 35.932363421823936 ], [ 129.29802286725382, 35.931741301856988 ], [ 129.300947434313485, 35.930496225758688 ], [ 129.302335105786142, 35.929922203872408 ], [ 129.30349237100458, 35.929526468727303 ], [ 129.30490940464523, 35.929429361208257 ], [ 129.305259140719727, 35.92949582512751 ], [ 129.306920836860201, 35.929648737743072 ], [ 129.307012742209139, 35.929633523731937 ], [ 129.311628300123289, 35.927784990232752 ], [ 129.311701761242176, 35.927747371149337 ], [ 129.31176905764903, 35.92769727056649 ], [ 129.31185759537712, 35.927592234096402 ], [ 129.311884932522105, 35.927522284285608 ], [ 129.311915112193788, 35.927394915190987 ], [ 129.311917524618877, 35.927230210190658 ], [ 129.311920257577981, 35.927140354293201 ], [ 129.311947430076032, 35.92703046579642 ], [ 129.311974732650981, 35.926953038842804 ], [ 129.312060281711979, 35.926865457317923 ], [ 129.312173507715897, 35.926797770521745 ], [ 129.312344992045468, 35.926724976035985 ], [ 129.312718797160841, 35.9266216761226 ], [ 129.316959747986374, 35.92554493373197 ], [ 129.317085445327365, 35.925527128042191 ], [ 129.317260198358213, 35.925504204661884 ], [ 129.317367633371703, 35.92552637833365 ], [ 129.317509101872844, 35.925620848606144 ], [ 129.317761390516836, 35.925812365852543 ], [ 129.318047482134546, 35.926021258233092 ], [ 129.318250404914522, 35.926140514510529 ], [ 129.318443921849934, 35.926209876347336 ], [ 129.318812417714696, 35.92631371934695 ], [ 129.323800113157603, 35.927322502298281 ], [ 129.325879165090129, 35.9273454768406 ], [ 129.326247635812223, 35.927220549488439 ], [ 129.326855971947538, 35.927061731495272 ], [ 129.329027064705826, 35.926674614558763 ], [ 129.329597296231412, 35.926596497953199 ] ] ] ] } },
{ "type": "Feature", "properties": { "OBJECTID": 2800, "adm_nm": "경상북도 경주시 중부동", "adm_cd": "3702051", "adm_cd2": "4713051500", "sgg": "47130", "sido": "47", "sidonm": "경상북도", "sggnm": "경주시" }, "geometry": { "type": "MultiPolygon", "coordinates": [ [ [ [ 129.213984167023312, 35.849905098370321 ], [ 129.214145251606482, 35.84985880362283 ], [ 129.214140943449507, 35.84970173462311 ], [ 129.214130906764467, 35.84940792202341 ], [ 129.214121569531841, 35.849134662399756 ], [ 129.214102738557386, 35.848583893021384 ], [ 129.214013904674175, 35.846083765840788 ], [ 129.214006923872489, 35.845887521869898 ], [ 129.21388963933623, 35.844491623504823 ], [ 129.213528228479674, 35.842347507363804 ], [ 129.213506309995751, 35.840459650896669 ], [ 129.211652426760963, 35.839924445170915 ], [ 129.211537668864594, 35.839891322183888 ], [ 129.210206671445803, 35.83957623497502 ], [ 129.209935360636536, 35.83952997924154 ], [ 129.206435728989987, 35.838933283698502 ], [ 129.202238810821683, 35.838254945525975 ], [ 129.200563371012407, 35.842154513030124 ], [ 129.200848919189298, 35.84234010776504 ], [ 129.202207407077964, 35.842315226794909 ], [ 129.20474068495443, 35.84226842490073 ], [ 129.207031017377005, 35.84220997321151 ], [ 129.207380327239662, 35.842203311899148 ], [ 129.207421582753057, 35.842202526348544 ], [ 129.207622513048534, 35.843457452627291 ], [ 129.207635782769955, 35.843940634486771 ], [ 129.207630219965694, 35.844379137463136 ], [ 129.207078209122642, 35.844629816321053 ], [ 129.206960413274146, 35.847446610613851 ], [ 129.206951138315219, 35.848078418652072 ], [ 129.206941287582396, 35.848797776745954 ], [ 129.206960778906506, 35.850193153773183 ], [ 129.213572414201167, 35.850077788651156 ], [ 129.213984167023312, 35.849905098370321 ] ] ] ] } },
{ "type": "Feature", "properties": { "OBJECTID": 2801, "adm_nm": "경상북도 경주시 성건동", "adm_cd": "3702055", "adm_cd2": "4713055000", "sgg": "47130", "sido": "47", "sidonm": "경상북도", "sggnm": "경주시" }, "geometry": { "type": "MultiPolygon", "coordinates": [ [ [ [ 129.203567129202924, 35.862735796705103 ], [ 129.204051052472181, 35.861703237701448 ], [ 129.204633425330371, 35.860460608299995 ], [ 129.205069337748881, 35.859891208541725 ], [ 129.205679866786113, 35.859093775138689 ], [ 129.215476548471571, 35.853384080150853 ], [ 129.213984167023312, 35.849905098370321 ], [ 129.213572414201167, 35.850077788651156 ], [ 129.206960778906506, 35.850193153773183 ], [ 129.206941287582396, 35.848797776745954 ], [ 129.206951138315219, 35.848078418652072 ], [ 129.206960413274146, 35.847446610613851 ], [ 129.207078209122642, 35.844629816321053 ], [ 129.207630219965694, 35.844379137463136 ], [ 129.207635782769955, 35.843940634486771 ], [ 129.207622513048534, 35.843457452627291 ], [ 129.207421582753057, 35.842202526348544 ], [ 129.207380327239662, 35.842203311899148 ], [ 129.207031017377005, 35.84220997321151 ], [ 129.20474068495443, 35.84226842490073 ], [ 129.202207407077964, 35.842315226794909 ], [ 129.200848919189298, 35.84234010776504 ], [ 129.200563371012407, 35.842154513030124 ], [ 129.200361871687846, 35.842587859202908 ], [ 129.1995502536451, 35.844275508902136 ], [ 129.197898954251173, 35.846129574542587 ], [ 129.196880527231144, 35.846613261137151 ], [ 129.195421441119976, 35.847269152620918 ], [ 129.194480187026443, 35.847797022761419 ], [ 129.192394688426617, 35.849075303016733 ], [ 129.191379206754902, 35.850163796462084 ], [ 129.187706582599674, 35.851300714225296 ], [ 129.184320422840216, 35.851994558390544 ], [ 129.181981821013494, 35.852766586650027 ], [ 129.181772926477464, 35.852906251745416 ], [ 129.180075112071421, 35.854041410662639 ], [ 129.178527959302812, 35.855358323892489 ], [ 129.176152690958958, 35.855887725987799 ], [ 129.175916517692968, 35.856066421371274 ], [ 129.174572252909371, 35.857083591713604 ], [ 129.174355949692767, 35.857914304707805 ], [ 129.174168178150325, 35.859790209986642 ], [ 129.174850688140509, 35.864520853484855 ], [ 129.177759579785004, 35.86904644900978 ], [ 129.178485923065267, 35.869813494364138 ], [ 129.180033373370378, 35.870182904224784 ], [ 129.181654516883867, 35.870898365030911 ], [ 129.181827548597028, 35.870974729715648 ], [ 129.184493237953177, 35.869910545056442 ], [ 129.188896682854249, 35.868902983286247 ], [ 129.189502241278802, 35.868995277274678 ], [ 129.190018506853562, 35.869073980768015 ], [ 129.190622094386953, 35.86916597497067 ], [ 129.191502999604722, 35.868973245713178 ], [ 129.193949136690094, 35.867824531259046 ], [ 129.196090345227333, 35.866769672299164 ], [ 129.198295663693244, 35.865419167812789 ], [ 129.200015701586665, 35.864180559905414 ], [ 129.200786239729041, 35.863268470252606 ], [ 129.20092514338458, 35.863059839529633 ], [ 129.200546556443129, 35.862448503923396 ], [ 129.200363965020131, 35.861730485039708 ], [ 129.200635688680705, 35.861092522151409 ], [ 129.201109877220745, 35.860583319717286 ], [ 129.201614258348059, 35.860366328396957 ], [ 129.201681773840903, 35.860337305830271 ], [ 129.203567129202924, 35.862735796705103 ] ] ] ] } },
{ "type": "Feature", "properties": { "OBJECTID": 2802, "adm_nm": "경상북도 경주시 월성동", "adm_cd": "3702058", "adm_cd2": "4713060500", "sgg": "47130", "sido": "47", "sidonm": "경상북도", "sggnm": "경주시" }, "geometry": { "type": "MultiPolygon", "coordinates": [ [ [ [ 129.286441083052068, 35.794424466879569 ], [ 129.282853692562156, 35.793703223879994 ], [ 129.281977852125635, 35.793496632586752 ], [ 129.279840452995984, 35.792786616151155 ], [ 129.27777404068857, 35.79103329524137 ], [ 129.277715802685492, 35.79045843409682 ], [ 129.27770890872975, 35.790312480626852 ], [ 129.27766547066571, 35.790286102722817 ], [ 129.277483425334395, 35.790175598531938 ], [ 129.276212572073831, 35.789598420835098 ], [ 129.271924225861852, 35.788946152014532 ], [ 129.271586648019309, 35.788931649085107 ], [ 129.271183043640349, 35.788958098198769 ], [ 129.270976914470538, 35.788994173831504 ], [ 129.26969545910498, 35.789320156273774 ], [ 129.268716470963881, 35.790079028959873 ], [ 129.267285578856956, 35.791112007735713 ], [ 129.267161149047411, 35.791126762602353 ], [ 129.266279873154758, 35.790839144995282 ], [ 129.264954320530336, 35.790653849684723 ], [ 129.264065877606015, 35.790901607432396 ], [ 129.263617751761132, 35.791057210033671 ], [ 129.26267632902838, 35.791406737813723 ], [ 129.262569756945368, 35.79144677520123 ], [ 129.262463183725743, 35.791486816117995 ], [ 129.261308734367503, 35.791959863125179 ], [ 129.260429716368378, 35.792367138014335 ], [ 129.25948384405919, 35.792879366639269 ], [ 129.259022487253787, 35.793206102779997 ], [ 129.258499330189579, 35.79367050547242 ], [ 129.258010144850687, 35.79417459752343 ], [ 129.258008846563769, 35.794225602992867 ], [ 129.257994361927899, 35.79479716486096 ], [ 129.25801263219924, 35.79494915211356 ], [ 129.257025274993111, 35.794864375193526 ], [ 129.256687188807462, 35.794807185920156 ], [ 129.255685036588631, 35.793938796999761 ], [ 129.255158704593981, 35.793411464959455 ], [ 129.254917545500831, 35.793078979661644 ], [ 129.254881759972193, 35.793006658943781 ], [ 129.254262282784765, 35.791092672049018 ], [ 129.254216860379444, 35.790788725550293 ], [ 129.253766722771871, 35.786361993306222 ], [ 129.253653482960004, 35.784291881315866 ], [ 129.25377723836624, 35.784059984515117 ], [ 129.253865418682039, 35.783745643175784 ], [ 129.253855146251681, 35.783311326054267 ], [ 129.253699756040362, 35.782069670445118 ], [ 129.253413006937933, 35.781360826507274 ], [ 129.25238639461756, 35.777997607919531 ], [ 129.25258878978434, 35.777239285636135 ], [ 129.252774946892458, 35.777065174484676 ], [ 129.25281894071847, 35.776920299571067 ], [ 129.252700653646968, 35.776059110059755 ], [ 129.251904639874084, 35.774540585867534 ], [ 129.251610596075892, 35.774084095851464 ], [ 129.250514164391547, 35.772786526208762 ], [ 129.250298060035391, 35.772556602736628 ], [ 129.249644207414377, 35.771994833420258 ], [ 129.249524317571939, 35.771915859085155 ], [ 129.249446427403797, 35.771876999440082 ], [ 129.244778154593888, 35.769962055219366 ], [ 129.236438871870405, 35.766599362068284 ], [ 129.236259425075133, 35.766534734126111 ], [ 129.2360501612946, 35.76648366491758 ], [ 129.235872520018546, 35.766466458830401 ], [ 129.235709887843996, 35.766483000636654 ], [ 129.235401417191895, 35.766575679909081 ], [ 129.235298727423668, 35.76666520939493 ], [ 129.235119930105213, 35.766822648849413 ], [ 129.234147806460925, 35.769256135092107 ], [ 129.232468598484218, 35.772336718778043 ], [ 129.231920212175766, 35.772696563785416 ], [ 129.231681779441345, 35.77292711586334 ], [ 129.231521760103618, 35.773275382601071 ], [ 129.231419596516417, 35.773516590779636 ], [ 129.231428450059724, 35.773710164346625 ], [ 129.231996989565971, 35.775733125454593 ], [ 129.232582504814133, 35.777877915250706 ], [ 129.232583001638318, 35.778015963230864 ], [ 129.232577307297532, 35.778108012334833 ], [ 129.232329537923846, 35.779132856207738 ], [ 129.23225890494939, 35.779224109204442 ], [ 129.228871993014877, 35.782379993895695 ], [ 129.225557713767643, 35.783999221089786 ], [ 129.225125119375321, 35.784114293410056 ], [ 129.224770969187347, 35.784238242676579 ], [ 129.224639168192141, 35.784294461353504 ], [ 129.223858558791562, 35.784750859762582 ], [ 129.223662346847306, 35.784874426872449 ], [ 129.22351723270495, 35.785076390874551 ], [ 129.223484533142852, 35.785170545013351 ], [ 129.222913302742256, 35.78743211400252 ], [ 129.223163976483249, 35.787814164977675 ], [ 129.225483864937104, 35.789309978067507 ], [ 129.226518783973233, 35.789977257736844 ], [ 129.228894666653616, 35.797154564201726 ], [ 129.229554342334893, 35.800795160386862 ], [ 129.229573895534912, 35.802872780905744 ], [ 129.22949342328161, 35.803879236402878 ], [ 129.229344570683907, 35.805455240989204 ], [ 129.228777248147935, 35.80657599378354 ], [ 129.227697926207213, 35.807194305465593 ], [ 129.227384923639789, 35.80737360404266 ], [ 129.226819191326939, 35.812042056756816 ], [ 129.22904773456662, 35.81395223701017 ], [ 129.224620136718016, 35.819326075933724 ], [ 129.224594057848236, 35.819348118461932 ], [ 129.22395627384347, 35.819887058603179 ], [ 129.223456938493911, 35.820307816577703 ], [ 129.222714186400054, 35.820539127777806 ], [ 129.221485025165777, 35.820822004002515 ], [ 129.220651368819915, 35.820917811474715 ], [ 129.219595024752607, 35.821150170441143 ], [ 129.2194405033122, 35.82144155775584 ], [ 129.218082480350546, 35.823080723835105 ], [ 129.216613365075688, 35.824412165376927 ], [ 129.215556750638996, 35.824218810370411 ], [ 129.215420736776565, 35.824131432272509 ], [ 129.215220207857101, 35.824021610943483 ], [ 129.21484924602143, 35.823839235477138 ], [ 129.213172984685201, 35.823080812933988 ], [ 129.212594924214471, 35.82883315987462 ], [ 129.21349715625422, 35.832296650976431 ], [ 129.216264539778763, 35.832757762989758 ], [ 129.216667511065566, 35.832627336261183 ], [ 129.217145681393674, 35.832694209338428 ], [ 129.217825586690083, 35.832913442184484 ], [ 129.217929796200536, 35.833318311894693 ], [ 129.218432184234501, 35.835716650912488 ], [ 129.218400836770883, 35.835835763361011 ], [ 129.218221792839529, 35.836200570837228 ], [ 129.218073332541195, 35.836395177433452 ], [ 129.217827110046187, 35.836579818392515 ], [ 129.216998766969141, 35.837186096541494 ], [ 129.216885241063949, 35.837265373288496 ], [ 129.218357777112374, 35.838782622625871 ], [ 129.219534924181488, 35.8404491955853 ], [ 129.222270119504429, 35.841621015671507 ], [ 129.22261097293125, 35.841624152071489 ], [ 129.223080512776363, 35.841616802925671 ], [ 129.22427728130404, 35.841545546658836 ], [ 129.227626269674829, 35.841413150209412 ], [ 129.229129765560913, 35.841353928973426 ], [ 129.229128725535048, 35.841397310930532 ], [ 129.229189351208731, 35.843149267277902 ], [ 129.229864098780297, 35.844026486559365 ], [ 129.230375994059216, 35.8444903959833 ], [ 129.236588898361504, 35.842212499324972 ], [ 129.239915459803882, 35.841156890715126 ], [ 129.241078364443496, 35.84081438577747 ], [ 129.241526598026155, 35.840731031025427 ], [ 129.242614262173277, 35.840576792021473 ], [ 129.243215672247715, 35.840506683994761 ], [ 129.244200665917845, 35.840898369232285 ], [ 129.248901544492099, 35.84276760873469 ], [ 129.249216473986991, 35.84289942555214 ], [ 129.255059914600565, 35.845652302759213 ], [ 129.255431793584961, 35.845593309386082 ], [ 129.258481178330186, 35.846927353856337 ], [ 129.259045066349273, 35.847174024960594 ], [ 129.266341850624997, 35.849612450633032 ], [ 129.2663416419079, 35.849540250453956 ], [ 129.266333898648611, 35.846879389108565 ], [ 129.266333292653144, 35.846674013433422 ], [ 129.266313335520749, 35.839806382555238 ], [ 129.266408011796386, 35.835381227873775 ], [ 129.265048604638679, 35.831277300529727 ], [ 129.264945299696677, 35.830463127282606 ], [ 129.265794479356714, 35.827900821279044 ], [ 129.266188141323198, 35.825374055634995 ], [ 129.266860938596096, 35.821055257920001 ], [ 129.26876770038885, 35.816774320427371 ], [ 129.27023645879234, 35.815079326287027 ], [ 129.273074943375462, 35.811196140168235 ], [ 129.273105778738739, 35.809465388987768 ], [ 129.274564566253048, 35.80862168567576 ], [ 129.276443901737252, 35.807901912285821 ], [ 129.276498392454016, 35.806871246161222 ], [ 129.276105440113525, 35.806565677170589 ], [ 129.275801646481398, 35.806329453366452 ], [ 129.275819364853675, 35.805545663352575 ], [ 129.276049004232675, 35.804464017187719 ], [ 129.27637551456607, 35.803266308525536 ], [ 129.277074920451327, 35.802669420200765 ], [ 129.278135919166886, 35.801763963205644 ], [ 129.280254402194487, 35.800875026995925 ], [ 129.28128172603428, 35.800365878548376 ], [ 129.283739121504084, 35.798719643645519 ], [ 129.284898156984212, 35.797914147114966 ], [ 129.285330282008488, 35.797612117829011 ], [ 129.286125048038571, 35.795981108883687 ], [ 129.286441083052068, 35.794424466879569 ] ] ] ] } },
{ "type": "Feature", "properties": { "OBJECTID": 2803, "adm_nm": "경상북도 경주시 선도동", "adm_cd": "3702059", "adm_cd2": "4713059000", "sgg": "47130", "sido": "47", "sidonm": "경상북도", "sggnm": "경주시" }, "geometry": { "type": "MultiPolygon", "coordinates": [ [ [ [ 129.136827063065709, 35.867320236555777 ], [ 129.136914134093757, 35.866099402258023 ], [ 129.137013118978558, 35.865744322409817 ], [ 129.137908967077664, 35.864756806243463 ], [ 129.139433913908761, 35.863625559354631 ], [ 129.14124816004923, 35.863166330877817 ], [ 129.143797153213683, 35.862458436243386 ], [ 129.144687882885961, 35.861956750461317 ], [ 129.146000928616019, 35.861020602344972 ], [ 129.148774647036078, 35.859689067880495 ], [ 129.149096044875051, 35.860450039655014 ], [ 129.149389630697698, 35.860606734728073 ], [ 129.155921711860003, 35.864081700419781 ], [ 129.157186846125825, 35.864496430579088 ], [ 129.158932199365694, 35.863056055091519 ], [ 129.159271266295605, 35.862888036817992 ], [ 129.16037429739589, 35.862882935903428 ], [ 129.160908873469509, 35.86325608142841 ], [ 129.161670768937, 35.864007868399817 ], [ 129.162163218368562, 35.864160949127609 ], [ 129.170422924767934, 35.86198053099227 ], [ 129.171211839894397, 35.861730752940112 ], [ 129.172519326158323, 35.860603040434718 ], [ 129.174168178150325, 35.859790209986642 ], [ 129.174355949692767, 35.857914304707805 ], [ 129.174572252909371, 35.857083591713604 ], [ 129.175916517692968, 35.856066421371274 ], [ 129.176152690958958, 35.855887725987799 ], [ 129.178527959302812, 35.855358323892489 ], [ 129.180075112071421, 35.854041410662639 ], [ 129.181772926477464, 35.852906251745416 ], [ 129.181981821013494, 35.852766586650027 ], [ 129.184320422840216, 35.851994558390544 ], [ 129.187706582599674, 35.851300714225296 ], [ 129.191379206754902, 35.850163796462084 ], [ 129.192394688426617, 35.849075303016733 ], [ 129.194480187026443, 35.847797022761419 ], [ 129.195421441119976, 35.847269152620918 ], [ 129.196880527231144, 35.846613261137151 ], [ 129.197898954251173, 35.846129574542587 ], [ 129.1995502536451, 35.844275508902136 ], [ 129.200361871687846, 35.842587859202908 ], [ 129.200563371012407, 35.842154513030124 ], [ 129.202238810821683, 35.838254945525975 ], [ 129.201993888202907, 35.836821624444617 ], [ 129.201910845107079, 35.836335634068057 ], [ 129.201897273940716, 35.836256226286658 ], [ 129.201450155540044, 35.834124410201923 ], [ 129.200179406645475, 35.832445421754151 ], [ 129.198576019223538, 35.831696562933068 ], [ 129.197537666220597, 35.827107337485224 ], [ 129.19741985694526, 35.826586597211445 ], [ 129.197479596578802, 35.824569974371336 ], [ 129.198426857505126, 35.819923705487149 ], [ 129.19903270636371, 35.817704567259476 ], [ 129.199054249100385, 35.817625643225298 ], [ 129.197947678377062, 35.816484923427581 ], [ 129.195855116080651, 35.815307260804957 ], [ 129.189040803906835, 35.81208004368937 ], [ 129.187232109388503, 35.812142883602867 ], [ 129.180572735734387, 35.813275132682996 ], [ 129.179598604083878, 35.813681897414483 ], [ 129.179305065590455, 35.81404519919046 ], [ 129.178761097071146, 35.814718434607506 ], [ 129.177830616377577, 35.815540572343991 ], [ 129.176428808487003, 35.816779086971742 ], [ 129.173372874344949, 35.818585283715365 ], [ 129.172976736333993, 35.8187270960116 ], [ 129.172716450205769, 35.818763797124689 ], [ 129.17104965414606, 35.81856641628292 ], [ 129.170863485799117, 35.818475885357898 ], [ 129.166826515139405, 35.819408657966406 ], [ 129.166072633377894, 35.819636383765626 ], [ 129.162783040598669, 35.820629962638435 ], [ 129.162117597074939, 35.82083093665139 ], [ 129.160297097194047, 35.820863659326768 ], [ 129.15955015058438, 35.820445699914806 ], [ 129.160660054892759, 35.81993302507766 ], [ 129.160979850864123, 35.819280578349421 ], [ 129.161121490917338, 35.818991592485325 ], [ 129.161134898021146, 35.81896421968581 ], [ 129.160825419864551, 35.815606285035038 ], [ 129.16075064451752, 35.815412727431273 ], [ 129.15974755528481, 35.813490524664857 ], [ 129.159568628531872, 35.813291020334908 ], [ 129.158615839013834, 35.812971472352281 ], [ 129.158034286933457, 35.812282215363375 ], [ 129.157668102682379, 35.811764288757296 ], [ 129.156931270390089, 35.813144511993372 ], [ 129.156795436019365, 35.813332600861131 ], [ 129.156711839126018, 35.813417343322847 ], [ 129.156608092578978, 35.813495782510309 ], [ 129.156513721575777, 35.813557819356781 ], [ 129.156340065174362, 35.813652771925803 ], [ 129.1558599792248, 35.813885914495607 ], [ 129.154951303867961, 35.814280745705652 ], [ 129.153530127247024, 35.814862596038736 ], [ 129.153125403287277, 35.814999294760042 ], [ 129.152939392106191, 35.815049991771588 ], [ 129.152677039884793, 35.815113315458198 ], [ 129.152429075218294, 35.815169240445712 ], [ 129.149859175467014, 35.815571414595603 ], [ 129.149629846914735, 35.815602073896642 ], [ 129.14899045074506, 35.815630531464919 ], [ 129.148853957063324, 35.815602945828097 ], [ 129.14879958005443, 35.815574526435597 ], [ 129.148501891095549, 35.815371560144527 ], [ 129.148366990686725, 35.815240062815128 ], [ 129.147602200309393, 35.81507625444938 ], [ 129.147534226571764, 35.81506308410313 ], [ 129.147177834169213, 35.815070713564744 ], [ 129.14670662888318, 35.815104992345859 ], [ 129.146440351792222, 35.815135234997371 ], [ 129.146040110031151, 35.815186279647051 ], [ 129.145918038556147, 35.815234118476241 ], [ 129.145798474740019, 35.815312561355228 ], [ 129.143517468165186, 35.818218779358517 ], [ 129.143454679652336, 35.818378733650036 ], [ 129.143092344761328, 35.821219002255383 ], [ 129.140372220608413, 35.822803432030597 ], [ 129.138939525937957, 35.82353471532106 ], [ 129.138570735771737, 35.823730382043458 ], [ 129.135137589798603, 35.825866736046436 ], [ 129.134206965259096, 35.826663297970221 ], [ 129.132724593549597, 35.827932081855565 ], [ 129.131196226667043, 35.829885150354627 ], [ 129.130758916220742, 35.831185098759121 ], [ 129.130720381991239, 35.831350226435646 ], [ 129.130715684851566, 35.831553130362494 ], [ 129.130718191431015, 35.831935790138601 ], [ 129.130754873763635, 35.832037869001155 ], [ 129.130983821273787, 35.832283307890201 ], [ 129.131395021583955, 35.832719424491572 ], [ 129.132139161586622, 35.833508387882716 ], [ 129.132791731209778, 35.834191272248482 ], [ 129.133384886488926, 35.834809879262473 ], [ 129.134086137053117, 35.835542638045816 ], [ 129.134948814631827, 35.839466810601358 ], [ 129.134978626696835, 35.839619988427486 ], [ 129.134994359641865, 35.839890618022928 ], [ 129.13500561561429, 35.840136555986895 ], [ 129.134957022539453, 35.840729811523808 ], [ 129.134913216576308, 35.840877955575337 ], [ 129.134750400589951, 35.841144161506456 ], [ 129.134598799358258, 35.841301065286402 ], [ 129.134507377150925, 35.841372010523791 ], [ 129.134223682072417, 35.841567803167322 ], [ 129.133818344311806, 35.841766609805305 ], [ 129.133646882159638, 35.841825297003076 ], [ 129.133185636629349, 35.841956572048971 ], [ 129.132844085637828, 35.842046250535013 ], [ 129.132526189995815, 35.842180811547067 ], [ 129.132376395630928, 35.842295612212737 ], [ 129.132310768487343, 35.842367231231286 ], [ 129.132123293486273, 35.842594371269435 ], [ 129.132037793391959, 35.842698010119655 ], [ 129.131707340960816, 35.843213184302236 ], [ 129.13150960693801, 35.843522786104423 ], [ 129.130224457460713, 35.845700868181765 ], [ 129.130115137794292, 35.845936313875463 ], [ 129.129968594335509, 35.846283001409816 ], [ 129.129972577873417, 35.846346170595247 ], [ 129.130009338531579, 35.846428500926578 ], [ 129.130092622385234, 35.846521253306385 ], [ 129.130943687523342, 35.847094336185819 ], [ 129.131760024831749, 35.851192162179473 ], [ 129.132810839393812, 35.854035627586171 ], [ 129.134736402211644, 35.857386711023992 ], [ 129.13590741594291, 35.862067392424287 ], [ 129.136878494290301, 35.866026461844299 ], [ 129.136879965725655, 35.866180323933072 ], [ 129.136827063065709, 35.867320236555777 ] ] ], [ [ [ 129.136827063065709, 35.867320236555777 ], [ 129.136804990597199, 35.867404921184388 ], [ 129.136752987196218, 35.86749339972252 ], [ 129.136716093114501, 35.86754651481904 ], [ 129.136627242763268, 35.867642165602817 ], [ 129.13592512281889, 35.868352826043704 ], [ 129.136824314048738, 35.867470078656766 ], [ 129.136827063065709, 35.867320236555777 ] ] ] ] } },
{ "type": "Feature", "properties": { "OBJECTID": 2804, "adm_nm": "경상북도 경주시 용강동", "adm_cd": "3702062", "adm_cd2": "4713061500", "sgg": "47130", "sido": "47", "sidonm": "경상북도", "sggnm": "경주시" }, "geometry": { "type": "MultiPolygon", "coordinates": [ [ [ [ 129.244005092087576, 35.870935915213906 ], [ 129.242983990883943, 35.870571026529653 ], [ 129.242742463130583, 35.868404670134765 ], [ 129.242647519746612, 35.86574588355689 ], [ 129.243299120530821, 35.862110520715078 ], [ 129.242890850266946, 35.858722717520564 ], [ 129.242491804991744, 35.858997292601593 ], [ 129.242070334150299, 35.859140263993964 ], [ 129.240622657133542, 35.859419784639861 ], [ 129.238916404017374, 35.859375746981996 ], [ 129.237458383197577, 35.859095795566667 ], [ 129.237337051054794, 35.85905998031739 ], [ 129.237210518375321, 35.859066927253473 ], [ 129.236697311188379, 35.859120910356104 ], [ 129.236214484651441, 35.859190967331024 ], [ 129.233966311355829, 35.859626540219416 ], [ 129.233446195821216, 35.860903344576315 ], [ 129.231751884590068, 35.861750639630507 ], [ 129.231203997947034, 35.861537055542037 ], [ 129.228290225436155, 35.860401082348893 ], [ 129.227490846643519, 35.860089398323552 ], [ 129.226584116086627, 35.859807471279133 ], [ 129.225767579309121, 35.859822519762574 ], [ 129.224281360776075, 35.859839931985576 ], [ 129.22427728368973, 35.859662361643132 ], [ 129.224016016225733, 35.85963754204235 ], [ 129.223962845334967, 35.859637117043256 ], [ 129.223912875708066, 35.859641638506815 ], [ 129.223868728465845, 35.859649617425852 ], [ 129.223824288420616, 35.859662178279045 ], [ 129.223778549025099, 35.859679581617108 ], [ 129.223751558910351, 35.85969272048073 ], [ 129.223725819057478, 35.859707444239021 ], [ 129.223701476096551, 35.859723671457786 ], [ 129.223678677238183, 35.859741296354365 ], [ 129.223657513544708, 35.859760228375734 ], [ 129.223638126248602, 35.859780392475628 ], [ 129.223195557876295, 35.859846661647452 ], [ 129.222100947157287, 35.859833680470217 ], [ 129.220926019847326, 35.859396045277926 ], [ 129.220224645127587, 35.859324876244102 ], [ 129.220671983194649, 35.860666744299195 ], [ 129.220715398433754, 35.860796979458627 ], [ 129.221435822994323, 35.864020323504974 ], [ 129.221290772213422, 35.86487097937659 ], [ 129.221069925238567, 35.866293458241437 ], [ 129.220985685246433, 35.867295143393235 ], [ 129.222216241751482, 35.872609252262905 ], [ 129.223443030739446, 35.872701205480354 ], [ 129.223854853465326, 35.873455257219149 ], [ 129.224734678379491, 35.87625561895188 ], [ 129.224749754051402, 35.876307802095837 ], [ 129.225002352811174, 35.877182649343681 ], [ 129.225288537007629, 35.878316419795453 ], [ 129.225280322292804, 35.878980893377928 ], [ 129.225128725175665, 35.879427408002122 ], [ 129.224933641532488, 35.879731324790399 ], [ 129.224065986144666, 35.881010740579448 ], [ 129.223008693752462, 35.88187943842275 ], [ 129.222716011336473, 35.884085907473832 ], [ 129.22361200146662, 35.884249515255028 ], [ 129.22322427238646, 35.885639931101963 ], [ 129.227497541097932, 35.886895410778045 ], [ 129.231451506950037, 35.886790204081628 ], [ 129.232577705565177, 35.885467609106939 ], [ 129.233481721551954, 35.884410732805279 ], [ 129.23548474446136, 35.883246206825156 ], [ 129.236617271134435, 35.882969786799457 ], [ 129.236709227984733, 35.882974293073318 ], [ 129.236818589118514, 35.883053232567995 ], [ 129.236955447548752, 35.883293584691849 ], [ 129.23706602777753, 35.883416082112248 ], [ 129.237236940556585, 35.883506314313607 ], [ 129.238088255867666, 35.883571425101152 ], [ 129.238669581490029, 35.883560594305621 ], [ 129.238783102398173, 35.883514884368488 ], [ 129.238985243331712, 35.883355406895063 ], [ 129.241184356299073, 35.881277848169518 ], [ 129.243472632331503, 35.876937833035335 ], [ 129.244344821928024, 35.874760450569816 ], [ 129.244392561685657, 35.874554006655018 ], [ 129.244472289985168, 35.873039117947862 ], [ 129.244005092087576, 35.870935915213906 ] ] ] ] } },
{ "type": "Feature", "properties": { "OBJECTID": 2805, "adm_nm": "경상북도 경주시 황성동", "adm_cd": "3702063", "adm_cd2": "4713062100", "sgg": "47130", "sido": "47", "sidonm": "경상북도", "sggnm": "경주시" }, "geometry": { "type": "MultiPolygon", "coordinates": [ [ [ [ 129.22322427238646, 35.885639931101963 ], [ 129.22361200146662, 35.884249515255028 ], [ 129.222716011336473, 35.884085907473832 ], [ 129.223008693752462, 35.88187943842275 ], [ 129.224065986144666, 35.881010740579448 ], [ 129.224933641532488, 35.879731324790399 ], [ 129.225128725175665, 35.879427408002122 ], [ 129.225280322292804, 35.878980893377928 ], [ 129.225288537007629, 35.878316419795453 ], [ 129.225002352811174, 35.877182649343681 ], [ 129.224749754051402, 35.876307802095837 ], [ 129.224734678379491, 35.87625561895188 ], [ 129.223854853465326, 35.873455257219149 ], [ 129.223443030739446, 35.872701205480354 ], [ 129.222216241751482, 35.872609252262905 ], [ 129.220985685246433, 35.867295143393235 ], [ 129.221069925238567, 35.866293458241437 ], [ 129.221290772213422, 35.86487097937659 ], [ 129.221435822994323, 35.864020323504974 ], [ 129.220715398433754, 35.860796979458627 ], [ 129.220671983194649, 35.860666744299195 ], [ 129.220224645127587, 35.859324876244102 ], [ 129.217805598148232, 35.852026449646907 ], [ 129.215476548471571, 35.853384080150853 ], [ 129.205679866786113, 35.859093775138689 ], [ 129.205069337748881, 35.859891208541725 ], [ 129.204633425330371, 35.860460608299995 ], [ 129.204051052472181, 35.861703237701448 ], [ 129.203567129202924, 35.862735796705103 ], [ 129.203998486663579, 35.864328398003998 ], [ 129.20488146275656, 35.865519348684522 ], [ 129.207395027673442, 35.868770702081619 ], [ 129.209540818596736, 35.871145508786171 ], [ 129.210733271572366, 35.872446067998368 ], [ 129.211140692154856, 35.872890417455388 ], [ 129.211704412111317, 35.873505240979135 ], [ 129.212950327142238, 35.875381298656755 ], [ 129.217079871666726, 35.882498818950971 ], [ 129.217189271444767, 35.882736169549062 ], [ 129.220175365508055, 35.884622521378205 ], [ 129.220276545538781, 35.884678225059041 ], [ 129.220392504351537, 35.884742064653359 ], [ 129.220570897596929, 35.884826857002835 ], [ 129.22300218840391, 35.885902961444387 ], [ 129.22322427238646, 35.885639931101963 ] ] ] ] } },
{ "type": "Feature", "properties": { "OBJECTID": 2806, "adm_nm": "경상북도 경주시 동천동", "adm_cd": "3702064", "adm_cd2": "4713063000", "sgg": "47130", "sido": "47", "sidonm": "경상북도", "sggnm": "경주시" }, "geometry": { "type": "MultiPolygon", "coordinates": [ [ [ [ 129.242890850266946, 35.858722717520564 ], [ 129.244294343924366, 35.856987717030258 ], [ 129.245499169320254, 35.856650030476956 ], [ 129.247145012489455, 35.854578974035782 ], [ 129.24738221735447, 35.852533762202405 ], [ 129.247435290618427, 35.852076202862925 ], [ 129.247736825973533, 35.850683175563148 ], [ 129.248127916668324, 35.850333071056063 ], [ 129.248897193780948, 35.850596182613096 ], [ 129.249481293898441, 35.851401349318252 ], [ 129.249968658719013, 35.851620743615314 ], [ 129.251368588903148, 35.851496607502995 ], [ 129.252213630852651, 35.850893158937559 ], [ 129.252916562311242, 35.850227094222163 ], [ 129.25358408117512, 35.848941945710095 ], [ 129.254951651550925, 35.846336844739213 ], [ 129.255431793584961, 35.845593309386082 ], [ 129.255059914600565, 35.845652302759213 ], [ 129.249216473986991, 35.84289942555214 ], [ 129.248901544492099, 35.84276760873469 ], [ 129.244200665917845, 35.840898369232285 ], [ 129.243215672247715, 35.840506683994761 ], [ 129.242614262173277, 35.840576792021473 ], [ 129.241526598026155, 35.840731031025427 ], [ 129.241078364443496, 35.84081438577747 ], [ 129.239915459803882, 35.841156890715126 ], [ 129.236588898361504, 35.842212499324972 ], [ 129.230375994059216, 35.8444903959833 ], [ 129.228883680698743, 35.844953303081127 ], [ 129.226438913616192, 35.846359124477047 ], [ 129.223682791954218, 35.847943869435824 ], [ 129.223643848758059, 35.847969861888345 ], [ 129.22260538794427, 35.848663070464966 ], [ 129.222431074587377, 35.848780669229626 ], [ 129.221470561981647, 35.84942866503345 ], [ 129.221036400865984, 35.849721560971844 ], [ 129.219218765995748, 35.851018293583401 ], [ 129.217805598148232, 35.852026449646907 ], [ 129.220224645127587, 35.859324876244102 ], [ 129.220926019847326, 35.859396045277926 ], [ 129.222100947157287, 35.859833680470217 ], [ 129.223195557876295, 35.859846661647452 ], [ 129.223638126248602, 35.859780392475628 ], [ 129.223657513544708, 35.859760228375734 ], [ 129.223678677238183, 35.859741296354365 ], [ 129.223701476096551, 35.859723671457786 ], [ 129.223725819057478, 35.859707444239021 ], [ 129.223751558910351, 35.85969272048073 ], [ 129.223778549025099, 35.859679581617108 ], [ 129.223824288420616, 35.859662178279045 ], [ 129.223868728465845, 35.859649617425852 ], [ 129.223912875708066, 35.859641638506815 ], [ 129.223962845334967, 35.859637117043256 ], [ 129.224016016225733, 35.85963754204235 ], [ 129.22427728368973, 35.859662361643132 ], [ 129.224281360776075, 35.859839931985576 ], [ 129.225767579309121, 35.859822519762574 ], [ 129.226584116086627, 35.859807471279133 ], [ 129.227490846643519, 35.860089398323552 ], [ 129.228290225436155, 35.860401082348893 ], [ 129.231203997947034, 35.861537055542037 ], [ 129.231751884590068, 35.861750639630507 ], [ 129.233446195821216, 35.860903344576315 ], [ 129.233966311355829, 35.859626540219416 ], [ 129.236214484651441, 35.859190967331024 ], [ 129.236697311188379, 35.859120910356104 ], [ 129.237210518375321, 35.859066927253473 ], [ 129.237337051054794, 35.85905998031739 ], [ 129.237458383197577, 35.859095795566667 ], [ 129.238916404017374, 35.859375746981996 ], [ 129.240622657133542, 35.859419784639861 ], [ 129.242070334150299, 35.859140263993964 ], [ 129.242491804991744, 35.858997292601593 ], [ 129.242890850266946, 35.858722717520564 ] ] ] ] } },
{ "type": "Feature", "properties": { "OBJECTID": 2807, "adm_nm": "경상북도 경주시 불국동", "adm_cd": "3702066", "adm_cd2": "4713065000", "sgg": "47130", "sido": "47", "sidonm": "경상북도", "sggnm": "경주시" }, "geometry": { "type": "MultiPolygon", "coordinates": [ [ [ [ 129.347853425709587, 35.802323397261091 ], [ 129.347838732983149, 35.801824134815313 ], [ 129.34865778495157, 35.799333564895797 ], [ 129.349384766878643, 35.797610729339624 ], [ 129.350178631607577, 35.796932388275067 ], [ 129.350905738977275, 35.796364687695494 ], [ 129.351511895895555, 35.795454324709077 ], [ 129.351941493822096, 35.794076068496736 ], [ 129.352025401226598, 35.793214841150103 ], [ 129.351655045705371, 35.788957734675485 ], [ 129.351350841746154, 35.784987866620106 ], [ 129.351605010657494, 35.784408445616009 ], [ 129.352273830440168, 35.783172804413141 ], [ 129.354023419559667, 35.781800434844023 ], [ 129.354148028511986, 35.781753830403701 ], [ 129.35426708224017, 35.781729215602454 ], [ 129.354346514389192, 35.78172898019406 ], [ 129.354765975875836, 35.780350064151598 ], [ 129.354222513828262, 35.773176756435753 ], [ 129.353952977567758, 35.773037925181939 ], [ 129.353139195405134, 35.773450764430542 ], [ 129.350876235430235, 35.774955947229238 ], [ 129.349930072430539, 35.776198496149874 ], [ 129.349220562163111, 35.778111983813154 ], [ 129.348554536389685, 35.780120090199517 ], [ 129.348028681138771, 35.780969055447443 ], [ 129.347068305160462, 35.781900185228764 ], [ 129.346519989736635, 35.782156233796854 ], [ 129.346262818516919, 35.782238424770277 ], [ 129.345997394361774, 35.782244206454877 ], [ 129.345893050995613, 35.782233793785501 ], [ 129.345707068549189, 35.782214560470699 ], [ 129.344170098972228, 35.782014045306433 ], [ 129.341393328879036, 35.780412125505379 ], [ 129.338932626741098, 35.778823024732439 ], [ 129.338456794592872, 35.77865522413645 ], [ 129.33789611859595, 35.778513208316781 ], [ 129.327045539619547, 35.77818134154699 ], [ 129.32342311646039, 35.778324786060665 ], [ 129.32209137248384, 35.77817435483572 ], [ 129.321574854612095, 35.778102657838964 ], [ 129.319922637804297, 35.777811165399221 ], [ 129.31671169004332, 35.776781652149232 ], [ 129.316263775293862, 35.776602052500451 ], [ 129.314460323166486, 35.775476055671405 ], [ 129.314156247172832, 35.775277997145608 ], [ 129.313976980152148, 35.775069693506268 ], [ 129.312888931592482, 35.773388761545093 ], [ 129.312692519168991, 35.772255352183983 ], [ 129.312687527059978, 35.772082908534109 ], [ 129.312879012206963, 35.771933030737614 ], [ 129.313035151597944, 35.771791275246024 ], [ 129.313202828926478, 35.771599827003897 ], [ 129.313218209339681, 35.771466206879573 ], [ 129.3131259737969, 35.7712719116766 ], [ 129.31166775706879, 35.769433388470596 ], [ 129.310471176711189, 35.7683526269252 ], [ 129.309162871613381, 35.767525305423923 ], [ 129.308768318744256, 35.767378706444148 ], [ 129.305566357314262, 35.766430699255558 ], [ 129.305368072941235, 35.766405160804972 ], [ 129.30495153749672, 35.766364527074245 ], [ 129.303339760674987, 35.766407656884908 ], [ 129.302917881575951, 35.766429554853531 ], [ 129.302595187737921, 35.766477258743762 ], [ 129.302425380352872, 35.766589715436787 ], [ 129.302017157230523, 35.766843449216793 ], [ 129.301587685983776, 35.766974778770866 ], [ 129.301124275822133, 35.76700720100488 ], [ 129.301034698595373, 35.766983979983827 ], [ 129.300938257267404, 35.766842216976663 ], [ 129.300528590774405, 35.765430531722942 ], [ 129.300123404247699, 35.763935474627516 ], [ 129.298965714937026, 35.761433360434779 ], [ 129.29886274055545, 35.761251250669275 ], [ 129.298613426788137, 35.760824596033707 ], [ 129.298580539851912, 35.760790693454169 ], [ 129.298549166786785, 35.76077264433421 ], [ 129.298501360282501, 35.760772770700186 ], [ 129.298354382379927, 35.760793968687516 ], [ 129.297174977811977, 35.761307524776214 ], [ 129.296423875856647, 35.761830376380054 ], [ 129.296358248394256, 35.761866274168973 ], [ 129.295692041135993, 35.762014849462005 ], [ 129.295538706170504, 35.762039799921787 ], [ 129.29518528220504, 35.762042903339186 ], [ 129.295012688582034, 35.762043298321579 ], [ 129.291224205597587, 35.762015681973416 ], [ 129.290360054827175, 35.761446746444626 ], [ 129.290316616061517, 35.761418911537532 ], [ 129.290065812485864, 35.761319329296114 ], [ 129.28985398461063, 35.76124296751167 ], [ 129.289250552838496, 35.761052291426253 ], [ 129.288824004064082, 35.760931046151164 ], [ 129.287432979182341, 35.760577099023209 ], [ 129.287367228852418, 35.760572795426519 ], [ 129.286484201620908, 35.760702163800396 ], [ 129.285519556094812, 35.760738558966743 ], [ 129.285023664141505, 35.760739730750245 ], [ 129.284872950993332, 35.760731145531295 ], [ 129.284738610752555, 35.760704650603408 ], [ 129.284661730498357, 35.760657922498481 ], [ 129.281725752837332, 35.758068398072034 ], [ 129.281328955363108, 35.756992887937059 ], [ 129.281789900264755, 35.753273538173787 ], [ 129.281822215954463, 35.753114847512308 ], [ 129.28186556822547, 35.753019122097989 ], [ 129.282343836380278, 35.752059094452811 ], [ 129.282679166711432, 35.751527979979514 ], [ 129.283126111859275, 35.750907237605922 ], [ 129.2832273330296, 35.750775827221759 ], [ 129.28335388092637, 35.750613288586543 ], [ 129.283636855745073, 35.750355422069312 ], [ 129.283797365585514, 35.750211781190274 ], [ 129.28421097709986, 35.749756829602354 ], [ 129.284227726392459, 35.749711686801149 ], [ 129.284199153126508, 35.749627798657322 ], [ 129.278525530447837, 35.747750071994702 ], [ 129.278318046980388, 35.747763264806729 ], [ 129.27803740020147, 35.747740676880326 ], [ 129.277888028854051, 35.747706270967861 ], [ 129.276942364819945, 35.747486688895805 ], [ 129.276842212851591, 35.747456375628417 ], [ 129.276616773782848, 35.747365232269132 ], [ 129.270545204120822, 35.743007523562873 ], [ 129.270378091886187, 35.74286884271627 ], [ 129.27025674530023, 35.742746482116054 ], [ 129.269949282380935, 35.742435108755032 ], [ 129.269441965477995, 35.741832933427972 ], [ 129.269393359132408, 35.741767348009134 ], [ 129.269033944158735, 35.741186727658409 ], [ 129.268974482421044, 35.741086124452195 ], [ 129.267906289883143, 35.739126365897476 ], [ 129.267716963816468, 35.738766527111601 ], [ 129.267638464117823, 35.738600270224197 ], [ 129.267603043876619, 35.738455815735527 ], [ 129.267591702485788, 35.738277369847324 ], [ 129.267569798993179, 35.738156977769535 ], [ 129.267513021685374, 35.738056370348644 ], [ 129.267421305434453, 35.737953640327028 ], [ 129.267300068649604, 35.737867406847549 ], [ 129.267173553835988, 35.737810757666296 ], [ 129.267063269792686, 35.737778160722584 ], [ 129.266918076764853, 35.737759854965844 ], [ 129.266794445389053, 35.737762317418117 ], [ 129.265007855465029, 35.737964422991709 ], [ 129.262834430142874, 35.738227570129659 ], [ 129.262494159558685, 35.738286819597761 ], [ 129.259769344171985, 35.739522924833686 ], [ 129.259589520669948, 35.739605443655094 ], [ 129.259482202780987, 35.73966479597162 ], [ 129.259383021597444, 35.739746040133511 ], [ 129.259299961564068, 35.739825051596277 ], [ 129.259235924948371, 35.739970805680322 ], [ 129.258292262259403, 35.742397040162061 ], [ 129.258273629849981, 35.74245400409982 ], [ 129.258273851279824, 35.742522992441522 ], [ 129.258279424678477, 35.742584286694495 ], [ 129.259115011136089, 35.74582462112464 ], [ 129.259880199304916, 35.748053380033504 ], [ 129.259624694767524, 35.750497816368011 ], [ 129.259498613139101, 35.750579115302671 ], [ 129.259394054999547, 35.750664767175699 ], [ 129.259302961006085, 35.7507591107452 ], [ 129.259241552233448, 35.750887349870233 ], [ 129.259196227316522, 35.751003521557422 ], [ 129.257719929032731, 35.754969381901887 ], [ 129.257726516002691, 35.755160720006629 ], [ 129.25789946396597, 35.755934346226944 ], [ 129.258083413440318, 35.756411774594952 ], [ 129.258108002153705, 35.756612847025259 ], [ 129.258076040390449, 35.756907886890275 ], [ 129.258034710798398, 35.757076168320651 ], [ 129.25753795311968, 35.758848323646966 ], [ 129.257428427522939, 35.759202010475526 ], [ 129.257362887393981, 35.759285035905066 ], [ 129.257267396473992, 35.759352290104104 ], [ 129.256998713681412, 35.759501575026455 ], [ 129.256497320020912, 35.759837836546836 ], [ 129.256339355108992, 35.760006374127556 ], [ 129.256298228021421, 35.760242905089108 ], [ 129.256109113208254, 35.761898573414619 ], [ 129.256676300093886, 35.763439274814068 ], [ 129.256802151929065, 35.763512152933167 ], [ 129.256988124315797, 35.76367752746259 ], [ 129.257213484339104, 35.764002500922842 ], [ 129.257406409719295, 35.764329313731132 ], [ 129.257419863731769, 35.764368404218295 ], [ 129.257446989709052, 35.764447239190744 ], [ 129.257475438581395, 35.764545576679026 ], [ 129.257642459033605, 35.767199960184342 ], [ 129.257630757179697, 35.767280424596741 ], [ 129.25732555955085, 35.769110655696188 ], [ 129.257313754145855, 35.769161856386454 ], [ 129.25728708893709, 35.769237502799278 ], [ 129.255518489534637, 35.772748017080374 ], [ 129.255429173218459, 35.772879846598322 ], [ 129.255345648467937, 35.772953141364013 ], [ 129.254062519126904, 35.773945601650532 ], [ 129.252745155158351, 35.774523665809042 ], [ 129.252589735575697, 35.774567884269032 ], [ 129.25247308197342, 35.774568122447469 ], [ 129.252410232934835, 35.774560934992529 ], [ 129.252266491871552, 35.774508838509938 ], [ 129.25214067278327, 35.774455470098168 ], [ 129.251942858681815, 35.774331540493257 ], [ 129.251610596075892, 35.774084095851464 ], [ 129.251904639874084, 35.774540585867534 ], [ 129.252700653646968, 35.776059110059755 ], [ 129.25281894071847, 35.776920299571067 ], [ 129.252774946892458, 35.777065174484676 ], [ 129.25258878978434, 35.777239285636135 ], [ 129.25238639461756, 35.777997607919531 ], [ 129.253413006937933, 35.781360826507274 ], [ 129.253699756040362, 35.782069670445118 ], [ 129.253855146251681, 35.783311326054267 ], [ 129.253865418682039, 35.783745643175784 ], [ 129.25377723836624, 35.784059984515117 ], [ 129.253653482960004, 35.784291881315866 ], [ 129.253766722771871, 35.786361993306222 ], [ 129.254216860379444, 35.790788725550293 ], [ 129.254262282784765, 35.791092672049018 ], [ 129.254881759972193, 35.793006658943781 ], [ 129.254917545500831, 35.793078979661644 ], [ 129.255158704593981, 35.793411464959455 ], [ 129.255685036588631, 35.793938796999761 ], [ 129.256687188807462, 35.794807185920156 ], [ 129.257025274993111, 35.794864375193526 ], [ 129.25801263219924, 35.79494915211356 ], [ 129.257994361927899, 35.79479716486096 ], [ 129.258008846563769, 35.794225602992867 ], [ 129.258010144850687, 35.79417459752343 ], [ 129.258499330189579, 35.79367050547242 ], [ 129.259022487253787, 35.793206102779997 ], [ 129.25948384405919, 35.792879366639269 ], [ 129.260429716368378, 35.792367138014335 ], [ 129.261308734367503, 35.791959863125179 ], [ 129.262463183725743, 35.791486816117995 ], [ 129.262569756945368, 35.79144677520123 ], [ 129.26267632902838, 35.791406737813723 ], [ 129.263617751761132, 35.791057210033671 ], [ 129.264065877606015, 35.790901607432396 ], [ 129.264954320530336, 35.790653849684723 ], [ 129.266279873154758, 35.790839144995282 ], [ 129.267161149047411, 35.791126762602353 ], [ 129.267285578856956, 35.791112007735713 ], [ 129.268716470963881, 35.790079028959873 ], [ 129.26969545910498, 35.789320156273774 ], [ 129.270976914470538, 35.788994173831504 ], [ 129.271183043640349, 35.788958098198769 ], [ 129.271586648019309, 35.788931649085107 ], [ 129.271924225861852, 35.788946152014532 ], [ 129.276212572073831, 35.789598420835098 ], [ 129.277483425334395, 35.790175598531938 ], [ 129.27766547066571, 35.790286102722817 ], [ 129.27770890872975, 35.790312480626852 ], [ 129.277715802685492, 35.79045843409682 ], [ 129.27777404068857, 35.79103329524137 ], [ 129.279840452995984, 35.792786616151155 ], [ 129.281977852125635, 35.793496632586752 ], [ 129.282853692562156, 35.793703223879994 ], [ 129.286441083052068, 35.794424466879569 ], [ 129.287628945125903, 35.793928530888586 ], [ 129.28945322027235, 35.792571717179356 ], [ 129.291234295431195, 35.791478757436167 ], [ 129.291402254621147, 35.791375691975396 ], [ 129.293708944834663, 35.790776765486754 ], [ 129.296158413758803, 35.791660402546498 ], [ 129.296239287185131, 35.793078887891291 ], [ 129.296612058406055, 35.794198029311964 ], [ 129.298453854360332, 35.798325033044499 ], [ 129.300040384592847, 35.799845325654672 ], [ 129.298186548017384, 35.805740488169619 ], [ 129.297408038772829, 35.806538849192627 ], [ 129.297227973484269, 35.807244137545105 ], [ 129.297024284715064, 35.808521191443916 ], [ 129.298014714048207, 35.809514240048991 ], [ 129.298344075368135, 35.809818065013644 ], [ 129.298413164759495, 35.81221613696524 ], [ 129.298293371849724, 35.813622143692179 ], [ 129.29856849852797, 35.814824731906349 ], [ 129.298952869375569, 35.815471483119154 ], [ 129.301267111404798, 35.815980960415899 ], [ 129.306641073518847, 35.815922960705976 ], [ 129.307116889192429, 35.815917818453116 ], [ 129.309213563430575, 35.816350908167522 ], [ 129.31056098155733, 35.817206422974706 ], [ 129.311135974943596, 35.817685040867197 ], [ 129.318437069474555, 35.817218026284046 ], [ 129.318610790281696, 35.816300629198878 ], [ 129.320335621746068, 35.812904971325089 ], [ 129.323990035195806, 35.809716839484189 ], [ 129.325176424608912, 35.809171601768249 ], [ 129.32772171926942, 35.809187639551823 ], [ 129.328922373590075, 35.80913174771262 ], [ 129.330621294215234, 35.808984568292246 ], [ 129.336394587853675, 35.807697332980958 ], [ 129.337558447869753, 35.807070777417323 ], [ 129.342763085647647, 35.803630295166535 ], [ 129.345310456145683, 35.801533514468304 ], [ 129.345705291707588, 35.801451659278747 ], [ 129.346570492910587, 35.801590391568539 ], [ 129.346903874459116, 35.801761839177679 ], [ 129.347853425709587, 35.802323397261091 ] ] ] ] } },
{ "type": "Feature", "properties": { "OBJECTID": 2808, "adm_nm": "경상북도 경주시 보덕동", "adm_cd": "3702067", "adm_cd2": "4713066000", "sgg": "47130", "sido": "47", "sidonm": "경상북도", "sggnm": "경주시" }, "geometry": { "type": "MultiPolygon", "coordinates": [ [ [ [ 129.334484399612563, 35.905564620749367 ], [ 129.334419066960862, 35.905331299989065 ], [ 129.333663299975683, 35.903002723908848 ], [ 129.33319257005968, 35.902226794331185 ], [ 129.334309628463586, 35.899872178226495 ], [ 129.335617504764002, 35.897442481264228 ], [ 129.335726760460716, 35.897299764076209 ], [ 129.33672703658047, 35.896230493432796 ], [ 129.338314285410519, 35.894686373651687 ], [ 129.337514664433058, 35.89393472267664 ], [ 129.337457423679979, 35.893862010388318 ], [ 129.337354490342648, 35.893574154326878 ], [ 129.337283684025152, 35.893178555708253 ], [ 129.33726218717652, 35.892903706351269 ], [ 129.337282317352873, 35.892852334857416 ], [ 129.337318707328876, 35.892802534595866 ], [ 129.338674913744484, 35.891268584087427 ], [ 129.339883859783953, 35.890510025222845 ], [ 129.342558881327363, 35.889214094640465 ], [ 129.347706468169832, 35.888647595510328 ], [ 129.347753433755202, 35.88864994765084 ], [ 129.347857638236064, 35.88868142047906 ], [ 129.347953278241647, 35.888741150683849 ], [ 129.348118524526399, 35.888853619578271 ], [ 129.348214374482183, 35.888962775365869 ], [ 129.348353882939705, 35.889138863318109 ], [ 129.34901120266332, 35.890236489125179 ], [ 129.349448250484585, 35.891029417511923 ], [ 129.349544459029573, 35.891216217708411 ], [ 129.349579823971879, 35.891371427641275 ], [ 129.349593515755117, 35.89153022932063 ], [ 129.349572633189865, 35.891710326097723 ], [ 129.349620897367998, 35.891841645052004 ], [ 129.349777915235023, 35.892052979041502 ], [ 129.349908695182535, 35.892214972574372 ], [ 129.349982607717095, 35.8922606313483 ], [ 129.350047750804094, 35.892285163309765 ], [ 129.350099827805536, 35.892295599381377 ], [ 129.350151834056618, 35.892288381378712 ], [ 129.351512332614163, 35.891825572304469 ], [ 129.351585873452422, 35.89179003840659 ], [ 129.351642018640348, 35.891736943622305 ], [ 129.352520886460354, 35.890459242523875 ], [ 129.352716680411362, 35.889143829253292 ], [ 129.352681306265964, 35.888988625816978 ], [ 129.352680985600642, 35.888914489082111 ], [ 129.353039093556987, 35.887535954305498 ], [ 129.353064880463421, 35.887486469891478 ], [ 129.353086449763254, 35.887461691143059 ], [ 129.354493185229671, 35.886690731625578 ], [ 129.354783172821357, 35.886580441467828 ], [ 129.354999633076005, 35.886509204790464 ], [ 129.357174343327074, 35.885881545739821 ], [ 129.357330266977158, 35.885845778038338 ], [ 129.357447318529324, 35.885845452081547 ], [ 129.35760346540647, 35.885862635162695 ], [ 129.357785677627248, 35.885890330556677 ], [ 129.357963752505157, 35.88596040972886 ], [ 129.358050754061196, 35.886023658617646 ], [ 129.358124922582022, 35.88612934493711 ], [ 129.358216794224148, 35.886312615602336 ], [ 129.358282857369232, 35.88654185721829 ], [ 129.358379201283412, 35.886756901759121 ], [ 129.35850155614213, 35.886971844690891 ], [ 129.358615039775543, 35.887137419227514 ], [ 129.359540812468055, 35.888134470123269 ], [ 129.359649686822564, 35.88824002176019 ], [ 129.359736624112031, 35.888289179601941 ], [ 129.359840735158457, 35.888302988286291 ], [ 129.36036118250837, 35.888340270829175 ], [ 129.360610435548381, 35.888328933685536 ], [ 129.360827109642685, 35.888307098604741 ], [ 129.361030720609364, 35.888267661750653 ], [ 129.361065261717357, 35.888239318993413 ], [ 129.361121390241038, 35.88818622102864 ], [ 129.362448427866582, 35.883960621820371 ], [ 129.362482529512249, 35.883833449239098 ], [ 129.363077739462085, 35.881486994907789 ], [ 129.363645183964081, 35.878529097233759 ], [ 129.363644754130718, 35.878433794117555 ], [ 129.363609666860384, 35.878342128096968 ], [ 129.363043216435074, 35.877378413931709 ], [ 129.362482776512451, 35.876591646278662 ], [ 129.362447175684224, 35.876556761039012 ], [ 129.362376074969575, 35.876507571154541 ], [ 129.362301209786978, 35.876465583697822 ], [ 129.361044106681504, 35.875828104469903 ], [ 129.360949005217179, 35.875788233586142 ], [ 129.360817190800532, 35.875747465746748 ], [ 129.360667706146813, 35.875712924814465 ], [ 129.360524568955782, 35.875687600168128 ], [ 129.360390347057688, 35.875673593926265 ], [ 129.359958683061677, 35.875649146732691 ], [ 129.359244748362357, 35.875622456370834 ], [ 129.358835970901652, 35.875622626724315 ], [ 129.358691715318145, 35.875629233500241 ], [ 129.358577839580732, 35.87563575213656 ], [ 129.3584703474219, 35.875653570875755 ], [ 129.358414724152595, 35.875668132137939 ], [ 129.358153208879543, 35.875770827026258 ], [ 129.358064765803789, 35.875806070712848 ], [ 129.357971384784577, 35.875863976900582 ], [ 129.357870335260486, 35.87591162671616 ], [ 129.357790678478608, 35.875929363069083 ], [ 129.35772235707924, 35.875933678809837 ], [ 129.357628609245694, 35.87591338485138 ], [ 129.357457536146057, 35.875863441517915 ], [ 129.357247090353752, 35.875783787057962 ], [ 129.357042955722932, 35.875698941355346 ], [ 129.356878091531883, 35.875625317075198 ], [ 129.356549629518582, 35.87547291981469 ], [ 129.356465858221611, 35.875421705542529 ], [ 129.356402297270193, 35.875358087449442 ], [ 129.35633734444113, 35.875266668961693 ], [ 129.355120997727823, 35.873248680454871 ], [ 129.355075038689563, 35.873158254184787 ], [ 129.355022385260156, 35.872984456615065 ], [ 129.355011802316284, 35.872879484115366 ], [ 129.355021698406745, 35.872827990156956 ], [ 129.355054369175832, 35.872776430158915 ], [ 129.360583194615884, 35.865258910521568 ], [ 129.3607946483788, 35.865283999082351 ], [ 129.360979462173987, 35.865299907582532 ], [ 129.361147762715945, 35.86530043580003 ], [ 129.361276835729825, 35.865297992010689 ], [ 129.361508346925632, 35.865283916255279 ], [ 129.361685397280979, 35.865258681274909 ], [ 129.363374662747134, 35.864963342795512 ], [ 129.363542831848861, 35.864932990956063 ], [ 129.363752675325514, 35.864887058523458 ], [ 129.366487982827891, 35.864211763500329 ], [ 129.368420908616457, 35.863247546314192 ], [ 129.368483859190576, 35.863177371554137 ], [ 129.368572119649002, 35.863109154006771 ], [ 129.371722161597631, 35.861299740503519 ], [ 129.371756258738202, 35.861288809848631 ], [ 129.37180186175965, 35.861294870938238 ], [ 129.373024695662963, 35.861785523154509 ], [ 129.374950271055695, 35.863420666987594 ], [ 129.375109072036992, 35.863170871605988 ], [ 129.375448501206876, 35.862540470745394 ], [ 129.375948555031187, 35.861424353818535 ], [ 129.376207790782615, 35.858807209721682 ], [ 129.376200536755505, 35.85877072545253 ], [ 129.376169606910764, 35.858722774810772 ], [ 129.376124436795919, 35.858656619797458 ], [ 129.376034131681791, 35.858531991432102 ], [ 129.375844024842451, 35.858276034382058 ], [ 129.375706262069741, 35.85810159559162 ], [ 129.375594699430309, 35.857977031101761 ], [ 129.375488058301414, 35.857893777620319 ], [ 129.375426505625001, 35.857859386966297 ], [ 129.375374543832322, 35.857854744451046 ], [ 129.374649431757945, 35.857804153381387 ], [ 129.373616800887987, 35.85762767292843 ], [ 129.373475024458855, 35.85760312991075 ], [ 129.373363898087689, 35.857572722433602 ], [ 129.373032908144012, 35.857478633326856 ], [ 129.372940644423181, 35.857440487917543 ], [ 129.372843566631502, 35.857383120773328 ], [ 129.372746468008586, 35.857319073126945 ], [ 129.372704642446053, 35.857289629899668 ], [ 129.372588738654741, 35.857174406260647 ], [ 129.372364742405125, 35.856949002245031 ], [ 129.372168108826145, 35.85669454260487 ], [ 129.37203385338799, 35.856502000133894 ], [ 129.371920987221415, 35.856311869108985 ], [ 129.371840916608988, 35.856168025470957 ], [ 129.370999977069488, 35.852968325853908 ], [ 129.370978361618512, 35.852882109346268 ], [ 129.370975703648327, 35.852815043936424 ], [ 129.370989633971988, 35.85276898748851 ], [ 129.37217026739296, 35.850842104212227 ], [ 129.372273164595242, 35.85068459484858 ], [ 129.371250363325601, 35.844927489412925 ], [ 129.368875788274238, 35.842229805889041 ], [ 129.368754705581949, 35.842195722807226 ], [ 129.368560942196723, 35.842137251415977 ], [ 129.368467031398666, 35.842098165948229 ], [ 129.368356435407151, 35.84204928675284 ], [ 129.368262520539446, 35.842007753703953 ], [ 129.368201844483622, 35.841961169302962 ], [ 129.368180405822756, 35.841902175399539 ], [ 129.368195029141333, 35.841793860376704 ], [ 129.368339224563954, 35.840933998851803 ], [ 129.368366084966652, 35.840860102582326 ], [ 129.369135169877779, 35.839797164406122 ], [ 129.369273385682135, 35.839612201891015 ], [ 129.369691230027485, 35.839094151667638 ], [ 129.369748375035357, 35.839029990170388 ], [ 129.369820714328227, 35.838983015703363 ], [ 129.370040940754052, 35.838881448804386 ], [ 129.372995732244988, 35.837225111199587 ], [ 129.377623573522101, 35.833857728756179 ], [ 129.377644043182045, 35.833819240784287 ], [ 129.377652698425834, 35.833778397120916 ], [ 129.378067289752948, 35.830691187573166 ], [ 129.37807427858047, 35.830294976773551 ], [ 129.378046569977499, 35.829895321130749 ], [ 129.378025216979211, 35.829744117510231 ], [ 129.378006923980394, 35.829619318679974 ], [ 129.377959172393361, 35.82949940649474 ], [ 129.377869971179138, 35.829350824642589 ], [ 129.377777967058989, 35.829228670641911 ], [ 129.37765788459231, 35.829093391002949 ], [ 129.377482951240268, 35.828904265570401 ], [ 129.377370353574776, 35.828791756899598 ], [ 129.377266777239015, 35.828717652072726 ], [ 129.377175023968448, 35.828653109091157 ], [ 129.377071554887948, 35.828602995849486 ], [ 129.375483719851957, 35.827973710771062 ], [ 129.375362569956451, 35.827930732173023 ], [ 129.375076833285277, 35.82786855168068 ], [ 129.374583135310985, 35.82781491139388 ], [ 129.374452418921777, 35.827795608512631 ], [ 129.374345845169927, 35.827768354739717 ], [ 129.374219781794352, 35.827705676136752 ], [ 129.373453249254112, 35.827242961274095 ], [ 129.373312527463838, 35.82715275226429 ], [ 129.373198383067177, 35.827058519262856 ], [ 129.373130277273191, 35.826975953692525 ], [ 129.373032530293159, 35.826763416817379 ], [ 129.372535670134909, 35.825461197042124 ], [ 129.372506756399247, 35.825363917714185 ], [ 129.372474694405099, 35.825201756513202 ], [ 129.372471272726017, 35.825076576118569 ], [ 129.372507773229557, 35.824969832410034 ], [ 129.372609525226437, 35.824816521496714 ], [ 129.37264907171965, 35.824756133333167 ], [ 129.372662843810161, 35.824656409257024 ], [ 129.372644942126158, 35.824480290822976 ], [ 129.372238147446751, 35.823296968105332 ], [ 129.372111376226599, 35.822963553897821 ], [ 129.370998222797766, 35.820426323196621 ], [ 129.368807664322986, 35.816269682675618 ], [ 129.368718820109763, 35.816133180933669 ], [ 129.367110226804499, 35.814728655826059 ], [ 129.362271472223682, 35.812603633811541 ], [ 129.358585052652927, 35.811033674774322 ], [ 129.358545119229348, 35.811010611597005 ], [ 129.358479209254313, 35.810911115865963 ], [ 129.357957556356638, 35.810066555165172 ], [ 129.357871499700678, 35.809911503594982 ], [ 129.357825145789292, 35.80972617434351 ], [ 129.356906892249384, 35.805447293388646 ], [ 129.35692364828455, 35.805375400742676 ], [ 129.357487661875979, 35.804240165472059 ], [ 129.357629109663918, 35.804058921467373 ], [ 129.35789265646892, 35.80381705169286 ], [ 129.35807133957573, 35.803689027875713 ], [ 129.358088650170458, 35.803658761931111 ], [ 129.358093802865426, 35.803624052180488 ], [ 129.357193857967559, 35.802932110434583 ], [ 129.357052543128475, 35.802823549843112 ], [ 129.35688130847862, 35.802720793474933 ], [ 129.356798350154065, 35.802672989926478 ], [ 129.356644995761911, 35.802629001679449 ], [ 129.35460033900145, 35.802471532966827 ], [ 129.354533427105906, 35.802468857702962 ], [ 129.351568276268182, 35.802365677251203 ], [ 129.347853425709587, 35.802323397261091 ], [ 129.346903874459116, 35.801761839177679 ], [ 129.346570492910587, 35.801590391568539 ], [ 129.345705291707588, 35.801451659278747 ], [ 129.345310456145683, 35.801533514468304 ], [ 129.342763085647647, 35.803630295166535 ], [ 129.337558447869753, 35.807070777417323 ], [ 129.336394587853675, 35.807697332980958 ], [ 129.330621294215234, 35.808984568292246 ], [ 129.328922373590075, 35.80913174771262 ], [ 129.32772171926942, 35.809187639551823 ], [ 129.325176424608912, 35.809171601768249 ], [ 129.323990035195806, 35.809716839484189 ], [ 129.320335621746068, 35.812904971325089 ], [ 129.318610790281696, 35.816300629198878 ], [ 129.318437069474555, 35.817218026284046 ], [ 129.311135974943596, 35.817685040867197 ], [ 129.31056098155733, 35.817206422974706 ], [ 129.309213563430575, 35.816350908167522 ], [ 129.307116889192429, 35.815917818453116 ], [ 129.306641073518847, 35.815922960705976 ], [ 129.301267111404798, 35.815980960415899 ], [ 129.298952869375569, 35.815471483119154 ], [ 129.29856849852797, 35.814824731906349 ], [ 129.298293371849724, 35.813622143692179 ], [ 129.298413164759495, 35.81221613696524 ], [ 129.298344075368135, 35.809818065013644 ], [ 129.298014714048207, 35.809514240048991 ], [ 129.297024284715064, 35.808521191443916 ], [ 129.297227973484269, 35.807244137545105 ], [ 129.297408038772829, 35.806538849192627 ], [ 129.298186548017384, 35.805740488169619 ], [ 129.300040384592847, 35.799845325654672 ], [ 129.298453854360332, 35.798325033044499 ], [ 129.296612058406055, 35.794198029311964 ], [ 129.296239287185131, 35.793078887891291 ], [ 129.296158413758803, 35.791660402546498 ], [ 129.293708944834663, 35.790776765486754 ], [ 129.291402254621147, 35.791375691975396 ], [ 129.291234295431195, 35.791478757436167 ], [ 129.28945322027235, 35.792571717179356 ], [ 129.287628945125903, 35.793928530888586 ], [ 129.286441083052068, 35.794424466879569 ], [ 129.286125048038571, 35.795981108883687 ], [ 129.285330282008488, 35.797612117829011 ], [ 129.284898156984212, 35.797914147114966 ], [ 129.283739121504084, 35.798719643645519 ], [ 129.28128172603428, 35.800365878548376 ], [ 129.280254402194487, 35.800875026995925 ], [ 129.278135919166886, 35.801763963205644 ], [ 129.277074920451327, 35.802669420200765 ], [ 129.27637551456607, 35.803266308525536 ], [ 129.276049004232675, 35.804464017187719 ], [ 129.275819364853675, 35.805545663352575 ], [ 129.275801646481398, 35.806329453366452 ], [ 129.276105440113525, 35.806565677170589 ], [ 129.276498392454016, 35.806871246161222 ], [ 129.276443901737252, 35.807901912285821 ], [ 129.274564566253048, 35.80862168567576 ], [ 129.273105778738739, 35.809465388987768 ], [ 129.273074943375462, 35.811196140168235 ], [ 129.27023645879234, 35.815079326287027 ], [ 129.26876770038885, 35.816774320427371 ], [ 129.266860938596096, 35.821055257920001 ], [ 129.266188141323198, 35.825374055634995 ], [ 129.265794479356714, 35.827900821279044 ], [ 129.264945299696677, 35.830463127282606 ], [ 129.265048604638679, 35.831277300529727 ], [ 129.266408011796386, 35.835381227873775 ], [ 129.266313335520749, 35.839806382555238 ], [ 129.266333292653144, 35.846674013433422 ], [ 129.266333898648611, 35.846879389108565 ], [ 129.2663416419079, 35.849540250453956 ], [ 129.266341850624997, 35.849612450633032 ], [ 129.259045066349273, 35.847174024960594 ], [ 129.258481178330186, 35.846927353856337 ], [ 129.255431793584961, 35.845593309386082 ], [ 129.254951651550925, 35.846336844739213 ], [ 129.25358408117512, 35.848941945710095 ], [ 129.252916562311242, 35.850227094222163 ], [ 129.252213630852651, 35.850893158937559 ], [ 129.251368588903148, 35.851496607502995 ], [ 129.249968658719013, 35.851620743615314 ], [ 129.249481293898441, 35.851401349318252 ], [ 129.248897193780948, 35.850596182613096 ], [ 129.248127916668324, 35.850333071056063 ], [ 129.247736825973533, 35.850683175563148 ], [ 129.247435290618427, 35.852076202862925 ], [ 129.24738221735447, 35.852533762202405 ], [ 129.247145012489455, 35.854578974035782 ], [ 129.245499169320254, 35.856650030476956 ], [ 129.244294343924366, 35.856987717030258 ], [ 129.242890850266946, 35.858722717520564 ], [ 129.243299120530821, 35.862110520715078 ], [ 129.242647519746612, 35.86574588355689 ], [ 129.242742463130583, 35.868404670134765 ], [ 129.242983990883943, 35.870571026529653 ], [ 129.244005092087576, 35.870935915213906 ], [ 129.244807201439841, 35.871222538795017 ], [ 129.248451645965758, 35.871742003404883 ], [ 129.254510432719513, 35.870746078674053 ], [ 129.25597568015155, 35.869405090689661 ], [ 129.256094526459322, 35.868915149124362 ], [ 129.256268780117864, 35.868629869803527 ], [ 129.256497939498615, 35.868397912115135 ], [ 129.256738235316675, 35.868228226728171 ], [ 129.258072275330619, 35.867753513550724 ], [ 129.260412904747028, 35.867107436007863 ], [ 129.262221055670892, 35.866402700850792 ], [ 129.26291842497659, 35.865412926920229 ], [ 129.263234474560079, 35.864984868743321 ], [ 129.263454106008226, 35.864742238207121 ], [ 129.263834555320614, 35.864378128636986 ], [ 129.266807992391279, 35.862123924234794 ], [ 129.268525815608143, 35.861334857899266 ], [ 129.272439920943953, 35.860880850012641 ], [ 129.272647957314405, 35.860898174938221 ], [ 129.273963194274302, 35.86138488922321 ], [ 129.2746866533206, 35.861820131691779 ], [ 129.274918184092826, 35.862300384225577 ], [ 129.274952066214894, 35.862447157128948 ], [ 129.27498692728085, 35.863034705050445 ], [ 129.274983342715984, 35.865067664976323 ], [ 129.274300064793664, 35.866930034847961 ], [ 129.274721373395295, 35.867267402794134 ], [ 129.275719470702398, 35.867201353098928 ], [ 129.28055264068513, 35.865632118830241 ], [ 129.283171062498923, 35.864768869469295 ], [ 129.283236396399417, 35.864670780658948 ], [ 129.283345495282674, 35.864563690706703 ], [ 129.283476638880444, 35.864501056868846 ], [ 129.285183100353748, 35.864021887199357 ], [ 129.286688822255513, 35.864998959605487 ], [ 129.287639140103551, 35.866078533454626 ], [ 129.287711017327581, 35.866244346594542 ], [ 129.287755463064457, 35.866296234742187 ], [ 129.287967463679678, 35.866460692946795 ], [ 129.288048802282162, 35.866520490292473 ], [ 129.288472682656192, 35.866810424520764 ], [ 129.288534245822575, 35.866838270224527 ], [ 129.288659761367313, 35.866876971901874 ], [ 129.289279887705163, 35.867055474264014 ], [ 129.29148227400367, 35.867652094842001 ], [ 129.291804536050961, 35.867710307667203 ], [ 129.291944675649347, 35.867717962646914 ], [ 129.292178265665058, 35.867730391786075 ], [ 129.292387203876984, 35.867721894641484 ], [ 129.29254449209256, 35.867708495965047 ], [ 129.294473333489805, 35.86744784498687 ], [ 129.294625681752564, 35.867425482825958 ], [ 129.294719034857849, 35.867409259482486 ], [ 129.295556558542899, 35.867202243386544 ], [ 129.296153318614245, 35.867034819230781 ], [ 129.29629076636877, 35.866974489557037 ], [ 129.296538733022601, 35.866888889745915 ], [ 129.296826046651262, 35.866803193872201 ], [ 129.296961121321942, 35.866768861404054 ], [ 129.297179731120792, 35.86672234482058 ], [ 129.297508899889834, 35.866658540731471 ], [ 129.297656304676423, 35.866633167500645 ], [ 129.297787309285667, 35.866616070818047 ], [ 129.297870765360472, 35.86661259850338 ], [ 129.297944586971539, 35.86661372093954 ], [ 129.300750716777202, 35.866705342944833 ], [ 129.306477618776256, 35.867495263239519 ], [ 129.306522598035912, 35.867505596360935 ], [ 129.30659493215515, 35.867530871865732 ], [ 129.306710695598127, 35.867578890827758 ], [ 129.306813602791919, 35.867627577264813 ], [ 129.307165868748456, 35.867817983227901 ], [ 129.307212512368039, 35.867844629330556 ], [ 129.307284931750985, 35.867894066197259 ], [ 129.307341312053893, 35.867943548768856 ], [ 129.307434786607899, 35.868040568425407 ], [ 129.307516991342112, 35.868133058243181 ], [ 129.307560579062027, 35.868195610770812 ], [ 129.307607450399729, 35.868277749731405 ], [ 129.309813218909369, 35.872912548503663 ], [ 129.309855306123808, 35.873003830963484 ], [ 129.310502930672158, 35.874528856329555 ], [ 129.310524109802287, 35.874607131784117 ], [ 129.310555316224423, 35.874790522636104 ], [ 129.310565252245198, 35.874868805322976 ], [ 129.31055752646796, 35.874944567845283 ], [ 129.31054205438204, 35.875091493890828 ], [ 129.310418349261028, 35.875481577388079 ], [ 129.310399281421809, 35.87553515620764 ], [ 129.310370553168042, 35.875577652837293 ], [ 129.310184061384206, 35.875747872695314 ], [ 129.309011181438336, 35.879869308235641 ], [ 129.309365731594482, 35.8823226711445 ], [ 129.309632345905044, 35.882386758642483 ], [ 129.31027767562415, 35.882869461379364 ], [ 129.310555265047469, 35.883085616163974 ], [ 129.310685584830196, 35.883187723107746 ], [ 129.31074258795644, 35.883306393929786 ], [ 129.31096343739074, 35.883829914784634 ], [ 129.311003832572965, 35.883938106641033 ], [ 129.311106235127113, 35.884302630080413 ], [ 129.311096140836923, 35.884413989436077 ], [ 129.310886968863826, 35.885806040226392 ], [ 129.310834039209595, 35.885959926023098 ], [ 129.310063982238347, 35.886863344395387 ], [ 129.309791545373145, 35.887089328793373 ], [ 129.309307037539725, 35.887491165025459 ], [ 129.30917955315121, 35.887626671127222 ], [ 129.309097590625356, 35.887900045300228 ], [ 129.309087780071536, 35.888049326822113 ], [ 129.309612801601958, 35.889843293765352 ], [ 129.310366044673401, 35.892263960483554 ], [ 129.31247147673642, 35.898277342119819 ], [ 129.312541136665516, 35.898389824893435 ], [ 129.312694054542874, 35.898566825245396 ], [ 129.313731293812168, 35.899688497846753 ], [ 129.317254909838624, 35.902174375581474 ], [ 129.318828589447094, 35.903267986847318 ], [ 129.321872381292877, 35.90498040975487 ], [ 129.322094164080738, 35.90508134684255 ], [ 129.322287645663039, 35.905123954721496 ], [ 129.322515369825027, 35.905148720779557 ], [ 129.327224313355686, 35.905526140216352 ], [ 129.328566090724848, 35.905621896567773 ], [ 129.330362286257326, 35.905746679442387 ], [ 129.330864450971319, 35.90577557435472 ], [ 129.33136644703896, 35.905765553548221 ], [ 129.33194005093074, 35.905738024057939 ], [ 129.332423311113047, 35.905700012148628 ], [ 129.332688734786274, 35.90564520344244 ], [ 129.333365527170173, 35.905500661202893 ], [ 129.334484399612563, 35.905564620749367 ] ] ] ] } },
{ "type": "Feature", "properties": { "OBJECTID": 2809, "adm_nm": "경상북도 경주시 황오동", "adm_cd": "3702068", "adm_cd2": "4713053000", "sgg": "47130", "sido": "47", "sidonm": "경상북도", "sggnm": "경주시" }, "geometry": { "type": "MultiPolygon", "coordinates": [ [ [ [ 129.217805598148232, 35.852026449646907 ], [ 129.219218765995748, 35.851018293583401 ], [ 129.221036400865984, 35.849721560971844 ], [ 129.221470561981647, 35.84942866503345 ], [ 129.222431074587377, 35.848780669229626 ], [ 129.22260538794427, 35.848663070464966 ], [ 129.223643848758059, 35.847969861888345 ], [ 129.223682791954218, 35.847943869435824 ], [ 129.226438913616192, 35.846359124477047 ], [ 129.228883680698743, 35.844953303081127 ], [ 129.230375994059216, 35.8444903959833 ], [ 129.229864098780297, 35.844026486559365 ], [ 129.229189351208731, 35.843149267277902 ], [ 129.229128725535048, 35.841397310930532 ], [ 129.229129765560913, 35.841353928973426 ], [ 129.227626269674829, 35.841413150209412 ], [ 129.22427728130404, 35.841545546658836 ], [ 129.223080512776363, 35.841616802925671 ], [ 129.22261097293125, 35.841624152071489 ], [ 129.222270119504429, 35.841621015671507 ], [ 129.219534924181488, 35.8404491955853 ], [ 129.218357777112374, 35.838782622625871 ], [ 129.216885241063949, 35.837265373288496 ], [ 129.214488469648188, 35.839076378345574 ], [ 129.213506309995751, 35.840459650896669 ], [ 129.213528228479674, 35.842347507363804 ], [ 129.21388963933623, 35.844491623504823 ], [ 129.214006923872489, 35.845887521869898 ], [ 129.214013904674175, 35.846083765840788 ], [ 129.214102738557386, 35.848583893021384 ], [ 129.214121569531841, 35.849134662399756 ], [ 129.214130906764467, 35.84940792202341 ], [ 129.214140943449507, 35.84970173462311 ], [ 129.214145251606482, 35.84985880362283 ], [ 129.213984167023312, 35.849905098370321 ], [ 129.215476548471571, 35.853384080150853 ], [ 129.217805598148232, 35.852026449646907 ] ] ] ] } },
{ "type": "Feature", "properties": { "OBJECTID": 2810, "adm_nm": "경상북도 경주시 황남동", "adm_cd": "3702069", "adm_cd2": "4713057000", "sgg": "47130", "sido": "47", "sidonm": "경상북도", "sggnm": "경주시" }, "geometry": { "type": "MultiPolygon", "coordinates": [ [ [ [ 129.216885241063949, 35.837265373288496 ], [ 129.216998766969141, 35.837186096541494 ], [ 129.217827110046187, 35.836579818392515 ], [ 129.218073332541195, 35.836395177433452 ], [ 129.218221792839529, 35.836200570837228 ], [ 129.218400836770883, 35.835835763361011 ], [ 129.218432184234501, 35.835716650912488 ], [ 129.217929796200536, 35.833318311894693 ], [ 129.217825586690083, 35.832913442184484 ], [ 129.217145681393674, 35.832694209338428 ], [ 129.216667511065566, 35.832627336261183 ], [ 129.216264539778763, 35.832757762989758 ], [ 129.21349715625422, 35.832296650976431 ], [ 129.212594924214471, 35.82883315987462 ], [ 129.213172984685201, 35.823080812933988 ], [ 129.21484924602143, 35.823839235477138 ], [ 129.215220207857101, 35.824021610943483 ], [ 129.215420736776565, 35.824131432272509 ], [ 129.215556750638996, 35.824218810370411 ], [ 129.216613365075688, 35.824412165376927 ], [ 129.218082480350546, 35.823080723835105 ], [ 129.2194405033122, 35.82144155775584 ], [ 129.219595024752607, 35.821150170441143 ], [ 129.220651368819915, 35.820917811474715 ], [ 129.221485025165777, 35.820822004002515 ], [ 129.222714186400054, 35.820539127777806 ], [ 129.223456938493911, 35.820307816577703 ], [ 129.22395627384347, 35.819887058603179 ], [ 129.224594057848236, 35.819348118461932 ], [ 129.224620136718016, 35.819326075933724 ], [ 129.22904773456662, 35.81395223701017 ], [ 129.226819191326939, 35.812042056756816 ], [ 129.227384923639789, 35.80737360404266 ], [ 129.227697926207213, 35.807194305465593 ], [ 129.228777248147935, 35.80657599378354 ], [ 129.229344570683907, 35.805455240989204 ], [ 129.22949342328161, 35.803879236402878 ], [ 129.229573895534912, 35.802872780905744 ], [ 129.229554342334893, 35.800795160386862 ], [ 129.228894666653616, 35.797154564201726 ], [ 129.226518783973233, 35.789977257736844 ], [ 129.225483864937104, 35.789309978067507 ], [ 129.223163976483249, 35.787814164977675 ], [ 129.222913302742256, 35.78743211400252 ], [ 129.222872178953025, 35.788314534534742 ], [ 129.222851945079213, 35.788472564743969 ], [ 129.22282506531235, 35.788672081494198 ], [ 129.222803147591407, 35.788706812933462 ], [ 129.222077954743014, 35.789063599262597 ], [ 129.220020680271944, 35.789567648623198 ], [ 129.218127179158671, 35.789329076283714 ], [ 129.216192747743634, 35.788961340039251 ], [ 129.216026973084325, 35.788935034476133 ], [ 129.215907805741665, 35.788918024961227 ], [ 129.210154195723447, 35.788878659434396 ], [ 129.21007482478376, 35.788897841053092 ], [ 129.209736451237575, 35.788984130618999 ], [ 129.207380622118791, 35.78994191117976 ], [ 129.205595819512212, 35.790690717717482 ], [ 129.205386855802743, 35.790765784280843 ], [ 129.205208934046311, 35.790764134349104 ], [ 129.202262771853498, 35.790479502707583 ], [ 129.201968228207306, 35.790047302617268 ], [ 129.201771449481384, 35.789833128269237 ], [ 129.201620500319137, 35.789670966842507 ], [ 129.201193611676899, 35.789219159785794 ], [ 129.201062445208947, 35.78909293900135 ], [ 129.200788207070303, 35.78886525832494 ], [ 129.200635835501032, 35.788751430680641 ], [ 129.199029300599676, 35.787868859455713 ], [ 129.198951557959475, 35.787831770659508 ], [ 129.198112623296396, 35.788622921390797 ], [ 129.198017068839505, 35.788723476712441 ], [ 129.197884360881886, 35.788865630865281 ], [ 129.197720663742331, 35.789050666050677 ], [ 129.197454506681879, 35.789404651054944 ], [ 129.19728771350438, 35.789636542471484 ], [ 129.197125745395226, 35.790031938201217 ], [ 129.196816653703763, 35.797434638256853 ], [ 129.196924088086831, 35.797665446900709 ], [ 129.19727689449914, 35.79823008129673 ], [ 129.198358720737474, 35.799319619448305 ], [ 129.198231188620611, 35.799387699538833 ], [ 129.198151949337557, 35.799418113249317 ], [ 129.198030753631201, 35.799445975205856 ], [ 129.197682131924239, 35.799519285547362 ], [ 129.197631111992166, 35.799515042495045 ], [ 129.194370671831678, 35.798469451153679 ], [ 129.194295456650138, 35.798428020125364 ], [ 129.194220371547374, 35.798349827682408 ], [ 129.19393718771903, 35.797718686429818 ], [ 129.19383747670156, 35.797428718857724 ], [ 129.193672757965544, 35.797015401783042 ], [ 129.19358394703994, 35.796795271883283 ], [ 129.193449266995827, 35.796591986278514 ], [ 129.193381893757419, 35.796495751977893 ], [ 129.191842646847135, 35.794498396708498 ], [ 129.1917673394872, 35.794415325011663 ], [ 129.191702924696187, 35.794402282657408 ], [ 129.191484174419742, 35.794433164202715 ], [ 129.190915296134364, 35.794495341774564 ], [ 129.190498061408533, 35.794509168709766 ], [ 129.190114200589505, 35.794512040506412 ], [ 129.189877967071482, 35.794486063919926 ], [ 129.187952547129413, 35.794187965154066 ], [ 129.186209073941001, 35.793821333860528 ], [ 129.181332686818592, 35.792650609659013 ], [ 129.178549718763179, 35.79100973837339 ], [ 129.177529556535518, 35.790385877349657 ], [ 129.17687858312172, 35.79069233406873 ], [ 129.176707010906682, 35.790788928029116 ], [ 129.175074051595999, 35.792096408373872 ], [ 129.174632743149772, 35.792533617908212 ], [ 129.174477739478505, 35.792727804514122 ], [ 129.174354691277387, 35.792913997541937 ], [ 129.174349519310852, 35.793025568361728 ], [ 129.174355168985414, 35.793134978996903 ], [ 129.174409084595112, 35.79340743384941 ], [ 129.174492915614451, 35.793709331515622 ], [ 129.17451747298071, 35.79385809437769 ], [ 129.174502916545777, 35.794592276316536 ], [ 129.174436588365012, 35.794770817931088 ], [ 129.174383224986201, 35.794900053334082 ], [ 129.173038949933414, 35.797428106088304 ], [ 129.172937229316915, 35.797559569898681 ], [ 129.172827374422866, 35.797660392973128 ], [ 129.172359386676021, 35.797995889406963 ], [ 129.172185752849742, 35.798092635575159 ], [ 129.17062152085893, 35.798954776194883 ], [ 129.170352005206524, 35.799068664707022 ], [ 129.170183349069021, 35.799138430801989 ], [ 129.170002513177167, 35.799183019235173 ], [ 129.168690356379898, 35.799361883264325 ], [ 129.166642169859642, 35.799494934965736 ], [ 129.16652367047962, 35.799492032603858 ], [ 129.166262116809179, 35.799438724248681 ], [ 129.164748974152303, 35.799114822348812 ], [ 129.164485875715116, 35.799083889674186 ], [ 129.164201825766384, 35.799064329586898 ], [ 129.164002494066466, 35.799079940163239 ], [ 129.163803241401354, 35.799143063964216 ], [ 129.163716864312704, 35.799212200482152 ], [ 129.163424021941694, 35.799488597685261 ], [ 129.162016115462649, 35.800844503880455 ], [ 129.161922246028297, 35.800938154549307 ], [ 129.16145493998556, 35.80145706293775 ], [ 129.160112287714441, 35.803124863397898 ], [ 129.160089010615394, 35.803157514618213 ], [ 129.159915836430201, 35.803923276094991 ], [ 129.159876644777682, 35.80413494945833 ], [ 129.15984528387952, 35.804326690602274 ], [ 129.159820918112274, 35.804536886271435 ], [ 129.159817818930321, 35.804651088251376 ], [ 129.159764740236909, 35.806700501867077 ], [ 129.159909800185801, 35.808070252607472 ], [ 129.159977839207045, 35.808284649490489 ], [ 129.160034902563865, 35.808383269160714 ], [ 129.160077194014576, 35.80845043656528 ], [ 129.160146364006266, 35.808522898627096 ], [ 129.160194202376942, 35.808594578016141 ], [ 129.160225539234915, 35.808660338886718 ], [ 129.160247773371367, 35.808769531883335 ], [ 129.160260837887506, 35.808887579893046 ], [ 129.160259267558871, 35.808987789193225 ], [ 129.160241095150326, 35.809089484527796 ], [ 129.160205317208778, 35.809172272433969 ], [ 129.160120437894108, 35.809331556756753 ], [ 129.159949823618831, 35.80955717588499 ], [ 129.159878719583986, 35.809628015368823 ], [ 129.157668102682379, 35.811764288757296 ], [ 129.158034286933457, 35.812282215363375 ], [ 129.158615839013834, 35.812971472352281 ], [ 129.159568628531872, 35.813291020334908 ], [ 129.15974755528481, 35.813490524664857 ], [ 129.16075064451752, 35.815412727431273 ], [ 129.160825419864551, 35.815606285035038 ], [ 129.161134898021146, 35.81896421968581 ], [ 129.161121490917338, 35.818991592485325 ], [ 129.160979850864123, 35.819280578349421 ], [ 129.160660054892759, 35.81993302507766 ], [ 129.15955015058438, 35.820445699914806 ], [ 129.160297097194047, 35.820863659326768 ], [ 129.162117597074939, 35.82083093665139 ], [ 129.162783040598669, 35.820629962638435 ], [ 129.166072633377894, 35.819636383765626 ], [ 129.166826515139405, 35.819408657966406 ], [ 129.170863485799117, 35.818475885357898 ], [ 129.17104965414606, 35.81856641628292 ], [ 129.172716450205769, 35.818763797124689 ], [ 129.172976736333993, 35.8187270960116 ], [ 129.173372874344949, 35.818585283715365 ], [ 129.176428808487003, 35.816779086971742 ], [ 129.177830616377577, 35.815540572343991 ], [ 129.178761097071146, 35.814718434607506 ], [ 129.179305065590455, 35.81404519919046 ], [ 129.179598604083878, 35.813681897414483 ], [ 129.180572735734387, 35.813275132682996 ], [ 129.187232109388503, 35.812142883602867 ], [ 129.189040803906835, 35.81208004368937 ], [ 129.195855116080651, 35.815307260804957 ], [ 129.197947678377062, 35.816484923427581 ], [ 129.199054249100385, 35.817625643225298 ], [ 129.19903270636371, 35.817704567259476 ], [ 129.198426857505126, 35.819923705487149 ], [ 129.197479596578802, 35.824569974371336 ], [ 129.19741985694526, 35.826586597211445 ], [ 129.197537666220597, 35.827107337485224 ], [ 129.198576019223538, 35.831696562933068 ], [ 129.200179406645475, 35.832445421754151 ], [ 129.201450155540044, 35.834124410201923 ], [ 129.201897273940716, 35.836256226286658 ], [ 129.201910845107079, 35.836335634068057 ], [ 129.201993888202907, 35.836821624444617 ], [ 129.202238810821683, 35.838254945525975 ], [ 129.206435728989987, 35.838933283698502 ], [ 129.209935360636536, 35.83952997924154 ], [ 129.210206671445803, 35.83957623497502 ], [ 129.211537668864594, 35.839891322183888 ], [ 129.211652426760963, 35.839924445170915 ], [ 129.213506309995751, 35.840459650896669 ], [ 129.214488469648188, 35.839076378345574 ], [ 129.216885241063949, 35.837265373288496 ] ] ] ] } }
]
}
