{
"type": "FeatureCollection",
"name": "sangjushi",
"crs": { "type": "name", "properties": { "name": "urn:ogc:def:crs:OGC:1.3:CRS84" } },
"features": [
{ "type": "Feature", "properties": { "OBJECTID": 2919, "adm_nm": "경상북도 상주시 함창읍", "adm_cd": "3708011", "adm_cd2": "4725025000", "sgg": "47250", "sido": "47", "sidonm": "경상북도", "sggnm": "상주시" }, "geometry": { "type": "MultiPolygon", "coordinates": [ [ [ [ 128.177522895080955, 36.595371061019463 ], [ 128.177464201017926, 36.595336128530732 ], [ 128.17741105651686, 36.595283787424869 ], [ 128.17733284616935, 36.595193612747025 ], [ 128.177296372625307, 36.595139042124529 ], [ 128.177278309771737, 36.595095453345913 ], [ 128.177278623514212, 36.595065601555184 ], [ 128.177607868090035, 36.592252537047095 ], [ 128.177966552187399, 36.591988453196592 ], [ 128.178566557619178, 36.591655339840422 ], [ 128.179203118100105, 36.591183148368152 ], [ 128.180014785944536, 36.590042507373745 ], [ 128.180032502905789, 36.59001567450602 ], [ 128.180034481121822, 36.589976504439534 ], [ 128.179794788668374, 36.58874419786455 ], [ 128.179417874683736, 36.58693779802833 ], [ 128.178461783987558, 36.583584892065502 ], [ 128.180843160714659, 36.581806015851861 ], [ 128.180989556248477, 36.581706060086923 ], [ 128.181636020428613, 36.581520663886984 ], [ 128.182427966139613, 36.581509942962214 ], [ 128.183127180151189, 36.581545337391134 ], [ 128.183535957706368, 36.581566027927934 ], [ 128.183749177771318, 36.581596991775108 ], [ 128.183886232246863, 36.58161690549256 ], [ 128.185078468940929, 36.581859326053923 ], [ 128.186376712913329, 36.582314517192593 ], [ 128.18765334544895, 36.58292099458582 ], [ 128.188872434718661, 36.583472552992973 ], [ 128.189432741014429, 36.583569246982783 ], [ 128.189829267969856, 36.583511370736517 ], [ 128.190520129227309, 36.583297980308494 ], [ 128.191461248863192, 36.583114551238829 ], [ 128.193949042851727, 36.58283051663922 ], [ 128.194301100163955, 36.58286227948372 ], [ 128.194239923665464, 36.582689451137483 ], [ 128.194224042572671, 36.582595636629406 ], [ 128.194237358577766, 36.582449055710583 ], [ 128.194268721075844, 36.582348766512553 ], [ 128.19433246370204, 36.582210671442439 ], [ 128.194412829981701, 36.582093062247182 ], [ 128.194506350065183, 36.582008141808153 ], [ 128.194618209010315, 36.581938272033987 ], [ 128.194721515064998, 36.581881940053741 ], [ 128.201595675422908, 36.578727763155854 ], [ 128.20262047373464, 36.578538049074893 ], [ 128.202739539964455, 36.578526657368798 ], [ 128.202951595944569, 36.578515256302019 ], [ 128.204979812273393, 36.578501120343432 ], [ 128.206903756343195, 36.575562606663219 ], [ 128.206107118286155, 36.574926211854951 ], [ 128.20606610888791, 36.574878153960178 ], [ 128.206025716978161, 36.574772692879151 ], [ 128.205700155701891, 36.573862160982394 ], [ 128.205672083108482, 36.573708970583127 ], [ 128.205673908342106, 36.573532100506213 ], [ 128.20570477223481, 36.573412797011486 ], [ 128.205848013633499, 36.573249327775748 ], [ 128.205943861590157, 36.573218370162401 ], [ 128.210806523777592, 36.573477351524467 ], [ 128.21519116908641, 36.573764993914111 ], [ 128.21691884762825, 36.57373096393043 ], [ 128.217103660203833, 36.573715386169319 ], [ 128.217297002639725, 36.573697867280117 ], [ 128.217340037390301, 36.573695476309886 ], [ 128.217978073741904, 36.573608830036726 ], [ 128.21859037744531, 36.573431187923198 ], [ 128.219037211759257, 36.573204634527627 ], [ 128.219427980419681, 36.572953814444233 ], [ 128.21980483284122, 36.572612062976162 ], [ 128.220244002642659, 36.571969531269907 ], [ 128.22036450372525, 36.571774303713646 ], [ 128.221348827411845, 36.569964019508213 ], [ 128.221517956472155, 36.569649610142648 ], [ 128.221542801181698, 36.569535032171224 ], [ 128.221519872386892, 36.569458373230319 ], [ 128.221431943380111, 36.569362184780253 ], [ 128.220936292794136, 36.568847384989951 ], [ 128.219154622475855, 36.567148077799978 ], [ 128.216082206422016, 36.563867325621722 ], [ 128.215936955048221, 36.556556451175197 ], [ 128.217265699196446, 36.548601023015664 ], [ 128.217267899280557, 36.547619282612771 ], [ 128.2172683091012, 36.547501601321059 ], [ 128.217316344229289, 36.547089365241362 ], [ 128.217338124617243, 36.54695033067555 ], [ 128.217420957488969, 36.546505435105914 ], [ 128.217856801157723, 36.544206829248942 ], [ 128.21815377059869, 36.542953166031992 ], [ 128.218619451499222, 36.541073453984048 ], [ 128.218688779280455, 36.540830759344573 ], [ 128.21908495112973, 36.539689720936877 ], [ 128.219192083125762, 36.539384256085498 ], [ 128.219579320038406, 36.538382218516468 ], [ 128.219713978327547, 36.538063738082649 ], [ 128.219869089115065, 36.537747883578639 ], [ 128.22209246435321, 36.533336636794644 ], [ 128.222164974930422, 36.533213215186223 ], [ 128.222241842721161, 36.533102977620807 ], [ 128.222311241459693, 36.533020361006642 ], [ 128.222363172380199, 36.532969698996759 ], [ 128.222425031004974, 36.532917629996618 ], [ 128.222494093185588, 36.53286708141458 ], [ 128.222563092160669, 36.532823797404888 ], [ 128.222661055460094, 36.532770526000547 ], [ 128.222840159737103, 36.53267803461312 ], [ 128.222886033831657, 36.532654792832908 ], [ 128.222931905714887, 36.532631556457467 ], [ 128.223039191518893, 36.532578037115357 ], [ 128.22455112886675, 36.531899271928722 ], [ 128.229211240743695, 36.529833839948772 ], [ 128.229505301616825, 36.529705167312045 ], [ 128.229783908070772, 36.52959855790192 ], [ 128.229992044635623, 36.529523522169278 ], [ 128.230251947279299, 36.529456228470011 ], [ 128.230465643381166, 36.529403862872236 ], [ 128.230731945966937, 36.529338610478419 ], [ 128.231172143865024, 36.52923548897742 ], [ 128.23174668826843, 36.52911602966276 ], [ 128.232185064717726, 36.529044991624488 ], [ 128.232487387142214, 36.529005069702357 ], [ 128.235009470192097, 36.528710864830941 ], [ 128.235398407439646, 36.528671405079216 ], [ 128.235586130016827, 36.528654126025735 ], [ 128.235773872712912, 36.528636857370905 ], [ 128.23602715705465, 36.52862122583965 ], [ 128.23654572001206, 36.528612240504103 ], [ 128.237170612905032, 36.528645802481186 ], [ 128.237462914967807, 36.528694491628492 ], [ 128.237886107829837, 36.528768674966173 ], [ 128.238184249024698, 36.528844474660325 ], [ 128.238754351410421, 36.528995257652348 ], [ 128.23939296000205, 36.529184115952276 ], [ 128.239748763039501, 36.529289864195036 ], [ 128.240304980931683, 36.529483135653088 ], [ 128.241098612907365, 36.529761690868938 ], [ 128.241703604629237, 36.529994476981472 ], [ 128.242892036050478, 36.530452154492501 ], [ 128.245371713181669, 36.5314372664769 ], [ 128.246079155040292, 36.531747426564209 ], [ 128.24627325565848, 36.531842724931707 ], [ 128.24817571942387, 36.532835775123161 ], [ 128.248267136091982, 36.530974227528219 ], [ 128.252433681284998, 36.53108630382475 ], [ 128.252984286613042, 36.531089113933263 ], [ 128.254578958810896, 36.531018869457142 ], [ 128.254806026668149, 36.530999243178016 ], [ 128.254863279707877, 36.530338193205687 ], [ 128.253966030286051, 36.530040360187947 ], [ 128.253242415557082, 36.529618040321893 ], [ 128.251989637203906, 36.528809633612795 ], [ 128.251730297441412, 36.528632308894267 ], [ 128.251188040460875, 36.52822441988905 ], [ 128.250484185227151, 36.527451075327214 ], [ 128.250360416390549, 36.527282794577843 ], [ 128.250216964647507, 36.52706317402729 ], [ 128.250056969779365, 36.526772491740743 ], [ 128.249969592419774, 36.526573009124249 ], [ 128.249946026637815, 36.526482093977812 ], [ 128.249933956529418, 36.526394730541483 ], [ 128.249934849971964, 36.526308626109717 ], [ 128.249954616181412, 36.526212140419439 ], [ 128.250083140626799, 36.525923089069991 ], [ 128.250373518256907, 36.525330089135615 ], [ 128.250489432566582, 36.525142210007573 ], [ 128.250597715250308, 36.524995026180697 ], [ 128.250846039662719, 36.524697384208558 ], [ 128.250974384658662, 36.52456080690321 ], [ 128.251095269233218, 36.524449778759099 ], [ 128.251298727167409, 36.524303153311614 ], [ 128.251488787813116, 36.524197191710073 ], [ 128.251603350578819, 36.524137342744496 ], [ 128.251697440649508, 36.524106470456296 ], [ 128.251792784004778, 36.524091889177093 ], [ 128.252221106053952, 36.524100172370183 ], [ 128.252365495024407, 36.524085883497527 ], [ 128.252560644128351, 36.524046283009177 ], [ 128.252693845213457, 36.523997019717015 ], [ 128.252789619124627, 36.523941718120895 ], [ 128.252872561434771, 36.523870047012686 ], [ 128.254375237573612, 36.521758670306511 ], [ 128.254394247490211, 36.521712774982305 ], [ 128.254381871986595, 36.52167261333004 ], [ 128.254207677906521, 36.521499380693989 ], [ 128.253920515673173, 36.521232392686549 ], [ 128.253352894551313, 36.520608837727586 ], [ 128.2532090014071, 36.520435769181688 ], [ 128.253111024987419, 36.520287430576033 ], [ 128.253041868327898, 36.520139235374316 ], [ 128.252238015098015, 36.518096857320707 ], [ 128.252214275345068, 36.518021074256161 ], [ 128.252189227840546, 36.51793364132125 ], [ 128.25217872511854, 36.517832350857049 ], [ 128.252168516906721, 36.517563472723253 ], [ 128.252269063877463, 36.516476036016925 ], [ 128.251607195479352, 36.513278756952786 ], [ 128.250460628490373, 36.509062288005872 ], [ 128.250368721981175, 36.508755631340719 ], [ 128.250344553968972, 36.508725221787572 ], [ 128.244303214497108, 36.50501646880253 ], [ 128.243932218129999, 36.504259092450347 ], [ 128.243889079784481, 36.504194957690146 ], [ 128.243841556322081, 36.504144472759684 ], [ 128.243777029756671, 36.504102998796583 ], [ 128.24280286093861, 36.503523118647458 ], [ 128.242762153216944, 36.503500072041767 ], [ 128.240303100778874, 36.502639897968905 ], [ 128.239905829742128, 36.502512716583873 ], [ 128.239637026157112, 36.502465772056809 ], [ 128.239366472474302, 36.502453871720817 ], [ 128.232512874804058, 36.502237050864366 ], [ 128.232284233699914, 36.5022826774672 ], [ 128.232166678540182, 36.502363284232722 ], [ 128.23113394123223, 36.503445518328206 ], [ 128.231150381417962, 36.504861320775511 ], [ 128.231236804390619, 36.505060474340596 ], [ 128.231265355388189, 36.505152590931687 ], [ 128.231269740250013, 36.505223198103032 ], [ 128.230411043096012, 36.507907883371338 ], [ 128.230380790348818, 36.507986472619422 ], [ 128.230320126168266, 36.508058308329922 ], [ 128.230263637516316, 36.508120301155792 ], [ 128.230161083610142, 36.508216485696266 ], [ 128.230064878522171, 36.508286444635843 ], [ 128.229378369511153, 36.508767046930267 ], [ 128.229322271827016, 36.508788000819706 ], [ 128.22925310620252, 36.508796579502103 ], [ 128.228959630928216, 36.508781562134601 ], [ 128.225238286970637, 36.510580998717941 ], [ 128.22111414871506, 36.512841355205566 ], [ 128.221072706185652, 36.51289303517045 ], [ 128.221013057802509, 36.513010700176096 ], [ 128.220311069642548, 36.514795917411611 ], [ 128.220059558405893, 36.515970155499119 ], [ 128.220034974834817, 36.516088066255811 ], [ 128.219987303456719, 36.516177471348179 ], [ 128.219922046508202, 36.51627148462827 ], [ 128.218900584544258, 36.517551667491382 ], [ 128.218835827146791, 36.517596112042561 ], [ 128.218771442852471, 36.517602776246839 ], [ 128.21834531161582, 36.517533857451973 ], [ 128.217895898792079, 36.517455344710264 ], [ 128.217535749009102, 36.517366783459181 ], [ 128.214159252527168, 36.516351653252862 ], [ 128.213635618240517, 36.515952692109437 ], [ 128.212843520391829, 36.515073794677825 ], [ 128.212412680818915, 36.514462943790562 ], [ 128.212372340102604, 36.514405999207327 ], [ 128.212320110469932, 36.514367883939492 ], [ 128.212234223834997, 36.514333084286058 ], [ 128.212158348897731, 36.514320771218046 ], [ 128.210075074048007, 36.514217229509939 ], [ 128.209937627558276, 36.514221038789856 ], [ 128.20879571360112, 36.51425715168876 ], [ 128.208390490351889, 36.514291046343317 ], [ 128.208176769055399, 36.514322694005699 ], [ 128.207988988949751, 36.514389908213857 ], [ 128.207688158241979, 36.5145071750621 ], [ 128.207499892382401, 36.51462160365417 ], [ 128.20727309290649, 36.514787746699298 ], [ 128.205955821770715, 36.515817890214585 ], [ 128.205190734953391, 36.516449139698011 ], [ 128.204593845239003, 36.517070868094322 ], [ 128.201489113844275, 36.518497522849039 ], [ 128.201327754134809, 36.518553098776088 ], [ 128.201078769135592, 36.518601023797139 ], [ 128.200926664736215, 36.518609455128633 ], [ 128.200508581090816, 36.518611370320592 ], [ 128.200369702671793, 36.518611630534963 ], [ 128.200261703123772, 36.518596725538323 ], [ 128.200148005974938, 36.518565279879112 ], [ 128.19986236504144, 36.518480697438385 ], [ 128.199754622410893, 36.518439842705362 ], [ 128.19961064538191, 36.518369220245233 ], [ 128.198939178890868, 36.517996343865839 ], [ 128.198546040586734, 36.517706806338367 ], [ 128.198473583293492, 36.517644927329414 ], [ 128.198427302438176, 36.517597400084156 ], [ 128.198395650988886, 36.517549957547352 ], [ 128.198381548767145, 36.517497920095316 ], [ 128.198382748225413, 36.517460630782246 ], [ 128.198383716118911, 36.517430632325713 ], [ 128.19840820468491, 36.51732454506962 ], [ 128.198480464932771, 36.517121975770984 ], [ 128.198490197571743, 36.517027580767369 ], [ 128.198454775113362, 36.516919910601075 ], [ 128.198411892315789, 36.51682517550551 ], [ 128.198354154594966, 36.516753944641266 ], [ 128.197538481825575, 36.515858577382389 ], [ 128.197196256193479, 36.515579671742906 ], [ 128.197093663238661, 36.515527750138467 ], [ 128.196582902464741, 36.515310710113511 ], [ 128.196481528653436, 36.515268376390608 ], [ 128.196191287967793, 36.51520660714322 ], [ 128.195922122814409, 36.515151395223654 ], [ 128.195701744074597, 36.515110397842271 ], [ 128.195516807516071, 36.515094194618356 ], [ 128.195347587664401, 36.515093051851814 ], [ 128.188569208926026, 36.515293731218414 ], [ 128.188500371340297, 36.515301816538624 ], [ 128.188457884169026, 36.515318607850354 ], [ 128.188420563498227, 36.515346125996523 ], [ 128.188388464995114, 36.515382208869831 ], [ 128.188342746043901, 36.51545452759197 ], [ 128.188317127864394, 36.515502402498385 ], [ 128.188246957471023, 36.515638598141265 ], [ 128.188225070716697, 36.515708946560665 ], [ 128.188219122131159, 36.515770833517131 ], [ 128.188215789299107, 36.515837024454505 ], [ 128.188236201714375, 36.515907657994035 ], [ 128.18807298610497, 36.51646934534871 ], [ 128.18642983002178, 36.517441690972696 ], [ 128.185673977009969, 36.517775037943494 ], [ 128.184175536906224, 36.517806442911251 ], [ 128.183619079032013, 36.518917539217846 ], [ 128.182885249762222, 36.52079846485249 ], [ 128.182441379892339, 36.522012862237531 ], [ 128.182390351035082, 36.522087257225117 ], [ 128.182305076525097, 36.522148602405203 ], [ 128.182178978253376, 36.522193660190418 ], [ 128.181993623075869, 36.522215879199358 ], [ 128.181442080150333, 36.522228121362183 ], [ 128.180751635040735, 36.522246859406366 ], [ 128.180649629354235, 36.522264299545242 ], [ 128.178813846478789, 36.523925105489475 ], [ 128.17865855673648, 36.525227966584772 ], [ 128.178555318027435, 36.52686011181833 ], [ 128.178567592745196, 36.526949895914235 ], [ 128.178599914565496, 36.527019518474702 ], [ 128.178730451011205, 36.527180615891396 ], [ 128.178832832649846, 36.52725181574737 ], [ 128.178922213501323, 36.527303689323347 ], [ 128.179011797189389, 36.527336327355123 ], [ 128.179295196223535, 36.527422650919959 ], [ 128.179617101561348, 36.527495359965975 ], [ 128.180077642814155, 36.527587179128084 ], [ 128.18042343697644, 36.527651506489931 ], [ 128.180631751676742, 36.527710572958441 ], [ 128.180697543524417, 36.527740949312054 ], [ 128.180744747128443, 36.52777971377045 ], [ 128.18078379363979, 36.527839804583245 ], [ 128.180914763776656, 36.528110111511104 ], [ 128.180931984943697, 36.528153083059742 ], [ 128.182904788453186, 36.534848602040782 ], [ 128.182914058064881, 36.534901055622761 ], [ 128.182911812789428, 36.534928001538148 ], [ 128.182814453391416, 36.535774088040853 ], [ 128.182810145732589, 36.535810549315663 ], [ 128.182801848311641, 36.535851779802755 ], [ 128.182787621802959, 36.535896128248432 ], [ 128.182286050622025, 36.537060836067461 ], [ 128.181962225378356, 36.537395877057094 ], [ 128.181535131506109, 36.537833383464509 ], [ 128.181477596695515, 36.537886157599139 ], [ 128.181432023371713, 36.537920752334628 ], [ 128.181343023857522, 36.537975691283215 ], [ 128.180356164672844, 36.538573603705345 ], [ 128.179739395407324, 36.538920914748275 ], [ 128.179658359452901, 36.538964807014978 ], [ 128.179496425592561, 36.539041460747598 ], [ 128.179407571875089, 36.539081317225623 ], [ 128.177181062245438, 36.54001903534607 ], [ 128.177133709177241, 36.540036176602541 ], [ 128.175004649163981, 36.540676156558447 ], [ 128.174947528925827, 36.540687665607855 ], [ 128.174876692461964, 36.540696680291411 ], [ 128.174739024793865, 36.540708430499322 ], [ 128.174365481853869, 36.540724898866799 ], [ 128.174399917053904, 36.540997337661757 ], [ 128.174407152928524, 36.541056097610081 ], [ 128.174410495590763, 36.541110894068687 ], [ 128.174407843092695, 36.541175948278784 ], [ 128.174388436349375, 36.541336105722586 ], [ 128.17438012294943, 36.541378904300153 ], [ 128.17436577584175, 36.541434344395448 ], [ 128.174349622418276, 36.54147630293992 ], [ 128.174317520123793, 36.541537982607437 ], [ 128.173906603927719, 36.542295388039157 ], [ 128.173880678118792, 36.542331718722622 ], [ 128.173856828751923, 36.5423561559736 ], [ 128.171785349853906, 36.544232695975943 ], [ 128.171681641712183, 36.544310422822669 ], [ 128.171514699296893, 36.544422349575122 ], [ 128.171356508571563, 36.544515890434816 ], [ 128.171187025429816, 36.544597798662849 ], [ 128.170994859222162, 36.544663381122973 ], [ 128.170837294900252, 36.544699210436498 ], [ 128.168363345114386, 36.545148176007203 ], [ 128.168326149877828, 36.545152509714711 ], [ 128.168289007867969, 36.545152254507627 ], [ 128.168251984394374, 36.545140459500786 ], [ 128.168192476182355, 36.545093876513931 ], [ 128.168113426460422, 36.545003318122461 ], [ 128.167983691818563, 36.544843176915251 ], [ 128.167834609138566, 36.544620554983794 ], [ 128.167705493309938, 36.544402705349299 ], [ 128.167629976078018, 36.544249866946082 ], [ 128.167587879460626, 36.54417801103385 ], [ 128.167548428988511, 36.544124657885696 ], [ 128.167505994839757, 36.54408512780995 ], [ 128.167443425480513, 36.544056992620739 ], [ 128.167386483055139, 36.544038140145197 ], [ 128.167329436718262, 36.544028512313183 ], [ 128.16725220304491, 36.544034879940696 ], [ 128.167131750503785, 36.544073285018584 ], [ 128.167045506278413, 36.544121141007849 ], [ 128.164744106587477, 36.545595439041641 ], [ 128.164126482211316, 36.546311987568707 ], [ 128.164109012039461, 36.546340401698075 ], [ 128.164086262734941, 36.546389974443642 ], [ 128.164066389746267, 36.546453448432224 ], [ 128.164034672315609, 36.546586131168034 ], [ 128.164026086595044, 36.546632566257593 ], [ 128.164023582782363, 36.546676586632778 ], [ 128.164027187190584, 36.546716564950636 ], [ 128.164048333709189, 36.546816201112527 ], [ 128.164071877615726, 36.546880791860119 ], [ 128.164097581096286, 36.546931518218031 ], [ 128.164139308337525, 36.546994612168938 ], [ 128.164404207550945, 36.547338134622422 ], [ 128.16448203676282, 36.547424294844681 ], [ 128.164600874817012, 36.547548262288409 ], [ 128.164753660331314, 36.547706720832807 ], [ 128.166541116902522, 36.54934843232531 ], [ 128.166674190006233, 36.549462872211997 ], [ 128.166658790780076, 36.551938378705664 ], [ 128.16658779869033, 36.556400049795222 ], [ 128.166576156392068, 36.556620564043008 ], [ 128.166537345604809, 36.556784817474849 ], [ 128.166441161497914, 36.557116914117259 ], [ 128.165488646031122, 36.559807612027257 ], [ 128.165001616366936, 36.561073851565872 ], [ 128.164764486714489, 36.561687089475271 ], [ 128.164646116376844, 36.561975415433956 ], [ 128.164267904330188, 36.562824178116927 ], [ 128.162299278040706, 36.566145451177832 ], [ 128.162232340309004, 36.566218186620326 ], [ 128.162150664345262, 36.566292787933889 ], [ 128.162034613843844, 36.566375066063969 ], [ 128.161881631890594, 36.566472905124279 ], [ 128.161723971154146, 36.566550929038165 ], [ 128.161522143973713, 36.566634595050751 ], [ 128.161295764152982, 36.56672201820632 ], [ 128.161153100641229, 36.5667724401589 ], [ 128.161059485465557, 36.566817303637251 ], [ 128.160983014493951, 36.56686422925948 ], [ 128.160866154526644, 36.566959437223872 ], [ 128.160573989378747, 36.567244112040235 ], [ 128.160198139602954, 36.5676282693763 ], [ 128.159847210129442, 36.567999243016793 ], [ 128.159512935526038, 36.568357001378558 ], [ 128.159130332290715, 36.568791088410336 ], [ 128.158966382888423, 36.569056675211932 ], [ 128.158810253055634, 36.569362358354766 ], [ 128.158661763944963, 36.569724734398214 ], [ 128.158576461688341, 36.569974228092548 ], [ 128.158479954909694, 36.570303647579941 ], [ 128.158358534764915, 36.570836279778355 ], [ 128.158246217208756, 36.571288969646609 ], [ 128.158169067648117, 36.571548506564177 ], [ 128.158067994638145, 36.571727839149318 ], [ 128.157900184473249, 36.571966718318549 ], [ 128.157544410362533, 36.572430299375583 ], [ 128.157277697792608, 36.57275366182148 ], [ 128.157220380297787, 36.572812122165445 ], [ 128.15718772810655, 36.572836402622031 ], [ 128.157151029245568, 36.572859013279285 ], [ 128.156107897340348, 36.573368119725025 ], [ 128.155908616675447, 36.573448439337298 ], [ 128.154694284017751, 36.573862368283166 ], [ 128.154572407979742, 36.573899084555215 ], [ 128.152928377813538, 36.574367939957668 ], [ 128.15178365031224, 36.574646421998061 ], [ 128.151564749579705, 36.57466936981465 ], [ 128.151457308599475, 36.574681689908928 ], [ 128.151355826969336, 36.574703845961736 ], [ 128.151264346847512, 36.57473751251041 ], [ 128.151140263673028, 36.574792194129266 ], [ 128.150946714783515, 36.574901963716535 ], [ 128.150797947532482, 36.574990802018341 ], [ 128.148645373552796, 36.576526581407833 ], [ 128.148561556434203, 36.576599534412637 ], [ 128.148526619861116, 36.576646675006181 ], [ 128.148505896593548, 36.576690671396875 ], [ 128.148480923945669, 36.576752599908168 ], [ 128.148474326400418, 36.576799952323675 ], [ 128.148481088065722, 36.576829431236618 ], [ 128.148516906020546, 36.576885263106433 ], [ 128.149317173888932, 36.5775742086363 ], [ 128.149429587058421, 36.577663264789649 ], [ 128.149510011635527, 36.57771287914823 ], [ 128.152832189790274, 36.579210000701707 ], [ 128.154750812646142, 36.579307520321294 ], [ 128.154882941325582, 36.579295564644752 ], [ 128.155014817452241, 36.57930293904932 ], [ 128.155162554515016, 36.579326591777317 ], [ 128.155269986452879, 36.579375736446444 ], [ 128.15535345820993, 36.579424722468509 ], [ 128.155446446483609, 36.579515743047857 ], [ 128.15552129670192, 36.579619529227173 ], [ 128.155816455303579, 36.580060424396095 ], [ 128.155923013197537, 36.580236118054827 ], [ 128.156251329131123, 36.581073422735329 ], [ 128.156295493449505, 36.581241520091467 ], [ 128.156310259327427, 36.581354560372645 ], [ 128.156309239362685, 36.581448118037493 ], [ 128.156300259830715, 36.581538392128557 ], [ 128.155636613718656, 36.584079468278681 ], [ 128.155620129182722, 36.58412453152647 ], [ 128.154702379345935, 36.584840747856184 ], [ 128.154621728856711, 36.584901475174462 ], [ 128.154532500196694, 36.584947528230401 ], [ 128.154436700266388, 36.5849969582165 ], [ 128.151443930164646, 36.587824727880253 ], [ 128.146741496666436, 36.592384601334409 ], [ 128.146646551767674, 36.592481793882762 ], [ 128.146510365308444, 36.592650490734869 ], [ 128.146464823269412, 36.592721737161447 ], [ 128.146427676383553, 36.592808468874637 ], [ 128.146404056333438, 36.592897050989293 ], [ 128.146400116861827, 36.592959666277011 ], [ 128.146407460392822, 36.593027591436865 ], [ 128.146445501478382, 36.593099648396141 ], [ 128.146772910526693, 36.59349939128024 ], [ 128.14697268350173, 36.593729888456835 ], [ 128.148879651898881, 36.595590323110414 ], [ 128.150298141986411, 36.597555762778782 ], [ 128.151010449336866, 36.598990209177295 ], [ 128.15120444135934, 36.599678620012959 ], [ 128.153375258787776, 36.600222643049484 ], [ 128.155565640158613, 36.601128732361069 ], [ 128.156230259362673, 36.600894679893379 ], [ 128.156796320694582, 36.600895463233627 ], [ 128.156968651745245, 36.600867643669062 ], [ 128.157245601720234, 36.600782494769511 ], [ 128.157534675302458, 36.600687729795609 ], [ 128.159098910782205, 36.599947020079384 ], [ 128.160018635362576, 36.599430795447454 ], [ 128.164755244662899, 36.597566943068301 ], [ 128.164944561524777, 36.597632813310227 ], [ 128.165227893719759, 36.597696098624724 ], [ 128.16544743345716, 36.597739577725839 ], [ 128.165667207485399, 36.59776371011737 ], [ 128.166120859136015, 36.59779916406594 ], [ 128.166376895531812, 36.597797721033629 ], [ 128.166577065570323, 36.597782989202898 ], [ 128.171533009197049, 36.596707660434099 ], [ 128.174918479767285, 36.596844564138472 ], [ 128.174993911208929, 36.596877674029614 ], [ 128.175086323268204, 36.596900044746022 ], [ 128.175587321478019, 36.596987713233027 ], [ 128.175676457908395, 36.597000575155079 ], [ 128.17574889127377, 36.596999703824743 ], [ 128.175833310120595, 36.596979918021347 ], [ 128.175924658524167, 36.59694388053574 ], [ 128.176466900593795, 36.596639354352398 ], [ 128.176573703134892, 36.596573569766029 ], [ 128.176626404011927, 36.596529101375907 ], [ 128.176663892328548, 36.596488608344409 ], [ 128.177310605327364, 36.595702720868431 ], [ 128.177380621744106, 36.595612222124267 ], [ 128.17745604163332, 36.595489162500812 ], [ 128.177522895080955, 36.595371061019463 ] ] ] ] } },
{ "type": "Feature", "properties": { "OBJECTID": 2920, "adm_nm": "경상북도 상주시 사벌국면", "adm_cd": "3708048", "adm_cd2": "4725032500", "sgg": "47250", "sido": "47", "sidonm": "경상북도", "sggnm": "상주시" }, "geometry": { "type": "MultiPolygon", "coordinates": [ [ [ [ 128.268648362673645, 36.533022653910898 ], [ 128.268705689319319, 36.532135678813397 ], [ 128.268715365791564, 36.531676574023855 ], [ 128.268438778185811, 36.529821136634766 ], [ 128.26819887334392, 36.529088677687419 ], [ 128.268046321781128, 36.528689030521718 ], [ 128.267856287908842, 36.528229999850218 ], [ 128.267770967310611, 36.528052858981326 ], [ 128.267663684477554, 36.527915036398149 ], [ 128.267030883743388, 36.527248158733542 ], [ 128.266896721982107, 36.527086922580736 ], [ 128.265960703231627, 36.525786227929423 ], [ 128.265697306554301, 36.525316518577696 ], [ 128.265391984954704, 36.52455850210734 ], [ 128.265264547554978, 36.523873586765461 ], [ 128.265526793764053, 36.52012062306629 ], [ 128.265556474172911, 36.519873049594842 ], [ 128.26564465745949, 36.519222236318704 ], [ 128.265731550045132, 36.518723485918109 ], [ 128.265950164771397, 36.517468641776745 ], [ 128.266124470894852, 36.515475403855369 ], [ 128.266132604421671, 36.515382359926228 ], [ 128.266168033577628, 36.514505629760649 ], [ 128.266153986698498, 36.513993798175228 ], [ 128.26612244885365, 36.513503947304002 ], [ 128.266011869142744, 36.512676339402461 ], [ 128.265869753667175, 36.511815110621406 ], [ 128.265698384391499, 36.511057923168828 ], [ 128.265143171320716, 36.509681841724351 ], [ 128.265006620149478, 36.509476476478682 ], [ 128.26440144292269, 36.508566424195976 ], [ 128.264295522144323, 36.508338949182281 ], [ 128.264241859435685, 36.508222300703579 ], [ 128.264224360369639, 36.508090745102642 ], [ 128.264244385754864, 36.507951295414344 ], [ 128.264309462070145, 36.507769085893848 ], [ 128.264410971694616, 36.507542911398552 ], [ 128.26605658311459, 36.504820079058327 ], [ 128.26668975376603, 36.503932088041282 ], [ 128.26702979348741, 36.503437671764182 ], [ 128.267987676857274, 36.50186176899733 ], [ 128.268241918509858, 36.501426568960134 ], [ 128.268693144444114, 36.500590118642833 ], [ 128.268948151633651, 36.500083072891329 ], [ 128.269195296942229, 36.499512017927501 ], [ 128.269402361282488, 36.498952601387955 ], [ 128.269733028723323, 36.498019885634342 ], [ 128.269890909703747, 36.497538401502311 ], [ 128.269991954326656, 36.497095652511575 ], [ 128.270289892350263, 36.495416954991875 ], [ 128.270616003753759, 36.493303189185326 ], [ 128.270637615663645, 36.492713446952223 ], [ 128.270378049875518, 36.484349691386676 ], [ 128.270341894102302, 36.483922697176077 ], [ 128.270248882783619, 36.483524382376665 ], [ 128.2701386632381, 36.483223799888208 ], [ 128.269911160012157, 36.482710387716658 ], [ 128.269671286937324, 36.482467684396816 ], [ 128.269215205194655, 36.482067217867979 ], [ 128.26879085948076, 36.481719012240397 ], [ 128.268382469428644, 36.481396980977429 ], [ 128.268053842940787, 36.481160309772804 ], [ 128.267460517484949, 36.480771952339218 ], [ 128.267131633694447, 36.480574306041419 ], [ 128.266780955096465, 36.480405058133613 ], [ 128.266282959202186, 36.480167248911471 ], [ 128.265833070650586, 36.479962357161178 ], [ 128.265157416566808, 36.479715799240175 ], [ 128.264492104920464, 36.479495952909595 ], [ 128.263360859827344, 36.479154630777558 ], [ 128.260257210518944, 36.478284478457653 ], [ 128.258941497198094, 36.477743365026299 ], [ 128.258709830964278, 36.477511942287279 ], [ 128.258408948054552, 36.477179354671193 ], [ 128.258236911775839, 36.476966153509053 ], [ 128.256998069990487, 36.475023881236567 ], [ 128.25660549729082, 36.474492267649964 ], [ 128.256151489845081, 36.473967693254217 ], [ 128.255087428623341, 36.472740817704732 ], [ 128.254693628234406, 36.472372217188727 ], [ 128.253459463103297, 36.471273135077567 ], [ 128.252459667920164, 36.470436541428235 ], [ 128.251923611723271, 36.470046500011883 ], [ 128.251505614329062, 36.46974236588153 ], [ 128.249160879104522, 36.468202154566917 ], [ 128.247797010353224, 36.467330461176594 ], [ 128.246714782142504, 36.466515397425795 ], [ 128.246358629853063, 36.466218911021329 ], [ 128.246153733928935, 36.465972427201272 ], [ 128.245919973507995, 36.465562270123286 ], [ 128.245430152745314, 36.464544230374699 ], [ 128.244955048536923, 36.463482826233232 ], [ 128.244842845688027, 36.463124013902558 ], [ 128.244805051309442, 36.462858119188574 ], [ 128.244775996059161, 36.462311940719623 ], [ 128.24478131444215, 36.461764346893048 ], [ 128.244846296102082, 36.461311217810291 ], [ 128.24496056585312, 36.461009524585457 ], [ 128.245061872141008, 36.460824617041872 ], [ 128.245235589884913, 36.460637741863145 ], [ 128.24600521683567, 36.459822845639046 ], [ 128.24663253567067, 36.459254687968652 ], [ 128.247947163577095, 36.458292587988652 ], [ 128.248060770230154, 36.458230292568025 ], [ 128.2487443117098, 36.45806446623584 ], [ 128.249552478148189, 36.45791836078746 ], [ 128.250747724916579, 36.45776259110206 ], [ 128.25162405314461, 36.457721087743394 ], [ 128.251871292086634, 36.457731660234316 ], [ 128.25147571551571, 36.45718513207337 ], [ 128.251354930665428, 36.457043712038669 ], [ 128.250943231516914, 36.456656511385169 ], [ 128.24852191463998, 36.454494048899498 ], [ 128.247187728146855, 36.451840080907758 ], [ 128.246677202386735, 36.448895501898008 ], [ 128.244940484499949, 36.445690274523912 ], [ 128.245372455252578, 36.445286714990104 ], [ 128.246142675737275, 36.44454576694028 ], [ 128.246875413288564, 36.443710875451494 ], [ 128.24713876634226, 36.443316259747192 ], [ 128.247260180075756, 36.443039255285065 ], [ 128.246093869563992, 36.442294528698824 ], [ 128.24586363877566, 36.442154884610275 ], [ 128.241872640102031, 36.440142718913442 ], [ 128.241478105565989, 36.439956372315024 ], [ 128.240427009660692, 36.439474707529236 ], [ 128.240173582296649, 36.439362079976988 ], [ 128.239964849053393, 36.439280537336089 ], [ 128.239575513095787, 36.439152082013024 ], [ 128.238789041571266, 36.438856441128401 ], [ 128.237970053338557, 36.438504067730854 ], [ 128.237630192549432, 36.438302803745664 ], [ 128.237404745093158, 36.438150668260519 ], [ 128.236061177477666, 36.437179261525038 ], [ 128.235716714704836, 36.43635172854848 ], [ 128.235669712067022, 36.436272671211761 ], [ 128.235607785839221, 36.436215811652218 ], [ 128.234989427052994, 36.435859994874669 ], [ 128.234864055257134, 36.435800313444865 ], [ 128.234567611852867, 36.435670659419465 ], [ 128.234359008503532, 36.43558015408356 ], [ 128.23412417178514, 36.43554001280252 ], [ 128.233199881494329, 36.435492523924395 ], [ 128.232777048202706, 36.435507649181105 ], [ 128.232394546640393, 36.435534903206829 ], [ 128.231922012935911, 36.435584733632105 ], [ 128.231598083042485, 36.435633182828802 ], [ 128.231358646958512, 36.43568809933091 ], [ 128.231038020734985, 36.43577519059604 ], [ 128.230890514827223, 36.435824745373736 ], [ 128.230764723177685, 36.435907136059647 ], [ 128.229428994789686, 36.4369315824949 ], [ 128.229185480690859, 36.437148670881385 ], [ 128.228643229093365, 36.437715716432855 ], [ 128.228462439988419, 36.437909147181863 ], [ 128.228329203178362, 36.438000408286804 ], [ 128.228158840352023, 36.438053541100039 ], [ 128.228019707716442, 36.438075666119104 ], [ 128.227817480659667, 36.438083262033665 ], [ 128.2276010490678, 36.438040267786626 ], [ 128.22741773534355, 36.437994514679993 ], [ 128.226946600880353, 36.437861256999739 ], [ 128.226679045101008, 36.437785228344914 ], [ 128.226213692945578, 36.437639562981609 ], [ 128.225838553651329, 36.437495410876927 ], [ 128.22460845854738, 36.437006016200712 ], [ 128.224191243307303, 36.436824991094696 ], [ 128.223860263683832, 36.436667092702741 ], [ 128.2232826848049, 36.436351302108875 ], [ 128.222357362131618, 36.435865716602635 ], [ 128.221187913080115, 36.435395802980622 ], [ 128.218194978161847, 36.435128728504807 ], [ 128.214970598242076, 36.434940554355627 ], [ 128.211612664533334, 36.435686566481891 ], [ 128.210905151660825, 36.436116044639888 ], [ 128.209888296583159, 36.438364827046684 ], [ 128.209296279309854, 36.439631056142851 ], [ 128.208482148766507, 36.440380607917135 ], [ 128.206340823030899, 36.440921102710547 ], [ 128.206384149672175, 36.442225247300044 ], [ 128.206415829464021, 36.446503998665484 ], [ 128.206163545381287, 36.447550115755341 ], [ 128.205727534950995, 36.448443952473987 ], [ 128.205619493130598, 36.448563658554782 ], [ 128.204101220408916, 36.451275857223663 ], [ 128.204036917249027, 36.452932611270263 ], [ 128.203988721734845, 36.456099680957422 ], [ 128.203698201613634, 36.457925956005752 ], [ 128.202546479100761, 36.458216580621468 ], [ 128.199031471233553, 36.458335089058458 ], [ 128.198970937553128, 36.458327214634139 ], [ 128.198230731186953, 36.458183134151888 ], [ 128.19636814508354, 36.457409385074847 ], [ 128.195113589761434, 36.458527774835581 ], [ 128.194496838879331, 36.458938604053401 ], [ 128.191532417096397, 36.45994076826041 ], [ 128.190956780382294, 36.460085735855905 ], [ 128.190345510537696, 36.460215544236981 ], [ 128.189907022200515, 36.460303649695611 ], [ 128.189060294769945, 36.460447170159526 ], [ 128.188429676168624, 36.46052325335895 ], [ 128.187945360866593, 36.460557466112931 ], [ 128.18734872593339, 36.460553385073055 ], [ 128.186502560276097, 36.46053816238966 ], [ 128.182110764170488, 36.460792152242178 ], [ 128.181199380838478, 36.460876336570564 ], [ 128.181373278435359, 36.462438865111423 ], [ 128.180643786311862, 36.463448518317229 ], [ 128.180387764968884, 36.463741139190212 ], [ 128.178371368725635, 36.465760866943107 ], [ 128.178253808253373, 36.465843494568837 ], [ 128.177941616879394, 36.465991759395898 ], [ 128.177411429571691, 36.466192264535813 ], [ 128.177149025611783, 36.46624776376067 ], [ 128.174403682855939, 36.466733774893655 ], [ 128.174105847288502, 36.466781865260614 ], [ 128.173959541515728, 36.466770111959498 ], [ 128.173306982312909, 36.466586489501509 ], [ 128.168993783324254, 36.466487212033442 ], [ 128.167651365165767, 36.466602633423932 ], [ 128.168399577565992, 36.46928028020735 ], [ 128.168438679845764, 36.469960903265516 ], [ 128.168440285046756, 36.46998899870156 ], [ 128.168444350247569, 36.47005972606523 ], [ 128.168536475119538, 36.470736260266797 ], [ 128.168877156796611, 36.472596934541471 ], [ 128.169252081957126, 36.472991131328207 ], [ 128.169856176081765, 36.473202931152784 ], [ 128.170579998491661, 36.473351353719941 ], [ 128.170810847101819, 36.473407191859351 ], [ 128.171059317639134, 36.473545477629067 ], [ 128.172333079643465, 36.475823134842543 ], [ 128.172803538594877, 36.476681391772438 ], [ 128.173316810430009, 36.477929142358064 ], [ 128.173699032770145, 36.479151159493597 ], [ 128.173952668279469, 36.480190046105875 ], [ 128.173990205036716, 36.480797052529489 ], [ 128.173695263452913, 36.482585742708089 ], [ 128.173686254150653, 36.482640379586378 ], [ 128.173808361556894, 36.484329371723391 ], [ 128.17383313656569, 36.484379807929074 ], [ 128.174003841530634, 36.484727147523465 ], [ 128.17419668113277, 36.484905907885135 ], [ 128.174698493925234, 36.485488236834399 ], [ 128.174807624636571, 36.485724637357755 ], [ 128.175561970774737, 36.488087624766926 ], [ 128.17573624052244, 36.48872951082744 ], [ 128.175782623377216, 36.489862984248091 ], [ 128.177576021037254, 36.496290492809706 ], [ 128.177614422117756, 36.49671654756979 ], [ 128.177589995246166, 36.496972488947037 ], [ 128.177535695500154, 36.497179072412941 ], [ 128.177406984048105, 36.497441295292219 ], [ 128.177222233718737, 36.497715505161359 ], [ 128.177035966916094, 36.498082576104224 ], [ 128.176874983756505, 36.498519988020206 ], [ 128.176812971907964, 36.499078850049173 ], [ 128.176804654684446, 36.499454157610849 ], [ 128.176890339062851, 36.499973954403607 ], [ 128.177000488868714, 36.500234323647192 ], [ 128.177696204918078, 36.501483078439385 ], [ 128.178905872488485, 36.502910973822672 ], [ 128.178961647676374, 36.502966829756097 ], [ 128.179062388467202, 36.503024253454889 ], [ 128.179183004707625, 36.50307541839139 ], [ 128.17930590645966, 36.50311247434086 ], [ 128.17943629239366, 36.503149433448684 ], [ 128.180242083212846, 36.503311772220371 ], [ 128.180723462914074, 36.503352648167017 ], [ 128.180904887550497, 36.503364340177598 ], [ 128.181469140735743, 36.503425891958209 ], [ 128.181652540326809, 36.503589972750824 ], [ 128.18211985037081, 36.504056114762804 ], [ 128.182298563850026, 36.504326820023088 ], [ 128.182417258234068, 36.504560586837677 ], [ 128.182220254730481, 36.505786975510674 ], [ 128.181835348371237, 36.506901066152771 ], [ 128.18146814631163, 36.507397349001245 ], [ 128.179727699140244, 36.509372894346491 ], [ 128.179615094102502, 36.509498757712457 ], [ 128.179573527283367, 36.509529097364471 ], [ 128.179520804889336, 36.509567568061158 ], [ 128.179421562457662, 36.509626123150419 ], [ 128.179354346907559, 36.509661410189118 ], [ 128.179275396883696, 36.509697631252223 ], [ 128.179121616080096, 36.509751386042502 ], [ 128.178832061176422, 36.509899922540932 ], [ 128.17864478637108, 36.510024187822687 ], [ 128.178580870772095, 36.510089101438638 ], [ 128.178518005863168, 36.510175501674915 ], [ 128.178376312111084, 36.51042168377402 ], [ 128.17830201416831, 36.510632575561203 ], [ 128.178231061131811, 36.510883342297845 ], [ 128.178167175956702, 36.51118521712835 ], [ 128.178144240752488, 36.511413822412528 ], [ 128.180286760332876, 36.512560237779034 ], [ 128.180485348787755, 36.512673946931628 ], [ 128.180635911820332, 36.512785279382335 ], [ 128.181778088856902, 36.513830810415534 ], [ 128.181845633510903, 36.51390073938159 ], [ 128.181877907969948, 36.513958140780211 ], [ 128.181987442899867, 36.514241812779758 ], [ 128.182041144111906, 36.51442602883909 ], [ 128.182047776417875, 36.514515955898247 ], [ 128.182042170993782, 36.514569011349607 ], [ 128.182032595631995, 36.514637378903139 ], [ 128.182022096916143, 36.514674086622485 ], [ 128.181982794208636, 36.515404056679017 ], [ 128.182053448087203, 36.516737378806134 ], [ 128.182060516316199, 36.516786467301124 ], [ 128.182095248540577, 36.516850025303867 ], [ 128.182133993444154, 36.516896889856135 ], [ 128.182280441081048, 36.517037184411542 ], [ 128.182379706793938, 36.517096082954588 ], [ 128.18249549715631, 36.517147936319269 ], [ 128.184175536906224, 36.517806442911251 ], [ 128.185673977009969, 36.517775037943494 ], [ 128.18642983002178, 36.517441690972696 ], [ 128.18807298610497, 36.51646934534871 ], [ 128.188236201714375, 36.515907657994035 ], [ 128.188215789299107, 36.515837024454505 ], [ 128.188219122131159, 36.515770833517131 ], [ 128.188225070716697, 36.515708946560665 ], [ 128.188246957471023, 36.515638598141265 ], [ 128.188317127864394, 36.515502402498385 ], [ 128.188342746043901, 36.51545452759197 ], [ 128.188388464995114, 36.515382208869831 ], [ 128.188420563498227, 36.515346125996523 ], [ 128.188457884169026, 36.515318607850354 ], [ 128.188500371340297, 36.515301816538624 ], [ 128.188569208926026, 36.515293731218414 ], [ 128.195347587664401, 36.515093051851814 ], [ 128.195516807516071, 36.515094194618356 ], [ 128.195701744074597, 36.515110397842271 ], [ 128.195922122814409, 36.515151395223654 ], [ 128.196191287967793, 36.51520660714322 ], [ 128.196481528653436, 36.515268376390608 ], [ 128.196582902464741, 36.515310710113511 ], [ 128.197093663238661, 36.515527750138467 ], [ 128.197196256193479, 36.515579671742906 ], [ 128.197538481825575, 36.515858577382389 ], [ 128.198354154594966, 36.516753944641266 ], [ 128.198411892315789, 36.51682517550551 ], [ 128.198454775113362, 36.516919910601075 ], [ 128.198490197571743, 36.517027580767369 ], [ 128.198480464932771, 36.517121975770984 ], [ 128.19840820468491, 36.51732454506962 ], [ 128.198383716118911, 36.517430632325713 ], [ 128.198382748225413, 36.517460630782246 ], [ 128.198381548767145, 36.517497920095316 ], [ 128.198395650988886, 36.517549957547352 ], [ 128.198427302438176, 36.517597400084156 ], [ 128.198473583293492, 36.517644927329414 ], [ 128.198546040586734, 36.517706806338367 ], [ 128.198939178890868, 36.517996343865839 ], [ 128.19961064538191, 36.518369220245233 ], [ 128.199754622410893, 36.518439842705362 ], [ 128.19986236504144, 36.518480697438385 ], [ 128.200148005974938, 36.518565279879112 ], [ 128.200261703123772, 36.518596725538323 ], [ 128.200369702671793, 36.518611630534963 ], [ 128.200508581090816, 36.518611370320592 ], [ 128.200926664736215, 36.518609455128633 ], [ 128.201078769135592, 36.518601023797139 ], [ 128.201327754134809, 36.518553098776088 ], [ 128.201489113844275, 36.518497522849039 ], [ 128.204593845239003, 36.517070868094322 ], [ 128.205190734953391, 36.516449139698011 ], [ 128.205955821770715, 36.515817890214585 ], [ 128.20727309290649, 36.514787746699298 ], [ 128.207499892382401, 36.51462160365417 ], [ 128.207688158241979, 36.5145071750621 ], [ 128.207988988949751, 36.514389908213857 ], [ 128.208176769055399, 36.514322694005699 ], [ 128.208390490351889, 36.514291046343317 ], [ 128.20879571360112, 36.51425715168876 ], [ 128.209937627558276, 36.514221038789856 ], [ 128.210075074048007, 36.514217229509939 ], [ 128.212158348897731, 36.514320771218046 ], [ 128.212234223834997, 36.514333084286058 ], [ 128.212320110469932, 36.514367883939492 ], [ 128.212372340102604, 36.514405999207327 ], [ 128.212412680818915, 36.514462943790562 ], [ 128.212843520391829, 36.515073794677825 ], [ 128.213635618240517, 36.515952692109437 ], [ 128.214159252527168, 36.516351653252862 ], [ 128.217535749009102, 36.517366783459181 ], [ 128.217895898792079, 36.517455344710264 ], [ 128.21834531161582, 36.517533857451973 ], [ 128.218771442852471, 36.517602776246839 ], [ 128.218835827146791, 36.517596112042561 ], [ 128.218900584544258, 36.517551667491382 ], [ 128.219922046508202, 36.51627148462827 ], [ 128.219987303456719, 36.516177471348179 ], [ 128.220034974834817, 36.516088066255811 ], [ 128.220059558405893, 36.515970155499119 ], [ 128.220311069642548, 36.514795917411611 ], [ 128.221013057802509, 36.513010700176096 ], [ 128.221072706185652, 36.51289303517045 ], [ 128.22111414871506, 36.512841355205566 ], [ 128.225238286970637, 36.510580998717941 ], [ 128.228959630928216, 36.508781562134601 ], [ 128.22925310620252, 36.508796579502103 ], [ 128.229322271827016, 36.508788000819706 ], [ 128.229378369511153, 36.508767046930267 ], [ 128.230064878522171, 36.508286444635843 ], [ 128.230161083610142, 36.508216485696266 ], [ 128.230263637516316, 36.508120301155792 ], [ 128.230320126168266, 36.508058308329922 ], [ 128.230380790348818, 36.507986472619422 ], [ 128.230411043096012, 36.507907883371338 ], [ 128.231269740250013, 36.505223198103032 ], [ 128.231265355388189, 36.505152590931687 ], [ 128.231236804390619, 36.505060474340596 ], [ 128.231150381417962, 36.504861320775511 ], [ 128.23113394123223, 36.503445518328206 ], [ 128.232166678540182, 36.502363284232722 ], [ 128.232284233699914, 36.5022826774672 ], [ 128.232512874804058, 36.502237050864366 ], [ 128.239366472474302, 36.502453871720817 ], [ 128.239637026157112, 36.502465772056809 ], [ 128.239905829742128, 36.502512716583873 ], [ 128.240303100778874, 36.502639897968905 ], [ 128.242762153216944, 36.503500072041767 ], [ 128.24280286093861, 36.503523118647458 ], [ 128.243777029756671, 36.504102998796583 ], [ 128.243841556322081, 36.504144472759684 ], [ 128.243889079784481, 36.504194957690146 ], [ 128.243932218129999, 36.504259092450347 ], [ 128.244303214497108, 36.50501646880253 ], [ 128.250344553968972, 36.508725221787572 ], [ 128.250368721981175, 36.508755631340719 ], [ 128.250460628490373, 36.509062288005872 ], [ 128.251607195479352, 36.513278756952786 ], [ 128.252269063877463, 36.516476036016925 ], [ 128.252168516906721, 36.517563472723253 ], [ 128.25217872511854, 36.517832350857049 ], [ 128.252189227840546, 36.51793364132125 ], [ 128.252214275345068, 36.518021074256161 ], [ 128.252238015098015, 36.518096857320707 ], [ 128.253041868327898, 36.520139235374316 ], [ 128.253111024987419, 36.520287430576033 ], [ 128.2532090014071, 36.520435769181688 ], [ 128.253352894551313, 36.520608837727586 ], [ 128.253920515673173, 36.521232392686549 ], [ 128.254207677906521, 36.521499380693989 ], [ 128.254381871986595, 36.52167261333004 ], [ 128.254394247490211, 36.521712774982305 ], [ 128.254375237573612, 36.521758670306511 ], [ 128.252872561434771, 36.523870047012686 ], [ 128.252789619124627, 36.523941718120895 ], [ 128.252693845213457, 36.523997019717015 ], [ 128.252560644128351, 36.524046283009177 ], [ 128.252365495024407, 36.524085883497527 ], [ 128.252221106053952, 36.524100172370183 ], [ 128.251792784004778, 36.524091889177093 ], [ 128.251697440649508, 36.524106470456296 ], [ 128.251603350578819, 36.524137342744496 ], [ 128.251488787813116, 36.524197191710073 ], [ 128.251298727167409, 36.524303153311614 ], [ 128.251095269233218, 36.524449778759099 ], [ 128.250974384658662, 36.52456080690321 ], [ 128.250846039662719, 36.524697384208558 ], [ 128.250597715250308, 36.524995026180697 ], [ 128.250489432566582, 36.525142210007573 ], [ 128.250373518256907, 36.525330089135615 ], [ 128.250083140626799, 36.525923089069991 ], [ 128.249954616181412, 36.526212140419439 ], [ 128.249934849971964, 36.526308626109717 ], [ 128.249933956529418, 36.526394730541483 ], [ 128.249946026637815, 36.526482093977812 ], [ 128.249969592419774, 36.526573009124249 ], [ 128.250056969779365, 36.526772491740743 ], [ 128.250216964647507, 36.52706317402729 ], [ 128.250360416390549, 36.527282794577843 ], [ 128.250484185227151, 36.527451075327214 ], [ 128.251188040460875, 36.52822441988905 ], [ 128.251730297441412, 36.528632308894267 ], [ 128.251989637203906, 36.528809633612795 ], [ 128.253242415557082, 36.529618040321893 ], [ 128.253966030286051, 36.530040360187947 ], [ 128.254863279707877, 36.530338193205687 ], [ 128.254806026668149, 36.530999243178016 ], [ 128.254578958810896, 36.531018869457142 ], [ 128.252984286613042, 36.531089113933263 ], [ 128.252433681284998, 36.53108630382475 ], [ 128.248267136091982, 36.530974227528219 ], [ 128.24817571942387, 36.532835775123161 ], [ 128.248805496190641, 36.533158139857292 ], [ 128.249206507302176, 36.533310007092069 ], [ 128.250406802949669, 36.533659339275054 ], [ 128.251356088071532, 36.533920094599189 ], [ 128.251882524267018, 36.5340376243267 ], [ 128.252159421716328, 36.534087678828989 ], [ 128.252822244888705, 36.534162104768683 ], [ 128.253246201274834, 36.534191135905267 ], [ 128.253692216043447, 36.534189544021068 ], [ 128.254052808799145, 36.534171132406975 ], [ 128.254346706588649, 36.534150998746348 ], [ 128.254602700537959, 36.534113077994974 ], [ 128.254902446176146, 36.534049067371193 ], [ 128.255164178701449, 36.53398042865777 ], [ 128.25561717920047, 36.533816328604352 ], [ 128.256540014875981, 36.533435534473305 ], [ 128.256998699240455, 36.533245144426438 ], [ 128.259070378460024, 36.53231576620761 ], [ 128.25959133374235, 36.532310281195159 ], [ 128.262862227905089, 36.532291107195981 ], [ 128.263356995471952, 36.53230734951692 ], [ 128.264556074388594, 36.532406995396336 ], [ 128.26487654565787, 36.53245290968119 ], [ 128.265174901223872, 36.532533822024696 ], [ 128.265603333737829, 36.532663848416121 ], [ 128.265956005612509, 36.532753880245579 ], [ 128.266561247267987, 36.532866910257866 ], [ 128.26773706078589, 36.532954656749226 ], [ 128.268648362673645, 36.533022653910898 ] ] ] ] } },
{ "type": "Feature", "properties": { "OBJECTID": 2921, "adm_nm": "경상북도 상주시 중동면", "adm_cd": "3708032", "adm_cd2": "4725031000", "sgg": "47250", "sido": "47", "sidonm": "경상북도", "sggnm": "상주시" }, "geometry": { "type": "MultiPolygon", "coordinates": [ [ [ [ 128.312890287752055, 36.45639961999229 ], [ 128.314398182877653, 36.453864908154422 ], [ 128.318447978223929, 36.447604148806228 ], [ 128.320881772419682, 36.446505942641984 ], [ 128.321331689275183, 36.446496786960921 ], [ 128.321519570527329, 36.446479470804675 ], [ 128.321824418200947, 36.446413273050396 ], [ 128.322048404833481, 36.446334702107798 ], [ 128.322305243976388, 36.446210539178608 ], [ 128.322393251453661, 36.446158232782984 ], [ 128.322562036798303, 36.446053317130804 ], [ 128.322794667823075, 36.44589018407224 ], [ 128.323060913282887, 36.445543492554542 ], [ 128.325348608265728, 36.441923869843635 ], [ 128.325396025147768, 36.441832676210765 ], [ 128.32595878155729, 36.440034741033678 ], [ 128.326219182249389, 36.437989984350786 ], [ 128.325841995433706, 36.436677325708985 ], [ 128.325732903954275, 36.436604062618066 ], [ 128.325587502189535, 36.436484929764262 ], [ 128.324629077162228, 36.435699391741892 ], [ 128.324427813577728, 36.435501971110838 ], [ 128.324312677938849, 36.435353362216922 ], [ 128.322191021302871, 36.432556947106576 ], [ 128.322100878705754, 36.43193428592533 ], [ 128.322818441380747, 36.428326758281379 ], [ 128.32292493630797, 36.427813886342896 ], [ 128.322947558183472, 36.427727588277484 ], [ 128.323007674791597, 36.42762161158776 ], [ 128.323037706934173, 36.427592676391349 ], [ 128.323390693592785, 36.427276607200369 ], [ 128.323682687664302, 36.427045602516273 ], [ 128.326821165792182, 36.425026026919461 ], [ 128.330165658488568, 36.422691642223363 ], [ 128.332077312547227, 36.421248887797113 ], [ 128.333361257339476, 36.419571215968155 ], [ 128.332661155008651, 36.419140232714724 ], [ 128.332606670578656, 36.41909677708194 ], [ 128.332361739359328, 36.418767997438088 ], [ 128.332342861298912, 36.418668235306967 ], [ 128.332657458486807, 36.415735502389943 ], [ 128.332939772342769, 36.414004001825873 ], [ 128.33329142240845, 36.411855842526201 ], [ 128.333327325825962, 36.41176466990472 ], [ 128.33373217258324, 36.411082329099351 ], [ 128.333926513684531, 36.41079225641306 ], [ 128.334024899102872, 36.410685117000661 ], [ 128.334130659863575, 36.410622629766145 ], [ 128.334203330261801, 36.410586428875405 ], [ 128.335920580709683, 36.409748595569958 ], [ 128.336381949568249, 36.409378969456561 ], [ 128.33670203824974, 36.409114920442534 ], [ 128.337062148092286, 36.408799527051947 ], [ 128.337314084339852, 36.408564933855317 ], [ 128.338672190794171, 36.407146770852918 ], [ 128.338920483102385, 36.406815886754757 ], [ 128.339060263532957, 36.40662220908164 ], [ 128.339135289405789, 36.406460674156335 ], [ 128.33925111429221, 36.406096535072528 ], [ 128.33928135606206, 36.405895653091513 ], [ 128.339285002762693, 36.405716258756435 ], [ 128.339269662681744, 36.405460254592967 ], [ 128.339221472982189, 36.405202442970243 ], [ 128.339184985081687, 36.405100849218549 ], [ 128.337938850070117, 36.402887665508899 ], [ 128.337849949111899, 36.402789574477346 ], [ 128.337671104372816, 36.402714669057069 ], [ 128.337452933480847, 36.402689842785385 ], [ 128.33714708894405, 36.402645248609154 ], [ 128.336921463414797, 36.402578941287508 ], [ 128.335590839522581, 36.401958204263451 ], [ 128.333267292482731, 36.400235019653778 ], [ 128.332746305201937, 36.399358630823642 ], [ 128.332673249381344, 36.399234037357488 ], [ 128.332662350311324, 36.399139372306529 ], [ 128.333049081341244, 36.398615352592543 ], [ 128.333314293756814, 36.398390729454853 ], [ 128.33343239502571, 36.398267211301594 ], [ 128.333468336224541, 36.398169809704619 ], [ 128.333488825080309, 36.398054669728388 ], [ 128.333435782730618, 36.397871081314342 ], [ 128.332413188200377, 36.395448749657298 ], [ 128.328250326846046, 36.388386741906174 ], [ 128.326560151538985, 36.386084758121143 ], [ 128.326470699948032, 36.386054704185881 ], [ 128.324841646326206, 36.385715842632024 ], [ 128.32464292013259, 36.385702912369105 ], [ 128.324465594164764, 36.385691534306808 ], [ 128.323329239388784, 36.385639313186729 ], [ 128.323024516051987, 36.385705538440313 ], [ 128.32279528082455, 36.385779837021595 ], [ 128.322069508229674, 36.386086982066836 ], [ 128.321794638284416, 36.386218335546801 ], [ 128.32167457045901, 36.386299556288712 ], [ 128.321571233619323, 36.386390847072441 ], [ 128.32146789425164, 36.386482132375122 ], [ 128.321246501508028, 36.386642004734227 ], [ 128.321048026111754, 36.386742597333217 ], [ 128.320801179391481, 36.386828882421405 ], [ 128.320375146490704, 36.386950812927836 ], [ 128.320072708301467, 36.386997119595591 ], [ 128.319933375434175, 36.386985246779936 ], [ 128.318208479523634, 36.386825509914978 ], [ 128.317741712539487, 36.386777527797932 ], [ 128.318096586949025, 36.389018560855135 ], [ 128.316360351235318, 36.39447578458676 ], [ 128.316223974967841, 36.394875671617321 ], [ 128.316001336553711, 36.395465083999795 ], [ 128.315860108030051, 36.395732110717155 ], [ 128.315504886161875, 36.396288689742704 ], [ 128.315061014979733, 36.396961542407951 ], [ 128.312551476904588, 36.399608535659027 ], [ 128.312101657044366, 36.400028352955985 ], [ 128.312076824794076, 36.40005152376397 ], [ 128.308891525056907, 36.402939101736663 ], [ 128.307992856058263, 36.403372032586987 ], [ 128.302362498930165, 36.405599460504398 ], [ 128.301597903327604, 36.405868927882501 ], [ 128.30105542535631, 36.405965489930566 ], [ 128.300473467203574, 36.405948655782673 ], [ 128.299971569321627, 36.405838560721065 ], [ 128.299634379346486, 36.405759182161241 ], [ 128.299289454779171, 36.405673713347248 ], [ 128.298827397538133, 36.405498324688892 ], [ 128.296608200939943, 36.404531033233397 ], [ 128.296261049166645, 36.404347211496138 ], [ 128.294766908310663, 36.403227192423707 ], [ 128.294386589194744, 36.402938738713864 ], [ 128.293293509484698, 36.401988123755643 ], [ 128.290831436233049, 36.400241580723524 ], [ 128.289403654386774, 36.3994158206349 ], [ 128.286808022829774, 36.398226580764344 ], [ 128.285142812759517, 36.397665020091992 ], [ 128.281976598369539, 36.397030586860424 ], [ 128.280249671165308, 36.396905818426767 ], [ 128.278598606464925, 36.396891955236107 ], [ 128.277423369679042, 36.396882086631486 ], [ 128.277368364002314, 36.396881630608178 ], [ 128.27698166130503, 36.396966795608201 ], [ 128.276563292315899, 36.39710213775232 ], [ 128.276113652536566, 36.397280988376458 ], [ 128.275572113386573, 36.397546760004978 ], [ 128.274607620444129, 36.398213513279039 ], [ 128.273855094806663, 36.398979056742348 ], [ 128.273731512622959, 36.399153199719734 ], [ 128.272694704632244, 36.400636120716534 ], [ 128.272573101866669, 36.400825878236937 ], [ 128.272428291198679, 36.401303597124418 ], [ 128.272247698809878, 36.40217552568717 ], [ 128.272142583522623, 36.402795333951232 ], [ 128.272129880017701, 36.402938351267046 ], [ 128.272031079762087, 36.403251341299224 ], [ 128.271841096379262, 36.403767522140924 ], [ 128.27151226739096, 36.404300444649607 ], [ 128.270714116254624, 36.40552319438072 ], [ 128.270001423199488, 36.406367798840755 ], [ 128.269207109401208, 36.407178459204005 ], [ 128.268612617826932, 36.407648368823907 ], [ 128.267308425861046, 36.408543473567029 ], [ 128.266168482118303, 36.409185388189393 ], [ 128.265843234431458, 36.409332420885391 ], [ 128.264810360340363, 36.409659299650755 ], [ 128.264068670365617, 36.409786301186557 ], [ 128.262864735335796, 36.409857801785286 ], [ 128.260967190303774, 36.409863524400812 ], [ 128.259453228876168, 36.409827825572052 ], [ 128.258299761495749, 36.409776957977385 ], [ 128.257602898742562, 36.409746195200746 ], [ 128.25565968340112, 36.409690182294476 ], [ 128.254815200823714, 36.409676173194192 ], [ 128.251678939996992, 36.409752950388508 ], [ 128.249715764677973, 36.40983710511729 ], [ 128.248916961479438, 36.409884618277296 ], [ 128.248303400826728, 36.409924632332576 ], [ 128.248066169868736, 36.409945566947997 ], [ 128.247797587259754, 36.409969280251119 ], [ 128.246659781105535, 36.410074686154644 ], [ 128.246004921564548, 36.410143802154394 ], [ 128.245537708353169, 36.41023022594365 ], [ 128.245260201623722, 36.410305800830187 ], [ 128.244891809240357, 36.41041336596524 ], [ 128.244474944917442, 36.410547902433727 ], [ 128.244146686831641, 36.410667925443789 ], [ 128.24388891030074, 36.410784295530533 ], [ 128.242990515647165, 36.411192798647605 ], [ 128.242176022832439, 36.411635321245832 ], [ 128.240477160803465, 36.412628589282633 ], [ 128.239870423000241, 36.413018208911467 ], [ 128.239157166988946, 36.413513099646629 ], [ 128.238670630012876, 36.413864077730494 ], [ 128.237829989469844, 36.414529233184567 ], [ 128.237515280287852, 36.41480398857091 ], [ 128.237240871715358, 36.41507491532122 ], [ 128.236971920422917, 36.415377412876943 ], [ 128.236834339128023, 36.415551550082398 ], [ 128.23630014580155, 36.416259475845742 ], [ 128.236147863954329, 36.41646128547869 ], [ 128.235897697199903, 36.41682596629073 ], [ 128.235687682025059, 36.417199050977544 ], [ 128.235386274259753, 36.417785587782724 ], [ 128.235156486620639, 36.418378328786453 ], [ 128.235009514381858, 36.418797623066197 ], [ 128.234944612095404, 36.4190006980334 ], [ 128.234845439021115, 36.419389809229969 ], [ 128.234740816937233, 36.419825078659244 ], [ 128.234667139067, 36.420154277161735 ], [ 128.234582296167872, 36.420593283164649 ], [ 128.234467713072831, 36.42124646586722 ], [ 128.23441776001809, 36.421836008247901 ], [ 128.23438823489073, 36.422279445425062 ], [ 128.234379161205908, 36.422690453922414 ], [ 128.234398960421032, 36.42323595484492 ], [ 128.23444864939836, 36.423795717627563 ], [ 128.234524090864994, 36.424313081737552 ], [ 128.235511132339866, 36.42897871312082 ], [ 128.235583454376183, 36.429315572907441 ], [ 128.235732376042733, 36.429905902632825 ], [ 128.235895869741142, 36.430402615408681 ], [ 128.236019675520168, 36.430750913141559 ], [ 128.236170809162473, 36.431116080700797 ], [ 128.236511759243001, 36.431700435286217 ], [ 128.236843942957108, 36.432186302797689 ], [ 128.237274318546383, 36.43272165250378 ], [ 128.237495483426017, 36.432959377826144 ], [ 128.237769035850476, 36.433232115355565 ], [ 128.238612948870895, 36.433816905415689 ], [ 128.239374686988612, 36.434299460858007 ], [ 128.239670813276604, 36.434415286633119 ], [ 128.240959235756549, 36.434476218944639 ], [ 128.243311041432207, 36.434325470909222 ], [ 128.243622717405913, 36.434262758503728 ], [ 128.245490329329584, 36.433835384910601 ], [ 128.247197248111974, 36.433162141190699 ], [ 128.247678335142638, 36.432972385844081 ], [ 128.25221971348563, 36.432986679687055 ], [ 128.254227624561423, 36.434117568774347 ], [ 128.255679214138269, 36.435453549956598 ], [ 128.25668043844351, 36.437162723770534 ], [ 128.258741879396126, 36.44045761466711 ], [ 128.258972401711048, 36.440944318396355 ], [ 128.259464053353327, 36.441982353194632 ], [ 128.26201273765102, 36.447623550031544 ], [ 128.261260492322464, 36.449336524169595 ], [ 128.258958237681242, 36.453561610257303 ], [ 128.257455828813733, 36.45618437315229 ], [ 128.256027169955132, 36.457076100029745 ], [ 128.255623589425028, 36.457327976965509 ], [ 128.254358509872503, 36.457600722594783 ], [ 128.251871292086634, 36.457731660234316 ], [ 128.25162405314461, 36.457721087743394 ], [ 128.250747724916579, 36.45776259110206 ], [ 128.249552478148189, 36.45791836078746 ], [ 128.2487443117098, 36.45806446623584 ], [ 128.248060770230154, 36.458230292568025 ], [ 128.247947163577095, 36.458292587988652 ], [ 128.24663253567067, 36.459254687968652 ], [ 128.24600521683567, 36.459822845639046 ], [ 128.245235589884913, 36.460637741863145 ], [ 128.245061872141008, 36.460824617041872 ], [ 128.24496056585312, 36.461009524585457 ], [ 128.244846296102082, 36.461311217810291 ], [ 128.24478131444215, 36.461764346893048 ], [ 128.244775996059161, 36.462311940719623 ], [ 128.244805051309442, 36.462858119188574 ], [ 128.244842845688027, 36.463124013902558 ], [ 128.244955048536923, 36.463482826233232 ], [ 128.245430152745314, 36.464544230374699 ], [ 128.245919973507995, 36.465562270123286 ], [ 128.246153733928935, 36.465972427201272 ], [ 128.246358629853063, 36.466218911021329 ], [ 128.246714782142504, 36.466515397425795 ], [ 128.247797010353224, 36.467330461176594 ], [ 128.249160879104522, 36.468202154566917 ], [ 128.251505614329062, 36.46974236588153 ], [ 128.251923611723271, 36.470046500011883 ], [ 128.252459667920164, 36.470436541428235 ], [ 128.253459463103297, 36.471273135077567 ], [ 128.254693628234406, 36.472372217188727 ], [ 128.255087428623341, 36.472740817704732 ], [ 128.256151489845081, 36.473967693254217 ], [ 128.25660549729082, 36.474492267649964 ], [ 128.256998069990487, 36.475023881236567 ], [ 128.258236911775839, 36.476966153509053 ], [ 128.258408948054552, 36.477179354671193 ], [ 128.258709830964278, 36.477511942287279 ], [ 128.258941497198094, 36.477743365026299 ], [ 128.260257210518944, 36.478284478457653 ], [ 128.261323626589444, 36.477790404040903 ], [ 128.263215569924398, 36.476771958253671 ], [ 128.264536511020111, 36.476290669053746 ], [ 128.265305377112469, 36.476126752236624 ], [ 128.267327222252504, 36.477322309167803 ], [ 128.268354937782931, 36.477372074992253 ], [ 128.270333810656467, 36.476956103596109 ], [ 128.278061692198719, 36.472494732777264 ], [ 128.278446279939971, 36.469417228960978 ], [ 128.278416580709262, 36.469312699163936 ], [ 128.278402330076091, 36.469199441248627 ], [ 128.278388005260723, 36.469084341149312 ], [ 128.278388912758572, 36.468987114879205 ], [ 128.278403582464989, 36.468824924272631 ], [ 128.278586260854581, 36.466814875241539 ], [ 128.278630597316464, 36.466521539217304 ], [ 128.27914830624232, 36.464700619490472 ], [ 128.279170792095954, 36.464645851732698 ], [ 128.279215048551805, 36.464589539998322 ], [ 128.279264718159141, 36.464539379893793 ], [ 128.279847065842347, 36.464047721433325 ], [ 128.279894897448258, 36.464015037827963 ], [ 128.279978398825165, 36.46397309076962 ], [ 128.280301584687464, 36.463817606044408 ], [ 128.280534458838417, 36.463716373792444 ], [ 128.281489612413907, 36.463406311521958 ], [ 128.282476720807409, 36.463142612612721 ], [ 128.284130629941444, 36.462733688775423 ], [ 128.284725797417195, 36.462601003157701 ], [ 128.28917046142243, 36.462334531531113 ], [ 128.292393427718821, 36.464164112539855 ], [ 128.292462704328045, 36.464237058898142 ], [ 128.292584672980098, 36.46430851038933 ], [ 128.292835456988627, 36.464407235539745 ], [ 128.293267323909504, 36.464566246988333 ], [ 128.293856367465224, 36.464776730962015 ], [ 128.294109557557675, 36.464845364314243 ], [ 128.294424147358512, 36.464909144944386 ], [ 128.294695568266974, 36.464947339197032 ], [ 128.294826985434867, 36.464935681214982 ], [ 128.294905928093698, 36.464916679223542 ], [ 128.295808005803508, 36.464697890357598 ], [ 128.295904543525211, 36.464670081737417 ], [ 128.296051597512871, 36.464619663676118 ], [ 128.299023044742796, 36.463414895159708 ], [ 128.299117514179557, 36.46335579686874 ], [ 128.299192022280522, 36.463283078913499 ], [ 128.299300846985091, 36.463115645032168 ], [ 128.300307352604506, 36.461717856139352 ], [ 128.304267534210226, 36.457851659247517 ], [ 128.304571910263093, 36.457571476451051 ], [ 128.304849026970601, 36.457345361098206 ], [ 128.305091788932543, 36.45720584044733 ], [ 128.305663085453801, 36.456891088205545 ], [ 128.306195276351389, 36.456644735387137 ], [ 128.306504985171784, 36.45651371063633 ], [ 128.309611180801511, 36.455508868098462 ], [ 128.309917239142692, 36.455413052002648 ], [ 128.310170507172643, 36.45536901586825 ], [ 128.310331559529772, 36.455359133849839 ], [ 128.310633264303675, 36.45537709931623 ], [ 128.310857604627415, 36.455413627717618 ], [ 128.311088432453886, 36.455485436842324 ], [ 128.311484260625861, 36.455644534706444 ], [ 128.311651266577996, 36.455718677892861 ], [ 128.312781407500609, 36.456323098555622 ], [ 128.312890287752055, 36.45639961999229 ] ] ] ] } },
{ "type": "Feature", "properties": { "OBJECTID": 2922, "adm_nm": "경상북도 상주시 낙동면", "adm_cd": "3708033", "adm_cd2": "4725033000", "sgg": "47250", "sido": "47", "sidonm": "경상북도", "sggnm": "상주시" }, "geometry": { "type": "MultiPolygon", "coordinates": [ [ [ [ 128.237769035850476, 36.433232115355565 ], [ 128.237495483426017, 36.432959377826144 ], [ 128.237274318546383, 36.43272165250378 ], [ 128.236843942957108, 36.432186302797689 ], [ 128.236511759243001, 36.431700435286217 ], [ 128.236170809162473, 36.431116080700797 ], [ 128.236019675520168, 36.430750913141559 ], [ 128.235895869741142, 36.430402615408681 ], [ 128.235732376042733, 36.429905902632825 ], [ 128.235583454376183, 36.429315572907441 ], [ 128.235511132339866, 36.42897871312082 ], [ 128.234524090864994, 36.424313081737552 ], [ 128.23444864939836, 36.423795717627563 ], [ 128.234398960421032, 36.42323595484492 ], [ 128.234379161205908, 36.422690453922414 ], [ 128.23438823489073, 36.422279445425062 ], [ 128.23441776001809, 36.421836008247901 ], [ 128.234467713072831, 36.42124646586722 ], [ 128.234582296167872, 36.420593283164649 ], [ 128.234667139067, 36.420154277161735 ], [ 128.234740816937233, 36.419825078659244 ], [ 128.234845439021115, 36.419389809229969 ], [ 128.234944612095404, 36.4190006980334 ], [ 128.235009514381858, 36.418797623066197 ], [ 128.235156486620639, 36.418378328786453 ], [ 128.235386274259753, 36.417785587782724 ], [ 128.235687682025059, 36.417199050977544 ], [ 128.235897697199903, 36.41682596629073 ], [ 128.236147863954329, 36.41646128547869 ], [ 128.23630014580155, 36.416259475845742 ], [ 128.236834339128023, 36.415551550082398 ], [ 128.236971920422917, 36.415377412876943 ], [ 128.237240871715358, 36.41507491532122 ], [ 128.237515280287852, 36.41480398857091 ], [ 128.237829989469844, 36.414529233184567 ], [ 128.238670630012876, 36.413864077730494 ], [ 128.239157166988946, 36.413513099646629 ], [ 128.239870423000241, 36.413018208911467 ], [ 128.240477160803465, 36.412628589282633 ], [ 128.242176022832439, 36.411635321245832 ], [ 128.242990515647165, 36.411192798647605 ], [ 128.24388891030074, 36.410784295530533 ], [ 128.244146686831641, 36.410667925443789 ], [ 128.244474944917442, 36.410547902433727 ], [ 128.244891809240357, 36.41041336596524 ], [ 128.245260201623722, 36.410305800830187 ], [ 128.245537708353169, 36.41023022594365 ], [ 128.246004921564548, 36.410143802154394 ], [ 128.246659781105535, 36.410074686154644 ], [ 128.247797587259754, 36.409969280251119 ], [ 128.248066169868736, 36.409945566947997 ], [ 128.248303400826728, 36.409924632332576 ], [ 128.248916961479438, 36.409884618277296 ], [ 128.249715764677973, 36.40983710511729 ], [ 128.251678939996992, 36.409752950388508 ], [ 128.254815200823714, 36.409676173194192 ], [ 128.25565968340112, 36.409690182294476 ], [ 128.257602898742562, 36.409746195200746 ], [ 128.258299761495749, 36.409776957977385 ], [ 128.259453228876168, 36.409827825572052 ], [ 128.260967190303774, 36.409863524400812 ], [ 128.262864735335796, 36.409857801785286 ], [ 128.264068670365617, 36.409786301186557 ], [ 128.264810360340363, 36.409659299650755 ], [ 128.265843234431458, 36.409332420885391 ], [ 128.266168482118303, 36.409185388189393 ], [ 128.267308425861046, 36.408543473567029 ], [ 128.268612617826932, 36.407648368823907 ], [ 128.269207109401208, 36.407178459204005 ], [ 128.270001423199488, 36.406367798840755 ], [ 128.270714116254624, 36.40552319438072 ], [ 128.27151226739096, 36.404300444649607 ], [ 128.271841096379262, 36.403767522140924 ], [ 128.272031079762087, 36.403251341299224 ], [ 128.272129880017701, 36.402938351267046 ], [ 128.272142583522623, 36.402795333951232 ], [ 128.272247698809878, 36.40217552568717 ], [ 128.272428291198679, 36.401303597124418 ], [ 128.272573101866669, 36.400825878236937 ], [ 128.272694704632244, 36.400636120716534 ], [ 128.273731512622959, 36.399153199719734 ], [ 128.273855094806663, 36.398979056742348 ], [ 128.274607620444129, 36.398213513279039 ], [ 128.275572113386573, 36.397546760004978 ], [ 128.276113652536566, 36.397280988376458 ], [ 128.276563292315899, 36.39710213775232 ], [ 128.27698166130503, 36.396966795608201 ], [ 128.277368364002314, 36.396881630608178 ], [ 128.277423369679042, 36.396882086631486 ], [ 128.278598606464925, 36.396891955236107 ], [ 128.280249671165308, 36.396905818426767 ], [ 128.281976598369539, 36.397030586860424 ], [ 128.285142812759517, 36.397665020091992 ], [ 128.286808022829774, 36.398226580764344 ], [ 128.289403654386774, 36.3994158206349 ], [ 128.290831436233049, 36.400241580723524 ], [ 128.293293509484698, 36.401988123755643 ], [ 128.294386589194744, 36.402938738713864 ], [ 128.294766908310663, 36.403227192423707 ], [ 128.296261049166645, 36.404347211496138 ], [ 128.296608200939943, 36.404531033233397 ], [ 128.298827397538133, 36.405498324688892 ], [ 128.299289454779171, 36.405673713347248 ], [ 128.299634379346486, 36.405759182161241 ], [ 128.299971569321627, 36.405838560721065 ], [ 128.300473467203574, 36.405948655782673 ], [ 128.30105542535631, 36.405965489930566 ], [ 128.301597903327604, 36.405868927882501 ], [ 128.302362498930165, 36.405599460504398 ], [ 128.307992856058263, 36.403372032586987 ], [ 128.308891525056907, 36.402939101736663 ], [ 128.312076824794076, 36.40005152376397 ], [ 128.312101657044366, 36.400028352955985 ], [ 128.312551476904588, 36.399608535659027 ], [ 128.315061014979733, 36.396961542407951 ], [ 128.315504886161875, 36.396288689742704 ], [ 128.315860108030051, 36.395732110717155 ], [ 128.316001336553711, 36.395465083999795 ], [ 128.316223974967841, 36.394875671617321 ], [ 128.316360351235318, 36.39447578458676 ], [ 128.318096586949025, 36.389018560855135 ], [ 128.317741712539487, 36.386777527797932 ], [ 128.31753178129722, 36.385920061492563 ], [ 128.317011812750223, 36.38460293491903 ], [ 128.316057283543898, 36.383251330276231 ], [ 128.315662723679935, 36.382786587246883 ], [ 128.315565259950205, 36.382674067346372 ], [ 128.31505281684278, 36.382082534602134 ], [ 128.314732793686375, 36.381734956472656 ], [ 128.31338953568391, 36.379623271257053 ], [ 128.311739101620589, 36.376841801493626 ], [ 128.311526865619783, 36.376431363191138 ], [ 128.31137092876682, 36.375755232923638 ], [ 128.311327074318058, 36.375218879496281 ], [ 128.311335100226984, 36.374310390586139 ], [ 128.31147950075146, 36.372015441044297 ], [ 128.311708386143096, 36.370539416568434 ], [ 128.311996599776649, 36.369067871602454 ], [ 128.312121760702865, 36.368331910209733 ], [ 128.312165959643266, 36.367603760709727 ], [ 128.312162427376052, 36.367027099314384 ], [ 128.312159322808867, 36.366523324002145 ], [ 128.311914191398387, 36.364946328893495 ], [ 128.311696770806719, 36.36391380950991 ], [ 128.311475473899122, 36.363311012776521 ], [ 128.311141292515003, 36.362658345847798 ], [ 128.310416030059997, 36.361692464637279 ], [ 128.309903864898871, 36.361034706759526 ], [ 128.309539827951966, 36.360713411768273 ], [ 128.309073138315398, 36.360407934600751 ], [ 128.308594869627314, 36.360188234482386 ], [ 128.307949002720591, 36.360012557190913 ], [ 128.306496179929979, 36.359570397306143 ], [ 128.305291079642444, 36.35917461261883 ], [ 128.304870816522396, 36.359028667679702 ], [ 128.304452066065011, 36.358883238450296 ], [ 128.302543713410927, 36.358106749893608 ], [ 128.296998022500162, 36.355494928955522 ], [ 128.293221453056617, 36.353468363568098 ], [ 128.291850854187487, 36.352732811917427 ], [ 128.284046118860232, 36.347253503302788 ], [ 128.283770215543285, 36.347390228856625 ], [ 128.283096549290491, 36.347686987590698 ], [ 128.280715137746995, 36.348239567741921 ], [ 128.277454812416096, 36.350121207398992 ], [ 128.277350670925387, 36.350193041647891 ], [ 128.277255247088448, 36.350258879007384 ], [ 128.27713702912925, 36.350404667695393 ], [ 128.277074704328186, 36.350543174554126 ], [ 128.277042964976516, 36.350674092754524 ], [ 128.277035951349717, 36.350890048884011 ], [ 128.277056254060426, 36.351163944533113 ], [ 128.277075458142349, 36.351291398658248 ], [ 128.277162956908342, 36.351719988404234 ], [ 128.277221997636701, 36.351924728222549 ], [ 128.277307218556814, 36.352056446157434 ], [ 128.277457901432228, 36.352253978831101 ], [ 128.277610190899082, 36.352555708019779 ], [ 128.277795422103225, 36.352944429837137 ], [ 128.278221752048097, 36.353861224709725 ], [ 128.278481937251343, 36.354963477594694 ], [ 128.278402553134839, 36.35518656552653 ], [ 128.277780274696426, 36.356902462857875 ], [ 128.277737581302404, 36.357014211371244 ], [ 128.277595659074336, 36.357264786401238 ], [ 128.277535118357775, 36.35735361816657 ], [ 128.276022275251705, 36.359286795433732 ], [ 128.275938539502619, 36.359377483597783 ], [ 128.274494012574792, 36.360364919182238 ], [ 128.274316238419743, 36.360480258271068 ], [ 128.274119057794195, 36.360596764987434 ], [ 128.273997221593731, 36.360663062935934 ], [ 128.273606834369218, 36.360805603836873 ], [ 128.272589425014985, 36.361146969379369 ], [ 128.272202087708507, 36.361571303279945 ], [ 128.271971853952351, 36.361779230898428 ], [ 128.271867694713649, 36.361849078025983 ], [ 128.271732124532264, 36.361882393916375 ], [ 128.269470158340852, 36.362426097914089 ], [ 128.269393313136021, 36.362411567246561 ], [ 128.267857418361473, 36.361651391637743 ], [ 128.267790304401473, 36.361596650196574 ], [ 128.264989969134092, 36.361547239229374 ], [ 128.264888996415749, 36.361562668753706 ], [ 128.262425453015879, 36.361811125033505 ], [ 128.261785545857464, 36.36186151047368 ], [ 128.259337158768687, 36.36190878466612 ], [ 128.259090373175155, 36.361909230479135 ], [ 128.258826492884566, 36.361901555317587 ], [ 128.256238014664405, 36.361752598648437 ], [ 128.255288868893444, 36.36152931992298 ], [ 128.255208118583937, 36.361502604574248 ], [ 128.253392710792809, 36.360442672932827 ], [ 128.253289871886011, 36.36037362330147 ], [ 128.250976485449769, 36.357016021242551 ], [ 128.250924292748266, 36.35691701468631 ], [ 128.250919962775214, 36.356822459207827 ], [ 128.251279532700039, 36.35556274795016 ], [ 128.25179283790365, 36.354744747641419 ], [ 128.251902035356181, 36.35456836827349 ], [ 128.251983468630641, 36.354371599922267 ], [ 128.252103150682274, 36.354066412247526 ], [ 128.252147468833215, 36.353871514543066 ], [ 128.252159803540792, 36.35370045685044 ], [ 128.25214110196444, 36.353430631310204 ], [ 128.25209770218791, 36.353251296906315 ], [ 128.251418466649056, 36.351752740795654 ], [ 128.250369953824475, 36.351636322194928 ], [ 128.250270369140907, 36.351635687201195 ], [ 128.250053549990128, 36.351604115942095 ], [ 128.249544241213243, 36.351496652297577 ], [ 128.249342013315385, 36.351443205729339 ], [ 128.247798129285599, 36.350936145406514 ], [ 128.247669329397638, 36.350876270188699 ], [ 128.247336325789661, 36.350686125293535 ], [ 128.247202704144598, 36.350605116576133 ], [ 128.247024572116374, 36.350495162356516 ], [ 128.246879365564837, 36.350393075169684 ], [ 128.24680446440351, 36.350337246185326 ], [ 128.246692101365909, 36.350252532204536 ], [ 128.246624263158139, 36.350195807935009 ], [ 128.246551847141831, 36.350126623489594 ], [ 128.245935785104848, 36.349461269953515 ], [ 128.240551523428081, 36.344502942297481 ], [ 128.239501445249999, 36.343626718296207 ], [ 128.238013174179116, 36.342236082476262 ], [ 128.237924495017268, 36.342141988499399 ], [ 128.237114907344761, 36.341030566358398 ], [ 128.237040494925111, 36.340925096656491 ], [ 128.236996456419035, 36.34084653298715 ], [ 128.236961797440642, 36.340775675353733 ], [ 128.236948234938268, 36.340716413693308 ], [ 128.236703223482863, 36.339933215527552 ], [ 128.233777567492353, 36.335397767612811 ], [ 128.233705571701591, 36.335286582328415 ], [ 128.233668284076401, 36.335242448263024 ], [ 128.233626133905233, 36.335213521150969 ], [ 128.233560457487073, 36.335180659946346 ], [ 128.233447790924856, 36.335130295566117 ], [ 128.233240980406094, 36.335065007955563 ], [ 128.232765868099193, 36.334955060476226 ], [ 128.232641009759789, 36.334946634945744 ], [ 128.232560887426416, 36.334944192540512 ], [ 128.232483148789527, 36.334937977027877 ], [ 128.232438415722044, 36.334930994838764 ], [ 128.232370391021334, 36.334896208193044 ], [ 128.232302374120877, 36.334861415149646 ], [ 128.232180470706282, 36.334791886620671 ], [ 128.23212665466491, 36.334751466623096 ], [ 128.232037941126379, 36.334663096559431 ], [ 128.231947092030197, 36.334551765124843 ], [ 128.231872779732612, 36.334437714331003 ], [ 128.231686983905831, 36.334152063437919 ], [ 128.231545464503483, 36.333921127752745 ], [ 128.231496769049841, 36.333838735513417 ], [ 128.231476113862385, 36.333781326803617 ], [ 128.230049161311314, 36.329788110392322 ], [ 128.230014859506298, 36.329680992739149 ], [ 128.230008282707303, 36.329630368237893 ], [ 128.230007790859958, 36.329441376929488 ], [ 128.23002772196989, 36.329332682107612 ], [ 128.230087647347062, 36.32923191528397 ], [ 128.230135264227982, 36.329183544394859 ], [ 128.230241917194689, 36.329125048408038 ], [ 128.230365045121204, 36.329068589161679 ], [ 128.230537960666823, 36.328983788125512 ], [ 128.230663595028574, 36.328912057684761 ], [ 128.230789288307705, 36.328834611097939 ], [ 128.230896100742456, 36.328759891553759 ], [ 128.231048096551064, 36.328644410874617 ], [ 128.231090940357802, 36.328602694991822 ], [ 128.231143330537208, 36.328547663803505 ], [ 128.231205381986797, 36.328469798316739 ], [ 128.231243904449713, 36.328387967613203 ], [ 128.231539732897772, 36.327485373744871 ], [ 128.231729373958842, 36.326186415564969 ], [ 128.231993611934939, 36.324214852190657 ], [ 128.231992972820933, 36.324078021987752 ], [ 128.231977358804386, 36.323926962790097 ], [ 128.23196106609555, 36.323866171872346 ], [ 128.231927865455617, 36.323827828747802 ], [ 128.231070865431889, 36.322784481812896 ], [ 128.230568267368113, 36.320423935155276 ], [ 128.230563804253137, 36.320394301392554 ], [ 128.230568896946096, 36.320360210689216 ], [ 128.230896483389301, 36.318896999748027 ], [ 128.23092891693824, 36.318791310470232 ], [ 128.230942715012901, 36.318762430510468 ], [ 128.230998196012678, 36.318697761166518 ], [ 128.231074091129301, 36.318619372859565 ], [ 128.23145220064589, 36.318240041365719 ], [ 128.231487496157854, 36.318207432710238 ], [ 128.230943100267979, 36.314604694376847 ], [ 128.230077624477417, 36.312132995473597 ], [ 128.228633517856451, 36.308582714903238 ], [ 128.228604635397375, 36.308529090578858 ], [ 128.228592717353735, 36.308488778462312 ], [ 128.22858509894229, 36.308455900266573 ], [ 128.22858064345678, 36.308423691559284 ], [ 128.228569426408882, 36.307989995225334 ], [ 128.228570195756419, 36.307910820328587 ], [ 128.228575297997622, 36.307877380483298 ], [ 128.228699155476818, 36.307247243208117 ], [ 128.228709140256314, 36.307200943974856 ], [ 128.228738042438181, 36.307171506964409 ], [ 128.228867259855548, 36.307085110294366 ], [ 128.228915170734894, 36.307062247570968 ], [ 128.228970167561982, 36.307045215964386 ], [ 128.229123437923391, 36.306977957793308 ], [ 128.229314649050082, 36.306890030374234 ], [ 128.22934104621848, 36.306872831391026 ], [ 128.229368365823916, 36.306842735852648 ], [ 128.229404623963887, 36.306791470226948 ], [ 128.229415623882545, 36.3067654788276 ], [ 128.229417488096686, 36.306736499616491 ], [ 128.229351426807568, 36.305052525313343 ], [ 128.229343343965752, 36.304986155571527 ], [ 128.229314851540977, 36.304853034209607 ], [ 128.229234556748054, 36.304574063451597 ], [ 128.229197225303096, 36.304449894032686 ], [ 128.229177119154087, 36.304393098794542 ], [ 128.229143862721628, 36.304340413580086 ], [ 128.229101516503931, 36.304284131707696 ], [ 128.228727440894176, 36.303936639115804 ], [ 128.228549849300606, 36.303772287759116 ], [ 128.228459014876137, 36.303715669157121 ], [ 128.228072986339754, 36.303575736354226 ], [ 128.227998527087237, 36.303551429358251 ], [ 128.227951728008094, 36.303542119378015 ], [ 128.227660317063794, 36.303547641066068 ], [ 128.226003132457265, 36.303734200795745 ], [ 128.225934574568043, 36.303755317964765 ], [ 128.225878598090191, 36.303790374741695 ], [ 128.225807973565281, 36.30385879938121 ], [ 128.225762114287079, 36.303917730216035 ], [ 128.225379295999858, 36.304615066663196 ], [ 128.225127873996854, 36.305085038677028 ], [ 128.225006910071954, 36.305379461734667 ], [ 128.224723135836058, 36.305985709075387 ], [ 128.224684348843397, 36.306048533579599 ], [ 128.224642153061353, 36.306096868664454 ], [ 128.224583715064313, 36.306139636986735 ], [ 128.224491814404473, 36.306189899622233 ], [ 128.224388033963862, 36.306236842629005 ], [ 128.223143238335325, 36.306738657841962 ], [ 128.222912340883028, 36.306820531777035 ], [ 128.22280082041388, 36.306850054941599 ], [ 128.222557229822769, 36.306905346798018 ], [ 128.2195920716469, 36.307243794708889 ], [ 128.219399850929193, 36.307230993250499 ], [ 128.218611759152964, 36.307142145655519 ], [ 128.218554917587085, 36.307127362408174 ], [ 128.218505208391662, 36.30711116504483 ], [ 128.213310548246483, 36.305386872636596 ], [ 128.212860313638743, 36.305176154034079 ], [ 128.212637987774087, 36.305058538314441 ], [ 128.212581420739696, 36.305014878255989 ], [ 128.212539197391635, 36.3049641061762 ], [ 128.212480106694102, 36.304819445867054 ], [ 128.212453333814835, 36.304737760255065 ], [ 128.212432676598127, 36.30466693585474 ], [ 128.212411546568376, 36.304466245632469 ], [ 128.212358934845241, 36.30403164153914 ], [ 128.212318878561632, 36.303941927596583 ], [ 128.212253780763632, 36.303863600371891 ], [ 128.211913234428238, 36.303460969073775 ], [ 128.211683306838609, 36.303214917365736 ], [ 128.209930741224895, 36.301425362896673 ], [ 128.209896386450993, 36.301391001406316 ], [ 128.207060512886414, 36.299022788002233 ], [ 128.206954814289048, 36.298937769636431 ], [ 128.206875928026136, 36.29889708218878 ], [ 128.206756072852983, 36.298862147020913 ], [ 128.20144077950809, 36.298101789903185 ], [ 128.200709995341214, 36.298076822265365 ], [ 128.200608388069924, 36.298076147462531 ], [ 128.200506805315541, 36.298075474232704 ], [ 128.200390314651742, 36.29807670663336 ], [ 128.199189862110217, 36.298195952595172 ], [ 128.195460805457202, 36.299667712775722 ], [ 128.190122619870493, 36.300583304585373 ], [ 128.189543125474756, 36.300646349299591 ], [ 128.188102336483865, 36.3000375705696 ], [ 128.187532829582466, 36.299139142436921 ], [ 128.18629683695363, 36.298251941471989 ], [ 128.185330465954905, 36.297634522991522 ], [ 128.184873462821599, 36.297381171158364 ], [ 128.184793612616204, 36.297341230066671 ], [ 128.184703859915913, 36.29731893448389 ], [ 128.184613876702969, 36.297318302119358 ], [ 128.184531063933633, 36.297329567597394 ], [ 128.184123653330943, 36.297452887529836 ], [ 128.182158842642394, 36.297892614888852 ], [ 128.179684652643061, 36.298433260918891 ], [ 128.179616493127014, 36.298438708668677 ], [ 128.178340478063518, 36.298130444772184 ], [ 128.178229026384003, 36.298090252155127 ], [ 128.178103318582686, 36.298018464118066 ], [ 128.178026117208589, 36.297958819458302 ], [ 128.177847552219447, 36.297825570646005 ], [ 128.177567299732516, 36.297646309491384 ], [ 128.177204666999558, 36.297440863260626 ], [ 128.177078313853912, 36.297430127628949 ], [ 128.177010339602191, 36.297436830476258 ], [ 128.17696633547115, 36.297441180702577 ], [ 128.176863796045268, 36.297477918932692 ], [ 128.176790483554214, 36.297510903544158 ], [ 128.173182986172293, 36.299198232402979 ], [ 128.172387550681179, 36.299758639087472 ], [ 128.173351244060655, 36.300649578211754 ], [ 128.173416178175131, 36.300719000840431 ], [ 128.174609903690396, 36.302143954959277 ], [ 128.174539093039243, 36.302401598861579 ], [ 128.174511135980936, 36.30251567662178 ], [ 128.174502850064414, 36.302608230256041 ], [ 128.174516664030818, 36.302683210994807 ], [ 128.174566431871369, 36.302807687509777 ], [ 128.176848088785022, 36.306979620265018 ], [ 128.176875713366627, 36.307008494900771 ], [ 128.177028279058874, 36.307027664767418 ], [ 128.177385604294443, 36.307060316140529 ], [ 128.177800687188409, 36.307093336774329 ], [ 128.178230322110011, 36.307158167702134 ], [ 128.178380778810833, 36.307199972575916 ], [ 128.178609143312968, 36.307273966788685 ], [ 128.178770261098833, 36.307365633719854 ], [ 128.17898460168476, 36.307531587957655 ], [ 128.17905631967983, 36.307619607971702 ], [ 128.179139017547442, 36.307727327980373 ], [ 128.179188185012407, 36.307836317560614 ], [ 128.17961520376943, 36.30886090873414 ], [ 128.179662112633025, 36.309006096490194 ], [ 128.179737281953777, 36.309299381724458 ], [ 128.179751461590257, 36.309367386342153 ], [ 128.180036759750578, 36.310760727640805 ], [ 128.180034740202217, 36.310953888878295 ], [ 128.179943332706557, 36.311141883446965 ], [ 128.179830681913757, 36.311225625212948 ], [ 128.179637212478838, 36.311375218734639 ], [ 128.179589798322041, 36.311454853432423 ], [ 128.179465833420522, 36.311728665275432 ], [ 128.179406281119498, 36.311900286907132 ], [ 128.17936985185591, 36.312176221846094 ], [ 128.17936090737976, 36.312317997419328 ], [ 128.179352737501631, 36.312740481013023 ], [ 128.179351769413472, 36.312832525323792 ], [ 128.179569650174386, 36.313727398565632 ], [ 128.179596497220047, 36.31383172672043 ], [ 128.180227232368367, 36.316572035319361 ], [ 128.180691414352026, 36.318677383827847 ], [ 128.18072501364955, 36.318849639308425 ], [ 128.18124552961288, 36.321980045074341 ], [ 128.181248329134831, 36.322069121587312 ], [ 128.181245409093322, 36.322168697421219 ], [ 128.181203549238461, 36.322251386008666 ], [ 128.181109065661616, 36.322377517012747 ], [ 128.180909954418382, 36.322530065536363 ], [ 128.180821945532699, 36.32257172334986 ], [ 128.180672433908484, 36.322614483224314 ], [ 128.180395779309521, 36.322700098664257 ], [ 128.180064543892257, 36.322836664571192 ], [ 128.179922060916113, 36.322920181203273 ], [ 128.179767789152493, 36.323060985503538 ], [ 128.178948934287916, 36.323853641438241 ], [ 128.177694308330274, 36.325329953032941 ], [ 128.175963978545724, 36.328191778209778 ], [ 128.175361710900063, 36.329938597872449 ], [ 128.175363941988252, 36.329999459892392 ], [ 128.17532489877857, 36.330342573124035 ], [ 128.175273455682856, 36.330682481141906 ], [ 128.175083803018367, 36.33169424387912 ], [ 128.175033366054237, 36.331848519236942 ], [ 128.174836123965093, 36.33230796866777 ], [ 128.174769451239001, 36.332458268794348 ], [ 128.174665948909308, 36.332652481841272 ], [ 128.174621316314187, 36.332710308803726 ], [ 128.174585499974285, 36.33274727607656 ], [ 128.174511088068726, 36.332814587441952 ], [ 128.174430904910537, 36.332885319260981 ], [ 128.174337343819104, 36.332953666245977 ], [ 128.174290720847353, 36.332975554186177 ], [ 128.174906133717116, 36.335408999541116 ], [ 128.175186410034257, 36.336399860138243 ], [ 128.175243105150201, 36.336474752234025 ], [ 128.175914467477554, 36.337140437487641 ], [ 128.175992672424172, 36.337200850776519 ], [ 128.176082412158195, 36.337258001051701 ], [ 128.176196872478698, 36.337306663271107 ], [ 128.177441528127844, 36.337814726592441 ], [ 128.177515135972556, 36.337844485148111 ], [ 128.177628180681182, 36.337873210484112 ], [ 128.177803511656066, 36.337912966918211 ], [ 128.177964438797943, 36.337917410956727 ], [ 128.1784034524579, 36.337876548072686 ], [ 128.178584368595466, 36.337854512723425 ], [ 128.178863783265086, 36.337836479338911 ], [ 128.179080672188888, 36.337831319173603 ], [ 128.179271240018579, 36.337829308496246 ], [ 128.179904985362469, 36.337856947924706 ], [ 128.181894210227256, 36.338010931347753 ], [ 128.182722922960835, 36.338087109077939 ], [ 128.184024154432251, 36.338217062443263 ], [ 128.184463797040706, 36.338272594403961 ], [ 128.185331402181959, 36.338400231854621 ], [ 128.185554339275484, 36.338445659342717 ], [ 128.186719946237218, 36.338980329544619 ], [ 128.186765704434521, 36.339002597479961 ], [ 128.186791510652398, 36.339049313089227 ], [ 128.186820457734854, 36.339265664793302 ], [ 128.186819953624649, 36.339314855727892 ], [ 128.186817560612525, 36.339385350606996 ], [ 128.186779644175516, 36.339557337629493 ], [ 128.186575266367157, 36.340411874437699 ], [ 128.188734504717587, 36.346187968808174 ], [ 128.188872373597974, 36.347306861480149 ], [ 128.188867990172071, 36.347412576732012 ], [ 128.188850582913261, 36.34747760562577 ], [ 128.188822632798377, 36.347508052488358 ], [ 128.1883865879675, 36.347892790893084 ], [ 128.188335281297469, 36.347929692763955 ], [ 128.188251263564183, 36.347952383004206 ], [ 128.187132578265818, 36.348260002498314 ], [ 128.185810611131529, 36.348684600594268 ], [ 128.185729806493953, 36.348713332462033 ], [ 128.185706440407102, 36.348749089304292 ], [ 128.18306340315192, 36.353217343626589 ], [ 128.18260037633101, 36.354230254846357 ], [ 128.18255071023961, 36.354402495725559 ], [ 128.182535097376189, 36.354647149723178 ], [ 128.182546450832973, 36.354809251492796 ], [ 128.182592090657607, 36.355020883524944 ], [ 128.182688462779225, 36.355371966036863 ], [ 128.182856349613928, 36.355957747558236 ], [ 128.182962694988277, 36.356189173345065 ], [ 128.18313260459243, 36.356581262672336 ], [ 128.183453203595747, 36.357539674761803 ], [ 128.183503613992031, 36.357710828688013 ], [ 128.18350696903866, 36.35780594342009 ], [ 128.183551693049765, 36.359352364144598 ], [ 128.183541332952814, 36.359510799907547 ], [ 128.183500403879577, 36.359679560766118 ], [ 128.183093892383312, 36.360692863661626 ], [ 128.185795772391913, 36.361100501840831 ], [ 128.188190578599233, 36.361752517318969 ], [ 128.190142466164417, 36.362325780777667 ], [ 128.19026383592643, 36.362368879094532 ], [ 128.190324450272129, 36.362397454160138 ], [ 128.190427696662113, 36.36251087912688 ], [ 128.190999453907068, 36.363175111412986 ], [ 128.191098201734235, 36.363302569610198 ], [ 128.191179554552718, 36.363429890353494 ], [ 128.191213182504896, 36.363542822130157 ], [ 128.191224133456387, 36.364585392577744 ], [ 128.191201384656523, 36.364680342428599 ], [ 128.1911878699363, 36.364726037513101 ], [ 128.191160994614819, 36.364799821006834 ], [ 128.190828365909056, 36.365408608192205 ], [ 128.189907520121977, 36.367770844711146 ], [ 128.188912547677717, 36.370564023163773 ], [ 128.189341595226864, 36.37282270430638 ], [ 128.190876562787992, 36.375861105193614 ], [ 128.192735997752777, 36.37928141872343 ], [ 128.192911353105131, 36.379491272023778 ], [ 128.19331550373559, 36.380005625383319 ], [ 128.193708746378121, 36.380610772950156 ], [ 128.193763093475837, 36.38072052085456 ], [ 128.193863028536668, 36.380929870399648 ], [ 128.193897341527645, 36.381044537888016 ], [ 128.193916352455688, 36.381137231428113 ], [ 128.193909483366156, 36.381265084819987 ], [ 128.193890828128502, 36.381352478974001 ], [ 128.193656543296754, 36.382010565103002 ], [ 128.193383856348277, 36.383161519258451 ], [ 128.193359252823342, 36.38328756701339 ], [ 128.193360739931677, 36.383423924518937 ], [ 128.193361543865649, 36.383496266575378 ], [ 128.193371996564139, 36.383556940185343 ], [ 128.19342818818248, 36.383703717191565 ], [ 128.193626314104932, 36.384183004054954 ], [ 128.193674291508131, 36.384264108060243 ], [ 128.193803057838721, 36.384367636835066 ], [ 128.194087863933618, 36.384514306059224 ], [ 128.195173174821633, 36.385051727188419 ], [ 128.195424951496676, 36.385172931854278 ], [ 128.195749025370105, 36.385277748137121 ], [ 128.195899740527466, 36.38529728861284 ], [ 128.19622149150635, 36.385304507258994 ], [ 128.196613287141076, 36.385300401902718 ], [ 128.196682026995546, 36.385305924858791 ], [ 128.196739551993772, 36.385323130131603 ], [ 128.196796894616739, 36.385358879729601 ], [ 128.196853907440726, 36.385424886110897 ], [ 128.196895248948181, 36.385505944559284 ], [ 128.19760864081519, 36.387464602594903 ], [ 128.197802227384074, 36.388344388954366 ], [ 128.197787585300318, 36.388995825946793 ], [ 128.197741482269578, 36.389138012777586 ], [ 128.197609929244635, 36.38959140606724 ], [ 128.197597577437705, 36.389650109179158 ], [ 128.197601749007845, 36.38970180566826 ], [ 128.197619819906777, 36.389771407114281 ], [ 128.197714990975072, 36.389903078309757 ], [ 128.197802215678109, 36.389997085453437 ], [ 128.19941795198659, 36.391132918410499 ], [ 128.199579035297603, 36.391233403612972 ], [ 128.200986068785994, 36.391936048381467 ], [ 128.201109670776219, 36.391991822652471 ], [ 128.201236835456655, 36.392037157969185 ], [ 128.201460485368216, 36.392090952502301 ], [ 128.201625740250137, 36.392123442483118 ], [ 128.201815273247433, 36.392140403423177 ], [ 128.202160166412597, 36.392145332442198 ], [ 128.20237744996038, 36.392146789166077 ], [ 128.202718460238032, 36.392193557079281 ], [ 128.203155752671591, 36.392272346989849 ], [ 128.203272917500811, 36.392308219902745 ], [ 128.203323973767453, 36.392352016865907 ], [ 128.203610210865747, 36.393368847095125 ], [ 128.203679490398571, 36.393677976724554 ], [ 128.203709009888314, 36.393827281146777 ], [ 128.203729669349144, 36.394167489308686 ], [ 128.203702998224145, 36.394415836125795 ], [ 128.203477021948942, 36.395599340427744 ], [ 128.203438334073923, 36.395672317803914 ], [ 128.203302199060147, 36.395828370223988 ], [ 128.203252915939913, 36.395924833977709 ], [ 128.203245609199826, 36.395964014444523 ], [ 128.203261818678527, 36.396066149826154 ], [ 128.203302026438251, 36.396181507035607 ], [ 128.203396565900647, 36.396383575546693 ], [ 128.203967340997536, 36.397577639817214 ], [ 128.206292825403693, 36.399905620945503 ], [ 128.206412470847255, 36.400013674615067 ], [ 128.206505075651705, 36.400066631658156 ], [ 128.206735325174662, 36.400151844396291 ], [ 128.207017538288852, 36.400219128991104 ], [ 128.207255229825194, 36.400252100834265 ], [ 128.207462080873682, 36.400266562016164 ], [ 128.20754814365452, 36.400282828435799 ], [ 128.207736842169936, 36.400386099297016 ], [ 128.207839583608859, 36.400460022123859 ], [ 128.208970941051945, 36.40149561392532 ], [ 128.209011807689166, 36.401548198186177 ], [ 128.209161826324674, 36.401984443980552 ], [ 128.211416988549473, 36.401823119203129 ], [ 128.214712112741523, 36.402284342398502 ], [ 128.218284400087043, 36.40414329572684 ], [ 128.218383121835046, 36.404219914634602 ], [ 128.220155042678726, 36.40584503887267 ], [ 128.220181963334397, 36.405916767594135 ], [ 128.220187189202932, 36.405953720604209 ], [ 128.220186283146177, 36.406320290708685 ], [ 128.220161911469972, 36.406855263164225 ], [ 128.220125348396323, 36.406917606827875 ], [ 128.220075034218439, 36.406975383399569 ], [ 128.219936133073674, 36.407045993366054 ], [ 128.219816835687624, 36.407092155911222 ], [ 128.21972264358601, 36.407116140397854 ], [ 128.219475615298677, 36.407125214265619 ], [ 128.219221342547939, 36.407128040504553 ], [ 128.219058089245181, 36.40714706917278 ], [ 128.218983178135147, 36.407177881324607 ], [ 128.21868206879131, 36.407439658267108 ], [ 128.218548034810425, 36.407577357586909 ], [ 128.218435870143509, 36.407739793390263 ], [ 128.218373680538633, 36.407877966285163 ], [ 128.217740886860469, 36.409353979417027 ], [ 128.21774548424645, 36.409445647226171 ], [ 128.217957122499456, 36.411450917498222 ], [ 128.21832252489105, 36.412402544011442 ], [ 128.218673459957699, 36.413236351280602 ], [ 128.221136287946649, 36.42222129302526 ], [ 128.221206699134711, 36.422367052902224 ], [ 128.221449609855682, 36.422677113685083 ], [ 128.221740790098636, 36.423047311246165 ], [ 128.221820228080986, 36.423119368271131 ], [ 128.221858614144168, 36.423132444283155 ], [ 128.221947310910053, 36.423126894716695 ], [ 128.222094132798958, 36.423094331437156 ], [ 128.222340866889141, 36.423022184113861 ], [ 128.222623902455297, 36.422917563289488 ], [ 128.222799652493364, 36.422838371997528 ], [ 128.223112016553017, 36.422695261935878 ], [ 128.223289785536139, 36.422611477128939 ], [ 128.223576276020907, 36.422531346061952 ], [ 128.223915359330874, 36.422448958109548 ], [ 128.22411301893311, 36.422404045362526 ], [ 128.224183182789005, 36.422392580845155 ], [ 128.224256858994551, 36.422397538509287 ], [ 128.224325831624895, 36.422417315723102 ], [ 128.227034242742036, 36.423363426484535 ], [ 128.227103978447872, 36.423393692802058 ], [ 128.227155062150302, 36.423447677781922 ], [ 128.227180183765626, 36.423516390145423 ], [ 128.228243134628286, 36.426597835424651 ], [ 128.228790701000747, 36.428670310578376 ], [ 128.228770869893395, 36.428817289084115 ], [ 128.228781199881951, 36.428887194767185 ], [ 128.228839103678382, 36.428978192904829 ], [ 128.229176699555268, 36.42938339854274 ], [ 128.230257484674581, 36.430637731613714 ], [ 128.230386645374097, 36.430769325204167 ], [ 128.230554211806123, 36.430920482555763 ], [ 128.230696706358486, 36.431004602857769 ], [ 128.234449305882748, 36.433024130571518 ], [ 128.234625016000933, 36.433096573699679 ], [ 128.234782660749715, 36.433136222750221 ], [ 128.235035776477957, 36.433185414066713 ], [ 128.235594904277036, 36.433253929497432 ], [ 128.236013445001845, 36.433298228283761 ], [ 128.236303650500645, 36.433314932323839 ], [ 128.236579251932881, 36.433319670812516 ], [ 128.236840334595144, 36.433306491577156 ], [ 128.237290874873736, 36.433270658979545 ], [ 128.237329569116838, 36.433266919458084 ], [ 128.237769035850476, 36.433232115355565 ] ] ] ] } },
{ "type": "Feature", "properties": { "OBJECTID": 2923, "adm_nm": "경상북도 상주시 청리면", "adm_cd": "3708034", "adm_cd2": "4725034000", "sgg": "47250", "sido": "47", "sidonm": "경상북도", "sggnm": "상주시" }, "geometry": { "type": "MultiPolygon", "coordinates": [ [ [ [ 128.174290720847353, 36.332975554186177 ], [ 128.174337343819104, 36.332953666245977 ], [ 128.174430904910537, 36.332885319260981 ], [ 128.174511088068726, 36.332814587441952 ], [ 128.174585499974285, 36.33274727607656 ], [ 128.174621316314187, 36.332710308803726 ], [ 128.174665948909308, 36.332652481841272 ], [ 128.174769451239001, 36.332458268794348 ], [ 128.174836123965093, 36.33230796866777 ], [ 128.175033366054237, 36.331848519236942 ], [ 128.175083803018367, 36.33169424387912 ], [ 128.175273455682856, 36.330682481141906 ], [ 128.17532489877857, 36.330342573124035 ], [ 128.175363941988252, 36.329999459892392 ], [ 128.175361710900063, 36.329938597872449 ], [ 128.175963978545724, 36.328191778209778 ], [ 128.177694308330274, 36.325329953032941 ], [ 128.178948934287916, 36.323853641438241 ], [ 128.179767789152493, 36.323060985503538 ], [ 128.179922060916113, 36.322920181203273 ], [ 128.180064543892257, 36.322836664571192 ], [ 128.180395779309521, 36.322700098664257 ], [ 128.180672433908484, 36.322614483224314 ], [ 128.180821945532699, 36.32257172334986 ], [ 128.180909954418382, 36.322530065536363 ], [ 128.181109065661616, 36.322377517012747 ], [ 128.181203549238461, 36.322251386008666 ], [ 128.181245409093322, 36.322168697421219 ], [ 128.181248329134831, 36.322069121587312 ], [ 128.18124552961288, 36.321980045074341 ], [ 128.18072501364955, 36.318849639308425 ], [ 128.180691414352026, 36.318677383827847 ], [ 128.180227232368367, 36.316572035319361 ], [ 128.179596497220047, 36.31383172672043 ], [ 128.179569650174386, 36.313727398565632 ], [ 128.179351769413472, 36.312832525323792 ], [ 128.179352737501631, 36.312740481013023 ], [ 128.17936090737976, 36.312317997419328 ], [ 128.17936985185591, 36.312176221846094 ], [ 128.179406281119498, 36.311900286907132 ], [ 128.179465833420522, 36.311728665275432 ], [ 128.179589798322041, 36.311454853432423 ], [ 128.179637212478838, 36.311375218734639 ], [ 128.179830681913757, 36.311225625212948 ], [ 128.179943332706557, 36.311141883446965 ], [ 128.180034740202217, 36.310953888878295 ], [ 128.180036759750578, 36.310760727640805 ], [ 128.179751461590257, 36.309367386342153 ], [ 128.179737281953777, 36.309299381724458 ], [ 128.179662112633025, 36.309006096490194 ], [ 128.17961520376943, 36.30886090873414 ], [ 128.179188185012407, 36.307836317560614 ], [ 128.179139017547442, 36.307727327980373 ], [ 128.17905631967983, 36.307619607971702 ], [ 128.17898460168476, 36.307531587957655 ], [ 128.178770261098833, 36.307365633719854 ], [ 128.178609143312968, 36.307273966788685 ], [ 128.178380778810833, 36.307199972575916 ], [ 128.178230322110011, 36.307158167702134 ], [ 128.177800687188409, 36.307093336774329 ], [ 128.177385604294443, 36.307060316140529 ], [ 128.177028279058874, 36.307027664767418 ], [ 128.176875713366627, 36.307008494900771 ], [ 128.176848088785022, 36.306979620265018 ], [ 128.174566431871369, 36.302807687509777 ], [ 128.174516664030818, 36.302683210994807 ], [ 128.174502850064414, 36.302608230256041 ], [ 128.174511135980936, 36.30251567662178 ], [ 128.174539093039243, 36.302401598861579 ], [ 128.174609903690396, 36.302143954959277 ], [ 128.173416178175131, 36.300719000840431 ], [ 128.173351244060655, 36.300649578211754 ], [ 128.172387550681179, 36.299758639087472 ], [ 128.17205445100376, 36.299820592651194 ], [ 128.170780004741403, 36.299959076575071 ], [ 128.170629546623189, 36.299966527042187 ], [ 128.170524735245294, 36.299957299946357 ], [ 128.169405216404186, 36.299666178265738 ], [ 128.169252100679017, 36.299594291854369 ], [ 128.169005417042513, 36.299442399624894 ], [ 128.168856285535838, 36.29932519840429 ], [ 128.16881160115841, 36.299251224451169 ], [ 128.168784685968859, 36.299151874867192 ], [ 128.168786260491515, 36.299004551426499 ], [ 128.16877666900325, 36.298919489755264 ], [ 128.168746076540145, 36.298837113110892 ], [ 128.168704734473835, 36.298777315919082 ], [ 128.167671131077213, 36.297973945029796 ], [ 128.167601682309964, 36.297928138390049 ], [ 128.166569577459654, 36.297314605538602 ], [ 128.166402667235417, 36.297225625363815 ], [ 128.166266811224489, 36.297176493578476 ], [ 128.166102748607642, 36.297147022511602 ], [ 128.164814266693014, 36.296965173516853 ], [ 128.164639524016337, 36.296955454674105 ], [ 128.164523941717704, 36.296971638633885 ], [ 128.164355643653494, 36.297012959813316 ], [ 128.164211640634846, 36.297071455191606 ], [ 128.16399387227159, 36.297160592933146 ], [ 128.163744316968973, 36.297277856021637 ], [ 128.163564915601341, 36.297375760136845 ], [ 128.162410265343084, 36.297432825322666 ], [ 128.155404869097509, 36.295232977355042 ], [ 128.154814466487153, 36.294854812780606 ], [ 128.154738125005252, 36.294800427613524 ], [ 128.154425374786712, 36.294293874895104 ], [ 128.154257526268481, 36.294292702820194 ], [ 128.153718759577146, 36.294314380853187 ], [ 128.153613698876001, 36.294327800253939 ], [ 128.152652402253153, 36.294618476526857 ], [ 128.150881846234768, 36.295685395614477 ], [ 128.150797241918639, 36.295747114368446 ], [ 128.149678202129877, 36.296710986213874 ], [ 128.149536955233572, 36.296837480410218 ], [ 128.147324284489656, 36.298133120808828 ], [ 128.14521985304296, 36.298576971877537 ], [ 128.141473708516884, 36.299991635039106 ], [ 128.139776089973196, 36.300649728992028 ], [ 128.139673307200923, 36.300693440709907 ], [ 128.139607387693871, 36.300755445557535 ], [ 128.139558455374811, 36.300889638029851 ], [ 128.139535720753798, 36.301069653154173 ], [ 128.139539248946903, 36.301288306283766 ], [ 128.139585542790456, 36.301527708378821 ], [ 128.139584227030724, 36.301647835536713 ], [ 128.139550679620839, 36.30173166454275 ], [ 128.139475404397359, 36.30183444335897 ], [ 128.139366156310444, 36.301926143679779 ], [ 128.135932235400674, 36.303964091966265 ], [ 128.135859913010933, 36.304002699789955 ], [ 128.135767580106062, 36.304037357091751 ], [ 128.134865055037011, 36.304217001685949 ], [ 128.134761893675829, 36.304218624989481 ], [ 128.134636280246269, 36.304173802370052 ], [ 128.134217872441354, 36.30400990555362 ], [ 128.133938438714068, 36.303910485439566 ], [ 128.133733520836557, 36.303841684195959 ], [ 128.133545603341901, 36.303779220433213 ], [ 128.132783134415178, 36.303606121910875 ], [ 128.132692886731121, 36.303612647925021 ], [ 128.132355676851631, 36.303727624761365 ], [ 128.130626989954976, 36.304321281267477 ], [ 128.130598545267787, 36.30433689618684 ], [ 128.130546337945077, 36.304365587839989 ], [ 128.130521282411507, 36.304393083285511 ], [ 128.130486605533434, 36.304436742548113 ], [ 128.130400376693643, 36.304612268468745 ], [ 128.130296748941333, 36.304867848334332 ], [ 128.130257814400835, 36.304977355331275 ], [ 128.130228534093249, 36.305065925630906 ], [ 128.130222413915135, 36.305140847249938 ], [ 128.130222056973025, 36.305172343247833 ], [ 128.130228801289832, 36.30520197891326 ], [ 128.130267867996622, 36.305292966521527 ], [ 128.13032839986252, 36.305414186506518 ], [ 128.130342209630697, 36.305443868754111 ], [ 128.130369102158824, 36.305569142662399 ], [ 128.130310868385862, 36.306300528888777 ], [ 128.130256713790089, 36.306401334286448 ], [ 128.12659806265529, 36.309564113594213 ], [ 128.126511556440278, 36.309604552607802 ], [ 128.125806349366144, 36.30957693345109 ], [ 128.125681582795409, 36.309560758533628 ], [ 128.125612836801992, 36.309541630812099 ], [ 128.125547260931739, 36.309502000961977 ], [ 128.125351645214778, 36.309391739343617 ], [ 128.125170965344637, 36.309314031130945 ], [ 128.124781840263921, 36.309168441439972 ], [ 128.124631881256505, 36.309138222299708 ], [ 128.124494047302392, 36.309130534719095 ], [ 128.124171830721252, 36.309166351286784 ], [ 128.122503706827558, 36.309380181905041 ], [ 128.121855845674474, 36.309466866951489 ], [ 128.121250520057345, 36.309587933650214 ], [ 128.120820757197606, 36.309700713869198 ], [ 128.120314926924806, 36.309913799533447 ], [ 128.119762356656253, 36.310210435932227 ], [ 128.119313073956448, 36.310624638090175 ], [ 128.119041914103661, 36.311072822706066 ], [ 128.118715333798662, 36.312060086642674 ], [ 128.118089684074192, 36.313670176669362 ], [ 128.117865063494577, 36.313898155019999 ], [ 128.117527784433094, 36.314019948433078 ], [ 128.117040417053545, 36.314065989231217 ], [ 128.116224924807881, 36.314081947294241 ], [ 128.115774725878424, 36.313903959126016 ], [ 128.115577553354115, 36.313676400364393 ], [ 128.115248665003548, 36.313122516646544 ], [ 128.114844963061358, 36.312682543935999 ], [ 128.114375786686423, 36.312341358092269 ], [ 128.113878687737724, 36.312117880711547 ], [ 128.112556251219218, 36.311580086871416 ], [ 128.109785758171654, 36.310857019646463 ], [ 128.108905589831181, 36.311209792265203 ], [ 128.106655709133008, 36.309210450472676 ], [ 128.103143278012254, 36.306731874976435 ], [ 128.096922668979005, 36.307434202685911 ], [ 128.096283696349673, 36.307540894672634 ], [ 128.096013464860363, 36.307667199241841 ], [ 128.09566151103914, 36.307979411706043 ], [ 128.095416120138651, 36.308328029152825 ], [ 128.095089171463428, 36.308998571273406 ], [ 128.093791294924074, 36.313170718036723 ], [ 128.093644357222189, 36.313648659646667 ], [ 128.09357992347887, 36.314604382219031 ], [ 128.091450943789312, 36.323084290891316 ], [ 128.091451549430303, 36.323602759370253 ], [ 128.091452630760784, 36.324544340102399 ], [ 128.09122399749333, 36.325284506621358 ], [ 128.090847622709191, 36.325828986531896 ], [ 128.090651119538137, 36.325995054176587 ], [ 128.093101259690542, 36.328070579397938 ], [ 128.097208382992534, 36.33090192359132 ], [ 128.098027648653357, 36.331442012053429 ], [ 128.098782551343845, 36.332178391760422 ], [ 128.099311274874452, 36.332919306006609 ], [ 128.099732140291167, 36.333538192559161 ], [ 128.100121123856354, 36.334510343137836 ], [ 128.100197012379084, 36.334885313667513 ], [ 128.100240846284066, 36.335478359987 ], [ 128.100835876016276, 36.337514395447968 ], [ 128.102068976920435, 36.341477380488982 ], [ 128.102760620351575, 36.343186226978872 ], [ 128.103047833282574, 36.343725069757141 ], [ 128.103527366139048, 36.344624674016607 ], [ 128.104153146797358, 36.345334933774261 ], [ 128.104270191792864, 36.345631150883435 ], [ 128.104239302713211, 36.345750568304332 ], [ 128.104232306468703, 36.345777250118942 ], [ 128.103938597531879, 36.346027063218003 ], [ 128.103644768212916, 36.346276970861318 ], [ 128.102525926037856, 36.346953935986399 ], [ 128.101957161491924, 36.347396139105001 ], [ 128.101796188696341, 36.347665151470054 ], [ 128.101663708578513, 36.347957180382892 ], [ 128.101683203231971, 36.348364304655028 ], [ 128.101855143398325, 36.349243759918586 ], [ 128.102187311709713, 36.350247027260778 ], [ 128.102727765772357, 36.350969420959906 ], [ 128.102864110835242, 36.351127235928786 ], [ 128.103978918466964, 36.352510476081825 ], [ 128.103653607448393, 36.353048682181864 ], [ 128.102929410949798, 36.354299334817817 ], [ 128.102508055349517, 36.355546071693126 ], [ 128.10249520431455, 36.355676907317637 ], [ 128.102540102717796, 36.355735913864237 ], [ 128.104193191297185, 36.357313147903966 ], [ 128.104386004385105, 36.35744209069005 ], [ 128.106195575714025, 36.358649437353343 ], [ 128.108202242318043, 36.362186283614513 ], [ 128.111148180413267, 36.362869958587538 ], [ 128.112363962752937, 36.362317899299512 ], [ 128.114252515043859, 36.363150068032795 ], [ 128.115159377843099, 36.363890322508681 ], [ 128.115428908556737, 36.36424432778221 ], [ 128.115535142359761, 36.364481018317079 ], [ 128.115737818032585, 36.365299134501505 ], [ 128.115904564368748, 36.366688022290838 ], [ 128.11590225815786, 36.367555580068036 ], [ 128.115826182688437, 36.367841499991286 ], [ 128.116545659070539, 36.368833062701292 ], [ 128.116829908037204, 36.369186945190755 ], [ 128.117232392287235, 36.369587226087376 ], [ 128.11849318042573, 36.370407328137766 ], [ 128.118657337563633, 36.370504407886216 ], [ 128.119793618656701, 36.370620377135523 ], [ 128.122761278372792, 36.369144113268057 ], [ 128.124457267560871, 36.368971189689987 ], [ 128.124811765457309, 36.368876287374761 ], [ 128.127839978537423, 36.367984375270126 ], [ 128.128188630741278, 36.367483971641335 ], [ 128.128914669373245, 36.366234333947261 ], [ 128.134038518689607, 36.364498346911219 ], [ 128.134564298398033, 36.364310158242006 ], [ 128.134659818636379, 36.364204603624366 ], [ 128.134755327449511, 36.364099046285816 ], [ 128.134857883706189, 36.363598532994388 ], [ 128.134876175261439, 36.36350921026731 ], [ 128.134919190987716, 36.363129426978844 ], [ 128.134749122890724, 36.36255541403613 ], [ 128.133578921382195, 36.361049003479721 ], [ 128.132932870003032, 36.359995491373574 ], [ 128.132961799850847, 36.359759741150619 ], [ 128.133621642763671, 36.359367003722944 ], [ 128.134212596953745, 36.359015292463631 ], [ 128.135655879560744, 36.358164354690423 ], [ 128.13604180142093, 36.358010250860147 ], [ 128.136427742913867, 36.357856144780115 ], [ 128.136829936379115, 36.357708430989589 ], [ 128.138150464174316, 36.357316487165157 ], [ 128.138440973967249, 36.357274480262625 ], [ 128.138570540996426, 36.357286330776503 ], [ 128.139508654094215, 36.357290484658613 ], [ 128.142854121312268, 36.356015770371286 ], [ 128.145130583577611, 36.353534600676618 ], [ 128.145303865229579, 36.353218971835375 ], [ 128.145365669433232, 36.353022148192622 ], [ 128.145298699060675, 36.352865806980603 ], [ 128.144833684163274, 36.352033012014758 ], [ 128.144520341468791, 36.351617377988525 ], [ 128.144365434795532, 36.350977858925148 ], [ 128.144434818091099, 36.350192273234747 ], [ 128.144637753495942, 36.349693216165598 ], [ 128.145803484102402, 36.347575858461184 ], [ 128.147127892804889, 36.346359627092937 ], [ 128.149842413421737, 36.344004965675026 ], [ 128.15514498333323, 36.341716872460644 ], [ 128.156210904532685, 36.34162809373003 ], [ 128.156665528685579, 36.341754517264164 ], [ 128.15692673619003, 36.341922064417481 ], [ 128.159177366394658, 36.342122669124073 ], [ 128.159224512225052, 36.342030642843802 ], [ 128.159795208905962, 36.337982775505232 ], [ 128.159829761523724, 36.337040530241396 ], [ 128.159728690279451, 36.336766790943592 ], [ 128.159333850707213, 36.336037322293734 ], [ 128.159313105460768, 36.335998989372179 ], [ 128.15935907900402, 36.335828468171428 ], [ 128.159884835797953, 36.335300094913642 ], [ 128.161282211892484, 36.334671683262492 ], [ 128.163960775161598, 36.334305546582968 ], [ 128.16497398308158, 36.335028262277653 ], [ 128.165820095413807, 36.335386320840726 ], [ 128.169587511709437, 36.336474607516614 ], [ 128.169716838383778, 36.336473343750832 ], [ 128.170084961893508, 36.336221182790233 ], [ 128.170417620541656, 36.335760063100864 ], [ 128.17065309204861, 36.335286792604002 ], [ 128.171642305218313, 36.334400621265281 ], [ 128.17300057106641, 36.333327677611088 ], [ 128.173577649646717, 36.332994979489726 ], [ 128.174011966682002, 36.332846815567983 ], [ 128.174290720847353, 36.332975554186177 ] ] ] ] } },
{ "type": "Feature", "properties": { "OBJECTID": 2924, "adm_nm": "경상북도 상주시 공성면", "adm_cd": "3708035", "adm_cd2": "4725035000", "sgg": "47250", "sido": "47", "sidonm": "경상북도", "sggnm": "상주시" }, "geometry": { "type": "MultiPolygon", "coordinates": [ [ [ [ 128.045974788019464, 36.341762731044675 ], [ 128.045368295399356, 36.341162183420963 ], [ 128.04368137371506, 36.338489954575252 ], [ 128.044906602057381, 36.337508335316109 ], [ 128.045268613890897, 36.337260085646584 ], [ 128.046271205886228, 36.336752228222515 ], [ 128.04795609669091, 36.335933947311965 ], [ 128.048722200166736, 36.335967478073044 ], [ 128.049167840276851, 36.335826334809809 ], [ 128.049627187715743, 36.335329932526307 ], [ 128.049947107013679, 36.334619301825647 ], [ 128.052125990052076, 36.329299404305935 ], [ 128.052133399437338, 36.328091544083804 ], [ 128.052828488875463, 36.325708706438967 ], [ 128.053115157279336, 36.325449763648038 ], [ 128.053471434926536, 36.325254177620685 ], [ 128.053901638022438, 36.325018020686208 ], [ 128.054974900530993, 36.324539720469879 ], [ 128.056244912548664, 36.324147582345574 ], [ 128.058424519306158, 36.323638849211925 ], [ 128.058539361503477, 36.323804720233888 ], [ 128.058646418161544, 36.324501504009739 ], [ 128.059056806292631, 36.325360768725481 ], [ 128.059655464984871, 36.325878116147422 ], [ 128.060524442445256, 36.326206203820064 ], [ 128.061606368962714, 36.326351682817986 ], [ 128.062606298073547, 36.32644739477859 ], [ 128.06524508235205, 36.326190507097181 ], [ 128.066449626112586, 36.325947629624622 ], [ 128.069622088549863, 36.326848427007576 ], [ 128.07017986185113, 36.327392319253157 ], [ 128.070630798299305, 36.32758451671063 ], [ 128.070805559600586, 36.32760995917549 ], [ 128.073786569971844, 36.328043891000668 ], [ 128.078056248247321, 36.327722678568279 ], [ 128.081211252704179, 36.327368873168837 ], [ 128.082104322237825, 36.327129357301693 ], [ 128.08506186743881, 36.326105269827607 ], [ 128.088348821732581, 36.326584066830442 ], [ 128.090651119538137, 36.325995054176587 ], [ 128.090847622709191, 36.325828986531896 ], [ 128.09122399749333, 36.325284506621358 ], [ 128.091452630760784, 36.324544340102399 ], [ 128.091451549430303, 36.323602759370253 ], [ 128.091450943789312, 36.323084290891316 ], [ 128.09357992347887, 36.314604382219031 ], [ 128.093644357222189, 36.313648659646667 ], [ 128.093791294924074, 36.313170718036723 ], [ 128.095089171463428, 36.308998571273406 ], [ 128.095416120138651, 36.308328029152825 ], [ 128.09566151103914, 36.307979411706043 ], [ 128.096013464860363, 36.307667199241841 ], [ 128.096283696349673, 36.307540894672634 ], [ 128.096922668979005, 36.307434202685911 ], [ 128.103143278012254, 36.306731874976435 ], [ 128.106655709133008, 36.309210450472676 ], [ 128.108905589831181, 36.311209792265203 ], [ 128.109785758171654, 36.310857019646463 ], [ 128.112556251219218, 36.311580086871416 ], [ 128.113878687737724, 36.312117880711547 ], [ 128.114375786686423, 36.312341358092269 ], [ 128.114844963061358, 36.312682543935999 ], [ 128.115248665003548, 36.313122516646544 ], [ 128.115577553354115, 36.313676400364393 ], [ 128.115774725878424, 36.313903959126016 ], [ 128.116224924807881, 36.314081947294241 ], [ 128.117040417053545, 36.314065989231217 ], [ 128.117527784433094, 36.314019948433078 ], [ 128.117865063494577, 36.313898155019999 ], [ 128.118089684074192, 36.313670176669362 ], [ 128.118715333798662, 36.312060086642674 ], [ 128.119041914103661, 36.311072822706066 ], [ 128.119313073956448, 36.310624638090175 ], [ 128.119762356656253, 36.310210435932227 ], [ 128.120314926924806, 36.309913799533447 ], [ 128.120820757197606, 36.309700713869198 ], [ 128.121250520057345, 36.309587933650214 ], [ 128.121855845674474, 36.309466866951489 ], [ 128.122503706827558, 36.309380181905041 ], [ 128.124171830721252, 36.309166351286784 ], [ 128.124494047302392, 36.309130534719095 ], [ 128.124631881256505, 36.309138222299708 ], [ 128.124781840263921, 36.309168441439972 ], [ 128.125170965344637, 36.309314031130945 ], [ 128.125351645214778, 36.309391739343617 ], [ 128.125547260931739, 36.309502000961977 ], [ 128.125612836801992, 36.309541630812099 ], [ 128.125681582795409, 36.309560758533628 ], [ 128.125806349366144, 36.30957693345109 ], [ 128.126511556440278, 36.309604552607802 ], [ 128.12659806265529, 36.309564113594213 ], [ 128.130256713790089, 36.306401334286448 ], [ 128.130310868385862, 36.306300528888777 ], [ 128.130369102158824, 36.305569142662399 ], [ 128.130342209630697, 36.305443868754111 ], [ 128.13032839986252, 36.305414186506518 ], [ 128.130267867996622, 36.305292966521527 ], [ 128.130228801289832, 36.30520197891326 ], [ 128.130222056973025, 36.305172343247833 ], [ 128.130222413915135, 36.305140847249938 ], [ 128.130228534093249, 36.305065925630906 ], [ 128.130257814400835, 36.304977355331275 ], [ 128.130296748941333, 36.304867848334332 ], [ 128.130400376693643, 36.304612268468745 ], [ 128.130486605533434, 36.304436742548113 ], [ 128.130521282411507, 36.304393083285511 ], [ 128.130546337945077, 36.304365587839989 ], [ 128.130598545267787, 36.30433689618684 ], [ 128.130626989954976, 36.304321281267477 ], [ 128.132355676851631, 36.303727624761365 ], [ 128.132692886731121, 36.303612647925021 ], [ 128.132783134415178, 36.303606121910875 ], [ 128.133545603341901, 36.303779220433213 ], [ 128.133733520836557, 36.303841684195959 ], [ 128.133938438714068, 36.303910485439566 ], [ 128.134217872441354, 36.30400990555362 ], [ 128.134636280246269, 36.304173802370052 ], [ 128.134761893675829, 36.304218624989481 ], [ 128.134865055037011, 36.304217001685949 ], [ 128.135767580106062, 36.304037357091751 ], [ 128.135859913010933, 36.304002699789955 ], [ 128.135932235400674, 36.303964091966265 ], [ 128.139366156310444, 36.301926143679779 ], [ 128.139475404397359, 36.30183444335897 ], [ 128.139550679620839, 36.30173166454275 ], [ 128.139584227030724, 36.301647835536713 ], [ 128.139585542790456, 36.301527708378821 ], [ 128.139539248946903, 36.301288306283766 ], [ 128.139535720753798, 36.301069653154173 ], [ 128.139558455374811, 36.300889638029851 ], [ 128.139607387693871, 36.300755445557535 ], [ 128.139673307200923, 36.300693440709907 ], [ 128.139776089973196, 36.300649728992028 ], [ 128.141473708516884, 36.299991635039106 ], [ 128.14521985304296, 36.298576971877537 ], [ 128.147324284489656, 36.298133120808828 ], [ 128.149536955233572, 36.296837480410218 ], [ 128.149678202129877, 36.296710986213874 ], [ 128.150797241918639, 36.295747114368446 ], [ 128.150881846234768, 36.295685395614477 ], [ 128.152652402253153, 36.294618476526857 ], [ 128.153613698876001, 36.294327800253939 ], [ 128.153718759577146, 36.294314380853187 ], [ 128.154257526268481, 36.294292702820194 ], [ 128.154425374786712, 36.294293874895104 ], [ 128.154344772027542, 36.293007668889423 ], [ 128.154316541134278, 36.292884723632589 ], [ 128.154221938797207, 36.292749322650174 ], [ 128.154083412527996, 36.292574710814648 ], [ 128.153787097677082, 36.292300178460358 ], [ 128.148413488794745, 36.288004872804656 ], [ 128.148299720401923, 36.287935194409485 ], [ 128.148233340676171, 36.287922756115485 ], [ 128.148174240736807, 36.287922338137399 ], [ 128.148085278493824, 36.287948646573881 ], [ 128.147807667095549, 36.288172465460647 ], [ 128.14760393165156, 36.288343467555613 ], [ 128.147354714853151, 36.288530859302583 ], [ 128.146984412890163, 36.28873740071819 ], [ 128.14679253399359, 36.288828395597477 ], [ 128.146591787766909, 36.288851444464633 ], [ 128.145205639470333, 36.288898290309859 ], [ 128.145109948141084, 36.288857528999614 ], [ 128.140152266230189, 36.286250454586842 ], [ 128.140059627869562, 36.286183019887169 ], [ 128.139900623800401, 36.286031663957651 ], [ 128.138935575349848, 36.284927282589962 ], [ 128.138883252695791, 36.28486337109311 ], [ 128.138692862594837, 36.2845975736087 ], [ 128.138530892065972, 36.284342702107971 ], [ 128.13577495466069, 36.279985420272546 ], [ 128.134418733384251, 36.273965790514524 ], [ 128.134408445133175, 36.272943244932343 ], [ 128.134383339298239, 36.272869551283151 ], [ 128.134238594934374, 36.272672408278886 ], [ 128.133978167730191, 36.27238686336942 ], [ 128.133751848979671, 36.272143616635361 ], [ 128.133485638570448, 36.271991122098697 ], [ 128.133335659046281, 36.271877975718226 ], [ 128.133258817100227, 36.271793379429027 ], [ 128.133169237379178, 36.271687671624797 ], [ 128.133144562454248, 36.271575452745012 ], [ 128.133027478789614, 36.270832238825584 ], [ 128.132999996371097, 36.270583451011618 ], [ 128.132761362599439, 36.267941465490132 ], [ 128.1327966637499, 36.267875192425088 ], [ 128.135200828187635, 36.264580087962663 ], [ 128.135944244713272, 36.26377308732522 ], [ 128.137198019287212, 36.260952823566107 ], [ 128.13701388068273, 36.26080443935161 ], [ 128.136928596598551, 36.260702282251813 ], [ 128.136873902756207, 36.260568803247004 ], [ 128.136357560899683, 36.259202939591461 ], [ 128.136363370817946, 36.259066422067605 ], [ 128.136651672995953, 36.257604817308319 ], [ 128.136678754447388, 36.257499973867866 ], [ 128.136718587047511, 36.257412704755488 ], [ 128.136927983863529, 36.257228641577044 ], [ 128.136973728686286, 36.257191920824809 ], [ 128.137048851346577, 36.257151203942541 ], [ 128.137112363755421, 36.256996694428459 ], [ 128.137088032144959, 36.256852951060893 ], [ 128.136977827722433, 36.256659566498591 ], [ 128.135912526069575, 36.254932546228694 ], [ 128.135648985293102, 36.254541948741398 ], [ 128.135533713553855, 36.254418572554563 ], [ 128.135340871771518, 36.254277115010723 ], [ 128.131145277864164, 36.251429458355418 ], [ 128.131111535039679, 36.251413495213697 ], [ 128.131067946723448, 36.251409237307826 ], [ 128.131000052149773, 36.251412687750836 ], [ 128.130900850303533, 36.251424697516526 ], [ 128.130711525988147, 36.251450822709025 ], [ 128.130259817927822, 36.251537877046225 ], [ 128.1288506891037, 36.251861500181256 ], [ 128.127997734996939, 36.252148386736721 ], [ 128.126376160002081, 36.25239578525651 ], [ 128.121722181012387, 36.252792617147229 ], [ 128.120050103695348, 36.252810361039906 ], [ 128.119418975479704, 36.250510377936408 ], [ 128.119392564597632, 36.250400741298513 ], [ 128.119364285158042, 36.25026785547918 ], [ 128.119366400269968, 36.250080038274476 ], [ 128.119644506825495, 36.24860269818339 ], [ 128.119679648099606, 36.248503012177586 ], [ 128.119748920242273, 36.248392360601578 ], [ 128.120891125224659, 36.246074426627345 ], [ 128.11898604766381, 36.243198052621338 ], [ 128.118885433575599, 36.243071502653152 ], [ 128.118726971080719, 36.242984175863072 ], [ 128.118657175826314, 36.242951782900491 ], [ 128.117042131945851, 36.242329840582208 ], [ 128.116944725331223, 36.242296357514547 ], [ 128.116713665423447, 36.242236068198267 ], [ 128.116522545672041, 36.242219149547729 ], [ 128.116229376309207, 36.24220059889884 ], [ 128.115908613659741, 36.242179286626516 ], [ 128.115696506284451, 36.242136364241169 ], [ 128.115550573193502, 36.24206978442777 ], [ 128.114173754772793, 36.2412513887218 ], [ 128.11396498989086, 36.241100778491401 ], [ 128.113832500875702, 36.24097399107913 ], [ 128.11295630694687, 36.239876691302662 ], [ 128.112366861207761, 36.23899174984242 ], [ 128.112185106424562, 36.238709517156011 ], [ 128.112076377563369, 36.238550166822534 ], [ 128.111932805030108, 36.238463791487924 ], [ 128.109429149153783, 36.237294915919762 ], [ 128.108691078104783, 36.237146377377613 ], [ 128.108115337560207, 36.239024482315422 ], [ 128.1053013008829, 36.240844725481992 ], [ 128.105126073706288, 36.240922671293909 ], [ 128.104984699141283, 36.241016399366607 ], [ 128.102579180860431, 36.242978328740378 ], [ 128.102456677738189, 36.243093717498915 ], [ 128.102344830611855, 36.243206626428247 ], [ 128.1022243641562, 36.243329791316384 ], [ 128.100279429797325, 36.2466401248127 ], [ 128.099726591540247, 36.247757786990334 ], [ 128.099645725373023, 36.247948439379186 ], [ 128.099597525206008, 36.248073008132877 ], [ 128.099440779497712, 36.24913161972237 ], [ 128.098585787360207, 36.250083274551045 ], [ 128.096500501042215, 36.252280413708938 ], [ 128.096460477424642, 36.25229627576482 ], [ 128.092533399490293, 36.252119883188662 ], [ 128.09168876262035, 36.253212892042178 ], [ 128.091655625692198, 36.253252716566266 ], [ 128.091136520018665, 36.253876304539865 ], [ 128.090095839286874, 36.254031959760397 ], [ 128.087938766784816, 36.253223176452963 ], [ 128.08780900120118, 36.252971087666815 ], [ 128.087803066184335, 36.252843583815746 ], [ 128.087810361971009, 36.252689423968114 ], [ 128.087834451802394, 36.252505684038397 ], [ 128.087963974093213, 36.252146308605823 ], [ 128.088004512542284, 36.252044292797784 ], [ 128.088073119505765, 36.251967716638191 ], [ 128.088176601863267, 36.251881000612372 ], [ 128.088291179869941, 36.251783998329238 ], [ 128.08834630190583, 36.251686540999877 ], [ 128.088458435513758, 36.251014090856202 ], [ 128.088488045871884, 36.250828951448206 ], [ 128.088449001214286, 36.250644761020091 ], [ 128.088379821421825, 36.250457372274646 ], [ 128.088292860812857, 36.250303957195243 ], [ 128.088174186222972, 36.250123619261139 ], [ 128.087138302885705, 36.248842505449588 ], [ 128.086379314318634, 36.24829983214331 ], [ 128.084756891172418, 36.247344926177284 ], [ 128.084601247895733, 36.247274776028782 ], [ 128.08454794855416, 36.247255830012882 ], [ 128.082355127104847, 36.24657535964225 ], [ 128.079189289296096, 36.243957131433781 ], [ 128.078721946133726, 36.243438162935469 ], [ 128.078305180415128, 36.242704538395614 ], [ 128.078294349098599, 36.242653298316505 ], [ 128.078298272877419, 36.242552467811329 ], [ 128.078337199140748, 36.242471209206471 ], [ 128.076585388591525, 36.241627922271036 ], [ 128.075087948415757, 36.242254028189201 ], [ 128.071994427770505, 36.243110661339543 ], [ 128.070839542467922, 36.243208572294229 ], [ 128.070645008500378, 36.243221808252152 ], [ 128.069134222818008, 36.242946529649515 ], [ 128.067351915456385, 36.242849704907371 ], [ 128.066455405308915, 36.242916382413469 ], [ 128.062403797907848, 36.244297330370891 ], [ 128.060313806992269, 36.245401289561528 ], [ 128.060204316888843, 36.245431758845619 ], [ 128.05958296434909, 36.245395538070042 ], [ 128.05951942185294, 36.245385823629363 ], [ 128.059426521259155, 36.245361126644937 ], [ 128.058818149490662, 36.245190501156493 ], [ 128.058716380847926, 36.245147311091621 ], [ 128.05849840742323, 36.245029479200468 ], [ 128.057387605828097, 36.24438868422915 ], [ 128.057297746462098, 36.244297657394405 ], [ 128.057192708047324, 36.244147581496676 ], [ 128.057066060063335, 36.243809359089035 ], [ 128.057017662928786, 36.243674446492591 ], [ 128.056967437279525, 36.243598499805891 ], [ 128.056920111670223, 36.243563125337992 ], [ 128.056767799482714, 36.243563759463285 ], [ 128.052697852408642, 36.243990400409061 ], [ 128.050968780851775, 36.244190434996113 ], [ 128.050832085288846, 36.244215137525806 ], [ 128.050522971209944, 36.244302965375013 ], [ 128.050315210091668, 36.244376860763829 ], [ 128.050175697692396, 36.244445796281227 ], [ 128.049562472198801, 36.244864752688216 ], [ 128.047115244592561, 36.247433475666632 ], [ 128.04708024639325, 36.247496605911714 ], [ 128.046939028017306, 36.247852046406265 ], [ 128.046767385284738, 36.24832063438425 ], [ 128.046599722218616, 36.248974504640472 ], [ 128.046326541444415, 36.2497619109647 ], [ 128.04572999698857, 36.251122907646554 ], [ 128.04524538981596, 36.251951324038892 ], [ 128.044656469572033, 36.252681411393183 ], [ 128.045048944185027, 36.253165227737824 ], [ 128.048026141511485, 36.257139240047998 ], [ 128.042978310751664, 36.25872278229501 ], [ 128.03978365959415, 36.259171617734765 ], [ 128.036468199569185, 36.260318778231074 ], [ 128.032833116577677, 36.261876494297034 ], [ 128.030809143250565, 36.263643945145425 ], [ 128.02984870793216, 36.264744321122031 ], [ 128.027964155351697, 36.264760509920137 ], [ 128.026873004027379, 36.26580934960591 ], [ 128.026233728447068, 36.267867477480415 ], [ 128.025503471720725, 36.267939520169122 ], [ 128.022542963630656, 36.267688506151778 ], [ 128.020423370508354, 36.267127637480655 ], [ 128.015609349877934, 36.268036970040718 ], [ 128.015557492852906, 36.268180520881657 ], [ 128.015123033578476, 36.269383219999021 ], [ 128.011867214204301, 36.271437103192611 ], [ 128.010555418923559, 36.272572709228427 ], [ 128.01028232785157, 36.274001902531644 ], [ 128.011102198731209, 36.274993197370655 ], [ 128.011537043081006, 36.275898984520232 ], [ 128.011735888758466, 36.276724270710631 ], [ 128.011897684799891, 36.279180043824255 ], [ 128.012121391938678, 36.280156276596259 ], [ 128.012966356188684, 36.282204335377429 ], [ 128.014407443361137, 36.283130146122851 ], [ 128.017861206252462, 36.28534393266775 ], [ 128.020097468891635, 36.286390340782923 ], [ 128.020644118074216, 36.286661993086497 ], [ 128.02097960965159, 36.28699407007457 ], [ 128.0210542197932, 36.287306070837758 ], [ 128.021850263791492, 36.291110366847576 ], [ 128.021813325334819, 36.292418768578749 ], [ 128.021602220898103, 36.292791199463693 ], [ 128.020031423020669, 36.29529064764364 ], [ 128.019699288795351, 36.295631583246077 ], [ 128.01945580587352, 36.296223691809494 ], [ 128.019456320890384, 36.298542642782316 ], [ 128.018892022728579, 36.300718137018372 ], [ 128.018105988328642, 36.301866516042843 ], [ 128.01813925146368, 36.302063855535458 ], [ 128.020088062248789, 36.304410445920432 ], [ 128.022326746066256, 36.306988170382532 ], [ 128.022747836354796, 36.307817887504456 ], [ 128.023058308830912, 36.309154484579423 ], [ 128.023025200562984, 36.309589584691594 ], [ 128.022853419995329, 36.309923702625284 ], [ 128.02280379848159, 36.310020206425577 ], [ 128.022183656219369, 36.310361200303895 ], [ 128.021496984823273, 36.310460006706684 ], [ 128.016479583937212, 36.310110901168841 ], [ 128.015925730048906, 36.30978801017384 ], [ 128.015173240919722, 36.309247466367445 ], [ 128.014674082554706, 36.309178139826031 ], [ 128.014076016690836, 36.309294844054349 ], [ 128.013788091630801, 36.309519110317765 ], [ 128.01228359155968, 36.312247697242512 ], [ 128.012120126035342, 36.312654181877505 ], [ 128.012193442972773, 36.312809454014413 ], [ 128.012571296709638, 36.313081159552702 ], [ 128.013061930572206, 36.313355121462152 ], [ 128.01338340042895, 36.313697644930677 ], [ 128.013521315049445, 36.314620174149859 ], [ 128.013418159864244, 36.31628330279451 ], [ 128.013285228069776, 36.316498674476847 ], [ 128.012783027880005, 36.317102961924178 ], [ 128.012088868678433, 36.31870632291637 ], [ 128.013049447503761, 36.320578731661833 ], [ 128.01335978127085, 36.321063282526197 ], [ 128.014261194109679, 36.322080197820284 ], [ 128.014704497333014, 36.322463019764065 ], [ 128.017467631677903, 36.323748921753776 ], [ 128.019226017465883, 36.324436626418517 ], [ 128.020097774433935, 36.324580095679444 ], [ 128.021279843419535, 36.324777329959254 ], [ 128.022210763672149, 36.325124147130708 ], [ 128.02260979048711, 36.325483021258002 ], [ 128.024265123776956, 36.327193691726407 ], [ 128.024427748734325, 36.327468856618474 ], [ 128.024413066375416, 36.327791893653369 ], [ 128.024339608674012, 36.329227694344041 ], [ 128.024295388928692, 36.329586661639048 ], [ 128.024074067081756, 36.330711390783755 ], [ 128.024295996505515, 36.331716399462152 ], [ 128.024680379483499, 36.332350470091363 ], [ 128.025345501700258, 36.332948559742974 ], [ 128.025936723036665, 36.33342705255113 ], [ 128.026025450647012, 36.333630425580822 ], [ 128.025951988999964, 36.334982458105301 ], [ 128.025731019816419, 36.3372199471236 ], [ 128.025672012006112, 36.337554976204288 ], [ 128.025465262874462, 36.338009672471813 ], [ 128.025214369130907, 36.339074606474519 ], [ 128.025303405342385, 36.340271056276187 ], [ 128.025584516009332, 36.341335879612686 ], [ 128.026057936541349, 36.342986921137992 ], [ 128.026361336644072, 36.343513950981254 ], [ 128.027580811910212, 36.344729122080921 ], [ 128.027964672763005, 36.344920958422129 ], [ 128.028517781763156, 36.34488426793159 ], [ 128.02926281669022, 36.344957206715293 ], [ 128.029940170881133, 36.345121549701126 ], [ 128.030662755559632, 36.345569153574388 ], [ 128.031520921429859, 36.346245201907308 ], [ 128.031770436095684, 36.346521096095493 ], [ 128.034343330219315, 36.350350913392681 ], [ 128.03508784862737, 36.350191948034954 ], [ 128.036582708115844, 36.349550960061677 ], [ 128.037368496258779, 36.349179569669801 ], [ 128.037663140995704, 36.3489839637271 ], [ 128.038178701973948, 36.348499968121622 ], [ 128.038751630165791, 36.348131950413595 ], [ 128.041133477736082, 36.346977921161248 ], [ 128.041591858565795, 36.346831960390681 ], [ 128.043343862713016, 36.346788287638006 ], [ 128.043597627511105, 36.346755056205993 ], [ 128.043925025124281, 36.346595867222618 ], [ 128.045830686543354, 36.34329117867604 ], [ 128.045974788019464, 36.341762731044675 ] ] ] ] } },
{ "type": "Feature", "properties": { "OBJECTID": 2925, "adm_nm": "경상북도 상주시 외남면", "adm_cd": "3708036", "adm_cd2": "4725036000", "sgg": "47250", "sido": "47", "sidonm": "경상북도", "sggnm": "상주시" }, "geometry": { "type": "MultiPolygon", "coordinates": [ [ [ [ 128.111143990770131, 36.390213149419438 ], [ 128.112248004177331, 36.390263194106282 ], [ 128.11400310110912, 36.390034291436088 ], [ 128.114288342027663, 36.38999707231482 ], [ 128.116042809666766, 36.389632149554586 ], [ 128.117592988546988, 36.389135301363332 ], [ 128.118336149330702, 36.388740875644409 ], [ 128.119223606244219, 36.387845771087363 ], [ 128.120079110485079, 36.386821179047828 ], [ 128.120445666955646, 36.386325456152264 ], [ 128.12052559488319, 36.385202566943711 ], [ 128.119991132540719, 36.382627245493374 ], [ 128.119785875372884, 36.381834872157384 ], [ 128.118951447858421, 36.380193360000895 ], [ 128.118421286765681, 36.379461996066865 ], [ 128.118177222134307, 36.379140411873074 ], [ 128.117475293083658, 36.378461214458127 ], [ 128.117348188437973, 36.377287624924747 ], [ 128.117865974838537, 36.375050811578632 ], [ 128.119890475865418, 36.371670023121631 ], [ 128.119793618656701, 36.370620377135523 ], [ 128.118657337563633, 36.370504407886216 ], [ 128.11849318042573, 36.370407328137766 ], [ 128.117232392287235, 36.369587226087376 ], [ 128.116829908037204, 36.369186945190755 ], [ 128.116545659070539, 36.368833062701292 ], [ 128.115826182688437, 36.367841499991286 ], [ 128.11590225815786, 36.367555580068036 ], [ 128.115904564368748, 36.366688022290838 ], [ 128.115737818032585, 36.365299134501505 ], [ 128.115535142359761, 36.364481018317079 ], [ 128.115428908556737, 36.36424432778221 ], [ 128.115159377843099, 36.363890322508681 ], [ 128.114252515043859, 36.363150068032795 ], [ 128.112363962752937, 36.362317899299512 ], [ 128.111148180413267, 36.362869958587538 ], [ 128.108202242318043, 36.362186283614513 ], [ 128.106195575714025, 36.358649437353343 ], [ 128.104386004385105, 36.35744209069005 ], [ 128.104193191297185, 36.357313147903966 ], [ 128.102540102717796, 36.355735913864237 ], [ 128.10249520431455, 36.355676907317637 ], [ 128.102508055349517, 36.355546071693126 ], [ 128.102929410949798, 36.354299334817817 ], [ 128.103653607448393, 36.353048682181864 ], [ 128.103978918466964, 36.352510476081825 ], [ 128.102864110835242, 36.351127235928786 ], [ 128.102727765772357, 36.350969420959906 ], [ 128.102187311709713, 36.350247027260778 ], [ 128.101855143398325, 36.349243759918586 ], [ 128.101683203231971, 36.348364304655028 ], [ 128.101663708578513, 36.347957180382892 ], [ 128.101796188696341, 36.347665151470054 ], [ 128.101957161491924, 36.347396139105001 ], [ 128.102525926037856, 36.346953935986399 ], [ 128.103644768212916, 36.346276970861318 ], [ 128.103938597531879, 36.346027063218003 ], [ 128.104232306468703, 36.345777250118942 ], [ 128.104239302713211, 36.345750568304332 ], [ 128.104270191792864, 36.345631150883435 ], [ 128.104153146797358, 36.345334933774261 ], [ 128.103527366139048, 36.344624674016607 ], [ 128.103047833282574, 36.343725069757141 ], [ 128.102760620351575, 36.343186226978872 ], [ 128.102068976920435, 36.341477380488982 ], [ 128.100835876016276, 36.337514395447968 ], [ 128.100240846284066, 36.335478359987 ], [ 128.100197012379084, 36.334885313667513 ], [ 128.100121123856354, 36.334510343137836 ], [ 128.099732140291167, 36.333538192559161 ], [ 128.099311274874452, 36.332919306006609 ], [ 128.098782551343845, 36.332178391760422 ], [ 128.098027648653357, 36.331442012053429 ], [ 128.097208382992534, 36.33090192359132 ], [ 128.093101259690542, 36.328070579397938 ], [ 128.090651119538137, 36.325995054176587 ], [ 128.088348821732581, 36.326584066830442 ], [ 128.08506186743881, 36.326105269827607 ], [ 128.082104322237825, 36.327129357301693 ], [ 128.081211252704179, 36.327368873168837 ], [ 128.078056248247321, 36.327722678568279 ], [ 128.073786569971844, 36.328043891000668 ], [ 128.070805559600586, 36.32760995917549 ], [ 128.070630798299305, 36.32758451671063 ], [ 128.07017986185113, 36.327392319253157 ], [ 128.069622088549863, 36.326848427007576 ], [ 128.066449626112586, 36.325947629624622 ], [ 128.06524508235205, 36.326190507097181 ], [ 128.062606298073547, 36.32644739477859 ], [ 128.061606368962714, 36.326351682817986 ], [ 128.060524442445256, 36.326206203820064 ], [ 128.059655464984871, 36.325878116147422 ], [ 128.059056806292631, 36.325360768725481 ], [ 128.058646418161544, 36.324501504009739 ], [ 128.058539361503477, 36.323804720233888 ], [ 128.058424519306158, 36.323638849211925 ], [ 128.056244912548664, 36.324147582345574 ], [ 128.054974900530993, 36.324539720469879 ], [ 128.053901638022438, 36.325018020686208 ], [ 128.053471434926536, 36.325254177620685 ], [ 128.053115157279336, 36.325449763648038 ], [ 128.052828488875463, 36.325708706438967 ], [ 128.052133399437338, 36.328091544083804 ], [ 128.052125990052076, 36.329299404305935 ], [ 128.049947107013679, 36.334619301825647 ], [ 128.049627187715743, 36.335329932526307 ], [ 128.049167840276851, 36.335826334809809 ], [ 128.048722200166736, 36.335967478073044 ], [ 128.04795609669091, 36.335933947311965 ], [ 128.046271205886228, 36.336752228222515 ], [ 128.045268613890897, 36.337260085646584 ], [ 128.044906602057381, 36.337508335316109 ], [ 128.04368137371506, 36.338489954575252 ], [ 128.045368295399356, 36.341162183420963 ], [ 128.045974788019464, 36.341762731044675 ], [ 128.048494423146821, 36.342206974574331 ], [ 128.048653723815391, 36.342286251437827 ], [ 128.04898469004749, 36.342662964929389 ], [ 128.049413932235893, 36.343485922167133 ], [ 128.050063743711576, 36.344412927853327 ], [ 128.050946327685864, 36.345374545717 ], [ 128.051436576696005, 36.345766073559311 ], [ 128.054144641991172, 36.346950031167651 ], [ 128.054340653131959, 36.3469697778987 ], [ 128.055112297273268, 36.346800856262369 ], [ 128.055871789180287, 36.346770762200165 ], [ 128.056606872542318, 36.346859682410972 ], [ 128.057587017071796, 36.347042688819222 ], [ 128.057893326198098, 36.347111956192713 ], [ 128.058175208869159, 36.347310209569095 ], [ 128.057489904674924, 36.34829231330513 ], [ 128.056706400853017, 36.349021604923912 ], [ 128.056473789419783, 36.349229977838846 ], [ 128.056253426077234, 36.349448263292757 ], [ 128.056192435792013, 36.349835059673303 ], [ 128.056352824723405, 36.351426711204141 ], [ 128.056537350412412, 36.352512564336749 ], [ 128.056598935085816, 36.352973703172175 ], [ 128.056574652117519, 36.3532910496874 ], [ 128.055781596478937, 36.357982310796963 ], [ 128.055146137539225, 36.360387531058372 ], [ 128.054608325794078, 36.362277004486572 ], [ 128.054180495809277, 36.363799484336042 ], [ 128.053923827641682, 36.364756624766478 ], [ 128.05394856909993, 36.365093799146962 ], [ 128.054331428249952, 36.369571275942796 ], [ 128.054515575750372, 36.370076958152289 ], [ 128.055226910629841, 36.370959298017489 ], [ 128.055557955469567, 36.37123185169775 ], [ 128.056072709293261, 36.371360572931167 ], [ 128.056464814571768, 36.37131077431426 ], [ 128.056808003004278, 36.37141972126696 ], [ 128.056881589610612, 36.371508936730329 ], [ 128.057006907556968, 36.375401401988341 ], [ 128.056945837504486, 36.375708876849728 ], [ 128.056639733687035, 36.376085872531895 ], [ 128.05781967952214, 36.379084310969681 ], [ 128.058815115641949, 36.380350659911258 ], [ 128.059017937393634, 36.38067844360571 ], [ 128.05904436820262, 36.380830750512196 ], [ 128.059078060302483, 36.38102492536153 ], [ 128.059060364235023, 36.382023472149129 ], [ 128.059106679708293, 36.382388595229067 ], [ 128.059199976522876, 36.382607780539061 ], [ 128.059503122685811, 36.383014362741925 ], [ 128.059952902841133, 36.383208068828885 ], [ 128.065140060963358, 36.38490781652812 ], [ 128.069215565939402, 36.386664003554799 ], [ 128.072086696478607, 36.388088504782964 ], [ 128.072343503076553, 36.38829063904749 ], [ 128.072759672818165, 36.388568076430197 ], [ 128.073230054859209, 36.388816252011765 ], [ 128.07393529392445, 36.388801225854309 ], [ 128.074368215545746, 36.388640179463771 ], [ 128.07462104499001, 36.38852309979729 ], [ 128.074982702391566, 36.38834423733838 ], [ 128.075396270198922, 36.388123983667441 ], [ 128.075620825786274, 36.388056872432124 ], [ 128.077949712312517, 36.387998014522658 ], [ 128.078469931566815, 36.388035928629108 ], [ 128.078907506544056, 36.388188707298553 ], [ 128.079297862050453, 36.388408466570709 ], [ 128.079558142042828, 36.388609172829142 ], [ 128.079877667001199, 36.388924640425053 ], [ 128.080220819720012, 36.389240107760287 ], [ 128.08046922094772, 36.389354728376169 ], [ 128.080881034072462, 36.38949022375531 ], [ 128.081474363135555, 36.389602768544954 ], [ 128.082041879649012, 36.389650229099324 ], [ 128.082751207691643, 36.389621040153727 ], [ 128.083424963662196, 36.389496223261297 ], [ 128.084547843422513, 36.389275432777161 ], [ 128.087347077947243, 36.388701425904109 ], [ 128.092203767910291, 36.387458379192211 ], [ 128.093167772363444, 36.386836346603722 ], [ 128.094210221026657, 36.385991216743903 ], [ 128.094623141618314, 36.385544824411255 ], [ 128.0984028770051, 36.385302845732546 ], [ 128.098796916496866, 36.385525557276601 ], [ 128.101003707726221, 36.386925648065862 ], [ 128.102225462055173, 36.387768968948585 ], [ 128.103376941727561, 36.388603136397371 ], [ 128.104531262239504, 36.389487516284134 ], [ 128.105477171664631, 36.390123933362588 ], [ 128.106738108132276, 36.390760057382614 ], [ 128.107939178913995, 36.390790867434283 ], [ 128.108529713982676, 36.390678827689058 ], [ 128.10936367467275, 36.390327201262593 ], [ 128.111143990770131, 36.390213149419438 ] ] ] ] } },
{ "type": "Feature", "properties": { "OBJECTID": 2926, "adm_nm": "경상북도 상주시 내서면", "adm_cd": "3708037", "adm_cd2": "4725037000", "sgg": "47250", "sido": "47", "sidonm": "경상북도", "sggnm": "상주시" }, "geometry": { "type": "MultiPolygon", "coordinates": [ [ [ [ 128.096638101019778, 36.440065488781656 ], [ 128.097013460719012, 36.438887522912651 ], [ 128.096344996490927, 36.437810086956723 ], [ 128.095411141639715, 36.436605429410854 ], [ 128.09396745696796, 36.435822188589064 ], [ 128.093286998814108, 36.433883526182825 ], [ 128.093227105911552, 36.433698851947121 ], [ 128.092941754877529, 36.43214557314073 ], [ 128.092969003858855, 36.431635956605973 ], [ 128.093250007352282, 36.42960517277313 ], [ 128.097941856731353, 36.425848393444511 ], [ 128.10011867047578, 36.42417987985452 ], [ 128.10246591380249, 36.421602154303827 ], [ 128.1053465789835, 36.417861787375088 ], [ 128.105402283937735, 36.417750150562966 ], [ 128.105373364311191, 36.417423786881059 ], [ 128.105293206548083, 36.416519396138959 ], [ 128.105255164830396, 36.416260433607079 ], [ 128.104827446390885, 36.414375078084333 ], [ 128.104046544001847, 36.414252636363827 ], [ 128.103794235309124, 36.414236446412374 ], [ 128.102352594237061, 36.413573674638307 ], [ 128.102190756146257, 36.413473277555219 ], [ 128.101946768614511, 36.413234746515485 ], [ 128.101714113722039, 36.412986836169459 ], [ 128.101445381780195, 36.412618849164282 ], [ 128.101267796096693, 36.41221299325742 ], [ 128.101099185090618, 36.411631085915111 ], [ 128.100626136372455, 36.408958932665428 ], [ 128.100597743135751, 36.408570216522989 ], [ 128.100641223845145, 36.408403113336149 ], [ 128.101685181574936, 36.406059641858427 ], [ 128.102069546747117, 36.406134698865124 ], [ 128.104040385576923, 36.406519533108622 ], [ 128.10697045134421, 36.405501472922161 ], [ 128.111235194107934, 36.403276253216355 ], [ 128.115497445796876, 36.398485543020108 ], [ 128.115460044399043, 36.395864921059456 ], [ 128.115077433720217, 36.395544342934777 ], [ 128.11412910193485, 36.39491414858194 ], [ 128.113794688607186, 36.394759835360759 ], [ 128.113275435371889, 36.394496090200796 ], [ 128.112494448460552, 36.393549443618717 ], [ 128.112189412244533, 36.393042907395653 ], [ 128.111645689654836, 36.391862511358127 ], [ 128.111143990770131, 36.390213149419438 ], [ 128.10936367467275, 36.390327201262593 ], [ 128.108529713982676, 36.390678827689058 ], [ 128.107939178913995, 36.390790867434283 ], [ 128.106738108132276, 36.390760057382614 ], [ 128.105477171664631, 36.390123933362588 ], [ 128.104531262239504, 36.389487516284134 ], [ 128.103376941727561, 36.388603136397371 ], [ 128.102225462055173, 36.387768968948585 ], [ 128.101003707726221, 36.386925648065862 ], [ 128.098796916496866, 36.385525557276601 ], [ 128.0984028770051, 36.385302845732546 ], [ 128.094623141618314, 36.385544824411255 ], [ 128.094210221026657, 36.385991216743903 ], [ 128.093167772363444, 36.386836346603722 ], [ 128.092203767910291, 36.387458379192211 ], [ 128.087347077947243, 36.388701425904109 ], [ 128.084547843422513, 36.389275432777161 ], [ 128.083424963662196, 36.389496223261297 ], [ 128.082751207691643, 36.389621040153727 ], [ 128.082041879649012, 36.389650229099324 ], [ 128.081474363135555, 36.389602768544954 ], [ 128.080881034072462, 36.38949022375531 ], [ 128.08046922094772, 36.389354728376169 ], [ 128.080220819720012, 36.389240107760287 ], [ 128.079877667001199, 36.388924640425053 ], [ 128.079558142042828, 36.388609172829142 ], [ 128.079297862050453, 36.388408466570709 ], [ 128.078907506544056, 36.388188707298553 ], [ 128.078469931566815, 36.388035928629108 ], [ 128.077949712312517, 36.387998014522658 ], [ 128.075620825786274, 36.388056872432124 ], [ 128.075396270198922, 36.388123983667441 ], [ 128.074982702391566, 36.38834423733838 ], [ 128.07462104499001, 36.38852309979729 ], [ 128.074368215545746, 36.388640179463771 ], [ 128.07393529392445, 36.388801225854309 ], [ 128.073230054859209, 36.388816252011765 ], [ 128.072759672818165, 36.388568076430197 ], [ 128.072343503076553, 36.38829063904749 ], [ 128.072086696478607, 36.388088504782964 ], [ 128.069215565939402, 36.386664003554799 ], [ 128.065140060963358, 36.38490781652812 ], [ 128.059952902841133, 36.383208068828885 ], [ 128.059503122685811, 36.383014362741925 ], [ 128.059199976522876, 36.382607780539061 ], [ 128.059106679708293, 36.382388595229067 ], [ 128.059060364235023, 36.382023472149129 ], [ 128.059078060302483, 36.38102492536153 ], [ 128.05904436820262, 36.380830750512196 ], [ 128.059017937393634, 36.38067844360571 ], [ 128.058815115641949, 36.380350659911258 ], [ 128.05781967952214, 36.379084310969681 ], [ 128.056639733687035, 36.376085872531895 ], [ 128.056945837504486, 36.375708876849728 ], [ 128.057006907556968, 36.375401401988341 ], [ 128.056881589610612, 36.371508936730329 ], [ 128.056808003004278, 36.37141972126696 ], [ 128.056464814571768, 36.37131077431426 ], [ 128.056072709293261, 36.371360572931167 ], [ 128.055557955469567, 36.37123185169775 ], [ 128.055226910629841, 36.370959298017489 ], [ 128.054515575750372, 36.370076958152289 ], [ 128.054331428249952, 36.369571275942796 ], [ 128.05394856909993, 36.365093799146962 ], [ 128.053923827641682, 36.364756624766478 ], [ 128.054180495809277, 36.363799484336042 ], [ 128.054608325794078, 36.362277004486572 ], [ 128.055146137539225, 36.360387531058372 ], [ 128.055781596478937, 36.357982310796963 ], [ 128.056574652117519, 36.3532910496874 ], [ 128.056598935085816, 36.352973703172175 ], [ 128.056537350412412, 36.352512564336749 ], [ 128.056352824723405, 36.351426711204141 ], [ 128.056192435792013, 36.349835059673303 ], [ 128.056253426077234, 36.349448263292757 ], [ 128.056473789419783, 36.349229977838846 ], [ 128.056706400853017, 36.349021604923912 ], [ 128.057489904674924, 36.34829231330513 ], [ 128.058175208869159, 36.347310209569095 ], [ 128.057893326198098, 36.347111956192713 ], [ 128.057587017071796, 36.347042688819222 ], [ 128.056606872542318, 36.346859682410972 ], [ 128.055871789180287, 36.346770762200165 ], [ 128.055112297273268, 36.346800856262369 ], [ 128.054340653131959, 36.3469697778987 ], [ 128.054144641991172, 36.346950031167651 ], [ 128.051436576696005, 36.345766073559311 ], [ 128.050946327685864, 36.345374545717 ], [ 128.050063743711576, 36.344412927853327 ], [ 128.049413932235893, 36.343485922167133 ], [ 128.04898469004749, 36.342662964929389 ], [ 128.048653723815391, 36.342286251437827 ], [ 128.048494423146821, 36.342206974574331 ], [ 128.045974788019464, 36.341762731044675 ], [ 128.045830686543354, 36.34329117867604 ], [ 128.043925025124281, 36.346595867222618 ], [ 128.043597627511105, 36.346755056205993 ], [ 128.043343862713016, 36.346788287638006 ], [ 128.041591858565795, 36.346831960390681 ], [ 128.041133477736082, 36.346977921161248 ], [ 128.038751630165791, 36.348131950413595 ], [ 128.038178701973948, 36.348499968121622 ], [ 128.037663140995704, 36.3489839637271 ], [ 128.037368496258779, 36.349179569669801 ], [ 128.036582708115844, 36.349550960061677 ], [ 128.03508784862737, 36.350191948034954 ], [ 128.034343330219315, 36.350350913392681 ], [ 128.033634137087802, 36.351892297780921 ], [ 128.033555363700174, 36.352477189574941 ], [ 128.033308048491051, 36.355063479411484 ], [ 128.033173208442037, 36.35663077539337 ], [ 128.033117037583452, 36.357316195154816 ], [ 128.033264101248051, 36.358051802086194 ], [ 128.033230469475996, 36.358618411467532 ], [ 128.032970975474711, 36.359066274847997 ], [ 128.03198910503005, 36.36000322951061 ], [ 128.02996873760344, 36.361621265807614 ], [ 128.029607516651026, 36.361817811268061 ], [ 128.028986591404703, 36.361955033023179 ], [ 128.027857521930258, 36.361891328276414 ], [ 128.026389698801296, 36.361695169296439 ], [ 128.025746108508173, 36.361549075007424 ], [ 128.024707366816273, 36.361467051218263 ], [ 128.023804187706787, 36.361649994639507 ], [ 128.023284891036468, 36.361887687166409 ], [ 128.022980139797738, 36.362203015759896 ], [ 128.019458387244555, 36.366110337370671 ], [ 128.019063325621147, 36.366667850025465 ], [ 128.018950509788823, 36.367042559861019 ], [ 128.018284839727102, 36.369436948436096 ], [ 128.018081795782194, 36.370369119685343 ], [ 128.018240161032367, 36.37174902282451 ], [ 128.018500064672537, 36.372562315837307 ], [ 128.01878242701622, 36.372891244563654 ], [ 128.019358450600805, 36.373393790742263 ], [ 128.019335906176593, 36.373640523985223 ], [ 128.016348950227552, 36.378790947438674 ], [ 128.015795822389236, 36.379250171020729 ], [ 128.015010685038959, 36.379567973901736 ], [ 128.014916422756471, 36.379606128056942 ], [ 128.013774561897719, 36.379830087473003 ], [ 128.010696401383427, 36.37961226785049 ], [ 128.010419781488281, 36.379480287449852 ], [ 128.010178614830181, 36.379285144604921 ], [ 128.009767228019115, 36.379032658641563 ], [ 128.007494686405977, 36.379842108656916 ], [ 128.007114730305545, 36.379985552186561 ], [ 128.006490602754525, 36.38023812756574 ], [ 128.005909028630754, 36.380582514844548 ], [ 128.005653705901551, 36.38092690707402 ], [ 128.005611176537286, 36.381156494909774 ], [ 128.005568655029805, 36.381891139367866 ], [ 128.005355928489024, 36.382912775423499 ], [ 128.004916203581303, 36.383739281549232 ], [ 128.001866251380022, 36.386356838645945 ], [ 128.001795368442544, 36.386804203049557 ], [ 128.002235146314462, 36.387619219009842 ], [ 128.003682229476937, 36.39011013810866 ], [ 128.00602330739315, 36.394070328134788 ], [ 128.005824710358922, 36.394644265711939 ], [ 128.005938218316743, 36.39483939679738 ], [ 128.00610849811099, 36.395091939691582 ], [ 128.006661864763743, 36.395849537889212 ], [ 128.007797009793393, 36.397330267253572 ], [ 128.008319622433561, 36.397644632259194 ], [ 128.0087618570698, 36.397743471109223 ], [ 128.009996225424658, 36.397708937750259 ], [ 128.011571111130422, 36.397594031339125 ], [ 128.011982546988776, 36.397387368235336 ], [ 128.012308831104264, 36.397042987118624 ], [ 128.012564133913628, 36.396526395053705 ], [ 128.013024741057933, 36.395913525080502 ], [ 128.01350043688447, 36.395745738388229 ], [ 128.013993306075662, 36.395737371698345 ], [ 128.015359052487383, 36.395757020298589 ], [ 128.016522459469456, 36.395814268292931 ], [ 128.016962335967349, 36.395997886126068 ], [ 128.019488336203125, 36.398396623231029 ], [ 128.019757979497967, 36.398695030745763 ], [ 128.019758041418072, 36.398959051444351 ], [ 128.019687203095685, 36.399395274064915 ], [ 128.01903468724845, 36.40008409668814 ], [ 128.01866589621838, 36.400600693831727 ], [ 128.018595096519647, 36.401277987260293 ], [ 128.018850603257164, 36.401760051345839 ], [ 128.019077726252675, 36.402184732777407 ], [ 128.019517687490776, 36.402643821445857 ], [ 128.020156343894456, 36.403237767412158 ], [ 128.020532441038739, 36.403610551752259 ], [ 128.020694992954645, 36.403788368012968 ], [ 128.02078099014301, 36.403884651558876 ], [ 128.021007304231375, 36.404138044305292 ], [ 128.021511827918829, 36.404779117979636 ], [ 128.021463897786475, 36.405206545093421 ], [ 128.021223778019561, 36.405439744282845 ], [ 128.020647436332467, 36.405672998386578 ], [ 128.019903011190138, 36.406119971564067 ], [ 128.019542858081877, 36.406586324912027 ], [ 128.019362817980976, 36.40708435869157 ], [ 128.019098848999789, 36.407994996801136 ], [ 128.01909893902598, 36.408383551387871 ], [ 128.019339153338734, 36.408538945338826 ], [ 128.019819527219028, 36.40861658678822 ], [ 128.020203830547729, 36.408655409706348 ], [ 128.020347982036213, 36.408830226808597 ], [ 128.020132099200111, 36.409976578336078 ], [ 128.020060124160437, 36.410345742083216 ], [ 128.017671399697292, 36.415679307350082 ], [ 128.015702109106996, 36.417700168454317 ], [ 128.013214277780918, 36.420159251385478 ], [ 128.012927618884902, 36.420594222516598 ], [ 128.012638997715698, 36.422329074218581 ], [ 128.012532188325707, 36.423548607516139 ], [ 128.012292047532384, 36.424170363242077 ], [ 128.011019000828242, 36.425452773241766 ], [ 128.010250336570408, 36.426074563368893 ], [ 128.009673841317209, 36.426715728711834 ], [ 128.00916607077346, 36.427413990702171 ], [ 128.00810052644664, 36.429465016367068 ], [ 128.007896059084203, 36.430145006900375 ], [ 128.00788437215175, 36.430183920195546 ], [ 128.007812332078259, 36.430669620626134 ], [ 128.006082673758527, 36.432826314524391 ], [ 128.004785355331222, 36.434011512263652 ], [ 128.004112633285246, 36.434361257213958 ], [ 128.003680173507973, 36.434302966526175 ], [ 128.003319784554805, 36.434147550969357 ], [ 128.002815235465562, 36.433739557263266 ], [ 128.00058087311038, 36.432136673910044 ], [ 127.998759309441638, 36.430883188523651 ], [ 127.998277895722907, 36.4305946380968 ], [ 127.996156464143809, 36.430675258191229 ], [ 127.996034706067917, 36.430703470509627 ], [ 127.995944997898903, 36.430755415497536 ], [ 127.995858486399698, 36.430805513451418 ], [ 127.995730312262936, 36.430915345014888 ], [ 127.995606260933585, 36.431052348246737 ], [ 127.995497497255357, 36.431224553534108 ], [ 127.995440243257619, 36.431377312869884 ], [ 127.995009713400819, 36.432726830169791 ], [ 127.994664243534814, 36.433786806733579 ], [ 127.994566579668344, 36.433964329161917 ], [ 127.994338145390842, 36.434327850804429 ], [ 127.994108755410195, 36.434626121313606 ], [ 127.993853160472113, 36.434889305382406 ], [ 127.993692095555687, 36.435026644483038 ], [ 127.993588106844086, 36.435085646129522 ], [ 127.994395596026862, 36.436771748145581 ], [ 127.995878495183121, 36.440477982122282 ], [ 127.995985466234799, 36.440794009271038 ], [ 127.99614598684785, 36.441102760286817 ], [ 127.996363951670105, 36.441375504518277 ], [ 127.997621729853222, 36.442873674941737 ], [ 127.998115539031531, 36.44338404517984 ], [ 127.998909216367863, 36.443666547851308 ], [ 128.000709772456361, 36.443967365935265 ], [ 128.006022859457573, 36.447385927236795 ], [ 128.006523600824835, 36.447948181601681 ], [ 128.007066189484107, 36.449927379853904 ], [ 128.00783159139246, 36.45481911955374 ], [ 128.007929028785213, 36.455707508761037 ], [ 128.007915176726243, 36.456460967432314 ], [ 128.007755930991038, 36.456913874621826 ], [ 128.007456225195767, 36.457563058031496 ], [ 128.006816398021556, 36.458350249505372 ], [ 128.006635576165422, 36.458552686022955 ], [ 128.005971414934493, 36.459295309740767 ], [ 128.008299235195665, 36.459276231672924 ], [ 128.010241794933648, 36.459260293781405 ], [ 128.013181951854449, 36.460519074253959 ], [ 128.018728686311078, 36.464380573268599 ], [ 128.022361883519665, 36.467048616826901 ], [ 128.02503626753068, 36.469209344496733 ], [ 128.025114262620036, 36.469229239392234 ], [ 128.025352823342928, 36.469290084611536 ], [ 128.025802566552841, 36.469101470195305 ], [ 128.026218940339078, 36.468751278924145 ], [ 128.028266993863383, 36.465842270774594 ], [ 128.028466759353421, 36.465424788335113 ], [ 128.028449743081296, 36.464414873595047 ], [ 128.02856618454706, 36.46394355093738 ], [ 128.029315481441586, 36.463041192698064 ], [ 128.03108069689813, 36.461653819574458 ], [ 128.0314470939459, 36.461465214824024 ], [ 128.033678936001053, 36.460818271287089 ], [ 128.035294697012603, 36.46080437525714 ], [ 128.035677840300707, 36.460858127273973 ], [ 128.036544262771486, 36.461383032408712 ], [ 128.038040340030165, 36.461440445569529 ], [ 128.038891773190272, 36.461311112793403 ], [ 128.040048596868303, 36.460848459960914 ], [ 128.041045817963493, 36.460396596645829 ], [ 128.042009673310446, 36.459778089411905 ], [ 128.042714345289369, 36.459444565724986 ], [ 128.043286108993868, 36.459250857281376 ], [ 128.044017522789204, 36.459175342528304 ], [ 128.044496352676816, 36.459304182281443 ], [ 128.044815677397963, 36.459562074156395 ], [ 128.045015543110964, 36.460239321127425 ], [ 128.044942874042334, 36.461094035518343 ], [ 128.045129194573946, 36.461341247604032 ], [ 128.045967189240059, 36.461566714259355 ], [ 128.04726381452619, 36.461474836547801 ], [ 128.049072238131373, 36.460968845372129 ], [ 128.051986858084803, 36.459695112167473 ], [ 128.05319825200371, 36.459111726016737 ], [ 128.054464277302174, 36.458856649922645 ], [ 128.056150152467239, 36.458937975851434 ], [ 128.056759616680807, 36.459101892613553 ], [ 128.058141198128908, 36.459692357424331 ], [ 128.058933426347068, 36.459806906862418 ], [ 128.062467957344722, 36.46024850139154 ], [ 128.064894283734986, 36.460235171800441 ], [ 128.066500637533863, 36.460023968012038 ], [ 128.067782487409033, 36.459724625103377 ], [ 128.068977120040586, 36.459126691528475 ], [ 128.070215170426764, 36.458458429811458 ], [ 128.0707667917072, 36.458249328046008 ], [ 128.073854171357254, 36.457621881058984 ], [ 128.075961740708408, 36.457409769257993 ], [ 128.076434507161395, 36.457180014810774 ], [ 128.07654573065841, 36.457104754897991 ], [ 128.077134468028589, 36.456706374892626 ], [ 128.07772044582245, 36.455968196637038 ], [ 128.078067231956595, 36.455072076163908 ], [ 128.078033641870121, 36.454062013317866 ], [ 128.0781634228359, 36.453464665664292 ], [ 128.078380350771027, 36.45309560656414 ], [ 128.078640894278209, 36.452902198158952 ], [ 128.07953148466882, 36.452620556966068 ], [ 128.080465640857881, 36.452461833962829 ], [ 128.08283362566948, 36.452091347043002 ], [ 128.084050469572844, 36.452143219508102 ], [ 128.085049924265746, 36.452089818213793 ], [ 128.085766808797104, 36.451966354336264 ], [ 128.086040751586154, 36.451783071898362 ], [ 128.086266189550173, 36.451632239008156 ], [ 128.086786701440701, 36.450753512408376 ], [ 128.086936495058211, 36.450087137081852 ], [ 128.086828568041426, 36.449295459119995 ], [ 128.087131982716869, 36.448592566880805 ], [ 128.089127751624829, 36.445815558383067 ], [ 128.093315958840748, 36.441561244005236 ], [ 128.094618519889679, 36.440769751353436 ], [ 128.095660845194288, 36.440364882577306 ], [ 128.096638101019778, 36.440065488781656 ] ] ] ] } },
{ "type": "Feature", "properties": { "OBJECTID": 2927, "adm_nm": "경상북도 상주시 모동면", "adm_cd": "3708038", "adm_cd2": "4725038000", "sgg": "47250", "sido": "47", "sidonm": "경상북도", "sggnm": "상주시" }, "geometry": { "type": "MultiPolygon", "coordinates": [ [ [ [ 128.031770436095684, 36.346521096095493 ], [ 128.031520921429859, 36.346245201907308 ], [ 128.030662755559632, 36.345569153574388 ], [ 128.029940170881133, 36.345121549701126 ], [ 128.02926281669022, 36.344957206715293 ], [ 128.028517781763156, 36.34488426793159 ], [ 128.027964672763005, 36.344920958422129 ], [ 128.027580811910212, 36.344729122080921 ], [ 128.026361336644072, 36.343513950981254 ], [ 128.026057936541349, 36.342986921137992 ], [ 128.025584516009332, 36.341335879612686 ], [ 128.025303405342385, 36.340271056276187 ], [ 128.025214369130907, 36.339074606474519 ], [ 128.025465262874462, 36.338009672471813 ], [ 128.025672012006112, 36.337554976204288 ], [ 128.025731019816419, 36.3372199471236 ], [ 128.025951988999964, 36.334982458105301 ], [ 128.026025450647012, 36.333630425580822 ], [ 128.025936723036665, 36.33342705255113 ], [ 128.025345501700258, 36.332948559742974 ], [ 128.024680379483499, 36.332350470091363 ], [ 128.024295996505515, 36.331716399462152 ], [ 128.024074067081756, 36.330711390783755 ], [ 128.024295388928692, 36.329586661639048 ], [ 128.024339608674012, 36.329227694344041 ], [ 128.024413066375416, 36.327791893653369 ], [ 128.024427748734325, 36.327468856618474 ], [ 128.024265123776956, 36.327193691726407 ], [ 128.02260979048711, 36.325483021258002 ], [ 128.022210763672149, 36.325124147130708 ], [ 128.021279843419535, 36.324777329959254 ], [ 128.020097774433935, 36.324580095679444 ], [ 128.019226017465883, 36.324436626418517 ], [ 128.017467631677903, 36.323748921753776 ], [ 128.014704497333014, 36.322463019764065 ], [ 128.014261194109679, 36.322080197820284 ], [ 128.01335978127085, 36.321063282526197 ], [ 128.013049447503761, 36.320578731661833 ], [ 128.012088868678433, 36.31870632291637 ], [ 128.012783027880005, 36.317102961924178 ], [ 128.013285228069776, 36.316498674476847 ], [ 128.013418159864244, 36.31628330279451 ], [ 128.013521315049445, 36.314620174149859 ], [ 128.01338340042895, 36.313697644930677 ], [ 128.013061930572206, 36.313355121462152 ], [ 128.012571296709638, 36.313081159552702 ], [ 128.012193442972773, 36.312809454014413 ], [ 128.012120126035342, 36.312654181877505 ], [ 128.01228359155968, 36.312247697242512 ], [ 128.013788091630801, 36.309519110317765 ], [ 128.014076016690836, 36.309294844054349 ], [ 128.014674082554706, 36.309178139826031 ], [ 128.015173240919722, 36.309247466367445 ], [ 128.015925730048906, 36.30978801017384 ], [ 128.016479583937212, 36.310110901168841 ], [ 128.021496984823273, 36.310460006706684 ], [ 128.022183656219369, 36.310361200303895 ], [ 128.02280379848159, 36.310020206425577 ], [ 128.022853419995329, 36.309923702625284 ], [ 128.023025200562984, 36.309589584691594 ], [ 128.023058308830912, 36.309154484579423 ], [ 128.022747836354796, 36.307817887504456 ], [ 128.022326746066256, 36.306988170382532 ], [ 128.020088062248789, 36.304410445920432 ], [ 128.01813925146368, 36.302063855535458 ], [ 128.018105988328642, 36.301866516042843 ], [ 128.018892022728579, 36.300718137018372 ], [ 128.019456320890384, 36.298542642782316 ], [ 128.01945580587352, 36.296223691809494 ], [ 128.019699288795351, 36.295631583246077 ], [ 128.020031423020669, 36.29529064764364 ], [ 128.021602220898103, 36.292791199463693 ], [ 128.021813325334819, 36.292418768578749 ], [ 128.021850263791492, 36.291110366847576 ], [ 128.0210542197932, 36.287306070837758 ], [ 128.02097960965159, 36.28699407007457 ], [ 128.020644118074216, 36.286661993086497 ], [ 128.020097468891635, 36.286390340782923 ], [ 128.017861206252462, 36.28534393266775 ], [ 128.014407443361137, 36.283130146122851 ], [ 128.012966356188684, 36.282204335377429 ], [ 128.012121391938678, 36.280156276596259 ], [ 128.011897684799891, 36.279180043824255 ], [ 128.011735888758466, 36.276724270710631 ], [ 128.011537043081006, 36.275898984520232 ], [ 128.011102198731209, 36.274993197370655 ], [ 128.01028232785157, 36.274001902531644 ], [ 128.010555418923559, 36.272572709228427 ], [ 128.011867214204301, 36.271437103192611 ], [ 128.010283926010857, 36.272147837703983 ], [ 128.009388952889395, 36.27205012123099 ], [ 128.008132134093586, 36.27161333495534 ], [ 128.005542103889496, 36.269845619227866 ], [ 128.003294211596995, 36.268140760274989 ], [ 128.000558172020362, 36.266374157633564 ], [ 127.999016998352204, 36.267755301419328 ], [ 127.997821470962734, 36.268157913005624 ], [ 127.996765373846856, 36.268082295771492 ], [ 127.995873187623815, 36.267885778789946 ], [ 127.994408063509141, 36.267441240012772 ], [ 127.994370299959925, 36.26742331564904 ], [ 127.994066928674073, 36.267264203497888 ], [ 127.993300768484019, 36.26681615130849 ], [ 127.992913200287134, 36.266525010617755 ], [ 127.991447120900034, 36.265423601133755 ], [ 127.987357531762186, 36.264523165737316 ], [ 127.984362781621215, 36.264113592740152 ], [ 127.982170367397757, 36.264197383894036 ], [ 127.977566737961425, 36.259840251945505 ], [ 127.97688874027061, 36.258885248477881 ], [ 127.977657545251958, 36.257997382940381 ], [ 127.979042496856891, 36.255709732768857 ], [ 127.978956862125557, 36.254052514078026 ], [ 127.978859591832034, 36.254027837808216 ], [ 127.974735923765778, 36.252981654614437 ], [ 127.972370945360268, 36.252224548769647 ], [ 127.970854257604543, 36.250434196279784 ], [ 127.968611848262157, 36.250386559297105 ], [ 127.967810219711311, 36.250650540701749 ], [ 127.96659363827213, 36.251476015883874 ], [ 127.965668514236484, 36.252180491826749 ], [ 127.965360377033534, 36.252435087056647 ], [ 127.962519721629675, 36.252220664116571 ], [ 127.960233583046644, 36.252431793369354 ], [ 127.959614188696946, 36.252688867397772 ], [ 127.959255634942792, 36.253314603088022 ], [ 127.958929524250877, 36.253598987430834 ], [ 127.957461725860099, 36.25485646227294 ], [ 127.955140925732849, 36.256743583345681 ], [ 127.954632594936854, 36.257103562265605 ], [ 127.954468899008504, 36.257193833256451 ], [ 127.953148660921556, 36.257041216476189 ], [ 127.952633124729985, 36.256808041295081 ], [ 127.952247550600518, 36.256722120842007 ], [ 127.950598656392771, 36.256646226180365 ], [ 127.949591129808553, 36.256609728051451 ], [ 127.949188154826331, 36.256598084806434 ], [ 127.948246284875637, 36.257450868349338 ], [ 127.94814912721732, 36.258504582047159 ], [ 127.948245149337509, 36.25887457326494 ], [ 127.94803354104252, 36.262583779385217 ], [ 127.947692130222023, 36.266160518763748 ], [ 127.947658365301294, 36.266398061851788 ], [ 127.947302155323143, 36.26723136991037 ], [ 127.944811257042829, 36.267206550543648 ], [ 127.942578544480654, 36.266937103921336 ], [ 127.939494825534311, 36.268271646214345 ], [ 127.937948406315158, 36.269129074084098 ], [ 127.937586767350041, 36.269517486385695 ], [ 127.934839861496542, 36.272608790695429 ], [ 127.934551258059429, 36.272981784861337 ], [ 127.934176749343777, 36.273830035103913 ], [ 127.933966332054098, 36.274617654866233 ], [ 127.933901191507005, 36.275300359972917 ], [ 127.933907892710394, 36.275863841868023 ], [ 127.933727756603901, 36.276117358836153 ], [ 127.932747623641148, 36.276866497068589 ], [ 127.930913734364538, 36.278215466119555 ], [ 127.926741945500225, 36.278574074544395 ], [ 127.923263624514846, 36.278719583400019 ], [ 127.9219652233174, 36.278892719255822 ], [ 127.921601725136242, 36.279132790802997 ], [ 127.921365890149204, 36.279327398255987 ], [ 127.920691734358925, 36.279629183810002 ], [ 127.919724710088133, 36.279948050340877 ], [ 127.917042492723994, 36.280828755761263 ], [ 127.916656848077665, 36.280742723205449 ], [ 127.914799271714742, 36.280089576306985 ], [ 127.913379866293596, 36.280886413773729 ], [ 127.907047395834184, 36.286080579563496 ], [ 127.905976143393914, 36.290077978803325 ], [ 127.905901676782307, 36.291561533357864 ], [ 127.905959532544244, 36.291813218304021 ], [ 127.906427409404188, 36.292669827064408 ], [ 127.906658352006076, 36.293632023562957 ], [ 127.905820342695066, 36.297212408881457 ], [ 127.905408396698718, 36.301204810449555 ], [ 127.905092151932877, 36.302378775098674 ], [ 127.905283944594544, 36.302680190347708 ], [ 127.905413989578406, 36.303073320269412 ], [ 127.906851734923748, 36.30760141486833 ], [ 127.907016550243767, 36.308152502358318 ], [ 127.907060824690689, 36.309552296870685 ], [ 127.907197423014097, 36.310646923330495 ], [ 127.907361978331963, 36.311413950628115 ], [ 127.910767191100362, 36.316248767195482 ], [ 127.911152741418519, 36.316770246392458 ], [ 127.911979339341002, 36.317560102557323 ], [ 127.913146011236037, 36.318439536835697 ], [ 127.91398215106139, 36.31893155572655 ], [ 127.914404799802682, 36.319207362330204 ], [ 127.914487375450634, 36.319356324032199 ], [ 127.914643184795892, 36.319810626364252 ], [ 127.914596747055569, 36.320227549995565 ], [ 127.914365786270565, 36.321202762959736 ], [ 127.914227136207685, 36.321857863461993 ], [ 127.914170824431608, 36.322870439653208 ], [ 127.914271519484274, 36.323272570884477 ], [ 127.914822761228635, 36.323689930412449 ], [ 127.916697155284552, 36.324964468739424 ], [ 127.920161513307747, 36.327096301188043 ], [ 127.920887779593244, 36.32726805831026 ], [ 127.921588532028224, 36.327281467472659 ], [ 127.921772732632775, 36.327249280031893 ], [ 127.922129234313147, 36.327186978391595 ], [ 127.922727178944044, 36.326949109428611 ], [ 127.92315506337961, 36.326655294306214 ], [ 127.924507576450139, 36.325837156302079 ], [ 127.927828801181391, 36.324007631424585 ], [ 127.928434591357274, 36.323785114915019 ], [ 127.928550628626837, 36.323805530782138 ], [ 127.928969083729299, 36.323881762171993 ], [ 127.93309511295142, 36.326802849692854 ], [ 127.934868705447556, 36.328091958666633 ], [ 127.935732278094321, 36.329060366656954 ], [ 127.936642120147425, 36.329693745866692 ], [ 127.937460310532046, 36.329969658854331 ], [ 127.937699384290084, 36.329999574672293 ], [ 127.9387017128889, 36.329992659743098 ], [ 127.939665804863381, 36.329898544312556 ], [ 127.93991566236636, 36.329874161551601 ], [ 127.942343311825638, 36.32989027428809 ], [ 127.944329500983443, 36.330032721669667 ], [ 127.949929415100002, 36.330481989465511 ], [ 127.950563892530752, 36.330541842297286 ], [ 127.951152321860533, 36.330698439933727 ], [ 127.952972779251795, 36.33119806442599 ], [ 127.953597852111926, 36.331615261418008 ], [ 127.95403882528305, 36.332315319074297 ], [ 127.954388052563075, 36.332672844577196 ], [ 127.954728208883566, 36.332844230120159 ], [ 127.95540874484, 36.332799805008129 ], [ 127.955740013431864, 36.332665868704979 ], [ 127.955777087737374, 36.332650873628801 ], [ 127.956954155476936, 36.331973957971421 ], [ 127.957607353797357, 36.331445539864795 ], [ 127.957717867805684, 36.33118499386773 ], [ 127.957764106519846, 36.330715949637288 ], [ 127.957525352639763, 36.330120211128758 ], [ 127.95769111300703, 36.329673534348458 ], [ 127.958206271151411, 36.329331230676878 ], [ 127.958955845803274, 36.329111858067726 ], [ 127.959461661093314, 36.329052457124916 ], [ 127.959985753597337, 36.329149430856695 ], [ 127.960684408728966, 36.329544288539303 ], [ 127.961511748935592, 36.330088119002276 ], [ 127.961879518798909, 36.330207351796119 ], [ 127.962762285293252, 36.330274650030653 ], [ 127.963019780673847, 36.330230059926926 ], [ 127.963479680895432, 36.329991947035722 ], [ 127.964031690233099, 36.32945604282466 ], [ 127.964445756222744, 36.328920100569903 ], [ 127.965310467577353, 36.328220479357753 ], [ 127.965733556096481, 36.328012118338613 ], [ 127.966542866396068, 36.327759223096088 ], [ 127.971012168591955, 36.326977537323778 ], [ 127.972118180455269, 36.327537158357686 ], [ 127.972407721128263, 36.327796374254319 ], [ 127.972682995709377, 36.328042846748644 ], [ 127.972873663574788, 36.328886897246157 ], [ 127.973021952620797, 36.32922100733883 ], [ 127.973475436499911, 36.32946516597621 ], [ 127.974251586191002, 36.329575510992086 ], [ 127.97535095842801, 36.329595707880735 ], [ 127.976201021934443, 36.32960417656345 ], [ 127.978791249831019, 36.329998431181544 ], [ 127.981503033043282, 36.330498630123216 ], [ 127.982120178660622, 36.33073344521992 ], [ 127.982606375935632, 36.331059114312758 ], [ 127.983064570769045, 36.33118790742234 ], [ 127.98395302184322, 36.33096090122784 ], [ 127.986365840100376, 36.330188911719105 ], [ 127.988731937183488, 36.329068610574183 ], [ 127.989517480973248, 36.328909673764691 ], [ 127.99004115662477, 36.328932437264122 ], [ 127.992163876857717, 36.329053778835053 ], [ 127.99245375557355, 36.329152223359081 ], [ 127.995642441595791, 36.33070460801455 ], [ 127.999604442202639, 36.33387969846077 ], [ 128.00030739933419, 36.33457084863857 ], [ 128.002228020193343, 36.336552858737491 ], [ 128.00306911775084, 36.337233842731209 ], [ 128.003985523492503, 36.337813184339481 ], [ 128.004211489817521, 36.337843667668189 ], [ 128.007073724989652, 36.338082416501173 ], [ 128.009853787393098, 36.339164217076643 ], [ 128.014267560645436, 36.341847663315598 ], [ 128.016364453800918, 36.34351433264937 ], [ 128.01700495414093, 36.344672971223588 ], [ 128.018034693479564, 36.345816277389595 ], [ 128.018499326225395, 36.346293927345691 ], [ 128.019541515533604, 36.346898535584387 ], [ 128.020596184727736, 36.347091482736566 ], [ 128.020960281646097, 36.347081271956121 ], [ 128.021663264244978, 36.346694923883057 ], [ 128.022203053481718, 36.346395003384202 ], [ 128.023860220962348, 36.346089766349245 ], [ 128.024299652820844, 36.346135434601429 ], [ 128.025053027737926, 36.346389371447252 ], [ 128.026045016805028, 36.346866884151574 ], [ 128.026923979904865, 36.34720212600196 ], [ 128.027413621104984, 36.347186766645102 ], [ 128.028330106752179, 36.347115419832924 ], [ 128.029146153570025, 36.346993267791426 ], [ 128.030501901099598, 36.346494894048632 ], [ 128.031770436095684, 36.346521096095493 ] ] ] ] } },
{ "type": "Feature", "properties": { "OBJECTID": 2928, "adm_nm": "경상북도 상주시 모서면", "adm_cd": "3708039", "adm_cd2": "4725039000", "sgg": "47250", "sido": "47", "sidonm": "경상북도", "sggnm": "상주시" }, "geometry": { "type": "MultiPolygon", "coordinates": [ [ [ [ 128.034343330219315, 36.350350913392681 ], [ 128.031770436095684, 36.346521096095493 ], [ 128.030501901099598, 36.346494894048632 ], [ 128.029146153570025, 36.346993267791426 ], [ 128.028330106752179, 36.347115419832924 ], [ 128.027413621104984, 36.347186766645102 ], [ 128.026923979904865, 36.34720212600196 ], [ 128.026045016805028, 36.346866884151574 ], [ 128.025053027737926, 36.346389371447252 ], [ 128.024299652820844, 36.346135434601429 ], [ 128.023860220962348, 36.346089766349245 ], [ 128.022203053481718, 36.346395003384202 ], [ 128.021663264244978, 36.346694923883057 ], [ 128.020960281646097, 36.347081271956121 ], [ 128.020596184727736, 36.347091482736566 ], [ 128.019541515533604, 36.346898535584387 ], [ 128.018499326225395, 36.346293927345691 ], [ 128.018034693479564, 36.345816277389595 ], [ 128.01700495414093, 36.344672971223588 ], [ 128.016364453800918, 36.34351433264937 ], [ 128.014267560645436, 36.341847663315598 ], [ 128.009853787393098, 36.339164217076643 ], [ 128.007073724989652, 36.338082416501173 ], [ 128.004211489817521, 36.337843667668189 ], [ 128.003985523492503, 36.337813184339481 ], [ 128.00306911775084, 36.337233842731209 ], [ 128.002228020193343, 36.336552858737491 ], [ 128.00030739933419, 36.33457084863857 ], [ 127.999604442202639, 36.33387969846077 ], [ 127.995642441595791, 36.33070460801455 ], [ 127.99245375557355, 36.329152223359081 ], [ 127.992163876857717, 36.329053778835053 ], [ 127.99004115662477, 36.328932437264122 ], [ 127.989517480973248, 36.328909673764691 ], [ 127.988731937183488, 36.329068610574183 ], [ 127.986365840100376, 36.330188911719105 ], [ 127.98395302184322, 36.33096090122784 ], [ 127.983064570769045, 36.33118790742234 ], [ 127.982606375935632, 36.331059114312758 ], [ 127.982120178660622, 36.33073344521992 ], [ 127.981503033043282, 36.330498630123216 ], [ 127.978791249831019, 36.329998431181544 ], [ 127.976201021934443, 36.32960417656345 ], [ 127.97535095842801, 36.329595707880735 ], [ 127.974251586191002, 36.329575510992086 ], [ 127.973475436499911, 36.32946516597621 ], [ 127.973021952620797, 36.32922100733883 ], [ 127.972873663574788, 36.328886897246157 ], [ 127.972682995709377, 36.328042846748644 ], [ 127.972407721128263, 36.327796374254319 ], [ 127.972118180455269, 36.327537158357686 ], [ 127.971012168591955, 36.326977537323778 ], [ 127.966542866396068, 36.327759223096088 ], [ 127.965733556096481, 36.328012118338613 ], [ 127.965310467577353, 36.328220479357753 ], [ 127.964445756222744, 36.328920100569903 ], [ 127.964031690233099, 36.32945604282466 ], [ 127.963479680895432, 36.329991947035722 ], [ 127.963019780673847, 36.330230059926926 ], [ 127.962762285293252, 36.330274650030653 ], [ 127.961879518798909, 36.330207351796119 ], [ 127.961511748935592, 36.330088119002276 ], [ 127.960684408728966, 36.329544288539303 ], [ 127.959985753597337, 36.329149430856695 ], [ 127.959461661093314, 36.329052457124916 ], [ 127.958955845803274, 36.329111858067726 ], [ 127.958206271151411, 36.329331230676878 ], [ 127.95769111300703, 36.329673534348458 ], [ 127.957525352639763, 36.330120211128758 ], [ 127.957764106519846, 36.330715949637288 ], [ 127.957717867805684, 36.33118499386773 ], [ 127.957607353797357, 36.331445539864795 ], [ 127.956954155476936, 36.331973957971421 ], [ 127.955777087737374, 36.332650873628801 ], [ 127.955740013431864, 36.332665868704979 ], [ 127.95540874484, 36.332799805008129 ], [ 127.954728208883566, 36.332844230120159 ], [ 127.954388052563075, 36.332672844577196 ], [ 127.95403882528305, 36.332315319074297 ], [ 127.953597852111926, 36.331615261418008 ], [ 127.952972779251795, 36.33119806442599 ], [ 127.951152321860533, 36.330698439933727 ], [ 127.950563892530752, 36.330541842297286 ], [ 127.949929415100002, 36.330481989465511 ], [ 127.944329500983443, 36.330032721669667 ], [ 127.942343311825638, 36.32989027428809 ], [ 127.93991566236636, 36.329874161551601 ], [ 127.939665804863381, 36.329898544312556 ], [ 127.9387017128889, 36.329992659743098 ], [ 127.937699384290084, 36.329999574672293 ], [ 127.937460310532046, 36.329969658854331 ], [ 127.936642120147425, 36.329693745866692 ], [ 127.935732278094321, 36.329060366656954 ], [ 127.934868705447556, 36.328091958666633 ], [ 127.93309511295142, 36.326802849692854 ], [ 127.928969083729299, 36.323881762171993 ], [ 127.928550628626837, 36.323805530782138 ], [ 127.928434591357274, 36.323785114915019 ], [ 127.927828801181391, 36.324007631424585 ], [ 127.924507576450139, 36.325837156302079 ], [ 127.92315506337961, 36.326655294306214 ], [ 127.922727178944044, 36.326949109428611 ], [ 127.922129234313147, 36.327186978391595 ], [ 127.921772732632775, 36.327249280031893 ], [ 127.921588532028224, 36.327281467472659 ], [ 127.920887779593244, 36.32726805831026 ], [ 127.920161513307747, 36.327096301188043 ], [ 127.916697155284552, 36.324964468739424 ], [ 127.914822761228635, 36.323689930412449 ], [ 127.914271519484274, 36.323272570884477 ], [ 127.914170824431608, 36.322870439653208 ], [ 127.914227136207685, 36.321857863461993 ], [ 127.914365786270565, 36.321202762959736 ], [ 127.914596747055569, 36.320227549995565 ], [ 127.914643184795892, 36.319810626364252 ], [ 127.914487375450634, 36.319356324032199 ], [ 127.914404799802682, 36.319207362330204 ], [ 127.91398215106139, 36.31893155572655 ], [ 127.913146011236037, 36.318439536835697 ], [ 127.911979339341002, 36.317560102557323 ], [ 127.911152741418519, 36.316770246392458 ], [ 127.910767191100362, 36.316248767195482 ], [ 127.907361978331963, 36.311413950628115 ], [ 127.907197423014097, 36.310646923330495 ], [ 127.907060824690689, 36.309552296870685 ], [ 127.907016550243767, 36.308152502358318 ], [ 127.906851734923748, 36.30760141486833 ], [ 127.905413989578406, 36.303073320269412 ], [ 127.905283944594544, 36.302680190347708 ], [ 127.905092151932877, 36.302378775098674 ], [ 127.903181410722425, 36.301918640771518 ], [ 127.899297873742213, 36.298774235001844 ], [ 127.898180562756494, 36.297195798512142 ], [ 127.894859563971011, 36.29354279103147 ], [ 127.894379240455123, 36.293190471667728 ], [ 127.893053437953895, 36.292592319255917 ], [ 127.892281056851729, 36.292331129793837 ], [ 127.892041066761607, 36.292169793147742 ], [ 127.890274658072101, 36.289869446844506 ], [ 127.889635239357716, 36.288406010220911 ], [ 127.889627197791427, 36.288375268509292 ], [ 127.889252262346346, 36.286940684958132 ], [ 127.888549740979443, 36.283134550029914 ], [ 127.887984215194066, 36.280098570319531 ], [ 127.885991903118125, 36.277221445449612 ], [ 127.885020348821925, 36.275523174102624 ], [ 127.884721311981096, 36.274991485506817 ], [ 127.884323373375295, 36.273808013359847 ], [ 127.884285241682164, 36.273674827744372 ], [ 127.884043824399683, 36.273380003984869 ], [ 127.883711680405042, 36.273159999033346 ], [ 127.883344756746581, 36.273103382929065 ], [ 127.881787472218463, 36.273811892982842 ], [ 127.880713129416776, 36.27436849265051 ], [ 127.880040015268477, 36.274773852217628 ], [ 127.879767632718895, 36.274983484191203 ], [ 127.877939413435953, 36.27527867135921 ], [ 127.862652671162394, 36.277540092635107 ], [ 127.860529664790704, 36.277688827219329 ], [ 127.85935591855511, 36.277548957151723 ], [ 127.858823511133465, 36.277434132684363 ], [ 127.855220643613549, 36.276243844370192 ], [ 127.854778531106902, 36.276009707685276 ], [ 127.854573841768712, 36.275714564752903 ], [ 127.854351491044483, 36.275478862332832 ], [ 127.852741601588974, 36.273962820384241 ], [ 127.852410346457518, 36.273816890612089 ], [ 127.85231958915783, 36.273891687176132 ], [ 127.851462683195962, 36.274058616573576 ], [ 127.850975137627131, 36.27444782756465 ], [ 127.85082525967421, 36.274797316903992 ], [ 127.851183261795072, 36.275217825431561 ], [ 127.851311861442852, 36.275739537632653 ], [ 127.850797351917038, 36.277895877286859 ], [ 127.85020580074945, 36.2818837862159 ], [ 127.849398451029799, 36.288910123854947 ], [ 127.849083424675172, 36.289788119894943 ], [ 127.84688535779857, 36.291598963721306 ], [ 127.845902197992572, 36.294058036815017 ], [ 127.8456754123861, 36.29643875232324 ], [ 127.845713681280031, 36.296642816315718 ], [ 127.8465857863753, 36.298928208654473 ], [ 127.847264712472011, 36.300018088989127 ], [ 127.847199366008269, 36.300646171786219 ], [ 127.844473563302145, 36.305394484417057 ], [ 127.843809065537329, 36.305647295822382 ], [ 127.843236130001387, 36.306030821426567 ], [ 127.84133084443944, 36.308291987958654 ], [ 127.841120088274067, 36.308818922053561 ], [ 127.84107459808655, 36.309622000251743 ], [ 127.841426129671063, 36.310451485433823 ], [ 127.842524561147513, 36.311976338115471 ], [ 127.844951306873782, 36.316264998410446 ], [ 127.845640816077179, 36.317707042067902 ], [ 127.846097576506651, 36.318287135416014 ], [ 127.846158909188887, 36.318267738764071 ], [ 127.84672613449807, 36.318088253176548 ], [ 127.848144171074551, 36.318685863673736 ], [ 127.848658386275972, 36.319022471785004 ], [ 127.849051956361038, 36.319311343599082 ], [ 127.850657882086367, 36.32061243100641 ], [ 127.85135711125406, 36.324156008298168 ], [ 127.851053650793247, 36.326637290418667 ], [ 127.852085732456487, 36.330397247278171 ], [ 127.853151535890106, 36.331726445490574 ], [ 127.853510917925234, 36.331626657318267 ], [ 127.854016502210712, 36.3311612630337 ], [ 127.854641959183681, 36.330670680771391 ], [ 127.856298461435671, 36.331072031936451 ], [ 127.86011502155371, 36.33396128424112 ], [ 127.861546808159872, 36.335773879899769 ], [ 127.861850397140032, 36.336063359241216 ], [ 127.862182416187807, 36.336206790792296 ], [ 127.86365829941218, 36.336560731847811 ], [ 127.864740217357451, 36.336601532730207 ], [ 127.865098796226533, 36.336428811146519 ], [ 127.867471809532503, 36.336411640410688 ], [ 127.870003290549704, 36.339844593027109 ], [ 127.870529343819726, 36.341226144207177 ], [ 127.870535554296112, 36.341785115891852 ], [ 127.870392110096589, 36.342393791600429 ], [ 127.869802102935793, 36.343512035344055 ], [ 127.869774201377609, 36.343564915683359 ], [ 127.87354530399422, 36.344971458125606 ], [ 127.875023296471866, 36.345495368371047 ], [ 127.877006864257623, 36.345553769050255 ], [ 127.879947380331387, 36.345216219382756 ], [ 127.881445629517231, 36.344864926550009 ], [ 127.882184121721352, 36.345773687577569 ], [ 127.882329137080816, 36.345952142585425 ], [ 127.885355733555329, 36.35057206408667 ], [ 127.885153396514411, 36.351278390505676 ], [ 127.885158066351735, 36.351691553571534 ], [ 127.885224186906797, 36.352225771392625 ], [ 127.885541673950925, 36.353730310948258 ], [ 127.885942143331008, 36.354602327741823 ], [ 127.886124067961305, 36.354746819487637 ], [ 127.888659988142663, 36.35579742509875 ], [ 127.890803719015537, 36.356705088311891 ], [ 127.891051820283209, 36.35738378369183 ], [ 127.891326560441712, 36.359551612638477 ], [ 127.891409178548898, 36.359595193533345 ], [ 127.891747294824825, 36.359773523133761 ], [ 127.899454604695535, 36.362411348177275 ], [ 127.899898275377964, 36.362510510308461 ], [ 127.900708449093543, 36.362331612926425 ], [ 127.905292847497435, 36.360557432085713 ], [ 127.909322168365634, 36.358917340465418 ], [ 127.912419023866221, 36.357608655572321 ], [ 127.91306268928895, 36.357438516162908 ], [ 127.914327798647378, 36.357116196742169 ], [ 127.916125353783997, 36.356848103354054 ], [ 127.916901979468577, 36.356821725512646 ], [ 127.917400964324003, 36.357055543328478 ], [ 127.917964229329513, 36.357332201356179 ], [ 127.920142639242826, 36.358731054992091 ], [ 127.920962826964725, 36.359557344065053 ], [ 127.921865368866364, 36.36042197989569 ], [ 127.922294859860813, 36.360638839152784 ], [ 127.922533527870456, 36.360670985161299 ], [ 127.922796677087106, 36.360700126707108 ], [ 127.923073543777804, 36.360703652538291 ], [ 127.923531942834956, 36.360649129297961 ], [ 127.925526419762633, 36.360372126672267 ], [ 127.926173436962046, 36.360249136082075 ], [ 127.927649156361696, 36.360115366137798 ], [ 127.934606876156607, 36.361239717127809 ], [ 127.93470428340224, 36.361367676940361 ], [ 127.935258544546869, 36.361942685599423 ], [ 127.938385659090372, 36.363982733418482 ], [ 127.938629717543932, 36.36402777341744 ], [ 127.939095874862474, 36.36383945673834 ], [ 127.939329021980711, 36.36364201981015 ], [ 127.939556899736615, 36.363098877949142 ], [ 127.93958686334301, 36.362168668239306 ], [ 127.939591030233601, 36.362039312843891 ], [ 127.939635677196108, 36.361689125225389 ], [ 127.939768989076711, 36.361455722059475 ], [ 127.940234992455743, 36.361339258980827 ], [ 127.943597091285767, 36.360963750001389 ], [ 127.944728768731039, 36.360964299590727 ], [ 127.945926943669988, 36.361018748016754 ], [ 127.946647939585503, 36.361270512290368 ], [ 127.94755750127446, 36.361576231271641 ], [ 127.948212002459499, 36.361702232553149 ], [ 127.949576597725141, 36.361828549026399 ], [ 127.949779874572684, 36.36182558784455 ], [ 127.950769322834788, 36.361811096543633 ], [ 127.951379678231163, 36.361568897469617 ], [ 127.9517015865557, 36.361344555491442 ], [ 127.951973539043479, 36.361129156398093 ], [ 127.952833659073733, 36.360693995750047 ], [ 127.953485460338058, 36.360614595988949 ], [ 127.954304859524171, 36.360667540452553 ], [ 127.956928204925347, 36.361260802097235 ], [ 127.957577394228878, 36.361444964393058 ], [ 127.957966829010871, 36.361725379350595 ], [ 127.958680614989305, 36.36254017044385 ], [ 127.95943763156238, 36.363495117772466 ], [ 127.959772323030919, 36.364949165977592 ], [ 127.959847487120129, 36.366061515964887 ], [ 127.959976731115191, 36.367252720800685 ], [ 127.959996261872305, 36.367302866251244 ], [ 127.960300969580103, 36.368084884429251 ], [ 127.962279676279522, 36.371729078529363 ], [ 127.962777106332041, 36.372578815844797 ], [ 127.963555984471554, 36.373393581515742 ], [ 127.967115532481586, 36.376425094648155 ], [ 127.969290722911524, 36.377345356614889 ], [ 127.969756079945824, 36.377511885320345 ], [ 127.970059145698599, 36.377494457565128 ], [ 127.970394772973521, 36.377275569712218 ], [ 127.974129925252356, 36.374675207465728 ], [ 127.97453052244127, 36.374351231166273 ], [ 127.974898628114062, 36.374000982315721 ], [ 127.975667373596323, 36.373160331608538 ], [ 127.976132844167608, 36.37294147219 ], [ 127.976533352423388, 36.37277515967336 ], [ 127.97685804613819, 36.372783984644585 ], [ 127.980634916264009, 36.374501347383081 ], [ 127.981295053611362, 36.374851792173949 ], [ 127.986149114688018, 36.378758854757272 ], [ 127.990068332534491, 36.382264955855952 ], [ 127.990209353957908, 36.3824794364509 ], [ 127.991167594497185, 36.383863196805336 ], [ 127.991462894179605, 36.384159736600722 ], [ 127.991756799355272, 36.384345655071741 ], [ 127.993130090244279, 36.385138887534374 ], [ 127.993434340469875, 36.38528782177827 ], [ 127.993624216040146, 36.385364013194121 ], [ 127.993760504523607, 36.385407312767228 ], [ 127.99417308344853, 36.385494347448272 ], [ 127.994713913788203, 36.385528072458158 ], [ 127.995118969653092, 36.385505585168985 ], [ 127.995406981582278, 36.385429297495023 ], [ 127.995591394835841, 36.385356314864502 ], [ 127.998661406214723, 36.38491180362491 ], [ 127.998935358866987, 36.385071903014449 ], [ 128.000670442136254, 36.385934031463556 ], [ 128.001157476132477, 36.386106458669964 ], [ 128.001866251380022, 36.386356838645945 ], [ 128.004916203581303, 36.383739281549232 ], [ 128.005355928489024, 36.382912775423499 ], [ 128.005568655029805, 36.381891139367866 ], [ 128.005611176537286, 36.381156494909774 ], [ 128.005653705901551, 36.38092690707402 ], [ 128.005909028630754, 36.380582514844548 ], [ 128.006490602754525, 36.38023812756574 ], [ 128.007114730305545, 36.379985552186561 ], [ 128.007494686405977, 36.379842108656916 ], [ 128.009767228019115, 36.379032658641563 ], [ 128.010178614830181, 36.379285144604921 ], [ 128.010419781488281, 36.379480287449852 ], [ 128.010696401383427, 36.37961226785049 ], [ 128.013774561897719, 36.379830087473003 ], [ 128.014916422756471, 36.379606128056942 ], [ 128.015010685038959, 36.379567973901736 ], [ 128.015795822389236, 36.379250171020729 ], [ 128.016348950227552, 36.378790947438674 ], [ 128.019335906176593, 36.373640523985223 ], [ 128.019358450600805, 36.373393790742263 ], [ 128.01878242701622, 36.372891244563654 ], [ 128.018500064672537, 36.372562315837307 ], [ 128.018240161032367, 36.37174902282451 ], [ 128.018081795782194, 36.370369119685343 ], [ 128.018284839727102, 36.369436948436096 ], [ 128.018950509788823, 36.367042559861019 ], [ 128.019063325621147, 36.366667850025465 ], [ 128.019458387244555, 36.366110337370671 ], [ 128.022980139797738, 36.362203015759896 ], [ 128.023284891036468, 36.361887687166409 ], [ 128.023804187706787, 36.361649994639507 ], [ 128.024707366816273, 36.361467051218263 ], [ 128.025746108508173, 36.361549075007424 ], [ 128.026389698801296, 36.361695169296439 ], [ 128.027857521930258, 36.361891328276414 ], [ 128.028986591404703, 36.361955033023179 ], [ 128.029607516651026, 36.361817811268061 ], [ 128.02996873760344, 36.361621265807614 ], [ 128.03198910503005, 36.36000322951061 ], [ 128.032970975474711, 36.359066274847997 ], [ 128.033230469475996, 36.358618411467532 ], [ 128.033264101248051, 36.358051802086194 ], [ 128.033117037583452, 36.357316195154816 ], [ 128.033173208442037, 36.35663077539337 ], [ 128.033308048491051, 36.355063479411484 ], [ 128.033555363700174, 36.352477189574941 ], [ 128.033634137087802, 36.351892297780921 ], [ 128.034343330219315, 36.350350913392681 ] ] ] ] } },
{ "type": "Feature", "properties": { "OBJECTID": 2929, "adm_nm": "경상북도 상주시 화동면", "adm_cd": "3708040", "adm_cd2": "4725040000", "sgg": "47250", "sido": "47", "sidonm": "경상북도", "sggnm": "상주시" }, "geometry": { "type": "MultiPolygon", "coordinates": [ [ [ [ 127.993588106844086, 36.435085646129522 ], [ 127.993692095555687, 36.435026644483038 ], [ 127.993853160472113, 36.434889305382406 ], [ 127.994108755410195, 36.434626121313606 ], [ 127.994338145390842, 36.434327850804429 ], [ 127.994566579668344, 36.433964329161917 ], [ 127.994664243534814, 36.433786806733579 ], [ 127.995009713400819, 36.432726830169791 ], [ 127.995440243257619, 36.431377312869884 ], [ 127.995497497255357, 36.431224553534108 ], [ 127.995606260933585, 36.431052348246737 ], [ 127.995730312262936, 36.430915345014888 ], [ 127.995858486399698, 36.430805513451418 ], [ 127.995944997898903, 36.430755415497536 ], [ 127.996034706067917, 36.430703470509627 ], [ 127.996156464143809, 36.430675258191229 ], [ 127.998277895722907, 36.4305946380968 ], [ 127.998759309441638, 36.430883188523651 ], [ 128.00058087311038, 36.432136673910044 ], [ 128.002815235465562, 36.433739557263266 ], [ 128.003319784554805, 36.434147550969357 ], [ 128.003680173507973, 36.434302966526175 ], [ 128.004112633285246, 36.434361257213958 ], [ 128.004785355331222, 36.434011512263652 ], [ 128.006082673758527, 36.432826314524391 ], [ 128.007812332078259, 36.430669620626134 ], [ 128.00788437215175, 36.430183920195546 ], [ 128.007896059084203, 36.430145006900375 ], [ 128.00810052644664, 36.429465016367068 ], [ 128.00916607077346, 36.427413990702171 ], [ 128.009673841317209, 36.426715728711834 ], [ 128.010250336570408, 36.426074563368893 ], [ 128.011019000828242, 36.425452773241766 ], [ 128.012292047532384, 36.424170363242077 ], [ 128.012532188325707, 36.423548607516139 ], [ 128.012638997715698, 36.422329074218581 ], [ 128.012927618884902, 36.420594222516598 ], [ 128.013214277780918, 36.420159251385478 ], [ 128.015702109106996, 36.417700168454317 ], [ 128.017671399697292, 36.415679307350082 ], [ 128.020060124160437, 36.410345742083216 ], [ 128.020132099200111, 36.409976578336078 ], [ 128.020347982036213, 36.408830226808597 ], [ 128.020203830547729, 36.408655409706348 ], [ 128.019819527219028, 36.40861658678822 ], [ 128.019339153338734, 36.408538945338826 ], [ 128.01909893902598, 36.408383551387871 ], [ 128.019098848999789, 36.407994996801136 ], [ 128.019362817980976, 36.40708435869157 ], [ 128.019542858081877, 36.406586324912027 ], [ 128.019903011190138, 36.406119971564067 ], [ 128.020647436332467, 36.405672998386578 ], [ 128.021223778019561, 36.405439744282845 ], [ 128.021463897786475, 36.405206545093421 ], [ 128.021511827918829, 36.404779117979636 ], [ 128.021007304231375, 36.404138044305292 ], [ 128.02078099014301, 36.403884651558876 ], [ 128.020694992954645, 36.403788368012968 ], [ 128.020532441038739, 36.403610551752259 ], [ 128.020156343894456, 36.403237767412158 ], [ 128.019517687490776, 36.402643821445857 ], [ 128.019077726252675, 36.402184732777407 ], [ 128.018850603257164, 36.401760051345839 ], [ 128.018595096519647, 36.401277987260293 ], [ 128.01866589621838, 36.400600693831727 ], [ 128.01903468724845, 36.40008409668814 ], [ 128.019687203095685, 36.399395274064915 ], [ 128.019758041418072, 36.398959051444351 ], [ 128.019757979497967, 36.398695030745763 ], [ 128.019488336203125, 36.398396623231029 ], [ 128.016962335967349, 36.395997886126068 ], [ 128.016522459469456, 36.395814268292931 ], [ 128.015359052487383, 36.395757020298589 ], [ 128.013993306075662, 36.395737371698345 ], [ 128.01350043688447, 36.395745738388229 ], [ 128.013024741057933, 36.395913525080502 ], [ 128.012564133913628, 36.396526395053705 ], [ 128.012308831104264, 36.397042987118624 ], [ 128.011982546988776, 36.397387368235336 ], [ 128.011571111130422, 36.397594031339125 ], [ 128.009996225424658, 36.397708937750259 ], [ 128.0087618570698, 36.397743471109223 ], [ 128.008319622433561, 36.397644632259194 ], [ 128.007797009793393, 36.397330267253572 ], [ 128.006661864763743, 36.395849537889212 ], [ 128.00610849811099, 36.395091939691582 ], [ 128.005938218316743, 36.39483939679738 ], [ 128.005824710358922, 36.394644265711939 ], [ 128.00602330739315, 36.394070328134788 ], [ 128.003682229476937, 36.39011013810866 ], [ 128.002235146314462, 36.387619219009842 ], [ 128.001795368442544, 36.386804203049557 ], [ 128.001866251380022, 36.386356838645945 ], [ 128.001157476132477, 36.386106458669964 ], [ 128.000670442136254, 36.385934031463556 ], [ 127.998935358866987, 36.385071903014449 ], [ 127.998661406214723, 36.38491180362491 ], [ 127.995591394835841, 36.385356314864502 ], [ 127.995406981582278, 36.385429297495023 ], [ 127.995118969653092, 36.385505585168985 ], [ 127.994713913788203, 36.385528072458158 ], [ 127.99417308344853, 36.385494347448272 ], [ 127.993760504523607, 36.385407312767228 ], [ 127.993624216040146, 36.385364013194121 ], [ 127.993434340469875, 36.38528782177827 ], [ 127.993130090244279, 36.385138887534374 ], [ 127.991756799355272, 36.384345655071741 ], [ 127.991462894179605, 36.384159736600722 ], [ 127.991167594497185, 36.383863196805336 ], [ 127.990209353957908, 36.3824794364509 ], [ 127.990068332534491, 36.382264955855952 ], [ 127.986149114688018, 36.378758854757272 ], [ 127.981295053611362, 36.374851792173949 ], [ 127.980634916264009, 36.374501347383081 ], [ 127.97685804613819, 36.372783984644585 ], [ 127.976533352423388, 36.37277515967336 ], [ 127.976132844167608, 36.37294147219 ], [ 127.975667373596323, 36.373160331608538 ], [ 127.974898628114062, 36.374000982315721 ], [ 127.97453052244127, 36.374351231166273 ], [ 127.974129925252356, 36.374675207465728 ], [ 127.970394772973521, 36.377275569712218 ], [ 127.970059145698599, 36.377494457565128 ], [ 127.969756079945824, 36.377511885320345 ], [ 127.969290722911524, 36.377345356614889 ], [ 127.967115532481586, 36.376425094648155 ], [ 127.963555984471554, 36.373393581515742 ], [ 127.962777106332041, 36.372578815844797 ], [ 127.962279676279522, 36.371729078529363 ], [ 127.960300969580103, 36.368084884429251 ], [ 127.959996261872305, 36.367302866251244 ], [ 127.959976731115191, 36.367252720800685 ], [ 127.959847487120129, 36.366061515964887 ], [ 127.959772323030919, 36.364949165977592 ], [ 127.95943763156238, 36.363495117772466 ], [ 127.958680614989305, 36.36254017044385 ], [ 127.957966829010871, 36.361725379350595 ], [ 127.957577394228878, 36.361444964393058 ], [ 127.956928204925347, 36.361260802097235 ], [ 127.954304859524171, 36.360667540452553 ], [ 127.953485460338058, 36.360614595988949 ], [ 127.952833659073733, 36.360693995750047 ], [ 127.951973539043479, 36.361129156398093 ], [ 127.9517015865557, 36.361344555491442 ], [ 127.951379678231163, 36.361568897469617 ], [ 127.950769322834788, 36.361811096543633 ], [ 127.949779874572684, 36.36182558784455 ], [ 127.949576597725141, 36.361828549026399 ], [ 127.948212002459499, 36.361702232553149 ], [ 127.94755750127446, 36.361576231271641 ], [ 127.946647939585503, 36.361270512290368 ], [ 127.945926943669988, 36.361018748016754 ], [ 127.944728768731039, 36.360964299590727 ], [ 127.943597091285767, 36.360963750001389 ], [ 127.940234992455743, 36.361339258980827 ], [ 127.939768989076711, 36.361455722059475 ], [ 127.939635677196108, 36.361689125225389 ], [ 127.939591030233601, 36.362039312843891 ], [ 127.93958686334301, 36.362168668239306 ], [ 127.939556899736615, 36.363098877949142 ], [ 127.939329021980711, 36.36364201981015 ], [ 127.939095874862474, 36.36383945673834 ], [ 127.938629717543932, 36.36402777341744 ], [ 127.938385659090372, 36.363982733418482 ], [ 127.935258544546869, 36.361942685599423 ], [ 127.93470428340224, 36.361367676940361 ], [ 127.934606876156607, 36.361239717127809 ], [ 127.927649156361696, 36.360115366137798 ], [ 127.926173436962046, 36.360249136082075 ], [ 127.925526419762633, 36.360372126672267 ], [ 127.923531942834956, 36.360649129297961 ], [ 127.923073543777804, 36.360703652538291 ], [ 127.922796677087106, 36.360700126707108 ], [ 127.922533527870456, 36.360670985161299 ], [ 127.922294859860813, 36.360638839152784 ], [ 127.921865368866364, 36.36042197989569 ], [ 127.920962826964725, 36.359557344065053 ], [ 127.920142639242826, 36.358731054992091 ], [ 127.917964229329513, 36.357332201356179 ], [ 127.917400964324003, 36.357055543328478 ], [ 127.916901979468577, 36.356821725512646 ], [ 127.916125353783997, 36.356848103354054 ], [ 127.914327798647378, 36.357116196742169 ], [ 127.91306268928895, 36.357438516162908 ], [ 127.912419023866221, 36.357608655572321 ], [ 127.909322168365634, 36.358917340465418 ], [ 127.905292847497435, 36.360557432085713 ], [ 127.900708449093543, 36.362331612926425 ], [ 127.899898275377964, 36.362510510308461 ], [ 127.899454604695535, 36.362411348177275 ], [ 127.891747294824825, 36.359773523133761 ], [ 127.891409178548898, 36.359595193533345 ], [ 127.891326560441712, 36.359551612638477 ], [ 127.891173773930035, 36.360177926149937 ], [ 127.890880203926656, 36.360787734992691 ], [ 127.88951404519446, 36.362207579002856 ], [ 127.88819938590315, 36.362873576893733 ], [ 127.886288134496795, 36.363932854385887 ], [ 127.885257651489027, 36.366298069678038 ], [ 127.885386915356065, 36.367099169685169 ], [ 127.885304470551858, 36.367780324595167 ], [ 127.885047200273263, 36.368948853456551 ], [ 127.883504059645247, 36.37068590971969 ], [ 127.880924569852141, 36.371142404063448 ], [ 127.879632357199952, 36.371506602821995 ], [ 127.881958684132385, 36.372971972446244 ], [ 127.882903407191691, 36.373839706500881 ], [ 127.883451404320397, 36.375288500960089 ], [ 127.883944854140921, 36.378398116558024 ], [ 127.884234548224157, 36.379336705020926 ], [ 127.8847862506138, 36.379397895762246 ], [ 127.886884498579604, 36.379754710688353 ], [ 127.887084853098912, 36.379792795018638 ], [ 127.890052252558164, 36.380971515428278 ], [ 127.890139938480473, 36.381029532874301 ], [ 127.890192258109138, 36.381092666570545 ], [ 127.890264997426328, 36.381255957594654 ], [ 127.890570723999616, 36.382062980389946 ], [ 127.89058844073918, 36.382130624696622 ], [ 127.890589713091089, 36.382242362532942 ], [ 127.891805204526221, 36.385259589071175 ], [ 127.894911679927674, 36.38868361917789 ], [ 127.901185038125249, 36.38979132713051 ], [ 127.901277244147437, 36.389677814209527 ], [ 127.901351077871794, 36.389633810433601 ], [ 127.901443292400515, 36.389620497794859 ], [ 127.901516936818211, 36.389625360128683 ], [ 127.9086403766497, 36.393288821622882 ], [ 127.908669486569252, 36.39332916638454 ], [ 127.908718693660603, 36.393793766429241 ], [ 127.908732271943876, 36.394137901755087 ], [ 127.908769500125302, 36.394387154139842 ], [ 127.908825277200492, 36.394592093314415 ], [ 127.90889018005636, 36.394757955136235 ], [ 127.909301864336797, 36.395386245178805 ], [ 127.909364523526691, 36.395478200841552 ], [ 127.909402574799543, 36.395515607333039 ], [ 127.909500181565008, 36.395540895947669 ], [ 127.912712709429172, 36.396355396168786 ], [ 127.912787343112811, 36.396370765329941 ], [ 127.912937983500584, 36.396365282598602 ], [ 127.917961854911326, 36.395960171521544 ], [ 127.918235768962049, 36.395888607741746 ], [ 127.923092556663775, 36.39459108601617 ], [ 127.924897828545369, 36.394584087024249 ], [ 127.92490648312139, 36.394619159010098 ], [ 127.924933225179601, 36.394646514481131 ], [ 127.924981590719639, 36.394673727197144 ], [ 127.925388956011147, 36.394841237701108 ], [ 127.925692837362789, 36.394929279119346 ], [ 127.926086199736616, 36.395023461826426 ], [ 127.926344921212859, 36.395071647481437 ], [ 127.926435933674327, 36.395076538808674 ], [ 127.926596282771044, 36.39506403989688 ], [ 127.926774711264827, 36.395033806235205 ], [ 127.92706673802553, 36.394967570273735 ], [ 127.928059933608992, 36.394708913291545 ], [ 127.92834517345878, 36.394625152104766 ], [ 127.928527981025255, 36.394552165923642 ], [ 127.928595401838038, 36.394512184685745 ], [ 127.928692204799347, 36.394451125724537 ], [ 127.928766104279362, 36.394399786233485 ], [ 127.92883999692198, 36.394348437705794 ], [ 127.929327254047564, 36.393996458294573 ], [ 127.929647144371927, 36.393761830457628 ], [ 127.929724140372826, 36.393693484539739 ], [ 127.929768129116809, 36.393634204100429 ], [ 127.929807025367097, 36.393569291196037 ], [ 127.92984605558064, 36.393513733848131 ], [ 127.929960469263548, 36.393397404541638 ], [ 127.930044184303199, 36.393331510723932 ], [ 127.930101643758547, 36.393299710700532 ], [ 127.930383204166489, 36.393178307406892 ], [ 127.93089258131117, 36.393019445529355 ], [ 127.931006507419468, 36.392992150028306 ], [ 127.931408188816931, 36.392963340322623 ], [ 127.932215081357356, 36.39291000347238 ], [ 127.932312656082317, 36.392904208725653 ], [ 127.932431933139938, 36.392915222740982 ], [ 127.933468300766336, 36.393513731477377 ], [ 127.933525261057511, 36.393569784557741 ], [ 127.933528926604296, 36.393597336351768 ], [ 127.933517863150882, 36.393641408903868 ], [ 127.933109137303788, 36.394472017292294 ], [ 127.932951659142446, 36.394726105785352 ], [ 127.932849634105892, 36.395610186674652 ], [ 127.932786384343174, 36.396269945061917 ], [ 127.932789153754797, 36.396361559009982 ], [ 127.932861875221846, 36.396776864204739 ], [ 127.932914164546204, 36.396992282038291 ], [ 127.932990789648244, 36.397174259635385 ], [ 127.933061708546461, 36.397297883108266 ], [ 127.933373778631577, 36.397790434405074 ], [ 127.933490071812159, 36.397970208621565 ], [ 127.93371395138216, 36.398282775503667 ], [ 127.93479613133735, 36.398726117833974 ], [ 127.935057255063015, 36.398790987382398 ], [ 127.935900709534423, 36.399061618108824 ], [ 127.935972050392635, 36.399089744073713 ], [ 127.936055681652661, 36.399155999356374 ], [ 127.936273262265544, 36.399536667601232 ], [ 127.936249817697259, 36.400191285641917 ], [ 127.936194729720413, 36.400512986412409 ], [ 127.936125648594583, 36.400894305677184 ], [ 127.935866856195574, 36.401425846301635 ], [ 127.935574325233048, 36.401904665535966 ], [ 127.936793849724978, 36.402100315162087 ], [ 127.936960166400667, 36.402128384309918 ], [ 127.937333987179159, 36.402197827268985 ], [ 127.937448554517871, 36.402223863862737 ], [ 127.937520122492501, 36.402251503024537 ], [ 127.937550521442915, 36.402267670508863 ], [ 127.937577643316843, 36.402288708315105 ], [ 127.937592008455439, 36.402315559015939 ], [ 127.93761416397038, 36.402369358428615 ], [ 127.93771849356088, 36.402796395787355 ], [ 127.937743259410354, 36.402936770841208 ], [ 127.942974048357286, 36.407222244249603 ], [ 127.943076140678301, 36.407294882722738 ], [ 127.949077366514118, 36.409518174006685 ], [ 127.950730282137457, 36.410934512280903 ], [ 127.950640810066631, 36.411012262918931 ], [ 127.950496007007501, 36.411177960357357 ], [ 127.95047135307361, 36.411214027775166 ], [ 127.950458011435117, 36.411254232883884 ], [ 127.950450292222371, 36.411306023904714 ], [ 127.950444563316495, 36.41141257860675 ], [ 127.95045138208414, 36.411460018124693 ], [ 127.950479133818249, 36.411560008746854 ], [ 127.950515349909878, 36.411677940209941 ], [ 127.950580612317466, 36.411836643472412 ], [ 127.950728784232382, 36.412185743053669 ], [ 127.950787278674895, 36.41230241744725 ], [ 127.950824152132597, 36.412354846103199 ], [ 127.952142896915248, 36.413467971444213 ], [ 127.956665914362517, 36.417257249819492 ], [ 127.957377140344079, 36.417840177687282 ], [ 127.959789620965253, 36.418470741374932 ], [ 127.959890153762032, 36.418495254279158 ], [ 127.960030915916079, 36.418508893916432 ], [ 127.960160281621725, 36.418511010771581 ], [ 127.960378022519464, 36.418500889396483 ], [ 127.960594786808016, 36.41847481083613 ], [ 127.960930291859526, 36.41843102025058 ], [ 127.961281550361917, 36.418362769061517 ], [ 127.961458985422013, 36.418311791152426 ], [ 127.961573301648627, 36.418269685454128 ], [ 127.961728412009677, 36.418207254851673 ], [ 127.961921935999825, 36.418105488071781 ], [ 127.962072580848371, 36.418015603100898 ], [ 127.962243469698706, 36.417940431757707 ], [ 127.962354384768588, 36.417902599975527 ], [ 127.962429295374079, 36.417882993874279 ], [ 127.962461286939742, 36.417882736552791 ], [ 127.962511464601832, 36.417891874770497 ], [ 127.962565935868852, 36.417906135013304 ], [ 127.962609374179806, 36.417929023174409 ], [ 127.962652969598949, 36.417965606641609 ], [ 127.962706484741787, 36.418020061301405 ], [ 127.962789200156948, 36.418126984973114 ], [ 127.96287156976355, 36.418261309899016 ], [ 127.962944091395542, 36.418382109539081 ], [ 127.963035790748179, 36.41854060224771 ], [ 127.963104070983022, 36.418661427245546 ], [ 127.963188041503969, 36.418816829633379 ], [ 127.963252277357569, 36.418944003422368 ], [ 127.963273717519058, 36.418991324091884 ], [ 127.96328262558707, 36.419036587423939 ], [ 127.963497247757545, 36.420581449594543 ], [ 127.963589424433678, 36.421283327874164 ], [ 127.963578471141517, 36.42265490799273 ], [ 127.96235437692394, 36.423892820611421 ], [ 127.960893131564603, 36.425416306956869 ], [ 127.960363514626692, 36.42598187590373 ], [ 127.960314139762829, 36.426038140900481 ], [ 127.960290197128543, 36.426077361036505 ], [ 127.960289188430053, 36.426103779502988 ], [ 127.960306499720119, 36.426948701527614 ], [ 127.960492611467714, 36.427819683684888 ], [ 127.960515676988322, 36.427891222381746 ], [ 127.96221643046654, 36.433077040008712 ], [ 127.965174922220612, 36.434579523656545 ], [ 127.969038745773403, 36.436988689183508 ], [ 127.969256290856421, 36.437211404804415 ], [ 127.970325935864921, 36.43822703574034 ], [ 127.970524543000337, 36.438414463300553 ], [ 127.97069362556941, 36.438486644032679 ], [ 127.971922723960958, 36.438906489245781 ], [ 127.971972982538446, 36.438921043019228 ], [ 127.974401134657541, 36.439200172548269 ], [ 127.974512151916272, 36.439204659939428 ], [ 127.974663638445634, 36.439189916498606 ], [ 127.974928792671648, 36.439087111116343 ], [ 127.976103466886229, 36.438612535325255 ], [ 127.976788583642033, 36.438819074273397 ], [ 127.976985107651714, 36.438855494919991 ], [ 127.977244242255622, 36.438861581281579 ], [ 127.977646908613053, 36.438803855859213 ], [ 127.97783887006473, 36.438761551091631 ], [ 127.97791962854086, 36.438709169615422 ], [ 127.977988829757209, 36.43862434902767 ], [ 127.978060901719559, 36.438466055735759 ], [ 127.978115617724285, 36.438106705739372 ], [ 127.978169886004864, 36.437711918779705 ], [ 127.978205776586705, 36.437630077566261 ], [ 127.978400537756244, 36.437224062662409 ], [ 127.978458796515326, 36.437147434466659 ], [ 127.980542760801058, 36.435882308885418 ], [ 127.980649418513849, 36.435832422186373 ], [ 127.980860154030395, 36.435811682459381 ], [ 127.981140702797816, 36.435790360819631 ], [ 127.985248500856869, 36.435944204370308 ], [ 127.986503504776138, 36.436364492888096 ], [ 127.991846515596407, 36.435691132142146 ], [ 127.993588106844086, 36.435085646129522 ] ] ] ] } },
{ "type": "Feature", "properties": { "OBJECTID": 2930, "adm_nm": "경상북도 상주시 화서면", "adm_cd": "3708041", "adm_cd2": "4725041000", "sgg": "47250", "sido": "47", "sidonm": "경상북도", "sggnm": "상주시" }, "geometry": { "type": "MultiPolygon", "coordinates": [ [ [ [ 128.005971414934493, 36.459295309740767 ], [ 128.006635576165422, 36.458552686022955 ], [ 128.006816398021556, 36.458350249505372 ], [ 128.007456225195767, 36.457563058031496 ], [ 128.007755930991038, 36.456913874621826 ], [ 128.007915176726243, 36.456460967432314 ], [ 128.007929028785213, 36.455707508761037 ], [ 128.00783159139246, 36.45481911955374 ], [ 128.007066189484107, 36.449927379853904 ], [ 128.006523600824835, 36.447948181601681 ], [ 128.006022859457573, 36.447385927236795 ], [ 128.000709772456361, 36.443967365935265 ], [ 127.998909216367863, 36.443666547851308 ], [ 127.998115539031531, 36.44338404517984 ], [ 127.997621729853222, 36.442873674941737 ], [ 127.996363951670105, 36.441375504518277 ], [ 127.99614598684785, 36.441102760286817 ], [ 127.995985466234799, 36.440794009271038 ], [ 127.995878495183121, 36.440477982122282 ], [ 127.994395596026862, 36.436771748145581 ], [ 127.993588106844086, 36.435085646129522 ], [ 127.991846515596407, 36.435691132142146 ], [ 127.986503504776138, 36.436364492888096 ], [ 127.985248500856869, 36.435944204370308 ], [ 127.981140702797816, 36.435790360819631 ], [ 127.980860154030395, 36.435811682459381 ], [ 127.980649418513849, 36.435832422186373 ], [ 127.980542760801058, 36.435882308885418 ], [ 127.978458796515326, 36.437147434466659 ], [ 127.978400537756244, 36.437224062662409 ], [ 127.978205776586705, 36.437630077566261 ], [ 127.978169886004864, 36.437711918779705 ], [ 127.978115617724285, 36.438106705739372 ], [ 127.978060901719559, 36.438466055735759 ], [ 127.977988829757209, 36.43862434902767 ], [ 127.97791962854086, 36.438709169615422 ], [ 127.97783887006473, 36.438761551091631 ], [ 127.977646908613053, 36.438803855859213 ], [ 127.977244242255622, 36.438861581281579 ], [ 127.976985107651714, 36.438855494919991 ], [ 127.976788583642033, 36.438819074273397 ], [ 127.976103466886229, 36.438612535325255 ], [ 127.974928792671648, 36.439087111116343 ], [ 127.974663638445634, 36.439189916498606 ], [ 127.974512151916272, 36.439204659939428 ], [ 127.974401134657541, 36.439200172548269 ], [ 127.971972982538446, 36.438921043019228 ], [ 127.971922723960958, 36.438906489245781 ], [ 127.97069362556941, 36.438486644032679 ], [ 127.970524543000337, 36.438414463300553 ], [ 127.970325935864921, 36.43822703574034 ], [ 127.969256290856421, 36.437211404804415 ], [ 127.969038745773403, 36.436988689183508 ], [ 127.965174922220612, 36.434579523656545 ], [ 127.96221643046654, 36.433077040008712 ], [ 127.960515676988322, 36.427891222381746 ], [ 127.960492611467714, 36.427819683684888 ], [ 127.960306499720119, 36.426948701527614 ], [ 127.960289188430053, 36.426103779502988 ], [ 127.960290197128543, 36.426077361036505 ], [ 127.960314139762829, 36.426038140900481 ], [ 127.960363514626692, 36.42598187590373 ], [ 127.960893131564603, 36.425416306956869 ], [ 127.96235437692394, 36.423892820611421 ], [ 127.963578471141517, 36.42265490799273 ], [ 127.963589424433678, 36.421283327874164 ], [ 127.963497247757545, 36.420581449594543 ], [ 127.96328262558707, 36.419036587423939 ], [ 127.963273717519058, 36.418991324091884 ], [ 127.963252277357569, 36.418944003422368 ], [ 127.963188041503969, 36.418816829633379 ], [ 127.963104070983022, 36.418661427245546 ], [ 127.963035790748179, 36.41854060224771 ], [ 127.962944091395542, 36.418382109539081 ], [ 127.96287156976355, 36.418261309899016 ], [ 127.962789200156948, 36.418126984973114 ], [ 127.962706484741787, 36.418020061301405 ], [ 127.962652969598949, 36.417965606641609 ], [ 127.962609374179806, 36.417929023174409 ], [ 127.962565935868852, 36.417906135013304 ], [ 127.962511464601832, 36.417891874770497 ], [ 127.962461286939742, 36.417882736552791 ], [ 127.962429295374079, 36.417882993874279 ], [ 127.962354384768588, 36.417902599975527 ], [ 127.962243469698706, 36.417940431757707 ], [ 127.962072580848371, 36.418015603100898 ], [ 127.961921935999825, 36.418105488071781 ], [ 127.961728412009677, 36.418207254851673 ], [ 127.961573301648627, 36.418269685454128 ], [ 127.961458985422013, 36.418311791152426 ], [ 127.961281550361917, 36.418362769061517 ], [ 127.960930291859526, 36.41843102025058 ], [ 127.960594786808016, 36.41847481083613 ], [ 127.960378022519464, 36.418500889396483 ], [ 127.960160281621725, 36.418511010771581 ], [ 127.960030915916079, 36.418508893916432 ], [ 127.959890153762032, 36.418495254279158 ], [ 127.959789620965253, 36.418470741374932 ], [ 127.957377140344079, 36.417840177687282 ], [ 127.956665914362517, 36.417257249819492 ], [ 127.952142896915248, 36.413467971444213 ], [ 127.950824152132597, 36.412354846103199 ], [ 127.950787278674895, 36.41230241744725 ], [ 127.950728784232382, 36.412185743053669 ], [ 127.950580612317466, 36.411836643472412 ], [ 127.950515349909878, 36.411677940209941 ], [ 127.950479133818249, 36.411560008746854 ], [ 127.95045138208414, 36.411460018124693 ], [ 127.950444563316495, 36.41141257860675 ], [ 127.950450292222371, 36.411306023904714 ], [ 127.950458011435117, 36.411254232883884 ], [ 127.95047135307361, 36.411214027775166 ], [ 127.950496007007501, 36.411177960357357 ], [ 127.950640810066631, 36.411012262918931 ], [ 127.950730282137457, 36.410934512280903 ], [ 127.949077366514118, 36.409518174006685 ], [ 127.943076140678301, 36.407294882722738 ], [ 127.942974048357286, 36.407222244249603 ], [ 127.937743259410354, 36.402936770841208 ], [ 127.93771849356088, 36.402796395787355 ], [ 127.93761416397038, 36.402369358428615 ], [ 127.937592008455439, 36.402315559015939 ], [ 127.937577643316843, 36.402288708315105 ], [ 127.937550521442915, 36.402267670508863 ], [ 127.937520122492501, 36.402251503024537 ], [ 127.937448554517871, 36.402223863862737 ], [ 127.937333987179159, 36.402197827268985 ], [ 127.936960166400667, 36.402128384309918 ], [ 127.936793849724978, 36.402100315162087 ], [ 127.935574325233048, 36.401904665535966 ], [ 127.935572534307667, 36.402034171764676 ], [ 127.935341211654702, 36.402758703400018 ], [ 127.93521568227915, 36.40309416971504 ], [ 127.93517007326254, 36.40319527885503 ], [ 127.935097290732855, 36.403288658127209 ], [ 127.934963561607759, 36.403404061839709 ], [ 127.934811008171195, 36.403483466597073 ], [ 127.93464789988748, 36.403537454092103 ], [ 127.934415082863836, 36.403588940787152 ], [ 127.932372272842173, 36.406539048063387 ], [ 127.931895237442319, 36.408486790405725 ], [ 127.929019013278932, 36.413405803713516 ], [ 127.924157259468615, 36.413191713037847 ], [ 127.921335734225465, 36.412404946564067 ], [ 127.919755286407252, 36.411798129881547 ], [ 127.917587906039984, 36.411365567967579 ], [ 127.914211910524813, 36.41134861834847 ], [ 127.913954593226393, 36.411366613434573 ], [ 127.912328476936437, 36.411674518822991 ], [ 127.91226893965073, 36.411712368470745 ], [ 127.912202460613969, 36.41175702692972 ], [ 127.912098040448214, 36.411886155782796 ], [ 127.912032391366139, 36.412001634206604 ], [ 127.911786790124566, 36.412412611345644 ], [ 127.911226016484576, 36.41302515668125 ], [ 127.911173497960831, 36.413063035700077 ], [ 127.911078420874631, 36.413074407616492 ], [ 127.910940752425077, 36.413067429441142 ], [ 127.908799789247098, 36.412794983178578 ], [ 127.90854864006846, 36.412730028627728 ], [ 127.906196944640769, 36.412531255618063 ], [ 127.903933746226613, 36.412359842621385 ], [ 127.898436827788728, 36.412572394652109 ], [ 127.89836985820439, 36.41258362751006 ], [ 127.897828583551629, 36.412758446446311 ], [ 127.897752978236085, 36.412787126104377 ], [ 127.897651408117895, 36.412834842247662 ], [ 127.896988344497103, 36.413160885397232 ], [ 127.894771183219689, 36.414974534833846 ], [ 127.894703057571121, 36.415052094682785 ], [ 127.89461011365249, 36.415182280111686 ], [ 127.89457794788251, 36.415274515982667 ], [ 127.894299266219988, 36.418386223790954 ], [ 127.894664226452164, 36.419245336928938 ], [ 127.895009547714736, 36.41950003518042 ], [ 127.895143923068602, 36.419637978227982 ], [ 127.895317336142099, 36.419826360206365 ], [ 127.89564122872018, 36.420223865020475 ], [ 127.897352476320677, 36.42240431258768 ], [ 127.897363498263573, 36.422469914081333 ], [ 127.897292902223555, 36.422556869311215 ], [ 127.897106002831222, 36.42273848913964 ], [ 127.895287222762406, 36.425448579512903 ], [ 127.893828637598176, 36.428599111872508 ], [ 127.893404595819902, 36.429556314753732 ], [ 127.893379230321585, 36.429620026938402 ], [ 127.893378357618147, 36.429661316873094 ], [ 127.893387825042183, 36.429706488955688 ], [ 127.893427330249224, 36.429799608740502 ], [ 127.893459428109352, 36.429846795973504 ], [ 127.893566322040868, 36.429959973378217 ], [ 127.893768817909049, 36.430144015182691 ], [ 127.894046820967446, 36.430386510133054 ], [ 127.894185045544901, 36.430479180291378 ], [ 127.89431330380296, 36.430530670977511 ], [ 127.89450021504004, 36.430609478615999 ], [ 127.894695075993113, 36.430730033552109 ], [ 127.894946835421237, 36.430901609173247 ], [ 127.895127455393705, 36.431034884111213 ], [ 127.895227279352895, 36.431123893729009 ], [ 127.89531480513763, 36.431220014626064 ], [ 127.899111510562264, 36.435748914432239 ], [ 127.899051852705924, 36.436079254852977 ], [ 127.899030807924007, 36.436459066113677 ], [ 127.899075177076327, 36.437000302490603 ], [ 127.899184328709097, 36.437288936651179 ], [ 127.899378430471813, 36.437592410472597 ], [ 127.899562999711293, 36.437805752865629 ], [ 127.900582217081421, 36.438772219622329 ], [ 127.900671744429317, 36.438827589948929 ], [ 127.902415281096296, 36.439430637562324 ], [ 127.902525669019568, 36.439457828531999 ], [ 127.902610533086943, 36.439466451197944 ], [ 127.904538649111586, 36.439912548272339 ], [ 127.907032135043281, 36.440898868026501 ], [ 127.907223625519833, 36.440984566274409 ], [ 127.907326196735596, 36.441058489961044 ], [ 127.907450352964403, 36.441175760748543 ], [ 127.907653073761452, 36.441488633011147 ], [ 127.908144893903952, 36.442253553640967 ], [ 127.908309038037004, 36.442529320186317 ], [ 127.908366522151141, 36.44273425830356 ], [ 127.908351632554059, 36.442911779006167 ], [ 127.908247675790363, 36.443083716494748 ], [ 127.908257575792035, 36.443205017409007 ], [ 127.908297992891818, 36.443400802162969 ], [ 127.908388931360633, 36.443568161318204 ], [ 127.908968553965323, 36.444600155276909 ], [ 127.91014606740255, 36.445695960341993 ], [ 127.910824198772943, 36.446081311035364 ], [ 127.911851432231018, 36.446661887914452 ], [ 127.912758228105488, 36.446913886082669 ], [ 127.913348729312403, 36.447544863078043 ], [ 127.913619650168783, 36.448272436504446 ], [ 127.913803126348128, 36.449000674787172 ], [ 127.913341070444801, 36.449380798482615 ], [ 127.912040937123379, 36.45040282227324 ], [ 127.911520270564537, 36.450759833297631 ], [ 127.910925597675543, 36.451142562955248 ], [ 127.910348884546465, 36.45181919984234 ], [ 127.910277988973206, 36.451919316555781 ], [ 127.910245080066346, 36.452003636976393 ], [ 127.913309491450804, 36.457507950051635 ], [ 127.913371262306043, 36.457610291066281 ], [ 127.913510762711738, 36.457748814776409 ], [ 127.913560360418742, 36.457783036764383 ], [ 127.913656792906792, 36.457816005590495 ], [ 127.915260998221655, 36.458155179376277 ], [ 127.916417783776041, 36.458361954791279 ], [ 127.916549611370598, 36.458388592630143 ], [ 127.916654688618905, 36.458435379779559 ], [ 127.916734592417995, 36.458485406437845 ], [ 127.91920068337663, 36.460329560352008 ], [ 127.919619543965922, 36.460686233537409 ], [ 127.919818221416548, 36.460874932019898 ], [ 127.919895467364526, 36.460964178288023 ], [ 127.920852398280374, 36.46229578947078 ], [ 127.92090160066877, 36.462390577302166 ], [ 127.920961981680634, 36.462554291762764 ], [ 127.921008895664812, 36.462718927262657 ], [ 127.921005873436329, 36.462821758678515 ], [ 127.92098613623844, 36.462917079010801 ], [ 127.92093739724433, 36.463126960965198 ], [ 127.920860324018122, 36.463316248480638 ], [ 127.920801250475776, 36.463444129642909 ], [ 127.920775317284367, 36.46355326318718 ], [ 127.920768810127825, 36.46361703060677 ], [ 127.920786461831312, 36.463702859524531 ], [ 127.920810150243298, 36.4637640521292 ], [ 127.921788474639172, 36.465040956691347 ], [ 127.921862185251456, 36.465095740091748 ], [ 127.922975256354576, 36.46566159618034 ], [ 127.925472757927267, 36.466698501616229 ], [ 127.927490765901894, 36.467412406186661 ], [ 127.932054408487858, 36.466891489221787 ], [ 127.935345689988964, 36.467029872987311 ], [ 127.935397522834208, 36.467026302316903 ], [ 127.935463629374851, 36.467002451324191 ], [ 127.935546565729183, 36.466950975019905 ], [ 127.935682627585678, 36.466751381250056 ], [ 127.93575456731871, 36.466619536006924 ], [ 127.935974220413797, 36.466301795869036 ], [ 127.936142132436814, 36.466125746405602 ], [ 127.93630449167182, 36.46596137811607 ], [ 127.936453236537702, 36.46586127800493 ], [ 127.940085315470981, 36.463538783732687 ], [ 127.940211486301465, 36.463481640091182 ], [ 127.940359395748047, 36.46343388383837 ], [ 127.940427060017129, 36.463420647819632 ], [ 127.940923205211291, 36.463442712430897 ], [ 127.941051690360837, 36.463457549053039 ], [ 127.941128195812894, 36.463474973897824 ], [ 127.941249730929613, 36.463505729729739 ], [ 127.946107946012518, 36.465316123984302 ], [ 127.94621808492569, 36.4653634619511 ], [ 127.94628636529778, 36.465409504905132 ], [ 127.946318533262556, 36.465449456099947 ], [ 127.947170108540334, 36.467076517521697 ], [ 127.947207376172784, 36.467177867818869 ], [ 127.947217201285156, 36.467279438135428 ], [ 127.947393653695869, 36.469222658920209 ], [ 127.947395579900672, 36.469261838771402 ], [ 127.947384956833403, 36.469452509434724 ], [ 127.947219149345415, 36.470516339274468 ], [ 127.947033256405021, 36.471240510685774 ], [ 127.946995474554441, 36.471336066761538 ], [ 127.947013528478735, 36.471389979159262 ], [ 127.948063349147688, 36.472264402755876 ], [ 127.948288823546648, 36.472367524109508 ], [ 127.949892957763012, 36.473096812626693 ], [ 127.950474967570841, 36.473350736536474 ], [ 127.951113050157176, 36.473570033922165 ], [ 127.951406023112241, 36.473604345701524 ], [ 127.952315432940409, 36.473710810486217 ], [ 127.952503979655376, 36.473893061692472 ], [ 127.952842423855188, 36.476014020235745 ], [ 127.951655107957322, 36.4795393312775 ], [ 127.951616454553488, 36.479637135845145 ], [ 127.951574881650672, 36.479741830897936 ], [ 127.950414929417576, 36.482108560711019 ], [ 127.950361091302327, 36.482213418799397 ], [ 127.949584712559854, 36.483627943145372 ], [ 127.949461392085638, 36.483819240022171 ], [ 127.949392203929989, 36.483919546933762 ], [ 127.949325496203258, 36.483985052367977 ], [ 127.948677114082969, 36.484586566506316 ], [ 127.948586189303924, 36.484661546429884 ], [ 127.948534582103221, 36.484703669801419 ], [ 127.948479803708352, 36.484731943404839 ], [ 127.947094351405298, 36.485389573863294 ], [ 127.946416764242827, 36.485315746325746 ], [ 127.946345373022666, 36.485271521922954 ], [ 127.946302425800212, 36.485245805533857 ], [ 127.946265424719485, 36.485231596341443 ], [ 127.946194319193665, 36.485219642241553 ], [ 127.945892311187933, 36.4851803121676 ], [ 127.945585808325404, 36.485165066709342 ], [ 127.945463066153451, 36.485166037055201 ], [ 127.945222086527693, 36.485180469955949 ], [ 127.944867517452906, 36.485249865651362 ], [ 127.944165181866339, 36.485417985435987 ], [ 127.944041563602923, 36.485456445201145 ], [ 127.943908867734152, 36.485510569043285 ], [ 127.943828363364986, 36.485543455502793 ], [ 127.943121311741876, 36.485848037908291 ], [ 127.942891604668574, 36.485973752996429 ], [ 127.942835873845638, 36.48600644676408 ], [ 127.942544616133532, 36.486199424303891 ], [ 127.942376575240303, 36.486330886706895 ], [ 127.942239234409485, 36.4864621638744 ], [ 127.94219865603344, 36.486512506899359 ], [ 127.942159662416103, 36.486572189121539 ], [ 127.942145289449044, 36.486610874917318 ], [ 127.942146359399032, 36.486699353550634 ], [ 127.942151042490238, 36.486736819303907 ], [ 127.942162624348029, 36.486762755285781 ], [ 127.942198846177504, 36.48682293497766 ], [ 127.942267986352391, 36.486910864725893 ], [ 127.942356302908067, 36.486997682996233 ], [ 127.942530651121643, 36.487158142281672 ], [ 127.942663321956459, 36.487249462044041 ], [ 127.942863427284294, 36.487342590446744 ], [ 127.942951787687065, 36.487377293449264 ], [ 127.942998727016075, 36.487383143097986 ], [ 127.943098185950404, 36.487394894640268 ], [ 127.943145701010124, 36.487392446371956 ], [ 127.943243794864429, 36.48741149970737 ], [ 127.94343315835917, 36.487465157350336 ], [ 127.943510020073646, 36.487491678168162 ], [ 127.943604846565606, 36.487525264016988 ], [ 127.9436647957763, 36.487554975858941 ], [ 127.943707684928825, 36.487585902343113 ], [ 127.943743504880615, 36.487612730680468 ], [ 127.943775020479208, 36.487644756911017 ], [ 127.943808250141828, 36.487688187204768 ], [ 127.943835699663822, 36.487734882632182 ], [ 127.943849214251415, 36.487791056106055 ], [ 127.943836153408739, 36.487946325349817 ], [ 127.943828297405858, 36.487998458400995 ], [ 127.943809089492134, 36.488052768456967 ], [ 127.943782971971814, 36.488125889028474 ], [ 127.941481212201651, 36.492597722038923 ], [ 127.94069956897232, 36.494069370392786 ], [ 127.939296241441298, 36.496650932763316 ], [ 127.939938092701638, 36.497639552448931 ], [ 127.939797672679006, 36.501172584794411 ], [ 127.939524486583551, 36.50292532070997 ], [ 127.938447168930608, 36.504313800414948 ], [ 127.938193768469375, 36.504756294850267 ], [ 127.937252117044267, 36.507129334418693 ], [ 127.938161126297089, 36.507415857216252 ], [ 127.939930341821707, 36.507516160474928 ], [ 127.941654651108479, 36.507469955128869 ], [ 127.942236544269306, 36.507449040823886 ], [ 127.942797477903611, 36.507477254432622 ], [ 127.944307077807878, 36.508395285189415 ], [ 127.947256583582899, 36.509807640457829 ], [ 127.947950473547024, 36.510128426294052 ], [ 127.949073172428641, 36.510250036966795 ], [ 127.949527907231101, 36.510409549259656 ], [ 127.949845290515483, 36.510798601711201 ], [ 127.953291786701257, 36.509607612945359 ], [ 127.953592813529482, 36.509539964392872 ], [ 127.953786640557595, 36.509522098567558 ], [ 127.954242410143024, 36.509763189047852 ], [ 127.955351141459488, 36.510504796682511 ], [ 127.955655978974733, 36.51074708697206 ], [ 127.95596080835513, 36.510989379202336 ], [ 127.956680307836706, 36.511636195535139 ], [ 127.956823654631719, 36.51189608171147 ], [ 127.95717323582474, 36.512268522368103 ], [ 127.957777123040927, 36.512280003155034 ], [ 127.961469526644862, 36.510961461187975 ], [ 127.963012963271908, 36.510231190488732 ], [ 127.963749288575286, 36.50962159781858 ], [ 127.964691236357069, 36.50907562160252 ], [ 127.965209068683947, 36.50910407794202 ], [ 127.966871958950719, 36.509319028181956 ], [ 127.968321887947312, 36.509747779145364 ], [ 127.96896928815606, 36.509791467876518 ], [ 127.96963803130329, 36.509818678743521 ], [ 127.97223145680816, 36.509438665310277 ], [ 127.972961617224811, 36.509204312193354 ], [ 127.973540441660305, 36.508938587950958 ], [ 127.976928093870725, 36.503983887169312 ], [ 127.97691517581805, 36.502934061076076 ], [ 127.976783098352627, 36.502252753170097 ], [ 127.976662937203344, 36.501891956146139 ], [ 127.97647782860443, 36.501558435720327 ], [ 127.97634363866662, 36.501289200272772 ], [ 127.976244240882011, 36.500981543175421 ], [ 127.976190726851229, 36.500719229981875 ], [ 127.976001969153344, 36.498900687893673 ], [ 127.97627719950178, 36.497992198989792 ], [ 127.977562268564867, 36.493020162037546 ], [ 127.977147371539544, 36.492410527352824 ], [ 127.977123331984089, 36.492094702535695 ], [ 127.977159775363631, 36.491797397175198 ], [ 127.977629558843802, 36.489969599793298 ], [ 127.978198422718492, 36.48962603979578 ], [ 127.978358227701051, 36.489537130465052 ], [ 127.978480856349307, 36.489496162722425 ], [ 127.978603483811838, 36.489455204775318 ], [ 127.979314721883313, 36.489243743691787 ], [ 127.982023567692508, 36.48677696394433 ], [ 127.985403122174333, 36.483295437061557 ], [ 127.987931514531041, 36.481298338887498 ], [ 127.988866832426396, 36.480525284726859 ], [ 127.988490842839241, 36.480212386048336 ], [ 127.988174971295223, 36.479879848704506 ], [ 127.988067292472095, 36.47971323353012 ], [ 127.988874566843904, 36.472752734872465 ], [ 127.991427694610209, 36.467645678591985 ], [ 127.993075000442118, 36.466045128143271 ], [ 127.993339155725451, 36.465876511747545 ], [ 127.993538644137914, 36.46576323479929 ], [ 127.993738126496098, 36.465649974671265 ], [ 127.99696214793633, 36.46383171611496 ], [ 127.997142090214624, 36.463761175988594 ], [ 127.997259893775279, 36.46374397927049 ], [ 127.997377706222608, 36.463726784202251 ], [ 127.997807361091006, 36.463718796792527 ], [ 127.998226347275136, 36.463843758115949 ], [ 127.998880203931805, 36.463753823339189 ], [ 127.999854019877006, 36.46356266301909 ], [ 128.000231246956389, 36.463342488789529 ], [ 128.005522787741171, 36.459935930200395 ], [ 128.005971414934493, 36.459295309740767 ] ] ] ] } },
{ "type": "Feature", "properties": { "OBJECTID": 2931, "adm_nm": "경상북도 상주시 화북면", "adm_cd": "3708042", "adm_cd2": "4725042000", "sgg": "47250", "sido": "47", "sidonm": "경상북도", "sggnm": "상주시" }, "geometry": { "type": "MultiPolygon", "coordinates": [ [ [ [ 127.920435196076212, 36.603648520949761 ], [ 127.92224267075737, 36.602562950623017 ], [ 127.922921624976453, 36.601803081680274 ], [ 127.923429615833882, 36.601234525203402 ], [ 127.924199851365728, 36.60005128377945 ], [ 127.924364692066874, 36.599608206377418 ], [ 127.924391958580088, 36.599410298395 ], [ 127.924511239869119, 36.598694162761475 ], [ 127.92488119670972, 36.597946973070322 ], [ 127.92783338576119, 36.594346517664327 ], [ 127.929032993990731, 36.593318656318367 ], [ 127.930187041771205, 36.592892364156988 ], [ 127.930682723229438, 36.59280579004875 ], [ 127.930819650160473, 36.592705591384544 ], [ 127.932714910257886, 36.591047947763471 ], [ 127.932983189853331, 36.590786373075602 ], [ 127.933060417547892, 36.59056852326632 ], [ 127.933051416186046, 36.590484112684791 ], [ 127.932964916278365, 36.589929619993121 ], [ 127.932886075001818, 36.589581650550606 ], [ 127.932683207909506, 36.589074942121741 ], [ 127.932541500942563, 36.587579510648354 ], [ 127.932657501656024, 36.585605340325735 ], [ 127.932901904642705, 36.585349983392348 ], [ 127.93336603296521, 36.584779101565111 ], [ 127.933442153217982, 36.584470771927336 ], [ 127.933455079651807, 36.584217219015159 ], [ 127.933419888382758, 36.583945939099763 ], [ 127.932984292787026, 36.583237286315644 ], [ 127.932064506973603, 36.581759983947912 ], [ 127.931385922538496, 36.580757538752167 ], [ 127.931164546978138, 36.580270475336604 ], [ 127.930946120183705, 36.579360973515939 ], [ 127.930672165445628, 36.577964823217904 ], [ 127.930669140686376, 36.577671764720399 ], [ 127.930680494614421, 36.577600110369048 ], [ 127.930791412287491, 36.577443218257208 ], [ 127.932090480246586, 36.575610678925734 ], [ 127.932248152261337, 36.575446513030791 ], [ 127.932851087970505, 36.575140093419868 ], [ 127.933138206613108, 36.575119749445008 ], [ 127.934209052989928, 36.573898430354461 ], [ 127.934970534834349, 36.571793366595266 ], [ 127.936820696418863, 36.566419388058144 ], [ 127.937229785365432, 36.564273953400907 ], [ 127.937220345224006, 36.564153339175583 ], [ 127.937130542550747, 36.563985078668452 ], [ 127.936710780784139, 36.563590098704829 ], [ 127.935625266211261, 36.562916721186504 ], [ 127.935386874778416, 36.562671165565895 ], [ 127.933686101679768, 36.560602585346075 ], [ 127.933405293718153, 36.560146164382658 ], [ 127.933067994211797, 36.559303961575793 ], [ 127.932975822120326, 36.55827280984785 ], [ 127.933082673992743, 36.557867649842002 ], [ 127.933558394269483, 36.557278591112016 ], [ 127.936251492174009, 36.554614414861888 ], [ 127.938438257207977, 36.552986039817249 ], [ 127.939531467758442, 36.55232572893123 ], [ 127.940793232266458, 36.551748556323403 ], [ 127.941255181687595, 36.551346640712531 ], [ 127.941268359529175, 36.551117222464192 ], [ 127.940427638082355, 36.546591957818549 ], [ 127.940393542087151, 36.546411204171349 ], [ 127.940249054865362, 36.546339926582704 ], [ 127.940072519735878, 36.54625682486715 ], [ 127.939856956924629, 36.546246446947002 ], [ 127.939505985121528, 36.546255244246453 ], [ 127.938880506855767, 36.546326554443596 ], [ 127.938601188320689, 36.546322695974176 ], [ 127.938097408240182, 36.546230119800875 ], [ 127.93742389695619, 36.545957811995166 ], [ 127.936475699934547, 36.545404046754875 ], [ 127.936261456070582, 36.545170378304825 ], [ 127.935753954011119, 36.544106264328875 ], [ 127.935759105126579, 36.543870871675708 ], [ 127.935786878658362, 36.543526672180654 ], [ 127.936074871056888, 36.542595122303894 ], [ 127.936614216712954, 36.54100381015656 ], [ 127.936747208272664, 36.540785541198048 ], [ 127.937283801021735, 36.540292548458908 ], [ 127.937459136990398, 36.539947197804288 ], [ 127.937622361379198, 36.538926095059487 ], [ 127.937730968653128, 36.538007985666098 ], [ 127.937721471655067, 36.537881339179549 ], [ 127.937592736915036, 36.537791816129953 ], [ 127.937432374602551, 36.537726702720782 ], [ 127.936825312137898, 36.53766509675205 ], [ 127.935989143572428, 36.537460432578982 ], [ 127.934787536969665, 36.537053462382296 ], [ 127.934033547356563, 36.536715400927946 ], [ 127.932243756091168, 36.535753400899893 ], [ 127.930972883223205, 36.534721929062734 ], [ 127.930982877931044, 36.5340738578413 ], [ 127.931841694575056, 36.532546801659322 ], [ 127.936173258880274, 36.528232253371257 ], [ 127.939560409981539, 36.526322894482043 ], [ 127.94031278618337, 36.526202314901596 ], [ 127.941125331388477, 36.526111443506302 ], [ 127.942698989338339, 36.525966290507824 ], [ 127.943854658335539, 36.525884731811253 ], [ 127.944237507559365, 36.525881705409425 ], [ 127.946554724537648, 36.52653319244353 ], [ 127.947059208444728, 36.526692122385036 ], [ 127.950464062252848, 36.527238353868327 ], [ 127.952866714486944, 36.526877209807765 ], [ 127.953179592665705, 36.526010048607105 ], [ 127.953175195897245, 36.525651132228028 ], [ 127.95243123683079, 36.523895078787902 ], [ 127.95219044874554, 36.523603332960533 ], [ 127.949395914656364, 36.52080313623933 ], [ 127.949632778620071, 36.519006629556749 ], [ 127.949875145075652, 36.513245577303763 ], [ 127.949845290515483, 36.510798601711201 ], [ 127.949527907231101, 36.510409549259656 ], [ 127.949073172428641, 36.510250036966795 ], [ 127.947950473547024, 36.510128426294052 ], [ 127.947256583582899, 36.509807640457829 ], [ 127.944307077807878, 36.508395285189415 ], [ 127.942797477903611, 36.507477254432622 ], [ 127.942236544269306, 36.507449040823886 ], [ 127.941654651108479, 36.507469955128869 ], [ 127.939930341821707, 36.507516160474928 ], [ 127.938161126297089, 36.507415857216252 ], [ 127.937252117044267, 36.507129334418693 ], [ 127.933541144609578, 36.511416526526027 ], [ 127.933306137533549, 36.51159782473281 ], [ 127.932382769681425, 36.511915021277119 ], [ 127.930562641151056, 36.512973372368506 ], [ 127.928966889313898, 36.513866778226692 ], [ 127.928366108429572, 36.514116156262617 ], [ 127.927915081969701, 36.514266488941118 ], [ 127.927782856156938, 36.514273099769312 ], [ 127.927527173246617, 36.514285819873059 ], [ 127.927245338423518, 36.514157490088941 ], [ 127.92676768737914, 36.513883855492296 ], [ 127.926484882696641, 36.513673938053678 ], [ 127.923185407776373, 36.511823270727525 ], [ 127.918931674987292, 36.510404050977634 ], [ 127.91756707062774, 36.509876150979643 ], [ 127.917003441968163, 36.509619459377824 ], [ 127.914190382167675, 36.507846377142997 ], [ 127.913058035602731, 36.506892446122997 ], [ 127.912686931184652, 36.506503737717807 ], [ 127.912231524092562, 36.506278793166018 ], [ 127.911604799231341, 36.506153060677697 ], [ 127.910056943572641, 36.506540099007317 ], [ 127.906762612896813, 36.507528879206589 ], [ 127.906720899451315, 36.507846887008149 ], [ 127.905193757578743, 36.50908489372334 ], [ 127.904374514490499, 36.509722320052632 ], [ 127.903821035742595, 36.510159381222735 ], [ 127.903271112155181, 36.51090298920608 ], [ 127.902242019388297, 36.512714310558778 ], [ 127.902769036093432, 36.513846585417298 ], [ 127.903130505788127, 36.51611631960661 ], [ 127.903076449604342, 36.517234947792879 ], [ 127.901771218539537, 36.518363005471954 ], [ 127.90088397439726, 36.52278839398619 ], [ 127.900638184548995, 36.524720051561395 ], [ 127.900713354991794, 36.525422872087937 ], [ 127.900970004099094, 36.526358783261237 ], [ 127.901330652588399, 36.526626595716948 ], [ 127.901850225427566, 36.527109644124621 ], [ 127.901967387500363, 36.527577682015838 ], [ 127.902017093071009, 36.528010150958217 ], [ 127.901929594316414, 36.528173141923375 ], [ 127.898689892732193, 36.530163417875272 ], [ 127.897933045926123, 36.530421604997549 ], [ 127.896196307544244, 36.530975715590714 ], [ 127.895656882856514, 36.53070922746452 ], [ 127.894826354957829, 36.530390807628983 ], [ 127.893661261688635, 36.530129001590758 ], [ 127.892413207436903, 36.530426896996559 ], [ 127.890883724418543, 36.531520449861326 ], [ 127.889908744719733, 36.532249141501559 ], [ 127.88846506915344, 36.533035404824723 ], [ 127.887394495391433, 36.533223728620918 ], [ 127.887148879493012, 36.53324357774278 ], [ 127.884941475776046, 36.533692797971057 ], [ 127.884452919330172, 36.533966945646476 ], [ 127.883546933305084, 36.534875434450669 ], [ 127.883017154699871, 36.535456499946498 ], [ 127.881480695929795, 36.535954790769864 ], [ 127.878775825635714, 36.535902568529814 ], [ 127.878013570778549, 36.535691766036678 ], [ 127.877454473790564, 36.5356597952225 ], [ 127.877031089673835, 36.535771117498932 ], [ 127.874120579304545, 36.537307434605509 ], [ 127.873679498102604, 36.537833698625157 ], [ 127.873394240034187, 36.538304699414674 ], [ 127.873646948976912, 36.538916064812625 ], [ 127.873970567604673, 36.539869571765152 ], [ 127.873974218977494, 36.540194187645824 ], [ 127.873954500684803, 36.540428786480732 ], [ 127.873739527601671, 36.541187866743485 ], [ 127.873542233998236, 36.541531977992676 ], [ 127.873032044322471, 36.541878384267868 ], [ 127.8721664866369, 36.542425767406861 ], [ 127.870676548340441, 36.543103949857645 ], [ 127.871206950900586, 36.544560965794652 ], [ 127.872340639480029, 36.549981381926962 ], [ 127.873361111143325, 36.555258317639037 ], [ 127.873413116820728, 36.555907197718113 ], [ 127.873219029828277, 36.556539871115476 ], [ 127.872257323563332, 36.558494717890341 ], [ 127.872125228400023, 36.558676045947941 ], [ 127.870789224012753, 36.559154707786604 ], [ 127.8703669216642, 36.559374223149604 ], [ 127.868793868886371, 36.560648167496865 ], [ 127.868536282607224, 36.561605901629008 ], [ 127.868563683560026, 36.562056590598054 ], [ 127.868037031758178, 36.562944163266586 ], [ 127.86781709897312, 36.563270407474327 ], [ 127.862139495569139, 36.567405567427109 ], [ 127.857732565075949, 36.569222803902463 ], [ 127.857576464516086, 36.569260012964548 ], [ 127.85525746057796, 36.569835738509383 ], [ 127.853630505279952, 36.570316285281883 ], [ 127.853430475613422, 36.570425931492309 ], [ 127.853145972351655, 36.5709870687215 ], [ 127.852839491301751, 36.571584421451483 ], [ 127.851946562363253, 36.57171703957691 ], [ 127.850492697632021, 36.57167330419724 ], [ 127.848143919613975, 36.571581786418164 ], [ 127.847826185896011, 36.571151194919054 ], [ 127.847622992823062, 36.570972278443811 ], [ 127.846701024696898, 36.570491874621979 ], [ 127.845959286540435, 36.570136422803586 ], [ 127.845060672548229, 36.569745991399557 ], [ 127.844433285328861, 36.569624185142928 ], [ 127.843807279893184, 36.56962861004412 ], [ 127.843204217586461, 36.569686977398263 ], [ 127.839813667672175, 36.570432286117715 ], [ 127.835687771804245, 36.571417112077313 ], [ 127.831885843929385, 36.573434067273652 ], [ 127.831378168770101, 36.574050797009718 ], [ 127.830932329275427, 36.574180151710962 ], [ 127.830129721798841, 36.574402152694901 ], [ 127.827708038002299, 36.573769679249622 ], [ 127.827438007609416, 36.57360925044901 ], [ 127.827477163413405, 36.573085931914541 ], [ 127.827246084991458, 36.572384156334778 ], [ 127.826744606865262, 36.571485861781973 ], [ 127.826472472722486, 36.57112701909081 ], [ 127.824322856422697, 36.570835278277855 ], [ 127.823875306261741, 36.570802295509957 ], [ 127.82404637355242, 36.570999431301672 ], [ 127.82406849929977, 36.571290948171168 ], [ 127.824070777417916, 36.571505836158053 ], [ 127.824053372545677, 36.571659468169337 ], [ 127.821185153278634, 36.573981832706451 ], [ 127.815917884763394, 36.578039814407781 ], [ 127.812755838863879, 36.579611787637553 ], [ 127.812241976327797, 36.579615283902427 ], [ 127.810493771897299, 36.579888137479486 ], [ 127.80882198242999, 36.580191128307014 ], [ 127.807322284774912, 36.580569701140313 ], [ 127.804649868482954, 36.581662269661564 ], [ 127.804428957310137, 36.582385254168038 ], [ 127.804376939375445, 36.582876823147828 ], [ 127.804229298347138, 36.583322983163491 ], [ 127.802869393386132, 36.584345284642822 ], [ 127.801032680697432, 36.585278662340798 ], [ 127.800729102040719, 36.585372798123764 ], [ 127.80019758635791, 36.585514509024648 ], [ 127.798794238486551, 36.58787256398589 ], [ 127.797593125231941, 36.591395898935609 ], [ 127.797408608973242, 36.591965109541981 ], [ 127.797177224532533, 36.593532425619415 ], [ 127.797018514626188, 36.594761545584966 ], [ 127.797021730123618, 36.598783390018916 ], [ 127.797222182417102, 36.599764490716233 ], [ 127.797475345780541, 36.600315427565093 ], [ 127.79840808894663, 36.602280805215834 ], [ 127.799414957936335, 36.602138573566442 ], [ 127.801121757222489, 36.601969059968624 ], [ 127.802384644061135, 36.602208980689127 ], [ 127.806511787236985, 36.603152245889589 ], [ 127.807076873665935, 36.603622688312115 ], [ 127.807391769215087, 36.604275477984523 ], [ 127.808777340826197, 36.605530756793684 ], [ 127.814833519053664, 36.608764150865625 ], [ 127.816711102296267, 36.608841644814206 ], [ 127.817489258374025, 36.608650201866404 ], [ 127.817565159328922, 36.608631523420726 ], [ 127.819449115118189, 36.608167981594356 ], [ 127.822038259531226, 36.609977062274154 ], [ 127.822790908894873, 36.612440895811908 ], [ 127.82378688891913, 36.61255118209651 ], [ 127.826067582207386, 36.611532437256066 ], [ 127.827462807175806, 36.611025943513745 ], [ 127.828954834987684, 36.611715660186803 ], [ 127.829971178809743, 36.61245385332635 ], [ 127.832210587651247, 36.612302748086712 ], [ 127.8349926955364, 36.610521854667333 ], [ 127.836441429025413, 36.609789031468914 ], [ 127.837946152725664, 36.609055837142037 ], [ 127.838593075125047, 36.608876906990716 ], [ 127.840543444829606, 36.608337493356977 ], [ 127.842059359139284, 36.608642972277238 ], [ 127.84763085374523, 36.6109521877679 ], [ 127.848480299647875, 36.611781739973452 ], [ 127.849611580366428, 36.61276735146113 ], [ 127.853255953974227, 36.613012358385284 ], [ 127.854591764689687, 36.612212399058897 ], [ 127.856944899892468, 36.612218097536335 ], [ 127.859057188370642, 36.613241747746187 ], [ 127.856728132773355, 36.617955770356666 ], [ 127.853480669135578, 36.61815970335612 ], [ 127.851079759850677, 36.618922091876122 ], [ 127.847474940758246, 36.624887099915561 ], [ 127.847571590216987, 36.626038156123784 ], [ 127.848318517932213, 36.627726565276973 ], [ 127.848207826461959, 36.630414760473066 ], [ 127.848005121023675, 36.633362056493752 ], [ 127.851629183713783, 36.633648844488214 ], [ 127.857223575614213, 36.633447113463504 ], [ 127.861584371536665, 36.6342262458137 ], [ 127.862066602069902, 36.634357915610202 ], [ 127.862698291333075, 36.634857980806338 ], [ 127.863767668203408, 36.636508260639282 ], [ 127.863836159635028, 36.636633917930133 ], [ 127.864008111884615, 36.639071665438067 ], [ 127.864464759385086, 36.639875205592141 ], [ 127.86647393959764, 36.640341296736224 ], [ 127.867556527019914, 36.641826907403782 ], [ 127.868616283298223, 36.643175356034369 ], [ 127.870550966169944, 36.643939185351549 ], [ 127.870393493437646, 36.644888823066836 ], [ 127.870335540019212, 36.647215290716694 ], [ 127.872449474549882, 36.648283839806538 ], [ 127.873172459966895, 36.650265852838558 ], [ 127.87328656943555, 36.652929807725187 ], [ 127.874071009530851, 36.655385609004377 ], [ 127.874835884304701, 36.656102668073153 ], [ 127.876328684573735, 36.656746609756169 ], [ 127.879780999000914, 36.657562947150637 ], [ 127.881699223539243, 36.650858067081558 ], [ 127.882014488393082, 36.648603065422407 ], [ 127.882347113539112, 36.646223753914697 ], [ 127.884472375417133, 36.643362562096918 ], [ 127.886204671720179, 36.642219491192215 ], [ 127.889145014378812, 36.640279140628252 ], [ 127.889605201852504, 36.638170562743305 ], [ 127.889890423835098, 36.636863557050908 ], [ 127.888191165573957, 36.635295407066586 ], [ 127.888019698431066, 36.635003109525073 ], [ 127.888374355652218, 36.634164886590163 ], [ 127.888721772561169, 36.632694416101089 ], [ 127.888651238387013, 36.631430297076982 ], [ 127.889413168867051, 36.62945989124438 ], [ 127.890004241167588, 36.629140112130536 ], [ 127.891529449663736, 36.628314935735943 ], [ 127.893434533592014, 36.628300690033093 ], [ 127.894213173493938, 36.62817806806892 ], [ 127.894996137769226, 36.627656671861253 ], [ 127.896264925455583, 36.626499838231474 ], [ 127.897837733606551, 36.62642448061527 ], [ 127.900813160112193, 36.626732182069681 ], [ 127.902127512115072, 36.627587693977709 ], [ 127.903842660623894, 36.6277184609743 ], [ 127.907189785332136, 36.626974285015031 ], [ 127.908752823412939, 36.626312665932325 ], [ 127.909727728924068, 36.625730201846821 ], [ 127.910284644029005, 36.624469763040246 ], [ 127.910981450844261, 36.621777061626602 ], [ 127.912209915554357, 36.619035129100908 ], [ 127.91317707037237, 36.617898585981727 ], [ 127.914589183984944, 36.616487628674584 ], [ 127.916431797697257, 36.61121165320224 ], [ 127.916366173649465, 36.610399151258541 ], [ 127.915916715397245, 36.607918475658664 ], [ 127.915532898695488, 36.606250273297853 ], [ 127.920435196076212, 36.603648520949761 ] ] ] ] } },
{ "type": "Feature", "properties": { "OBJECTID": 2932, "adm_nm": "경상북도 상주시 외서면", "adm_cd": "3708043", "adm_cd2": "4725043000", "sgg": "47250", "sido": "47", "sidonm": "경상북도", "sggnm": "상주시" }, "geometry": { "type": "MultiPolygon", "coordinates": [ [ [ [ 127.979471200156937, 36.514072995288082 ], [ 127.980869726337957, 36.513029599924693 ], [ 127.981108212957196, 36.512967305146752 ], [ 127.983275900166802, 36.51252102864337 ], [ 127.983555707845383, 36.512573051222191 ], [ 127.983937553406108, 36.512811285710171 ], [ 127.984452720377064, 36.513187219244742 ], [ 127.984805519944686, 36.513335179232705 ], [ 127.985076662676661, 36.51333294376429 ], [ 127.985307009455482, 36.513258617844571 ], [ 127.987497773967434, 36.512118120095685 ], [ 127.987797970057443, 36.511892350848655 ], [ 127.988443307303626, 36.511211158135353 ], [ 127.988633313457854, 36.511100972135573 ], [ 127.988883749943128, 36.511038545270559 ], [ 127.989281307748442, 36.510944725354975 ], [ 127.989720056715029, 36.510953184143304 ], [ 127.990047639003933, 36.510998715473953 ], [ 127.990295768994301, 36.511069085375382 ], [ 127.990600240868503, 36.511181222487728 ], [ 127.991480988146762, 36.511765286098303 ], [ 127.992310518281613, 36.512398064592247 ], [ 127.992558572891681, 36.512462385453212 ], [ 127.992773582723089, 36.51243646440814 ], [ 127.993337541799065, 36.512256765477225 ], [ 127.99567236703605, 36.511790774384551 ], [ 127.999219351170836, 36.511913302618964 ], [ 128.001134549666745, 36.512475343763121 ], [ 128.002203106751722, 36.513098900867845 ], [ 128.00493703374508, 36.513574586153311 ], [ 128.01355007552624, 36.514344264447786 ], [ 128.016556981299033, 36.515163592969856 ], [ 128.016629253287704, 36.515151751523334 ], [ 128.017525558405225, 36.514905128586228 ], [ 128.019809642516663, 36.514157356142718 ], [ 128.019913588005977, 36.514097723789931 ], [ 128.020011558822119, 36.514033151898161 ], [ 128.020109848399642, 36.513940802239574 ], [ 128.020224542295296, 36.513832216959543 ], [ 128.020337713522366, 36.513684407379564 ], [ 128.020408092674188, 36.513559121896975 ], [ 128.020507267178061, 36.513398115667997 ], [ 128.020562999714912, 36.51331030649461 ], [ 128.020663760306036, 36.513185274114413 ], [ 128.020804853956264, 36.513068748868029 ], [ 128.021852685788787, 36.512299278650708 ], [ 128.021993570858484, 36.512199094505497 ], [ 128.022142284255267, 36.512121853514074 ], [ 128.022441098731889, 36.51201478772122 ], [ 128.022603691554565, 36.511958927688887 ], [ 128.022816455394718, 36.511890891785661 ], [ 128.022873498119111, 36.511880196017543 ], [ 128.022962495185567, 36.511872951739491 ], [ 128.023096353650288, 36.511866391453339 ], [ 128.023186927760236, 36.511863819810216 ], [ 128.023292608290035, 36.511872977136065 ], [ 128.024078309910522, 36.511941616803675 ], [ 128.026787841704333, 36.512178547352505 ], [ 128.029928367926885, 36.51313672806679 ], [ 128.029978362872328, 36.513154435099374 ], [ 128.030163855141438, 36.513232059851411 ], [ 128.030245749624669, 36.513266646317888 ], [ 128.030290295162672, 36.513291949186559 ], [ 128.030358111143983, 36.513333713742796 ], [ 128.031234496707157, 36.513890065434659 ], [ 128.031297368152451, 36.513930477574725 ], [ 128.031486376498208, 36.514056686543874 ], [ 128.031654788013213, 36.514183390883865 ], [ 128.031816539893896, 36.514317354744755 ], [ 128.031919747933159, 36.514391669921103 ], [ 128.031973647365533, 36.514426011303371 ], [ 128.032012915073295, 36.514446279611882 ], [ 128.032046092825198, 36.514460193314477 ], [ 128.032105194335088, 36.514473299916837 ], [ 128.032171694377354, 36.514487810482294 ], [ 128.033289238847402, 36.51468674452321 ], [ 128.033549208600846, 36.514731419027598 ], [ 128.03358833437261, 36.514733696110994 ], [ 128.033624552694903, 36.514732017762377 ], [ 128.033662463859855, 36.514729650291414 ], [ 128.0336963177283, 36.514721935202608 ], [ 128.035630671664563, 36.514280159448823 ], [ 128.035699694321039, 36.514257776143992 ], [ 128.035746022484602, 36.514238209160162 ], [ 128.035801579597887, 36.514206754927457 ], [ 128.035927352059218, 36.514122971987604 ], [ 128.03596985974923, 36.51408077356772 ], [ 128.037897277826659, 36.512932724274798 ], [ 128.040839735463038, 36.511380582807647 ], [ 128.043997325262893, 36.510230057046996 ], [ 128.044283824401589, 36.510126974749824 ], [ 128.044477521637617, 36.510074324581097 ], [ 128.044608431668678, 36.510039127225973 ], [ 128.044673597065668, 36.510027697015254 ], [ 128.045507409740139, 36.50989939722141 ], [ 128.045569236867152, 36.509892576760308 ], [ 128.045820221143487, 36.509866339750637 ], [ 128.046248491770285, 36.509847802547597 ], [ 128.046513207266628, 36.509844278637061 ], [ 128.046604130144601, 36.509846662131729 ], [ 128.04667893299515, 36.509855921288995 ], [ 128.046819028477557, 36.509877300260698 ], [ 128.04688634156534, 36.509892470532584 ], [ 128.050107260643728, 36.510633012212516 ], [ 128.051668100630508, 36.511509243863124 ], [ 128.051847409696222, 36.511731856067861 ], [ 128.051921315936141, 36.511800723569628 ], [ 128.052016224573464, 36.511881546053843 ], [ 128.052427447729997, 36.512144090689382 ], [ 128.052575850893078, 36.512235193647591 ], [ 128.052629174814456, 36.512260565585777 ], [ 128.052762004012692, 36.512297065100952 ], [ 128.054202293874766, 36.512667532212994 ], [ 128.054310856540837, 36.51269401162503 ], [ 128.054354725569254, 36.512694348668077 ], [ 128.054401931980237, 36.512688164927511 ], [ 128.056375763389553, 36.512353329992116 ], [ 128.060687216291285, 36.511498016347154 ], [ 128.060786076275008, 36.511051796450516 ], [ 128.060808632767902, 36.510933832218413 ], [ 128.060901815235724, 36.51035037939824 ], [ 128.060942341327348, 36.510091450704614 ], [ 128.062960943652286, 36.507522521851449 ], [ 128.065867071174551, 36.504243791385811 ], [ 128.06590816965732, 36.504204725332038 ], [ 128.065957375617273, 36.504165724475271 ], [ 128.071241125424194, 36.501568424090415 ], [ 128.071665995262606, 36.501415199300176 ], [ 128.072749562670737, 36.501251963788334 ], [ 128.072916730147995, 36.50125485459678 ], [ 128.074041115470862, 36.500408965422523 ], [ 128.075055769557736, 36.499581157723824 ], [ 128.07577077299166, 36.49876029516367 ], [ 128.076269271635823, 36.497845396911885 ], [ 128.076551715038136, 36.497293793764136 ], [ 128.077047726193342, 36.496502846774177 ], [ 128.077374406013348, 36.495981912329817 ], [ 128.078172596911799, 36.495187887751477 ], [ 128.078654975267483, 36.494851326623248 ], [ 128.079170806541384, 36.494676130317622 ], [ 128.079487007223065, 36.494662494945736 ], [ 128.079534841477027, 36.494690169629173 ], [ 128.080136585025684, 36.495038657680695 ], [ 128.080986231285721, 36.495764365364614 ], [ 128.082227417772003, 36.496832795161694 ], [ 128.083043880243565, 36.49762576863646 ], [ 128.083677109730871, 36.498270916090618 ], [ 128.084202440795337, 36.499205315343573 ], [ 128.084386137580452, 36.499756640774081 ], [ 128.08491951575283, 36.500401830416671 ], [ 128.085785809342099, 36.501033365426537 ], [ 128.086718570947454, 36.501543786257635 ], [ 128.088542388450605, 36.50243687901019 ], [ 128.090382870901379, 36.503343566673159 ], [ 128.093347723357653, 36.505214702897021 ], [ 128.0934161273737, 36.505261120956007 ], [ 128.093552415820199, 36.505362805094876 ], [ 128.093612368273824, 36.505418344133837 ], [ 128.093857820136378, 36.505675982126718 ], [ 128.093952361594717, 36.505785908708496 ], [ 128.093982984454499, 36.505822856723967 ], [ 128.094033114497165, 36.505907984022706 ], [ 128.094109230889472, 36.506039819510534 ], [ 128.094131463129258, 36.506081599862284 ], [ 128.094726921317999, 36.507408127875841 ], [ 128.094858550921145, 36.507748751025908 ], [ 128.094908852813262, 36.5078840637563 ], [ 128.094913740877644, 36.507918962718868 ], [ 128.094722371279062, 36.509226651333627 ], [ 128.094691735400602, 36.509352163488323 ], [ 128.094494317389774, 36.510037220681241 ], [ 128.095799108693058, 36.509685486752588 ], [ 128.102294147780412, 36.507761580570893 ], [ 128.102376870429651, 36.507729339832032 ], [ 128.103294727750097, 36.507287441035444 ], [ 128.10519379926717, 36.506241067293388 ], [ 128.105264777558943, 36.506193120451172 ], [ 128.107909299332078, 36.503897253434978 ], [ 128.10797243792581, 36.503842419578902 ], [ 128.108000583102921, 36.503811382523232 ], [ 128.10802080515262, 36.503777870648037 ], [ 128.108031031243996, 36.503750697702138 ], [ 128.108471716478448, 36.502268554507914 ], [ 128.10861729674545, 36.500939485954476 ], [ 128.108569352216136, 36.49986950034598 ], [ 128.108382252058078, 36.49896857198344 ], [ 128.108099872392359, 36.496378221124026 ], [ 128.108075645016953, 36.495646121006189 ], [ 128.108329758283986, 36.494594620492194 ], [ 128.108584160962863, 36.493749636338023 ], [ 128.109252642482687, 36.48995697255549 ], [ 128.109838953562587, 36.485591824900794 ], [ 128.11011616529089, 36.484483997514708 ], [ 128.110509650466355, 36.483469918003991 ], [ 128.110764708768528, 36.483150547814063 ], [ 128.110952481463471, 36.482935789819692 ], [ 128.111446932285673, 36.482670165169303 ], [ 128.116267596955311, 36.48151218053345 ], [ 128.120295306016175, 36.48120672471854 ], [ 128.124299720596582, 36.481527753766457 ], [ 128.124393958817251, 36.481524805887069 ], [ 128.124474899454299, 36.481507290675573 ], [ 128.124574070423961, 36.481464520764547 ], [ 128.124727687518543, 36.481367793680697 ], [ 128.124864798876189, 36.481181224016083 ], [ 128.125014147169935, 36.480954384735959 ], [ 128.125114428305864, 36.480741149115431 ], [ 128.125189250499744, 36.480485886965901 ], [ 128.125182539348742, 36.480319166056468 ], [ 128.125152266002232, 36.480195666883681 ], [ 128.125016030131121, 36.480024896959009 ], [ 128.124982490498724, 36.479936248136681 ], [ 128.125021939973919, 36.479744410168401 ], [ 128.125135566842999, 36.479621996240802 ], [ 128.125382377172372, 36.479430770991961 ], [ 128.125509178021503, 36.479360058456336 ], [ 128.125630684624412, 36.479305118348059 ], [ 128.126869678730998, 36.479110162460486 ], [ 128.127477766377353, 36.479042514187228 ], [ 128.12859236733334, 36.479262333723327 ], [ 128.128652525718962, 36.479288358815694 ], [ 128.134500262151079, 36.483438924730706 ], [ 128.136067871774998, 36.486341917137629 ], [ 128.136167493245409, 36.486678831798201 ], [ 128.136217841053622, 36.486809440166169 ], [ 128.136283541511176, 36.486856436844228 ], [ 128.140976175507632, 36.488169946942719 ], [ 128.141068154151014, 36.488182245139029 ], [ 128.141255352091321, 36.488174278706204 ], [ 128.141341935470223, 36.488153991075485 ], [ 128.141405699091081, 36.488114914303338 ], [ 128.141549986267364, 36.487976670943574 ], [ 128.141681837932083, 36.48776829146238 ], [ 128.142875483491537, 36.485614660016516 ], [ 128.146521132140322, 36.48793141625513 ], [ 128.146657703243989, 36.488076598975503 ], [ 128.147070453275319, 36.488394727775677 ], [ 128.147196209493558, 36.488477027328706 ], [ 128.148674853942566, 36.489237850439153 ], [ 128.14917223539382, 36.489472837531338 ], [ 128.149531519773234, 36.489628048495888 ], [ 128.149704598108002, 36.489688522884101 ], [ 128.150604098927573, 36.489988284508989 ], [ 128.151082901054082, 36.490141942901317 ], [ 128.151467587756713, 36.490239990194404 ], [ 128.151932480549902, 36.490333003063157 ], [ 128.151665622393153, 36.495458845906818 ], [ 128.151702697950128, 36.49556727262442 ], [ 128.151803371644405, 36.495691639338624 ], [ 128.153345414703153, 36.496839861910544 ], [ 128.154808001757743, 36.498048537560678 ], [ 128.156595675662004, 36.49952712409835 ], [ 128.159787470946554, 36.502372889962551 ], [ 128.160330391334952, 36.502881556338238 ], [ 128.162171256856936, 36.50481549551597 ], [ 128.164070771090309, 36.508580359492065 ], [ 128.163736258588358, 36.509478869005349 ], [ 128.163719098617605, 36.509538762755838 ], [ 128.16372392551213, 36.509601060173871 ], [ 128.163745293396175, 36.50966345847705 ], [ 128.163796754945565, 36.509739404736344 ], [ 128.163894697280995, 36.509844572235295 ], [ 128.164017406496015, 36.509949923625911 ], [ 128.165680190006213, 36.511000391346741 ], [ 128.165816982527218, 36.51107692606351 ], [ 128.165929304771737, 36.511124396766768 ], [ 128.166749714598438, 36.511356892961807 ], [ 128.16715705731383, 36.51144379175954 ], [ 128.167533588070171, 36.511490897230388 ], [ 128.167863437056809, 36.511528771896387 ], [ 128.168199037946266, 36.51154445548309 ], [ 128.168303719167284, 36.511535168690735 ], [ 128.16834529365812, 36.511507680743215 ], [ 128.168596853629225, 36.511109907130809 ], [ 128.16926130757895, 36.510126624731164 ], [ 128.169300142976795, 36.510098000602298 ], [ 128.169333349248689, 36.510082657380195 ], [ 128.169366365874453, 36.510082902134798 ], [ 128.17164009881094, 36.510320158124188 ], [ 128.17170605899733, 36.51032728900271 ], [ 128.171774718034271, 36.51034109827679 ], [ 128.171829491825321, 36.510365944335319 ], [ 128.171884220147177, 36.510395216083424 ], [ 128.17280317441589, 36.511035657727071 ], [ 128.173257296866268, 36.511399408790922 ], [ 128.173312408816486, 36.51144884243309 ], [ 128.176614780896045, 36.511603450887108 ], [ 128.178144240752488, 36.511413822412528 ], [ 128.178167175956702, 36.51118521712835 ], [ 128.178231061131811, 36.510883342297845 ], [ 128.17830201416831, 36.510632575561203 ], [ 128.178376312111084, 36.51042168377402 ], [ 128.178518005863168, 36.510175501674915 ], [ 128.178580870772095, 36.510089101438638 ], [ 128.17864478637108, 36.510024187822687 ], [ 128.178832061176422, 36.509899922540932 ], [ 128.179121616080096, 36.509751386042502 ], [ 128.179275396883696, 36.509697631252223 ], [ 128.179354346907559, 36.509661410189118 ], [ 128.179421562457662, 36.509626123150419 ], [ 128.179520804889336, 36.509567568061158 ], [ 128.179573527283367, 36.509529097364471 ], [ 128.179615094102502, 36.509498757712457 ], [ 128.179727699140244, 36.509372894346491 ], [ 128.18146814631163, 36.507397349001245 ], [ 128.181835348371237, 36.506901066152771 ], [ 128.182220254730481, 36.505786975510674 ], [ 128.182417258234068, 36.504560586837677 ], [ 128.182298563850026, 36.504326820023088 ], [ 128.18211985037081, 36.504056114762804 ], [ 128.181652540326809, 36.503589972750824 ], [ 128.181469140735743, 36.503425891958209 ], [ 128.180904887550497, 36.503364340177598 ], [ 128.180723462914074, 36.503352648167017 ], [ 128.180242083212846, 36.503311772220371 ], [ 128.17943629239366, 36.503149433448684 ], [ 128.17930590645966, 36.50311247434086 ], [ 128.179183004707625, 36.50307541839139 ], [ 128.179062388467202, 36.503024253454889 ], [ 128.178961647676374, 36.502966829756097 ], [ 128.178905872488485, 36.502910973822672 ], [ 128.177696204918078, 36.501483078439385 ], [ 128.177000488868714, 36.500234323647192 ], [ 128.176890339062851, 36.499973954403607 ], [ 128.176804654684446, 36.499454157610849 ], [ 128.176812971907964, 36.499078850049173 ], [ 128.176874983756505, 36.498519988020206 ], [ 128.177035966916094, 36.498082576104224 ], [ 128.177222233718737, 36.497715505161359 ], [ 128.177406984048105, 36.497441295292219 ], [ 128.177535695500154, 36.497179072412941 ], [ 128.177589995246166, 36.496972488947037 ], [ 128.177614422117756, 36.49671654756979 ], [ 128.177576021037254, 36.496290492809706 ], [ 128.175782623377216, 36.489862984248091 ], [ 128.17573624052244, 36.48872951082744 ], [ 128.175561970774737, 36.488087624766926 ], [ 128.174807624636571, 36.485724637357755 ], [ 128.174698493925234, 36.485488236834399 ], [ 128.17419668113277, 36.484905907885135 ], [ 128.174003841530634, 36.484727147523465 ], [ 128.17383313656569, 36.484379807929074 ], [ 128.173808361556894, 36.484329371723391 ], [ 128.173686254150653, 36.482640379586378 ], [ 128.173695263452913, 36.482585742708089 ], [ 128.173990205036716, 36.480797052529489 ], [ 128.173952668279469, 36.480190046105875 ], [ 128.173699032770145, 36.479151159493597 ], [ 128.173316810430009, 36.477929142358064 ], [ 128.172803538594877, 36.476681391772438 ], [ 128.172333079643465, 36.475823134842543 ], [ 128.171059317639134, 36.473545477629067 ], [ 128.170810847101819, 36.473407191859351 ], [ 128.170579998491661, 36.473351353719941 ], [ 128.169856176081765, 36.473202931152784 ], [ 128.169252081957126, 36.472991131328207 ], [ 128.168877156796611, 36.472596934541471 ], [ 128.168536475119538, 36.470736260266797 ], [ 128.168444350247569, 36.47005972606523 ], [ 128.168440285046756, 36.46998899870156 ], [ 128.168438679845764, 36.469960903265516 ], [ 128.168399577565992, 36.46928028020735 ], [ 128.167651365165767, 36.466602633423932 ], [ 128.166348465260455, 36.467846795526491 ], [ 128.166270345320186, 36.467901856616713 ], [ 128.166114648995062, 36.467963356506054 ], [ 128.164808949099921, 36.468440990558115 ], [ 128.163996987162562, 36.468657826332795 ], [ 128.150911328872212, 36.471792354966915 ], [ 128.150209537871859, 36.471860552742427 ], [ 128.147805800509104, 36.471900267409701 ], [ 128.146001262790946, 36.472332866575428 ], [ 128.145814196433633, 36.472344100336827 ], [ 128.145106153136283, 36.472386610846407 ], [ 128.144969510215532, 36.472339504686339 ], [ 128.143992216492677, 36.472002522086889 ], [ 128.142841625118336, 36.471565496338755 ], [ 128.138169308558219, 36.469410574714409 ], [ 128.13807721345762, 36.469312119546977 ], [ 128.137501813877691, 36.46742744583851 ], [ 128.137430375103719, 36.467148633308952 ], [ 128.137509234276109, 36.466758048713338 ], [ 128.137794241388718, 36.466263667324341 ], [ 128.138227969541759, 36.465800436728081 ], [ 128.139022552128296, 36.464723000556148 ], [ 128.139519491758648, 36.463598288936439 ], [ 128.139907219637593, 36.461409953952142 ], [ 128.139940910565713, 36.460955048115935 ], [ 128.139820214775284, 36.460637903653257 ], [ 128.139556896186775, 36.4602580256472 ], [ 128.13945404089003, 36.460056715528275 ], [ 128.139372318488313, 36.459670426098953 ], [ 128.139627018428882, 36.45910142214629 ], [ 128.140983168453687, 36.456610195014335 ], [ 128.142323091712768, 36.453942897811125 ], [ 128.142351928649504, 36.453845835810085 ], [ 128.142361728237802, 36.452932163053305 ], [ 128.142350363543386, 36.452813609038643 ], [ 128.141998491928803, 36.452091278227364 ], [ 128.141936953712388, 36.451970120891822 ], [ 128.141821723346538, 36.451798310645358 ], [ 128.141735269420025, 36.45171290760787 ], [ 128.141653853378074, 36.451644495217892 ], [ 128.141515031167387, 36.4515516466791 ], [ 128.141357402065267, 36.451484730881724 ], [ 128.141146876694592, 36.451394209909779 ], [ 128.140983565187156, 36.451304002084605 ], [ 128.140872410440949, 36.451238202753196 ], [ 128.140763306576588, 36.451144141702187 ], [ 128.140644899350292, 36.450998341460085 ], [ 128.140533703052114, 36.450778513702097 ], [ 128.140479688350922, 36.450631852962481 ], [ 128.140469193786402, 36.450473506812095 ], [ 128.140560006222756, 36.449048802640085 ], [ 128.140819389061448, 36.447527188730724 ], [ 128.140032531974327, 36.447810792780579 ], [ 128.139655309994367, 36.447936657022325 ], [ 128.139502070025031, 36.447979234228768 ], [ 128.139332342632457, 36.447994975946514 ], [ 128.139187195941645, 36.448000991030419 ], [ 128.13905957776791, 36.448001497627573 ], [ 128.138949602305644, 36.447987965995523 ], [ 128.133952709907703, 36.446360318666457 ], [ 128.130891042208304, 36.445199491504141 ], [ 128.130771149732794, 36.445135041400746 ], [ 128.130673710350408, 36.445094759258502 ], [ 128.130560325557781, 36.445074142084302 ], [ 128.13045030756237, 36.445064871468581 ], [ 128.129493940445968, 36.445269828639894 ], [ 128.129399297255418, 36.445293162063777 ], [ 128.127922924623846, 36.445846668747727 ], [ 128.127814003072075, 36.445895332757054 ], [ 128.127739903842809, 36.44595695577928 ], [ 128.127703632416598, 36.446073983242719 ], [ 128.123351058712188, 36.447263428967354 ], [ 128.121913274011916, 36.445997808905204 ], [ 128.120799397470648, 36.445024045305892 ], [ 128.119292429599284, 36.444147122960892 ], [ 128.118227222544249, 36.443726574531773 ], [ 128.117075341528988, 36.443446614533165 ], [ 128.116694364018855, 36.44345983415424 ], [ 128.116640409782832, 36.443461695926658 ], [ 128.1165539501539, 36.443464694690327 ], [ 128.115511833855237, 36.443957557011586 ], [ 128.115058632081855, 36.444305984262378 ], [ 128.11435101486785, 36.445003878775587 ], [ 128.113982255612939, 36.445408268596168 ], [ 128.113006157168229, 36.446515893472103 ], [ 128.112420180012265, 36.446973170231914 ], [ 128.111573593894519, 36.447518513116236 ], [ 128.106057824796636, 36.449649063102122 ], [ 128.105319364707213, 36.449860505818911 ], [ 128.104580706881592, 36.449913831567699 ], [ 128.10438845122016, 36.449831160218103 ], [ 128.104254610044478, 36.449773599267303 ], [ 128.103884784719526, 36.449422574068443 ], [ 128.100956243703763, 36.444567832917585 ], [ 128.100781951182057, 36.44419909276121 ], [ 128.100780952431478, 36.443408578442003 ], [ 128.100803563881982, 36.443221566623812 ], [ 128.100860405751234, 36.442645595183684 ], [ 128.100464194029911, 36.44204742459987 ], [ 128.100089106915931, 36.441904134649448 ], [ 128.099638238210559, 36.441731910592125 ], [ 128.098159945360777, 36.440960167173742 ], [ 128.096638101019778, 36.440065488781656 ], [ 128.095660845194288, 36.440364882577306 ], [ 128.094618519889679, 36.440769751353436 ], [ 128.093315958840748, 36.441561244005236 ], [ 128.089127751624829, 36.445815558383067 ], [ 128.087131982716869, 36.448592566880805 ], [ 128.086828568041426, 36.449295459119995 ], [ 128.086936495058211, 36.450087137081852 ], [ 128.086786701440701, 36.450753512408376 ], [ 128.086266189550173, 36.451632239008156 ], [ 128.086040751586154, 36.451783071898362 ], [ 128.085766808797104, 36.451966354336264 ], [ 128.085049924265746, 36.452089818213793 ], [ 128.084050469572844, 36.452143219508102 ], [ 128.08283362566948, 36.452091347043002 ], [ 128.080465640857881, 36.452461833962829 ], [ 128.07953148466882, 36.452620556966068 ], [ 128.078640894278209, 36.452902198158952 ], [ 128.078380350771027, 36.45309560656414 ], [ 128.0781634228359, 36.453464665664292 ], [ 128.078033641870121, 36.454062013317866 ], [ 128.078067231956595, 36.455072076163908 ], [ 128.07772044582245, 36.455968196637038 ], [ 128.077134468028589, 36.456706374892626 ], [ 128.07654573065841, 36.457104754897991 ], [ 128.076434507161395, 36.457180014810774 ], [ 128.075961740708408, 36.457409769257993 ], [ 128.073854171357254, 36.457621881058984 ], [ 128.0707667917072, 36.458249328046008 ], [ 128.070215170426764, 36.458458429811458 ], [ 128.068977120040586, 36.459126691528475 ], [ 128.067782487409033, 36.459724625103377 ], [ 128.066500637533863, 36.460023968012038 ], [ 128.064894283734986, 36.460235171800441 ], [ 128.062467957344722, 36.46024850139154 ], [ 128.058933426347068, 36.459806906862418 ], [ 128.058141198128908, 36.459692357424331 ], [ 128.056759616680807, 36.459101892613553 ], [ 128.056150152467239, 36.458937975851434 ], [ 128.054464277302174, 36.458856649922645 ], [ 128.05319825200371, 36.459111726016737 ], [ 128.051986858084803, 36.459695112167473 ], [ 128.049072238131373, 36.460968845372129 ], [ 128.04726381452619, 36.461474836547801 ], [ 128.045967189240059, 36.461566714259355 ], [ 128.045129194573946, 36.461341247604032 ], [ 128.044942874042334, 36.461094035518343 ], [ 128.045015543110964, 36.460239321127425 ], [ 128.044815677397963, 36.459562074156395 ], [ 128.044496352676816, 36.459304182281443 ], [ 128.044017522789204, 36.459175342528304 ], [ 128.043286108993868, 36.459250857281376 ], [ 128.042714345289369, 36.459444565724986 ], [ 128.042009673310446, 36.459778089411905 ], [ 128.041045817963493, 36.460396596645829 ], [ 128.040048596868303, 36.460848459960914 ], [ 128.038891773190272, 36.461311112793403 ], [ 128.038040340030165, 36.461440445569529 ], [ 128.036544262771486, 36.461383032408712 ], [ 128.035677840300707, 36.460858127273973 ], [ 128.035294697012603, 36.46080437525714 ], [ 128.033678936001053, 36.460818271287089 ], [ 128.0314470939459, 36.461465214824024 ], [ 128.03108069689813, 36.461653819574458 ], [ 128.029315481441586, 36.463041192698064 ], [ 128.02856618454706, 36.46394355093738 ], [ 128.028449743081296, 36.464414873595047 ], [ 128.028466759353421, 36.465424788335113 ], [ 128.028266993863383, 36.465842270774594 ], [ 128.026218940339078, 36.468751278924145 ], [ 128.025802566552841, 36.469101470195305 ], [ 128.025352823342928, 36.469290084611536 ], [ 128.025114262620036, 36.469229239392234 ], [ 128.02503626753068, 36.469209344496733 ], [ 128.022361883519665, 36.467048616826901 ], [ 128.018728686311078, 36.464380573268599 ], [ 128.013181951854449, 36.460519074253959 ], [ 128.010241794933648, 36.459260293781405 ], [ 128.008299235195665, 36.459276231672924 ], [ 128.005971414934493, 36.459295309740767 ], [ 128.005522787741171, 36.459935930200395 ], [ 128.000231246956389, 36.463342488789529 ], [ 127.999854019877006, 36.46356266301909 ], [ 127.998880203931805, 36.463753823339189 ], [ 127.998226347275136, 36.463843758115949 ], [ 127.997807361091006, 36.463718796792527 ], [ 127.997377706222608, 36.463726784202251 ], [ 127.997259893775279, 36.46374397927049 ], [ 127.997142090214624, 36.463761175988594 ], [ 127.99696214793633, 36.46383171611496 ], [ 127.993738126496098, 36.465649974671265 ], [ 127.993538644137914, 36.46576323479929 ], [ 127.993339155725451, 36.465876511747545 ], [ 127.993075000442118, 36.466045128143271 ], [ 127.991427694610209, 36.467645678591985 ], [ 127.988874566843904, 36.472752734872465 ], [ 127.988067292472095, 36.47971323353012 ], [ 127.988174971295223, 36.479879848704506 ], [ 127.988490842839241, 36.480212386048336 ], [ 127.988866832426396, 36.480525284726859 ], [ 127.987931514531041, 36.481298338887498 ], [ 127.985403122174333, 36.483295437061557 ], [ 127.982023567692508, 36.48677696394433 ], [ 127.979314721883313, 36.489243743691787 ], [ 127.978603483811838, 36.489455204775318 ], [ 127.978480856349307, 36.489496162722425 ], [ 127.978358227701051, 36.489537130465052 ], [ 127.978198422718492, 36.48962603979578 ], [ 127.977629558843802, 36.489969599793298 ], [ 127.977159775363631, 36.491797397175198 ], [ 127.977123331984089, 36.492094702535695 ], [ 127.977147371539544, 36.492410527352824 ], [ 127.977562268564867, 36.493020162037546 ], [ 127.97627719950178, 36.497992198989792 ], [ 127.976001969153344, 36.498900687893673 ], [ 127.976190726851229, 36.500719229981875 ], [ 127.976244240882011, 36.500981543175421 ], [ 127.97634363866662, 36.501289200272772 ], [ 127.97647782860443, 36.501558435720327 ], [ 127.976662937203344, 36.501891956146139 ], [ 127.976783098352627, 36.502252753170097 ], [ 127.97691517581805, 36.502934061076076 ], [ 127.976928093870725, 36.503983887169312 ], [ 127.973540441660305, 36.508938587950958 ], [ 127.972961617224811, 36.509204312193354 ], [ 127.97223145680816, 36.509438665310277 ], [ 127.96963803130329, 36.509818678743521 ], [ 127.96896928815606, 36.509791467876518 ], [ 127.968321887947312, 36.509747779145364 ], [ 127.966871958950719, 36.509319028181956 ], [ 127.965209068683947, 36.50910407794202 ], [ 127.964691236357069, 36.50907562160252 ], [ 127.963749288575286, 36.50962159781858 ], [ 127.963012963271908, 36.510231190488732 ], [ 127.961469526644862, 36.510961461187975 ], [ 127.957777123040927, 36.512280003155034 ], [ 127.95717323582474, 36.512268522368103 ], [ 127.956823654631719, 36.51189608171147 ], [ 127.956680307836706, 36.511636195535139 ], [ 127.95596080835513, 36.510989379202336 ], [ 127.955655978974733, 36.51074708697206 ], [ 127.955351141459488, 36.510504796682511 ], [ 127.954242410143024, 36.509763189047852 ], [ 127.953786640557595, 36.509522098567558 ], [ 127.953592813529482, 36.509539964392872 ], [ 127.953291786701257, 36.509607612945359 ], [ 127.949845290515483, 36.510798601711201 ], [ 127.949875145075652, 36.513245577303763 ], [ 127.949632778620071, 36.519006629556749 ], [ 127.949395914656364, 36.52080313623933 ], [ 127.95219044874554, 36.523603332960533 ], [ 127.95243123683079, 36.523895078787902 ], [ 127.953175195897245, 36.525651132228028 ], [ 127.953179592665705, 36.526010048607105 ], [ 127.952866714486944, 36.526877209807765 ], [ 127.958157976000322, 36.526923436552032 ], [ 127.958134339773224, 36.524033098987388 ], [ 127.9581733512222, 36.523314697913804 ], [ 127.958276349048987, 36.522933703137504 ], [ 127.958699547203665, 36.522437227513294 ], [ 127.96059983180109, 36.520537450064857 ], [ 127.960785186937287, 36.520366987571713 ], [ 127.961022580166556, 36.520214205967505 ], [ 127.96325588041654, 36.519242774167921 ], [ 127.965465250605732, 36.518597347460087 ], [ 127.967045400038899, 36.518087450977063 ], [ 127.967549239718565, 36.517828180645104 ], [ 127.967714988365501, 36.51767397439616 ], [ 127.967880954432999, 36.517494956677275 ], [ 127.968340670580574, 36.516999079641387 ], [ 127.968585056175499, 36.516767802740752 ], [ 127.969066658133244, 36.516371636487122 ], [ 127.969304480519526, 36.516255061979322 ], [ 127.976990120315207, 36.513559741343308 ], [ 127.977361137852981, 36.513479944133557 ], [ 127.978434125121595, 36.513501325826937 ], [ 127.979004053958832, 36.513792353121516 ], [ 127.979471200156937, 36.514072995288082 ] ] ] ] } },
{ "type": "Feature", "properties": { "OBJECTID": 2933, "adm_nm": "경상북도 상주시 은척면", "adm_cd": "3708044", "adm_cd2": "4725044000", "sgg": "47250", "sido": "47", "sidonm": "경상북도", "sggnm": "상주시" }, "geometry": { "type": "MultiPolygon", "coordinates": [ [ [ [ 128.075884387359736, 36.605421397232369 ], [ 128.076147760075202, 36.604014729669046 ], [ 128.076218951672359, 36.602260312259993 ], [ 128.076153576540662, 36.601283241695128 ], [ 128.076116728696974, 36.601227211008712 ], [ 128.075782101654767, 36.600138099654451 ], [ 128.0756056801319, 36.597380664505046 ], [ 128.075611759620926, 36.59720227697612 ], [ 128.075650019311041, 36.59714045184662 ], [ 128.076642062372429, 36.596434453086808 ], [ 128.076863080515011, 36.5962848070048 ], [ 128.081203235064862, 36.593546428919538 ], [ 128.081515527543814, 36.593359258860389 ], [ 128.081772115916351, 36.593206710318107 ], [ 128.082089364933722, 36.59310081734975 ], [ 128.082241856354699, 36.593066960738959 ], [ 128.082492697346055, 36.593065706243173 ], [ 128.082853643475147, 36.593106715631009 ], [ 128.083279559509435, 36.59316417552909 ], [ 128.08348851313778, 36.593197642013067 ], [ 128.083528027601943, 36.5931963595594 ], [ 128.083567542051014, 36.593195075289735 ], [ 128.083662786384167, 36.593157559431155 ], [ 128.08379026890708, 36.59306615582252 ], [ 128.083946898699423, 36.592847497221904 ], [ 128.085386304543192, 36.590707903764745 ], [ 128.086083001969257, 36.589575753183048 ], [ 128.086099893371085, 36.58948348990846 ], [ 128.086165275965527, 36.588630091371911 ], [ 128.086172786734949, 36.58832744981239 ], [ 128.086143090092406, 36.588167925437553 ], [ 128.085980701947022, 36.587870353542499 ], [ 128.085923751628798, 36.587675566002986 ], [ 128.085914477139994, 36.587458819930362 ], [ 128.086031630287351, 36.586902147889361 ], [ 128.086072439915085, 36.586790936617312 ], [ 128.086317024992354, 36.586146018888989 ], [ 128.086385485437262, 36.586035018557659 ], [ 128.088749212888899, 36.581853741434927 ], [ 128.088829866988505, 36.581710975731646 ], [ 128.090037247709461, 36.578656690540399 ], [ 128.089797173009089, 36.578315143581563 ], [ 128.089704481949411, 36.578152538285586 ], [ 128.089478531297175, 36.577743741502424 ], [ 128.089103783581322, 36.57656998553135 ], [ 128.089078122315385, 36.576468942249377 ], [ 128.089057062805892, 36.576364524468353 ], [ 128.089039883447242, 36.576271800612531 ], [ 128.089027267103859, 36.576057004617056 ], [ 128.089517548442302, 36.573897326759294 ], [ 128.089771547438517, 36.573751330194575 ], [ 128.091105675692091, 36.573526461777455 ], [ 128.092239696459501, 36.573363867105734 ], [ 128.095304613977646, 36.572191319658245 ], [ 128.095344652628569, 36.572169474849566 ], [ 128.095397436650302, 36.572113962292754 ], [ 128.095446246123856, 36.572046788008755 ], [ 128.095474408424195, 36.571983876331593 ], [ 128.09549143214042, 36.571936384444925 ], [ 128.095503353577556, 36.571855093997215 ], [ 128.095506217333536, 36.571727768939176 ], [ 128.095513169542727, 36.571015283637195 ], [ 128.095462001193198, 36.569404877749911 ], [ 128.094070596243483, 36.567320845639472 ], [ 128.09403011298761, 36.567264066597595 ], [ 128.093985342524093, 36.567220538333565 ], [ 128.093930920325732, 36.567181922600447 ], [ 128.093849124767956, 36.567138118969112 ], [ 128.093799878356208, 36.567126680893217 ], [ 128.093133444283211, 36.566985398628319 ], [ 128.092673367265633, 36.567147992260537 ], [ 128.091800722546196, 36.56774536373149 ], [ 128.089579827506554, 36.569252631236338 ], [ 128.08952464425073, 36.569278772511908 ], [ 128.089486136571622, 36.569286796010559 ], [ 128.08447628209953, 36.570312476943563 ], [ 128.084366537641472, 36.570311660890852 ], [ 128.08429795975519, 36.570310552829568 ], [ 128.084215817589865, 36.570295538036213 ], [ 128.084157045773679, 36.570277367932469 ], [ 128.084099693685971, 36.570254787944293 ], [ 128.082181196064312, 36.569495337898211 ], [ 128.07735629156042, 36.566957227106734 ], [ 128.0763293781595, 36.566236490167796 ], [ 128.075643326571083, 36.565735304299714 ], [ 128.07557351969831, 36.565677949218184 ], [ 128.075523497587426, 36.565574271695311 ], [ 128.074462224436417, 36.561980076435653 ], [ 128.074458930835931, 36.561911961727162 ], [ 128.074407914431674, 36.560097794613974 ], [ 128.074405993558031, 36.560029118848398 ], [ 128.074412190365962, 36.559969395499834 ], [ 128.074434528513279, 36.55982174354525 ], [ 128.074453537163492, 36.559724443587527 ], [ 128.074493620571161, 36.559583582733239 ], [ 128.074517921076023, 36.55950072538247 ], [ 128.07561145829041, 36.556140789436157 ], [ 128.07564828279672, 36.55604361598197 ], [ 128.075704581637609, 36.555924461941359 ], [ 128.075819712885789, 36.555700582622144 ], [ 128.075909554565328, 36.555528544229674 ], [ 128.076220649793498, 36.554973992538329 ], [ 128.076273803218271, 36.554888024004839 ], [ 128.076468884799823, 36.55463153718658 ], [ 128.076541255032595, 36.554543506751685 ], [ 128.076594037088142, 36.554488554979152 ], [ 128.07959255759846, 36.550520362311154 ], [ 128.082971445743908, 36.546014265275758 ], [ 128.081850530823914, 36.542416168086085 ], [ 128.081449394053749, 36.541694457233127 ], [ 128.081663197821484, 36.540873554420678 ], [ 128.082009336247268, 36.539803181661362 ], [ 128.082025733327754, 36.539756402173573 ], [ 128.082527617696513, 36.538609054774746 ], [ 128.082557886951918, 36.538578028758188 ], [ 128.084127023666895, 36.537499988629655 ], [ 128.084199712222983, 36.53745365790499 ], [ 128.084266926088873, 36.537424327389672 ], [ 128.084351769382863, 36.537392290697127 ], [ 128.084453369572032, 36.537357546656921 ], [ 128.090429297371315, 36.536206650432369 ], [ 128.09254838826422, 36.536127766087475 ], [ 128.091897241070711, 36.533989326309381 ], [ 128.091810909524781, 36.533623415943723 ], [ 128.091804544292131, 36.533566527742096 ], [ 128.091809536814594, 36.533515391542103 ], [ 128.091847072323901, 36.533315291406382 ], [ 128.091970171922924, 36.53294529724527 ], [ 128.092002753907195, 36.532868787501769 ], [ 128.092038593315976, 36.532812218980368 ], [ 128.092081308207952, 36.532771316834761 ], [ 128.092531019179887, 36.53245639638218 ], [ 128.092573490741529, 36.532436810330118 ], [ 128.092647640794638, 36.532414646321634 ], [ 128.092751670289829, 36.532395544908525 ], [ 128.094400664295108, 36.530885542736556 ], [ 128.096433238916177, 36.528940164194594 ], [ 128.098254460789917, 36.527188560017912 ], [ 128.098521011747863, 36.52682315810155 ], [ 128.099592290381764, 36.525492911648797 ], [ 128.099794479481574, 36.525248325834568 ], [ 128.099837104100857, 36.525212274125082 ], [ 128.099863773520696, 36.525194553524713 ], [ 128.099906896187946, 36.525177154937623 ], [ 128.099966199249877, 36.525162209062763 ], [ 128.100053140685816, 36.525150160367645 ], [ 128.100780158683676, 36.525129473003865 ], [ 128.100813518487172, 36.525131247697267 ], [ 128.100852067873376, 36.525138094223379 ], [ 128.10090666827972, 36.525158532027518 ], [ 128.10119345584036, 36.525268150767147 ], [ 128.101696072898875, 36.525352817483025 ], [ 128.101743930851484, 36.525338545088999 ], [ 128.103701767960786, 36.524125476501553 ], [ 128.103730659182247, 36.524101040234996 ], [ 128.103750928346273, 36.524081171335496 ], [ 128.103770430436043, 36.524043947021454 ], [ 128.104470398065502, 36.52264501397979 ], [ 128.104647702175185, 36.522238888915957 ], [ 128.104682173909026, 36.522144007901559 ], [ 128.104695460732358, 36.521901863241389 ], [ 128.104682663293175, 36.521770429803063 ], [ 128.104660659868387, 36.521694783727852 ], [ 128.102994586037767, 36.518620359167997 ], [ 128.102927321785927, 36.518498538539269 ], [ 128.102808945390535, 36.518343207746284 ], [ 128.102729938496879, 36.518247114792345 ], [ 128.102653579920485, 36.518171043371794 ], [ 128.102600691136956, 36.51812403133129 ], [ 128.101633420851726, 36.517400002220342 ], [ 128.101513304187648, 36.517313211027918 ], [ 128.10141478323942, 36.517254691002883 ], [ 128.101195725484786, 36.517146352079365 ], [ 128.101134008038855, 36.517123548623864 ], [ 128.100745192897335, 36.517013540952824 ], [ 128.100540820954706, 36.516955764204873 ], [ 128.100435361414213, 36.516920708325955 ], [ 128.100292897187245, 36.516870315627699 ], [ 128.100194165057786, 36.516830681207416 ], [ 128.099682822650152, 36.516595720832143 ], [ 128.098851005076966, 36.51620083287402 ], [ 128.098745778901616, 36.516146112560179 ], [ 128.098439691258676, 36.515978574592886 ], [ 128.098126083101107, 36.515799436050678 ], [ 128.095798970316878, 36.51430467106357 ], [ 128.09375528389657, 36.512989464032046 ], [ 128.093705770367933, 36.512947462455557 ], [ 128.093664638112159, 36.512902491967452 ], [ 128.093606639556242, 36.512809052265013 ], [ 128.093538341674702, 36.512689820400645 ], [ 128.093479819411328, 36.512576163432811 ], [ 128.093411726204749, 36.512439802820403 ], [ 128.093315907369401, 36.51214843504426 ], [ 128.093280398288499, 36.512010486997319 ], [ 128.093289223694796, 36.511902873080295 ], [ 128.093316399706822, 36.51171767290046 ], [ 128.093351132658512, 36.511597995116034 ], [ 128.093432717480795, 36.5114230042279 ], [ 128.093504686804351, 36.511293246251185 ], [ 128.093648134469959, 36.511075259437774 ], [ 128.093723461579287, 36.510982830276234 ], [ 128.094494317389774, 36.510037220681241 ], [ 128.094691735400602, 36.509352163488323 ], [ 128.094722371279062, 36.509226651333627 ], [ 128.094913740877644, 36.507918962718868 ], [ 128.094908852813262, 36.5078840637563 ], [ 128.094858550921145, 36.507748751025908 ], [ 128.094726921317999, 36.507408127875841 ], [ 128.094131463129258, 36.506081599862284 ], [ 128.094109230889472, 36.506039819510534 ], [ 128.094033114497165, 36.505907984022706 ], [ 128.093982984454499, 36.505822856723967 ], [ 128.093952361594717, 36.505785908708496 ], [ 128.093857820136378, 36.505675982126718 ], [ 128.093612368273824, 36.505418344133837 ], [ 128.093552415820199, 36.505362805094876 ], [ 128.0934161273737, 36.505261120956007 ], [ 128.093347723357653, 36.505214702897021 ], [ 128.090382870901379, 36.503343566673159 ], [ 128.088542388450605, 36.50243687901019 ], [ 128.086718570947454, 36.501543786257635 ], [ 128.085785809342099, 36.501033365426537 ], [ 128.08491951575283, 36.500401830416671 ], [ 128.084386137580452, 36.499756640774081 ], [ 128.084202440795337, 36.499205315343573 ], [ 128.083677109730871, 36.498270916090618 ], [ 128.083043880243565, 36.49762576863646 ], [ 128.082227417772003, 36.496832795161694 ], [ 128.080986231285721, 36.495764365364614 ], [ 128.080136585025684, 36.495038657680695 ], [ 128.079534841477027, 36.494690169629173 ], [ 128.079487007223065, 36.494662494945736 ], [ 128.079170806541384, 36.494676130317622 ], [ 128.078654975267483, 36.494851326623248 ], [ 128.078172596911799, 36.495187887751477 ], [ 128.077374406013348, 36.495981912329817 ], [ 128.077047726193342, 36.496502846774177 ], [ 128.076551715038136, 36.497293793764136 ], [ 128.076269271635823, 36.497845396911885 ], [ 128.07577077299166, 36.49876029516367 ], [ 128.075055769557736, 36.499581157723824 ], [ 128.074041115470862, 36.500408965422523 ], [ 128.072916730147995, 36.50125485459678 ], [ 128.072749562670737, 36.501251963788334 ], [ 128.071665995262606, 36.501415199300176 ], [ 128.071241125424194, 36.501568424090415 ], [ 128.065957375617273, 36.504165724475271 ], [ 128.06590816965732, 36.504204725332038 ], [ 128.065867071174551, 36.504243791385811 ], [ 128.062960943652286, 36.507522521851449 ], [ 128.060942341327348, 36.510091450704614 ], [ 128.060901815235724, 36.51035037939824 ], [ 128.060808632767902, 36.510933832218413 ], [ 128.060786076275008, 36.511051796450516 ], [ 128.060687216291285, 36.511498016347154 ], [ 128.056375763389553, 36.512353329992116 ], [ 128.054401931980237, 36.512688164927511 ], [ 128.054354725569254, 36.512694348668077 ], [ 128.054310856540837, 36.51269401162503 ], [ 128.054202293874766, 36.512667532212994 ], [ 128.052762004012692, 36.512297065100952 ], [ 128.052629174814456, 36.512260565585777 ], [ 128.052575850893078, 36.512235193647591 ], [ 128.052427447729997, 36.512144090689382 ], [ 128.052016224573464, 36.511881546053843 ], [ 128.051921315936141, 36.511800723569628 ], [ 128.051847409696222, 36.511731856067861 ], [ 128.051668100630508, 36.511509243863124 ], [ 128.050107260643728, 36.510633012212516 ], [ 128.04688634156534, 36.509892470532584 ], [ 128.046819028477557, 36.509877300260698 ], [ 128.04667893299515, 36.509855921288995 ], [ 128.046604130144601, 36.509846662131729 ], [ 128.046513207266628, 36.509844278637061 ], [ 128.046248491770285, 36.509847802547597 ], [ 128.045820221143487, 36.509866339750637 ], [ 128.045569236867152, 36.509892576760308 ], [ 128.045507409740139, 36.50989939722141 ], [ 128.044673597065668, 36.510027697015254 ], [ 128.044608431668678, 36.510039127225973 ], [ 128.044477521637617, 36.510074324581097 ], [ 128.044283824401589, 36.510126974749824 ], [ 128.043997325262893, 36.510230057046996 ], [ 128.040839735463038, 36.511380582807647 ], [ 128.037897277826659, 36.512932724274798 ], [ 128.03596985974923, 36.51408077356772 ], [ 128.035927352059218, 36.514122971987604 ], [ 128.035801579597887, 36.514206754927457 ], [ 128.035746022484602, 36.514238209160162 ], [ 128.035699694321039, 36.514257776143992 ], [ 128.035630671664563, 36.514280159448823 ], [ 128.0336963177283, 36.514721935202608 ], [ 128.033662463859855, 36.514729650291414 ], [ 128.033624552694903, 36.514732017762377 ], [ 128.03358833437261, 36.514733696110994 ], [ 128.033549208600846, 36.514731419027598 ], [ 128.033289238847402, 36.51468674452321 ], [ 128.032171694377354, 36.514487810482294 ], [ 128.032105194335088, 36.514473299916837 ], [ 128.032046092825198, 36.514460193314477 ], [ 128.032012915073295, 36.514446279611882 ], [ 128.031973647365533, 36.514426011303371 ], [ 128.031919747933159, 36.514391669921103 ], [ 128.031816539893896, 36.514317354744755 ], [ 128.031654788013213, 36.514183390883865 ], [ 128.031486376498208, 36.514056686543874 ], [ 128.031297368152451, 36.513930477574725 ], [ 128.031234496707157, 36.513890065434659 ], [ 128.030358111143983, 36.513333713742796 ], [ 128.030290295162672, 36.513291949186559 ], [ 128.030245749624669, 36.513266646317888 ], [ 128.030163855141438, 36.513232059851411 ], [ 128.029978362872328, 36.513154435099374 ], [ 128.029928367926885, 36.51313672806679 ], [ 128.026787841704333, 36.512178547352505 ], [ 128.024078309910522, 36.511941616803675 ], [ 128.023292608290035, 36.511872977136065 ], [ 128.023186927760236, 36.511863819810216 ], [ 128.023096353650288, 36.511866391453339 ], [ 128.022962495185567, 36.511872951739491 ], [ 128.022873498119111, 36.511880196017543 ], [ 128.022816455394718, 36.511890891785661 ], [ 128.022603691554565, 36.511958927688887 ], [ 128.022441098731889, 36.51201478772122 ], [ 128.022142284255267, 36.512121853514074 ], [ 128.021993570858484, 36.512199094505497 ], [ 128.021852685788787, 36.512299278650708 ], [ 128.020804853956264, 36.513068748868029 ], [ 128.020663760306036, 36.513185274114413 ], [ 128.020562999714912, 36.51331030649461 ], [ 128.020507267178061, 36.513398115667997 ], [ 128.020408092674188, 36.513559121896975 ], [ 128.020337713522366, 36.513684407379564 ], [ 128.020224542295296, 36.513832216959543 ], [ 128.020109848399642, 36.513940802239574 ], [ 128.020011558822119, 36.514033151898161 ], [ 128.019913588005977, 36.514097723789931 ], [ 128.019809642516663, 36.514157356142718 ], [ 128.017525558405225, 36.514905128586228 ], [ 128.016629253287704, 36.515151751523334 ], [ 128.016556981299033, 36.515163592969856 ], [ 128.01355007552624, 36.514344264447786 ], [ 128.00493703374508, 36.513574586153311 ], [ 128.002203106751722, 36.513098900867845 ], [ 128.001134549666745, 36.512475343763121 ], [ 127.999219351170836, 36.511913302618964 ], [ 127.99567236703605, 36.511790774384551 ], [ 127.993337541799065, 36.512256765477225 ], [ 127.992773582723089, 36.51243646440814 ], [ 127.992558572891681, 36.512462385453212 ], [ 127.992310518281613, 36.512398064592247 ], [ 127.991480988146762, 36.511765286098303 ], [ 127.990600240868503, 36.511181222487728 ], [ 127.990295768994301, 36.511069085375382 ], [ 127.990047639003933, 36.510998715473953 ], [ 127.989720056715029, 36.510953184143304 ], [ 127.989281307748442, 36.510944725354975 ], [ 127.988883749943128, 36.511038545270559 ], [ 127.988633313457854, 36.511100972135573 ], [ 127.988443307303626, 36.511211158135353 ], [ 127.987797970057443, 36.511892350848655 ], [ 127.987497773967434, 36.512118120095685 ], [ 127.985307009455482, 36.513258617844571 ], [ 127.985076662676661, 36.51333294376429 ], [ 127.984805519944686, 36.513335179232705 ], [ 127.984452720377064, 36.513187219244742 ], [ 127.983937553406108, 36.512811285710171 ], [ 127.983555707845383, 36.512573051222191 ], [ 127.983275900166802, 36.51252102864337 ], [ 127.981108212957196, 36.512967305146752 ], [ 127.980869726337957, 36.513029599924693 ], [ 127.979471200156937, 36.514072995288082 ], [ 127.979702188323586, 36.5147642061375 ], [ 127.979946558612014, 36.516119963619978 ], [ 127.98014464570582, 36.517283008432337 ], [ 127.980150722761678, 36.51776570666874 ], [ 127.979462504549346, 36.521385994838482 ], [ 127.980823839467305, 36.523710169944323 ], [ 127.98087932491427, 36.523999378345529 ], [ 127.981536144402881, 36.52832674712603 ], [ 127.981508508490961, 36.528664897913579 ], [ 127.981383390465481, 36.528865057519361 ], [ 127.980936080549526, 36.529134260229526 ], [ 127.980706677245252, 36.529286999418311 ], [ 127.979838026824623, 36.52998808918786 ], [ 127.978781547208911, 36.530980376343145 ], [ 127.978408430899222, 36.531442052196077 ], [ 127.977766724732874, 36.53243092402559 ], [ 127.977826660611044, 36.532756311029551 ], [ 127.97866906345844, 36.533769214468855 ], [ 127.979006430198439, 36.533953525700731 ], [ 127.979283007053468, 36.534059880178283 ], [ 127.980857887557448, 36.534952133236281 ], [ 127.980988936241985, 36.535222608674815 ], [ 127.981039307064904, 36.535421325122279 ], [ 127.980979680089916, 36.535753718514762 ], [ 127.980661508565404, 36.537409767831441 ], [ 127.98032609758873, 36.538649595253624 ], [ 127.980001727400548, 36.539183291495767 ], [ 127.979571260522931, 36.53984458503205 ], [ 127.978650152831278, 36.542410745996008 ], [ 127.978670064740712, 36.54272437837119 ], [ 127.97923008952624, 36.54348012918026 ], [ 127.979841356229642, 36.543867342189451 ], [ 127.982624358908211, 36.545322922175984 ], [ 127.983095056909079, 36.545319049145661 ], [ 127.983616317660577, 36.545212174471672 ], [ 127.983982302492151, 36.545130709232573 ], [ 127.985277288902537, 36.544691577496494 ], [ 127.986106387890175, 36.544322676479823 ], [ 127.986472375950569, 36.544241212610636 ], [ 127.991365333180099, 36.544399826716678 ], [ 127.993741354066714, 36.54520680979504 ], [ 127.994973332937505, 36.546083603225135 ], [ 127.995956390708542, 36.546835758003382 ], [ 127.996324106135106, 36.547200782327252 ], [ 127.996858858814107, 36.547835979320411 ], [ 127.997249389028397, 36.549045645056445 ], [ 127.997823638988194, 36.549679515216518 ], [ 127.997857386077357, 36.54970117172342 ], [ 127.997915721601274, 36.549721500409881 ], [ 127.997989165458577, 36.549741963400805 ], [ 127.99814193100309, 36.549767652757531 ], [ 127.998944566759988, 36.549890426948942 ], [ 128.004889579344308, 36.550715681676991 ], [ 128.004946226902319, 36.550720721897925 ], [ 128.004999185597939, 36.550718126676273 ], [ 128.005073007770875, 36.550709584206274 ], [ 128.005139353803372, 36.550694865626433 ], [ 128.005226636512646, 36.550668114316657 ], [ 128.005899948652399, 36.550412714012147 ], [ 128.010871752580698, 36.548329835545353 ], [ 128.013081554772072, 36.546743936934298 ], [ 128.016625621413908, 36.544017091535238 ], [ 128.02283151748361, 36.544726257775245 ], [ 128.022955130966835, 36.544756285643295 ], [ 128.023122534305571, 36.544802052618927 ], [ 128.023386815681931, 36.54487520009345 ], [ 128.023560368539592, 36.544926044661267 ], [ 128.023660289524599, 36.544967435562896 ], [ 128.02373829351788, 36.545003561415207 ], [ 128.023844260238008, 36.545063999566686 ], [ 128.024223370369583, 36.545331460458975 ], [ 128.024825989151907, 36.545769064040179 ], [ 128.025180036872598, 36.545943074381704 ], [ 128.02860375881852, 36.547328796517391 ], [ 128.028703759651592, 36.547363838040702 ], [ 128.028803802739986, 36.547395064142336 ], [ 128.028935213119837, 36.547429110653582 ], [ 128.029174784138888, 36.547471599231855 ], [ 128.029295405633405, 36.547490325344668 ], [ 128.029434887326772, 36.547504158996112 ], [ 128.037138720896593, 36.548114135970451 ], [ 128.040618427096291, 36.548270949682447 ], [ 128.04065766017186, 36.548272541448014 ], [ 128.040698513979834, 36.5482665244053 ], [ 128.04261858295294, 36.547812330990311 ], [ 128.042927405003809, 36.547713428100181 ], [ 128.043559000910903, 36.547470658933584 ], [ 128.043732493455281, 36.547401086237471 ], [ 128.0438602849907, 36.54734634586432 ], [ 128.043940813647538, 36.54730642885837 ], [ 128.044038833130315, 36.547247652857259 ], [ 128.04418423820303, 36.547149702222448 ], [ 128.045114415819313, 36.546820285380257 ], [ 128.046333110307785, 36.546694567883556 ], [ 128.052247933133373, 36.546142069537048 ], [ 128.053496008823799, 36.546352722192111 ], [ 128.054283951473138, 36.54657180022928 ], [ 128.055841371308361, 36.547388383231912 ], [ 128.055905536975558, 36.547434643847929 ], [ 128.055995972340099, 36.547507234637408 ], [ 128.056049729921256, 36.547553871848812 ], [ 128.056066763592952, 36.54757920748397 ], [ 128.056074986692039, 36.547615209273253 ], [ 128.055909495320805, 36.548058242881474 ], [ 128.055873832797573, 36.548139168132437 ], [ 128.055806361105823, 36.54826933728507 ], [ 128.055695523286118, 36.550039464859381 ], [ 128.058385077811607, 36.554267857460275 ], [ 128.058869335040413, 36.555345850154794 ], [ 128.058867594199768, 36.555489704929244 ], [ 128.058840004798554, 36.555713709524881 ], [ 128.058716728566253, 36.555967052824421 ], [ 128.058485327996266, 36.556249645844865 ], [ 128.058097798945624, 36.556761889341068 ], [ 128.058038668405061, 36.556851774977787 ], [ 128.058067200758671, 36.556892158350422 ], [ 128.059406176773848, 36.558237890338894 ], [ 128.059578241755332, 36.55840322439655 ], [ 128.061868545861188, 36.560603039025963 ], [ 128.062237574070394, 36.560933861620782 ], [ 128.063008804806259, 36.561254494294118 ], [ 128.06309556086569, 36.561278589074739 ], [ 128.064146915316996, 36.561400648028659 ], [ 128.065676669023304, 36.562409844546501 ], [ 128.064019841092062, 36.566084373609051 ], [ 128.063323820231261, 36.567424079928863 ], [ 128.062879326855636, 36.567845564288277 ], [ 128.062716048736604, 36.567978129266152 ], [ 128.062084976307602, 36.568401485516475 ], [ 128.061553992179057, 36.569802725160983 ], [ 128.060932212570066, 36.572535029945669 ], [ 128.060648207656698, 36.574164412990669 ], [ 128.060248683824369, 36.574544075386008 ], [ 128.060085304875827, 36.574683343379796 ], [ 128.058731732765438, 36.576218584584545 ], [ 128.057276075839695, 36.577978346787816 ], [ 128.057251196360141, 36.578026123310813 ], [ 128.056911926295669, 36.578715681680798 ], [ 128.056882641154402, 36.578819620177178 ], [ 128.056882713132723, 36.578966292092893 ], [ 128.056929999063414, 36.579073607751639 ], [ 128.057012743515571, 36.579186669706736 ], [ 128.057715384878861, 36.58043278698571 ], [ 128.058168875054463, 36.581878432342918 ], [ 128.058161061951978, 36.581905795915119 ], [ 128.058092747894989, 36.581990244095685 ], [ 128.05799073508723, 36.582093266607977 ], [ 128.05789631303935, 36.582155910749663 ], [ 128.057756987997323, 36.582237067061939 ], [ 128.056391538946485, 36.582827243223235 ], [ 128.056536541871964, 36.582984068107386 ], [ 128.056669194488705, 36.583144131857779 ], [ 128.057479371466428, 36.584156702213754 ], [ 128.057527115001761, 36.584228378441551 ], [ 128.057557729118997, 36.584785154563804 ], [ 128.057532796533224, 36.584990578230361 ], [ 128.057842393016131, 36.585664696320748 ], [ 128.059119053348894, 36.586754989136573 ], [ 128.061383599905213, 36.588624137375554 ], [ 128.062496861313321, 36.58894761188283 ], [ 128.063236060793486, 36.589065828063063 ], [ 128.063354466091681, 36.589077994859935 ], [ 128.063578051596238, 36.58904321935951 ], [ 128.064338274157393, 36.588948266912411 ], [ 128.064576849561774, 36.589007698469821 ], [ 128.064725713827073, 36.589066454805746 ], [ 128.064818499323337, 36.589122022189045 ], [ 128.065033306724075, 36.589293683184358 ], [ 128.065344236976017, 36.589553827346869 ], [ 128.06766335910126, 36.591962670506462 ], [ 128.06819810573154, 36.592580968256826 ], [ 128.068242136739769, 36.592649835160344 ], [ 128.068439286919414, 36.593046182529584 ], [ 128.068978949570749, 36.59418815041991 ], [ 128.068985868021571, 36.594234808348574 ], [ 128.068871710284981, 36.594710944188684 ], [ 128.068828955407668, 36.594844961150521 ], [ 128.068730500523372, 36.595235834528417 ], [ 128.068515168652709, 36.596095268328931 ], [ 128.068584191599854, 36.596246588843478 ], [ 128.070551301042542, 36.598081107162471 ], [ 128.070606981564481, 36.59811444727471 ], [ 128.072978956570637, 36.600533240097469 ], [ 128.072899051349538, 36.600714121565112 ], [ 128.072811121538365, 36.601055021843337 ], [ 128.072793727097405, 36.601216146795082 ], [ 128.072786395836687, 36.601286006970525 ], [ 128.072776505192422, 36.601387612808828 ], [ 128.072775154422601, 36.601500417383562 ], [ 128.072755994848904, 36.605002410014272 ], [ 128.073049625587373, 36.60521298286158 ], [ 128.074019837626906, 36.605648113445035 ], [ 128.074153730764266, 36.605673760387305 ], [ 128.074339475185099, 36.605677081617102 ], [ 128.074691128932471, 36.605619292034703 ], [ 128.075400177123072, 36.605452623472132 ], [ 128.075884387359736, 36.605421397232369 ] ] ] ] } },
{ "type": "Feature", "properties": { "OBJECTID": 2934, "adm_nm": "경상북도 상주시 공검면", "adm_cd": "3708045", "adm_cd2": "4725045000", "sgg": "47250", "sido": "47", "sidonm": "경상북도", "sggnm": "상주시" }, "geometry": { "type": "MultiPolygon", "coordinates": [ [ [ [ 128.174365481853869, 36.540724898866799 ], [ 128.174739024793865, 36.540708430499322 ], [ 128.174876692461964, 36.540696680291411 ], [ 128.174947528925827, 36.540687665607855 ], [ 128.175004649163981, 36.540676156558447 ], [ 128.177133709177241, 36.540036176602541 ], [ 128.177181062245438, 36.54001903534607 ], [ 128.179407571875089, 36.539081317225623 ], [ 128.179496425592561, 36.539041460747598 ], [ 128.179658359452901, 36.538964807014978 ], [ 128.179739395407324, 36.538920914748275 ], [ 128.180356164672844, 36.538573603705345 ], [ 128.181343023857522, 36.537975691283215 ], [ 128.181432023371713, 36.537920752334628 ], [ 128.181477596695515, 36.537886157599139 ], [ 128.181535131506109, 36.537833383464509 ], [ 128.181962225378356, 36.537395877057094 ], [ 128.182286050622025, 36.537060836067461 ], [ 128.182787621802959, 36.535896128248432 ], [ 128.182801848311641, 36.535851779802755 ], [ 128.182810145732589, 36.535810549315663 ], [ 128.182814453391416, 36.535774088040853 ], [ 128.182911812789428, 36.534928001538148 ], [ 128.182914058064881, 36.534901055622761 ], [ 128.182904788453186, 36.534848602040782 ], [ 128.180931984943697, 36.528153083059742 ], [ 128.180914763776656, 36.528110111511104 ], [ 128.18078379363979, 36.527839804583245 ], [ 128.180744747128443, 36.52777971377045 ], [ 128.180697543524417, 36.527740949312054 ], [ 128.180631751676742, 36.527710572958441 ], [ 128.18042343697644, 36.527651506489931 ], [ 128.180077642814155, 36.527587179128084 ], [ 128.179617101561348, 36.527495359965975 ], [ 128.179295196223535, 36.527422650919959 ], [ 128.179011797189389, 36.527336327355123 ], [ 128.178922213501323, 36.527303689323347 ], [ 128.178832832649846, 36.52725181574737 ], [ 128.178730451011205, 36.527180615891396 ], [ 128.178599914565496, 36.527019518474702 ], [ 128.178567592745196, 36.526949895914235 ], [ 128.178555318027435, 36.52686011181833 ], [ 128.17865855673648, 36.525227966584772 ], [ 128.178813846478789, 36.523925105489475 ], [ 128.180649629354235, 36.522264299545242 ], [ 128.180751635040735, 36.522246859406366 ], [ 128.181442080150333, 36.522228121362183 ], [ 128.181993623075869, 36.522215879199358 ], [ 128.182178978253376, 36.522193660190418 ], [ 128.182305076525097, 36.522148602405203 ], [ 128.182390351035082, 36.522087257225117 ], [ 128.182441379892339, 36.522012862237531 ], [ 128.182885249762222, 36.52079846485249 ], [ 128.183619079032013, 36.518917539217846 ], [ 128.184175536906224, 36.517806442911251 ], [ 128.18249549715631, 36.517147936319269 ], [ 128.182379706793938, 36.517096082954588 ], [ 128.182280441081048, 36.517037184411542 ], [ 128.182133993444154, 36.516896889856135 ], [ 128.182095248540577, 36.516850025303867 ], [ 128.182060516316199, 36.516786467301124 ], [ 128.182053448087203, 36.516737378806134 ], [ 128.181982794208636, 36.515404056679017 ], [ 128.182022096916143, 36.514674086622485 ], [ 128.182032595631995, 36.514637378903139 ], [ 128.182042170993782, 36.514569011349607 ], [ 128.182047776417875, 36.514515955898247 ], [ 128.182041144111906, 36.51442602883909 ], [ 128.181987442899867, 36.514241812779758 ], [ 128.181877907969948, 36.513958140780211 ], [ 128.181845633510903, 36.51390073938159 ], [ 128.181778088856902, 36.513830810415534 ], [ 128.180635911820332, 36.512785279382335 ], [ 128.180485348787755, 36.512673946931628 ], [ 128.180286760332876, 36.512560237779034 ], [ 128.178144240752488, 36.511413822412528 ], [ 128.176614780896045, 36.511603450887108 ], [ 128.173312408816486, 36.51144884243309 ], [ 128.173257296866268, 36.511399408790922 ], [ 128.17280317441589, 36.511035657727071 ], [ 128.171884220147177, 36.510395216083424 ], [ 128.171829491825321, 36.510365944335319 ], [ 128.171774718034271, 36.51034109827679 ], [ 128.17170605899733, 36.51032728900271 ], [ 128.17164009881094, 36.510320158124188 ], [ 128.169366365874453, 36.510082902134798 ], [ 128.169333349248689, 36.510082657380195 ], [ 128.169300142976795, 36.510098000602298 ], [ 128.16926130757895, 36.510126624731164 ], [ 128.168596853629225, 36.511109907130809 ], [ 128.16834529365812, 36.511507680743215 ], [ 128.168303719167284, 36.511535168690735 ], [ 128.168199037946266, 36.51154445548309 ], [ 128.167863437056809, 36.511528771896387 ], [ 128.167533588070171, 36.511490897230388 ], [ 128.16715705731383, 36.51144379175954 ], [ 128.166749714598438, 36.511356892961807 ], [ 128.165929304771737, 36.511124396766768 ], [ 128.165816982527218, 36.51107692606351 ], [ 128.165680190006213, 36.511000391346741 ], [ 128.164017406496015, 36.509949923625911 ], [ 128.163894697280995, 36.509844572235295 ], [ 128.163796754945565, 36.509739404736344 ], [ 128.163745293396175, 36.50966345847705 ], [ 128.16372392551213, 36.509601060173871 ], [ 128.163719098617605, 36.509538762755838 ], [ 128.163736258588358, 36.509478869005349 ], [ 128.164070771090309, 36.508580359492065 ], [ 128.162171256856936, 36.50481549551597 ], [ 128.160330391334952, 36.502881556338238 ], [ 128.159787470946554, 36.502372889962551 ], [ 128.156595675662004, 36.49952712409835 ], [ 128.154808001757743, 36.498048537560678 ], [ 128.153345414703153, 36.496839861910544 ], [ 128.151803371644405, 36.495691639338624 ], [ 128.151702697950128, 36.49556727262442 ], [ 128.151665622393153, 36.495458845906818 ], [ 128.151932480549902, 36.490333003063157 ], [ 128.151467587756713, 36.490239990194404 ], [ 128.151082901054082, 36.490141942901317 ], [ 128.150604098927573, 36.489988284508989 ], [ 128.149704598108002, 36.489688522884101 ], [ 128.149531519773234, 36.489628048495888 ], [ 128.14917223539382, 36.489472837531338 ], [ 128.148674853942566, 36.489237850439153 ], [ 128.147196209493558, 36.488477027328706 ], [ 128.147070453275319, 36.488394727775677 ], [ 128.146657703243989, 36.488076598975503 ], [ 128.146521132140322, 36.48793141625513 ], [ 128.142875483491537, 36.485614660016516 ], [ 128.141681837932083, 36.48776829146238 ], [ 128.141549986267364, 36.487976670943574 ], [ 128.141405699091081, 36.488114914303338 ], [ 128.141341935470223, 36.488153991075485 ], [ 128.141255352091321, 36.488174278706204 ], [ 128.141068154151014, 36.488182245139029 ], [ 128.140976175507632, 36.488169946942719 ], [ 128.136283541511176, 36.486856436844228 ], [ 128.136217841053622, 36.486809440166169 ], [ 128.136167493245409, 36.486678831798201 ], [ 128.136067871774998, 36.486341917137629 ], [ 128.134500262151079, 36.483438924730706 ], [ 128.128652525718962, 36.479288358815694 ], [ 128.12859236733334, 36.479262333723327 ], [ 128.127477766377353, 36.479042514187228 ], [ 128.126869678730998, 36.479110162460486 ], [ 128.125630684624412, 36.479305118348059 ], [ 128.125509178021503, 36.479360058456336 ], [ 128.125382377172372, 36.479430770991961 ], [ 128.125135566842999, 36.479621996240802 ], [ 128.125021939973919, 36.479744410168401 ], [ 128.124982490498724, 36.479936248136681 ], [ 128.125016030131121, 36.480024896959009 ], [ 128.125152266002232, 36.480195666883681 ], [ 128.125182539348742, 36.480319166056468 ], [ 128.125189250499744, 36.480485886965901 ], [ 128.125114428305864, 36.480741149115431 ], [ 128.125014147169935, 36.480954384735959 ], [ 128.124864798876189, 36.481181224016083 ], [ 128.124727687518543, 36.481367793680697 ], [ 128.124574070423961, 36.481464520764547 ], [ 128.124474899454299, 36.481507290675573 ], [ 128.124393958817251, 36.481524805887069 ], [ 128.124299720596582, 36.481527753766457 ], [ 128.120295306016175, 36.48120672471854 ], [ 128.116267596955311, 36.48151218053345 ], [ 128.111446932285673, 36.482670165169303 ], [ 128.110952481463471, 36.482935789819692 ], [ 128.110764708768528, 36.483150547814063 ], [ 128.110509650466355, 36.483469918003991 ], [ 128.11011616529089, 36.484483997514708 ], [ 128.109838953562587, 36.485591824900794 ], [ 128.109252642482687, 36.48995697255549 ], [ 128.108584160962863, 36.493749636338023 ], [ 128.108329758283986, 36.494594620492194 ], [ 128.108075645016953, 36.495646121006189 ], [ 128.108099872392359, 36.496378221124026 ], [ 128.108382252058078, 36.49896857198344 ], [ 128.108569352216136, 36.49986950034598 ], [ 128.10861729674545, 36.500939485954476 ], [ 128.108471716478448, 36.502268554507914 ], [ 128.108031031243996, 36.503750697702138 ], [ 128.10802080515262, 36.503777870648037 ], [ 128.108000583102921, 36.503811382523232 ], [ 128.10797243792581, 36.503842419578902 ], [ 128.107909299332078, 36.503897253434978 ], [ 128.105264777558943, 36.506193120451172 ], [ 128.10519379926717, 36.506241067293388 ], [ 128.103294727750097, 36.507287441035444 ], [ 128.102376870429651, 36.507729339832032 ], [ 128.102294147780412, 36.507761580570893 ], [ 128.095799108693058, 36.509685486752588 ], [ 128.094494317389774, 36.510037220681241 ], [ 128.093723461579287, 36.510982830276234 ], [ 128.093648134469959, 36.511075259437774 ], [ 128.093504686804351, 36.511293246251185 ], [ 128.093432717480795, 36.5114230042279 ], [ 128.093351132658512, 36.511597995116034 ], [ 128.093316399706822, 36.51171767290046 ], [ 128.093289223694796, 36.511902873080295 ], [ 128.093280398288499, 36.512010486997319 ], [ 128.093315907369401, 36.51214843504426 ], [ 128.093411726204749, 36.512439802820403 ], [ 128.093479819411328, 36.512576163432811 ], [ 128.093538341674702, 36.512689820400645 ], [ 128.093606639556242, 36.512809052265013 ], [ 128.093664638112159, 36.512902491967452 ], [ 128.093705770367933, 36.512947462455557 ], [ 128.09375528389657, 36.512989464032046 ], [ 128.095798970316878, 36.51430467106357 ], [ 128.098126083101107, 36.515799436050678 ], [ 128.098439691258676, 36.515978574592886 ], [ 128.098745778901616, 36.516146112560179 ], [ 128.098851005076966, 36.51620083287402 ], [ 128.099682822650152, 36.516595720832143 ], [ 128.100194165057786, 36.516830681207416 ], [ 128.100292897187245, 36.516870315627699 ], [ 128.100435361414213, 36.516920708325955 ], [ 128.100540820954706, 36.516955764204873 ], [ 128.100745192897335, 36.517013540952824 ], [ 128.101134008038855, 36.517123548623864 ], [ 128.101195725484786, 36.517146352079365 ], [ 128.10141478323942, 36.517254691002883 ], [ 128.101513304187648, 36.517313211027918 ], [ 128.101633420851726, 36.517400002220342 ], [ 128.102600691136956, 36.51812403133129 ], [ 128.102653579920485, 36.518171043371794 ], [ 128.102729938496879, 36.518247114792345 ], [ 128.102808945390535, 36.518343207746284 ], [ 128.102927321785927, 36.518498538539269 ], [ 128.102994586037767, 36.518620359167997 ], [ 128.104660659868387, 36.521694783727852 ], [ 128.104682663293175, 36.521770429803063 ], [ 128.104695460732358, 36.521901863241389 ], [ 128.104682173909026, 36.522144007901559 ], [ 128.104647702175185, 36.522238888915957 ], [ 128.104470398065502, 36.52264501397979 ], [ 128.103770430436043, 36.524043947021454 ], [ 128.103750928346273, 36.524081171335496 ], [ 128.103730659182247, 36.524101040234996 ], [ 128.103701767960786, 36.524125476501553 ], [ 128.101743930851484, 36.525338545088999 ], [ 128.101696072898875, 36.525352817483025 ], [ 128.10119345584036, 36.525268150767147 ], [ 128.10090666827972, 36.525158532027518 ], [ 128.100852067873376, 36.525138094223379 ], [ 128.100813518487172, 36.525131247697267 ], [ 128.100780158683676, 36.525129473003865 ], [ 128.100053140685816, 36.525150160367645 ], [ 128.099966199249877, 36.525162209062763 ], [ 128.099906896187946, 36.525177154937623 ], [ 128.099863773520696, 36.525194553524713 ], [ 128.099837104100857, 36.525212274125082 ], [ 128.099794479481574, 36.525248325834568 ], [ 128.099592290381764, 36.525492911648797 ], [ 128.098521011747863, 36.52682315810155 ], [ 128.098254460789917, 36.527188560017912 ], [ 128.096433238916177, 36.528940164194594 ], [ 128.094400664295108, 36.530885542736556 ], [ 128.092751670289829, 36.532395544908525 ], [ 128.092647640794638, 36.532414646321634 ], [ 128.092573490741529, 36.532436810330118 ], [ 128.092531019179887, 36.53245639638218 ], [ 128.092081308207952, 36.532771316834761 ], [ 128.092038593315976, 36.532812218980368 ], [ 128.092002753907195, 36.532868787501769 ], [ 128.091970171922924, 36.53294529724527 ], [ 128.091847072323901, 36.533315291406382 ], [ 128.091809536814594, 36.533515391542103 ], [ 128.091804544292131, 36.533566527742096 ], [ 128.091810909524781, 36.533623415943723 ], [ 128.091897241070711, 36.533989326309381 ], [ 128.09254838826422, 36.536127766087475 ], [ 128.094122577979022, 36.536459946275023 ], [ 128.094294393318762, 36.536506507245875 ], [ 128.09461288597393, 36.536628995706735 ], [ 128.094807982875324, 36.536710527996767 ], [ 128.094955746655074, 36.536786478738343 ], [ 128.095180403249117, 36.536920406811454 ], [ 128.095258385616262, 36.536976702051128 ], [ 128.095441674128438, 36.537146887044265 ], [ 128.095580016583114, 36.537292367071295 ], [ 128.095655441038019, 36.537383432110403 ], [ 128.095761277218685, 36.537544315014443 ], [ 128.095888048906261, 36.537757560444973 ], [ 128.095974203186074, 36.537920807857219 ], [ 128.096265890463769, 36.538495524716112 ], [ 128.096299462365579, 36.538572341238854 ], [ 128.096981914753627, 36.540287311129902 ], [ 128.097269181062728, 36.541026873716461 ], [ 128.09768649549693, 36.542104497351531 ], [ 128.097702471609068, 36.542192437749826 ], [ 128.097714271101125, 36.54234620302978 ], [ 128.097719595401941, 36.542473868134756 ], [ 128.097714081521275, 36.542582228792313 ], [ 128.097700510759921, 36.542726219169346 ], [ 128.097680353535992, 36.54285231085646 ], [ 128.097655442296201, 36.54302091035791 ], [ 128.09764236552644, 36.543123725028003 ], [ 128.09763086941237, 36.543234787691638 ], [ 128.097619312296104, 36.543570893384896 ], [ 128.097622159822379, 36.543690309554428 ], [ 128.097626647660007, 36.543743854066911 ], [ 128.097636527623962, 36.543770007489016 ], [ 128.09817440255361, 36.545104509422828 ], [ 128.098199189268342, 36.545159506254727 ], [ 128.098271470800199, 36.54528946232633 ], [ 128.098614756262464, 36.545834286850123 ], [ 128.098792286282702, 36.546065082173023 ], [ 128.098855127749829, 36.54613060656316 ], [ 128.099349002825051, 36.546617983640893 ], [ 128.099405751573528, 36.546661225393294 ], [ 128.099656511966543, 36.546791539073602 ], [ 128.099874721606142, 36.546888519040628 ], [ 128.099961242476155, 36.546923432365205 ], [ 128.100016170860954, 36.54694097498367 ], [ 128.100054225883724, 36.54694809283172 ], [ 128.100100852854268, 36.546950167825486 ], [ 128.100141149097055, 36.546948749808543 ], [ 128.100200642627016, 36.546937226730016 ], [ 128.100249593055366, 36.546922186764704 ], [ 128.100285860936197, 36.546901916131425 ], [ 128.100341485469471, 36.54685950282267 ], [ 128.104133783788001, 36.546879500265227 ], [ 128.108166885109569, 36.5485118058578 ], [ 128.111144528723202, 36.548408981716484 ], [ 128.111222977191517, 36.548409570369415 ], [ 128.111281384822263, 36.548429775502505 ], [ 128.111523625132975, 36.548551239734458 ], [ 128.111696160937413, 36.54866551734132 ], [ 128.111898072510741, 36.548807437990256 ], [ 128.112097105955797, 36.548955508649271 ], [ 128.112220884528625, 36.549069447077621 ], [ 128.112332068712476, 36.549173000805375 ], [ 128.112488229495284, 36.549371965858683 ], [ 128.112743172431237, 36.549697466486109 ], [ 128.113617124131196, 36.550871936297767 ], [ 128.119106408341025, 36.554480921842483 ], [ 128.119343342981409, 36.554619028263154 ], [ 128.119878978488828, 36.554883702173129 ], [ 128.120008511047985, 36.554932557727021 ], [ 128.120091714139704, 36.554942397585073 ], [ 128.120176127654076, 36.554944858662338 ], [ 128.120284759369298, 36.554926307855382 ], [ 128.120641486162981, 36.554864455244406 ], [ 128.121109763735234, 36.554930549389042 ], [ 128.121155392334998, 36.554932732207909 ], [ 128.121227410508737, 36.554922205269015 ], [ 128.121340588917747, 36.554903690212328 ], [ 128.121401295041949, 36.554883881726113 ], [ 128.121458626213098, 36.554859421055362 ], [ 128.121511523115544, 36.55482388787 ], [ 128.124330748928003, 36.552465259455353 ], [ 128.124363176306474, 36.552437941130542 ], [ 128.124415948486615, 36.552386440925765 ], [ 128.124468440558843, 36.552321382774224 ], [ 128.127112677273914, 36.548844058069058 ], [ 128.12616210696595, 36.545600108099606 ], [ 128.126158635315932, 36.545551447338127 ], [ 128.126173766775565, 36.545455910252706 ], [ 128.126240592780789, 36.545226160088099 ], [ 128.126298220853045, 36.54508501126422 ], [ 128.126392585866029, 36.544905726363048 ], [ 128.126535944994941, 36.544653856925265 ], [ 128.126582851656565, 36.544589344594748 ], [ 128.126692598031525, 36.544470172436228 ], [ 128.126968134817787, 36.544194141799522 ], [ 128.129170945261393, 36.541993015908304 ], [ 128.129225508566236, 36.541960174074191 ], [ 128.129281908298623, 36.541943571098585 ], [ 128.12935225113236, 36.541935967172996 ], [ 128.129458685975123, 36.541931869738455 ], [ 128.129534944539273, 36.541934064397566 ], [ 128.129603099356871, 36.541942659147047 ], [ 128.129729324018911, 36.541964677012608 ], [ 128.130873486784083, 36.54220942942667 ], [ 128.130923546035234, 36.542221136458359 ], [ 128.130965480429637, 36.542240896254633 ], [ 128.13101731107767, 36.542273706920561 ], [ 128.131128668970263, 36.542366948965878 ], [ 128.131196366945574, 36.542417679358557 ], [ 128.131266064362876, 36.542466840440376 ], [ 128.131517954721943, 36.542603905378961 ], [ 128.131621744798423, 36.542656531349039 ], [ 128.131739600689741, 36.542709274731699 ], [ 128.131857495386384, 36.542757156922931 ], [ 128.131947508373116, 36.542785360147384 ], [ 128.133115549340232, 36.543083785514327 ], [ 128.133173646508112, 36.543093946126312 ], [ 128.133287919795379, 36.543107758748164 ], [ 128.133476505926154, 36.543117230668059 ], [ 128.133686447891819, 36.543118895438418 ], [ 128.133748780445785, 36.543111246743386 ], [ 128.133789043496733, 36.543100205789294 ], [ 128.133823328047356, 36.543085855653487 ], [ 128.137313326569654, 36.541411320898199 ], [ 128.138305018500972, 36.540620268228579 ], [ 128.13902489149649, 36.540009246092879 ], [ 128.139053427515876, 36.539970533472811 ], [ 128.139088244531166, 36.539907550455432 ], [ 128.139104967479113, 36.539847671791271 ], [ 128.139111591590904, 36.539794233447857 ], [ 128.139104163992954, 36.539739052994058 ], [ 128.13908865843473, 36.539690294818712 ], [ 128.138996409375039, 36.539501556941296 ], [ 128.138925575509489, 36.539392069294664 ], [ 128.138784163579913, 36.539110544865686 ], [ 128.138754895216323, 36.539035758429911 ], [ 128.138741494178475, 36.538977285221073 ], [ 128.13873792302229, 36.538936727989558 ], [ 128.138740382645977, 36.538896207871382 ], [ 128.138768392817809, 36.538514911401599 ], [ 128.138774991139456, 36.538463075162106 ], [ 128.1387915379606, 36.538419410887919 ], [ 128.138822145299457, 36.53837424782963 ], [ 128.13917140559488, 36.537978636031234 ], [ 128.139264870502302, 36.537877176439792 ], [ 128.140952865864961, 36.536864835896651 ], [ 128.141005257445642, 36.536845756292905 ], [ 128.141493538843235, 36.536728429741764 ], [ 128.141549847002267, 36.536719101957573 ], [ 128.141618145105042, 36.536714745400531 ], [ 128.144296845487077, 36.536593225560352 ], [ 128.145074479440467, 36.536589225517851 ], [ 128.145705927329999, 36.536483509145384 ], [ 128.147484061536289, 36.536145339584749 ], [ 128.149036505775655, 36.535626851221117 ], [ 128.149086731865083, 36.53560764914355 ], [ 128.149122476781457, 36.535584445693765 ], [ 128.149156732464263, 36.535550806502634 ], [ 128.149427838018056, 36.535253004075706 ], [ 128.149555344631011, 36.535101437907343 ], [ 128.149678131752268, 36.534939416512096 ], [ 128.149727336161817, 36.534866796142587 ], [ 128.149756980473995, 36.534812268081261 ], [ 128.149775352033316, 36.534755071700012 ], [ 128.149789088557782, 36.534679566833454 ], [ 128.149789933249167, 36.534602677191479 ], [ 128.149782411550802, 36.534553112420731 ], [ 128.149768315319903, 36.534513916424054 ], [ 128.149725705239575, 36.534427605796125 ], [ 128.14968808422779, 36.53432567027739 ], [ 128.149683684092366, 36.534286556671717 ], [ 128.149685583111619, 36.534260509299791 ], [ 128.149695589088168, 36.53423060893995 ], [ 128.14972673238637, 36.534186503031862 ], [ 128.149757763118714, 36.534152847878318 ], [ 128.149795198781675, 36.534123140631465 ], [ 128.15070998594291, 36.533536723543946 ], [ 128.150740790920395, 36.533522603898398 ], [ 128.15077798690308, 36.53351503480436 ], [ 128.150841018883995, 36.533505061949938 ], [ 128.151013874009323, 36.533484148546783 ], [ 128.151543655102074, 36.533431881354844 ], [ 128.152753263626295, 36.533327121861099 ], [ 128.152924438616338, 36.533312693042738 ], [ 128.153434701833788, 36.533273320156084 ], [ 128.153712407922171, 36.53325576425167 ], [ 128.153890002204292, 36.533245286181391 ], [ 128.154542243180913, 36.533206913191826 ], [ 128.15480041893548, 36.533203554136982 ], [ 128.154984354554017, 36.533203532139154 ], [ 128.155192429121712, 36.533208924154309 ], [ 128.155405263964269, 36.533220844427191 ], [ 128.15608209524737, 36.533294727362559 ], [ 128.156376927384088, 36.533334608149609 ], [ 128.156473563637434, 36.533350918910202 ], [ 128.158255992507662, 36.533685438715729 ], [ 128.158318781124564, 36.533697594990052 ], [ 128.158457184118589, 36.533729857238974 ], [ 128.158560150291152, 36.53375665542201 ], [ 128.158619680047707, 36.533772715883238 ], [ 128.158833400098416, 36.533853722121485 ], [ 128.165588075810916, 36.536475082558759 ], [ 128.169476497286638, 36.539046134417823 ], [ 128.173536891170045, 36.540504546118974 ], [ 128.174365481853869, 36.540724898866799 ] ] ] ] } },
{ "type": "Feature", "properties": { "OBJECTID": 2935, "adm_nm": "경상북도 상주시 이안면", "adm_cd": "3708046", "adm_cd2": "4725046000", "sgg": "47250", "sido": "47", "sidonm": "경상북도", "sggnm": "상주시" }, "geometry": { "type": "MultiPolygon", "coordinates": [ [ [ [ 128.15120444135934, 36.599678620012959 ], [ 128.151010449336866, 36.598990209177295 ], [ 128.150298141986411, 36.597555762778782 ], [ 128.148879651898881, 36.595590323110414 ], [ 128.14697268350173, 36.593729888456835 ], [ 128.146772910526693, 36.59349939128024 ], [ 128.146445501478382, 36.593099648396141 ], [ 128.146407460392822, 36.593027591436865 ], [ 128.146400116861827, 36.592959666277011 ], [ 128.146404056333438, 36.592897050989293 ], [ 128.146427676383553, 36.592808468874637 ], [ 128.146464823269412, 36.592721737161447 ], [ 128.146510365308444, 36.592650490734869 ], [ 128.146646551767674, 36.592481793882762 ], [ 128.146741496666436, 36.592384601334409 ], [ 128.151443930164646, 36.587824727880253 ], [ 128.154436700266388, 36.5849969582165 ], [ 128.154532500196694, 36.584947528230401 ], [ 128.154621728856711, 36.584901475174462 ], [ 128.154702379345935, 36.584840747856184 ], [ 128.155620129182722, 36.58412453152647 ], [ 128.155636613718656, 36.584079468278681 ], [ 128.156300259830715, 36.581538392128557 ], [ 128.156309239362685, 36.581448118037493 ], [ 128.156310259327427, 36.581354560372645 ], [ 128.156295493449505, 36.581241520091467 ], [ 128.156251329131123, 36.581073422735329 ], [ 128.155923013197537, 36.580236118054827 ], [ 128.155816455303579, 36.580060424396095 ], [ 128.15552129670192, 36.579619529227173 ], [ 128.155446446483609, 36.579515743047857 ], [ 128.15535345820993, 36.579424722468509 ], [ 128.155269986452879, 36.579375736446444 ], [ 128.155162554515016, 36.579326591777317 ], [ 128.155014817452241, 36.57930293904932 ], [ 128.154882941325582, 36.579295564644752 ], [ 128.154750812646142, 36.579307520321294 ], [ 128.152832189790274, 36.579210000701707 ], [ 128.149510011635527, 36.57771287914823 ], [ 128.149429587058421, 36.577663264789649 ], [ 128.149317173888932, 36.5775742086363 ], [ 128.148516906020546, 36.576885263106433 ], [ 128.148481088065722, 36.576829431236618 ], [ 128.148474326400418, 36.576799952323675 ], [ 128.148480923945669, 36.576752599908168 ], [ 128.148505896593548, 36.576690671396875 ], [ 128.148526619861116, 36.576646675006181 ], [ 128.148561556434203, 36.576599534412637 ], [ 128.148645373552796, 36.576526581407833 ], [ 128.150797947532482, 36.574990802018341 ], [ 128.150946714783515, 36.574901963716535 ], [ 128.151140263673028, 36.574792194129266 ], [ 128.151264346847512, 36.57473751251041 ], [ 128.151355826969336, 36.574703845961736 ], [ 128.151457308599475, 36.574681689908928 ], [ 128.151564749579705, 36.57466936981465 ], [ 128.15178365031224, 36.574646421998061 ], [ 128.152928377813538, 36.574367939957668 ], [ 128.154572407979742, 36.573899084555215 ], [ 128.154694284017751, 36.573862368283166 ], [ 128.155908616675447, 36.573448439337298 ], [ 128.156107897340348, 36.573368119725025 ], [ 128.157151029245568, 36.572859013279285 ], [ 128.15718772810655, 36.572836402622031 ], [ 128.157220380297787, 36.572812122165445 ], [ 128.157277697792608, 36.57275366182148 ], [ 128.157544410362533, 36.572430299375583 ], [ 128.157900184473249, 36.571966718318549 ], [ 128.158067994638145, 36.571727839149318 ], [ 128.158169067648117, 36.571548506564177 ], [ 128.158246217208756, 36.571288969646609 ], [ 128.158358534764915, 36.570836279778355 ], [ 128.158479954909694, 36.570303647579941 ], [ 128.158576461688341, 36.569974228092548 ], [ 128.158661763944963, 36.569724734398214 ], [ 128.158810253055634, 36.569362358354766 ], [ 128.158966382888423, 36.569056675211932 ], [ 128.159130332290715, 36.568791088410336 ], [ 128.159512935526038, 36.568357001378558 ], [ 128.159847210129442, 36.567999243016793 ], [ 128.160198139602954, 36.5676282693763 ], [ 128.160573989378747, 36.567244112040235 ], [ 128.160866154526644, 36.566959437223872 ], [ 128.160983014493951, 36.56686422925948 ], [ 128.161059485465557, 36.566817303637251 ], [ 128.161153100641229, 36.5667724401589 ], [ 128.161295764152982, 36.56672201820632 ], [ 128.161522143973713, 36.566634595050751 ], [ 128.161723971154146, 36.566550929038165 ], [ 128.161881631890594, 36.566472905124279 ], [ 128.162034613843844, 36.566375066063969 ], [ 128.162150664345262, 36.566292787933889 ], [ 128.162232340309004, 36.566218186620326 ], [ 128.162299278040706, 36.566145451177832 ], [ 128.164267904330188, 36.562824178116927 ], [ 128.164646116376844, 36.561975415433956 ], [ 128.164764486714489, 36.561687089475271 ], [ 128.165001616366936, 36.561073851565872 ], [ 128.165488646031122, 36.559807612027257 ], [ 128.166441161497914, 36.557116914117259 ], [ 128.166537345604809, 36.556784817474849 ], [ 128.166576156392068, 36.556620564043008 ], [ 128.16658779869033, 36.556400049795222 ], [ 128.166658790780076, 36.551938378705664 ], [ 128.166674190006233, 36.549462872211997 ], [ 128.166541116902522, 36.54934843232531 ], [ 128.164753660331314, 36.547706720832807 ], [ 128.164600874817012, 36.547548262288409 ], [ 128.16448203676282, 36.547424294844681 ], [ 128.164404207550945, 36.547338134622422 ], [ 128.164139308337525, 36.546994612168938 ], [ 128.164097581096286, 36.546931518218031 ], [ 128.164071877615726, 36.546880791860119 ], [ 128.164048333709189, 36.546816201112527 ], [ 128.164027187190584, 36.546716564950636 ], [ 128.164023582782363, 36.546676586632778 ], [ 128.164026086595044, 36.546632566257593 ], [ 128.164034672315609, 36.546586131168034 ], [ 128.164066389746267, 36.546453448432224 ], [ 128.164086262734941, 36.546389974443642 ], [ 128.164109012039461, 36.546340401698075 ], [ 128.164126482211316, 36.546311987568707 ], [ 128.164744106587477, 36.545595439041641 ], [ 128.167045506278413, 36.544121141007849 ], [ 128.167131750503785, 36.544073285018584 ], [ 128.16725220304491, 36.544034879940696 ], [ 128.167329436718262, 36.544028512313183 ], [ 128.167386483055139, 36.544038140145197 ], [ 128.167443425480513, 36.544056992620739 ], [ 128.167505994839757, 36.54408512780995 ], [ 128.167548428988511, 36.544124657885696 ], [ 128.167587879460626, 36.54417801103385 ], [ 128.167629976078018, 36.544249866946082 ], [ 128.167705493309938, 36.544402705349299 ], [ 128.167834609138566, 36.544620554983794 ], [ 128.167983691818563, 36.544843176915251 ], [ 128.168113426460422, 36.545003318122461 ], [ 128.168192476182355, 36.545093876513931 ], [ 128.168251984394374, 36.545140459500786 ], [ 128.168289007867969, 36.545152254507627 ], [ 128.168326149877828, 36.545152509714711 ], [ 128.168363345114386, 36.545148176007203 ], [ 128.170837294900252, 36.544699210436498 ], [ 128.170994859222162, 36.544663381122973 ], [ 128.171187025429816, 36.544597798662849 ], [ 128.171356508571563, 36.544515890434816 ], [ 128.171514699296893, 36.544422349575122 ], [ 128.171681641712183, 36.544310422822669 ], [ 128.171785349853906, 36.544232695975943 ], [ 128.173856828751923, 36.5423561559736 ], [ 128.173880678118792, 36.542331718722622 ], [ 128.173906603927719, 36.542295388039157 ], [ 128.174317520123793, 36.541537982607437 ], [ 128.174349622418276, 36.54147630293992 ], [ 128.17436577584175, 36.541434344395448 ], [ 128.17438012294943, 36.541378904300153 ], [ 128.174388436349375, 36.541336105722586 ], [ 128.174407843092695, 36.541175948278784 ], [ 128.174410495590763, 36.541110894068687 ], [ 128.174407152928524, 36.541056097610081 ], [ 128.174399917053904, 36.540997337661757 ], [ 128.174365481853869, 36.540724898866799 ], [ 128.173536891170045, 36.540504546118974 ], [ 128.169476497286638, 36.539046134417823 ], [ 128.165588075810916, 36.536475082558759 ], [ 128.158833400098416, 36.533853722121485 ], [ 128.158619680047707, 36.533772715883238 ], [ 128.158560150291152, 36.53375665542201 ], [ 128.158457184118589, 36.533729857238974 ], [ 128.158318781124564, 36.533697594990052 ], [ 128.158255992507662, 36.533685438715729 ], [ 128.156473563637434, 36.533350918910202 ], [ 128.156376927384088, 36.533334608149609 ], [ 128.15608209524737, 36.533294727362559 ], [ 128.155405263964269, 36.533220844427191 ], [ 128.155192429121712, 36.533208924154309 ], [ 128.154984354554017, 36.533203532139154 ], [ 128.15480041893548, 36.533203554136982 ], [ 128.154542243180913, 36.533206913191826 ], [ 128.153890002204292, 36.533245286181391 ], [ 128.153712407922171, 36.53325576425167 ], [ 128.153434701833788, 36.533273320156084 ], [ 128.152924438616338, 36.533312693042738 ], [ 128.152753263626295, 36.533327121861099 ], [ 128.151543655102074, 36.533431881354844 ], [ 128.151013874009323, 36.533484148546783 ], [ 128.150841018883995, 36.533505061949938 ], [ 128.15077798690308, 36.53351503480436 ], [ 128.150740790920395, 36.533522603898398 ], [ 128.15070998594291, 36.533536723543946 ], [ 128.149795198781675, 36.534123140631465 ], [ 128.149757763118714, 36.534152847878318 ], [ 128.14972673238637, 36.534186503031862 ], [ 128.149695589088168, 36.53423060893995 ], [ 128.149685583111619, 36.534260509299791 ], [ 128.149683684092366, 36.534286556671717 ], [ 128.14968808422779, 36.53432567027739 ], [ 128.149725705239575, 36.534427605796125 ], [ 128.149768315319903, 36.534513916424054 ], [ 128.149782411550802, 36.534553112420731 ], [ 128.149789933249167, 36.534602677191479 ], [ 128.149789088557782, 36.534679566833454 ], [ 128.149775352033316, 36.534755071700012 ], [ 128.149756980473995, 36.534812268081261 ], [ 128.149727336161817, 36.534866796142587 ], [ 128.149678131752268, 36.534939416512096 ], [ 128.149555344631011, 36.535101437907343 ], [ 128.149427838018056, 36.535253004075706 ], [ 128.149156732464263, 36.535550806502634 ], [ 128.149122476781457, 36.535584445693765 ], [ 128.149086731865083, 36.53560764914355 ], [ 128.149036505775655, 36.535626851221117 ], [ 128.147484061536289, 36.536145339584749 ], [ 128.145705927329999, 36.536483509145384 ], [ 128.145074479440467, 36.536589225517851 ], [ 128.144296845487077, 36.536593225560352 ], [ 128.141618145105042, 36.536714745400531 ], [ 128.141549847002267, 36.536719101957573 ], [ 128.141493538843235, 36.536728429741764 ], [ 128.141005257445642, 36.536845756292905 ], [ 128.140952865864961, 36.536864835896651 ], [ 128.139264870502302, 36.537877176439792 ], [ 128.13917140559488, 36.537978636031234 ], [ 128.138822145299457, 36.53837424782963 ], [ 128.1387915379606, 36.538419410887919 ], [ 128.138774991139456, 36.538463075162106 ], [ 128.138768392817809, 36.538514911401599 ], [ 128.138740382645977, 36.538896207871382 ], [ 128.13873792302229, 36.538936727989558 ], [ 128.138741494178475, 36.538977285221073 ], [ 128.138754895216323, 36.539035758429911 ], [ 128.138784163579913, 36.539110544865686 ], [ 128.138925575509489, 36.539392069294664 ], [ 128.138996409375039, 36.539501556941296 ], [ 128.13908865843473, 36.539690294818712 ], [ 128.139104163992954, 36.539739052994058 ], [ 128.139111591590904, 36.539794233447857 ], [ 128.139104967479113, 36.539847671791271 ], [ 128.139088244531166, 36.539907550455432 ], [ 128.139053427515876, 36.539970533472811 ], [ 128.13902489149649, 36.540009246092879 ], [ 128.138305018500972, 36.540620268228579 ], [ 128.137313326569654, 36.541411320898199 ], [ 128.133823328047356, 36.543085855653487 ], [ 128.133789043496733, 36.543100205789294 ], [ 128.133748780445785, 36.543111246743386 ], [ 128.133686447891819, 36.543118895438418 ], [ 128.133476505926154, 36.543117230668059 ], [ 128.133287919795379, 36.543107758748164 ], [ 128.133173646508112, 36.543093946126312 ], [ 128.133115549340232, 36.543083785514327 ], [ 128.131947508373116, 36.542785360147384 ], [ 128.131857495386384, 36.542757156922931 ], [ 128.131739600689741, 36.542709274731699 ], [ 128.131621744798423, 36.542656531349039 ], [ 128.131517954721943, 36.542603905378961 ], [ 128.131266064362876, 36.542466840440376 ], [ 128.131196366945574, 36.542417679358557 ], [ 128.131128668970263, 36.542366948965878 ], [ 128.13101731107767, 36.542273706920561 ], [ 128.130965480429637, 36.542240896254633 ], [ 128.130923546035234, 36.542221136458359 ], [ 128.130873486784083, 36.54220942942667 ], [ 128.129729324018911, 36.541964677012608 ], [ 128.129603099356871, 36.541942659147047 ], [ 128.129534944539273, 36.541934064397566 ], [ 128.129458685975123, 36.541931869738455 ], [ 128.12935225113236, 36.541935967172996 ], [ 128.129281908298623, 36.541943571098585 ], [ 128.129225508566236, 36.541960174074191 ], [ 128.129170945261393, 36.541993015908304 ], [ 128.126968134817787, 36.544194141799522 ], [ 128.126692598031525, 36.544470172436228 ], [ 128.126582851656565, 36.544589344594748 ], [ 128.126535944994941, 36.544653856925265 ], [ 128.126392585866029, 36.544905726363048 ], [ 128.126298220853045, 36.54508501126422 ], [ 128.126240592780789, 36.545226160088099 ], [ 128.126173766775565, 36.545455910252706 ], [ 128.126158635315932, 36.545551447338127 ], [ 128.12616210696595, 36.545600108099606 ], [ 128.127112677273914, 36.548844058069058 ], [ 128.124468440558843, 36.552321382774224 ], [ 128.124415948486615, 36.552386440925765 ], [ 128.124363176306474, 36.552437941130542 ], [ 128.124330748928003, 36.552465259455353 ], [ 128.121511523115544, 36.55482388787 ], [ 128.121458626213098, 36.554859421055362 ], [ 128.121401295041949, 36.554883881726113 ], [ 128.121340588917747, 36.554903690212328 ], [ 128.121227410508737, 36.554922205269015 ], [ 128.121155392334998, 36.554932732207909 ], [ 128.121109763735234, 36.554930549389042 ], [ 128.120641486162981, 36.554864455244406 ], [ 128.120284759369298, 36.554926307855382 ], [ 128.120176127654076, 36.554944858662338 ], [ 128.120091714139704, 36.554942397585073 ], [ 128.120008511047985, 36.554932557727021 ], [ 128.119878978488828, 36.554883702173129 ], [ 128.119343342981409, 36.554619028263154 ], [ 128.119106408341025, 36.554480921842483 ], [ 128.113617124131196, 36.550871936297767 ], [ 128.112743172431237, 36.549697466486109 ], [ 128.112488229495284, 36.549371965858683 ], [ 128.112332068712476, 36.549173000805375 ], [ 128.112220884528625, 36.549069447077621 ], [ 128.112097105955797, 36.548955508649271 ], [ 128.111898072510741, 36.548807437990256 ], [ 128.111696160937413, 36.54866551734132 ], [ 128.111523625132975, 36.548551239734458 ], [ 128.111281384822263, 36.548429775502505 ], [ 128.111222977191517, 36.548409570369415 ], [ 128.111144528723202, 36.548408981716484 ], [ 128.108166885109569, 36.5485118058578 ], [ 128.104133783788001, 36.546879500265227 ], [ 128.100341485469471, 36.54685950282267 ], [ 128.100285860936197, 36.546901916131425 ], [ 128.100249593055366, 36.546922186764704 ], [ 128.100200642627016, 36.546937226730016 ], [ 128.100141149097055, 36.546948749808543 ], [ 128.100100852854268, 36.546950167825486 ], [ 128.100054225883724, 36.54694809283172 ], [ 128.100016170860954, 36.54694097498367 ], [ 128.099961242476155, 36.546923432365205 ], [ 128.099874721606142, 36.546888519040628 ], [ 128.099656511966543, 36.546791539073602 ], [ 128.099405751573528, 36.546661225393294 ], [ 128.099349002825051, 36.546617983640893 ], [ 128.098855127749829, 36.54613060656316 ], [ 128.098792286282702, 36.546065082173023 ], [ 128.098614756262464, 36.545834286850123 ], [ 128.098271470800199, 36.54528946232633 ], [ 128.098199189268342, 36.545159506254727 ], [ 128.09817440255361, 36.545104509422828 ], [ 128.097636527623962, 36.543770007489016 ], [ 128.097626647660007, 36.543743854066911 ], [ 128.097622159822379, 36.543690309554428 ], [ 128.097619312296104, 36.543570893384896 ], [ 128.09763086941237, 36.543234787691638 ], [ 128.09764236552644, 36.543123725028003 ], [ 128.097655442296201, 36.54302091035791 ], [ 128.097680353535992, 36.54285231085646 ], [ 128.097700510759921, 36.542726219169346 ], [ 128.097714081521275, 36.542582228792313 ], [ 128.097719595401941, 36.542473868134756 ], [ 128.097714271101125, 36.54234620302978 ], [ 128.097702471609068, 36.542192437749826 ], [ 128.09768649549693, 36.542104497351531 ], [ 128.097269181062728, 36.541026873716461 ], [ 128.096981914753627, 36.540287311129902 ], [ 128.096299462365579, 36.538572341238854 ], [ 128.096265890463769, 36.538495524716112 ], [ 128.095974203186074, 36.537920807857219 ], [ 128.095888048906261, 36.537757560444973 ], [ 128.095761277218685, 36.537544315014443 ], [ 128.095655441038019, 36.537383432110403 ], [ 128.095580016583114, 36.537292367071295 ], [ 128.095441674128438, 36.537146887044265 ], [ 128.095258385616262, 36.536976702051128 ], [ 128.095180403249117, 36.536920406811454 ], [ 128.094955746655074, 36.536786478738343 ], [ 128.094807982875324, 36.536710527996767 ], [ 128.09461288597393, 36.536628995706735 ], [ 128.094294393318762, 36.536506507245875 ], [ 128.094122577979022, 36.536459946275023 ], [ 128.09254838826422, 36.536127766087475 ], [ 128.090429297371315, 36.536206650432369 ], [ 128.084453369572032, 36.537357546656921 ], [ 128.084351769382863, 36.537392290697127 ], [ 128.084266926088873, 36.537424327389672 ], [ 128.084199712222983, 36.53745365790499 ], [ 128.084127023666895, 36.537499988629655 ], [ 128.082557886951918, 36.538578028758188 ], [ 128.082527617696513, 36.538609054774746 ], [ 128.082025733327754, 36.539756402173573 ], [ 128.082009336247268, 36.539803181661362 ], [ 128.081663197821484, 36.540873554420678 ], [ 128.081449394053749, 36.541694457233127 ], [ 128.081850530823914, 36.542416168086085 ], [ 128.082971445743908, 36.546014265275758 ], [ 128.07959255759846, 36.550520362311154 ], [ 128.076594037088142, 36.554488554979152 ], [ 128.076541255032595, 36.554543506751685 ], [ 128.076468884799823, 36.55463153718658 ], [ 128.076273803218271, 36.554888024004839 ], [ 128.076220649793498, 36.554973992538329 ], [ 128.075909554565328, 36.555528544229674 ], [ 128.075819712885789, 36.555700582622144 ], [ 128.075704581637609, 36.555924461941359 ], [ 128.07564828279672, 36.55604361598197 ], [ 128.07561145829041, 36.556140789436157 ], [ 128.074517921076023, 36.55950072538247 ], [ 128.074493620571161, 36.559583582733239 ], [ 128.074453537163492, 36.559724443587527 ], [ 128.074434528513279, 36.55982174354525 ], [ 128.074412190365962, 36.559969395499834 ], [ 128.074405993558031, 36.560029118848398 ], [ 128.074407914431674, 36.560097794613974 ], [ 128.074458930835931, 36.561911961727162 ], [ 128.074462224436417, 36.561980076435653 ], [ 128.075523497587426, 36.565574271695311 ], [ 128.07557351969831, 36.565677949218184 ], [ 128.075643326571083, 36.565735304299714 ], [ 128.0763293781595, 36.566236490167796 ], [ 128.07735629156042, 36.566957227106734 ], [ 128.082181196064312, 36.569495337898211 ], [ 128.084099693685971, 36.570254787944293 ], [ 128.084157045773679, 36.570277367932469 ], [ 128.084215817589865, 36.570295538036213 ], [ 128.08429795975519, 36.570310552829568 ], [ 128.084366537641472, 36.570311660890852 ], [ 128.08447628209953, 36.570312476943563 ], [ 128.089486136571622, 36.569286796010559 ], [ 128.08952464425073, 36.569278772511908 ], [ 128.089579827506554, 36.569252631236338 ], [ 128.091800722546196, 36.56774536373149 ], [ 128.092673367265633, 36.567147992260537 ], [ 128.093133444283211, 36.566985398628319 ], [ 128.093799878356208, 36.567126680893217 ], [ 128.093849124767956, 36.567138118969112 ], [ 128.093930920325732, 36.567181922600447 ], [ 128.093985342524093, 36.567220538333565 ], [ 128.09403011298761, 36.567264066597595 ], [ 128.094070596243483, 36.567320845639472 ], [ 128.095462001193198, 36.569404877749911 ], [ 128.095513169542727, 36.571015283637195 ], [ 128.095506217333536, 36.571727768939176 ], [ 128.095503353577556, 36.571855093997215 ], [ 128.09549143214042, 36.571936384444925 ], [ 128.095474408424195, 36.571983876331593 ], [ 128.095446246123856, 36.572046788008755 ], [ 128.095397436650302, 36.572113962292754 ], [ 128.095344652628569, 36.572169474849566 ], [ 128.095304613977646, 36.572191319658245 ], [ 128.092239696459501, 36.573363867105734 ], [ 128.091105675692091, 36.573526461777455 ], [ 128.089771547438517, 36.573751330194575 ], [ 128.089517548442302, 36.573897326759294 ], [ 128.089027267103859, 36.576057004617056 ], [ 128.089039883447242, 36.576271800612531 ], [ 128.089057062805892, 36.576364524468353 ], [ 128.089078122315385, 36.576468942249377 ], [ 128.089103783581322, 36.57656998553135 ], [ 128.089478531297175, 36.577743741502424 ], [ 128.089704481949411, 36.578152538285586 ], [ 128.089797173009089, 36.578315143581563 ], [ 128.090037247709461, 36.578656690540399 ], [ 128.088829866988505, 36.581710975731646 ], [ 128.088749212888899, 36.581853741434927 ], [ 128.086385485437262, 36.586035018557659 ], [ 128.086317024992354, 36.586146018888989 ], [ 128.086072439915085, 36.586790936617312 ], [ 128.086031630287351, 36.586902147889361 ], [ 128.085914477139994, 36.587458819930362 ], [ 128.085923751628798, 36.587675566002986 ], [ 128.085980701947022, 36.587870353542499 ], [ 128.086143090092406, 36.588167925437553 ], [ 128.086172786734949, 36.58832744981239 ], [ 128.086165275965527, 36.588630091371911 ], [ 128.086099893371085, 36.58948348990846 ], [ 128.086083001969257, 36.589575753183048 ], [ 128.085386304543192, 36.590707903764745 ], [ 128.083946898699423, 36.592847497221904 ], [ 128.08379026890708, 36.59306615582252 ], [ 128.083662786384167, 36.593157559431155 ], [ 128.083567542051014, 36.593195075289735 ], [ 128.083528027601943, 36.5931963595594 ], [ 128.08348851313778, 36.593197642013067 ], [ 128.083279559509435, 36.59316417552909 ], [ 128.082853643475147, 36.593106715631009 ], [ 128.082492697346055, 36.593065706243173 ], [ 128.082241856354699, 36.593066960738959 ], [ 128.082089364933722, 36.59310081734975 ], [ 128.081772115916351, 36.593206710318107 ], [ 128.081515527543814, 36.593359258860389 ], [ 128.081203235064862, 36.593546428919538 ], [ 128.076863080515011, 36.5962848070048 ], [ 128.076642062372429, 36.596434453086808 ], [ 128.075650019311041, 36.59714045184662 ], [ 128.075611759620926, 36.59720227697612 ], [ 128.0756056801319, 36.597380664505046 ], [ 128.075782101654767, 36.600138099654451 ], [ 128.076116728696974, 36.601227211008712 ], [ 128.076153576540662, 36.601283241695128 ], [ 128.076218951672359, 36.602260312259993 ], [ 128.076147760075202, 36.604014729669046 ], [ 128.075884387359736, 36.605421397232369 ], [ 128.077193465685269, 36.606331180259183 ], [ 128.077291058403119, 36.606369748340526 ], [ 128.083774650911494, 36.60843668693569 ], [ 128.08677417627041, 36.609237325580516 ], [ 128.086870685322651, 36.60925794156077 ], [ 128.087002322413895, 36.609257042591366 ], [ 128.087131655283912, 36.609231556812908 ], [ 128.088082215047649, 36.608936139599592 ], [ 128.088152201698676, 36.608910190122501 ], [ 128.088333141578289, 36.608776293136692 ], [ 128.088590968430765, 36.608575830653876 ], [ 128.088801614733512, 36.608439330571819 ], [ 128.089177894563647, 36.608260588826404 ], [ 128.089442247989041, 36.60816611720881 ], [ 128.089606474839854, 36.608134274641706 ], [ 128.092298836206652, 36.607846455209668 ], [ 128.092691054097827, 36.60784755217253 ], [ 128.098016872984402, 36.608084397673871 ], [ 128.098086850787098, 36.608119817538714 ], [ 128.099040581741974, 36.60852694045748 ], [ 128.099094192915089, 36.608544043526045 ], [ 128.09914795120082, 36.608550528104097 ], [ 128.101826502052631, 36.608566221042615 ], [ 128.101903224656496, 36.608556175909257 ], [ 128.102015366709196, 36.608525151767317 ], [ 128.102096646273054, 36.608477191245697 ], [ 128.102645016711051, 36.608139109090331 ], [ 128.102951661422765, 36.607938084818478 ], [ 128.103083155007113, 36.60784497544585 ], [ 128.103724953391691, 36.607481791325 ], [ 128.104637566901715, 36.606971924557605 ], [ 128.104728994627862, 36.606942262344091 ], [ 128.105374221456458, 36.606818124780887 ], [ 128.105511101546341, 36.606795628675847 ], [ 128.105614532365138, 36.606802477263052 ], [ 128.108234609291259, 36.607936067475151 ], [ 128.108290112075849, 36.60796987032883 ], [ 128.112081447231503, 36.61095070264502 ], [ 128.112018021949297, 36.613048289993934 ], [ 128.111996763343996, 36.613096712557585 ], [ 128.11196905433232, 36.613166314419274 ], [ 128.111957769546393, 36.61324817147878 ], [ 128.111866891995703, 36.615751520958945 ], [ 128.111867665595355, 36.616044447768147 ], [ 128.111871115433956, 36.616105154173056 ], [ 128.111895198443733, 36.616171344741161 ], [ 128.112561466534203, 36.617827467367476 ], [ 128.113066747241959, 36.619081743840667 ], [ 128.115600217378841, 36.620952820021849 ], [ 128.118628185669309, 36.620798740604393 ], [ 128.11877646890386, 36.620557519265752 ], [ 128.118902770284592, 36.620385000528053 ], [ 128.11918540456216, 36.620131303746426 ], [ 128.119403541629481, 36.61995843161381 ], [ 128.119567175960185, 36.619855053133215 ], [ 128.119713307028888, 36.619802282000158 ], [ 128.119837904820315, 36.619778344031033 ], [ 128.121246101777501, 36.619565080351641 ], [ 128.122345713100771, 36.619401811151192 ], [ 128.122806515486673, 36.619376143347331 ], [ 128.123249288924853, 36.619318931341759 ], [ 128.123367744940452, 36.619279681237188 ], [ 128.123587128843894, 36.619206983318605 ], [ 128.123901676247016, 36.619003275119084 ], [ 128.124073782132655, 36.618844319120846 ], [ 128.125576943025408, 36.616805135998277 ], [ 128.125668728080143, 36.616576932526726 ], [ 128.12755398225022, 36.615165085871048 ], [ 128.129722306215513, 36.614173821852567 ], [ 128.131732628782316, 36.613527986988892 ], [ 128.132777163618243, 36.613306701251226 ], [ 128.133010550551973, 36.613287146193365 ], [ 128.133431546743935, 36.61334907677832 ], [ 128.13381243072206, 36.613371469125752 ], [ 128.133994914091772, 36.613369531072344 ], [ 128.134228103916001, 36.613366341150538 ], [ 128.134475644836186, 36.613348499141246 ], [ 128.134577506637356, 36.61330347743295 ], [ 128.135521939961876, 36.612788791150976 ], [ 128.137665623685564, 36.611084357969986 ], [ 128.14038421003869, 36.609446188155928 ], [ 128.140632710802265, 36.609340057451746 ], [ 128.142020976229389, 36.608830159177742 ], [ 128.143464063576687, 36.608309189524462 ], [ 128.145963923019764, 36.606082353715671 ], [ 128.148001162743782, 36.603054943885724 ], [ 128.14876142403682, 36.601977229104257 ], [ 128.148822255699287, 36.601903459232012 ], [ 128.150762447064295, 36.60008786628552 ], [ 128.15120444135934, 36.599678620012959 ] ] ] ] } },
{ "type": "Feature", "properties": { "OBJECTID": 2936, "adm_nm": "경상북도 상주시 화남면", "adm_cd": "3708047", "adm_cd2": "4725047000", "sgg": "47250", "sido": "47", "sidonm": "경상북도", "sggnm": "상주시" }, "geometry": { "type": "MultiPolygon", "coordinates": [ [ [ [ 127.937252117044267, 36.507129334418693 ], [ 127.938193768469375, 36.504756294850267 ], [ 127.938447168930608, 36.504313800414948 ], [ 127.939524486583551, 36.50292532070997 ], [ 127.939797672679006, 36.501172584794411 ], [ 127.939938092701638, 36.497639552448931 ], [ 127.939296241441298, 36.496650932763316 ], [ 127.94069956897232, 36.494069370392786 ], [ 127.941481212201651, 36.492597722038923 ], [ 127.943782971971814, 36.488125889028474 ], [ 127.943809089492134, 36.488052768456967 ], [ 127.943828297405858, 36.487998458400995 ], [ 127.943836153408739, 36.487946325349817 ], [ 127.943849214251415, 36.487791056106055 ], [ 127.943835699663822, 36.487734882632182 ], [ 127.943808250141828, 36.487688187204768 ], [ 127.943775020479208, 36.487644756911017 ], [ 127.943743504880615, 36.487612730680468 ], [ 127.943707684928825, 36.487585902343113 ], [ 127.9436647957763, 36.487554975858941 ], [ 127.943604846565606, 36.487525264016988 ], [ 127.943510020073646, 36.487491678168162 ], [ 127.94343315835917, 36.487465157350336 ], [ 127.943243794864429, 36.48741149970737 ], [ 127.943145701010124, 36.487392446371956 ], [ 127.943098185950404, 36.487394894640268 ], [ 127.942998727016075, 36.487383143097986 ], [ 127.942951787687065, 36.487377293449264 ], [ 127.942863427284294, 36.487342590446744 ], [ 127.942663321956459, 36.487249462044041 ], [ 127.942530651121643, 36.487158142281672 ], [ 127.942356302908067, 36.486997682996233 ], [ 127.942267986352391, 36.486910864725893 ], [ 127.942198846177504, 36.48682293497766 ], [ 127.942162624348029, 36.486762755285781 ], [ 127.942151042490238, 36.486736819303907 ], [ 127.942146359399032, 36.486699353550634 ], [ 127.942145289449044, 36.486610874917318 ], [ 127.942159662416103, 36.486572189121539 ], [ 127.94219865603344, 36.486512506899359 ], [ 127.942239234409485, 36.4864621638744 ], [ 127.942376575240303, 36.486330886706895 ], [ 127.942544616133532, 36.486199424303891 ], [ 127.942835873845638, 36.48600644676408 ], [ 127.942891604668574, 36.485973752996429 ], [ 127.943121311741876, 36.485848037908291 ], [ 127.943828363364986, 36.485543455502793 ], [ 127.943908867734152, 36.485510569043285 ], [ 127.944041563602923, 36.485456445201145 ], [ 127.944165181866339, 36.485417985435987 ], [ 127.944867517452906, 36.485249865651362 ], [ 127.945222086527693, 36.485180469955949 ], [ 127.945463066153451, 36.485166037055201 ], [ 127.945585808325404, 36.485165066709342 ], [ 127.945892311187933, 36.4851803121676 ], [ 127.946194319193665, 36.485219642241553 ], [ 127.946265424719485, 36.485231596341443 ], [ 127.946302425800212, 36.485245805533857 ], [ 127.946345373022666, 36.485271521922954 ], [ 127.946416764242827, 36.485315746325746 ], [ 127.947094351405298, 36.485389573863294 ], [ 127.948479803708352, 36.484731943404839 ], [ 127.948534582103221, 36.484703669801419 ], [ 127.948586189303924, 36.484661546429884 ], [ 127.948677114082969, 36.484586566506316 ], [ 127.949325496203258, 36.483985052367977 ], [ 127.949392203929989, 36.483919546933762 ], [ 127.949461392085638, 36.483819240022171 ], [ 127.949584712559854, 36.483627943145372 ], [ 127.950361091302327, 36.482213418799397 ], [ 127.950414929417576, 36.482108560711019 ], [ 127.951574881650672, 36.479741830897936 ], [ 127.951616454553488, 36.479637135845145 ], [ 127.951655107957322, 36.4795393312775 ], [ 127.952842423855188, 36.476014020235745 ], [ 127.952503979655376, 36.473893061692472 ], [ 127.952315432940409, 36.473710810486217 ], [ 127.951406023112241, 36.473604345701524 ], [ 127.951113050157176, 36.473570033922165 ], [ 127.950474967570841, 36.473350736536474 ], [ 127.949892957763012, 36.473096812626693 ], [ 127.948288823546648, 36.472367524109508 ], [ 127.948063349147688, 36.472264402755876 ], [ 127.947013528478735, 36.471389979159262 ], [ 127.946995474554441, 36.471336066761538 ], [ 127.947033256405021, 36.471240510685774 ], [ 127.947219149345415, 36.470516339274468 ], [ 127.947384956833403, 36.469452509434724 ], [ 127.947395579900672, 36.469261838771402 ], [ 127.947393653695869, 36.469222658920209 ], [ 127.947217201285156, 36.467279438135428 ], [ 127.947207376172784, 36.467177867818869 ], [ 127.947170108540334, 36.467076517521697 ], [ 127.946318533262556, 36.465449456099947 ], [ 127.94628636529778, 36.465409504905132 ], [ 127.94621808492569, 36.4653634619511 ], [ 127.946107946012518, 36.465316123984302 ], [ 127.941249730929613, 36.463505729729739 ], [ 127.941128195812894, 36.463474973897824 ], [ 127.941051690360837, 36.463457549053039 ], [ 127.940923205211291, 36.463442712430897 ], [ 127.940427060017129, 36.463420647819632 ], [ 127.940359395748047, 36.46343388383837 ], [ 127.940211486301465, 36.463481640091182 ], [ 127.940085315470981, 36.463538783732687 ], [ 127.936453236537702, 36.46586127800493 ], [ 127.93630449167182, 36.46596137811607 ], [ 127.936142132436814, 36.466125746405602 ], [ 127.935974220413797, 36.466301795869036 ], [ 127.93575456731871, 36.466619536006924 ], [ 127.935682627585678, 36.466751381250056 ], [ 127.935546565729183, 36.466950975019905 ], [ 127.935463629374851, 36.467002451324191 ], [ 127.935397522834208, 36.467026302316903 ], [ 127.935345689988964, 36.467029872987311 ], [ 127.932054408487858, 36.466891489221787 ], [ 127.927490765901894, 36.467412406186661 ], [ 127.925472757927267, 36.466698501616229 ], [ 127.922975256354576, 36.46566159618034 ], [ 127.921862185251456, 36.465095740091748 ], [ 127.921788474639172, 36.465040956691347 ], [ 127.920810150243298, 36.4637640521292 ], [ 127.920786461831312, 36.463702859524531 ], [ 127.920768810127825, 36.46361703060677 ], [ 127.920775317284367, 36.46355326318718 ], [ 127.920801250475776, 36.463444129642909 ], [ 127.920860324018122, 36.463316248480638 ], [ 127.92093739724433, 36.463126960965198 ], [ 127.92098613623844, 36.462917079010801 ], [ 127.921005873436329, 36.462821758678515 ], [ 127.921008895664812, 36.462718927262657 ], [ 127.920961981680634, 36.462554291762764 ], [ 127.92090160066877, 36.462390577302166 ], [ 127.920852398280374, 36.46229578947078 ], [ 127.919895467364526, 36.460964178288023 ], [ 127.919818221416548, 36.460874932019898 ], [ 127.919619543965922, 36.460686233537409 ], [ 127.91920068337663, 36.460329560352008 ], [ 127.916734592417995, 36.458485406437845 ], [ 127.916654688618905, 36.458435379779559 ], [ 127.916549611370598, 36.458388592630143 ], [ 127.916417783776041, 36.458361954791279 ], [ 127.915260998221655, 36.458155179376277 ], [ 127.913656792906792, 36.457816005590495 ], [ 127.913560360418742, 36.457783036764383 ], [ 127.913510762711738, 36.457748814776409 ], [ 127.913371262306043, 36.457610291066281 ], [ 127.913309491450804, 36.457507950051635 ], [ 127.910245080066346, 36.452003636976393 ], [ 127.910277988973206, 36.451919316555781 ], [ 127.910348884546465, 36.45181919984234 ], [ 127.910925597675543, 36.451142562955248 ], [ 127.911520270564537, 36.450759833297631 ], [ 127.912040937123379, 36.45040282227324 ], [ 127.913341070444801, 36.449380798482615 ], [ 127.913803126348128, 36.449000674787172 ], [ 127.913619650168783, 36.448272436504446 ], [ 127.913348729312403, 36.447544863078043 ], [ 127.912758228105488, 36.446913886082669 ], [ 127.911851432231018, 36.446661887914452 ], [ 127.910824198772943, 36.446081311035364 ], [ 127.91014606740255, 36.445695960341993 ], [ 127.908968553965323, 36.444600155276909 ], [ 127.908388931360633, 36.443568161318204 ], [ 127.908297992891818, 36.443400802162969 ], [ 127.908257575792035, 36.443205017409007 ], [ 127.908247675790363, 36.443083716494748 ], [ 127.908351632554059, 36.442911779006167 ], [ 127.908366522151141, 36.44273425830356 ], [ 127.908309038037004, 36.442529320186317 ], [ 127.908144893903952, 36.442253553640967 ], [ 127.907653073761452, 36.441488633011147 ], [ 127.907450352964403, 36.441175760748543 ], [ 127.907326196735596, 36.441058489961044 ], [ 127.907223625519833, 36.440984566274409 ], [ 127.907032135043281, 36.440898868026501 ], [ 127.904538649111586, 36.439912548272339 ], [ 127.902610533086943, 36.439466451197944 ], [ 127.902525669019568, 36.439457828531999 ], [ 127.902415281096296, 36.439430637562324 ], [ 127.900671744429317, 36.438827589948929 ], [ 127.900582217081421, 36.438772219622329 ], [ 127.899562999711293, 36.437805752865629 ], [ 127.899378430471813, 36.437592410472597 ], [ 127.899184328709097, 36.437288936651179 ], [ 127.899075177076327, 36.437000302490603 ], [ 127.899030807924007, 36.436459066113677 ], [ 127.899051852705924, 36.436079254852977 ], [ 127.899111510562264, 36.435748914432239 ], [ 127.89531480513763, 36.431220014626064 ], [ 127.895227279352895, 36.431123893729009 ], [ 127.895127455393705, 36.431034884111213 ], [ 127.894946835421237, 36.430901609173247 ], [ 127.894695075993113, 36.430730033552109 ], [ 127.89450021504004, 36.430609478615999 ], [ 127.89431330380296, 36.430530670977511 ], [ 127.894185045544901, 36.430479180291378 ], [ 127.894046820967446, 36.430386510133054 ], [ 127.893768817909049, 36.430144015182691 ], [ 127.893566322040868, 36.429959973378217 ], [ 127.893459428109352, 36.429846795973504 ], [ 127.893427330249224, 36.429799608740502 ], [ 127.893387825042183, 36.429706488955688 ], [ 127.893378357618147, 36.429661316873094 ], [ 127.893379230321585, 36.429620026938402 ], [ 127.893404595819902, 36.429556314753732 ], [ 127.893828637598176, 36.428599111872508 ], [ 127.895287222762406, 36.425448579512903 ], [ 127.897106002831222, 36.42273848913964 ], [ 127.897292902223555, 36.422556869311215 ], [ 127.897363498263573, 36.422469914081333 ], [ 127.897352476320677, 36.42240431258768 ], [ 127.89564122872018, 36.420223865020475 ], [ 127.895317336142099, 36.419826360206365 ], [ 127.895143923068602, 36.419637978227982 ], [ 127.895009547714736, 36.41950003518042 ], [ 127.894664226452164, 36.419245336928938 ], [ 127.894299266219988, 36.418386223790954 ], [ 127.89457794788251, 36.415274515982667 ], [ 127.89461011365249, 36.415182280111686 ], [ 127.894703057571121, 36.415052094682785 ], [ 127.894771183219689, 36.414974534833846 ], [ 127.896988344497103, 36.413160885397232 ], [ 127.897651408117895, 36.412834842247662 ], [ 127.897752978236085, 36.412787126104377 ], [ 127.897828583551629, 36.412758446446311 ], [ 127.89836985820439, 36.41258362751006 ], [ 127.898436827788728, 36.412572394652109 ], [ 127.903933746226613, 36.412359842621385 ], [ 127.906196944640769, 36.412531255618063 ], [ 127.90854864006846, 36.412730028627728 ], [ 127.908799789247098, 36.412794983178578 ], [ 127.910940752425077, 36.413067429441142 ], [ 127.911078420874631, 36.413074407616492 ], [ 127.911173497960831, 36.413063035700077 ], [ 127.911226016484576, 36.41302515668125 ], [ 127.911786790124566, 36.412412611345644 ], [ 127.912032391366139, 36.412001634206604 ], [ 127.912098040448214, 36.411886155782796 ], [ 127.912202460613969, 36.41175702692972 ], [ 127.91226893965073, 36.411712368470745 ], [ 127.912328476936437, 36.411674518822991 ], [ 127.913954593226393, 36.411366613434573 ], [ 127.914211910524813, 36.41134861834847 ], [ 127.917587906039984, 36.411365567967579 ], [ 127.919755286407252, 36.411798129881547 ], [ 127.921335734225465, 36.412404946564067 ], [ 127.924157259468615, 36.413191713037847 ], [ 127.929019013278932, 36.413405803713516 ], [ 127.931895237442319, 36.408486790405725 ], [ 127.932372272842173, 36.406539048063387 ], [ 127.934415082863836, 36.403588940787152 ], [ 127.93464789988748, 36.403537454092103 ], [ 127.934811008171195, 36.403483466597073 ], [ 127.934963561607759, 36.403404061839709 ], [ 127.935097290732855, 36.403288658127209 ], [ 127.93517007326254, 36.40319527885503 ], [ 127.93521568227915, 36.40309416971504 ], [ 127.935341211654702, 36.402758703400018 ], [ 127.935572534307667, 36.402034171764676 ], [ 127.935574325233048, 36.401904665535966 ], [ 127.935866856195574, 36.401425846301635 ], [ 127.936125648594583, 36.400894305677184 ], [ 127.936194729720413, 36.400512986412409 ], [ 127.936249817697259, 36.400191285641917 ], [ 127.936273262265544, 36.399536667601232 ], [ 127.936055681652661, 36.399155999356374 ], [ 127.935972050392635, 36.399089744073713 ], [ 127.935900709534423, 36.399061618108824 ], [ 127.935057255063015, 36.398790987382398 ], [ 127.93479613133735, 36.398726117833974 ], [ 127.93371395138216, 36.398282775503667 ], [ 127.933490071812159, 36.397970208621565 ], [ 127.933373778631577, 36.397790434405074 ], [ 127.933061708546461, 36.397297883108266 ], [ 127.932990789648244, 36.397174259635385 ], [ 127.932914164546204, 36.396992282038291 ], [ 127.932861875221846, 36.396776864204739 ], [ 127.932789153754797, 36.396361559009982 ], [ 127.932786384343174, 36.396269945061917 ], [ 127.932849634105892, 36.395610186674652 ], [ 127.932951659142446, 36.394726105785352 ], [ 127.933109137303788, 36.394472017292294 ], [ 127.933517863150882, 36.393641408903868 ], [ 127.933528926604296, 36.393597336351768 ], [ 127.933525261057511, 36.393569784557741 ], [ 127.933468300766336, 36.393513731477377 ], [ 127.932431933139938, 36.392915222740982 ], [ 127.932312656082317, 36.392904208725653 ], [ 127.932215081357356, 36.39291000347238 ], [ 127.931408188816931, 36.392963340322623 ], [ 127.931006507419468, 36.392992150028306 ], [ 127.93089258131117, 36.393019445529355 ], [ 127.930383204166489, 36.393178307406892 ], [ 127.930101643758547, 36.393299710700532 ], [ 127.930044184303199, 36.393331510723932 ], [ 127.929960469263548, 36.393397404541638 ], [ 127.92984605558064, 36.393513733848131 ], [ 127.929807025367097, 36.393569291196037 ], [ 127.929768129116809, 36.393634204100429 ], [ 127.929724140372826, 36.393693484539739 ], [ 127.929647144371927, 36.393761830457628 ], [ 127.929327254047564, 36.393996458294573 ], [ 127.92883999692198, 36.394348437705794 ], [ 127.928766104279362, 36.394399786233485 ], [ 127.928692204799347, 36.394451125724537 ], [ 127.928595401838038, 36.394512184685745 ], [ 127.928527981025255, 36.394552165923642 ], [ 127.92834517345878, 36.394625152104766 ], [ 127.928059933608992, 36.394708913291545 ], [ 127.92706673802553, 36.394967570273735 ], [ 127.926774711264827, 36.395033806235205 ], [ 127.926596282771044, 36.39506403989688 ], [ 127.926435933674327, 36.395076538808674 ], [ 127.926344921212859, 36.395071647481437 ], [ 127.926086199736616, 36.395023461826426 ], [ 127.925692837362789, 36.394929279119346 ], [ 127.925388956011147, 36.394841237701108 ], [ 127.924981590719639, 36.394673727197144 ], [ 127.924933225179601, 36.394646514481131 ], [ 127.92490648312139, 36.394619159010098 ], [ 127.924897828545369, 36.394584087024249 ], [ 127.923092556663775, 36.39459108601617 ], [ 127.918235768962049, 36.395888607741746 ], [ 127.917961854911326, 36.395960171521544 ], [ 127.912937983500584, 36.396365282598602 ], [ 127.912787343112811, 36.396370765329941 ], [ 127.912712709429172, 36.396355396168786 ], [ 127.909500181565008, 36.395540895947669 ], [ 127.909402574799543, 36.395515607333039 ], [ 127.909364523526691, 36.395478200841552 ], [ 127.909301864336797, 36.395386245178805 ], [ 127.90889018005636, 36.394757955136235 ], [ 127.908825277200492, 36.394592093314415 ], [ 127.908769500125302, 36.394387154139842 ], [ 127.908732271943876, 36.394137901755087 ], [ 127.908718693660603, 36.393793766429241 ], [ 127.908669486569252, 36.39332916638454 ], [ 127.9086403766497, 36.393288821622882 ], [ 127.901516936818211, 36.389625360128683 ], [ 127.901443292400515, 36.389620497794859 ], [ 127.901351077871794, 36.389633810433601 ], [ 127.901277244147437, 36.389677814209527 ], [ 127.901185038125249, 36.38979132713051 ], [ 127.894911679927674, 36.38868361917789 ], [ 127.891805204526221, 36.385259589071175 ], [ 127.890589713091089, 36.382242362532942 ], [ 127.89058844073918, 36.382130624696622 ], [ 127.890570723999616, 36.382062980389946 ], [ 127.890264997426328, 36.381255957594654 ], [ 127.890192258109138, 36.381092666570545 ], [ 127.890139938480473, 36.381029532874301 ], [ 127.890052252558164, 36.380971515428278 ], [ 127.887084853098912, 36.379792795018638 ], [ 127.886884498579604, 36.379754710688353 ], [ 127.8847862506138, 36.379397895762246 ], [ 127.884234548224157, 36.379336705020926 ], [ 127.884290567657686, 36.379789120462739 ], [ 127.882406088457728, 36.381759927399564 ], [ 127.881528459664196, 36.381973942493772 ], [ 127.880762650068277, 36.382350211092437 ], [ 127.879232691752478, 36.38325096786734 ], [ 127.878559341759029, 36.38533140739446 ], [ 127.878769671328641, 36.386100778249492 ], [ 127.878773335921522, 36.386426896089546 ], [ 127.878505981314063, 36.387110823948184 ], [ 127.87601639858147, 36.390746375615763 ], [ 127.875086467842365, 36.391212747884168 ], [ 127.871200456483962, 36.391330071947635 ], [ 127.868467231744205, 36.391231340212876 ], [ 127.86760597280734, 36.391282058119963 ], [ 127.865229700997148, 36.391660909708406 ], [ 127.864955192291077, 36.391720899046931 ], [ 127.862425882353705, 36.392367408292905 ], [ 127.862380268061685, 36.392570722657119 ], [ 127.862513783132584, 36.392743741180453 ], [ 127.864249989431528, 36.393949083519836 ], [ 127.865646672769145, 36.394839422547086 ], [ 127.865288689724025, 36.397288139840725 ], [ 127.865116640617259, 36.398312300600217 ], [ 127.864225846742329, 36.399015525464684 ], [ 127.86374368223855, 36.400190170385017 ], [ 127.86362892198693, 36.403081880895627 ], [ 127.864108820462192, 36.403360105249625 ], [ 127.864693499236211, 36.403163144953247 ], [ 127.866506479235994, 36.4029276413346 ], [ 127.867038269369445, 36.402923788623248 ], [ 127.8696679858365, 36.403571836033123 ], [ 127.870820651480699, 36.404203602622452 ], [ 127.872160621066911, 36.405080661585274 ], [ 127.87312315153531, 36.405874201063426 ], [ 127.873448809600632, 36.407117108782863 ], [ 127.873417439266973, 36.407591735641688 ], [ 127.873007763642164, 36.408451509557423 ], [ 127.873073184873633, 36.409610461533575 ], [ 127.873243043187003, 36.410039145899759 ], [ 127.875712007456983, 36.414320320992154 ], [ 127.875992427657721, 36.414792667436259 ], [ 127.877178362672211, 36.415866198618389 ], [ 127.877528176652106, 36.415982228426387 ], [ 127.879244035873853, 36.416873950911423 ], [ 127.882392364059086, 36.421164826578931 ], [ 127.882637349467899, 36.421741195247058 ], [ 127.882840710552657, 36.423503853434134 ], [ 127.882643690922222, 36.42444779775871 ], [ 127.882614477764719, 36.42458774214046 ], [ 127.88213059969965, 36.425599409092023 ], [ 127.880410921414736, 36.427643093110589 ], [ 127.875336319361196, 36.428458063232725 ], [ 127.874668907100755, 36.430917055240457 ], [ 127.87355132618579, 36.437577426612009 ], [ 127.87302833713828, 36.441706745106138 ], [ 127.873780035373059, 36.444933087779184 ], [ 127.874657583149059, 36.447921301398715 ], [ 127.874885068057495, 36.448571916297489 ], [ 127.875400985900214, 36.448760873762353 ], [ 127.876558447715723, 36.448885821069418 ], [ 127.877037672307026, 36.449075024209762 ], [ 127.87737111078647, 36.44935426509354 ], [ 127.877781954296367, 36.449988703540342 ], [ 127.879737513500103, 36.45416977355174 ], [ 127.879740187443417, 36.454406954942741 ], [ 127.880553358273616, 36.458166483177486 ], [ 127.882402264009158, 36.460999208690957 ], [ 127.880801908818938, 36.464072169026686 ], [ 127.880331851107499, 36.464557622782841 ], [ 127.878840505342666, 36.465769398873334 ], [ 127.878378190979006, 36.467092189975197 ], [ 127.879461267229232, 36.467975363551183 ], [ 127.880163064270434, 36.470801810362715 ], [ 127.880192510713243, 36.4714328364322 ], [ 127.880336326296273, 36.474281422033748 ], [ 127.881191181851534, 36.474834235340602 ], [ 127.881755955465323, 36.475407204614854 ], [ 127.882140876142998, 36.475873302649795 ], [ 127.882016471858179, 36.47672190272398 ], [ 127.881784101983172, 36.47789591948581 ], [ 127.880677015995275, 36.480717655211301 ], [ 127.877036722406601, 36.482710315430644 ], [ 127.876414264679298, 36.482967381575783 ], [ 127.875858187052714, 36.48316984696482 ], [ 127.875233071796885, 36.483192464439121 ], [ 127.875523194429178, 36.485670171365925 ], [ 127.876094691511597, 36.488368081994814 ], [ 127.87754726985618, 36.488994366644448 ], [ 127.878728524617685, 36.489491424458159 ], [ 127.879749536382676, 36.491293329592771 ], [ 127.880466394842685, 36.493270565529201 ], [ 127.880905576489738, 36.493314999950798 ], [ 127.88529062089485, 36.493651220678714 ], [ 127.885799212035963, 36.493196568334312 ], [ 127.886601230817774, 36.493010262744825 ], [ 127.887897493022379, 36.493072776624402 ], [ 127.88847862150908, 36.493104530431012 ], [ 127.888861408401851, 36.493372216778482 ], [ 127.889654667792584, 36.494376303140797 ], [ 127.890559424794333, 36.495361525430198 ], [ 127.894005993292893, 36.497878826944202 ], [ 127.895420032392622, 36.498463409172338 ], [ 127.897009257420322, 36.498740070536037 ], [ 127.898067200611095, 36.499435507082048 ], [ 127.898629983780225, 36.499810015811782 ], [ 127.899848485167908, 36.500864947573412 ], [ 127.900209619709415, 36.50118687203684 ], [ 127.900325479874653, 36.501546728500585 ], [ 127.900419834779669, 36.50197885460463 ], [ 127.900737361181982, 36.502391286803643 ], [ 127.90116783675596, 36.50291107084918 ], [ 127.90134799382956, 36.503035960782434 ], [ 127.902426903956268, 36.503604952200718 ], [ 127.903820244720166, 36.504315852314313 ], [ 127.905306098223264, 36.505296558740802 ], [ 127.906482814883901, 36.506586203161241 ], [ 127.906782467991434, 36.507377490167848 ], [ 127.906762612896813, 36.507528879206589 ], [ 127.910056943572641, 36.506540099007317 ], [ 127.911604799231341, 36.506153060677697 ], [ 127.912231524092562, 36.506278793166018 ], [ 127.912686931184652, 36.506503737717807 ], [ 127.913058035602731, 36.506892446122997 ], [ 127.914190382167675, 36.507846377142997 ], [ 127.917003441968163, 36.509619459377824 ], [ 127.91756707062774, 36.509876150979643 ], [ 127.918931674987292, 36.510404050977634 ], [ 127.923185407776373, 36.511823270727525 ], [ 127.926484882696641, 36.513673938053678 ], [ 127.92676768737914, 36.513883855492296 ], [ 127.927245338423518, 36.514157490088941 ], [ 127.927527173246617, 36.514285819873059 ], [ 127.927782856156938, 36.514273099769312 ], [ 127.927915081969701, 36.514266488941118 ], [ 127.928366108429572, 36.514116156262617 ], [ 127.928966889313898, 36.513866778226692 ], [ 127.930562641151056, 36.512973372368506 ], [ 127.932382769681425, 36.511915021277119 ], [ 127.933306137533549, 36.51159782473281 ], [ 127.933541144609578, 36.511416526526027 ], [ 127.937252117044267, 36.507129334418693 ] ] ] ] } },
{ "type": "Feature", "properties": { "OBJECTID": 2937, "adm_nm": "경상북도 상주시 남원동", "adm_cd": "3708052", "adm_cd2": "4725052000", "sgg": "47250", "sido": "47", "sidonm": "경상북도", "sggnm": "상주시" }, "geometry": { "type": "MultiPolygon", "coordinates": [ [ [ [ 128.140819389061448, 36.447527188730724 ], [ 128.141097115152348, 36.446800658837809 ], [ 128.142533729442249, 36.443925212205251 ], [ 128.142898461420657, 36.443782821068467 ], [ 128.143263439532234, 36.443658919278022 ], [ 128.143846725810448, 36.443569997811466 ], [ 128.144115819921211, 36.443159924767087 ], [ 128.14424356745107, 36.442491891263217 ], [ 128.144120024300747, 36.442344717393048 ], [ 128.142704091758276, 36.439904226567471 ], [ 128.141650478449662, 36.436830310522531 ], [ 128.141557489512138, 36.436282055595683 ], [ 128.141525039309869, 36.436090619060593 ], [ 128.141719088716854, 36.435100699702062 ], [ 128.141759686287827, 36.434893670131437 ], [ 128.142073911076125, 36.434436871210195 ], [ 128.143562917369337, 36.433589134192125 ], [ 128.144751215086558, 36.432559004352584 ], [ 128.145057080647348, 36.432166952310318 ], [ 128.14512245277129, 36.43208313799073 ], [ 128.144331611258053, 36.430516296280466 ], [ 128.144025111934951, 36.429935776666021 ], [ 128.142510324984073, 36.427449730737337 ], [ 128.142700731749386, 36.424799218129053 ], [ 128.143760093292343, 36.421232765781028 ], [ 128.144178874757586, 36.420876831566751 ], [ 128.145145711899033, 36.420385984965918 ], [ 128.145637171356697, 36.420217321089098 ], [ 128.145784204619218, 36.420166866971194 ], [ 128.14583920888515, 36.420130855999076 ], [ 128.146272255889897, 36.419847309993251 ], [ 128.147349375987375, 36.418958074510563 ], [ 128.14941371048144, 36.415697747554127 ], [ 128.149442422347789, 36.415577484437797 ], [ 128.14996356744885, 36.415522193392789 ], [ 128.151394290729257, 36.415537166746383 ], [ 128.156007498282378, 36.415660506790104 ], [ 128.160824841829424, 36.415736445480064 ], [ 128.162287143039947, 36.415454423543018 ], [ 128.162813082280991, 36.415326331965154 ], [ 128.163042571291896, 36.413317253978853 ], [ 128.163160554877066, 36.409350043990685 ], [ 128.163526380485507, 36.407487067313582 ], [ 128.161388426994449, 36.407419136795795 ], [ 128.157989557631709, 36.407120585489992 ], [ 128.155637746133294, 36.406911799093464 ], [ 128.155396217330889, 36.406849310210333 ], [ 128.15519804260245, 36.406619697149807 ], [ 128.154198338696602, 36.404869730321671 ], [ 128.153938942729098, 36.404372108811224 ], [ 128.154341063420816, 36.403673640248741 ], [ 128.154352844136753, 36.403314594747897 ], [ 128.15436970108874, 36.402800582354075 ], [ 128.154372653239619, 36.402710161244961 ], [ 128.154357257964108, 36.400396744838737 ], [ 128.152104679235634, 36.400407467195748 ], [ 128.149604743146341, 36.400692554942651 ], [ 128.149320798328688, 36.40044111995708 ], [ 128.147559540319378, 36.39848442110322 ], [ 128.14744025583235, 36.398337092790399 ], [ 128.147079727736781, 36.396019628383456 ], [ 128.14472701548155, 36.389466651567759 ], [ 128.143102822362636, 36.387278005913821 ], [ 128.142295987878612, 36.386933792914554 ], [ 128.14054934792776, 36.385765024569807 ], [ 128.139911759787054, 36.385243211366046 ], [ 128.139314733405854, 36.384359795344935 ], [ 128.13925072603314, 36.383897339183385 ], [ 128.139097648109328, 36.382824504133254 ], [ 128.138816864023397, 36.382419674822422 ], [ 128.135477268159804, 36.379598943006421 ], [ 128.133802516875789, 36.377049446199273 ], [ 128.132578941011161, 36.375597750089476 ], [ 128.13109023948104, 36.3748153628434 ], [ 128.130408536841543, 36.375192244356171 ], [ 128.128618088543533, 36.375718539589627 ], [ 128.127050755750957, 36.375835189276621 ], [ 128.12582241235674, 36.375633735154139 ], [ 128.124971051972324, 36.375363930323367 ], [ 128.123597614375797, 36.373830181366806 ], [ 128.122156208181963, 36.371546900800688 ], [ 128.119890475865418, 36.371670023121631 ], [ 128.117865974838537, 36.375050811578632 ], [ 128.117348188437973, 36.377287624924747 ], [ 128.117475293083658, 36.378461214458127 ], [ 128.118177222134307, 36.379140411873074 ], [ 128.118421286765681, 36.379461996066865 ], [ 128.118951447858421, 36.380193360000895 ], [ 128.119785875372884, 36.381834872157384 ], [ 128.119991132540719, 36.382627245493374 ], [ 128.12052559488319, 36.385202566943711 ], [ 128.120445666955646, 36.386325456152264 ], [ 128.120079110485079, 36.386821179047828 ], [ 128.119223606244219, 36.387845771087363 ], [ 128.118336149330702, 36.388740875644409 ], [ 128.117592988546988, 36.389135301363332 ], [ 128.116042809666766, 36.389632149554586 ], [ 128.114288342027663, 36.38999707231482 ], [ 128.11400310110912, 36.390034291436088 ], [ 128.112248004177331, 36.390263194106282 ], [ 128.111143990770131, 36.390213149419438 ], [ 128.111645689654836, 36.391862511358127 ], [ 128.112189412244533, 36.393042907395653 ], [ 128.112494448460552, 36.393549443618717 ], [ 128.113275435371889, 36.394496090200796 ], [ 128.113794688607186, 36.394759835360759 ], [ 128.11412910193485, 36.39491414858194 ], [ 128.115077433720217, 36.395544342934777 ], [ 128.115460044399043, 36.395864921059456 ], [ 128.115497445796876, 36.398485543020108 ], [ 128.111235194107934, 36.403276253216355 ], [ 128.10697045134421, 36.405501472922161 ], [ 128.104040385576923, 36.406519533108622 ], [ 128.102069546747117, 36.406134698865124 ], [ 128.101685181574936, 36.406059641858427 ], [ 128.100641223845145, 36.408403113336149 ], [ 128.100597743135751, 36.408570216522989 ], [ 128.100626136372455, 36.408958932665428 ], [ 128.101099185090618, 36.411631085915111 ], [ 128.101267796096693, 36.41221299325742 ], [ 128.101445381780195, 36.412618849164282 ], [ 128.101714113722039, 36.412986836169459 ], [ 128.101946768614511, 36.413234746515485 ], [ 128.102190756146257, 36.413473277555219 ], [ 128.102352594237061, 36.413573674638307 ], [ 128.103794235309124, 36.414236446412374 ], [ 128.104046544001847, 36.414252636363827 ], [ 128.104827446390885, 36.414375078084333 ], [ 128.105255164830396, 36.416260433607079 ], [ 128.105293206548083, 36.416519396138959 ], [ 128.105373364311191, 36.417423786881059 ], [ 128.105402283937735, 36.417750150562966 ], [ 128.1053465789835, 36.417861787375088 ], [ 128.10246591380249, 36.421602154303827 ], [ 128.10011867047578, 36.42417987985452 ], [ 128.097941856731353, 36.425848393444511 ], [ 128.093250007352282, 36.42960517277313 ], [ 128.092969003858855, 36.431635956605973 ], [ 128.092941754877529, 36.43214557314073 ], [ 128.093227105911552, 36.433698851947121 ], [ 128.093286998814108, 36.433883526182825 ], [ 128.09396745696796, 36.435822188589064 ], [ 128.095411141639715, 36.436605429410854 ], [ 128.096344996490927, 36.437810086956723 ], [ 128.097013460719012, 36.438887522912651 ], [ 128.096638101019778, 36.440065488781656 ], [ 128.098159945360777, 36.440960167173742 ], [ 128.099638238210559, 36.441731910592125 ], [ 128.100089106915931, 36.441904134649448 ], [ 128.100464194029911, 36.44204742459987 ], [ 128.100860405751234, 36.442645595183684 ], [ 128.100803563881982, 36.443221566623812 ], [ 128.100780952431478, 36.443408578442003 ], [ 128.100781951182057, 36.44419909276121 ], [ 128.100956243703763, 36.444567832917585 ], [ 128.103884784719526, 36.449422574068443 ], [ 128.104254610044478, 36.449773599267303 ], [ 128.10438845122016, 36.449831160218103 ], [ 128.104580706881592, 36.449913831567699 ], [ 128.105319364707213, 36.449860505818911 ], [ 128.106057824796636, 36.449649063102122 ], [ 128.111573593894519, 36.447518513116236 ], [ 128.112420180012265, 36.446973170231914 ], [ 128.113006157168229, 36.446515893472103 ], [ 128.113982255612939, 36.445408268596168 ], [ 128.11435101486785, 36.445003878775587 ], [ 128.115058632081855, 36.444305984262378 ], [ 128.115511833855237, 36.443957557011586 ], [ 128.1165539501539, 36.443464694690327 ], [ 128.116640409782832, 36.443461695926658 ], [ 128.116694364018855, 36.44345983415424 ], [ 128.117075341528988, 36.443446614533165 ], [ 128.118227222544249, 36.443726574531773 ], [ 128.119292429599284, 36.444147122960892 ], [ 128.120799397470648, 36.445024045305892 ], [ 128.121913274011916, 36.445997808905204 ], [ 128.123351058712188, 36.447263428967354 ], [ 128.127703632416598, 36.446073983242719 ], [ 128.127739903842809, 36.44595695577928 ], [ 128.127814003072075, 36.445895332757054 ], [ 128.127922924623846, 36.445846668747727 ], [ 128.129399297255418, 36.445293162063777 ], [ 128.129493940445968, 36.445269828639894 ], [ 128.13045030756237, 36.445064871468581 ], [ 128.130560325557781, 36.445074142084302 ], [ 128.130673710350408, 36.445094759258502 ], [ 128.130771149732794, 36.445135041400746 ], [ 128.130891042208304, 36.445199491504141 ], [ 128.133952709907703, 36.446360318666457 ], [ 128.138949602305644, 36.447987965995523 ], [ 128.13905957776791, 36.448001497627573 ], [ 128.139187195941645, 36.448000991030419 ], [ 128.139332342632457, 36.447994975946514 ], [ 128.139502070025031, 36.447979234228768 ], [ 128.139655309994367, 36.447936657022325 ], [ 128.140032531974327, 36.447810792780579 ], [ 128.140819389061448, 36.447527188730724 ] ] ] ] } },
{ "type": "Feature", "properties": { "OBJECTID": 2938, "adm_nm": "경상북도 상주시 북문동", "adm_cd": "3708053", "adm_cd2": "4725053000", "sgg": "47250", "sido": "47", "sidonm": "경상북도", "sggnm": "상주시" }, "geometry": { "type": "MultiPolygon", "coordinates": [ [ [ [ 128.167651365165767, 36.466602633423932 ], [ 128.168993783324254, 36.466487212033442 ], [ 128.173306982312909, 36.466586489501509 ], [ 128.173959541515728, 36.466770111959498 ], [ 128.174105847288502, 36.466781865260614 ], [ 128.174403682855939, 36.466733774893655 ], [ 128.177149025611783, 36.46624776376067 ], [ 128.177411429571691, 36.466192264535813 ], [ 128.177941616879394, 36.465991759395898 ], [ 128.178253808253373, 36.465843494568837 ], [ 128.178371368725635, 36.465760866943107 ], [ 128.180387764968884, 36.463741139190212 ], [ 128.180643786311862, 36.463448518317229 ], [ 128.181373278435359, 36.462438865111423 ], [ 128.181199380838478, 36.460876336570564 ], [ 128.180863768359814, 36.460903006058814 ], [ 128.180331894322336, 36.461114366259572 ], [ 128.180081759020624, 36.460868488005609 ], [ 128.17814140102459, 36.458534451192001 ], [ 128.17807444924847, 36.458440744050421 ], [ 128.177873977783349, 36.458078084350348 ], [ 128.17770812621751, 36.457701283210085 ], [ 128.177102066005403, 36.456131785654456 ], [ 128.177519893963051, 36.455848207597697 ], [ 128.177830233436225, 36.455868060122718 ], [ 128.179294320291547, 36.455889150104021 ], [ 128.180810523989635, 36.455862643538083 ], [ 128.181579667880499, 36.455698257210706 ], [ 128.181644917694797, 36.455675066556431 ], [ 128.18176086539151, 36.455619681073642 ], [ 128.181919352959369, 36.455524703482816 ], [ 128.183550835789504, 36.45448202380593 ], [ 128.183611665718473, 36.454399934007718 ], [ 128.183646740707587, 36.454303371959597 ], [ 128.183658990014692, 36.454228808491209 ], [ 128.183653832340724, 36.454147205690916 ], [ 128.183601390888867, 36.453923689849141 ], [ 128.183545543551901, 36.453791316891845 ], [ 128.181224287870634, 36.44869971009274 ], [ 128.181160902173872, 36.448616258639845 ], [ 128.180755019345753, 36.448495307326489 ], [ 128.180449604318369, 36.44841213119583 ], [ 128.180113946246507, 36.448340923729276 ], [ 128.179956489387763, 36.448362855642067 ], [ 128.179457920091437, 36.448477287769272 ], [ 128.179333797698888, 36.448514393511374 ], [ 128.179172277274176, 36.4485791943846 ], [ 128.17840740325974, 36.447925125741534 ], [ 128.176713672726123, 36.44592122283894 ], [ 128.177454179528212, 36.444704992250017 ], [ 128.178590314982472, 36.443803506990399 ], [ 128.178171774877882, 36.443331028414057 ], [ 128.176326061898294, 36.442969367737632 ], [ 128.17484713830288, 36.442762195765731 ], [ 128.16983586303877, 36.442053887127621 ], [ 128.170035416804012, 36.44111089993195 ], [ 128.170183773992477, 36.440408046337467 ], [ 128.168004800629632, 36.440088321463975 ], [ 128.164687042071421, 36.439620029665186 ], [ 128.164597304399024, 36.439685088215008 ], [ 128.164475331374462, 36.439762939153802 ], [ 128.164361239923238, 36.43982484527276 ], [ 128.164142565215911, 36.439928535773255 ], [ 128.163781677596177, 36.440093887564387 ], [ 128.163229158428294, 36.440032035324592 ], [ 128.162956857139477, 36.4399999124958 ], [ 128.16278357297557, 36.439957689651038 ], [ 128.162687915233249, 36.439903058200066 ], [ 128.162563681997511, 36.439802719142484 ], [ 128.158808753130728, 36.436168577228081 ], [ 128.158832287695617, 36.435870808130232 ], [ 128.158892225809637, 36.435316859479826 ], [ 128.158966416088703, 36.434800553111181 ], [ 128.159187416326489, 36.432938181280434 ], [ 128.159187479376129, 36.432478842873387 ], [ 128.159167604027488, 36.431998938351754 ], [ 128.1591526666991, 36.431758119829802 ], [ 128.159144697811342, 36.431629739006063 ], [ 128.159050637055117, 36.431449204111104 ], [ 128.158764914799377, 36.430922716986615 ], [ 128.158605040539669, 36.430675143315199 ], [ 128.15818224775839, 36.429999229708642 ], [ 128.158064618709346, 36.42925062980644 ], [ 128.157478297718683, 36.424486030111368 ], [ 128.157463862743185, 36.424305946797404 ], [ 128.157545615748546, 36.42375861283557 ], [ 128.157614217094846, 36.423534328995267 ], [ 128.157690383150396, 36.423363447825153 ], [ 128.157797705300311, 36.423182687471858 ], [ 128.15795390006241, 36.423052379534276 ], [ 128.15820818197966, 36.422923708769858 ], [ 128.158954570216252, 36.422432609962947 ], [ 128.158974487743365, 36.422173379086104 ], [ 128.158987242756268, 36.422007366302481 ], [ 128.159006435436368, 36.421661586943955 ], [ 128.159038421482819, 36.421085074916022 ], [ 128.159109804402817, 36.419798319858899 ], [ 128.158319505611615, 36.4197662964107 ], [ 128.15566483225561, 36.419204126472977 ], [ 128.155218995807871, 36.418470352670859 ], [ 128.155202397438416, 36.418443055764619 ], [ 128.154386948612398, 36.417733533991004 ], [ 128.153022704665574, 36.416874700942465 ], [ 128.14941371048144, 36.415697747554127 ], [ 128.147349375987375, 36.418958074510563 ], [ 128.146272255889897, 36.419847309993251 ], [ 128.14583920888515, 36.420130855999076 ], [ 128.145784204619218, 36.420166866971194 ], [ 128.145637171356697, 36.420217321089098 ], [ 128.145145711899033, 36.420385984965918 ], [ 128.144178874757586, 36.420876831566751 ], [ 128.143760093292343, 36.421232765781028 ], [ 128.142700731749386, 36.424799218129053 ], [ 128.142510324984073, 36.427449730737337 ], [ 128.144025111934951, 36.429935776666021 ], [ 128.144331611258053, 36.430516296280466 ], [ 128.14512245277129, 36.43208313799073 ], [ 128.145057080647348, 36.432166952310318 ], [ 128.144751215086558, 36.432559004352584 ], [ 128.143562917369337, 36.433589134192125 ], [ 128.142073911076125, 36.434436871210195 ], [ 128.141759686287827, 36.434893670131437 ], [ 128.141719088716854, 36.435100699702062 ], [ 128.141525039309869, 36.436090619060593 ], [ 128.141557489512138, 36.436282055595683 ], [ 128.141650478449662, 36.436830310522531 ], [ 128.142704091758276, 36.439904226567471 ], [ 128.144120024300747, 36.442344717393048 ], [ 128.14424356745107, 36.442491891263217 ], [ 128.144115819921211, 36.443159924767087 ], [ 128.143846725810448, 36.443569997811466 ], [ 128.143263439532234, 36.443658919278022 ], [ 128.142898461420657, 36.443782821068467 ], [ 128.142533729442249, 36.443925212205251 ], [ 128.141097115152348, 36.446800658837809 ], [ 128.140819389061448, 36.447527188730724 ], [ 128.140560006222756, 36.449048802640085 ], [ 128.140469193786402, 36.450473506812095 ], [ 128.140479688350922, 36.450631852962481 ], [ 128.140533703052114, 36.450778513702097 ], [ 128.140644899350292, 36.450998341460085 ], [ 128.140763306576588, 36.451144141702187 ], [ 128.140872410440949, 36.451238202753196 ], [ 128.140983565187156, 36.451304002084605 ], [ 128.141146876694592, 36.451394209909779 ], [ 128.141357402065267, 36.451484730881724 ], [ 128.141515031167387, 36.4515516466791 ], [ 128.141653853378074, 36.451644495217892 ], [ 128.141735269420025, 36.45171290760787 ], [ 128.141821723346538, 36.451798310645358 ], [ 128.141936953712388, 36.451970120891822 ], [ 128.141998491928803, 36.452091278227364 ], [ 128.142350363543386, 36.452813609038643 ], [ 128.142361728237802, 36.452932163053305 ], [ 128.142351928649504, 36.453845835810085 ], [ 128.142323091712768, 36.453942897811125 ], [ 128.140983168453687, 36.456610195014335 ], [ 128.139627018428882, 36.45910142214629 ], [ 128.139372318488313, 36.459670426098953 ], [ 128.13945404089003, 36.460056715528275 ], [ 128.139556896186775, 36.4602580256472 ], [ 128.139820214775284, 36.460637903653257 ], [ 128.139940910565713, 36.460955048115935 ], [ 128.139907219637593, 36.461409953952142 ], [ 128.139519491758648, 36.463598288936439 ], [ 128.139022552128296, 36.464723000556148 ], [ 128.138227969541759, 36.465800436728081 ], [ 128.137794241388718, 36.466263667324341 ], [ 128.137509234276109, 36.466758048713338 ], [ 128.137430375103719, 36.467148633308952 ], [ 128.137501813877691, 36.46742744583851 ], [ 128.13807721345762, 36.469312119546977 ], [ 128.138169308558219, 36.469410574714409 ], [ 128.142841625118336, 36.471565496338755 ], [ 128.143992216492677, 36.472002522086889 ], [ 128.144969510215532, 36.472339504686339 ], [ 128.145106153136283, 36.472386610846407 ], [ 128.145814196433633, 36.472344100336827 ], [ 128.146001262790946, 36.472332866575428 ], [ 128.147805800509104, 36.471900267409701 ], [ 128.150209537871859, 36.471860552742427 ], [ 128.150911328872212, 36.471792354966915 ], [ 128.163996987162562, 36.468657826332795 ], [ 128.164808949099921, 36.468440990558115 ], [ 128.166114648995062, 36.467963356506054 ], [ 128.166270345320186, 36.467901856616713 ], [ 128.166348465260455, 36.467846795526491 ], [ 128.167651365165767, 36.466602633423932 ] ] ] ] } },
{ "type": "Feature", "properties": { "OBJECTID": 2939, "adm_nm": "경상북도 상주시 계림동", "adm_cd": "3708054", "adm_cd2": "4725054000", "sgg": "47250", "sido": "47", "sidonm": "경상북도", "sggnm": "상주시" }, "geometry": { "type": "MultiPolygon", "coordinates": [ [ [ [ 128.181199380838478, 36.460876336570564 ], [ 128.182110764170488, 36.460792152242178 ], [ 128.186502560276097, 36.46053816238966 ], [ 128.18734872593339, 36.460553385073055 ], [ 128.187945360866593, 36.460557466112931 ], [ 128.188429676168624, 36.46052325335895 ], [ 128.189060294769945, 36.460447170159526 ], [ 128.189907022200515, 36.460303649695611 ], [ 128.190345510537696, 36.460215544236981 ], [ 128.190956780382294, 36.460085735855905 ], [ 128.191532417096397, 36.45994076826041 ], [ 128.194496838879331, 36.458938604053401 ], [ 128.195113589761434, 36.458527774835581 ], [ 128.19636814508354, 36.457409385074847 ], [ 128.198230731186953, 36.458183134151888 ], [ 128.198970937553128, 36.458327214634139 ], [ 128.199031471233553, 36.458335089058458 ], [ 128.202546479100761, 36.458216580621468 ], [ 128.203698201613634, 36.457925956005752 ], [ 128.203988721734845, 36.456099680957422 ], [ 128.204036917249027, 36.452932611270263 ], [ 128.204101220408916, 36.451275857223663 ], [ 128.205619493130598, 36.448563658554782 ], [ 128.205727534950995, 36.448443952473987 ], [ 128.206163545381287, 36.447550115755341 ], [ 128.206415829464021, 36.446503998665484 ], [ 128.206384149672175, 36.442225247300044 ], [ 128.206340823030899, 36.440921102710547 ], [ 128.205473570172273, 36.440492450822617 ], [ 128.202669371921672, 36.439578577668506 ], [ 128.20225041381525, 36.439414542549692 ], [ 128.201527674458816, 36.438981016915406 ], [ 128.198826012299889, 36.435629941254184 ], [ 128.197980058108897, 36.434547838183377 ], [ 128.197485296202871, 36.433440016558308 ], [ 128.196503298654648, 36.431554133362269 ], [ 128.195874361957578, 36.430653284786167 ], [ 128.19584658209294, 36.430619031570664 ], [ 128.195811616739661, 36.430582042674935 ], [ 128.194176284614372, 36.429147630225764 ], [ 128.192611601418378, 36.42906923043283 ], [ 128.189819717820455, 36.429837299399722 ], [ 128.187731884385755, 36.431271249272534 ], [ 128.182254436487455, 36.426148780097868 ], [ 128.180668072119261, 36.424656810054557 ], [ 128.175994883601362, 36.420965079324695 ], [ 128.175093784334678, 36.420480815893065 ], [ 128.173627798753444, 36.420395897992556 ], [ 128.16952796336912, 36.420269033080842 ], [ 128.163930623437579, 36.420084129253809 ], [ 128.159109804402817, 36.419798319858899 ], [ 128.159038421482819, 36.421085074916022 ], [ 128.159006435436368, 36.421661586943955 ], [ 128.158987242756268, 36.422007366302481 ], [ 128.158974487743365, 36.422173379086104 ], [ 128.158954570216252, 36.422432609962947 ], [ 128.15820818197966, 36.422923708769858 ], [ 128.15795390006241, 36.423052379534276 ], [ 128.157797705300311, 36.423182687471858 ], [ 128.157690383150396, 36.423363447825153 ], [ 128.157614217094846, 36.423534328995267 ], [ 128.157545615748546, 36.42375861283557 ], [ 128.157463862743185, 36.424305946797404 ], [ 128.157478297718683, 36.424486030111368 ], [ 128.158064618709346, 36.42925062980644 ], [ 128.15818224775839, 36.429999229708642 ], [ 128.158605040539669, 36.430675143315199 ], [ 128.158764914799377, 36.430922716986615 ], [ 128.159050637055117, 36.431449204111104 ], [ 128.159144697811342, 36.431629739006063 ], [ 128.1591526666991, 36.431758119829802 ], [ 128.159167604027488, 36.431998938351754 ], [ 128.159187479376129, 36.432478842873387 ], [ 128.159187416326489, 36.432938181280434 ], [ 128.158966416088703, 36.434800553111181 ], [ 128.158892225809637, 36.435316859479826 ], [ 128.158832287695617, 36.435870808130232 ], [ 128.158808753130728, 36.436168577228081 ], [ 128.162563681997511, 36.439802719142484 ], [ 128.162687915233249, 36.439903058200066 ], [ 128.16278357297557, 36.439957689651038 ], [ 128.162956857139477, 36.4399999124958 ], [ 128.163229158428294, 36.440032035324592 ], [ 128.163781677596177, 36.440093887564387 ], [ 128.164142565215911, 36.439928535773255 ], [ 128.164361239923238, 36.43982484527276 ], [ 128.164475331374462, 36.439762939153802 ], [ 128.164597304399024, 36.439685088215008 ], [ 128.164687042071421, 36.439620029665186 ], [ 128.168004800629632, 36.440088321463975 ], [ 128.170183773992477, 36.440408046337467 ], [ 128.170035416804012, 36.44111089993195 ], [ 128.16983586303877, 36.442053887127621 ], [ 128.17484713830288, 36.442762195765731 ], [ 128.176326061898294, 36.442969367737632 ], [ 128.178171774877882, 36.443331028414057 ], [ 128.178590314982472, 36.443803506990399 ], [ 128.177454179528212, 36.444704992250017 ], [ 128.176713672726123, 36.44592122283894 ], [ 128.17840740325974, 36.447925125741534 ], [ 128.179172277274176, 36.4485791943846 ], [ 128.179333797698888, 36.448514393511374 ], [ 128.179457920091437, 36.448477287769272 ], [ 128.179956489387763, 36.448362855642067 ], [ 128.180113946246507, 36.448340923729276 ], [ 128.180449604318369, 36.44841213119583 ], [ 128.180755019345753, 36.448495307326489 ], [ 128.181160902173872, 36.448616258639845 ], [ 128.181224287870634, 36.44869971009274 ], [ 128.183545543551901, 36.453791316891845 ], [ 128.183601390888867, 36.453923689849141 ], [ 128.183653832340724, 36.454147205690916 ], [ 128.183658990014692, 36.454228808491209 ], [ 128.183646740707587, 36.454303371959597 ], [ 128.183611665718473, 36.454399934007718 ], [ 128.183550835789504, 36.45448202380593 ], [ 128.181919352959369, 36.455524703482816 ], [ 128.18176086539151, 36.455619681073642 ], [ 128.181644917694797, 36.455675066556431 ], [ 128.181579667880499, 36.455698257210706 ], [ 128.180810523989635, 36.455862643538083 ], [ 128.179294320291547, 36.455889150104021 ], [ 128.177830233436225, 36.455868060122718 ], [ 128.177519893963051, 36.455848207597697 ], [ 128.177102066005403, 36.456131785654456 ], [ 128.17770812621751, 36.457701283210085 ], [ 128.177873977783349, 36.458078084350348 ], [ 128.17807444924847, 36.458440744050421 ], [ 128.17814140102459, 36.458534451192001 ], [ 128.180081759020624, 36.460868488005609 ], [ 128.180331894322336, 36.461114366259572 ], [ 128.180863768359814, 36.460903006058814 ], [ 128.181199380838478, 36.460876336570564 ] ] ] ] } },
{ "type": "Feature", "properties": { "OBJECTID": 2940, "adm_nm": "경상북도 상주시 동문동", "adm_cd": "3708055", "adm_cd2": "4725055000", "sgg": "47250", "sido": "47", "sidonm": "경상북도", "sggnm": "상주시" }, "geometry": { "type": "MultiPolygon", "coordinates": [ [ [ [ 128.237769035850476, 36.433232115355565 ], [ 128.237329569116838, 36.433266919458084 ], [ 128.237290874873736, 36.433270658979545 ], [ 128.236840334595144, 36.433306491577156 ], [ 128.236579251932881, 36.433319670812516 ], [ 128.236303650500645, 36.433314932323839 ], [ 128.236013445001845, 36.433298228283761 ], [ 128.235594904277036, 36.433253929497432 ], [ 128.235035776477957, 36.433185414066713 ], [ 128.234782660749715, 36.433136222750221 ], [ 128.234625016000933, 36.433096573699679 ], [ 128.234449305882748, 36.433024130571518 ], [ 128.230696706358486, 36.431004602857769 ], [ 128.230554211806123, 36.430920482555763 ], [ 128.230386645374097, 36.430769325204167 ], [ 128.230257484674581, 36.430637731613714 ], [ 128.229176699555268, 36.42938339854274 ], [ 128.228839103678382, 36.428978192904829 ], [ 128.228781199881951, 36.428887194767185 ], [ 128.228770869893395, 36.428817289084115 ], [ 128.228790701000747, 36.428670310578376 ], [ 128.228243134628286, 36.426597835424651 ], [ 128.227180183765626, 36.423516390145423 ], [ 128.227155062150302, 36.423447677781922 ], [ 128.227103978447872, 36.423393692802058 ], [ 128.227034242742036, 36.423363426484535 ], [ 128.224325831624895, 36.422417315723102 ], [ 128.224256858994551, 36.422397538509287 ], [ 128.224183182789005, 36.422392580845155 ], [ 128.22411301893311, 36.422404045362526 ], [ 128.223915359330874, 36.422448958109548 ], [ 128.223576276020907, 36.422531346061952 ], [ 128.223289785536139, 36.422611477128939 ], [ 128.223112016553017, 36.422695261935878 ], [ 128.222799652493364, 36.422838371997528 ], [ 128.222623902455297, 36.422917563289488 ], [ 128.222340866889141, 36.423022184113861 ], [ 128.222094132798958, 36.423094331437156 ], [ 128.221947310910053, 36.423126894716695 ], [ 128.221858614144168, 36.423132444283155 ], [ 128.221820228080986, 36.423119368271131 ], [ 128.221740790098636, 36.423047311246165 ], [ 128.221449609855682, 36.422677113685083 ], [ 128.221206699134711, 36.422367052902224 ], [ 128.221136287946649, 36.42222129302526 ], [ 128.218673459957699, 36.413236351280602 ], [ 128.21832252489105, 36.412402544011442 ], [ 128.217957122499456, 36.411450917498222 ], [ 128.21774548424645, 36.409445647226171 ], [ 128.217740886860469, 36.409353979417027 ], [ 128.218373680538633, 36.407877966285163 ], [ 128.218435870143509, 36.407739793390263 ], [ 128.218548034810425, 36.407577357586909 ], [ 128.21868206879131, 36.407439658267108 ], [ 128.218983178135147, 36.407177881324607 ], [ 128.219058089245181, 36.40714706917278 ], [ 128.219221342547939, 36.407128040504553 ], [ 128.219475615298677, 36.407125214265619 ], [ 128.21972264358601, 36.407116140397854 ], [ 128.219816835687624, 36.407092155911222 ], [ 128.219936133073674, 36.407045993366054 ], [ 128.220075034218439, 36.406975383399569 ], [ 128.220125348396323, 36.406917606827875 ], [ 128.220161911469972, 36.406855263164225 ], [ 128.220186283146177, 36.406320290708685 ], [ 128.220187189202932, 36.405953720604209 ], [ 128.220181963334397, 36.405916767594135 ], [ 128.220155042678726, 36.40584503887267 ], [ 128.218383121835046, 36.404219914634602 ], [ 128.218284400087043, 36.40414329572684 ], [ 128.214712112741523, 36.402284342398502 ], [ 128.211416988549473, 36.401823119203129 ], [ 128.209161826324674, 36.401984443980552 ], [ 128.207046053292004, 36.401900653169285 ], [ 128.206153733241081, 36.401942977677045 ], [ 128.205213995216781, 36.402474420231023 ], [ 128.204205487480294, 36.404783467860682 ], [ 128.203859224849481, 36.406386166069552 ], [ 128.204188690901162, 36.407260208316316 ], [ 128.20419242087516, 36.408392973796005 ], [ 128.203991279674767, 36.409605512902658 ], [ 128.202232855729818, 36.407835186172058 ], [ 128.202173114082598, 36.407524816693154 ], [ 128.201720728227599, 36.406696440595098 ], [ 128.199086519078207, 36.405145870082706 ], [ 128.196888959023482, 36.404290547734035 ], [ 128.193993969569846, 36.405441164103479 ], [ 128.191888157603245, 36.406994785349816 ], [ 128.186459214340402, 36.410480436674817 ], [ 128.185734815556344, 36.410868597309715 ], [ 128.183067277167112, 36.411387837026936 ], [ 128.181468450275759, 36.411173995135073 ], [ 128.179792418155898, 36.409369210529576 ], [ 128.175123604865377, 36.404062190142966 ], [ 128.175046739919082, 36.403518784948218 ], [ 128.172900484722959, 36.401485266724244 ], [ 128.172833277707269, 36.401443637469541 ], [ 128.172609861979311, 36.401427859110946 ], [ 128.172253122949996, 36.401453283675593 ], [ 128.171888165531954, 36.401533600701576 ], [ 128.171554792436922, 36.401609955356236 ], [ 128.171280176841208, 36.401685732716643 ], [ 128.171029253890367, 36.401834364809311 ], [ 128.170963647581544, 36.401981180069249 ], [ 128.170917431791025, 36.402215511840183 ], [ 128.170941624335313, 36.402505091370884 ], [ 128.170983308672135, 36.402689932839309 ], [ 128.171095001732596, 36.402957620500473 ], [ 128.171303099401854, 36.403066851385198 ], [ 128.172748783624797, 36.404606289234998 ], [ 128.177216616696086, 36.410760605949257 ], [ 128.177638284411046, 36.411389482529877 ], [ 128.178073716698634, 36.412018221667047 ], [ 128.178391527519295, 36.412137242832571 ], [ 128.178853206937674, 36.412187811119445 ], [ 128.179277815318954, 36.412213437180867 ], [ 128.179912969273943, 36.414621031889986 ], [ 128.180215922833241, 36.416483807072453 ], [ 128.180538677123963, 36.417459221141058 ], [ 128.1806143075639, 36.41760434376431 ], [ 128.180806545230695, 36.417834856311153 ], [ 128.180837840980274, 36.418030134766475 ], [ 128.180746177601662, 36.418146748734529 ], [ 128.180590973096628, 36.418178466095149 ], [ 128.177394664720964, 36.417666637931511 ], [ 128.176133415676873, 36.417243153567966 ], [ 128.175181207390011, 36.416891122399534 ], [ 128.171575474680367, 36.416261047069021 ], [ 128.169388689800257, 36.416086666709631 ], [ 128.167642993375438, 36.415979804984595 ], [ 128.167564936348612, 36.416853415643004 ], [ 128.167517060417964, 36.417389229921497 ], [ 128.167225424517881, 36.417380525841061 ], [ 128.165485007800669, 36.417328562161956 ], [ 128.164812651767249, 36.417212639688067 ], [ 128.162830014038548, 36.416365960899697 ], [ 128.162813082280991, 36.415326331965154 ], [ 128.162287143039947, 36.415454423543018 ], [ 128.160824841829424, 36.415736445480064 ], [ 128.156007498282378, 36.415660506790104 ], [ 128.151394290729257, 36.415537166746383 ], [ 128.14996356744885, 36.415522193392789 ], [ 128.149442422347789, 36.415577484437797 ], [ 128.14941371048144, 36.415697747554127 ], [ 128.153022704665574, 36.416874700942465 ], [ 128.154386948612398, 36.417733533991004 ], [ 128.155202397438416, 36.418443055764619 ], [ 128.155218995807871, 36.418470352670859 ], [ 128.15566483225561, 36.419204126472977 ], [ 128.158319505611615, 36.4197662964107 ], [ 128.159109804402817, 36.419798319858899 ], [ 128.163930623437579, 36.420084129253809 ], [ 128.16952796336912, 36.420269033080842 ], [ 128.173627798753444, 36.420395897992556 ], [ 128.175093784334678, 36.420480815893065 ], [ 128.175994883601362, 36.420965079324695 ], [ 128.180668072119261, 36.424656810054557 ], [ 128.182254436487455, 36.426148780097868 ], [ 128.187731884385755, 36.431271249272534 ], [ 128.189819717820455, 36.429837299399722 ], [ 128.192611601418378, 36.42906923043283 ], [ 128.194176284614372, 36.429147630225764 ], [ 128.195811616739661, 36.430582042674935 ], [ 128.19584658209294, 36.430619031570664 ], [ 128.195874361957578, 36.430653284786167 ], [ 128.196503298654648, 36.431554133362269 ], [ 128.197485296202871, 36.433440016558308 ], [ 128.197980058108897, 36.434547838183377 ], [ 128.198826012299889, 36.435629941254184 ], [ 128.201527674458816, 36.438981016915406 ], [ 128.20225041381525, 36.439414542549692 ], [ 128.202669371921672, 36.439578577668506 ], [ 128.205473570172273, 36.440492450822617 ], [ 128.206340823030899, 36.440921102710547 ], [ 128.208482148766507, 36.440380607917135 ], [ 128.209296279309854, 36.439631056142851 ], [ 128.209888296583159, 36.438364827046684 ], [ 128.210905151660825, 36.436116044639888 ], [ 128.211612664533334, 36.435686566481891 ], [ 128.214970598242076, 36.434940554355627 ], [ 128.218194978161847, 36.435128728504807 ], [ 128.221187913080115, 36.435395802980622 ], [ 128.222357362131618, 36.435865716602635 ], [ 128.2232826848049, 36.436351302108875 ], [ 128.223860263683832, 36.436667092702741 ], [ 128.224191243307303, 36.436824991094696 ], [ 128.22460845854738, 36.437006016200712 ], [ 128.225838553651329, 36.437495410876927 ], [ 128.226213692945578, 36.437639562981609 ], [ 128.226679045101008, 36.437785228344914 ], [ 128.226946600880353, 36.437861256999739 ], [ 128.22741773534355, 36.437994514679993 ], [ 128.2276010490678, 36.438040267786626 ], [ 128.227817480659667, 36.438083262033665 ], [ 128.228019707716442, 36.438075666119104 ], [ 128.228158840352023, 36.438053541100039 ], [ 128.228329203178362, 36.438000408286804 ], [ 128.228462439988419, 36.437909147181863 ], [ 128.228643229093365, 36.437715716432855 ], [ 128.229185480690859, 36.437148670881385 ], [ 128.229428994789686, 36.4369315824949 ], [ 128.230764723177685, 36.435907136059647 ], [ 128.230890514827223, 36.435824745373736 ], [ 128.231038020734985, 36.43577519059604 ], [ 128.231358646958512, 36.43568809933091 ], [ 128.231598083042485, 36.435633182828802 ], [ 128.231922012935911, 36.435584733632105 ], [ 128.232394546640393, 36.435534903206829 ], [ 128.232777048202706, 36.435507649181105 ], [ 128.233199881494329, 36.435492523924395 ], [ 128.23412417178514, 36.43554001280252 ], [ 128.234359008503532, 36.43558015408356 ], [ 128.234567611852867, 36.435670659419465 ], [ 128.234864055257134, 36.435800313444865 ], [ 128.234989427052994, 36.435859994874669 ], [ 128.235607785839221, 36.436215811652218 ], [ 128.235669712067022, 36.436272671211761 ], [ 128.235716714704836, 36.43635172854848 ], [ 128.236061177477666, 36.437179261525038 ], [ 128.237404745093158, 36.438150668260519 ], [ 128.237630192549432, 36.438302803745664 ], [ 128.237970053338557, 36.438504067730854 ], [ 128.238789041571266, 36.438856441128401 ], [ 128.239575513095787, 36.439152082013024 ], [ 128.239964849053393, 36.439280537336089 ], [ 128.240173582296649, 36.439362079976988 ], [ 128.240427009660692, 36.439474707529236 ], [ 128.241478105565989, 36.439956372315024 ], [ 128.241872640102031, 36.440142718913442 ], [ 128.24586363877566, 36.442154884610275 ], [ 128.246093869563992, 36.442294528698824 ], [ 128.247260180075756, 36.443039255285065 ], [ 128.24713876634226, 36.443316259747192 ], [ 128.246875413288564, 36.443710875451494 ], [ 128.246142675737275, 36.44454576694028 ], [ 128.245372455252578, 36.445286714990104 ], [ 128.244940484499949, 36.445690274523912 ], [ 128.246677202386735, 36.448895501898008 ], [ 128.247187728146855, 36.451840080907758 ], [ 128.24852191463998, 36.454494048899498 ], [ 128.250943231516914, 36.456656511385169 ], [ 128.251354930665428, 36.457043712038669 ], [ 128.25147571551571, 36.45718513207337 ], [ 128.251871292086634, 36.457731660234316 ], [ 128.254358509872503, 36.457600722594783 ], [ 128.255623589425028, 36.457327976965509 ], [ 128.256027169955132, 36.457076100029745 ], [ 128.257455828813733, 36.45618437315229 ], [ 128.258958237681242, 36.453561610257303 ], [ 128.261260492322464, 36.449336524169595 ], [ 128.26201273765102, 36.447623550031544 ], [ 128.259464053353327, 36.441982353194632 ], [ 128.258972401711048, 36.440944318396355 ], [ 128.258741879396126, 36.44045761466711 ], [ 128.25668043844351, 36.437162723770534 ], [ 128.255679214138269, 36.435453549956598 ], [ 128.254227624561423, 36.434117568774347 ], [ 128.25221971348563, 36.432986679687055 ], [ 128.247678335142638, 36.432972385844081 ], [ 128.247197248111974, 36.433162141190699 ], [ 128.245490329329584, 36.433835384910601 ], [ 128.243622717405913, 36.434262758503728 ], [ 128.243311041432207, 36.434325470909222 ], [ 128.240959235756549, 36.434476218944639 ], [ 128.239670813276604, 36.434415286633119 ], [ 128.239374686988612, 36.434299460858007 ], [ 128.238612948870895, 36.433816905415689 ], [ 128.237769035850476, 36.433232115355565 ] ] ] ] } },
{ "type": "Feature", "properties": { "OBJECTID": 2941, "adm_nm": "경상북도 상주시 동성동", "adm_cd": "3708056", "adm_cd2": "4725056000", "sgg": "47250", "sido": "47", "sidonm": "경상북도", "sggnm": "상주시" }, "geometry": { "type": "MultiPolygon", "coordinates": [ [ [ [ 128.209161826324674, 36.401984443980552 ], [ 128.209011807689166, 36.401548198186177 ], [ 128.208970941051945, 36.40149561392532 ], [ 128.207839583608859, 36.400460022123859 ], [ 128.207736842169936, 36.400386099297016 ], [ 128.20754814365452, 36.400282828435799 ], [ 128.207462080873682, 36.400266562016164 ], [ 128.207255229825194, 36.400252100834265 ], [ 128.207017538288852, 36.400219128991104 ], [ 128.206735325174662, 36.400151844396291 ], [ 128.206505075651705, 36.400066631658156 ], [ 128.206412470847255, 36.400013674615067 ], [ 128.206292825403693, 36.399905620945503 ], [ 128.203967340997536, 36.397577639817214 ], [ 128.203396565900647, 36.396383575546693 ], [ 128.203302026438251, 36.396181507035607 ], [ 128.203261818678527, 36.396066149826154 ], [ 128.203245609199826, 36.395964014444523 ], [ 128.203252915939913, 36.395924833977709 ], [ 128.203302199060147, 36.395828370223988 ], [ 128.203438334073923, 36.395672317803914 ], [ 128.203477021948942, 36.395599340427744 ], [ 128.203702998224145, 36.394415836125795 ], [ 128.203729669349144, 36.394167489308686 ], [ 128.203709009888314, 36.393827281146777 ], [ 128.203679490398571, 36.393677976724554 ], [ 128.203610210865747, 36.393368847095125 ], [ 128.203323973767453, 36.392352016865907 ], [ 128.203272917500811, 36.392308219902745 ], [ 128.203155752671591, 36.392272346989849 ], [ 128.202718460238032, 36.392193557079281 ], [ 128.20237744996038, 36.392146789166077 ], [ 128.202160166412597, 36.392145332442198 ], [ 128.201815273247433, 36.392140403423177 ], [ 128.201625740250137, 36.392123442483118 ], [ 128.201460485368216, 36.392090952502301 ], [ 128.201236835456655, 36.392037157969185 ], [ 128.201109670776219, 36.391991822652471 ], [ 128.200986068785994, 36.391936048381467 ], [ 128.199579035297603, 36.391233403612972 ], [ 128.19941795198659, 36.391132918410499 ], [ 128.197802215678109, 36.389997085453437 ], [ 128.197714990975072, 36.389903078309757 ], [ 128.197619819906777, 36.389771407114281 ], [ 128.197601749007845, 36.38970180566826 ], [ 128.197597577437705, 36.389650109179158 ], [ 128.197609929244635, 36.38959140606724 ], [ 128.197741482269578, 36.389138012777586 ], [ 128.197787585300318, 36.388995825946793 ], [ 128.197802227384074, 36.388344388954366 ], [ 128.19760864081519, 36.387464602594903 ], [ 128.196895248948181, 36.385505944559284 ], [ 128.196853907440726, 36.385424886110897 ], [ 128.196796894616739, 36.385358879729601 ], [ 128.196739551993772, 36.385323130131603 ], [ 128.196682026995546, 36.385305924858791 ], [ 128.196613287141076, 36.385300401902718 ], [ 128.19622149150635, 36.385304507258994 ], [ 128.195899740527466, 36.38529728861284 ], [ 128.195749025370105, 36.385277748137121 ], [ 128.195424951496676, 36.385172931854278 ], [ 128.195173174821633, 36.385051727188419 ], [ 128.194087863933618, 36.384514306059224 ], [ 128.193803057838721, 36.384367636835066 ], [ 128.193674291508131, 36.384264108060243 ], [ 128.193626314104932, 36.384183004054954 ], [ 128.19342818818248, 36.383703717191565 ], [ 128.193371996564139, 36.383556940185343 ], [ 128.193361543865649, 36.383496266575378 ], [ 128.193360739931677, 36.383423924518937 ], [ 128.193359252823342, 36.38328756701339 ], [ 128.193383856348277, 36.383161519258451 ], [ 128.193656543296754, 36.382010565103002 ], [ 128.193890828128502, 36.381352478974001 ], [ 128.193909483366156, 36.381265084819987 ], [ 128.193916352455688, 36.381137231428113 ], [ 128.193897341527645, 36.381044537888016 ], [ 128.193863028536668, 36.380929870399648 ], [ 128.193763093475837, 36.38072052085456 ], [ 128.193708746378121, 36.380610772950156 ], [ 128.19331550373559, 36.380005625383319 ], [ 128.192911353105131, 36.379491272023778 ], [ 128.192735997752777, 36.37928141872343 ], [ 128.190876562787992, 36.375861105193614 ], [ 128.189341595226864, 36.37282270430638 ], [ 128.188912547677717, 36.370564023163773 ], [ 128.189907520121977, 36.367770844711146 ], [ 128.190828365909056, 36.365408608192205 ], [ 128.191160994614819, 36.364799821006834 ], [ 128.1911878699363, 36.364726037513101 ], [ 128.191201384656523, 36.364680342428599 ], [ 128.191224133456387, 36.364585392577744 ], [ 128.191213182504896, 36.363542822130157 ], [ 128.191179554552718, 36.363429890353494 ], [ 128.191098201734235, 36.363302569610198 ], [ 128.190999453907068, 36.363175111412986 ], [ 128.190427696662113, 36.36251087912688 ], [ 128.190324450272129, 36.362397454160138 ], [ 128.19026383592643, 36.362368879094532 ], [ 128.190142466164417, 36.362325780777667 ], [ 128.188190578599233, 36.361752517318969 ], [ 128.185795772391913, 36.361100501840831 ], [ 128.183093892383312, 36.360692863661626 ], [ 128.183587592091698, 36.361996898788696 ], [ 128.180201190625752, 36.366977744222638 ], [ 128.177794366949399, 36.368755886104388 ], [ 128.177738316814612, 36.368765720529098 ], [ 128.176611558593294, 36.369183000159381 ], [ 128.176477271864201, 36.369253646438722 ], [ 128.174591680175638, 36.370695442448408 ], [ 128.174566066052307, 36.370728838735396 ], [ 128.174547541133762, 36.370775462655153 ], [ 128.174482150859603, 36.370985332417135 ], [ 128.174426673176356, 36.37119822667092 ], [ 128.174087346633087, 36.372823060068711 ], [ 128.174697663152671, 36.372979050249441 ], [ 128.17701960914718, 36.37377117619355 ], [ 128.177067101427582, 36.373796859067525 ], [ 128.177118338690008, 36.373840331108006 ], [ 128.177161637875457, 36.37389387662126 ], [ 128.178556398134617, 36.378429530218696 ], [ 128.178672450538443, 36.378839296184786 ], [ 128.177643822011902, 36.381670310660041 ], [ 128.177293786675335, 36.382140225144056 ], [ 128.176137977296406, 36.382608833395494 ], [ 128.175790787531128, 36.383067162687567 ], [ 128.173323320939687, 36.386927438308 ], [ 128.17193553866386, 36.389356083232954 ], [ 128.170298054351804, 36.391915356318059 ], [ 128.16944474387563, 36.392723325036663 ], [ 128.168724454900712, 36.393241236303929 ], [ 128.167260948947785, 36.39274466032834 ], [ 128.164610343682767, 36.391859824032196 ], [ 128.161575951593164, 36.393874772856179 ], [ 128.162556193909978, 36.394380689475639 ], [ 128.16406665551628, 36.394617279937492 ], [ 128.165464312848286, 36.394856654268459 ], [ 128.170678228090964, 36.401706944826714 ], [ 128.169964519876117, 36.402669019004776 ], [ 128.169815715413222, 36.40282175359561 ], [ 128.168205527276285, 36.404474265652119 ], [ 128.16616939123287, 36.404252402791428 ], [ 128.16471617931677, 36.405862077105539 ], [ 128.164607685642608, 36.407757171266738 ], [ 128.163526380485507, 36.407487067313582 ], [ 128.163160554877066, 36.409350043990685 ], [ 128.163042571291896, 36.413317253978853 ], [ 128.162813082280991, 36.415326331965154 ], [ 128.162830014038548, 36.416365960899697 ], [ 128.164812651767249, 36.417212639688067 ], [ 128.165485007800669, 36.417328562161956 ], [ 128.167225424517881, 36.417380525841061 ], [ 128.167517060417964, 36.417389229921497 ], [ 128.167564936348612, 36.416853415643004 ], [ 128.167642993375438, 36.415979804984595 ], [ 128.169388689800257, 36.416086666709631 ], [ 128.171575474680367, 36.416261047069021 ], [ 128.175181207390011, 36.416891122399534 ], [ 128.176133415676873, 36.417243153567966 ], [ 128.177394664720964, 36.417666637931511 ], [ 128.180590973096628, 36.418178466095149 ], [ 128.180746177601662, 36.418146748734529 ], [ 128.180837840980274, 36.418030134766475 ], [ 128.180806545230695, 36.417834856311153 ], [ 128.1806143075639, 36.41760434376431 ], [ 128.180538677123963, 36.417459221141058 ], [ 128.180215922833241, 36.416483807072453 ], [ 128.179912969273943, 36.414621031889986 ], [ 128.179277815318954, 36.412213437180867 ], [ 128.178853206937674, 36.412187811119445 ], [ 128.178391527519295, 36.412137242832571 ], [ 128.178073716698634, 36.412018221667047 ], [ 128.177638284411046, 36.411389482529877 ], [ 128.177216616696086, 36.410760605949257 ], [ 128.172748783624797, 36.404606289234998 ], [ 128.171303099401854, 36.403066851385198 ], [ 128.171095001732596, 36.402957620500473 ], [ 128.170983308672135, 36.402689932839309 ], [ 128.170941624335313, 36.402505091370884 ], [ 128.170917431791025, 36.402215511840183 ], [ 128.170963647581544, 36.401981180069249 ], [ 128.171029253890367, 36.401834364809311 ], [ 128.171280176841208, 36.401685732716643 ], [ 128.171554792436922, 36.401609955356236 ], [ 128.171888165531954, 36.401533600701576 ], [ 128.172253122949996, 36.401453283675593 ], [ 128.172609861979311, 36.401427859110946 ], [ 128.172833277707269, 36.401443637469541 ], [ 128.172900484722959, 36.401485266724244 ], [ 128.175046739919082, 36.403518784948218 ], [ 128.175123604865377, 36.404062190142966 ], [ 128.179792418155898, 36.409369210529576 ], [ 128.181468450275759, 36.411173995135073 ], [ 128.183067277167112, 36.411387837026936 ], [ 128.185734815556344, 36.410868597309715 ], [ 128.186459214340402, 36.410480436674817 ], [ 128.191888157603245, 36.406994785349816 ], [ 128.193993969569846, 36.405441164103479 ], [ 128.196888959023482, 36.404290547734035 ], [ 128.199086519078207, 36.405145870082706 ], [ 128.201720728227599, 36.406696440595098 ], [ 128.202173114082598, 36.407524816693154 ], [ 128.202232855729818, 36.407835186172058 ], [ 128.203991279674767, 36.409605512902658 ], [ 128.20419242087516, 36.408392973796005 ], [ 128.204188690901162, 36.407260208316316 ], [ 128.203859224849481, 36.406386166069552 ], [ 128.204205487480294, 36.404783467860682 ], [ 128.205213995216781, 36.402474420231023 ], [ 128.206153733241081, 36.401942977677045 ], [ 128.207046053292004, 36.401900653169285 ], [ 128.209161826324674, 36.401984443980552 ] ] ] ] } },
{ "type": "Feature", "properties": { "OBJECTID": 2942, "adm_nm": "경상북도 상주시 신흥동", "adm_cd": "3708057", "adm_cd2": "4725057000", "sgg": "47250", "sido": "47", "sidonm": "경상북도", "sggnm": "상주시" }, "geometry": { "type": "MultiPolygon", "coordinates": [ [ [ [ 128.183093892383312, 36.360692863661626 ], [ 128.183500403879577, 36.359679560766118 ], [ 128.183541332952814, 36.359510799907547 ], [ 128.183551693049765, 36.359352364144598 ], [ 128.18350696903866, 36.35780594342009 ], [ 128.183503613992031, 36.357710828688013 ], [ 128.183453203595747, 36.357539674761803 ], [ 128.18313260459243, 36.356581262672336 ], [ 128.182962694988277, 36.356189173345065 ], [ 128.182856349613928, 36.355957747558236 ], [ 128.182688462779225, 36.355371966036863 ], [ 128.182592090657607, 36.355020883524944 ], [ 128.182546450832973, 36.354809251492796 ], [ 128.182535097376189, 36.354647149723178 ], [ 128.18255071023961, 36.354402495725559 ], [ 128.18260037633101, 36.354230254846357 ], [ 128.18306340315192, 36.353217343626589 ], [ 128.185706440407102, 36.348749089304292 ], [ 128.185729806493953, 36.348713332462033 ], [ 128.185810611131529, 36.348684600594268 ], [ 128.187132578265818, 36.348260002498314 ], [ 128.188251263564183, 36.347952383004206 ], [ 128.188335281297469, 36.347929692763955 ], [ 128.1883865879675, 36.347892790893084 ], [ 128.188822632798377, 36.347508052488358 ], [ 128.188850582913261, 36.34747760562577 ], [ 128.188867990172071, 36.347412576732012 ], [ 128.188872373597974, 36.347306861480149 ], [ 128.188734504717587, 36.346187968808174 ], [ 128.186575266367157, 36.340411874437699 ], [ 128.186779644175516, 36.339557337629493 ], [ 128.186817560612525, 36.339385350606996 ], [ 128.186819953624649, 36.339314855727892 ], [ 128.186820457734854, 36.339265664793302 ], [ 128.186791510652398, 36.339049313089227 ], [ 128.186765704434521, 36.339002597479961 ], [ 128.186719946237218, 36.338980329544619 ], [ 128.185554339275484, 36.338445659342717 ], [ 128.185331402181959, 36.338400231854621 ], [ 128.184463797040706, 36.338272594403961 ], [ 128.184024154432251, 36.338217062443263 ], [ 128.182722922960835, 36.338087109077939 ], [ 128.181894210227256, 36.338010931347753 ], [ 128.179904985362469, 36.337856947924706 ], [ 128.179271240018579, 36.337829308496246 ], [ 128.179080672188888, 36.337831319173603 ], [ 128.178863783265086, 36.337836479338911 ], [ 128.178584368595466, 36.337854512723425 ], [ 128.1784034524579, 36.337876548072686 ], [ 128.177964438797943, 36.337917410956727 ], [ 128.177803511656066, 36.337912966918211 ], [ 128.177628180681182, 36.337873210484112 ], [ 128.177515135972556, 36.337844485148111 ], [ 128.177441528127844, 36.337814726592441 ], [ 128.176196872478698, 36.337306663271107 ], [ 128.176082412158195, 36.337258001051701 ], [ 128.175992672424172, 36.337200850776519 ], [ 128.175914467477554, 36.337140437487641 ], [ 128.175243105150201, 36.336474752234025 ], [ 128.175186410034257, 36.336399860138243 ], [ 128.174906133717116, 36.335408999541116 ], [ 128.174290720847353, 36.332975554186177 ], [ 128.174011966682002, 36.332846815567983 ], [ 128.173577649646717, 36.332994979489726 ], [ 128.17300057106641, 36.333327677611088 ], [ 128.171642305218313, 36.334400621265281 ], [ 128.17065309204861, 36.335286792604002 ], [ 128.170417620541656, 36.335760063100864 ], [ 128.170084961893508, 36.336221182790233 ], [ 128.169716838383778, 36.336473343750832 ], [ 128.169587511709437, 36.336474607516614 ], [ 128.165820095413807, 36.335386320840726 ], [ 128.16497398308158, 36.335028262277653 ], [ 128.163960775161598, 36.334305546582968 ], [ 128.161282211892484, 36.334671683262492 ], [ 128.159884835797953, 36.335300094913642 ], [ 128.15935907900402, 36.335828468171428 ], [ 128.159313105460768, 36.335998989372179 ], [ 128.159333850707213, 36.336037322293734 ], [ 128.159728690279451, 36.336766790943592 ], [ 128.159829761523724, 36.337040530241396 ], [ 128.159795208905962, 36.337982775505232 ], [ 128.159224512225052, 36.342030642843802 ], [ 128.159177366394658, 36.342122669124073 ], [ 128.15692673619003, 36.341922064417481 ], [ 128.156665528685579, 36.341754517264164 ], [ 128.156210904532685, 36.34162809373003 ], [ 128.15514498333323, 36.341716872460644 ], [ 128.149842413421737, 36.344004965675026 ], [ 128.147127892804889, 36.346359627092937 ], [ 128.145803484102402, 36.347575858461184 ], [ 128.144637753495942, 36.349693216165598 ], [ 128.144434818091099, 36.350192273234747 ], [ 128.144365434795532, 36.350977858925148 ], [ 128.144520341468791, 36.351617377988525 ], [ 128.144833684163274, 36.352033012014758 ], [ 128.145298699060675, 36.352865806980603 ], [ 128.145365669433232, 36.353022148192622 ], [ 128.145303865229579, 36.353218971835375 ], [ 128.145130583577611, 36.353534600676618 ], [ 128.142854121312268, 36.356015770371286 ], [ 128.139508654094215, 36.357290484658613 ], [ 128.138570540996426, 36.357286330776503 ], [ 128.138440973967249, 36.357274480262625 ], [ 128.138150464174316, 36.357316487165157 ], [ 128.136829936379115, 36.357708430989589 ], [ 128.136427742913867, 36.357856144780115 ], [ 128.13604180142093, 36.358010250860147 ], [ 128.135655879560744, 36.358164354690423 ], [ 128.134212596953745, 36.359015292463631 ], [ 128.133621642763671, 36.359367003722944 ], [ 128.132961799850847, 36.359759741150619 ], [ 128.132932870003032, 36.359995491373574 ], [ 128.133578921382195, 36.361049003479721 ], [ 128.134749122890724, 36.36255541403613 ], [ 128.134919190987716, 36.363129426978844 ], [ 128.134876175261439, 36.36350921026731 ], [ 128.134857883706189, 36.363598532994388 ], [ 128.134755327449511, 36.364099046285816 ], [ 128.134659818636379, 36.364204603624366 ], [ 128.134564298398033, 36.364310158242006 ], [ 128.134038518689607, 36.364498346911219 ], [ 128.128914669373245, 36.366234333947261 ], [ 128.128188630741278, 36.367483971641335 ], [ 128.127839978537423, 36.367984375270126 ], [ 128.124811765457309, 36.368876287374761 ], [ 128.124457267560871, 36.368971189689987 ], [ 128.122761278372792, 36.369144113268057 ], [ 128.119793618656701, 36.370620377135523 ], [ 128.119890475865418, 36.371670023121631 ], [ 128.122156208181963, 36.371546900800688 ], [ 128.123597614375797, 36.373830181366806 ], [ 128.124971051972324, 36.375363930323367 ], [ 128.12582241235674, 36.375633735154139 ], [ 128.127050755750957, 36.375835189276621 ], [ 128.128618088543533, 36.375718539589627 ], [ 128.130408536841543, 36.375192244356171 ], [ 128.13109023948104, 36.3748153628434 ], [ 128.132578941011161, 36.375597750089476 ], [ 128.133802516875789, 36.377049446199273 ], [ 128.135477268159804, 36.379598943006421 ], [ 128.138816864023397, 36.382419674822422 ], [ 128.139097648109328, 36.382824504133254 ], [ 128.13925072603314, 36.383897339183385 ], [ 128.139314733405854, 36.384359795344935 ], [ 128.139911759787054, 36.385243211366046 ], [ 128.14054934792776, 36.385765024569807 ], [ 128.142295987878612, 36.386933792914554 ], [ 128.143102822362636, 36.387278005913821 ], [ 128.14472701548155, 36.389466651567759 ], [ 128.147079727736781, 36.396019628383456 ], [ 128.14744025583235, 36.398337092790399 ], [ 128.147559540319378, 36.39848442110322 ], [ 128.149320798328688, 36.40044111995708 ], [ 128.149604743146341, 36.400692554942651 ], [ 128.152104679235634, 36.400407467195748 ], [ 128.154357257964108, 36.400396744838737 ], [ 128.154372653239619, 36.402710161244961 ], [ 128.15436970108874, 36.402800582354075 ], [ 128.154352844136753, 36.403314594747897 ], [ 128.154341063420816, 36.403673640248741 ], [ 128.153938942729098, 36.404372108811224 ], [ 128.154198338696602, 36.404869730321671 ], [ 128.15519804260245, 36.406619697149807 ], [ 128.155396217330889, 36.406849310210333 ], [ 128.155637746133294, 36.406911799093464 ], [ 128.157989557631709, 36.407120585489992 ], [ 128.161388426994449, 36.407419136795795 ], [ 128.163526380485507, 36.407487067313582 ], [ 128.164607685642608, 36.407757171266738 ], [ 128.16471617931677, 36.405862077105539 ], [ 128.16616939123287, 36.404252402791428 ], [ 128.168205527276285, 36.404474265652119 ], [ 128.169815715413222, 36.40282175359561 ], [ 128.169964519876117, 36.402669019004776 ], [ 128.170678228090964, 36.401706944826714 ], [ 128.165464312848286, 36.394856654268459 ], [ 128.16406665551628, 36.394617279937492 ], [ 128.162556193909978, 36.394380689475639 ], [ 128.161575951593164, 36.393874772856179 ], [ 128.164610343682767, 36.391859824032196 ], [ 128.167260948947785, 36.39274466032834 ], [ 128.168724454900712, 36.393241236303929 ], [ 128.16944474387563, 36.392723325036663 ], [ 128.170298054351804, 36.391915356318059 ], [ 128.17193553866386, 36.389356083232954 ], [ 128.173323320939687, 36.386927438308 ], [ 128.175790787531128, 36.383067162687567 ], [ 128.176137977296406, 36.382608833395494 ], [ 128.177293786675335, 36.382140225144056 ], [ 128.177643822011902, 36.381670310660041 ], [ 128.178672450538443, 36.378839296184786 ], [ 128.178556398134617, 36.378429530218696 ], [ 128.177161637875457, 36.37389387662126 ], [ 128.177118338690008, 36.373840331108006 ], [ 128.177067101427582, 36.373796859067525 ], [ 128.17701960914718, 36.37377117619355 ], [ 128.174697663152671, 36.372979050249441 ], [ 128.174087346633087, 36.372823060068711 ], [ 128.174426673176356, 36.37119822667092 ], [ 128.174482150859603, 36.370985332417135 ], [ 128.174547541133762, 36.370775462655153 ], [ 128.174566066052307, 36.370728838735396 ], [ 128.174591680175638, 36.370695442448408 ], [ 128.176477271864201, 36.369253646438722 ], [ 128.176611558593294, 36.369183000159381 ], [ 128.177738316814612, 36.368765720529098 ], [ 128.177794366949399, 36.368755886104388 ], [ 128.180201190625752, 36.366977744222638 ], [ 128.183587592091698, 36.361996898788696 ], [ 128.183093892383312, 36.360692863661626 ] ] ] ] } }
]
}
