{
"type": "FeatureCollection",
"name": "iksanshi",
"crs": { "type": "name", "properties": { "name": "urn:ogc:def:crs:OGC:1.3:CRS84" } },
"features": [
{ "type": "Feature", "properties": { "OBJECTID": 2281, "adm_nm": "전북특별자치도 익산시 함열읍", "adm_cd": "3503011", "adm_cd2": "4514025000", "sgg": "45140", "sido": "45", "sidonm": "전북특별자치도", "sggnm": "익산시" }, "geometry": { "type": "MultiPolygon", "coordinates": [ [ [ [ 126.988445950064559, 36.087143138925811 ], [ 126.988832724569562, 36.086060905286075 ], [ 126.988921487555004, 36.085683058851188 ], [ 126.989005865427018, 36.085275555397899 ], [ 126.98903767227138, 36.085071268918185 ], [ 126.989019167501809, 36.081756587628703 ], [ 126.98777240796521, 36.081513372411322 ], [ 126.98548143590213, 36.081087078186599 ], [ 126.984762443220461, 36.080939157355871 ], [ 126.981638280047008, 36.079358455943932 ], [ 126.981766116006028, 36.075986026751842 ], [ 126.982863709141597, 36.073492055022193 ], [ 126.982955465988994, 36.073300074347578 ], [ 126.983124910891576, 36.073063964910304 ], [ 126.983234091764572, 36.072938763756085 ], [ 126.983466281948267, 36.07269789084576 ], [ 126.983580855227032, 36.072580742004071 ], [ 126.983755181248853, 36.07250804819769 ], [ 126.984000399769954, 36.072311526383871 ], [ 126.984174750363209, 36.072121650214427 ], [ 126.984284359388994, 36.071931769316933 ], [ 126.984962870768129, 36.070555437881559 ], [ 126.985172152470071, 36.070014071723591 ], [ 126.985271841686867, 36.069553498723188 ], [ 126.985242211902573, 36.069377178031061 ], [ 126.98395333455278, 36.062800527355016 ], [ 126.982792654073222, 36.05892754142792 ], [ 126.982568094367934, 36.05774290185569 ], [ 126.982527828152968, 36.057510385127941 ], [ 126.982579345091366, 36.057177466744726 ], [ 126.982774081500764, 36.056593996693486 ], [ 126.982918717913634, 36.056194496451653 ], [ 126.983029191446676, 36.054370231666397 ], [ 126.982912616753012, 36.052798851740057 ], [ 126.981326251021983, 36.051595883783932 ], [ 126.980824520291407, 36.051500700163665 ], [ 126.980538878019146, 36.051453114662479 ], [ 126.980037183966985, 36.051239032684357 ], [ 126.979221191022248, 36.050450319840607 ], [ 126.978049064319478, 36.04916268930068 ], [ 126.977858065388943, 36.048912558493633 ], [ 126.976643279292972, 36.047038988106962 ], [ 126.976631021628535, 36.046838912822714 ], [ 126.976760539786824, 36.046607380993002 ], [ 126.977593840707613, 36.046239745874992 ], [ 126.977639276176433, 36.046082362807923 ], [ 126.977773596456629, 36.045565002511168 ], [ 126.977800922732413, 36.045277428645569 ], [ 126.97767840933183, 36.045056198195034 ], [ 126.976848011219744, 36.043806187579754 ], [ 126.975996868053741, 36.042952685600682 ], [ 126.974935490362085, 36.041952307173304 ], [ 126.973598050655696, 36.04072206602018 ], [ 126.972819129223709, 36.040137931176943 ], [ 126.972704054428974, 36.039437607908802 ], [ 126.973893769178261, 36.03944552610205 ], [ 126.974284606694226, 36.037873356829202 ], [ 126.974321618468451, 36.0375945405371 ], [ 126.974334308102058, 36.037410877319111 ], [ 126.974299002304235, 36.037281046008282 ], [ 126.974248833925017, 36.037133058473096 ], [ 126.97417260211482, 36.037015269444211 ], [ 126.972734477892573, 36.036007979161184 ], [ 126.971851506881066, 36.035797394983376 ], [ 126.971188245161002, 36.03536645160095 ], [ 126.970789803350684, 36.035035851602871 ], [ 126.97042602905988, 36.034712258981322 ], [ 126.969681201518753, 36.033924438092512 ], [ 126.968951774075549, 36.033119119811246 ], [ 126.965927927669398, 36.029851097166841 ], [ 126.963309530234014, 36.027095775789363 ], [ 126.962997771529899, 36.026807346533424 ], [ 126.962503909598482, 36.026891561975511 ], [ 126.96205335695818, 36.02696878859792 ], [ 126.961767289886268, 36.027306253075956 ], [ 126.961259276266063, 36.027833930179696 ], [ 126.960981964625034, 36.027988545186744 ], [ 126.960340696465508, 36.028276653383784 ], [ 126.956869640497146, 36.029591603624873 ], [ 126.956488402774838, 36.029654761015763 ], [ 126.956150501387896, 36.029661654263961 ], [ 126.955717300904496, 36.029668512544909 ], [ 126.95535340884787, 36.029689469189179 ], [ 126.954963501215971, 36.029759662431751 ], [ 126.954556205374317, 36.029886090530816 ], [ 126.953817959205395, 36.030204597855317 ], [ 126.953557911945751, 36.030408424549407 ], [ 126.953228480169415, 36.030738828580148 ], [ 126.951997124700156, 36.032155437067054 ], [ 126.951681371295933, 36.032633241177656 ], [ 126.951273392017683, 36.033241937933141 ], [ 126.951158797427411, 36.033412887930481 ], [ 126.950979291898477, 36.033622743879846 ], [ 126.950682444481089, 36.033889492474955 ], [ 126.950590839543395, 36.033968956069131 ], [ 126.950371125439148, 36.034159544976738 ], [ 126.950124993598891, 36.034317993746917 ], [ 126.947065272969056, 36.036015865127986 ], [ 126.946481780814821, 36.036204950840812 ], [ 126.946337032150325, 36.036245987658425 ], [ 126.946127116547629, 36.036328116450917 ], [ 126.946011297954257, 36.036375056588199 ], [ 126.945617835467559, 36.036586433716742 ], [ 126.94526898580304, 36.036862979883587 ], [ 126.943347357307658, 36.038881759083509 ], [ 126.943924160255747, 36.042099090004818 ], [ 126.944424067774804, 36.04483687891085 ], [ 126.94445377055483, 36.047683517409389 ], [ 126.94447105683696, 36.049653466244564 ], [ 126.944470985705223, 36.049751755489105 ], [ 126.944489039489525, 36.049920593917982 ], [ 126.944823726997171, 36.051039938740765 ], [ 126.945080106858683, 36.051817591516361 ], [ 126.945554347325086, 36.051817263103011 ], [ 126.946359289559297, 36.051626876083148 ], [ 126.947164191516265, 36.051422328744067 ], [ 126.947310405368682, 36.051435451822435 ], [ 126.948638145439787, 36.051896750202353 ], [ 126.948732814643648, 36.051983302065146 ], [ 126.950506701463098, 36.055133548367557 ], [ 126.95047670353874, 36.055230167705815 ], [ 126.949877363215847, 36.056317224279752 ], [ 126.949607672223294, 36.056824538468433 ], [ 126.949788327113453, 36.05846684701983 ], [ 126.950343782063257, 36.063874001330362 ], [ 126.950493648783947, 36.065190830982075 ], [ 126.950673097723595, 36.066767610642025 ], [ 126.950651975725009, 36.067043752646839 ], [ 126.94940116289915, 36.071919462862027 ], [ 126.948468392573105, 36.075424239604331 ], [ 126.948236436585233, 36.076806918790368 ], [ 126.948195205795656, 36.077157722749327 ], [ 126.948119889622902, 36.077968397503504 ], [ 126.948105389309546, 36.078191717170178 ], [ 126.948103575483231, 36.078219716080525 ], [ 126.948080895212158, 36.078596099018789 ], [ 126.948105192927954, 36.080255087102302 ], [ 126.948143110337696, 36.080499550041033 ], [ 126.948324987158657, 36.081152855801975 ], [ 126.948441136518397, 36.081521336136611 ], [ 126.948491668678471, 36.081675730709719 ], [ 126.948615261274156, 36.082044499344669 ], [ 126.948720897771878, 36.082315073784024 ], [ 126.949131330270319, 36.083324399546278 ], [ 126.949737507688752, 36.084428649125257 ], [ 126.950467367245551, 36.085677844434422 ], [ 126.951104478218767, 36.087420249764996 ], [ 126.951581784255552, 36.089945198914613 ], [ 126.951584250118287, 36.093913203080042 ], [ 126.95763564420136, 36.094001957997598 ], [ 126.957752395223721, 36.093985407068715 ], [ 126.957902222418213, 36.093953681715298 ], [ 126.957966290121377, 36.093921826132899 ], [ 126.957641042614753, 36.092038982348882 ], [ 126.95811260852426, 36.092047298667367 ], [ 126.95919763724639, 36.091925308179356 ], [ 126.962600353841921, 36.091026024689683 ], [ 126.962657606784248, 36.090999090123809 ], [ 126.965644850399656, 36.088800487654517 ], [ 126.965694638632286, 36.088760081348177 ], [ 126.966270733774707, 36.088271547677415 ], [ 126.966311296702528, 36.088210075430979 ], [ 126.966386542182391, 36.088018574642106 ], [ 126.966751671703477, 36.08706705289427 ], [ 126.967026960128152, 36.086221260371097 ], [ 126.967114249998573, 36.085953070122692 ], [ 126.967233002067175, 36.085625727051401 ], [ 126.967367355063061, 36.085375330914275 ], [ 126.967380690197118, 36.085350495141974 ], [ 126.970514569770401, 36.083881970737629 ], [ 126.971908360400462, 36.083587313568188 ], [ 126.97213051473075, 36.083573600297797 ], [ 126.97234726477447, 36.08357926911571 ], [ 126.972912075000707, 36.083696575798633 ], [ 126.973623657905634, 36.083878061812349 ], [ 126.973766019551988, 36.083943921909011 ], [ 126.977638644758287, 36.086610658485156 ], [ 126.978596059877916, 36.087355588240207 ], [ 126.978743520292042, 36.087516503581234 ], [ 126.978896025404879, 36.087772308344775 ], [ 126.979007854305593, 36.088036372063073 ], [ 126.97904525024164, 36.088150166667837 ], [ 126.979019785352847, 36.088245039029012 ], [ 126.978862069889445, 36.088401783556314 ], [ 126.978658550775563, 36.088579133232905 ], [ 126.982629685318344, 36.089290050827906 ], [ 126.983511816306901, 36.086248828986896 ], [ 126.988445950064559, 36.087143138925811 ] ] ] ] } },
{ "type": "Feature", "properties": { "OBJECTID": 2282, "adm_nm": "전북특별자치도 익산시 오산면", "adm_cd": "3503031", "adm_cd2": "4514031000", "sgg": "45140", "sido": "45", "sidonm": "전북특별자치도", "sggnm": "익산시" }, "geometry": { "type": "MultiPolygon", "coordinates": [ [ [ [ 126.928843932153143, 35.960096063951163 ], [ 126.932068362670663, 35.957989396553614 ], [ 126.932743932934628, 35.957495532331826 ], [ 126.931394840962554, 35.956129287112638 ], [ 126.931644964897828, 35.954031705615513 ], [ 126.931816735958009, 35.953655692330159 ], [ 126.932318531615749, 35.953066774166899 ], [ 126.932846701973531, 35.952450666655338 ], [ 126.932929315736487, 35.952337927590499 ], [ 126.933091148201783, 35.952087019287625 ], [ 126.933684834421328, 35.950577984401065 ], [ 126.933684878358022, 35.950526150507677 ], [ 126.932933099101518, 35.9477061925692 ], [ 126.93244673383839, 35.946768886967995 ], [ 126.932243655513417, 35.946485170326689 ], [ 126.931363436642897, 35.945341298978342 ], [ 126.929094993606881, 35.94269305991336 ], [ 126.927590639061734, 35.941595862587725 ], [ 126.92611421821951, 35.940762303635296 ], [ 126.925429860913525, 35.940581815242169 ], [ 126.924738832970789, 35.940399571656478 ], [ 126.92270662568167, 35.939635093269487 ], [ 126.922338263414531, 35.939384664659535 ], [ 126.922278639286986, 35.939288197081844 ], [ 126.92211523662867, 35.938882488799486 ], [ 126.921881405515308, 35.937058087735757 ], [ 126.921353189166979, 35.937070175466737 ], [ 126.920619731996823, 35.93701228262541 ], [ 126.918758551853358, 35.934246456023637 ], [ 126.917157316784539, 35.931583979002873 ], [ 126.916166796526028, 35.929884785862832 ], [ 126.915053750173158, 35.927975124107761 ], [ 126.914565525770854, 35.926996484912351 ], [ 126.914082671528149, 35.926027179661212 ], [ 126.913442476679009, 35.924734899518299 ], [ 126.91282927605485, 35.923434132197471 ], [ 126.912725990672996, 35.923202221045173 ], [ 126.912687258419155, 35.923115250731016 ], [ 126.9120247844685, 35.921627529285338 ], [ 126.911403458889922, 35.919779588145111 ], [ 126.91141027534573, 35.919750442453129 ], [ 126.911435674233189, 35.919728007339884 ], [ 126.925460545672891, 35.912777598677657 ], [ 126.925908413912651, 35.912597748822236 ], [ 126.927036297057938, 35.912306045749283 ], [ 126.927804749229864, 35.912514820853183 ], [ 126.927985555699095, 35.912563945522315 ], [ 126.928894350573714, 35.912823278140976 ], [ 126.931162055087597, 35.913467924142374 ], [ 126.931832308569867, 35.913597015907939 ], [ 126.931853032257607, 35.913574786906956 ], [ 126.932605650146456, 35.911566567463467 ], [ 126.923323782772272, 35.908341723266837 ], [ 126.920663227782001, 35.906617089256933 ], [ 126.920373412319208, 35.906476313279697 ], [ 126.920309171823334, 35.906445111864961 ], [ 126.919928746582329, 35.906307734552335 ], [ 126.919432703278687, 35.906128785403766 ], [ 126.918925340939168, 35.905973008105931 ], [ 126.918490862790804, 35.90586387307777 ], [ 126.918050756661273, 35.90577086667178 ], [ 126.917817280456902, 35.905723211818312 ], [ 126.909196553335548, 35.904635293369296 ], [ 126.908747378255427, 35.904604075661737 ], [ 126.908405823802994, 35.90460071021112 ], [ 126.908065849572978, 35.904627117691916 ], [ 126.907540257006872, 35.90471123469176 ], [ 126.907026073658969, 35.904833176181889 ], [ 126.906695934715046, 35.904930491789038 ], [ 126.906598031142053, 35.904959353999956 ], [ 126.90618043848977, 35.905106169845276 ], [ 126.905946115144502, 35.905202007905956 ], [ 126.905879148501128, 35.905236198615469 ], [ 126.905724654884509, 35.905315077304891 ], [ 126.905691969800969, 35.905336858526937 ], [ 126.905489064782671, 35.905472109255328 ], [ 126.905267965826837, 35.90564274722496 ], [ 126.904994368897718, 35.905875754743391 ], [ 126.904729092876721, 35.906115140169504 ], [ 126.904514580698148, 35.906325608398042 ], [ 126.904320288012201, 35.906548620322198 ], [ 126.904119574635715, 35.906860575574974 ], [ 126.903974804914512, 35.907193514145355 ], [ 126.902938854370348, 35.909835399925448 ], [ 126.902703272834358, 35.910182810134565 ], [ 126.902479888288312, 35.910472983444677 ], [ 126.902313403277901, 35.910655106912294 ], [ 126.902228564402336, 35.910747885806096 ], [ 126.90182537392927, 35.911120712256327 ], [ 126.901655866791756, 35.911238996005437 ], [ 126.901363462198887, 35.911443023177341 ], [ 126.901047163725153, 35.911617789175629 ], [ 126.900907223043006, 35.911695107624183 ], [ 126.900435072392412, 35.911926659148079 ], [ 126.900168318448095, 35.912046931817365 ], [ 126.900057414935517, 35.912093949352695 ], [ 126.899897918057235, 35.912161543500631 ], [ 126.899600521990948, 35.912277797526706 ], [ 126.899478962246576, 35.912325313914522 ], [ 126.892809004362178, 35.914831764673345 ], [ 126.892505774309399, 35.91494301002102 ], [ 126.892445448575813, 35.914965104823558 ], [ 126.892086270314294, 35.915096597930713 ], [ 126.891459195134502, 35.915269981821034 ], [ 126.891251109088273, 35.91532361392688 ], [ 126.891012082442671, 35.915379998179489 ], [ 126.890697573574059, 35.91543794276771 ], [ 126.890377200122344, 35.915466408985502 ], [ 126.890290230493292, 35.9154666435808 ], [ 126.890025247481603, 35.91546733170096 ], [ 126.889673498305257, 35.915452155609017 ], [ 126.889415573584643, 35.915438663777259 ], [ 126.889159654746848, 35.915412524160018 ], [ 126.888896734516919, 35.91536407636093 ], [ 126.888638073869615, 35.915302097861279 ], [ 126.888445995772869, 35.915252052410892 ], [ 126.888258854085834, 35.915191975458235 ], [ 126.888092998066483, 35.915127309404475 ], [ 126.887927136833866, 35.915062635882883 ], [ 126.887835958321588, 35.915023872368842 ], [ 126.887596633957173, 35.914922122759968 ], [ 126.887479123336746, 35.914853986973675 ], [ 126.887420453349208, 35.914808790233131 ], [ 126.887373363162467, 35.914772513383895 ], [ 126.887203225089635, 35.914617309924992 ], [ 126.887054578174286, 35.914447435251631 ], [ 126.886791159645753, 35.914088741016961 ], [ 126.886531672993357, 35.913727965575561 ], [ 126.886370628670392, 35.9135289071125 ], [ 126.886200760165323, 35.913334810759956 ], [ 126.885993167968834, 35.913112325803951 ], [ 126.885767176079554, 35.912902854598919 ], [ 126.885575294797832, 35.912750082781464 ], [ 126.885380660838493, 35.912599656031148 ], [ 126.884891569115098, 35.912225491264117 ], [ 126.882278273648765, 35.910965496750514 ], [ 126.881877072832609, 35.91080483590099 ], [ 126.880959370136338, 35.910473802537126 ], [ 126.878176284297453, 35.909770225285513 ], [ 126.877933473421962, 35.909721203131944 ], [ 126.877756290233989, 35.909702487681756 ], [ 126.877621611160734, 35.909696619068995 ], [ 126.877577758044453, 35.909694711197432 ], [ 126.877362597792114, 35.909692062110707 ], [ 126.877150736232224, 35.909713103731875 ], [ 126.876969538678551, 35.909757213518368 ], [ 126.87679459452805, 35.909815350886056 ], [ 126.876596693744716, 35.909892128223028 ], [ 126.875713877886724, 35.91028276223696 ], [ 126.875539991880032, 35.910359707747681 ], [ 126.874831038940187, 35.910673398588791 ], [ 126.874664444129692, 35.910737888335234 ], [ 126.87449067353559, 35.910788511866201 ], [ 126.874432228339828, 35.910802944799087 ], [ 126.87427845164369, 35.910840917376561 ], [ 126.874063404915731, 35.91088412327808 ], [ 126.874010543262017, 35.910890931505776 ], [ 126.873862639694352, 35.910909959284858 ], [ 126.873660046740966, 35.91092188289015 ], [ 126.873458349938858, 35.910924718285507 ], [ 126.872113653439186, 35.910912278406904 ], [ 126.871841919377474, 35.910901797089217 ], [ 126.871606784106561, 35.910865914140132 ], [ 126.871375885132153, 35.910811083439839 ], [ 126.8711346148812, 35.910749302613915 ], [ 126.870898774678253, 35.91067516910929 ], [ 126.870536867674957, 35.910518580223197 ], [ 126.87041813644322, 35.910457789189671 ], [ 126.870188791919674, 35.91034034257288 ], [ 126.86990589376974, 35.910184708028659 ], [ 126.869645354483168, 35.910005634333963 ], [ 126.86680982567205, 35.907733380015472 ], [ 126.865681334037944, 35.90670471336184 ], [ 126.865304999179088, 35.906398199808606 ], [ 126.864897503329189, 35.906140097999518 ], [ 126.864550252138315, 35.905957097003331 ], [ 126.864203158537038, 35.905785904879949 ], [ 126.863959018996766, 35.90567440690382 ], [ 126.863724476090525, 35.905581587957911 ], [ 126.863167853880128, 35.905401983166435 ], [ 126.862613736338972, 35.905269659517863 ], [ 126.862439724647302, 35.9052416158979 ], [ 126.862260578551087, 35.905218717186536 ], [ 126.861982209949375, 35.905188175709647 ], [ 126.861917731172923, 35.9051827652643 ], [ 126.861715254771113, 35.90516578242876 ], [ 126.861467265260671, 35.905165605433716 ], [ 126.861384579205364, 35.905165544396652 ], [ 126.860637007888613, 35.905200430383033 ], [ 126.860306789070791, 35.905240087214978 ], [ 126.85975993774035, 35.905382994357559 ], [ 126.859201418793774, 35.905583456506314 ], [ 126.858932228078459, 35.905685246459441 ], [ 126.858863091631079, 35.9057152474372 ], [ 126.858697572256077, 35.905787078693749 ], [ 126.858568539943917, 35.905856179864429 ], [ 126.858511916544344, 35.905886513446156 ], [ 126.858323748040135, 35.90599816906677 ], [ 126.858115763290812, 35.906143297309015 ], [ 126.857902179355165, 35.906316654702721 ], [ 126.856773969805658, 35.90727845158036 ], [ 126.85566423459349, 35.908259957111518 ], [ 126.855378033667847, 35.908518551455984 ], [ 126.855110797711717, 35.908779690261831 ], [ 126.854930460773033, 35.908972150564821 ], [ 126.854826322595102, 35.909131716188163 ], [ 126.854717972866567, 35.909423102203682 ], [ 126.854623459294316, 35.909730130224084 ], [ 126.854582799646153, 35.909875187583324 ], [ 126.854551745313685, 35.910024996545019 ], [ 126.854478952489458, 35.910690545684666 ], [ 126.854417513736308, 35.9113672840693 ], [ 126.854322902042654, 35.912418113647362 ], [ 126.854225620201049, 35.913473138116935 ], [ 126.85417026189451, 35.913916785692599 ], [ 126.854100377902057, 35.914354361304007 ], [ 126.853959302749928, 35.915173247004013 ], [ 126.853808649910135, 35.915993048272981 ], [ 126.85374713963607, 35.916286224106422 ], [ 126.853604767108166, 35.91678891038589 ], [ 126.85393997726942, 35.91661839206585 ], [ 126.854869846155793, 35.916761601899935 ], [ 126.855250134648415, 35.91682229117724 ], [ 126.855624803630207, 35.916904663864393 ], [ 126.855826642538261, 35.91695949605289 ], [ 126.856022109103094, 35.917027950093555 ], [ 126.860762914088625, 35.918889428619799 ], [ 126.861051909544855, 35.919044284830029 ], [ 126.861496971176862, 35.919416502326719 ], [ 126.864644216028523, 35.922154720102434 ], [ 126.86534224700938, 35.9233424206449 ], [ 126.865415189855128, 35.923474434540466 ], [ 126.865500909863002, 35.923601334487827 ], [ 126.865984116824492, 35.924258853425478 ], [ 126.866016759018706, 35.924300471824772 ], [ 126.866113459524655, 35.924389256055292 ], [ 126.869099817983681, 35.926968527902403 ], [ 126.869653903380197, 35.927441205568783 ], [ 126.870364638454348, 35.928038632856385 ], [ 126.874417612648756, 35.931324931407339 ], [ 126.877026424712923, 35.933185380817669 ], [ 126.877186097479182, 35.933269721601633 ], [ 126.878586421286883, 35.934952420584892 ], [ 126.87916610885658, 35.935739973354174 ], [ 126.880984285846139, 35.938315747571615 ], [ 126.881167938808701, 35.938595939486966 ], [ 126.881327754262188, 35.938885847278819 ], [ 126.881433845742094, 35.93908117020203 ], [ 126.881534020078263, 35.93938145956777 ], [ 126.881649693106738, 35.939844455140651 ], [ 126.882298336382462, 35.943242229342943 ], [ 126.882398777758581, 35.943811622920762 ], [ 126.882375802549817, 35.943830439821497 ], [ 126.88130100632786, 35.944072298992623 ], [ 126.88095393743653, 35.944150395476562 ], [ 126.880595808342477, 35.944270244040567 ], [ 126.880623125040756, 35.944411943063628 ], [ 126.881832916771188, 35.947247649966116 ], [ 126.884049489837551, 35.948674959984054 ], [ 126.885571177794645, 35.949654743807493 ], [ 126.88721716305723, 35.95070227870616 ], [ 126.890336648763281, 35.952680642102926 ], [ 126.89094789397565, 35.953058901564106 ], [ 126.89180640228318, 35.95361885450307 ], [ 126.891843622791058, 35.953643131674468 ], [ 126.892096750483034, 35.953814566684471 ], [ 126.893737088756083, 35.95506291545874 ], [ 126.893744811610645, 35.955116825999596 ], [ 126.891299690420254, 35.958301935268558 ], [ 126.8909753149224, 35.958543864424321 ], [ 126.890573282966358, 35.958722537174992 ], [ 126.888641462836603, 35.959163036890374 ], [ 126.887643226429887, 35.959330598211103 ], [ 126.886852381327557, 35.959477286248372 ], [ 126.885828148019485, 35.959686935216666 ], [ 126.885414902316498, 35.96026613769061 ], [ 126.885172483948665, 35.960757358349603 ], [ 126.88517241002198, 35.960808100023904 ], [ 126.885211321283819, 35.960849339475516 ], [ 126.88622935504084, 35.96150551758663 ], [ 126.8882004691622, 35.962847343897835 ], [ 126.894090651859344, 35.966912397738682 ], [ 126.899762288818479, 35.970923710901424 ], [ 126.902898072593572, 35.972051176719717 ], [ 126.902929942909992, 35.97208084322709 ], [ 126.902948296216096, 35.972162514315109 ], [ 126.902934180025895, 35.972304096334533 ], [ 126.902613748558622, 35.975123174391072 ], [ 126.902413520856484, 35.976872160198177 ], [ 126.902267265184932, 35.977978593911388 ], [ 126.902260327924353, 35.978629096998802 ], [ 126.904644540229583, 35.979975103553734 ], [ 126.909466113753936, 35.981909899217762 ], [ 126.910625680101774, 35.982356592747934 ], [ 126.912185068099404, 35.979467221226436 ], [ 126.915027232759599, 35.9753797442863 ], [ 126.915360600403304, 35.974070205129578 ], [ 126.916794103665055, 35.972260774585479 ], [ 126.918450659115535, 35.97241443121856 ], [ 126.921784867854015, 35.972699834853842 ], [ 126.921843469408046, 35.972702690348157 ], [ 126.921902538974408, 35.972242960536569 ], [ 126.922153036182735, 35.96995405340482 ], [ 126.922330520650107, 35.968276980332398 ], [ 126.922635933412224, 35.965342624068924 ], [ 126.92270207355223, 35.964693652948142 ], [ 126.925149700031383, 35.962500958117353 ], [ 126.928843932153143, 35.960096063951163 ] ] ] ] } },
{ "type": "Feature", "properties": { "OBJECTID": 2283, "adm_nm": "전북특별자치도 익산시 황등면", "adm_cd": "3503032", "adm_cd2": "4514032000", "sgg": "45140", "sido": "45", "sidonm": "전북특별자치도", "sggnm": "익산시" }, "geometry": { "type": "MultiPolygon", "coordinates": [ [ [ [ 126.950343782063257, 36.063874001330362 ], [ 126.949788327113453, 36.05846684701983 ], [ 126.949607672223294, 36.056824538468433 ], [ 126.949877363215847, 36.056317224279752 ], [ 126.95047670353874, 36.055230167705815 ], [ 126.950506701463098, 36.055133548367557 ], [ 126.948732814643648, 36.051983302065146 ], [ 126.948638145439787, 36.051896750202353 ], [ 126.947310405368682, 36.051435451822435 ], [ 126.947164191516265, 36.051422328744067 ], [ 126.946359289559297, 36.051626876083148 ], [ 126.945554347325086, 36.051817263103011 ], [ 126.945080106858683, 36.051817591516361 ], [ 126.944823726997171, 36.051039938740765 ], [ 126.944489039489525, 36.049920593917982 ], [ 126.944470985705223, 36.049751755489105 ], [ 126.94447105683696, 36.049653466244564 ], [ 126.94445377055483, 36.047683517409389 ], [ 126.944424067774804, 36.04483687891085 ], [ 126.943924160255747, 36.042099090004818 ], [ 126.943347357307658, 36.038881759083509 ], [ 126.94526898580304, 36.036862979883587 ], [ 126.945617835467559, 36.036586433716742 ], [ 126.946011297954257, 36.036375056588199 ], [ 126.946127116547629, 36.036328116450917 ], [ 126.946337032150325, 36.036245987658425 ], [ 126.946481780814821, 36.036204950840812 ], [ 126.947065272969056, 36.036015865127986 ], [ 126.950124993598891, 36.034317993746917 ], [ 126.950371125439148, 36.034159544976738 ], [ 126.950590839543395, 36.033968956069131 ], [ 126.950682444481089, 36.033889492474955 ], [ 126.950979291898477, 36.033622743879846 ], [ 126.951158797427411, 36.033412887930481 ], [ 126.951273392017683, 36.033241937933141 ], [ 126.951681371295933, 36.032633241177656 ], [ 126.951997124700156, 36.032155437067054 ], [ 126.953228480169415, 36.030738828580148 ], [ 126.953557911945751, 36.030408424549407 ], [ 126.953817959205395, 36.030204597855317 ], [ 126.954556205374317, 36.029886090530816 ], [ 126.954963501215971, 36.029759662431751 ], [ 126.95535340884787, 36.029689469189179 ], [ 126.955717300904496, 36.029668512544909 ], [ 126.956150501387896, 36.029661654263961 ], [ 126.956488402774838, 36.029654761015763 ], [ 126.956869640497146, 36.029591603624873 ], [ 126.960340696465508, 36.028276653383784 ], [ 126.960981964625034, 36.027988545186744 ], [ 126.961259276266063, 36.027833930179696 ], [ 126.961767289886268, 36.027306253075956 ], [ 126.96205335695818, 36.02696878859792 ], [ 126.961787335794625, 36.026808740523961 ], [ 126.960946463122312, 36.026274083867122 ], [ 126.960295240561194, 36.025472758719872 ], [ 126.959547748098629, 36.024440953066232 ], [ 126.959456203233472, 36.024278613406267 ], [ 126.95938964486794, 36.024095989006746 ], [ 126.959281562330915, 36.023757792123071 ], [ 126.959098718285205, 36.022946188928536 ], [ 126.959057284030152, 36.022567445459288 ], [ 126.958932968639999, 36.02136358375207 ], [ 126.958941433259213, 36.021147181743181 ], [ 126.959008172408005, 36.020978133876859 ], [ 126.959158218617688, 36.02074148445039 ], [ 126.959358273925673, 36.020484561980062 ], [ 126.959599940530381, 36.020254720766246 ], [ 126.959674950099341, 36.020187095916214 ], [ 126.960124724931887, 36.020227831672713 ], [ 126.96034127905402, 36.020248190271381 ], [ 126.960541193532336, 36.020248258429866 ], [ 126.961244214114814, 36.020221446578212 ], [ 126.961430432297632, 36.020195437565434 ], [ 126.961682411971225, 36.020133678332186 ], [ 126.962134896928106, 36.019964514889622 ], [ 126.962232110889289, 36.019854792304805 ], [ 126.962383171567637, 36.019642859190178 ], [ 126.963233451774641, 36.0182970595501 ], [ 126.964690145659873, 36.013096171574446 ], [ 126.963485991516762, 36.011002561681551 ], [ 126.963355090477549, 36.010706104409451 ], [ 126.963273684918562, 36.010321419823676 ], [ 126.963326210376678, 36.0102689628836 ], [ 126.963451547611598, 36.010143798221549 ], [ 126.963948891372667, 36.009953866321609 ], [ 126.964961163134433, 36.00956727140013 ], [ 126.965165176151345, 36.009481130054255 ], [ 126.963440073432835, 36.006474770834046 ], [ 126.963671325071061, 36.00190109410525 ], [ 126.963745092934801, 36.001899040126666 ], [ 126.963963040550411, 36.001892978324285 ], [ 126.96419569692786, 35.999168762443887 ], [ 126.964195928818114, 35.999107910283804 ], [ 126.964169264643886, 35.999056801295552 ], [ 126.96412109863121, 35.999008912268607 ], [ 126.962926375438613, 35.99818890305832 ], [ 126.962348710475169, 35.997797533226425 ], [ 126.962197471402376, 35.997696842751239 ], [ 126.962171051796304, 35.997679257046563 ], [ 126.961391006858207, 35.997159913262948 ], [ 126.961317402521701, 35.997092389628584 ], [ 126.961169996805054, 35.996798138105888 ], [ 126.960844902284933, 35.996072057536423 ], [ 126.960827141521634, 35.996019465936257 ], [ 126.960821471684355, 35.995827511553294 ], [ 126.960824836470962, 35.995785161310359 ], [ 126.961812266279679, 35.992038934611159 ], [ 126.961889662628593, 35.991912919499725 ], [ 126.961915432479586, 35.991874948605364 ], [ 126.962347534982968, 35.991464921868662 ], [ 126.963423700127763, 35.990454026953948 ], [ 126.964518830638283, 35.989403176439822 ], [ 126.964629470074527, 35.989282758827173 ], [ 126.964891209245252, 35.988652861170308 ], [ 126.965080724803599, 35.988175524251055 ], [ 126.96505347067054, 35.988078817845796 ], [ 126.957589977895836, 35.986383190048606 ], [ 126.952096911576703, 35.986284999627898 ], [ 126.950294485709463, 35.986422387491743 ], [ 126.949660485154197, 35.986597904277879 ], [ 126.94803837236023, 35.987450955987924 ], [ 126.946485422091854, 35.988363067092131 ], [ 126.945845738039267, 35.988654173469179 ], [ 126.945220812847694, 35.988791568868947 ], [ 126.9432298207321, 35.988727485024931 ], [ 126.942904161838584, 35.988692567794104 ], [ 126.941867540920057, 35.988581367414994 ], [ 126.940036298837668, 35.987847992212721 ], [ 126.937778580178062, 35.986847262687142 ], [ 126.93772856677549, 35.986824913377419 ], [ 126.936112393813247, 35.986102551416373 ], [ 126.933663120132962, 35.985024788374091 ], [ 126.932909915404821, 35.984700353599969 ], [ 126.932524129160825, 35.984534192559828 ], [ 126.931918588601235, 35.984372352576116 ], [ 126.931310418452, 35.984376502834863 ], [ 126.931109319841866, 35.984377882754927 ], [ 126.928062082224116, 35.984483929432628 ], [ 126.924347526717924, 35.984629272327673 ], [ 126.922918826625434, 35.98471071523263 ], [ 126.922886094537006, 35.984711448551273 ], [ 126.922132235193573, 35.984707250137049 ], [ 126.921517329277265, 35.984692034346871 ], [ 126.920731666979933, 35.984621138812209 ], [ 126.915942540378509, 35.984188134174282 ], [ 126.909189761175384, 35.983536967182467 ], [ 126.907770722700775, 35.983381942935566 ], [ 126.907834624055013, 35.984232072235905 ], [ 126.908155305943154, 35.986543726626749 ], [ 126.908211784666619, 35.986932709428352 ], [ 126.908270876373322, 35.987040175477645 ], [ 126.908357321708721, 35.98712915152624 ], [ 126.908566643452971, 35.987299709753529 ], [ 126.909058288390824, 35.987588999383618 ], [ 126.910603782728444, 35.988438444564707 ], [ 126.911812452581316, 35.989102397361499 ], [ 126.912012737809746, 35.989221082383246 ], [ 126.912256149622237, 35.989491676610513 ], [ 126.912779288926487, 35.990129169715225 ], [ 126.912938450129616, 35.990373765053477 ], [ 126.913154382374273, 35.990777669580602 ], [ 126.913240706597406, 35.990977764973323 ], [ 126.91398556566692, 35.992997079207385 ], [ 126.914144519005191, 35.993434281953476 ], [ 126.914893730647918, 35.995664743291357 ], [ 126.915111726097251, 35.996388716933673 ], [ 126.91522282047994, 35.99675769834338 ], [ 126.915265585464084, 35.997231862120856 ], [ 126.915319527636399, 35.997902370544487 ], [ 126.915505325349685, 36.000925079621801 ], [ 126.915505093512124, 36.001139921313076 ], [ 126.915482130954189, 36.001306598042831 ], [ 126.91478580402952, 36.004348459310819 ], [ 126.916732069852586, 36.002975947791228 ], [ 126.917959287376362, 36.002181465862989 ], [ 126.919256140095797, 36.001707072508523 ], [ 126.919758608364717, 36.002719922487962 ], [ 126.919510285524822, 36.002811562981442 ], [ 126.919142499134736, 36.002975807535606 ], [ 126.919600696300705, 36.00522464316785 ], [ 126.919812483932759, 36.005703129680491 ], [ 126.92015070187216, 36.00641614895514 ], [ 126.920488483695721, 36.007089966260587 ], [ 126.921263362146888, 36.008313016403882 ], [ 126.921875790335989, 36.009270811201802 ], [ 126.922176497182321, 36.009750921887182 ], [ 126.922199020967071, 36.009809316552769 ], [ 126.922209069004367, 36.009931866054757 ], [ 126.92230430330244, 36.011229597144975 ], [ 126.922300007404417, 36.011424761874636 ], [ 126.922112856920862, 36.012118869033728 ], [ 126.921942121026788, 36.01274155255593 ], [ 126.921684998937735, 36.013594295069097 ], [ 126.921386863090746, 36.014500096138498 ], [ 126.921193739685194, 36.014998140758962 ], [ 126.921014626753475, 36.015513442134761 ], [ 126.920597312758503, 36.017003284438019 ], [ 126.920551955750895, 36.017188398083753 ], [ 126.920566248189104, 36.017271803548383 ], [ 126.920623619156586, 36.017371926811236 ], [ 126.920778713443795, 36.017498204383571 ], [ 126.920981816599053, 36.017618434059536 ], [ 126.921180413165885, 36.017698506119494 ], [ 126.921447176770229, 36.017807099938153 ], [ 126.921840389400998, 36.017995176410778 ], [ 126.922117350437787, 36.018172169189079 ], [ 126.922918544996136, 36.018784792835213 ], [ 126.923414270400812, 36.019202740294617 ], [ 126.923718936386095, 36.019462632772068 ], [ 126.923849306495171, 36.019793246353217 ], [ 126.923877759145768, 36.020383482453518 ], [ 126.923775877012218, 36.020631305355444 ], [ 126.92341212772817, 36.021374763700869 ], [ 126.922918513026247, 36.021951943852578 ], [ 126.921565413758103, 36.023797980385254 ], [ 126.919917717780038, 36.026800706546936 ], [ 126.919855775645388, 36.026924683742486 ], [ 126.919792266335591, 36.027051812442387 ], [ 126.919706346536572, 36.02741007697027 ], [ 126.919663051810105, 36.027664404869988 ], [ 126.919576656391826, 36.027972944153483 ], [ 126.919493522293465, 36.02821083904383 ], [ 126.918287406164737, 36.03054292756817 ], [ 126.91577897254723, 36.033561371787783 ], [ 126.913828030757912, 36.03724910638342 ], [ 126.913657203075218, 36.037685158636869 ], [ 126.913576638639114, 36.038016257193689 ], [ 126.913616221089299, 36.038315093558552 ], [ 126.913716060023262, 36.038492796957989 ], [ 126.913896019694661, 36.038638230619519 ], [ 126.914246086448429, 36.038816001544973 ], [ 126.914486167720796, 36.038896830016739 ], [ 126.91495635293488, 36.039034231381962 ], [ 126.915048527827068, 36.039072141493996 ], [ 126.915506395496436, 36.039260467325519 ], [ 126.91746596365293, 36.04012469220757 ], [ 126.917679308810889, 36.040235574504074 ], [ 126.917771482686604, 36.040328728265472 ], [ 126.91804270408889, 36.041964669473032 ], [ 126.920402396690335, 36.04639698117505 ], [ 126.92101173088362, 36.048973070427259 ], [ 126.925060765877546, 36.055028382208022 ], [ 126.92529836267623, 36.055333069949761 ], [ 126.925414870174706, 36.055458979388646 ], [ 126.925565875252957, 36.055602585989568 ], [ 126.925699425128641, 36.055721683391411 ], [ 126.925836728686676, 36.05583766115155 ], [ 126.926025421071117, 36.055956827540044 ], [ 126.926201155574574, 36.056055047597425 ], [ 126.926405447588195, 36.056111964187487 ], [ 126.926635059875991, 36.056120442868931 ], [ 126.926873306455775, 36.056111397964791 ], [ 126.927034555171389, 36.056082928975933 ], [ 126.927293413389037, 36.056053189693507 ], [ 126.927836007833392, 36.056004300849708 ], [ 126.928388258597835, 36.055965609094827 ], [ 126.928715158667131, 36.055949711129493 ], [ 126.929110253375768, 36.055959972495657 ], [ 126.929488487626102, 36.055988311788063 ], [ 126.930305267130294, 36.056050156335104 ], [ 126.930599186783212, 36.056078628753831 ], [ 126.930837444197252, 36.056114726754345 ], [ 126.931186490675159, 36.056184298867663 ], [ 126.93144260099713, 36.056271538211298 ], [ 126.931567597194615, 36.056336115545797 ], [ 126.931665509253378, 36.0563867107929 ], [ 126.931849556759758, 36.05648835011511 ], [ 126.932124321942254, 36.056682088977553 ], [ 126.932365351480257, 36.056865308410487 ], [ 126.932726434856022, 36.057195756058192 ], [ 126.93291596754986, 36.057369628411486 ], [ 126.933399365095127, 36.05787029056301 ], [ 126.933542075149163, 36.058077719802895 ], [ 126.936047290048478, 36.058156622908328 ], [ 126.937181926557273, 36.058294481928357 ], [ 126.938113385556164, 36.058441591073233 ], [ 126.939363061256969, 36.058679651861148 ], [ 126.94123781004069, 36.059130108661023 ], [ 126.941829130914627, 36.059298938456308 ], [ 126.942364845379601, 36.059542692398885 ], [ 126.942844031524785, 36.059802176926802 ], [ 126.943175434901519, 36.059982675237642 ], [ 126.943645223623378, 36.060244076538162 ], [ 126.944112951522669, 36.060524543709299 ], [ 126.945053258130656, 36.061092966362907 ], [ 126.945386066489206, 36.061363033553661 ], [ 126.945604709570972, 36.061590184464016 ], [ 126.945952690964049, 36.06208150201104 ], [ 126.946124857918321, 36.062362470151328 ], [ 126.946279635703277, 36.062744757507367 ], [ 126.946362535625795, 36.063064662908694 ], [ 126.946412440287475, 36.063392501160429 ], [ 126.946499639255421, 36.063840260154201 ], [ 126.946570591607568, 36.063996111589418 ], [ 126.946719846896443, 36.064168433710243 ], [ 126.946792603966571, 36.064215699926415 ], [ 126.946856013951617, 36.064256885140345 ], [ 126.947039788012916, 36.064365881971639 ], [ 126.947598196394864, 36.064534388192634 ], [ 126.94791594669779, 36.064609181419051 ], [ 126.948153868069056, 36.064656101169234 ], [ 126.948224869981516, 36.064670098554735 ], [ 126.948771181662181, 36.064670023651381 ], [ 126.948838435582545, 36.064651922810505 ], [ 126.949180958453525, 36.064559695018339 ], [ 126.949530034807196, 36.064449377449186 ], [ 126.949803264632507, 36.064326812704842 ], [ 126.949878838071498, 36.064292495023885 ], [ 126.950046128034799, 36.064216527169116 ], [ 126.950179104193325, 36.064142203934544 ], [ 126.950243472519887, 36.064106219909647 ], [ 126.950319401187826, 36.06402045898195 ], [ 126.950343782063257, 36.063874001330362 ] ] ] ] } },
{ "type": "Feature", "properties": { "OBJECTID": 2284, "adm_nm": "전북특별자치도 익산시 함라면", "adm_cd": "3503033", "adm_cd2": "4514033000", "sgg": "45140", "sido": "45", "sidonm": "전북특별자치도", "sggnm": "익산시" }, "geometry": { "type": "MultiPolygon", "coordinates": [ [ [ [ 126.917371145422749, 36.079283882267134 ], [ 126.91737778490922, 36.079241109895371 ], [ 126.917397922595185, 36.079129740616814 ], [ 126.917567719743289, 36.078273502755884 ], [ 126.917734696883343, 36.077501586224976 ], [ 126.91841322032603, 36.074914770690796 ], [ 126.918616930165555, 36.074354690191349 ], [ 126.92025311963441, 36.073268322754643 ], [ 126.921065951825341, 36.073431722100459 ], [ 126.921109557796498, 36.073418359595316 ], [ 126.925889704972846, 36.071903978249075 ], [ 126.926317437664991, 36.071698600348391 ], [ 126.926711533353156, 36.071428233557057 ], [ 126.929762576624299, 36.068789638535215 ], [ 126.930246379834102, 36.068133030152659 ], [ 126.93087331966629, 36.065365595737504 ], [ 126.930889429452179, 36.065291808332105 ], [ 126.930881859060349, 36.065167004003655 ], [ 126.930789681178567, 36.065035916084234 ], [ 126.930443863494276, 36.064729948185381 ], [ 126.93018479014286, 36.064692723505189 ], [ 126.929107116203014, 36.061613921905469 ], [ 126.929025931873539, 36.061071206739037 ], [ 126.929018209505358, 36.061019526145976 ], [ 126.92904841085965, 36.060651860427313 ], [ 126.929122006244356, 36.060341208456855 ], [ 126.929320760333681, 36.060018057896343 ], [ 126.929467994735873, 36.059884814954316 ], [ 126.929544865257512, 36.059815249486689 ], [ 126.929654946598433, 36.059733050486415 ], [ 126.929881781054007, 36.059563681086004 ], [ 126.930285194706514, 36.059332617566575 ], [ 126.930611211356037, 36.05914623931826 ], [ 126.931410988739415, 36.058690055317015 ], [ 126.931916000760921, 36.05845636487529 ], [ 126.932289537252004, 36.058288792188272 ], [ 126.932727696978858, 36.058174293153684 ], [ 126.933046680689827, 36.058118027656178 ], [ 126.933305637337625, 36.058079678493797 ], [ 126.933542075149163, 36.058077719802895 ], [ 126.933399365095127, 36.05787029056301 ], [ 126.93291596754986, 36.057369628411486 ], [ 126.932726434856022, 36.057195756058192 ], [ 126.932365351480257, 36.056865308410487 ], [ 126.932124321942254, 36.056682088977553 ], [ 126.931849556759758, 36.05648835011511 ], [ 126.931665509253378, 36.0563867107929 ], [ 126.931567597194615, 36.056336115545797 ], [ 126.93144260099713, 36.056271538211298 ], [ 126.931186490675159, 36.056184298867663 ], [ 126.930837444197252, 36.056114726754345 ], [ 126.930599186783212, 36.056078628753831 ], [ 126.930305267130294, 36.056050156335104 ], [ 126.929488487626102, 36.055988311788063 ], [ 126.929110253375768, 36.055959972495657 ], [ 126.928715158667131, 36.055949711129493 ], [ 126.928388258597835, 36.055965609094827 ], [ 126.927836007833392, 36.056004300849708 ], [ 126.927293413389037, 36.056053189693507 ], [ 126.927034555171389, 36.056082928975933 ], [ 126.926873306455775, 36.056111397964791 ], [ 126.926635059875991, 36.056120442868931 ], [ 126.926405447588195, 36.056111964187487 ], [ 126.926201155574574, 36.056055047597425 ], [ 126.926025421071117, 36.055956827540044 ], [ 126.925836728686676, 36.05583766115155 ], [ 126.925699425128641, 36.055721683391411 ], [ 126.925565875252957, 36.055602585989568 ], [ 126.925414870174706, 36.055458979388646 ], [ 126.92529836267623, 36.055333069949761 ], [ 126.925060765877546, 36.055028382208022 ], [ 126.92101173088362, 36.048973070427259 ], [ 126.920402396690335, 36.04639698117505 ], [ 126.91804270408889, 36.041964669473032 ], [ 126.917771482686604, 36.040328728265472 ], [ 126.917679308810889, 36.040235574504074 ], [ 126.91746596365293, 36.04012469220757 ], [ 126.915506395496436, 36.039260467325519 ], [ 126.915048527827068, 36.039072141493996 ], [ 126.91495635293488, 36.039034231381962 ], [ 126.914486167720796, 36.038896830016739 ], [ 126.914246086448429, 36.038816001544973 ], [ 126.913896019694661, 36.038638230619519 ], [ 126.913716060023262, 36.038492796957989 ], [ 126.913616221089299, 36.038315093558552 ], [ 126.913576638639114, 36.038016257193689 ], [ 126.913657203075218, 36.037685158636869 ], [ 126.913828030757912, 36.03724910638342 ], [ 126.91577897254723, 36.033561371787783 ], [ 126.918287406164737, 36.03054292756817 ], [ 126.919493522293465, 36.02821083904383 ], [ 126.919576656391826, 36.027972944153483 ], [ 126.919663051810105, 36.027664404869988 ], [ 126.919706346536572, 36.02741007697027 ], [ 126.919792266335591, 36.027051812442387 ], [ 126.919855775645388, 36.026924683742486 ], [ 126.919917717780038, 36.026800706546936 ], [ 126.921565413758103, 36.023797980385254 ], [ 126.922918513026247, 36.021951943852578 ], [ 126.92341212772817, 36.021374763700869 ], [ 126.923775877012218, 36.020631305355444 ], [ 126.923877759145768, 36.020383482453518 ], [ 126.923849306495171, 36.019793246353217 ], [ 126.923718936386095, 36.019462632772068 ], [ 126.923414270400812, 36.019202740294617 ], [ 126.922918544996136, 36.018784792835213 ], [ 126.922117350437787, 36.018172169189079 ], [ 126.921840389400998, 36.017995176410778 ], [ 126.921447176770229, 36.017807099938153 ], [ 126.921180413165885, 36.017698506119494 ], [ 126.920981816599053, 36.017618434059536 ], [ 126.920778713443795, 36.017498204383571 ], [ 126.920623619156586, 36.017371926811236 ], [ 126.920566248189104, 36.017271803548383 ], [ 126.920551955750895, 36.017188398083753 ], [ 126.920597312758503, 36.017003284438019 ], [ 126.921014626753475, 36.015513442134761 ], [ 126.921193739685194, 36.014998140758962 ], [ 126.921386863090746, 36.014500096138498 ], [ 126.921684998937735, 36.013594295069097 ], [ 126.921942121026788, 36.01274155255593 ], [ 126.922112856920862, 36.012118869033728 ], [ 126.922300007404417, 36.011424761874636 ], [ 126.92230430330244, 36.011229597144975 ], [ 126.922209069004367, 36.009931866054757 ], [ 126.922199020967071, 36.009809316552769 ], [ 126.922176497182321, 36.009750921887182 ], [ 126.921875790335989, 36.009270811201802 ], [ 126.921263362146888, 36.008313016403882 ], [ 126.920488483695721, 36.007089966260587 ], [ 126.92015070187216, 36.00641614895514 ], [ 126.919812483932759, 36.005703129680491 ], [ 126.919600696300705, 36.00522464316785 ], [ 126.919142499134736, 36.002975807535606 ], [ 126.919510285524822, 36.002811562981442 ], [ 126.919758608364717, 36.002719922487962 ], [ 126.919256140095797, 36.001707072508523 ], [ 126.917959287376362, 36.002181465862989 ], [ 126.916732069852586, 36.002975947791228 ], [ 126.91478580402952, 36.004348459310819 ], [ 126.914584530876382, 36.004770495354826 ], [ 126.914484537556191, 36.004910760004741 ], [ 126.913682065932235, 36.005573550546998 ], [ 126.913355273665033, 36.005682319479895 ], [ 126.91300125463458, 36.005691040412174 ], [ 126.90854747082723, 36.006419914397725 ], [ 126.901013706126292, 36.007860820353159 ], [ 126.900562163498861, 36.008765654603039 ], [ 126.899198546881877, 36.010760216801117 ], [ 126.898737779074921, 36.011336774574119 ], [ 126.89852350949225, 36.01159629933462 ], [ 126.898072825957357, 36.01207370176698 ], [ 126.896570288400909, 36.01359587708049 ], [ 126.896455865430937, 36.01370210302526 ], [ 126.896355049058442, 36.013779417959057 ], [ 126.896234124428204, 36.013838844374312 ], [ 126.896004724495697, 36.013917990980715 ], [ 126.893529625677658, 36.015326750617234 ], [ 126.890663536673841, 36.01744140266571 ], [ 126.885005274883625, 36.023594903465948 ], [ 126.885513639521804, 36.02454701628637 ], [ 126.885373648197245, 36.024763217723198 ], [ 126.884232486536277, 36.025943281925585 ], [ 126.884009416452102, 36.026119148685794 ], [ 126.878977513655201, 36.028985697892942 ], [ 126.873851691228907, 36.031053483636448 ], [ 126.871668550935709, 36.032784117234954 ], [ 126.870304773971142, 36.032826764355612 ], [ 126.871450372344341, 36.037945182575157 ], [ 126.872140302118538, 36.038747167990955 ], [ 126.872922812545255, 36.039632025554042 ], [ 126.877112046315588, 36.039615187068691 ], [ 126.877507614579031, 36.039656876296235 ], [ 126.877696184051572, 36.039701858164804 ], [ 126.87774647141751, 36.039713863929599 ], [ 126.87821731290525, 36.039855044933397 ], [ 126.878669712436619, 36.04002119763642 ], [ 126.878980461126574, 36.040160034002646 ], [ 126.879162820362438, 36.040266706624507 ], [ 126.880219320555128, 36.041070511676281 ], [ 126.880352404433751, 36.041224336922703 ], [ 126.880434076167518, 36.041406874685777 ], [ 126.880458759192834, 36.041489489739753 ], [ 126.880483031258876, 36.04170619704206 ], [ 126.88050460019555, 36.041896706017546 ], [ 126.88076976794035, 36.042600859963187 ], [ 126.880816762460398, 36.042691456372417 ], [ 126.882002345379249, 36.044057316265558 ], [ 126.886049885617538, 36.048191272528221 ], [ 126.886922025402114, 36.048747031833678 ], [ 126.887017644126246, 36.048683976227998 ], [ 126.887128234815989, 36.048642838543074 ], [ 126.887246679092897, 36.048601968090978 ], [ 126.887373914253132, 36.048581528768025 ], [ 126.887499748227526, 36.048568118012206 ], [ 126.887651168567885, 36.048561489603529 ], [ 126.887878336962032, 36.048575327567058 ], [ 126.888029647968338, 36.048609501428857 ], [ 126.888226823131475, 36.048656231819059 ], [ 126.888343712462429, 36.048713392799165 ], [ 126.888470656233309, 36.048816305592339 ], [ 126.890655828083965, 36.050748039660739 ], [ 126.893537772329651, 36.053631806764997 ], [ 126.8942090158247, 36.054555197506367 ], [ 126.894850257087555, 36.0557913825009 ], [ 126.894904287127773, 36.055898781630404 ], [ 126.894924390713655, 36.056017948095594 ], [ 126.894912177549614, 36.05612554297069 ], [ 126.894872615602509, 36.056188134047012 ], [ 126.894415500598257, 36.056799915937638 ], [ 126.894238356444006, 36.057078945870437 ], [ 126.894179552977221, 36.057192641445972 ], [ 126.894147569999475, 36.057288702592992 ], [ 126.894114270454253, 36.057431936241152 ], [ 126.894102548743618, 36.057557804706683 ], [ 126.894126991126996, 36.05767893878717 ], [ 126.89415360051801, 36.057761018780305 ], [ 126.894237481785595, 36.057887298255025 ], [ 126.894543916409248, 36.058161091647193 ], [ 126.89618453883962, 36.059502970827026 ], [ 126.896322190568441, 36.059595263610269 ], [ 126.897978412878913, 36.062931773588289 ], [ 126.897967004960464, 36.062996149664386 ], [ 126.897961365743001, 36.0630280008399 ], [ 126.897973877046368, 36.063358368081005 ], [ 126.897999207651765, 36.063578754120947 ], [ 126.898028841508037, 36.063705962923343 ], [ 126.898139533806471, 36.063970754320302 ], [ 126.898368611889921, 36.064301341347416 ], [ 126.898708463991483, 36.064762610752794 ], [ 126.899027141942042, 36.065148237745476 ], [ 126.899154919119141, 36.065275913017771 ], [ 126.901345472467526, 36.066612445162882 ], [ 126.902096232570841, 36.067053828478052 ], [ 126.903425818519409, 36.067761657663866 ], [ 126.904076261164562, 36.068128048837494 ], [ 126.904107975491542, 36.068153926468632 ], [ 126.904131949673953, 36.068173492496243 ], [ 126.904227456175263, 36.068301459923475 ], [ 126.905278060685973, 36.070241866161147 ], [ 126.905280347081629, 36.070375239364687 ], [ 126.905300125750387, 36.070549832529267 ], [ 126.905334283466445, 36.070652275960427 ], [ 126.905370037955009, 36.070758586016325 ], [ 126.905972811414969, 36.071924753533267 ], [ 126.906029269305421, 36.072019463621984 ], [ 126.906408706290705, 36.072602496248066 ], [ 126.906503405394702, 36.072693967725975 ], [ 126.908115891716406, 36.073971906981647 ], [ 126.908232913065731, 36.074045327929582 ], [ 126.910950505764887, 36.075006441688473 ], [ 126.911404970594447, 36.075073684676774 ], [ 126.912320775372748, 36.075182724484627 ], [ 126.912851714798464, 36.075221234316558 ], [ 126.913117923909354, 36.075173736237005 ], [ 126.913549361814873, 36.075044550825027 ], [ 126.91372685292005, 36.075011422814278 ], [ 126.91386185051708, 36.075149294597963 ], [ 126.915214581370108, 36.076550913682532 ], [ 126.915290834734819, 36.076751644854042 ], [ 126.915331607716681, 36.076919277620703 ], [ 126.915201081596749, 36.077849187252561 ], [ 126.915024630242286, 36.078652225570778 ], [ 126.916208706159537, 36.07947739278962 ], [ 126.917221006173278, 36.079258826184017 ], [ 126.917371145422749, 36.079283882267134 ] ] ] ] } },
{ "type": "Feature", "properties": { "OBJECTID": 2285, "adm_nm": "전북특별자치도 익산시 웅포면", "adm_cd": "3503034", "adm_cd2": "4514034000", "sgg": "45140", "sido": "45", "sidonm": "전북특별자치도", "sggnm": "익산시" }, "geometry": { "type": "MultiPolygon", "coordinates": [ [ [ [ 126.914519377379065, 36.141379088941605 ], [ 126.914454134123275, 36.140232902355308 ], [ 126.914247226565791, 36.138588432520393 ], [ 126.913933001519496, 36.137058309018116 ], [ 126.913359268839358, 36.135541710895261 ], [ 126.91331074215725, 36.135410278273056 ], [ 126.913061278306202, 36.134734589475165 ], [ 126.913022665238927, 36.134484821511791 ], [ 126.91295662667909, 36.131330398884003 ], [ 126.912956829394517, 36.131148878868075 ], [ 126.912990884956074, 36.13096127964748 ], [ 126.914206146611818, 36.128742811066722 ], [ 126.913622166943924, 36.126078925217271 ], [ 126.913442326435003, 36.125386771984495 ], [ 126.913395873857738, 36.125269808593735 ], [ 126.912954213684486, 36.124693520083369 ], [ 126.912867035533779, 36.124604428796623 ], [ 126.913432445974934, 36.120501078809809 ], [ 126.913484916836083, 36.120337716691026 ], [ 126.913731695316471, 36.119497609720199 ], [ 126.913754847227509, 36.119367258000295 ], [ 126.913749288137353, 36.119290548447907 ], [ 126.912657235824383, 36.116970702890946 ], [ 126.912465581346609, 36.116750398595684 ], [ 126.912355216661766, 36.116633163573468 ], [ 126.912058977992928, 36.116361068312521 ], [ 126.911803497652485, 36.116033048382477 ], [ 126.911542258114082, 36.115638015331342 ], [ 126.911391387276808, 36.115361788260891 ], [ 126.911310234694028, 36.115113836708062 ], [ 126.911269777822483, 36.114866040008195 ], [ 126.91120674074547, 36.113901716463502 ], [ 126.911201561543024, 36.113241326129618 ], [ 126.911225043708839, 36.112984411416662 ], [ 126.911260025743246, 36.112853716990884 ], [ 126.912311443208822, 36.111138256300976 ], [ 126.912385486935037, 36.108299284806264 ], [ 126.911321986082285, 36.100736876129538 ], [ 126.910849066297743, 36.099241171211965 ], [ 126.90992433960065, 36.096397554175439 ], [ 126.910516317804436, 36.093186336713863 ], [ 126.910575396215876, 36.092999921190192 ], [ 126.910634470476765, 36.092819230552244 ], [ 126.91069375017554, 36.092760818445093 ], [ 126.91240331900984, 36.092099394331406 ], [ 126.91294171498663, 36.091954434183116 ], [ 126.913671259897455, 36.091969098873221 ], [ 126.916738737627284, 36.08818305819922 ], [ 126.916809792224313, 36.088043444792163 ], [ 126.916839326841981, 36.087964247941962 ], [ 126.917406852936494, 36.086331137749916 ], [ 126.917162930953594, 36.084576016853944 ], [ 126.918198968900995, 36.083381345197211 ], [ 126.919206650180172, 36.082038327089677 ], [ 126.919270269617058, 36.081923673775783 ], [ 126.919288694245495, 36.081838981424042 ], [ 126.919101063053375, 36.081227686363242 ], [ 126.919059007925142, 36.081121697950401 ], [ 126.918169565005471, 36.079789187918038 ], [ 126.918086943918965, 36.079705310604041 ], [ 126.917371145422749, 36.079283882267134 ], [ 126.917221006173278, 36.079258826184017 ], [ 126.916208706159537, 36.07947739278962 ], [ 126.915024630242286, 36.078652225570778 ], [ 126.915201081596749, 36.077849187252561 ], [ 126.915331607716681, 36.076919277620703 ], [ 126.915290834734819, 36.076751644854042 ], [ 126.915214581370108, 36.076550913682532 ], [ 126.91386185051708, 36.075149294597963 ], [ 126.91372685292005, 36.075011422814278 ], [ 126.913549361814873, 36.075044550825027 ], [ 126.913117923909354, 36.075173736237005 ], [ 126.912851714798464, 36.075221234316558 ], [ 126.912320775372748, 36.075182724484627 ], [ 126.911404970594447, 36.075073684676774 ], [ 126.910950505764887, 36.075006441688473 ], [ 126.908232913065731, 36.074045327929582 ], [ 126.908115891716406, 36.073971906981647 ], [ 126.906503405394702, 36.072693967725975 ], [ 126.906408706290705, 36.072602496248066 ], [ 126.906029269305421, 36.072019463621984 ], [ 126.905972811414969, 36.071924753533267 ], [ 126.905370037955009, 36.070758586016325 ], [ 126.905334283466445, 36.070652275960427 ], [ 126.905300125750387, 36.070549832529267 ], [ 126.905280347081629, 36.070375239364687 ], [ 126.905278060685973, 36.070241866161147 ], [ 126.904227456175263, 36.068301459923475 ], [ 126.904131949673953, 36.068173492496243 ], [ 126.904107975491542, 36.068153926468632 ], [ 126.904076261164562, 36.068128048837494 ], [ 126.903425818519409, 36.067761657663866 ], [ 126.902096232570841, 36.067053828478052 ], [ 126.901345472467526, 36.066612445162882 ], [ 126.899154919119141, 36.065275913017771 ], [ 126.899027141942042, 36.065148237745476 ], [ 126.898708463991483, 36.064762610752794 ], [ 126.898368611889921, 36.064301341347416 ], [ 126.898139533806471, 36.063970754320302 ], [ 126.898028841508037, 36.063705962923343 ], [ 126.897999207651765, 36.063578754120947 ], [ 126.897973877046368, 36.063358368081005 ], [ 126.897961365743001, 36.0630280008399 ], [ 126.897967004960464, 36.062996149664386 ], [ 126.897978412878913, 36.062931773588289 ], [ 126.896322190568441, 36.059595263610269 ], [ 126.89618453883962, 36.059502970827026 ], [ 126.894543916409248, 36.058161091647193 ], [ 126.894237481785595, 36.057887298255025 ], [ 126.89415360051801, 36.057761018780305 ], [ 126.894126991126996, 36.05767893878717 ], [ 126.894102548743618, 36.057557804706683 ], [ 126.894114270454253, 36.057431936241152 ], [ 126.894147569999475, 36.057288702592992 ], [ 126.894179552977221, 36.057192641445972 ], [ 126.894238356444006, 36.057078945870437 ], [ 126.894415500598257, 36.056799915937638 ], [ 126.894872615602509, 36.056188134047012 ], [ 126.894912177549614, 36.05612554297069 ], [ 126.894924390713655, 36.056017948095594 ], [ 126.894904287127773, 36.055898781630404 ], [ 126.894850257087555, 36.0557913825009 ], [ 126.8942090158247, 36.054555197506367 ], [ 126.893537772329651, 36.053631806764997 ], [ 126.890655828083965, 36.050748039660739 ], [ 126.888470656233309, 36.048816305592339 ], [ 126.888343712462429, 36.048713392799165 ], [ 126.888226823131475, 36.048656231819059 ], [ 126.888029647968338, 36.048609501428857 ], [ 126.887878336962032, 36.048575327567058 ], [ 126.887651168567885, 36.048561489603529 ], [ 126.887499748227526, 36.048568118012206 ], [ 126.887373914253132, 36.048581528768025 ], [ 126.887246679092897, 36.048601968090978 ], [ 126.887128234815989, 36.048642838543074 ], [ 126.887017644126246, 36.048683976227998 ], [ 126.886922025402114, 36.048747031833678 ], [ 126.886049885617538, 36.048191272528221 ], [ 126.882002345379249, 36.044057316265558 ], [ 126.880816762460398, 36.042691456372417 ], [ 126.88076976794035, 36.042600859963187 ], [ 126.88050460019555, 36.041896706017546 ], [ 126.880483031258876, 36.04170619704206 ], [ 126.880458759192834, 36.041489489739753 ], [ 126.880434076167518, 36.041406874685777 ], [ 126.880352404433751, 36.041224336922703 ], [ 126.880219320555128, 36.041070511676281 ], [ 126.879162820362438, 36.040266706624507 ], [ 126.878980461126574, 36.040160034002646 ], [ 126.878669712436619, 36.04002119763642 ], [ 126.87821731290525, 36.039855044933397 ], [ 126.87774647141751, 36.039713863929599 ], [ 126.877696184051572, 36.039701858164804 ], [ 126.877507614579031, 36.039656876296235 ], [ 126.877112046315588, 36.039615187068691 ], [ 126.872922812545255, 36.039632025554042 ], [ 126.873456931708475, 36.039938781766786 ], [ 126.873568057487262, 36.040102988643234 ], [ 126.873577372438291, 36.040175693164954 ], [ 126.873693505418089, 36.042534446565661 ], [ 126.872922781450654, 36.043575021708754 ], [ 126.872025525940529, 36.044399940355234 ], [ 126.871922272382051, 36.044473111937272 ], [ 126.871814375910773, 36.044508286739465 ], [ 126.87156935948282, 36.044514355945367 ], [ 126.871059553281924, 36.044533677428333 ], [ 126.870674747385891, 36.044591398095172 ], [ 126.870619773919131, 36.044602458501437 ], [ 126.870404229734817, 36.044645826553406 ], [ 126.870203319295541, 36.04471134875245 ], [ 126.869807320998774, 36.044930599962356 ], [ 126.869250403362841, 36.045321286313083 ], [ 126.869132487014213, 36.045421800494836 ], [ 126.868901249532399, 36.045618925448267 ], [ 126.868721681957339, 36.045795216248436 ], [ 126.868624896950564, 36.045983913798601 ], [ 126.867167789939401, 36.049702907863292 ], [ 126.864703552459815, 36.056841206691175 ], [ 126.863582316459855, 36.060569587961034 ], [ 126.864442655822614, 36.061160683821242 ], [ 126.866163368733908, 36.062342865319799 ], [ 126.86742526217671, 36.064267596025516 ], [ 126.868056231750089, 36.065229957748301 ], [ 126.870119440561638, 36.06925418613725 ], [ 126.871953276310677, 36.075404210722539 ], [ 126.87292200582273, 36.077882491831772 ], [ 126.873147888202055, 36.078282991466907 ], [ 126.873407681752767, 36.079549218935178 ], [ 126.874046984340723, 36.082665097550219 ], [ 126.874716911270227, 36.088734495699114 ], [ 126.874864121242709, 36.090972757000024 ], [ 126.874899061122051, 36.091504001993655 ], [ 126.874539834281279, 36.097605949253335 ], [ 126.874515408547396, 36.098020786004099 ], [ 126.874501686514677, 36.098253772028599 ], [ 126.873871726116221, 36.100405803974176 ], [ 126.873754821332142, 36.100705059073121 ], [ 126.872870325947972, 36.102969120999063 ], [ 126.872760725856025, 36.103249643575687 ], [ 126.872372820647627, 36.104060550825444 ], [ 126.872234739103703, 36.106811900859341 ], [ 126.872193675126411, 36.107630156649414 ], [ 126.872196502655584, 36.107910371368384 ], [ 126.872200740841095, 36.108329689066849 ], [ 126.872205154760948, 36.108766017415078 ], [ 126.872370774713488, 36.109647371533462 ], [ 126.872601641317601, 36.110875875017349 ], [ 126.872999601377373, 36.112085299999023 ], [ 126.873278199448137, 36.112931948475214 ], [ 126.876162404958947, 36.118473596562211 ], [ 126.876643839071164, 36.119322795581773 ], [ 126.878156822905481, 36.121991373048864 ], [ 126.881587506402226, 36.128063957965445 ], [ 126.882331948016429, 36.129632792540555 ], [ 126.883234915410952, 36.131124964061172 ], [ 126.883775939319946, 36.132018976253015 ], [ 126.884019937998488, 36.132422149675371 ], [ 126.884061199753489, 36.132490326748616 ], [ 126.884136560247271, 36.13258334577651 ], [ 126.886330322788609, 36.135290717387853 ], [ 126.886736756103588, 36.135792278504695 ], [ 126.888800777906837, 36.137903655639292 ], [ 126.889351036632462, 36.138424337053834 ], [ 126.890345694889831, 36.139365465515318 ], [ 126.892318937597423, 36.140728175458783 ], [ 126.896761044962972, 36.141871048006578 ], [ 126.898555118856748, 36.14210673614788 ], [ 126.900559850873435, 36.142370073205043 ], [ 126.902090978239912, 36.142785452842212 ], [ 126.904919533067073, 36.143552773323513 ], [ 126.908091311364572, 36.143541889855562 ], [ 126.91174306473998, 36.142754144327021 ], [ 126.914519377379065, 36.141379088941605 ] ] ] ] } },
{ "type": "Feature", "properties": { "OBJECTID": 2286, "adm_nm": "전북특별자치도 익산시 성당면", "adm_cd": "3503035", "adm_cd2": "4514035000", "sgg": "45140", "sido": "45", "sidonm": "전북특별자치도", "sggnm": "익산시" }, "geometry": { "type": "MultiPolygon", "coordinates": [ [ [ [ 126.918982353319109, 36.139168424087593 ], [ 126.919976523801509, 36.1348382423648 ], [ 126.921613542541422, 36.131700357178588 ], [ 126.923551222455387, 36.130321721144128 ], [ 126.925222770777097, 36.129455915024003 ], [ 126.926636600610777, 36.128723565032253 ], [ 126.933203071730446, 36.125321784059516 ], [ 126.93456808629935, 36.124573477047804 ], [ 126.936705313774098, 36.123401744025273 ], [ 126.938529052102709, 36.120993962002281 ], [ 126.938863112412562, 36.11963905995858 ], [ 126.939502261365377, 36.117046584791396 ], [ 126.939658756767372, 36.11550094053581 ], [ 126.939852142902723, 36.113590870254569 ], [ 126.940232748502979, 36.109831368804443 ], [ 126.941552300143698, 36.108145898147498 ], [ 126.941925021205591, 36.107669797296808 ], [ 126.942023905836166, 36.10746410779776 ], [ 126.942516074467108, 36.106440250039824 ], [ 126.942223496585584, 36.105117409974078 ], [ 126.94081280950472, 36.100267893109731 ], [ 126.940567029957947, 36.099815276711404 ], [ 126.93885288875795, 36.098533102287547 ], [ 126.938697663596457, 36.098416983790003 ], [ 126.937283725451792, 36.096051757974301 ], [ 126.937523093345732, 36.095267394633595 ], [ 126.937325618537784, 36.093940003189445 ], [ 126.937109062394484, 36.093451047323249 ], [ 126.940093982772012, 36.091551874360853 ], [ 126.946723446980911, 36.088675284034913 ], [ 126.94930446326714, 36.087777968013093 ], [ 126.951104478218767, 36.087420249764996 ], [ 126.950467367245551, 36.085677844434422 ], [ 126.949737507688752, 36.084428649125257 ], [ 126.949131330270319, 36.083324399546278 ], [ 126.948720897771878, 36.082315073784024 ], [ 126.948615261274156, 36.082044499344669 ], [ 126.948491668678471, 36.081675730709719 ], [ 126.948441136518397, 36.081521336136611 ], [ 126.948324987158657, 36.081152855801975 ], [ 126.948143110337696, 36.080499550041033 ], [ 126.948105192927954, 36.080255087102302 ], [ 126.948080895212158, 36.078596099018789 ], [ 126.948103575483231, 36.078219716080525 ], [ 126.948105389309546, 36.078191717170178 ], [ 126.948119889622902, 36.077968397503504 ], [ 126.948195205795656, 36.077157722749327 ], [ 126.948236436585233, 36.076806918790368 ], [ 126.948468392573105, 36.075424239604331 ], [ 126.94940116289915, 36.071919462862027 ], [ 126.950651975725009, 36.067043752646839 ], [ 126.950673097723595, 36.066767610642025 ], [ 126.950493648783947, 36.065190830982075 ], [ 126.950343782063257, 36.063874001330362 ], [ 126.950319401187826, 36.06402045898195 ], [ 126.950243472519887, 36.064106219909647 ], [ 126.950179104193325, 36.064142203934544 ], [ 126.950046128034799, 36.064216527169116 ], [ 126.949878838071498, 36.064292495023885 ], [ 126.949803264632507, 36.064326812704842 ], [ 126.949530034807196, 36.064449377449186 ], [ 126.949180958453525, 36.064559695018339 ], [ 126.948838435582545, 36.064651922810505 ], [ 126.948771181662181, 36.064670023651381 ], [ 126.948224869981516, 36.064670098554735 ], [ 126.948153868069056, 36.064656101169234 ], [ 126.94791594669779, 36.064609181419051 ], [ 126.947598196394864, 36.064534388192634 ], [ 126.947039788012916, 36.064365881971639 ], [ 126.946856013951617, 36.064256885140345 ], [ 126.946792603966571, 36.064215699926415 ], [ 126.946719846896443, 36.064168433710243 ], [ 126.946570591607568, 36.063996111589418 ], [ 126.946499639255421, 36.063840260154201 ], [ 126.946412440287475, 36.063392501160429 ], [ 126.946362535625795, 36.063064662908694 ], [ 126.946279635703277, 36.062744757507367 ], [ 126.946124857918321, 36.062362470151328 ], [ 126.945952690964049, 36.06208150201104 ], [ 126.945604709570972, 36.061590184464016 ], [ 126.945386066489206, 36.061363033553661 ], [ 126.945053258130656, 36.061092966362907 ], [ 126.944112951522669, 36.060524543709299 ], [ 126.943645223623378, 36.060244076538162 ], [ 126.943175434901519, 36.059982675237642 ], [ 126.942844031524785, 36.059802176926802 ], [ 126.942364845379601, 36.059542692398885 ], [ 126.941829130914627, 36.059298938456308 ], [ 126.94123781004069, 36.059130108661023 ], [ 126.939363061256969, 36.058679651861148 ], [ 126.938113385556164, 36.058441591073233 ], [ 126.937181926557273, 36.058294481928357 ], [ 126.936047290048478, 36.058156622908328 ], [ 126.933542075149163, 36.058077719802895 ], [ 126.933305637337625, 36.058079678493797 ], [ 126.933046680689827, 36.058118027656178 ], [ 126.932727696978858, 36.058174293153684 ], [ 126.932289537252004, 36.058288792188272 ], [ 126.931916000760921, 36.05845636487529 ], [ 126.931410988739415, 36.058690055317015 ], [ 126.930611211356037, 36.05914623931826 ], [ 126.930285194706514, 36.059332617566575 ], [ 126.929881781054007, 36.059563681086004 ], [ 126.929654946598433, 36.059733050486415 ], [ 126.929544865257512, 36.059815249486689 ], [ 126.929467994735873, 36.059884814954316 ], [ 126.929320760333681, 36.060018057896343 ], [ 126.929122006244356, 36.060341208456855 ], [ 126.92904841085965, 36.060651860427313 ], [ 126.929018209505358, 36.061019526145976 ], [ 126.929025931873539, 36.061071206739037 ], [ 126.929107116203014, 36.061613921905469 ], [ 126.93018479014286, 36.064692723505189 ], [ 126.930443863494276, 36.064729948185381 ], [ 126.930789681178567, 36.065035916084234 ], [ 126.930881859060349, 36.065167004003655 ], [ 126.930889429452179, 36.065291808332105 ], [ 126.93087331966629, 36.065365595737504 ], [ 126.930246379834102, 36.068133030152659 ], [ 126.929762576624299, 36.068789638535215 ], [ 126.926711533353156, 36.071428233557057 ], [ 126.926317437664991, 36.071698600348391 ], [ 126.925889704972846, 36.071903978249075 ], [ 126.921109557796498, 36.073418359595316 ], [ 126.921065951825341, 36.073431722100459 ], [ 126.92025311963441, 36.073268322754643 ], [ 126.918616930165555, 36.074354690191349 ], [ 126.91841322032603, 36.074914770690796 ], [ 126.917734696883343, 36.077501586224976 ], [ 126.917567719743289, 36.078273502755884 ], [ 126.917397922595185, 36.079129740616814 ], [ 126.91737778490922, 36.079241109895371 ], [ 126.917371145422749, 36.079283882267134 ], [ 126.918086943918965, 36.079705310604041 ], [ 126.918169565005471, 36.079789187918038 ], [ 126.919059007925142, 36.081121697950401 ], [ 126.919101063053375, 36.081227686363242 ], [ 126.919288694245495, 36.081838981424042 ], [ 126.919270269617058, 36.081923673775783 ], [ 126.919206650180172, 36.082038327089677 ], [ 126.918198968900995, 36.083381345197211 ], [ 126.917162930953594, 36.084576016853944 ], [ 126.917406852936494, 36.086331137749916 ], [ 126.916839326841981, 36.087964247941962 ], [ 126.916809792224313, 36.088043444792163 ], [ 126.916738737627284, 36.08818305819922 ], [ 126.913671259897455, 36.091969098873221 ], [ 126.91294171498663, 36.091954434183116 ], [ 126.91240331900984, 36.092099394331406 ], [ 126.91069375017554, 36.092760818445093 ], [ 126.910634470476765, 36.092819230552244 ], [ 126.910575396215876, 36.092999921190192 ], [ 126.910516317804436, 36.093186336713863 ], [ 126.90992433960065, 36.096397554175439 ], [ 126.910849066297743, 36.099241171211965 ], [ 126.911321986082285, 36.100736876129538 ], [ 126.912385486935037, 36.108299284806264 ], [ 126.912311443208822, 36.111138256300976 ], [ 126.911260025743246, 36.112853716990884 ], [ 126.911225043708839, 36.112984411416662 ], [ 126.911201561543024, 36.113241326129618 ], [ 126.91120674074547, 36.113901716463502 ], [ 126.911269777822483, 36.114866040008195 ], [ 126.911310234694028, 36.115113836708062 ], [ 126.911391387276808, 36.115361788260891 ], [ 126.911542258114082, 36.115638015331342 ], [ 126.911803497652485, 36.116033048382477 ], [ 126.912058977992928, 36.116361068312521 ], [ 126.912355216661766, 36.116633163573468 ], [ 126.912465581346609, 36.116750398595684 ], [ 126.912657235824383, 36.116970702890946 ], [ 126.913749288137353, 36.119290548447907 ], [ 126.913754847227509, 36.119367258000295 ], [ 126.913731695316471, 36.119497609720199 ], [ 126.913484916836083, 36.120337716691026 ], [ 126.913432445974934, 36.120501078809809 ], [ 126.912867035533779, 36.124604428796623 ], [ 126.912954213684486, 36.124693520083369 ], [ 126.913395873857738, 36.125269808593735 ], [ 126.913442326435003, 36.125386771984495 ], [ 126.913622166943924, 36.126078925217271 ], [ 126.914206146611818, 36.128742811066722 ], [ 126.912990884956074, 36.13096127964748 ], [ 126.912956829394517, 36.131148878868075 ], [ 126.91295662667909, 36.131330398884003 ], [ 126.913022665238927, 36.134484821511791 ], [ 126.913061278306202, 36.134734589475165 ], [ 126.91331074215725, 36.135410278273056 ], [ 126.913359268839358, 36.135541710895261 ], [ 126.913933001519496, 36.137058309018116 ], [ 126.914247226565791, 36.138588432520393 ], [ 126.914454134123275, 36.140232902355308 ], [ 126.914519377379065, 36.141379088941605 ], [ 126.918982353319109, 36.139168424087593 ] ] ] ] } },
{ "type": "Feature", "properties": { "OBJECTID": 2287, "adm_nm": "전북특별자치도 익산시 용안면", "adm_cd": "3503036", "adm_cd2": "4514036000", "sgg": "45140", "sido": "45", "sidonm": "전북특별자치도", "sggnm": "익산시" }, "geometry": { "type": "MultiPolygon", "coordinates": [ [ [ [ 126.974691588977137, 36.148543274821854 ], [ 126.972713777136917, 36.14739519636349 ], [ 126.969150018873378, 36.144516529025701 ], [ 126.96856467868308, 36.143774955258607 ], [ 126.966838279592622, 36.141587587351864 ], [ 126.966227890376899, 36.139836407826401 ], [ 126.966232357367687, 36.13827311569063 ], [ 126.966468756587361, 36.136308921318587 ], [ 126.966481264733261, 36.136204993593957 ], [ 126.966827370331771, 36.134743211295252 ], [ 126.967676109750769, 36.13331330674923 ], [ 126.968528540104387, 36.13240903570891 ], [ 126.969380957518155, 36.131504757430356 ], [ 126.970717882647619, 36.130597903190797 ], [ 126.972871027544201, 36.129670708220139 ], [ 126.974115382169629, 36.129262410757384 ], [ 126.975359730720214, 36.128854098459271 ], [ 126.975857048974476, 36.128333835841758 ], [ 126.976278397403007, 36.12769180375593 ], [ 126.976447230427965, 36.127434525114147 ], [ 126.976301792668394, 36.126417709859268 ], [ 126.976010927917685, 36.124384078395778 ], [ 126.976019677226631, 36.124338387533989 ], [ 126.976560134876436, 36.121518102159392 ], [ 126.976743202123785, 36.120562774640852 ], [ 126.977658451885191, 36.115786137158373 ], [ 126.977825268839638, 36.11491543099519 ], [ 126.977841476143539, 36.114830803156316 ], [ 126.97670266629018, 36.11411155810142 ], [ 126.975563872839629, 36.113392298680708 ], [ 126.976840191826568, 36.11265456492039 ], [ 126.978116487022504, 36.111916817275642 ], [ 126.981663252735657, 36.105648356414015 ], [ 126.982676506772108, 36.103857347280631 ], [ 126.984939340337448, 36.099175634185748 ], [ 126.985335862519676, 36.098257375861316 ], [ 126.985483330742596, 36.097915862148668 ], [ 126.985732370915628, 36.097339115990316 ], [ 126.986128869992967, 36.096420850985837 ], [ 126.986416414935277, 36.09422114497233 ], [ 126.986462654923756, 36.09386738712891 ], [ 126.986560176673606, 36.093121291336836 ], [ 126.986767135481969, 36.092533262048718 ], [ 126.987312942211275, 36.091531111294387 ], [ 126.988404511544275, 36.08952679426821 ], [ 126.988410972614062, 36.089430685656431 ], [ 126.988542685368486, 36.087471101273287 ], [ 126.988445950064559, 36.087143138925811 ], [ 126.983511816306901, 36.086248828986896 ], [ 126.982629685318344, 36.089290050827906 ], [ 126.978658550775563, 36.088579133232905 ], [ 126.978862069889445, 36.088401783556314 ], [ 126.979019785352847, 36.088245039029012 ], [ 126.97904525024164, 36.088150166667837 ], [ 126.979007854305593, 36.088036372063073 ], [ 126.978896025404879, 36.087772308344775 ], [ 126.978743520292042, 36.087516503581234 ], [ 126.978596059877916, 36.087355588240207 ], [ 126.977638644758287, 36.086610658485156 ], [ 126.973766019551988, 36.083943921909011 ], [ 126.973623657905634, 36.083878061812349 ], [ 126.972912075000707, 36.083696575798633 ], [ 126.97234726477447, 36.08357926911571 ], [ 126.97213051473075, 36.083573600297797 ], [ 126.971908360400462, 36.083587313568188 ], [ 126.970514569770401, 36.083881970737629 ], [ 126.967380690197118, 36.085350495141974 ], [ 126.967367355063061, 36.085375330914275 ], [ 126.967233002067175, 36.085625727051401 ], [ 126.967114249998573, 36.085953070122692 ], [ 126.967026960128152, 36.086221260371097 ], [ 126.966751671703477, 36.08706705289427 ], [ 126.966386542182391, 36.088018574642106 ], [ 126.966311296702528, 36.088210075430979 ], [ 126.966270733774707, 36.088271547677415 ], [ 126.965694638632286, 36.088760081348177 ], [ 126.965644850399656, 36.088800487654517 ], [ 126.962657606784248, 36.090999090123809 ], [ 126.962600353841921, 36.091026024689683 ], [ 126.95919763724639, 36.091925308179356 ], [ 126.95811260852426, 36.092047298667367 ], [ 126.957641042614753, 36.092038982348882 ], [ 126.957966290121377, 36.093921826132899 ], [ 126.957902222418213, 36.093953681715298 ], [ 126.957752395223721, 36.093985407068715 ], [ 126.95763564420136, 36.094001957997598 ], [ 126.951584250118287, 36.093913203080042 ], [ 126.951581784255552, 36.089945198914613 ], [ 126.951104478218767, 36.087420249764996 ], [ 126.94930446326714, 36.087777968013093 ], [ 126.946723446980911, 36.088675284034913 ], [ 126.940093982772012, 36.091551874360853 ], [ 126.937109062394484, 36.093451047323249 ], [ 126.937325618537784, 36.093940003189445 ], [ 126.937523093345732, 36.095267394633595 ], [ 126.937283725451792, 36.096051757974301 ], [ 126.938697663596457, 36.098416983790003 ], [ 126.93885288875795, 36.098533102287547 ], [ 126.940567029957947, 36.099815276711404 ], [ 126.94081280950472, 36.100267893109731 ], [ 126.942223496585584, 36.105117409974078 ], [ 126.942516074467108, 36.106440250039824 ], [ 126.942023905836166, 36.10746410779776 ], [ 126.941925021205591, 36.107669797296808 ], [ 126.941552300143698, 36.108145898147498 ], [ 126.940232748502979, 36.109831368804443 ], [ 126.939852142902723, 36.113590870254569 ], [ 126.939658756767372, 36.11550094053581 ], [ 126.939502261365377, 36.117046584791396 ], [ 126.938863112412562, 36.11963905995858 ], [ 126.938529052102709, 36.120993962002281 ], [ 126.936705313774098, 36.123401744025273 ], [ 126.93456808629935, 36.124573477047804 ], [ 126.933203071730446, 36.125321784059516 ], [ 126.926636600610777, 36.128723565032253 ], [ 126.925222770777097, 36.129455915024003 ], [ 126.923551222455387, 36.130321721144128 ], [ 126.921613542541422, 36.131700357178588 ], [ 126.919976523801509, 36.1348382423648 ], [ 126.918982353319109, 36.139168424087593 ], [ 126.92059171629306, 36.139228189079624 ], [ 126.923392707613232, 36.139332170030286 ], [ 126.927436675418278, 36.142671069771374 ], [ 126.931942872502191, 36.146773852077821 ], [ 126.933368940943694, 36.147780234497731 ], [ 126.934226853425926, 36.148385633790575 ], [ 126.93496429618466, 36.148906007803802 ], [ 126.937457864436894, 36.150220452166714 ], [ 126.939158659026987, 36.151320067964697 ], [ 126.941993968136956, 36.152664005025322 ], [ 126.943378637382537, 36.153320295060119 ], [ 126.944521789279719, 36.153580926251202 ], [ 126.951386500957483, 36.155145752640692 ], [ 126.956976088522438, 36.156419564095806 ], [ 126.957508998439934, 36.156315735365254 ], [ 126.958965464457592, 36.156031944433487 ], [ 126.960942219852996, 36.155646743842006 ], [ 126.963978447967307, 36.155055016957874 ], [ 126.96414148534781, 36.155023238221951 ], [ 126.966232360612054, 36.153086795175099 ], [ 126.968786987606549, 36.150720676952886 ], [ 126.969712115088925, 36.150379549075474 ], [ 126.974691588977137, 36.148543274821854 ] ] ] ] } },
{ "type": "Feature", "properties": { "OBJECTID": 2288, "adm_nm": "전북특별자치도 익산시 낭산면", "adm_cd": "3503037", "adm_cd2": "4514037000", "sgg": "45140", "sido": "45", "sidonm": "전북특별자치도", "sggnm": "익산시" }, "geometry": { "type": "MultiPolygon", "coordinates": [ [ [ [ 127.049074247920004, 36.0761171371663 ], [ 127.049963716255789, 36.07644591795399 ], [ 127.054852477616862, 36.075529670262668 ], [ 127.054942857479688, 36.07549631315613 ], [ 127.055177490631038, 36.075337460315616 ], [ 127.055279363273939, 36.075229594395672 ], [ 127.056921905555086, 36.072954336153096 ], [ 127.057437337907473, 36.071084426859521 ], [ 127.057368919396723, 36.069331099401047 ], [ 127.057091470526586, 36.068744616522643 ], [ 127.057005031985867, 36.068549345768325 ], [ 127.05665321850239, 36.067557755060115 ], [ 127.056853877328308, 36.06699044021272 ], [ 127.058311275775694, 36.065481111889405 ], [ 127.058516981561709, 36.065300837678834 ], [ 127.061121539484276, 36.063631849594081 ], [ 127.064081803483518, 36.062272362628207 ], [ 127.064386851203551, 36.062169544959239 ], [ 127.065491625492811, 36.06177622051996 ], [ 127.065707301598167, 36.061685950012837 ], [ 127.065876678970966, 36.061525619391745 ], [ 127.065984416193061, 36.061355301287456 ], [ 127.066036647107651, 36.06119830220441 ], [ 127.06603652374956, 36.061048077358713 ], [ 127.065828512482625, 36.059363743893144 ], [ 127.065757448809165, 36.05912841459439 ], [ 127.065601084150728, 36.058815833744582 ], [ 127.065360370144916, 36.058415351412265 ], [ 127.065237662342128, 36.058241552917529 ], [ 127.065058770290094, 36.058066405458064 ], [ 127.064998381114293, 36.058027647504304 ], [ 127.064926192933939, 36.05798132934467 ], [ 127.064827530030271, 36.05793881526381 ], [ 127.064550128798587, 36.057918936130406 ], [ 127.064238829572602, 36.057901576566827 ], [ 127.063790608102707, 36.057889397989065 ], [ 127.063408434702595, 36.057889595333151 ], [ 127.063357331416924, 36.057896208906321 ], [ 127.063214301663933, 36.057914730978673 ], [ 127.062992679250442, 36.05796205670655 ], [ 127.062909928860705, 36.057979728870606 ], [ 127.062543182871835, 36.057997443260234 ], [ 127.062399599023379, 36.057978402617003 ], [ 127.062355169155211, 36.057972509997882 ], [ 127.062236157468575, 36.057932979453597 ], [ 127.062072753057038, 36.057870465899491 ], [ 127.061863109153322, 36.057770441596631 ], [ 127.061764425552354, 36.057695359942556 ], [ 127.061705795419869, 36.057595225560696 ], [ 127.061650227087, 36.057477590101755 ], [ 127.06086810955297, 36.053944183209069 ], [ 127.060879876609775, 36.053741064702074 ], [ 127.060951107391887, 36.05337351416253 ], [ 127.061137007099134, 36.052836623404829 ], [ 127.061193948443005, 36.052756596778067 ], [ 127.061287162211627, 36.052684948698733 ], [ 127.061385561677497, 36.052625940712538 ], [ 127.061535253175862, 36.052551290335266 ], [ 127.061726923670804, 36.052483812027603 ], [ 127.061840883833383, 36.052450074989942 ], [ 127.061934103297133, 36.052386845360331 ], [ 127.061985850925396, 36.052285758333831 ], [ 127.062161458982615, 36.051853099411915 ], [ 127.063045227476465, 36.049611903213346 ], [ 127.063147974361314, 36.048481021515904 ], [ 127.063214734751327, 36.047585250243422 ], [ 127.063085215594043, 36.046779065859198 ], [ 127.062644650780754, 36.045555002758135 ], [ 127.062582350588968, 36.045403456198258 ], [ 127.062499339494408, 36.045251900747736 ], [ 127.06184631632874, 36.044273585142932 ], [ 127.061147279412708, 36.042894426422563 ], [ 127.061092184435765, 36.042738076548396 ], [ 127.061075194088374, 36.042689846551006 ], [ 127.061018028000987, 36.042470881551921 ], [ 127.06098164610421, 36.042306671636034 ], [ 127.060825865270758, 36.041348282492393 ], [ 127.060126421938264, 36.040617007492258 ], [ 127.059713058599201, 36.040243880654451 ], [ 127.059215503471691, 36.039961989354033 ], [ 127.057874090914453, 36.039357135589682 ], [ 127.057116116855184, 36.039155465946784 ], [ 127.055090276645345, 36.038832144405148 ], [ 127.054575390810967, 36.038819745625304 ], [ 127.054362985546803, 36.038845111229783 ], [ 127.054181669808258, 36.038862032454048 ], [ 127.054031472187788, 36.03891683633659 ], [ 127.052271728650069, 36.039640711344447 ], [ 127.052190501009548, 36.039684938842022 ], [ 127.051817661641621, 36.039958805346387 ], [ 127.051677861144057, 36.040076789967884 ], [ 127.051450113692155, 36.040396896991432 ], [ 127.051300010809797, 36.040607517801256 ], [ 127.051239131047652, 36.040670095806938 ], [ 127.049742510663961, 36.041689754117485 ], [ 127.049607836709782, 36.041727702476827 ], [ 127.049524949731676, 36.04173616165945 ], [ 127.049369520322955, 36.04173622493532 ], [ 127.049198561823701, 36.041727866573581 ], [ 127.048094986585824, 36.041635674865169 ], [ 127.043539465395668, 36.039334056171434 ], [ 127.041537181176182, 36.037597136719604 ], [ 127.041223305892856, 36.037320166385577 ], [ 127.041053674161589, 36.037154775160523 ], [ 127.040776813754889, 36.036858813793273 ], [ 127.039257461108804, 36.034204197349545 ], [ 127.039232109466496, 36.034148777171396 ], [ 127.038762897371626, 36.031793260658688 ], [ 127.0373852450562, 36.032536455752663 ], [ 127.035540013733751, 36.033711407183681 ], [ 127.035446645928161, 36.033772879472323 ], [ 127.034988694757914, 36.034116305922034 ], [ 127.03467302392086, 36.034419920875997 ], [ 127.033094543343097, 36.035544197546876 ], [ 127.030484077915389, 36.036451883677259 ], [ 127.026210138404622, 36.037679660096948 ], [ 127.025943280840949, 36.037744756922542 ], [ 127.025854337459052, 36.037759236222804 ], [ 127.024791292459412, 36.037732344170699 ], [ 127.024702325369176, 36.037728753975038 ], [ 127.02459557404336, 36.037699870626739 ], [ 127.024497723066773, 36.037652915164571 ], [ 127.024124024967037, 36.037432547262462 ], [ 127.023995023344497, 36.037360308290644 ], [ 127.023663623511936, 36.037234788898616 ], [ 127.022909532885492, 36.037010007804945 ], [ 127.021576928191124, 36.036732598003304 ], [ 127.020386134984633, 36.037159946095407 ], [ 127.01893837130936, 36.037351370459191 ], [ 127.016996135519108, 36.037074392555823 ], [ 127.016030856713286, 36.036653863645526 ], [ 127.01513616216485, 36.035965635195744 ], [ 127.014935950533612, 36.035306001993582 ], [ 127.01435940663643, 36.035288713845269 ], [ 127.012686998282931, 36.036975752040235 ], [ 127.012544324704635, 36.03718680419243 ], [ 127.012464769261712, 36.037435796100063 ], [ 127.012474828729964, 36.037734186496529 ], [ 127.012506699829331, 36.037957287279312 ], [ 127.012683757226569, 36.038489892354704 ], [ 127.012771244472887, 36.03901126647218 ], [ 127.012820892974872, 36.039598693252245 ], [ 127.012828958314401, 36.040079599035714 ], [ 127.012793156163752, 36.040271994614614 ], [ 127.012717669269307, 36.040449232953762 ], [ 127.01263010694376, 36.040619000364615 ], [ 127.012320217622047, 36.041033550884457 ], [ 127.012254555468047, 36.041062662620114 ], [ 127.009523939685877, 36.041289533962988 ], [ 127.007329132552684, 36.042457874486935 ], [ 127.007167927875514, 36.042533883951243 ], [ 127.006060422569874, 36.042749728933302 ], [ 127.004453914311853, 36.042557437194965 ], [ 127.003794378276112, 36.042449250181555 ], [ 127.003437151191932, 36.042373473158676 ], [ 127.003313748540648, 36.042324979167077 ], [ 127.003110744671247, 36.042184317798963 ], [ 127.002844654722765, 36.04199882052783 ], [ 127.002699370794076, 36.041947097683675 ], [ 127.001984033212622, 36.041711351194515 ], [ 127.001191379377474, 36.041454742685602 ], [ 127.000949553155053, 36.041377453924106 ], [ 127.000537591050232, 36.041361277247418 ], [ 126.999536464597014, 36.0413515823899 ], [ 126.998840735531743, 36.041361564465006 ], [ 126.998228916276588, 36.041408038825786 ], [ 126.997911705039655, 36.041455043578289 ], [ 126.997695397906156, 36.041490824578219 ], [ 126.997549698639517, 36.041700332126432 ], [ 126.997437527509248, 36.041809012378621 ], [ 126.99705580870976, 36.042018220407627 ], [ 126.996584354757488, 36.042190138098391 ], [ 126.9962359970432, 36.042253393785032 ], [ 126.995471175329314, 36.042279844309512 ], [ 126.993471101148174, 36.04196238688197 ], [ 126.991383159798147, 36.041769473003946 ], [ 126.989964672683143, 36.042467781871167 ], [ 126.987672128054342, 36.041683830915368 ], [ 126.986598778460632, 36.041254807976131 ], [ 126.985477690644672, 36.040452469179328 ], [ 126.985072323940173, 36.039884913648365 ], [ 126.982062397137597, 36.038282483608818 ], [ 126.98065475659898, 36.038179972164109 ], [ 126.980149720134875, 36.038327192092332 ], [ 126.979300265291741, 36.038574830772134 ], [ 126.97504232443589, 36.039354157290532 ], [ 126.973893769178261, 36.03944552610205 ], [ 126.972704054428974, 36.039437607908802 ], [ 126.972819129223709, 36.040137931176943 ], [ 126.973598050655696, 36.04072206602018 ], [ 126.974935490362085, 36.041952307173304 ], [ 126.975996868053741, 36.042952685600682 ], [ 126.976848011219744, 36.043806187579754 ], [ 126.97767840933183, 36.045056198195034 ], [ 126.977800922732413, 36.045277428645569 ], [ 126.977773596456629, 36.045565002511168 ], [ 126.977639276176433, 36.046082362807923 ], [ 126.977593840707613, 36.046239745874992 ], [ 126.976760539786824, 36.046607380993002 ], [ 126.976631021628535, 36.046838912822714 ], [ 126.976643279292972, 36.047038988106962 ], [ 126.977858065388943, 36.048912558493633 ], [ 126.978049064319478, 36.04916268930068 ], [ 126.979221191022248, 36.050450319840607 ], [ 126.980037183966985, 36.051239032684357 ], [ 126.980538878019146, 36.051453114662479 ], [ 126.980824520291407, 36.051500700163665 ], [ 126.981326251021983, 36.051595883783932 ], [ 126.982912616753012, 36.052798851740057 ], [ 126.983029191446676, 36.054370231666397 ], [ 126.982918717913634, 36.056194496451653 ], [ 126.982774081500764, 36.056593996693486 ], [ 126.982579345091366, 36.057177466744726 ], [ 126.982527828152968, 36.057510385127941 ], [ 126.982568094367934, 36.05774290185569 ], [ 126.982792654073222, 36.05892754142792 ], [ 126.98395333455278, 36.062800527355016 ], [ 126.985242211902573, 36.069377178031061 ], [ 126.985271841686867, 36.069553498723188 ], [ 126.985172152470071, 36.070014071723591 ], [ 126.984962870768129, 36.070555437881559 ], [ 126.984284359388994, 36.071931769316933 ], [ 126.984174750363209, 36.072121650214427 ], [ 126.984000399769954, 36.072311526383871 ], [ 126.983755181248853, 36.07250804819769 ], [ 126.983580855227032, 36.072580742004071 ], [ 126.983466281948267, 36.07269789084576 ], [ 126.983234091764572, 36.072938763756085 ], [ 126.983124910891576, 36.073063964910304 ], [ 126.982955465988994, 36.073300074347578 ], [ 126.982863709141597, 36.073492055022193 ], [ 126.981766116006028, 36.075986026751842 ], [ 126.981638280047008, 36.079358455943932 ], [ 126.984762443220461, 36.080939157355871 ], [ 126.98548143590213, 36.081087078186599 ], [ 126.98777240796521, 36.081513372411322 ], [ 126.989019167501809, 36.081756587628703 ], [ 126.98903767227138, 36.085071268918185 ], [ 126.989005865427018, 36.085275555397899 ], [ 126.988921487555004, 36.085683058851188 ], [ 126.988832724569562, 36.086060905286075 ], [ 126.988445950064559, 36.087143138925811 ], [ 126.991185732012113, 36.085122562012344 ], [ 126.991419851744169, 36.084473804625638 ], [ 126.991665940818109, 36.083645802075374 ], [ 126.991782079066184, 36.083501313022808 ], [ 126.992076309487572, 36.083212384381746 ], [ 126.994577137162693, 36.081529038451841 ], [ 126.996155243761962, 36.080895807418315 ], [ 126.999507407822904, 36.082228893705654 ], [ 127.001206176466283, 36.082789685035536 ], [ 127.002689792010926, 36.083230935458296 ], [ 127.002938947979615, 36.083249327955379 ], [ 127.004128116634149, 36.083304461783982 ], [ 127.00524930794451, 36.083221692747649 ], [ 127.005883524647501, 36.083120546508511 ], [ 127.00653508427061, 36.08301975772067 ], [ 127.007923870534555, 36.08325999925534 ], [ 127.007967402716531, 36.08326754202465 ], [ 127.008036006022522, 36.083289618252813 ], [ 127.008624293300414, 36.083478945555385 ], [ 127.017107626796673, 36.086805996503145 ], [ 127.018348298102183, 36.088809884787516 ], [ 127.019470507058386, 36.092882218476909 ], [ 127.019651948307143, 36.093792289834674 ], [ 127.024375824245084, 36.092864305663205 ], [ 127.025208608252299, 36.092840771093556 ], [ 127.032850987612264, 36.091330069916609 ], [ 127.032944293630663, 36.091301853799877 ], [ 127.033958703621664, 36.090657235175286 ], [ 127.034051985689928, 36.09058319121327 ], [ 127.038013640529613, 36.086138771771587 ], [ 127.038052241786986, 36.086055073438366 ], [ 127.038123742537351, 36.085820671530257 ], [ 127.038195194376826, 36.08552505170757 ], [ 127.039118807771814, 36.081148655452495 ], [ 127.039161664095772, 36.080887875215907 ], [ 127.03915424774317, 36.080755487634967 ], [ 127.039045432391475, 36.080476264850276 ], [ 127.038319842704666, 36.079289651163371 ], [ 127.03806471145819, 36.078873923573681 ], [ 127.037991315516152, 36.078666552842122 ], [ 127.037963440766887, 36.0785207754491 ], [ 127.038125335535412, 36.076502604686553 ], [ 127.038173334211805, 36.076389080448529 ], [ 127.038260612520403, 36.076275526303306 ], [ 127.038566651122991, 36.075954205626878 ], [ 127.038888260854407, 36.075883835858221 ], [ 127.039629231840266, 36.075834326253052 ], [ 127.041265301061685, 36.075772575555611 ], [ 127.04533665520583, 36.075686473581747 ], [ 127.047214661900668, 36.07574607350795 ], [ 127.048405698078213, 36.075894585424749 ], [ 127.048655425951296, 36.075952095377595 ], [ 127.048857695188488, 36.076021854384926 ], [ 127.049074247920004, 36.0761171371663 ] ] ] ] } },
{ "type": "Feature", "properties": { "OBJECTID": 2289, "adm_nm": "전북특별자치도 익산시 망성면", "adm_cd": "3503038", "adm_cd2": "4514038000", "sgg": "45140", "sido": "45", "sidonm": "전북특별자치도", "sggnm": "익산시" }, "geometry": { "type": "MultiPolygon", "coordinates": [ [ [ [ 127.039592749364871, 36.142331205099744 ], [ 127.040876029673342, 36.14258232059516 ], [ 127.04407650907433, 36.145188799840341 ], [ 127.044766912031946, 36.144429447798409 ], [ 127.044982144329282, 36.144232879114909 ], [ 127.045614730026756, 36.143743713851379 ], [ 127.045653654456984, 36.143731719258497 ], [ 127.045692575264738, 36.143731724456664 ], [ 127.046104580256582, 36.143784226786323 ], [ 127.046008254282938, 36.143088074174884 ], [ 127.04606784991185, 36.142957371311304 ], [ 127.046310687878972, 36.142909401434672 ], [ 127.048858217789046, 36.142510191417983 ], [ 127.04976204127567, 36.142368536257607 ], [ 127.05003844802286, 36.141801220677635 ], [ 127.05101763313273, 36.139556317303338 ], [ 127.051497291005816, 36.135528246909516 ], [ 127.051521888745185, 36.135181055070355 ], [ 127.051454079675111, 36.135077708935775 ], [ 127.05143872840712, 36.135054319831234 ], [ 127.051204509263769, 36.134855159336325 ], [ 127.050691848818587, 36.134614011417248 ], [ 127.050468719615381, 36.134536576292732 ], [ 127.050139569317381, 36.13434057890796 ], [ 127.049973787498189, 36.133974789606349 ], [ 127.049614881199574, 36.133129643597741 ], [ 127.049559270865629, 36.132935238110775 ], [ 127.049577124068165, 36.132754799146596 ], [ 127.050479475687908, 36.1314723845963 ], [ 127.050654103111825, 36.131261169080894 ], [ 127.050844558847572, 36.131112948281739 ], [ 127.052867566608214, 36.130200888761038 ], [ 127.054360799031087, 36.129832929981227 ], [ 127.056273429548526, 36.127455065483545 ], [ 127.05816765674372, 36.125098224971602 ], [ 127.058453650806371, 36.125153331153783 ], [ 127.060792465254096, 36.12512872628001 ], [ 127.060789404743289, 36.125005447351825 ], [ 127.06076458843458, 36.124007087630048 ], [ 127.060725479510396, 36.122434075538216 ], [ 127.060577836499235, 36.119838002722943 ], [ 127.060264082336118, 36.118914006181015 ], [ 127.059091391862097, 36.118829464455665 ], [ 127.058876869137933, 36.11871355347391 ], [ 127.058404322725366, 36.118291367946682 ], [ 127.058363448579783, 36.11825270227223 ], [ 127.057781327950309, 36.117155430554163 ], [ 127.057784545865061, 36.11687641238683 ], [ 127.058054930238782, 36.114752998723866 ], [ 127.058197577596189, 36.113721605265255 ], [ 127.058316370099433, 36.112862627045828 ], [ 127.058693437439274, 36.110135952387907 ], [ 127.058240470237095, 36.10824465157863 ], [ 127.059177002314613, 36.106996753432007 ], [ 127.059220656773448, 36.106941296180892 ], [ 127.059394616642663, 36.106720394109381 ], [ 127.059900348310052, 36.106232382862942 ], [ 127.060170530833375, 36.105954900670426 ], [ 127.061106377729729, 36.104993716126607 ], [ 127.061090191107851, 36.104895130510108 ], [ 127.061061932564698, 36.104723022672644 ], [ 127.060673583184695, 36.100922099837078 ], [ 127.060859856994114, 36.094891122418105 ], [ 127.061265846222099, 36.093682827885551 ], [ 127.061397782804818, 36.093487192775314 ], [ 127.063029281587148, 36.092109641747356 ], [ 127.062893552218085, 36.091752424264925 ], [ 127.062655946077157, 36.091359510336069 ], [ 127.062451366654457, 36.091049140080344 ], [ 127.062294762462201, 36.090817243582762 ], [ 127.062196074847066, 36.090723407130788 ], [ 127.062080948477828, 36.090627414369024 ], [ 127.061342701175903, 36.090183145660177 ], [ 127.061230805243255, 36.090147592713926 ], [ 127.060768270006619, 36.090053923458285 ], [ 127.060387984761093, 36.089977138604795 ], [ 127.060279132732603, 36.089944048214953 ], [ 127.058848558688254, 36.088585456751822 ], [ 127.058110646322973, 36.087855213859761 ], [ 127.057329249961256, 36.08703018387726 ], [ 127.056860488294717, 36.086191458975641 ], [ 127.056789858411548, 36.085980976180323 ], [ 127.056621944336285, 36.085674961590264 ], [ 127.056272242801512, 36.085204628352919 ], [ 127.055654217928293, 36.084474637227316 ], [ 127.055451393344782, 36.084281990570986 ], [ 127.05531060868546, 36.084156731985985 ], [ 127.05518022652555, 36.084056857777071 ], [ 127.05482092351113, 36.083867389617531 ], [ 127.054294129345791, 36.083650592991098 ], [ 127.054080458792228, 36.083566689318452 ], [ 127.053689678286233, 36.083434735525152 ], [ 127.053435302981597, 36.083354962485025 ], [ 127.052427708196646, 36.082989524992001 ], [ 127.05202977946557, 36.082826228353021 ], [ 127.04909257011235, 36.081501814808007 ], [ 127.048958588672463, 36.081431628033982 ], [ 127.048862099458958, 36.081326209008957 ], [ 127.048368897435196, 36.080753036923134 ], [ 127.04829426027905, 36.080656665026261 ], [ 127.048299295132452, 36.080578174972402 ], [ 127.04844764141626, 36.079922572273944 ], [ 127.048496672865141, 36.07970913450955 ], [ 127.048626738277932, 36.079311754503188 ], [ 127.048773808339206, 36.078957151310931 ], [ 127.04884830333144, 36.078789125938741 ], [ 127.049137562183148, 36.078291259066404 ], [ 127.049074247920004, 36.0761171371663 ], [ 127.048857695188488, 36.076021854384926 ], [ 127.048655425951296, 36.075952095377595 ], [ 127.048405698078213, 36.075894585424749 ], [ 127.047214661900668, 36.07574607350795 ], [ 127.04533665520583, 36.075686473581747 ], [ 127.041265301061685, 36.075772575555611 ], [ 127.039629231840266, 36.075834326253052 ], [ 127.038888260854407, 36.075883835858221 ], [ 127.038566651122991, 36.075954205626878 ], [ 127.038260612520403, 36.076275526303306 ], [ 127.038173334211805, 36.076389080448529 ], [ 127.038125335535412, 36.076502604686553 ], [ 127.037963440766887, 36.0785207754491 ], [ 127.037991315516152, 36.078666552842122 ], [ 127.03806471145819, 36.078873923573681 ], [ 127.038319842704666, 36.079289651163371 ], [ 127.039045432391475, 36.080476264850276 ], [ 127.03915424774317, 36.080755487634967 ], [ 127.039161664095772, 36.080887875215907 ], [ 127.039118807771814, 36.081148655452495 ], [ 127.038195194376826, 36.08552505170757 ], [ 127.038123742537351, 36.085820671530257 ], [ 127.038052241786986, 36.086055073438366 ], [ 127.038013640529613, 36.086138771771587 ], [ 127.034051985689928, 36.09058319121327 ], [ 127.033958703621664, 36.090657235175286 ], [ 127.032944293630663, 36.091301853799877 ], [ 127.032850987612264, 36.091330069916609 ], [ 127.025208608252299, 36.092840771093556 ], [ 127.024375824245084, 36.092864305663205 ], [ 127.019651948307143, 36.093792289834674 ], [ 127.019221552374546, 36.093875086034345 ], [ 127.018360777851029, 36.094187769571512 ], [ 127.017927628727023, 36.094533629166762 ], [ 127.015569670018039, 36.096453118429238 ], [ 127.015489860746655, 36.096613322984872 ], [ 127.015443741278574, 36.097322267168174 ], [ 127.015406109086811, 36.098057662465116 ], [ 127.015393360305993, 36.098306796649474 ], [ 127.015403675308292, 36.098653219613716 ], [ 127.015425253033413, 36.098732383546043 ], [ 127.016789747035588, 36.100864991975122 ], [ 127.016950781254366, 36.101092422924332 ], [ 127.017239786059648, 36.101312669011563 ], [ 127.017422755377567, 36.101368164670248 ], [ 127.017511515573204, 36.101395087758 ], [ 127.01794026864431, 36.102410597403306 ], [ 127.018289935288479, 36.103240504202113 ], [ 127.019259840748006, 36.105599427397905 ], [ 127.01989304883314, 36.107664408201501 ], [ 127.020426047123678, 36.109898206527291 ], [ 127.020426381187434, 36.1112863431281 ], [ 127.018760200375709, 36.117792960630666 ], [ 127.017629546486901, 36.118677862201693 ], [ 127.014582019186093, 36.12077422345839 ], [ 127.009709805364778, 36.120682733496857 ], [ 127.008783206897718, 36.120248955493608 ], [ 127.008571017246226, 36.120149617987266 ], [ 127.007432246889195, 36.11961648271761 ], [ 127.004860211945015, 36.119285652430008 ], [ 127.003749863193661, 36.120958775722819 ], [ 127.000384631305707, 36.121822938997155 ], [ 126.999738818775043, 36.120260126916449 ], [ 126.999172315770892, 36.118871998266172 ], [ 126.998775781822175, 36.117934312444916 ], [ 126.99837925607406, 36.116996625234343 ], [ 126.99757483839403, 36.116877092931105 ], [ 126.997246253052992, 36.116941423282654 ], [ 126.997108003010993, 36.116983373501085 ], [ 126.995761965117154, 36.117391810269403 ], [ 126.994696882636859, 36.11796173455398 ], [ 126.993949013743745, 36.118651159673711 ], [ 126.992747779870996, 36.12053560924803 ], [ 126.992339805670525, 36.121197474596933 ], [ 126.990777788472926, 36.123870031954148 ], [ 126.989948394046237, 36.125389241560811 ], [ 126.989925643620126, 36.125995960695249 ], [ 126.989925606263441, 36.126253375208741 ], [ 126.99047931434643, 36.127252703196312 ], [ 126.991423126099576, 36.127826577504088 ], [ 126.992366942731508, 36.128400446195563 ], [ 126.991682290111243, 36.129134272098717 ], [ 126.990997628071568, 36.129868089403146 ], [ 126.985856440971531, 36.132145560061581 ], [ 126.983816759637151, 36.131538551622384 ], [ 126.982501821157854, 36.133147100503166 ], [ 126.981538122865885, 36.134893590495032 ], [ 126.981776063252269, 36.135077513025486 ], [ 126.980733311203394, 36.135619706288495 ], [ 126.979769898026149, 36.136024013747729 ], [ 126.978572370766287, 36.136304386224595 ], [ 126.977374831794322, 36.136584745728854 ], [ 126.976177288896722, 36.136865091392586 ], [ 126.973782169050608, 36.137425748312054 ], [ 126.972328692021179, 36.137269332869742 ], [ 126.971159194971321, 36.137056490113075 ], [ 126.969989703288775, 36.136843632370812 ], [ 126.968820218055356, 36.136630764155775 ], [ 126.967617616840982, 36.136411856457315 ], [ 126.966468756587361, 36.136308921318587 ], [ 126.966232357367687, 36.13827311569063 ], [ 126.966227890376899, 36.139836407826401 ], [ 126.966838279592622, 36.141587587351864 ], [ 126.96856467868308, 36.143774955258607 ], [ 126.969150018873378, 36.144516529025701 ], [ 126.972713777136917, 36.14739519636349 ], [ 126.974691588977137, 36.148543274821854 ], [ 126.983182658572147, 36.146904000190922 ], [ 126.985973540258328, 36.145339343180972 ], [ 126.98630061180971, 36.145155976943464 ], [ 126.990180973407959, 36.144995000118293 ], [ 126.994915578974542, 36.145854336833722 ], [ 127.000263177438782, 36.146824691488369 ], [ 127.003447180038108, 36.149138040192497 ], [ 127.005918502152994, 36.147367284878335 ], [ 127.006832293229849, 36.14726952643543 ], [ 127.008970413582446, 36.147011186421238 ], [ 127.009071689152009, 36.146915472558575 ], [ 127.009210313872472, 36.146713058528626 ], [ 127.009310707442538, 36.146604468337479 ], [ 127.009418274311244, 36.14648811884787 ], [ 127.00980648301632, 36.14626320356431 ], [ 127.01027786399041, 36.14608324906159 ], [ 127.011082046151159, 36.146071914137728 ], [ 127.012534136208785, 36.146155621083551 ], [ 127.01381357758855, 36.146712671900708 ], [ 127.013934933298302, 36.146835674199544 ], [ 127.01420184835284, 36.147106229681469 ], [ 127.014354415982439, 36.147286139450166 ], [ 127.014298843553163, 36.14735940493091 ], [ 127.014132617731647, 36.14757853695027 ], [ 127.014257444895406, 36.147848413870761 ], [ 127.014582824248848, 36.148143990436431 ], [ 127.015311377382574, 36.148725464663791 ], [ 127.015658049327925, 36.148916586540238 ], [ 127.015976876606899, 36.148545460081586 ], [ 127.016271539143077, 36.148167239915836 ], [ 127.01719666631513, 36.146611062829614 ], [ 127.017918280650051, 36.1452918813713 ], [ 127.018273030814768, 36.143896624802665 ], [ 127.018682743206213, 36.142695342647293 ], [ 127.01957410757332, 36.140130091635577 ], [ 127.019593858576926, 36.140077082289601 ], [ 127.019816655516649, 36.139490836937867 ], [ 127.019913060741473, 36.139301756191941 ], [ 127.020551162428333, 36.138118877544734 ], [ 127.020670454160395, 36.137986182299564 ], [ 127.021107851023856, 36.137689747795292 ], [ 127.021261030499161, 36.137590196399508 ], [ 127.021504539080311, 36.137445586711763 ], [ 127.023572412350077, 36.136591872466795 ], [ 127.023659796648857, 36.136555795926576 ], [ 127.024262436522775, 36.136528396198841 ], [ 127.024846661809121, 36.13650317069127 ], [ 127.026079603283819, 36.136495710383507 ], [ 127.02665006198221, 36.136506110030226 ], [ 127.02968917156457, 36.136630993995759 ], [ 127.029845176516247, 36.136652033215988 ], [ 127.030022475987735, 36.136705651782435 ], [ 127.030180906123064, 36.136845492021898 ], [ 127.030941301641377, 36.137596839305296 ], [ 127.030926621766795, 36.137627787515711 ], [ 127.03451807091048, 36.139038833521262 ], [ 127.035509353991557, 36.139039022515163 ], [ 127.036965005248163, 36.138937394369592 ], [ 127.039058427464951, 36.138869284313508 ], [ 127.039848984160614, 36.139510036804161 ], [ 127.039592749364871, 36.142331205099744 ] ] ] ] } },
{ "type": "Feature", "properties": { "OBJECTID": 2290, "adm_nm": "전북특별자치도 익산시 여산면", "adm_cd": "3503039", "adm_cd2": "4514039000", "sgg": "45140", "sido": "45", "sidonm": "전북특별자치도", "sggnm": "익산시" }, "geometry": { "type": "MultiPolygon", "coordinates": [ [ [ [ 127.129908533758268, 36.065646130574862 ], [ 127.129994733060613, 36.065486427764164 ], [ 127.130402668112225, 36.064945538077829 ], [ 127.133781929985474, 36.061358432003303 ], [ 127.138078279354062, 36.057940525356386 ], [ 127.138442209011956, 36.057742197597086 ], [ 127.139060110673199, 36.057503124902993 ], [ 127.140100724687599, 36.057107825334562 ], [ 127.139304322711197, 36.05650311392138 ], [ 127.135691564191049, 36.05310556106393 ], [ 127.135556936767415, 36.052971621462291 ], [ 127.135489336129439, 36.052901661540595 ], [ 127.135319565503835, 36.052723060492944 ], [ 127.134427045658015, 36.051073639875739 ], [ 127.134336538323211, 36.050845116898948 ], [ 127.134260539662179, 36.050591495715892 ], [ 127.134198865222189, 36.050144104379562 ], [ 127.134155248816654, 36.049947788129472 ], [ 127.134133468483782, 36.049862817960459 ], [ 127.133894797885603, 36.049225290826151 ], [ 127.133865835604553, 36.049157910157611 ], [ 127.132976601700889, 36.047508306772855 ], [ 127.132398766026967, 36.046508765173179 ], [ 127.132027294888744, 36.04595041752593 ], [ 127.131858118292683, 36.045711320725893 ], [ 127.131695513117776, 36.045497636016457 ], [ 127.129133414834513, 36.04262676758502 ], [ 127.128163537542022, 36.041718548169229 ], [ 127.126046463376099, 36.03992616752609 ], [ 127.120486511099784, 36.033731523266631 ], [ 127.118351546202177, 36.031532203992569 ], [ 127.117898749903006, 36.031165134788822 ], [ 127.117782415086523, 36.031078346362051 ], [ 127.117651261765531, 36.031003423197426 ], [ 127.116883095929339, 36.030767400028665 ], [ 127.116620892741196, 36.030688216233088 ], [ 127.116136919554705, 36.030562734496016 ], [ 127.115840613182726, 36.029838910346626 ], [ 127.115738825885529, 36.029626032275985 ], [ 127.115653618423821, 36.029492424001909 ], [ 127.114831133278315, 36.028525988455179 ], [ 127.114771916225209, 36.028464450873834 ], [ 127.114720124438534, 36.028438978833186 ], [ 127.114503775102264, 36.028335515615311 ], [ 127.114407626210706, 36.028295044542176 ], [ 127.107841885682205, 36.025781735927332 ], [ 127.104400764914189, 36.024990989268012 ], [ 127.103652722871701, 36.025033477716811 ], [ 127.103504588039797, 36.025034405331347 ], [ 127.103061508817476, 36.025037169825453 ], [ 127.103020719441716, 36.025034768227009 ], [ 127.102911523945238, 36.025028337249026 ], [ 127.102613737925509, 36.025010795975724 ], [ 127.101556353350844, 36.024925205510378 ], [ 127.101233833557046, 36.024856951091309 ], [ 127.100931987910201, 36.024788494129012 ], [ 127.100880418838599, 36.024749714888074 ], [ 127.100822479809707, 36.024700239668825 ], [ 127.100748569748347, 36.024637126185631 ], [ 127.098443438539221, 36.022613282481181 ], [ 127.098112717677225, 36.022288945927471 ], [ 127.09793949156645, 36.022059083436005 ], [ 127.09792829951887, 36.021945570723453 ], [ 127.097950040808982, 36.021644379240684 ], [ 127.097990324041646, 36.021319329059004 ], [ 127.098023092512435, 36.021054113448869 ], [ 127.09801906760454, 36.020705062388096 ], [ 127.097974208507665, 36.020140516556481 ], [ 127.097951799288936, 36.019868705670177 ], [ 127.097625180740238, 36.018514081150322 ], [ 127.097577978726846, 36.018437556749383 ], [ 127.097483664995821, 36.018361083390609 ], [ 127.096863250644319, 36.017873277994319 ], [ 127.096651102072116, 36.017747130819487 ], [ 127.096439036221128, 36.017693702672283 ], [ 127.094406734765656, 36.017034185305384 ], [ 127.091784993111801, 36.015840406067788 ], [ 127.091662431634163, 36.015763929348367 ], [ 127.091116595678898, 36.015275554676009 ], [ 127.090998657610172, 36.015130165062345 ], [ 127.090923083854406, 36.014954143326435 ], [ 127.090894644496899, 36.014801050951249 ], [ 127.090814973030575, 36.013907283089004 ], [ 127.090795247726831, 36.013122566171624 ], [ 127.090752733662953, 36.01301541556505 ], [ 127.090512713442507, 36.012656834676115 ], [ 127.090239065333876, 36.01228956974446 ], [ 127.090064512735012, 36.01206002288415 ], [ 127.089809922160683, 36.011868822381558 ], [ 127.089578954088694, 36.011746482321847 ], [ 127.087471897302223, 36.01104489057694 ], [ 127.087236430724786, 36.011102477980579 ], [ 127.086564806943471, 36.011443043152404 ], [ 127.08439305961052, 36.012698597147306 ], [ 127.0840363656161, 36.01292393798078 ], [ 127.083739850757624, 36.013188261978918 ], [ 127.083537560279183, 36.013452531967438 ], [ 127.083485911415622, 36.013613336021891 ], [ 127.083481431759267, 36.013839181916623 ], [ 127.083575574869457, 36.014219177033162 ], [ 127.083679490462799, 36.014487045218843 ], [ 127.083778527764053, 36.014597989966127 ], [ 127.083932456798834, 36.014853236180599 ], [ 127.083957987923597, 36.014895580221761 ], [ 127.084282030905214, 36.015450154251511 ], [ 127.08431038432218, 36.015538178671434 ], [ 127.08448620187356, 36.017331783558774 ], [ 127.084490907994137, 36.017500997505913 ], [ 127.084477122381486, 36.017668645343448 ], [ 127.084341081098344, 36.017920228071837 ], [ 127.084265810265691, 36.018012146963017 ], [ 127.084209960526678, 36.018033697764047 ], [ 127.084176329316136, 36.018046659547075 ], [ 127.082406010646466, 36.018525149742025 ], [ 127.082005662377327, 36.018624963328399 ], [ 127.081756035899076, 36.018686367276928 ], [ 127.08061412066904, 36.018874197020843 ], [ 127.080486899267072, 36.018858964295703 ], [ 127.077983426964479, 36.018440926987608 ], [ 127.074376616154623, 36.018125465349385 ], [ 127.074037406381606, 36.018121826790157 ], [ 127.073783022216617, 36.018156432815331 ], [ 127.073514531092286, 36.018198712906894 ], [ 127.06989342507687, 36.019337349056208 ], [ 127.06881305683936, 36.019745397797529 ], [ 127.068390237471917, 36.019915413963979 ], [ 127.067769847831727, 36.020194392563667 ], [ 127.067568773279874, 36.020355089009577 ], [ 127.06743902089849, 36.020516469727156 ], [ 127.066291076209012, 36.022244297551296 ], [ 127.066222616323444, 36.022367509123896 ], [ 127.065386083286313, 36.025872791262273 ], [ 127.065116386571987, 36.027041697796975 ], [ 127.065071360953581, 36.027974003109108 ], [ 127.065294442981013, 36.028397596289857 ], [ 127.067147510646677, 36.034125706227627 ], [ 127.067558555789887, 36.036286413016612 ], [ 127.067646902629022, 36.036759783909417 ], [ 127.067646980163147, 36.036852421626641 ], [ 127.067487084892747, 36.037677851699172 ], [ 127.067440563154648, 36.037808441942346 ], [ 127.066045515349472, 36.039781149783508 ], [ 127.065962689327591, 36.039856050812006 ], [ 127.064815260385359, 36.040878308436348 ], [ 127.064779442240734, 36.040906078729584 ], [ 127.06470652830572, 36.040962599170513 ], [ 127.064494186603085, 36.041051144035848 ], [ 127.063950271607894, 36.041127224209148 ], [ 127.06366016191555, 36.041139999049534 ], [ 127.063544151634574, 36.041129924499295 ], [ 127.061491966144459, 36.041098256386839 ], [ 127.061388366459497, 36.041106725561463 ], [ 127.06132101935782, 36.041119409641752 ], [ 127.061186351776954, 36.041161576024699 ], [ 127.060825865270758, 36.041348282492393 ], [ 127.06098164610421, 36.042306671636034 ], [ 127.061018028000987, 36.042470881551921 ], [ 127.061075194088374, 36.042689846551006 ], [ 127.061092184435765, 36.042738076548396 ], [ 127.061147279412708, 36.042894426422563 ], [ 127.06184631632874, 36.044273585142932 ], [ 127.062499339494408, 36.045251900747736 ], [ 127.062582350588968, 36.045403456198258 ], [ 127.062644650780754, 36.045555002758135 ], [ 127.063085215594043, 36.046779065859198 ], [ 127.063214734751327, 36.047585250243422 ], [ 127.063147974361314, 36.048481021515904 ], [ 127.063045227476465, 36.049611903213346 ], [ 127.062161458982615, 36.051853099411915 ], [ 127.061985850925396, 36.052285758333831 ], [ 127.061934103297133, 36.052386845360331 ], [ 127.061840883833383, 36.052450074989942 ], [ 127.061726923670804, 36.052483812027603 ], [ 127.061535253175862, 36.052551290335266 ], [ 127.061385561677497, 36.052625940712538 ], [ 127.061287162211627, 36.052684948698733 ], [ 127.061193948443005, 36.052756596778067 ], [ 127.061137007099134, 36.052836623404829 ], [ 127.060951107391887, 36.05337351416253 ], [ 127.060879876609775, 36.053741064702074 ], [ 127.06086810955297, 36.053944183209069 ], [ 127.061650227087, 36.057477590101755 ], [ 127.061705795419869, 36.057595225560696 ], [ 127.061764425552354, 36.057695359942556 ], [ 127.061863109153322, 36.057770441596631 ], [ 127.062072753057038, 36.057870465899491 ], [ 127.062236157468575, 36.057932979453597 ], [ 127.062355169155211, 36.057972509997882 ], [ 127.062399599023379, 36.057978402617003 ], [ 127.062543182871835, 36.057997443260234 ], [ 127.062909928860705, 36.057979728870606 ], [ 127.062992679250442, 36.05796205670655 ], [ 127.063214301663933, 36.057914730978673 ], [ 127.063357331416924, 36.057896208906321 ], [ 127.063408434702595, 36.057889595333151 ], [ 127.063790608102707, 36.057889397989065 ], [ 127.064238829572602, 36.057901576566827 ], [ 127.064550128798587, 36.057918936130406 ], [ 127.064827530030271, 36.05793881526381 ], [ 127.064926192933939, 36.05798132934467 ], [ 127.064998381114293, 36.058027647504304 ], [ 127.065058770290094, 36.058066405458064 ], [ 127.065237662342128, 36.058241552917529 ], [ 127.065360370144916, 36.058415351412265 ], [ 127.065601084150728, 36.058815833744582 ], [ 127.065757448809165, 36.05912841459439 ], [ 127.065828512482625, 36.059363743893144 ], [ 127.06603652374956, 36.061048077358713 ], [ 127.066036647107651, 36.06119830220441 ], [ 127.065984416193061, 36.061355301287456 ], [ 127.065876678970966, 36.061525619391745 ], [ 127.065707301598167, 36.061685950012837 ], [ 127.065491625492811, 36.06177622051996 ], [ 127.064386851203551, 36.062169544959239 ], [ 127.064081803483518, 36.062272362628207 ], [ 127.061121539484276, 36.063631849594081 ], [ 127.058516981561709, 36.065300837678834 ], [ 127.058311275775694, 36.065481111889405 ], [ 127.056853877328308, 36.06699044021272 ], [ 127.05665321850239, 36.067557755060115 ], [ 127.057005031985867, 36.068549345768325 ], [ 127.057091470526586, 36.068744616522643 ], [ 127.057368919396723, 36.069331099401047 ], [ 127.057437337907473, 36.071084426859521 ], [ 127.056921905555086, 36.072954336153096 ], [ 127.055279363273939, 36.075229594395672 ], [ 127.055177490631038, 36.075337460315616 ], [ 127.054942857479688, 36.07549631315613 ], [ 127.054852477616862, 36.075529670262668 ], [ 127.049963716255789, 36.07644591795399 ], [ 127.049074247920004, 36.0761171371663 ], [ 127.049137562183148, 36.078291259066404 ], [ 127.04884830333144, 36.078789125938741 ], [ 127.048773808339206, 36.078957151310931 ], [ 127.048626738277932, 36.079311754503188 ], [ 127.048496672865141, 36.07970913450955 ], [ 127.04844764141626, 36.079922572273944 ], [ 127.048299295132452, 36.080578174972402 ], [ 127.04829426027905, 36.080656665026261 ], [ 127.048368897435196, 36.080753036923134 ], [ 127.048862099458958, 36.081326209008957 ], [ 127.048958588672463, 36.081431628033982 ], [ 127.04909257011235, 36.081501814808007 ], [ 127.05202977946557, 36.082826228353021 ], [ 127.052427708196646, 36.082989524992001 ], [ 127.053435302981597, 36.083354962485025 ], [ 127.053689678286233, 36.083434735525152 ], [ 127.054080458792228, 36.083566689318452 ], [ 127.054294129345791, 36.083650592991098 ], [ 127.05482092351113, 36.083867389617531 ], [ 127.05518022652555, 36.084056857777071 ], [ 127.05531060868546, 36.084156731985985 ], [ 127.055451393344782, 36.084281990570986 ], [ 127.055654217928293, 36.084474637227316 ], [ 127.056272242801512, 36.085204628352919 ], [ 127.056621944336285, 36.085674961590264 ], [ 127.056789858411548, 36.085980976180323 ], [ 127.056860488294717, 36.086191458975641 ], [ 127.057329249961256, 36.08703018387726 ], [ 127.058110646322973, 36.087855213859761 ], [ 127.058848558688254, 36.088585456751822 ], [ 127.060279132732603, 36.089944048214953 ], [ 127.060387984761093, 36.089977138604795 ], [ 127.060768270006619, 36.090053923458285 ], [ 127.061230805243255, 36.090147592713926 ], [ 127.061342701175903, 36.090183145660177 ], [ 127.062080948477828, 36.090627414369024 ], [ 127.062196074847066, 36.090723407130788 ], [ 127.062294762462201, 36.090817243582762 ], [ 127.062451366654457, 36.091049140080344 ], [ 127.062655946077157, 36.091359510336069 ], [ 127.062893552218085, 36.091752424264925 ], [ 127.063029281587148, 36.092109641747356 ], [ 127.065308812813782, 36.089938263130144 ], [ 127.067663999884616, 36.088228341557993 ], [ 127.069207535630227, 36.087778447850958 ], [ 127.069617427362218, 36.08769020504073 ], [ 127.070163665877715, 36.087571572858941 ], [ 127.070471472478076, 36.086815493631313 ], [ 127.071800699542109, 36.084356972438172 ], [ 127.074532888323958, 36.084491639826538 ], [ 127.07881033112109, 36.081636420336757 ], [ 127.079051788090808, 36.081219750353355 ], [ 127.079171809657325, 36.080366151582822 ], [ 127.079828790881265, 36.079587049076238 ], [ 127.080128193628795, 36.079289267716632 ], [ 127.081600858821318, 36.077922748782854 ], [ 127.08204689229737, 36.07776600824473 ], [ 127.087733576479152, 36.07586036309926 ], [ 127.087902129070329, 36.075763288568126 ], [ 127.088059890677073, 36.075672402991955 ], [ 127.088256769294688, 36.074480416283656 ], [ 127.088370753946208, 36.074243475123708 ], [ 127.088468929776496, 36.074039422253712 ], [ 127.089089347386107, 36.073151086610643 ], [ 127.089837765252625, 36.072420643274924 ], [ 127.090928478313273, 36.07197329130809 ], [ 127.091798656991088, 36.07323392909575 ], [ 127.091871162759745, 36.073341454568485 ], [ 127.091918504029096, 36.073411675449634 ], [ 127.093610838591587, 36.075132138562005 ], [ 127.09585733987511, 36.07427005248195 ], [ 127.099277734782788, 36.074726931678903 ], [ 127.100816491292647, 36.075305435563074 ], [ 127.100858584666923, 36.075388525275407 ], [ 127.100935096596587, 36.075703922427394 ], [ 127.10097662960915, 36.07572168832457 ], [ 127.1012410283506, 36.075834746890443 ], [ 127.101784156394658, 36.075702141141207 ], [ 127.105408080224493, 36.074191032148178 ], [ 127.1079675229374, 36.072613616769559 ], [ 127.111708237659187, 36.070020471235736 ], [ 127.1135952052215, 36.068493656316072 ], [ 127.115109935662915, 36.067902880654408 ], [ 127.115950745623849, 36.067694267500812 ], [ 127.116571368829881, 36.067664888450267 ], [ 127.117231388434291, 36.067669585422266 ], [ 127.117972262069969, 36.06732038039253 ], [ 127.118457290150687, 36.067000170040394 ], [ 127.120941098696647, 36.065189161090977 ], [ 127.121425445344542, 36.064434135691322 ], [ 127.121989651165222, 36.063582047266742 ], [ 127.122900428151993, 36.063192114220755 ], [ 127.123295667750256, 36.063555723095732 ], [ 127.124845525527888, 36.064411645097827 ], [ 127.12579875230783, 36.064724185230631 ], [ 127.125938768949595, 36.064770090656431 ], [ 127.129908533758268, 36.065646130574862 ] ] ] ] } },
{ "type": "Feature", "properties": { "OBJECTID": 2291, "adm_nm": "전북특별자치도 익산시 금마면", "adm_cd": "3503040", "adm_cd2": "4514040000", "sgg": "45140", "sido": "45", "sidonm": "전북특별자치도", "sggnm": "익산시" }, "geometry": { "type": "MultiPolygon", "coordinates": [ [ [ [ 127.060825865270758, 36.041348282492393 ], [ 127.061186351776954, 36.041161576024699 ], [ 127.06132101935782, 36.041119409641752 ], [ 127.061388366459497, 36.041106725561463 ], [ 127.061491966144459, 36.041098256386839 ], [ 127.063544151634574, 36.041129924499295 ], [ 127.06366016191555, 36.041139999049534 ], [ 127.063950271607894, 36.041127224209148 ], [ 127.064494186603085, 36.041051144035848 ], [ 127.06470652830572, 36.040962599170513 ], [ 127.064779442240734, 36.040906078729584 ], [ 127.064815260385359, 36.040878308436348 ], [ 127.065962689327591, 36.039856050812006 ], [ 127.066045515349472, 36.039781149783508 ], [ 127.067440563154648, 36.037808441942346 ], [ 127.067487084892747, 36.037677851699172 ], [ 127.067646980163147, 36.036852421626641 ], [ 127.067646902629022, 36.036759783909417 ], [ 127.067558555789887, 36.036286413016612 ], [ 127.067147510646677, 36.034125706227627 ], [ 127.065294442981013, 36.028397596289857 ], [ 127.065071360953581, 36.027974003109108 ], [ 127.065116386571987, 36.027041697796975 ], [ 127.065386083286313, 36.025872791262273 ], [ 127.066222616323444, 36.022367509123896 ], [ 127.066291076209012, 36.022244297551296 ], [ 127.06743902089849, 36.020516469727156 ], [ 127.067568773279874, 36.020355089009577 ], [ 127.067769847831727, 36.020194392563667 ], [ 127.068390237471917, 36.019915413963979 ], [ 127.06877064810547, 36.019438380547093 ], [ 127.068824935224484, 36.017647165020371 ], [ 127.068461292632534, 36.016649753003861 ], [ 127.067370869020479, 36.014269674470476 ], [ 127.066549179820043, 36.009574520735207 ], [ 127.066444576073309, 36.007751660577355 ], [ 127.067262381941561, 36.001244013525962 ], [ 127.068866141938386, 36.000460902103413 ], [ 127.070399892213814, 35.999439741097945 ], [ 127.070943410919924, 35.998793241771068 ], [ 127.072976745986253, 35.994892272224362 ], [ 127.073033345863251, 35.994288522807807 ], [ 127.073045830406329, 35.994155342363719 ], [ 127.072877755309307, 35.993407222513511 ], [ 127.072723718690469, 35.992761131831131 ], [ 127.071427480416929, 35.991752189001602 ], [ 127.07135568538429, 35.991696300026412 ], [ 127.070168848729224, 35.990415939867091 ], [ 127.069721938073002, 35.989815357948991 ], [ 127.06969865915093, 35.989673097630963 ], [ 127.069637590727808, 35.989055864154999 ], [ 127.069696568622618, 35.988078499845145 ], [ 127.068965532220901, 35.986142734883536 ], [ 127.067723596294556, 35.985542592446599 ], [ 127.066230373252154, 35.984670487922486 ], [ 127.063298248920532, 35.980919617203334 ], [ 127.062432441345607, 35.979582327198173 ], [ 127.062138577819709, 35.978312776628115 ], [ 127.061962320350332, 35.977658702693603 ], [ 127.060492024373076, 35.977293306955303 ], [ 127.058820084949687, 35.97968613795215 ], [ 127.057605305694509, 35.977816171509239 ], [ 127.057521436687139, 35.977544124116456 ], [ 127.056782016445865, 35.977249709266154 ], [ 127.055373249032044, 35.977102982839902 ], [ 127.053523311587568, 35.977135131543733 ], [ 127.052597803522616, 35.977194892767209 ], [ 127.05180270779195, 35.977025186423063 ], [ 127.050993540844971, 35.976651412345781 ], [ 127.050588849543658, 35.976311477622495 ], [ 127.049013107920416, 35.976754227790309 ], [ 127.048678669452713, 35.977241849806745 ], [ 127.048665145108586, 35.977944727346852 ], [ 127.048665474215511, 35.978500215572652 ], [ 127.048875267572797, 35.979497764204751 ], [ 127.048875672503499, 35.980177963929656 ], [ 127.048555661101744, 35.981481807038115 ], [ 127.040969477626575, 35.984545412366955 ], [ 127.040435335958804, 35.984642005772422 ], [ 127.036422493059519, 35.985079642553202 ], [ 127.032791073476545, 35.985363448757859 ], [ 127.029155583760712, 35.986045154397836 ], [ 127.028876729950625, 35.986373986450765 ], [ 127.027426609320273, 35.988097463603488 ], [ 127.026841072372292, 35.989117881250394 ], [ 127.026255403001201, 35.989741526987991 ], [ 127.025990424829871, 35.989979641436413 ], [ 127.025655698116523, 35.990183787250665 ], [ 127.024790949192138, 35.990569385055622 ], [ 127.024079605209877, 35.990864281609817 ], [ 127.02098295842552, 35.991567690156138 ], [ 127.020578419216861, 35.99156775656062 ], [ 127.020034344036873, 35.991443146616959 ], [ 127.019546069161905, 35.991273164497578 ], [ 127.01920527673515, 35.991028787550789 ], [ 127.018165411532564, 35.993053208611755 ], [ 127.016896022318264, 35.993359471431901 ], [ 127.016436068707179, 35.993374486970602 ], [ 127.015849770860612, 35.993393619657986 ], [ 127.014859305463006, 35.993348385201564 ], [ 127.012445905648761, 35.993087875691856 ], [ 127.011957645293819, 35.992985907256518 ], [ 127.010283594210122, 35.992600582643171 ], [ 127.009613958290302, 35.99218119043983 ], [ 127.008860615067377, 35.991648420079876 ], [ 127.008312943371351, 35.991413725464071 ], [ 127.008282791168867, 35.991400804779616 ], [ 127.005401032687928, 35.990775648017738 ], [ 127.004356518146182, 35.991591923126094 ], [ 127.003407944575528, 35.991705304710578 ], [ 127.000311099221548, 35.991864021839582 ], [ 126.99789265764413, 35.992558788556401 ], [ 126.998091784986542, 35.992621703140145 ], [ 126.998705058494608, 35.992815467328313 ], [ 126.999173840305673, 35.993028482661821 ], [ 126.999248199063246, 35.993083690560766 ], [ 126.999519347650221, 35.993411751100105 ], [ 126.999590379171607, 35.993624440926162 ], [ 126.999916585252151, 35.994682520526567 ], [ 126.999910120014277, 35.994858701051506 ], [ 126.999806660149886, 35.995047258948084 ], [ 126.999473642221787, 35.995307580969872 ], [ 126.999257011726201, 35.995473240121441 ], [ 126.999066797599312, 35.995672260516407 ], [ 126.998662990770839, 35.996165890510717 ], [ 126.998559542484273, 35.996321027398409 ], [ 126.998127750849235, 35.997117176869537 ], [ 126.998061071657929, 35.998020189482958 ], [ 126.998073190651056, 35.998167802430849 ], [ 126.998151921342213, 35.998743502814705 ], [ 126.998285184922054, 35.999535668833396 ], [ 126.998334847473032, 35.999783993268466 ], [ 126.999874357537266, 36.005648043574723 ], [ 126.999899942854924, 36.005665426380553 ], [ 126.999945379388109, 36.005696278642645 ], [ 127.003239851916376, 36.007209997892659 ], [ 127.003577450990804, 36.00736082211175 ], [ 127.003953194297949, 36.007507134740301 ], [ 127.004243031968926, 36.007603180442629 ], [ 127.005334297951975, 36.007838514487624 ], [ 127.005868763743479, 36.00789359800671 ], [ 127.006039692401842, 36.007926084641966 ], [ 127.006200582109415, 36.008000242334624 ], [ 127.006788033451755, 36.008278764568438 ], [ 127.00692132554957, 36.008359161265048 ], [ 127.007043933198432, 36.008518333872516 ], [ 127.007159990029479, 36.00877163081713 ], [ 127.007203500816544, 36.008919553750211 ], [ 127.00717403470459, 36.00898933779871 ], [ 127.007114525894025, 36.009062675944449 ], [ 127.006960726810277, 36.009197255994138 ], [ 127.00546914337842, 36.010129846765381 ], [ 127.005287224212395, 36.010229541862344 ], [ 127.005069676007338, 36.010311552085312 ], [ 127.004576335973965, 36.010475048581924 ], [ 127.004511085924449, 36.010526510940934 ], [ 127.004477465134627, 36.010597246334996 ], [ 127.004511166929092, 36.010828129326335 ], [ 127.004653550940205, 36.011260325605271 ], [ 127.004687118291386, 36.011354601135224 ], [ 127.005049045287052, 36.01176140780305 ], [ 127.005442224608458, 36.012197767169816 ], [ 127.008551348396367, 36.014746749577299 ], [ 127.008790109073246, 36.014915093729151 ], [ 127.008981975000623, 36.01498905536851 ], [ 127.009169869136983, 36.015021200407631 ], [ 127.010181209934842, 36.014812090116692 ], [ 127.011281225882982, 36.0145839702611 ], [ 127.011973966071281, 36.014434677013547 ], [ 127.012116358590632, 36.01443628863754 ], [ 127.012625427102932, 36.014450729868742 ], [ 127.017376909765986, 36.015400416299613 ], [ 127.01787620531853, 36.015549709593884 ], [ 127.019024131792563, 36.015904396634475 ], [ 127.019482210698115, 36.016056824957651 ], [ 127.019691877832798, 36.016130760573397 ], [ 127.01981933916278, 36.016213503358962 ], [ 127.019880659514044, 36.016279397552168 ], [ 127.020300437305224, 36.017160775222351 ], [ 127.020361357761118, 36.017946505008403 ], [ 127.020948622640262, 36.019740987580114 ], [ 127.022754816489766, 36.023110117421126 ], [ 127.022909631266813, 36.02339719280068 ], [ 127.023139265896745, 36.02376790585906 ], [ 127.02329942651231, 36.023946961901096 ], [ 127.02472574317072, 36.025492918356349 ], [ 127.024803657917474, 36.025570202297779 ], [ 127.026165147819654, 36.026154750684704 ], [ 127.026251292642343, 36.02618655169487 ], [ 127.026405967760809, 36.02619130179518 ], [ 127.026640902011124, 36.026148281805526 ], [ 127.026828074927366, 36.026077084234885 ], [ 127.026972934015404, 36.026003848691779 ], [ 127.027147138698652, 36.025851052368502 ], [ 127.027312981012727, 36.025679458219464 ], [ 127.03138348154026, 36.025548436066366 ], [ 127.031971854750736, 36.025730986916294 ], [ 127.032779671887837, 36.025969281012806 ], [ 127.03331943933722, 36.026089905517928 ], [ 127.033475402868305, 36.026108852319666 ], [ 127.033659447643487, 36.026105613821883 ], [ 127.035336974989207, 36.025950893916892 ], [ 127.035650202741238, 36.025879192688002 ], [ 127.036980845855169, 36.025470562310332 ], [ 127.037141339161195, 36.025373458550646 ], [ 127.03743292316959, 36.025069437041367 ], [ 127.03784274149119, 36.024651854696117 ], [ 127.038052161522501, 36.024495863904491 ], [ 127.038351662997158, 36.024376426160103 ], [ 127.038520938391073, 36.024319621670976 ], [ 127.038648197315666, 36.024310031624069 ], [ 127.038708888986633, 36.024311608447938 ], [ 127.038753945735252, 36.024349784320066 ], [ 127.039540017195421, 36.025315366088527 ], [ 127.040500791182652, 36.028050944732762 ], [ 127.040572060219006, 36.028311112991474 ], [ 127.04065676123804, 36.028686900019672 ], [ 127.040835116722874, 36.02964264588411 ], [ 127.040830698078437, 36.029714934855463 ], [ 127.04077292955661, 36.029808901802667 ], [ 127.038762897371626, 36.031793260658688 ], [ 127.039232109466496, 36.034148777171396 ], [ 127.039257461108804, 36.034204197349545 ], [ 127.040776813754889, 36.036858813793273 ], [ 127.041053674161589, 36.037154775160523 ], [ 127.041223305892856, 36.037320166385577 ], [ 127.041537181176182, 36.037597136719604 ], [ 127.043539465395668, 36.039334056171434 ], [ 127.048094986585824, 36.041635674865169 ], [ 127.049198561823701, 36.041727866573581 ], [ 127.049369520322955, 36.04173622493532 ], [ 127.049524949731676, 36.04173616165945 ], [ 127.049607836709782, 36.041727702476827 ], [ 127.049742510663961, 36.041689754117485 ], [ 127.051239131047652, 36.040670095806938 ], [ 127.051300010809797, 36.040607517801256 ], [ 127.051450113692155, 36.040396896991432 ], [ 127.051677861144057, 36.040076789967884 ], [ 127.051817661641621, 36.039958805346387 ], [ 127.052190501009548, 36.039684938842022 ], [ 127.052271728650069, 36.039640711344447 ], [ 127.054031472187788, 36.03891683633659 ], [ 127.054181669808258, 36.038862032454048 ], [ 127.054362985546803, 36.038845111229783 ], [ 127.054575390810967, 36.038819745625304 ], [ 127.055090276645345, 36.038832144405148 ], [ 127.057116116855184, 36.039155465946784 ], [ 127.057874090914453, 36.039357135589682 ], [ 127.059215503471691, 36.039961989354033 ], [ 127.059713058599201, 36.040243880654451 ], [ 127.060126421938264, 36.040617007492258 ], [ 127.060825865270758, 36.041348282492393 ] ] ] ] } },
{ "type": "Feature", "properties": { "OBJECTID": 2292, "adm_nm": "전북특별자치도 익산시 왕궁면", "adm_cd": "3503041", "adm_cd2": "4514041000", "sgg": "45140", "sido": "45", "sidonm": "전북특별자치도", "sggnm": "익산시" }, "geometry": { "type": "MultiPolygon", "coordinates": [ [ [ [ 127.125161794225889, 36.005465556792295 ], [ 127.124515068705122, 36.005501363781654 ], [ 127.123986000173957, 36.005521452744667 ], [ 127.123288348132576, 36.005385367186996 ], [ 127.122900937752604, 36.005209291481904 ], [ 127.122619629954883, 36.004974828886738 ], [ 127.122220401822986, 36.00459118546447 ], [ 127.119754355406371, 36.002281849200543 ], [ 127.116410646247914, 36.000358696434937 ], [ 127.116225997211487, 36.000252945506865 ], [ 127.113842460696205, 35.999242252512026 ], [ 127.113411842436676, 35.999065036919617 ], [ 127.11317660489766, 35.999034140307181 ], [ 127.112854310626062, 35.999012749946814 ], [ 127.112816031400726, 35.999016116449297 ], [ 127.112724997434427, 35.9990175581475 ], [ 127.11266866301176, 35.999018435630639 ], [ 127.112443970574475, 35.99891863620109 ], [ 127.112011914542535, 35.99863955131444 ], [ 127.107338893871145, 35.995529044080882 ], [ 127.107458657752503, 35.995267246876359 ], [ 127.107789697983051, 35.994144797838644 ], [ 127.108164620894456, 35.992789774661432 ], [ 127.108227134686814, 35.992510728779706 ], [ 127.108262073811801, 35.992308557860611 ], [ 127.108288924819604, 35.992126637252959 ], [ 127.108660108359842, 35.988494362557184 ], [ 127.10851540304634, 35.983757305676484 ], [ 127.106308809115717, 35.973931785176596 ], [ 127.105233151480945, 35.970574377063819 ], [ 127.10432517000325, 35.965789151579926 ], [ 127.104273327080236, 35.965449823034589 ], [ 127.104248687531566, 35.965192651660374 ], [ 127.104233256452503, 35.965017050707253 ], [ 127.104235864880962, 35.964688130240816 ], [ 127.104259952003915, 35.964514990214631 ], [ 127.104398912361901, 35.964016789874108 ], [ 127.10444436393054, 35.963890633713071 ], [ 127.104498910295192, 35.963769400451532 ], [ 127.104707581369709, 35.963392747789214 ], [ 127.104844092908991, 35.963172517998053 ], [ 127.104965470956685, 35.963026491646396 ], [ 127.105256843817116, 35.962704739517449 ], [ 127.105886986226466, 35.961907521883312 ], [ 127.106365133190337, 35.960739038189679 ], [ 127.106392373396929, 35.960657398969232 ], [ 127.106402900445588, 35.960609446171098 ], [ 127.106413525594007, 35.960560941016404 ], [ 127.106407246438991, 35.960415021824495 ], [ 127.106296706355863, 35.959424442389135 ], [ 127.106263027475038, 35.95922911338419 ], [ 127.106211103840366, 35.959046144858128 ], [ 127.105477258388575, 35.957353290998284 ], [ 127.10544069102086, 35.957276652490243 ], [ 127.103851682313987, 35.954335523933999 ], [ 127.102254098448213, 35.951494111725651 ], [ 127.099874610759926, 35.94917226996337 ], [ 127.097738064172617, 35.946367335729875 ], [ 127.097583888751316, 35.946139203929555 ], [ 127.094577796985064, 35.940336191981054 ], [ 127.094401323572228, 35.939967367647682 ], [ 127.094299561009834, 35.939505371239733 ], [ 127.094277066915581, 35.939228144463335 ], [ 127.094288049715374, 35.939165189742319 ], [ 127.094316422160347, 35.939002426650482 ], [ 127.094351232352736, 35.938665693396878 ], [ 127.094412159801422, 35.93807101951738 ], [ 127.094275531883952, 35.93615690779847 ], [ 127.094207764913861, 35.935544670202852 ], [ 127.093651998784139, 35.934063019625505 ], [ 127.092329483994831, 35.930985002784908 ], [ 127.092135554633415, 35.930720064169158 ], [ 127.09186302944687, 35.930421351982041 ], [ 127.091705488057528, 35.930260091168542 ], [ 127.091484772764758, 35.930034693716124 ], [ 127.088114951516275, 35.927109425350345 ], [ 127.08059840296616, 35.921494316649429 ], [ 127.080416298789856, 35.92137597398434 ], [ 127.08016467422479, 35.921276573985814 ], [ 127.079916379722789, 35.921187916840573 ], [ 127.078870765546853, 35.920940146030034 ], [ 127.078792352419853, 35.920927803971772 ], [ 127.078327617643936, 35.920854656992539 ], [ 127.078223458611745, 35.920839536473878 ], [ 127.078033411084476, 35.920811949671801 ], [ 127.077173423887174, 35.920689873480256 ], [ 127.075222229027872, 35.921550488043657 ], [ 127.072173090946734, 35.919693611744975 ], [ 127.069911874485967, 35.918242804931751 ], [ 127.068435878348239, 35.917233562337863 ], [ 127.068272008136418, 35.917125421503727 ], [ 127.066376461145452, 35.915893222387098 ], [ 127.066212585429, 35.915797665038134 ], [ 127.066175489230119, 35.915795174233473 ], [ 127.065642044758988, 35.915945151579422 ], [ 127.06535470581349, 35.916063603392573 ], [ 127.061108190702441, 35.918286636230448 ], [ 127.057754607432088, 35.920096132483543 ], [ 127.057522788136339, 35.920232196856091 ], [ 127.057075765522896, 35.920907306028234 ], [ 127.057222079758276, 35.921052407900532 ], [ 127.05734348668129, 35.921191815237179 ], [ 127.057564562333241, 35.921464829696852 ], [ 127.057641363600808, 35.921580998655664 ], [ 127.057691381584419, 35.921688489293864 ], [ 127.057718214091139, 35.921784323397091 ], [ 127.057832846146283, 35.9225079513933 ], [ 127.057829390153046, 35.922693910307295 ], [ 127.057806360243603, 35.922952508265467 ], [ 127.057792143840388, 35.923052754126438 ], [ 127.057557334740707, 35.923720045831523 ], [ 127.057528833589089, 35.923798518620529 ], [ 127.057493187888468, 35.92386970991452 ], [ 127.056121850151698, 35.926511008560652 ], [ 127.056020194999832, 35.926612766480382 ], [ 127.055907792790592, 35.926691305402379 ], [ 127.055711584664039, 35.926819296849267 ], [ 127.055552806210031, 35.926937096945402 ], [ 127.05524206478762, 35.927200288068406 ], [ 127.055061906777311, 35.927361700581564 ], [ 127.054856792754634, 35.927600120336002 ], [ 127.05456125676362, 35.927985189776919 ], [ 127.054377978609239, 35.928233491852801 ], [ 127.054300616550265, 35.928362940823042 ], [ 127.053114631253422, 35.933063106254153 ], [ 127.053065878448507, 35.933321954152099 ], [ 127.052800650727178, 35.938196636943836 ], [ 127.053070908507436, 35.939351589525899 ], [ 127.053340537980048, 35.94025958133227 ], [ 127.053732656677838, 35.941650898523697 ], [ 127.053773576930723, 35.941975538152718 ], [ 127.053786016918352, 35.942300730948986 ], [ 127.053807519190585, 35.943907627026604 ], [ 127.053815801485896, 35.944566971142045 ], [ 127.053811911450509, 35.944822474781454 ], [ 127.053563701768752, 35.951682414325226 ], [ 127.053551655683663, 35.952000216245253 ], [ 127.053232858523501, 35.956278838414065 ], [ 127.053220344315847, 35.956445835262713 ], [ 127.053189780366495, 35.956517104154813 ], [ 127.053140921785371, 35.956631026876529 ], [ 127.052697555565615, 35.957664740371776 ], [ 127.052411085822584, 35.958313492157387 ], [ 127.05223770902515, 35.958714300920647 ], [ 127.05191654057181, 35.959485473505012 ], [ 127.051897703103776, 35.959655010633909 ], [ 127.0518727627761, 35.960153376070984 ], [ 127.0518512402288, 35.960958491943757 ], [ 127.051852435577118, 35.962535454852102 ], [ 127.051865245006397, 35.962789760479126 ], [ 127.051890646920853, 35.963054343472749 ], [ 127.051947750411983, 35.963476130869651 ], [ 127.052820010319309, 35.968989261549304 ], [ 127.053303258864929, 35.972184399515093 ], [ 127.053312007316904, 35.973718889447724 ], [ 127.053411864850261, 35.976905794253149 ], [ 127.053523311587568, 35.977135131543733 ], [ 127.055373249032044, 35.977102982839902 ], [ 127.056782016445865, 35.977249709266154 ], [ 127.057521436687139, 35.977544124116456 ], [ 127.057605305694509, 35.977816171509239 ], [ 127.058820084949687, 35.97968613795215 ], [ 127.060492024373076, 35.977293306955303 ], [ 127.061962320350332, 35.977658702693603 ], [ 127.062138577819709, 35.978312776628115 ], [ 127.062432441345607, 35.979582327198173 ], [ 127.063298248920532, 35.980919617203334 ], [ 127.066230373252154, 35.984670487922486 ], [ 127.067723596294556, 35.985542592446599 ], [ 127.068965532220901, 35.986142734883536 ], [ 127.069696568622618, 35.988078499845145 ], [ 127.069637590727808, 35.989055864154999 ], [ 127.06969865915093, 35.989673097630963 ], [ 127.069721938073002, 35.989815357948991 ], [ 127.070168848729224, 35.990415939867091 ], [ 127.07135568538429, 35.991696300026412 ], [ 127.071427480416929, 35.991752189001602 ], [ 127.072723718690469, 35.992761131831131 ], [ 127.072877755309307, 35.993407222513511 ], [ 127.073045830406329, 35.994155342363719 ], [ 127.073033345863251, 35.994288522807807 ], [ 127.072976745986253, 35.994892272224362 ], [ 127.070943410919924, 35.998793241771068 ], [ 127.070399892213814, 35.999439741097945 ], [ 127.068866141938386, 36.000460902103413 ], [ 127.067262381941561, 36.001244013525962 ], [ 127.066444576073309, 36.007751660577355 ], [ 127.066549179820043, 36.009574520735207 ], [ 127.067370869020479, 36.014269674470476 ], [ 127.068461292632534, 36.016649753003861 ], [ 127.068824935224484, 36.017647165020371 ], [ 127.06877064810547, 36.019438380547093 ], [ 127.068390237471917, 36.019915413963979 ], [ 127.06881305683936, 36.019745397797529 ], [ 127.06989342507687, 36.019337349056208 ], [ 127.073514531092286, 36.018198712906894 ], [ 127.073783022216617, 36.018156432815331 ], [ 127.074037406381606, 36.018121826790157 ], [ 127.074376616154623, 36.018125465349385 ], [ 127.077983426964479, 36.018440926987608 ], [ 127.080486899267072, 36.018858964295703 ], [ 127.08061412066904, 36.018874197020843 ], [ 127.081756035899076, 36.018686367276928 ], [ 127.082005662377327, 36.018624963328399 ], [ 127.082406010646466, 36.018525149742025 ], [ 127.084176329316136, 36.018046659547075 ], [ 127.084209960526678, 36.018033697764047 ], [ 127.084265810265691, 36.018012146963017 ], [ 127.084341081098344, 36.017920228071837 ], [ 127.084477122381486, 36.017668645343448 ], [ 127.084490907994137, 36.017500997505913 ], [ 127.08448620187356, 36.017331783558774 ], [ 127.08431038432218, 36.015538178671434 ], [ 127.084282030905214, 36.015450154251511 ], [ 127.083957987923597, 36.014895580221761 ], [ 127.083932456798834, 36.014853236180599 ], [ 127.083778527764053, 36.014597989966127 ], [ 127.083679490462799, 36.014487045218843 ], [ 127.083575574869457, 36.014219177033162 ], [ 127.083481431759267, 36.013839181916623 ], [ 127.083485911415622, 36.013613336021891 ], [ 127.083537560279183, 36.013452531967438 ], [ 127.083739850757624, 36.013188261978918 ], [ 127.0840363656161, 36.01292393798078 ], [ 127.08439305961052, 36.012698597147306 ], [ 127.086564806943471, 36.011443043152404 ], [ 127.087236430724786, 36.011102477980579 ], [ 127.087471897302223, 36.01104489057694 ], [ 127.089578954088694, 36.011746482321847 ], [ 127.089809922160683, 36.011868822381558 ], [ 127.090064512735012, 36.01206002288415 ], [ 127.090239065333876, 36.01228956974446 ], [ 127.090512713442507, 36.012656834676115 ], [ 127.090752733662953, 36.01301541556505 ], [ 127.090795247726831, 36.013122566171624 ], [ 127.090814973030575, 36.013907283089004 ], [ 127.090894644496899, 36.014801050951249 ], [ 127.090923083854406, 36.014954143326435 ], [ 127.090998657610172, 36.015130165062345 ], [ 127.091116595678898, 36.015275554676009 ], [ 127.091662431634163, 36.015763929348367 ], [ 127.091784993111801, 36.015840406067788 ], [ 127.094406734765656, 36.017034185305384 ], [ 127.096439036221128, 36.017693702672283 ], [ 127.096651102072116, 36.017747130819487 ], [ 127.096863250644319, 36.017873277994319 ], [ 127.097483664995821, 36.018361083390609 ], [ 127.097577978726846, 36.018437556749383 ], [ 127.097625180740238, 36.018514081150322 ], [ 127.097951799288936, 36.019868705670177 ], [ 127.097974208507665, 36.020140516556481 ], [ 127.09801906760454, 36.020705062388096 ], [ 127.098023092512435, 36.021054113448869 ], [ 127.097990324041646, 36.021319329059004 ], [ 127.097950040808982, 36.021644379240684 ], [ 127.09792829951887, 36.021945570723453 ], [ 127.09793949156645, 36.022059083436005 ], [ 127.098112717677225, 36.022288945927471 ], [ 127.098443438539221, 36.022613282481181 ], [ 127.100748569748347, 36.024637126185631 ], [ 127.100822479809707, 36.024700239668825 ], [ 127.100880418838599, 36.024749714888074 ], [ 127.100931987910201, 36.024788494129012 ], [ 127.101233833557046, 36.024856951091309 ], [ 127.101556353350844, 36.024925205510378 ], [ 127.102613737925509, 36.025010795975724 ], [ 127.102911523945238, 36.025028337249026 ], [ 127.103020719441716, 36.025034768227009 ], [ 127.103061508817476, 36.025037169825453 ], [ 127.103504588039797, 36.025034405331347 ], [ 127.103652722871701, 36.025033477716811 ], [ 127.104400764914189, 36.024990989268012 ], [ 127.107841885682205, 36.025781735927332 ], [ 127.114407626210706, 36.028295044542176 ], [ 127.114503775102264, 36.028335515615311 ], [ 127.114720124438534, 36.028438978833186 ], [ 127.114771916225209, 36.028464450873834 ], [ 127.114831133278315, 36.028525988455179 ], [ 127.115653618423821, 36.029492424001909 ], [ 127.115738825885529, 36.029626032275985 ], [ 127.115840613182726, 36.029838910346626 ], [ 127.116136919554705, 36.030562734496016 ], [ 127.117486503179265, 36.027923011080397 ], [ 127.117593204355856, 36.027806116613291 ], [ 127.117621894215048, 36.027752696382485 ], [ 127.117683380579152, 36.027632518334833 ], [ 127.117773522127692, 36.02743223929518 ], [ 127.118213096169001, 36.026397495782234 ], [ 127.118243809607378, 36.026317376003256 ], [ 127.118251953589521, 36.02626731621914 ], [ 127.118236464348868, 36.02621061857014 ], [ 127.11811642055639, 36.026062404491654 ], [ 127.118081464899461, 36.026045743692464 ], [ 127.117804475023902, 36.025952905055867 ], [ 127.117540083745283, 36.025825023512645 ], [ 127.117488645352609, 36.025795036848727 ], [ 127.117420765468736, 36.025750045838265 ], [ 127.116847907715908, 36.025169127527739 ], [ 127.11640457765418, 36.02469805875424 ], [ 127.116006748173263, 36.024135818838054 ], [ 127.116035457319143, 36.024107416181714 ], [ 127.118329308148077, 36.022396134108881 ], [ 127.120382286123117, 36.020991031316981 ], [ 127.120665053864087, 36.020804156512142 ], [ 127.121187240172603, 36.020390558539006 ], [ 127.121338265951067, 36.020247239842988 ], [ 127.121426472417838, 36.020140365802625 ], [ 127.121479292456897, 36.02006896919211 ], [ 127.122574696250098, 36.016306644497647 ], [ 127.122545961546123, 36.015170567481725 ], [ 127.124537383418016, 36.012844166489835 ], [ 127.124772115675597, 36.012638893966397 ], [ 127.124930746942766, 36.012425330050014 ], [ 127.125571953556019, 36.011402402567782 ], [ 127.125613277565591, 36.01129557092144 ], [ 127.125627018920369, 36.011222567255835 ], [ 127.125590542820333, 36.010023337513253 ], [ 127.125548909749384, 36.009927931447912 ], [ 127.125389650815166, 36.009731443581778 ], [ 127.125168177554428, 36.009551979602371 ], [ 127.125015823438773, 36.009366755599686 ], [ 127.124780092608944, 36.00892602770967 ], [ 127.124724542291503, 36.008723940793601 ], [ 127.124751508487506, 36.008302589984147 ], [ 127.125161794225889, 36.005465556792295 ] ] ] ] } },
{ "type": "Feature", "properties": { "OBJECTID": 2293, "adm_nm": "전북특별자치도 익산시 춘포면", "adm_cd": "3503042", "adm_cd2": "4514042000", "sgg": "45140", "sido": "45", "sidonm": "전북특별자치도", "sggnm": "익산시" }, "geometry": { "type": "MultiPolygon", "coordinates": [ [ [ [ 127.052820010319309, 35.968989261549304 ], [ 127.051947750411983, 35.963476130869651 ], [ 127.051890646920853, 35.963054343472749 ], [ 127.051865245006397, 35.962789760479126 ], [ 127.051852435577118, 35.962535454852102 ], [ 127.0518512402288, 35.960958491943757 ], [ 127.0518727627761, 35.960153376070984 ], [ 127.051897703103776, 35.959655010633909 ], [ 127.05191654057181, 35.959485473505012 ], [ 127.05223770902515, 35.958714300920647 ], [ 127.052411085822584, 35.958313492157387 ], [ 127.052697555565615, 35.957664740371776 ], [ 127.053140921785371, 35.956631026876529 ], [ 127.053189780366495, 35.956517104154813 ], [ 127.053220344315847, 35.956445835262713 ], [ 127.053232858523501, 35.956278838414065 ], [ 127.053551655683663, 35.952000216245253 ], [ 127.053563701768752, 35.951682414325226 ], [ 127.053811911450509, 35.944822474781454 ], [ 127.053815801485896, 35.944566971142045 ], [ 127.053807519190585, 35.943907627026604 ], [ 127.053786016918352, 35.942300730948986 ], [ 127.053773576930723, 35.941975538152718 ], [ 127.053732656677838, 35.941650898523697 ], [ 127.053340537980048, 35.94025958133227 ], [ 127.053070908507436, 35.939351589525899 ], [ 127.052800650727178, 35.938196636943836 ], [ 127.053065878448507, 35.933321954152099 ], [ 127.053114631253422, 35.933063106254153 ], [ 127.054300616550265, 35.928362940823042 ], [ 127.054377978609239, 35.928233491852801 ], [ 127.05456125676362, 35.927985189776919 ], [ 127.054856792754634, 35.927600120336002 ], [ 127.055061906777311, 35.927361700581564 ], [ 127.05524206478762, 35.927200288068406 ], [ 127.055552806210031, 35.926937096945402 ], [ 127.055711584664039, 35.926819296849267 ], [ 127.055907792790592, 35.926691305402379 ], [ 127.056020194999832, 35.926612766480382 ], [ 127.056121850151698, 35.926511008560652 ], [ 127.057493187888468, 35.92386970991452 ], [ 127.057528833589089, 35.923798518620529 ], [ 127.057557334740707, 35.923720045831523 ], [ 127.057792143840388, 35.923052754126438 ], [ 127.057806360243603, 35.922952508265467 ], [ 127.057829390153046, 35.922693910307295 ], [ 127.057832846146283, 35.9225079513933 ], [ 127.057718214091139, 35.921784323397091 ], [ 127.057691381584419, 35.921688489293864 ], [ 127.057641363600808, 35.921580998655664 ], [ 127.057564562333241, 35.921464829696852 ], [ 127.05734348668129, 35.921191815237179 ], [ 127.057222079758276, 35.921052407900532 ], [ 127.057075765522896, 35.920907306028234 ], [ 127.055034349086199, 35.921875913092826 ], [ 127.05434955625752, 35.922153409436362 ], [ 127.05317362490463, 35.922288926193694 ], [ 127.05259485992724, 35.922215598749865 ], [ 127.049665853672181, 35.923210014001882 ], [ 127.045571656574197, 35.924859713398575 ], [ 127.043060566445206, 35.925837033260834 ], [ 127.041715282980405, 35.925692065235914 ], [ 127.041229774255029, 35.925297507965219 ], [ 127.040863279503171, 35.924501255749853 ], [ 127.039772514243936, 35.922437982009583 ], [ 127.039348004287461, 35.921872387966523 ], [ 127.03861748210096, 35.920899068663317 ], [ 127.038520221674545, 35.920769487886375 ], [ 127.038256146866303, 35.920423306939647 ], [ 127.037097789851757, 35.919232565479881 ], [ 127.035922602115022, 35.918464229019804 ], [ 127.033326269626087, 35.918935840477943 ], [ 127.032160013395895, 35.91910235553992 ], [ 127.031768710355806, 35.919128997883597 ], [ 127.031206011144505, 35.91901705796375 ], [ 127.030128859082609, 35.918689550050061 ], [ 127.029721250348359, 35.918545317947675 ], [ 127.028881777019393, 35.917309590491804 ], [ 127.028987127385108, 35.915396653585901 ], [ 127.030608231731605, 35.912690241830845 ], [ 127.031867318342194, 35.910647074894769 ], [ 127.032156686989723, 35.910494645132843 ], [ 127.03237799741423, 35.910487664184224 ], [ 127.03380799908993, 35.910244919804285 ], [ 127.034191003853763, 35.910168643293048 ], [ 127.03521638493477, 35.909844579830214 ], [ 127.035441958932836, 35.909309610087035 ], [ 127.035433359172814, 35.909122621298501 ], [ 127.03532262537199, 35.908928748510313 ], [ 127.034530922334056, 35.908776621806481 ], [ 127.033415774876531, 35.908645351574002 ], [ 127.033007045106345, 35.908278452932393 ], [ 127.032419341700788, 35.907357570144498 ], [ 127.032206156248932, 35.906353509927207 ], [ 127.032231496625016, 35.905854903527619 ], [ 127.032290977342967, 35.905543263046312 ], [ 127.032486574330889, 35.905134649971458 ], [ 127.032980017932033, 35.904525120692455 ], [ 127.033430993594351, 35.904171836484181 ], [ 127.033609685295019, 35.904040217290806 ], [ 127.034528724980035, 35.903499819264553 ], [ 127.034673401721776, 35.903458222063186 ], [ 127.034869184603238, 35.903472026686345 ], [ 127.035107611309968, 35.903728180156932 ], [ 127.035201291287066, 35.903845886866165 ], [ 127.035422610606219, 35.903880438760702 ], [ 127.035694934824107, 35.903755721547988 ], [ 127.035856579140216, 35.903582542359757 ], [ 127.036019885222814, 35.903172579542186 ], [ 127.036172045722779, 35.90278315243507 ], [ 127.036279077869878, 35.901846098520771 ], [ 127.03678462969124, 35.897183625181469 ], [ 127.036885787908261, 35.894981451494374 ], [ 127.037225285793966, 35.893458957871935 ], [ 127.036629615758969, 35.893056403426407 ], [ 127.035650742275806, 35.892689640864369 ], [ 127.034040606770958, 35.892468478448407 ], [ 127.032983930176727, 35.892932728977563 ], [ 127.032635110207636, 35.893209833376844 ], [ 127.032405471664887, 35.893590768463952 ], [ 127.031818868105248, 35.895232119517438 ], [ 127.031470101943185, 35.895682339628422 ], [ 127.030755489219487, 35.89647888342698 ], [ 127.029521720040151, 35.897365577864939 ], [ 127.028815435902587, 35.89771890403388 ], [ 127.02842397238247, 35.897829792556891 ], [ 127.02818875270421, 35.897829846028898 ], [ 127.024290257642775, 35.896168668970098 ], [ 127.023839080259307, 35.895822524695703 ], [ 127.023549592952236, 35.895365514859051 ], [ 127.023217561989981, 35.894991623456285 ], [ 127.022502584535431, 35.894687065975425 ], [ 127.020987584836192, 35.894292589316734 ], [ 127.019045582261199, 35.894209782445742 ], [ 127.017835599643561, 35.894653157797933 ], [ 127.016953256184436, 35.895208627732082 ], [ 127.01674636415602, 35.895338863725506 ], [ 127.014900839735517, 35.895733539798577 ], [ 127.011929814600208, 35.89529473473516 ], [ 127.010264248373446, 35.895048683406102 ], [ 127.006025875293759, 35.894335647572674 ], [ 127.001523736793516, 35.893366226901257 ], [ 127.000434398879193, 35.893026912388763 ], [ 127.000323754846349, 35.892964584338827 ], [ 127.000323757192916, 35.892784525866205 ], [ 127.000817380358853, 35.891932757188613 ], [ 127.001328003006137, 35.891004816702797 ], [ 127.001608836877793, 35.890069945640242 ], [ 127.001642870157468, 35.88946749061067 ], [ 127.001438639562068, 35.889045052911321 ], [ 126.999421801493895, 35.886974474967985 ], [ 126.997643333595335, 35.884786123719898 ], [ 126.997498690918178, 35.884599161397944 ], [ 126.997558285604526, 35.884052074949075 ], [ 126.997871868370424, 35.883704340472079 ], [ 126.997396863570003, 35.883145403310735 ], [ 126.997246615637749, 35.883145408352831 ], [ 126.994906325604148, 35.883353372647704 ], [ 126.994777524201979, 35.883438460502809 ], [ 126.994717568050433, 35.883478075290405 ], [ 126.994080474757894, 35.884082469339454 ], [ 126.993785482677382, 35.884715673874524 ], [ 126.993490956410881, 35.885590593259728 ], [ 126.993478674076712, 35.885627108578497 ], [ 126.99307741597616, 35.887066224582149 ], [ 126.993006600194292, 35.887373221705261 ], [ 126.99298532930996, 35.887632260834145 ], [ 126.992982974208218, 35.88766104800267 ], [ 126.993019898045176, 35.887908887857137 ], [ 126.993149636558783, 35.888225496752966 ], [ 126.993420944189722, 35.88848455668434 ], [ 126.993904628839275, 35.888762835197184 ], [ 126.994251657317278, 35.888844548389578 ], [ 126.994351287644349, 35.888868006458885 ], [ 126.994691956752007, 35.888782043580349 ], [ 126.99472677362418, 35.88875727794229 ], [ 126.99478790584422, 35.888714899333046 ], [ 126.994990018241495, 35.888762898493574 ], [ 126.995284964733884, 35.888839659912023 ], [ 126.995509098321776, 35.8889643975646 ], [ 126.995615262909354, 35.88929061589959 ], [ 126.995623661027736, 35.88934587867854 ], [ 126.995744980068281, 35.890144497027258 ], [ 126.99587470825908, 35.891037610165512 ], [ 126.99589514622383, 35.891199855887059 ], [ 126.995812526038677, 35.891698745599712 ], [ 126.995399551825798, 35.892092096726728 ], [ 126.994995891097759, 35.89218967433802 ], [ 126.99496303672332, 35.892197609111271 ], [ 126.994158527663984, 35.892190527764406 ], [ 126.994209473337818, 35.892989583830712 ], [ 126.994278065849826, 35.894065420320857 ], [ 126.994260796616672, 35.896780014668437 ], [ 126.993843666651941, 35.897797951170119 ], [ 126.991818054386897, 35.897770115287138 ], [ 126.992345632182207, 35.898670418104835 ], [ 126.993256175429082, 35.900124709258819 ], [ 126.99385187673677, 35.901018059148974 ], [ 126.995494362911344, 35.903753516537051 ], [ 126.987960983166133, 35.90701455856891 ], [ 126.984439063297756, 35.908475067815587 ], [ 126.981099586148758, 35.909859751967211 ], [ 126.982239803000994, 35.911701984556196 ], [ 126.983771606532969, 35.913696589191659 ], [ 126.988155025664682, 35.917408928602235 ], [ 126.991483676175676, 35.917305369021385 ], [ 126.992454115530791, 35.917741719943955 ], [ 126.994241796512682, 35.918676715095117 ], [ 126.99533129440438, 35.921225151084009 ], [ 126.997490716504103, 35.926105577730681 ], [ 126.997953193018432, 35.927256868061242 ], [ 126.998779159752331, 35.928920151852459 ], [ 127.001190338180763, 35.928256687957628 ], [ 127.003694747465303, 35.928333321963535 ], [ 127.004346876908457, 35.929791853213985 ], [ 127.00654741931433, 35.929187036165644 ], [ 127.008831713590752, 35.928496988779152 ], [ 127.011669733607732, 35.929007822630787 ], [ 127.013280769363973, 35.929835838621514 ], [ 127.013704963396151, 35.930794950263902 ], [ 127.014725518758212, 35.933168400883268 ], [ 127.014659052891105, 35.933509418986134 ], [ 127.014667617969124, 35.933814104114191 ], [ 127.014685079152287, 35.933893787279374 ], [ 127.014908308316109, 35.934531204199217 ], [ 127.015354282630227, 35.9357777300362 ], [ 127.015562831347651, 35.936327094352592 ], [ 127.016104591923536, 35.937624775970868 ], [ 127.017015480431496, 35.939632488616461 ], [ 127.017096245419467, 35.93973986966212 ], [ 127.017099964049194, 35.939975505244476 ], [ 127.016705921454971, 35.941013689107024 ], [ 127.014764563242011, 35.945895123538655 ], [ 127.014303457411884, 35.946071243732732 ], [ 127.014090555215233, 35.946078199748065 ], [ 127.014033518126212, 35.946077968834196 ], [ 127.013920539693302, 35.948072586169921 ], [ 127.0148408284537, 35.951119436416391 ], [ 127.01574394924792, 35.953009830739639 ], [ 127.016308253271305, 35.954184678990863 ], [ 127.016553097515114, 35.954503089626449 ], [ 127.018529698517, 35.956319566785055 ], [ 127.01938154943592, 35.956852660469806 ], [ 127.020974334169836, 35.957018614571368 ], [ 127.021834632583207, 35.957205446021248 ], [ 127.022493308120403, 35.957555003460179 ], [ 127.022681299119995, 35.957737390313419 ], [ 127.023598282999544, 35.959178727836402 ], [ 127.025931212250555, 35.960805995978745 ], [ 127.028316137873986, 35.962108104843495 ], [ 127.028739697857191, 35.963526256759643 ], [ 127.029076639312549, 35.963595681074636 ], [ 127.030107338675748, 35.963623124767224 ], [ 127.031495665661794, 35.963318104580814 ], [ 127.032142942373014, 35.963082483671997 ], [ 127.033820464963071, 35.961787086051991 ], [ 127.035327621264983, 35.960581742912055 ], [ 127.035991963468618, 35.960477697515316 ], [ 127.038138340793694, 35.960283158726433 ], [ 127.039708324226382, 35.960255206870372 ], [ 127.041327112327536, 35.961638792698047 ], [ 127.041443869005079, 35.961762710890547 ], [ 127.041644673548504, 35.962013250299734 ], [ 127.041943383977227, 35.962479057332963 ], [ 127.042272717887457, 35.963124108501653 ], [ 127.042482837195124, 35.963706343938291 ], [ 127.042578011944769, 35.964028073404705 ], [ 127.044930836881662, 35.967358109873992 ], [ 127.047573115481882, 35.970023199657554 ], [ 127.04916794766909, 35.969603962517617 ], [ 127.052820010319309, 35.968989261549304 ] ] ] ] } },
{ "type": "Feature", "properties": { "OBJECTID": 2294, "adm_nm": "전북특별자치도 익산시 삼기면", "adm_cd": "3503043", "adm_cd2": "4514043000", "sgg": "45140", "sido": "45", "sidonm": "전북특별자치도", "sggnm": "익산시" }, "geometry": { "type": "MultiPolygon", "coordinates": [ [ [ [ 127.038762897371626, 36.031793260658688 ], [ 127.04077292955661, 36.029808901802667 ], [ 127.040830698078437, 36.029714934855463 ], [ 127.040835116722874, 36.02964264588411 ], [ 127.04065676123804, 36.028686900019672 ], [ 127.040572060219006, 36.028311112991474 ], [ 127.040500791182652, 36.028050944732762 ], [ 127.039540017195421, 36.025315366088527 ], [ 127.038753945735252, 36.024349784320066 ], [ 127.038708888986633, 36.024311608447938 ], [ 127.038648197315666, 36.024310031624069 ], [ 127.038520938391073, 36.024319621670976 ], [ 127.038351662997158, 36.024376426160103 ], [ 127.038052161522501, 36.024495863904491 ], [ 127.03784274149119, 36.024651854696117 ], [ 127.03743292316959, 36.025069437041367 ], [ 127.037141339161195, 36.025373458550646 ], [ 127.036980845855169, 36.025470562310332 ], [ 127.035650202741238, 36.025879192688002 ], [ 127.035336974989207, 36.025950893916892 ], [ 127.033659447643487, 36.026105613821883 ], [ 127.033475402868305, 36.026108852319666 ], [ 127.03331943933722, 36.026089905517928 ], [ 127.032779671887837, 36.025969281012806 ], [ 127.031971854750736, 36.025730986916294 ], [ 127.03138348154026, 36.025548436066366 ], [ 127.027312981012727, 36.025679458219464 ], [ 127.027147138698652, 36.025851052368502 ], [ 127.026972934015404, 36.026003848691779 ], [ 127.026828074927366, 36.026077084234885 ], [ 127.026640902011124, 36.026148281805526 ], [ 127.026405967760809, 36.02619130179518 ], [ 127.026251292642343, 36.02618655169487 ], [ 127.026165147819654, 36.026154750684704 ], [ 127.024803657917474, 36.025570202297779 ], [ 127.02472574317072, 36.025492918356349 ], [ 127.02329942651231, 36.023946961901096 ], [ 127.023139265896745, 36.02376790585906 ], [ 127.022909631266813, 36.02339719280068 ], [ 127.022754816489766, 36.023110117421126 ], [ 127.020948622640262, 36.019740987580114 ], [ 127.020361357761118, 36.017946505008403 ], [ 127.020300437305224, 36.017160775222351 ], [ 127.019880659514044, 36.016279397552168 ], [ 127.01981933916278, 36.016213503358962 ], [ 127.019691877832798, 36.016130760573397 ], [ 127.019482210698115, 36.016056824957651 ], [ 127.019024131792563, 36.015904396634475 ], [ 127.01787620531853, 36.015549709593884 ], [ 127.017376909765986, 36.015400416299613 ], [ 127.012625427102932, 36.014450729868742 ], [ 127.012116358590632, 36.01443628863754 ], [ 127.011973966071281, 36.014434677013547 ], [ 127.011281225882982, 36.0145839702611 ], [ 127.010181209934842, 36.014812090116692 ], [ 127.009169869136983, 36.015021200407631 ], [ 127.008981975000623, 36.01498905536851 ], [ 127.008790109073246, 36.014915093729151 ], [ 127.008551348396367, 36.014746749577299 ], [ 127.005442224608458, 36.012197767169816 ], [ 127.005049045287052, 36.01176140780305 ], [ 127.004687118291386, 36.011354601135224 ], [ 127.004653550940205, 36.011260325605271 ], [ 127.004511166929092, 36.010828129326335 ], [ 127.004477465134627, 36.010597246334996 ], [ 127.004511085924449, 36.010526510940934 ], [ 127.004576335973965, 36.010475048581924 ], [ 127.005069676007338, 36.010311552085312 ], [ 127.005287224212395, 36.010229541862344 ], [ 127.00546914337842, 36.010129846765381 ], [ 127.006960726810277, 36.009197255994138 ], [ 127.007114525894025, 36.009062675944449 ], [ 127.00717403470459, 36.00898933779871 ], [ 127.007203500816544, 36.008919553750211 ], [ 127.007159990029479, 36.00877163081713 ], [ 127.007043933198432, 36.008518333872516 ], [ 127.00692132554957, 36.008359161265048 ], [ 127.006788033451755, 36.008278764568438 ], [ 127.006200582109415, 36.008000242334624 ], [ 127.006039692401842, 36.007926084641966 ], [ 127.005868763743479, 36.00789359800671 ], [ 127.005334297951975, 36.007838514487624 ], [ 127.004243031968926, 36.007603180442629 ], [ 127.003953194297949, 36.007507134740301 ], [ 127.003577450990804, 36.00736082211175 ], [ 127.003239851916376, 36.007209997892659 ], [ 126.999945379388109, 36.005696278642645 ], [ 126.999899942854924, 36.005665426380553 ], [ 126.999874357537266, 36.005648043574723 ], [ 126.998334847473032, 35.999783993268466 ], [ 126.998285184922054, 35.999535668833396 ], [ 126.998151921342213, 35.998743502814705 ], [ 126.998073190651056, 35.998167802430849 ], [ 126.998061071657929, 35.998020189482958 ], [ 126.998127750849235, 35.997117176869537 ], [ 126.998559542484273, 35.996321027398409 ], [ 126.998662990770839, 35.996165890510717 ], [ 126.999066797599312, 35.995672260516407 ], [ 126.999257011726201, 35.995473240121441 ], [ 126.999473642221787, 35.995307580969872 ], [ 126.999806660149886, 35.995047258948084 ], [ 126.999910120014277, 35.994858701051506 ], [ 126.999916585252151, 35.994682520526567 ], [ 126.999590379171607, 35.993624440926162 ], [ 126.999519347650221, 35.993411751100105 ], [ 126.999248199063246, 35.993083690560766 ], [ 126.999173840305673, 35.993028482661821 ], [ 126.998705058494608, 35.992815467328313 ], [ 126.998091784986542, 35.992621703140145 ], [ 126.99789265764413, 35.992558788556401 ], [ 126.997136768966612, 35.992618509816701 ], [ 126.995768431541862, 35.992916555287046 ], [ 126.994467862947346, 35.993255351834001 ], [ 126.994105450012952, 35.993454451871166 ], [ 126.993808382442168, 35.993620334484959 ], [ 126.992246256247228, 35.994179080377414 ], [ 126.991644752735283, 35.99428339054429 ], [ 126.991017957201464, 35.994261222539976 ], [ 126.990644851762639, 35.994242166251858 ], [ 126.988739714147087, 35.994101761854303 ], [ 126.98758739760892, 35.99388627864726 ], [ 126.987383650566812, 35.993824008516583 ], [ 126.984954260627276, 35.993654477014431 ], [ 126.980102622954362, 35.99350817329497 ], [ 126.978817872608275, 35.99352853720211 ], [ 126.978387310757512, 35.993556488459994 ], [ 126.978333370919174, 35.993574900469689 ], [ 126.978262801590532, 35.993613047927369 ], [ 126.96928016573618, 35.998503598309405 ], [ 126.966630997911324, 36.000742991381074 ], [ 126.966554068938962, 36.00082874498149 ], [ 126.966130928599227, 36.002539241638416 ], [ 126.963963040550411, 36.001892978324285 ], [ 126.963745092934801, 36.001899040126666 ], [ 126.963671325071061, 36.00190109410525 ], [ 126.963440073432835, 36.006474770834046 ], [ 126.965165176151345, 36.009481130054255 ], [ 126.964961163134433, 36.00956727140013 ], [ 126.963948891372667, 36.009953866321609 ], [ 126.963451547611598, 36.010143798221549 ], [ 126.963326210376678, 36.0102689628836 ], [ 126.963273684918562, 36.010321419823676 ], [ 126.963355090477549, 36.010706104409451 ], [ 126.963485991516762, 36.011002561681551 ], [ 126.964690145659873, 36.013096171574446 ], [ 126.963233451774641, 36.0182970595501 ], [ 126.962383171567637, 36.019642859190178 ], [ 126.962232110889289, 36.019854792304805 ], [ 126.962134896928106, 36.019964514889622 ], [ 126.961682411971225, 36.020133678332186 ], [ 126.961430432297632, 36.020195437565434 ], [ 126.961244214114814, 36.020221446578212 ], [ 126.960541193532336, 36.020248258429866 ], [ 126.96034127905402, 36.020248190271381 ], [ 126.960124724931887, 36.020227831672713 ], [ 126.959674950099341, 36.020187095916214 ], [ 126.959599940530381, 36.020254720766246 ], [ 126.959358273925673, 36.020484561980062 ], [ 126.959158218617688, 36.02074148445039 ], [ 126.959008172408005, 36.020978133876859 ], [ 126.958941433259213, 36.021147181743181 ], [ 126.958932968639999, 36.02136358375207 ], [ 126.959057284030152, 36.022567445459288 ], [ 126.959098718285205, 36.022946188928536 ], [ 126.959281562330915, 36.023757792123071 ], [ 126.95938964486794, 36.024095989006746 ], [ 126.959456203233472, 36.024278613406267 ], [ 126.959547748098629, 36.024440953066232 ], [ 126.960295240561194, 36.025472758719872 ], [ 126.960946463122312, 36.026274083867122 ], [ 126.961787335794625, 36.026808740523961 ], [ 126.96205335695818, 36.02696878859792 ], [ 126.962503909598482, 36.026891561975511 ], [ 126.962997771529899, 36.026807346533424 ], [ 126.963309530234014, 36.027095775789363 ], [ 126.965927927669398, 36.029851097166841 ], [ 126.968951774075549, 36.033119119811246 ], [ 126.969681201518753, 36.033924438092512 ], [ 126.97042602905988, 36.034712258981322 ], [ 126.970789803350684, 36.035035851602871 ], [ 126.971188245161002, 36.03536645160095 ], [ 126.971851506881066, 36.035797394983376 ], [ 126.972734477892573, 36.036007979161184 ], [ 126.97417260211482, 36.037015269444211 ], [ 126.974248833925017, 36.037133058473096 ], [ 126.974299002304235, 36.037281046008282 ], [ 126.974334308102058, 36.037410877319111 ], [ 126.974321618468451, 36.0375945405371 ], [ 126.974284606694226, 36.037873356829202 ], [ 126.973893769178261, 36.03944552610205 ], [ 126.97504232443589, 36.039354157290532 ], [ 126.979300265291741, 36.038574830772134 ], [ 126.980149720134875, 36.038327192092332 ], [ 126.98065475659898, 36.038179972164109 ], [ 126.982062397137597, 36.038282483608818 ], [ 126.985072323940173, 36.039884913648365 ], [ 126.985477690644672, 36.040452469179328 ], [ 126.986598778460632, 36.041254807976131 ], [ 126.987672128054342, 36.041683830915368 ], [ 126.989964672683143, 36.042467781871167 ], [ 126.991383159798147, 36.041769473003946 ], [ 126.993471101148174, 36.04196238688197 ], [ 126.995471175329314, 36.042279844309512 ], [ 126.9962359970432, 36.042253393785032 ], [ 126.996584354757488, 36.042190138098391 ], [ 126.99705580870976, 36.042018220407627 ], [ 126.997437527509248, 36.041809012378621 ], [ 126.997549698639517, 36.041700332126432 ], [ 126.997695397906156, 36.041490824578219 ], [ 126.997911705039655, 36.041455043578289 ], [ 126.998228916276588, 36.041408038825786 ], [ 126.998840735531743, 36.041361564465006 ], [ 126.999536464597014, 36.0413515823899 ], [ 127.000537591050232, 36.041361277247418 ], [ 127.000949553155053, 36.041377453924106 ], [ 127.001191379377474, 36.041454742685602 ], [ 127.001984033212622, 36.041711351194515 ], [ 127.002699370794076, 36.041947097683675 ], [ 127.002844654722765, 36.04199882052783 ], [ 127.003110744671247, 36.042184317798963 ], [ 127.003313748540648, 36.042324979167077 ], [ 127.003437151191932, 36.042373473158676 ], [ 127.003794378276112, 36.042449250181555 ], [ 127.004453914311853, 36.042557437194965 ], [ 127.006060422569874, 36.042749728933302 ], [ 127.007167927875514, 36.042533883951243 ], [ 127.007329132552684, 36.042457874486935 ], [ 127.009523939685877, 36.041289533962988 ], [ 127.012254555468047, 36.041062662620114 ], [ 127.012320217622047, 36.041033550884457 ], [ 127.01263010694376, 36.040619000364615 ], [ 127.012717669269307, 36.040449232953762 ], [ 127.012793156163752, 36.040271994614614 ], [ 127.012828958314401, 36.040079599035714 ], [ 127.012820892974872, 36.039598693252245 ], [ 127.012771244472887, 36.03901126647218 ], [ 127.012683757226569, 36.038489892354704 ], [ 127.012506699829331, 36.037957287279312 ], [ 127.012474828729964, 36.037734186496529 ], [ 127.012464769261712, 36.037435796100063 ], [ 127.012544324704635, 36.03718680419243 ], [ 127.012686998282931, 36.036975752040235 ], [ 127.01435940663643, 36.035288713845269 ], [ 127.014935950533612, 36.035306001993582 ], [ 127.01513616216485, 36.035965635195744 ], [ 127.016030856713286, 36.036653863645526 ], [ 127.016996135519108, 36.037074392555823 ], [ 127.01893837130936, 36.037351370459191 ], [ 127.020386134984633, 36.037159946095407 ], [ 127.021576928191124, 36.036732598003304 ], [ 127.022909532885492, 36.037010007804945 ], [ 127.023663623511936, 36.037234788898616 ], [ 127.023995023344497, 36.037360308290644 ], [ 127.024124024967037, 36.037432547262462 ], [ 127.024497723066773, 36.037652915164571 ], [ 127.02459557404336, 36.037699870626739 ], [ 127.024702325369176, 36.037728753975038 ], [ 127.024791292459412, 36.037732344170699 ], [ 127.025854337459052, 36.037759236222804 ], [ 127.025943280840949, 36.037744756922542 ], [ 127.026210138404622, 36.037679660096948 ], [ 127.030484077915389, 36.036451883677259 ], [ 127.033094543343097, 36.035544197546876 ], [ 127.03467302392086, 36.034419920875997 ], [ 127.034988694757914, 36.034116305922034 ], [ 127.035446645928161, 36.033772879472323 ], [ 127.035540013733751, 36.033711407183681 ], [ 127.0373852450562, 36.032536455752663 ], [ 127.038762897371626, 36.031793260658688 ] ] ] ] } },
{ "type": "Feature", "properties": { "OBJECTID": 2295, "adm_nm": "전북특별자치도 익산시 용동면", "adm_cd": "3503044", "adm_cd2": "4514044000", "sgg": "45140", "sido": "45", "sidonm": "전북특별자치도", "sggnm": "익산시" }, "geometry": { "type": "MultiPolygon", "coordinates": [ [ [ [ 127.019651948307143, 36.093792289834674 ], [ 127.019470507058386, 36.092882218476909 ], [ 127.018348298102183, 36.088809884787516 ], [ 127.017107626796673, 36.086805996503145 ], [ 127.008624293300414, 36.083478945555385 ], [ 127.008036006022522, 36.083289618252813 ], [ 127.007967402716531, 36.08326754202465 ], [ 127.007923870534555, 36.08325999925534 ], [ 127.00653508427061, 36.08301975772067 ], [ 127.005883524647501, 36.083120546508511 ], [ 127.00524930794451, 36.083221692747649 ], [ 127.004128116634149, 36.083304461783982 ], [ 127.002938947979615, 36.083249327955379 ], [ 127.002689792010926, 36.083230935458296 ], [ 127.001206176466283, 36.082789685035536 ], [ 126.999507407822904, 36.082228893705654 ], [ 126.996155243761962, 36.080895807418315 ], [ 126.994577137162693, 36.081529038451841 ], [ 126.992076309487572, 36.083212384381746 ], [ 126.991782079066184, 36.083501313022808 ], [ 126.991665940818109, 36.083645802075374 ], [ 126.991419851744169, 36.084473804625638 ], [ 126.991185732012113, 36.085122562012344 ], [ 126.988445950064559, 36.087143138925811 ], [ 126.988542685368486, 36.087471101273287 ], [ 126.988410972614062, 36.089430685656431 ], [ 126.988404511544275, 36.08952679426821 ], [ 126.987312942211275, 36.091531111294387 ], [ 126.986767135481969, 36.092533262048718 ], [ 126.986560176673606, 36.093121291336836 ], [ 126.986462654923756, 36.09386738712891 ], [ 126.986416414935277, 36.09422114497233 ], [ 126.986128869992967, 36.096420850985837 ], [ 126.985732370915628, 36.097339115990316 ], [ 126.985483330742596, 36.097915862148668 ], [ 126.985335862519676, 36.098257375861316 ], [ 126.984939340337448, 36.099175634185748 ], [ 126.982676506772108, 36.103857347280631 ], [ 126.981663252735657, 36.105648356414015 ], [ 126.978116487022504, 36.111916817275642 ], [ 126.976840191826568, 36.11265456492039 ], [ 126.975563872839629, 36.113392298680708 ], [ 126.97670266629018, 36.11411155810142 ], [ 126.977841476143539, 36.114830803156316 ], [ 126.977825268839638, 36.11491543099519 ], [ 126.977658451885191, 36.115786137158373 ], [ 126.976743202123785, 36.120562774640852 ], [ 126.976560134876436, 36.121518102159392 ], [ 126.976019677226631, 36.124338387533989 ], [ 126.976010927917685, 36.124384078395778 ], [ 126.976301792668394, 36.126417709859268 ], [ 126.976447230427965, 36.127434525114147 ], [ 126.976278397403007, 36.12769180375593 ], [ 126.975857048974476, 36.128333835841758 ], [ 126.975359730720214, 36.128854098459271 ], [ 126.974115382169629, 36.129262410757384 ], [ 126.972871027544201, 36.129670708220139 ], [ 126.970717882647619, 36.130597903190797 ], [ 126.969380957518155, 36.131504757430356 ], [ 126.968528540104387, 36.13240903570891 ], [ 126.967676109750769, 36.13331330674923 ], [ 126.966827370331771, 36.134743211295252 ], [ 126.966481264733261, 36.136204993593957 ], [ 126.966468756587361, 36.136308921318587 ], [ 126.967617616840982, 36.136411856457315 ], [ 126.968820218055356, 36.136630764155775 ], [ 126.969989703288775, 36.136843632370812 ], [ 126.971159194971321, 36.137056490113075 ], [ 126.972328692021179, 36.137269332869742 ], [ 126.973782169050608, 36.137425748312054 ], [ 126.976177288896722, 36.136865091392586 ], [ 126.977374831794322, 36.136584745728854 ], [ 126.978572370766287, 36.136304386224595 ], [ 126.979769898026149, 36.136024013747729 ], [ 126.980733311203394, 36.135619706288495 ], [ 126.981776063252269, 36.135077513025486 ], [ 126.981538122865885, 36.134893590495032 ], [ 126.982501821157854, 36.133147100503166 ], [ 126.983816759637151, 36.131538551622384 ], [ 126.985856440971531, 36.132145560061581 ], [ 126.990997628071568, 36.129868089403146 ], [ 126.991682290111243, 36.129134272098717 ], [ 126.992366942731508, 36.128400446195563 ], [ 126.991423126099576, 36.127826577504088 ], [ 126.99047931434643, 36.127252703196312 ], [ 126.989925606263441, 36.126253375208741 ], [ 126.989925643620126, 36.125995960695249 ], [ 126.989948394046237, 36.125389241560811 ], [ 126.990777788472926, 36.123870031954148 ], [ 126.992339805670525, 36.121197474596933 ], [ 126.992747779870996, 36.12053560924803 ], [ 126.993949013743745, 36.118651159673711 ], [ 126.994696882636859, 36.11796173455398 ], [ 126.995761965117154, 36.117391810269403 ], [ 126.997108003010993, 36.116983373501085 ], [ 126.997246253052992, 36.116941423282654 ], [ 126.99757483839403, 36.116877092931105 ], [ 126.99837925607406, 36.116996625234343 ], [ 126.998775781822175, 36.117934312444916 ], [ 126.999172315770892, 36.118871998266172 ], [ 126.999738818775043, 36.120260126916449 ], [ 127.000384631305707, 36.121822938997155 ], [ 127.003749863193661, 36.120958775722819 ], [ 127.004860211945015, 36.119285652430008 ], [ 127.007432246889195, 36.11961648271761 ], [ 127.008571017246226, 36.120149617987266 ], [ 127.008783206897718, 36.120248955493608 ], [ 127.009709805364778, 36.120682733496857 ], [ 127.014582019186093, 36.12077422345839 ], [ 127.017629546486901, 36.118677862201693 ], [ 127.018760200375709, 36.117792960630666 ], [ 127.020426381187434, 36.1112863431281 ], [ 127.020426047123678, 36.109898206527291 ], [ 127.01989304883314, 36.107664408201501 ], [ 127.019259840748006, 36.105599427397905 ], [ 127.018289935288479, 36.103240504202113 ], [ 127.01794026864431, 36.102410597403306 ], [ 127.017511515573204, 36.101395087758 ], [ 127.017422755377567, 36.101368164670248 ], [ 127.017239786059648, 36.101312669011563 ], [ 127.016950781254366, 36.101092422924332 ], [ 127.016789747035588, 36.100864991975122 ], [ 127.015425253033413, 36.098732383546043 ], [ 127.015403675308292, 36.098653219613716 ], [ 127.015393360305993, 36.098306796649474 ], [ 127.015406109086811, 36.098057662465116 ], [ 127.015443741278574, 36.097322267168174 ], [ 127.015489860746655, 36.096613322984872 ], [ 127.015569670018039, 36.096453118429238 ], [ 127.017927628727023, 36.094533629166762 ], [ 127.018360777851029, 36.094187769571512 ], [ 127.019221552374546, 36.093875086034345 ], [ 127.019651948307143, 36.093792289834674 ] ] ] ] } },
{ "type": "Feature", "properties": { "OBJECTID": 2296, "adm_nm": "전북특별자치도 익산시 중앙동", "adm_cd": "3503051", "adm_cd2": "4514052000", "sgg": "45140", "sido": "45", "sidonm": "전북특별자치도", "sggnm": "익산시" }, "geometry": { "type": "MultiPolygon", "coordinates": [ [ [ [ 126.947390270866066, 35.944880815255821 ], [ 126.948474470895633, 35.944593380343782 ], [ 126.948866834636874, 35.944489363882887 ], [ 126.951983986937051, 35.943435896690417 ], [ 126.952209890891481, 35.943357326475621 ], [ 126.952256286240441, 35.943341178849366 ], [ 126.952504279542126, 35.943204804253952 ], [ 126.952572936622289, 35.943137572971615 ], [ 126.954876099318298, 35.940436583929568 ], [ 126.955247829124346, 35.939597170356464 ], [ 126.955090038623197, 35.939391599232771 ], [ 126.954815978879992, 35.939005113210989 ], [ 126.954532750789014, 35.938135234808492 ], [ 126.954552720284539, 35.937983018893476 ], [ 126.954619461556305, 35.937553063094803 ], [ 126.954755606122092, 35.936708292075856 ], [ 126.954771915049989, 35.93662518895988 ], [ 126.954801076329261, 35.936476704923308 ], [ 126.954798339031839, 35.936406490995971 ], [ 126.954792599992615, 35.936364304723604 ], [ 126.954551786466311, 35.935267136346035 ], [ 126.954374248492215, 35.93450695245965 ], [ 126.954302383574927, 35.934415911273071 ], [ 126.953802648586972, 35.933965540372569 ], [ 126.953754881584999, 35.933931498018374 ], [ 126.949340328520591, 35.936113052595168 ], [ 126.948283545107557, 35.936622955447277 ], [ 126.948239510706145, 35.936644086497409 ], [ 126.947917052489615, 35.936798799110647 ], [ 126.947300149079041, 35.937074580711084 ], [ 126.947262249680321, 35.937083568171253 ], [ 126.946162169026863, 35.937344353364168 ], [ 126.946138437820665, 35.937317909311055 ], [ 126.94589511265545, 35.936685530453921 ], [ 126.945844773630839, 35.936554698156854 ], [ 126.945563268578255, 35.935865501669994 ], [ 126.945444526935944, 35.935892829469317 ], [ 126.943341356341961, 35.936417873620279 ], [ 126.943298989683811, 35.93642155038313 ], [ 126.943140005926381, 35.936435353834405 ], [ 126.942780191198324, 35.936629689949484 ], [ 126.942917456632287, 35.937010958739272 ], [ 126.943206637072407, 35.937802681508337 ], [ 126.943355829308672, 35.938211102359574 ], [ 126.943517802708826, 35.938645921315924 ], [ 126.943812784400407, 35.939403619899061 ], [ 126.943028413859579, 35.940641717778881 ], [ 126.943207579858026, 35.940907043024275 ], [ 126.9440314943554, 35.942127138311236 ], [ 126.946381320564214, 35.945103439473783 ], [ 126.947390270866066, 35.944880815255821 ] ] ] ] } },
{ "type": "Feature", "properties": { "OBJECTID": 2297, "adm_nm": "전북특별자치도 익산시 평화동", "adm_cd": "3503053", "adm_cd2": "4514053000", "sgg": "45140", "sido": "45", "sidonm": "전북특별자치도", "sggnm": "익산시" }, "geometry": { "type": "MultiPolygon", "coordinates": [ [ [ [ 126.949340328520591, 35.936113052595168 ], [ 126.945968845543717, 35.931618275158051 ], [ 126.944746659742364, 35.92965072374961 ], [ 126.942822732756198, 35.925414690695895 ], [ 126.942840575417705, 35.924664973276236 ], [ 126.944051967191854, 35.923621939500109 ], [ 126.944814754207727, 35.92301609900354 ], [ 126.944971353727041, 35.922620381907301 ], [ 126.944993035526764, 35.918625865860797 ], [ 126.941808616318227, 35.912937275664241 ], [ 126.941363028011281, 35.912038389559065 ], [ 126.938384551261564, 35.912731119818872 ], [ 126.937214286444615, 35.912694610340928 ], [ 126.937067845199891, 35.912673700230506 ], [ 126.935555669511345, 35.912457723660829 ], [ 126.932605650146456, 35.911566567463467 ], [ 126.931853032257607, 35.913574786906956 ], [ 126.931832308569867, 35.913597015907939 ], [ 126.931162055087597, 35.913467924142374 ], [ 126.928894350573714, 35.912823278140976 ], [ 126.927985555699095, 35.912563945522315 ], [ 126.927804749229864, 35.912514820853183 ], [ 126.927036297057938, 35.912306045749283 ], [ 126.925908413912651, 35.912597748822236 ], [ 126.925460545672891, 35.912777598677657 ], [ 126.911435674233189, 35.919728007339884 ], [ 126.91141027534573, 35.919750442453129 ], [ 126.911403458889922, 35.919779588145111 ], [ 126.9120247844685, 35.921627529285338 ], [ 126.912687258419155, 35.923115250731016 ], [ 126.912725990672996, 35.923202221045173 ], [ 126.91282927605485, 35.923434132197471 ], [ 126.913442476679009, 35.924734899518299 ], [ 126.914082671528149, 35.926027179661212 ], [ 126.914565525770854, 35.926996484912351 ], [ 126.915053750173158, 35.927975124107761 ], [ 126.916166796526028, 35.929884785862832 ], [ 126.917157316784539, 35.931583979002873 ], [ 126.918758551853358, 35.934246456023637 ], [ 126.920619731996823, 35.93701228262541 ], [ 126.921353189166979, 35.937070175466737 ], [ 126.921881405515308, 35.937058087735757 ], [ 126.922296096749108, 35.937049389528504 ], [ 126.922538804574259, 35.937024393203757 ], [ 126.926853654788232, 35.936523457679577 ], [ 126.92695396019694, 35.936505841645456 ], [ 126.927723585934757, 35.936208411900516 ], [ 126.928014822733985, 35.936060511095967 ], [ 126.928046127857769, 35.936050236975539 ], [ 126.928691416913296, 35.935838560975284 ], [ 126.929564240135036, 35.935595723870399 ], [ 126.930113687857173, 35.935495145665293 ], [ 126.930650731973401, 35.935419939066257 ], [ 126.935661851394173, 35.935284922597106 ], [ 126.9403984513756, 35.935425916230258 ], [ 126.940594593038696, 35.935435282830724 ], [ 126.940903017827878, 35.935457716851239 ], [ 126.94113107225418, 35.935491190976158 ], [ 126.941341504524445, 35.935523839748598 ], [ 126.94155472815693, 35.935572137425325 ], [ 126.941873449617958, 35.935659689162776 ], [ 126.942039899774102, 35.93571165706237 ], [ 126.942181276543081, 35.935764554968983 ], [ 126.9424327055562, 35.935865902402554 ], [ 126.94275576697234, 35.936023146886889 ], [ 126.942891415242812, 35.936101975964867 ], [ 126.94303048281229, 35.936187281553096 ], [ 126.943227033209496, 35.936320319650996 ], [ 126.943341356341961, 35.936417873620279 ], [ 126.945444526935944, 35.935892829469317 ], [ 126.945563268578255, 35.935865501669994 ], [ 126.945844773630839, 35.936554698156854 ], [ 126.94589511265545, 35.936685530453921 ], [ 126.946138437820665, 35.937317909311055 ], [ 126.946162169026863, 35.937344353364168 ], [ 126.947262249680321, 35.937083568171253 ], [ 126.947300149079041, 35.937074580711084 ], [ 126.947917052489615, 35.936798799110647 ], [ 126.948239510706145, 35.936644086497409 ], [ 126.948283545107557, 35.936622955447277 ], [ 126.949340328520591, 35.936113052595168 ] ] ] ] } },
{ "type": "Feature", "properties": { "OBJECTID": 2298, "adm_nm": "전북특별자치도 익산시 인화동", "adm_cd": "3503055", "adm_cd2": "4514056000", "sgg": "45140", "sido": "45", "sidonm": "전북특별자치도", "sggnm": "익산시" }, "geometry": { "type": "MultiPolygon", "coordinates": [ [ [ [ 126.961271593280856, 35.933461878414107 ], [ 126.960184509552064, 35.932983573602634 ], [ 126.960056925732914, 35.932924571259527 ], [ 126.958991972430724, 35.932432006364678 ], [ 126.957723692113632, 35.931713424993184 ], [ 126.957623789862041, 35.931542419514848 ], [ 126.956902669491015, 35.930306849745406 ], [ 126.956507807497459, 35.929512153880857 ], [ 126.955748651108067, 35.92762219658281 ], [ 126.957192790934315, 35.92731492010936 ], [ 126.95832590735877, 35.926329091946634 ], [ 126.958131242485848, 35.925778038071691 ], [ 126.957407016280612, 35.925155964227024 ], [ 126.954531068702551, 35.922926423354014 ], [ 126.954353769261729, 35.921232980872233 ], [ 126.952875741675257, 35.919864020828342 ], [ 126.950716330644866, 35.918067139533832 ], [ 126.950182134855979, 35.916674808313999 ], [ 126.949786059868558, 35.915642396323776 ], [ 126.949397104887112, 35.91462854330387 ], [ 126.946344317738138, 35.910332998088947 ], [ 126.944573778240724, 35.910888642544698 ], [ 126.941363028011281, 35.912038389559065 ], [ 126.941808616318227, 35.912937275664241 ], [ 126.944993035526764, 35.918625865860797 ], [ 126.944971353727041, 35.922620381907301 ], [ 126.944814754207727, 35.92301609900354 ], [ 126.944051967191854, 35.923621939500109 ], [ 126.942840575417705, 35.924664973276236 ], [ 126.942822732756198, 35.925414690695895 ], [ 126.944746659742364, 35.92965072374961 ], [ 126.945968845543717, 35.931618275158051 ], [ 126.949340328520591, 35.936113052595168 ], [ 126.953754881584999, 35.933931498018374 ], [ 126.953802648586972, 35.933965540372569 ], [ 126.954302383574927, 35.934415911273071 ], [ 126.954374248492215, 35.93450695245965 ], [ 126.954551786466311, 35.935267136346035 ], [ 126.954792599992615, 35.936364304723604 ], [ 126.954798339031839, 35.936406490995971 ], [ 126.954801076329261, 35.936476704923308 ], [ 126.954771915049989, 35.93662518895988 ], [ 126.954755606122092, 35.936708292075856 ], [ 126.954619461556305, 35.937553063094803 ], [ 126.954552720284539, 35.937983018893476 ], [ 126.954532750789014, 35.938135234808492 ], [ 126.954815978879992, 35.939005113210989 ], [ 126.955090038623197, 35.939391599232771 ], [ 126.955247829124346, 35.939597170356464 ], [ 126.958025334876467, 35.93768163299292 ], [ 126.959213191287773, 35.936396783327261 ], [ 126.959809796191252, 35.93553096736683 ], [ 126.959930524010531, 35.935355747105056 ], [ 126.960015055387444, 35.93481370912211 ], [ 126.961271593280856, 35.933461878414107 ] ] ] ] } },
{ "type": "Feature", "properties": { "OBJECTID": 2299, "adm_nm": "전북특별자치도 익산시 동산동", "adm_cd": "3503057", "adm_cd2": "4514057000", "sgg": "45140", "sido": "45", "sidonm": "전북특별자치도", "sggnm": "익산시" }, "geometry": { "type": "MultiPolygon", "coordinates": [ [ [ [ 126.997490716504103, 35.926105577730681 ], [ 126.99533129440438, 35.921225151084009 ], [ 126.994241796512682, 35.918676715095117 ], [ 126.992454115530791, 35.917741719943955 ], [ 126.991483676175676, 35.917305369021385 ], [ 126.988155025664682, 35.917408928602235 ], [ 126.983771606532969, 35.913696589191659 ], [ 126.982239803000994, 35.911701984556196 ], [ 126.981099586148758, 35.909859751967211 ], [ 126.984439063297756, 35.908475067815587 ], [ 126.987960983166133, 35.90701455856891 ], [ 126.995494362911344, 35.903753516537051 ], [ 126.99385187673677, 35.901018059148974 ], [ 126.993256175429082, 35.900124709258819 ], [ 126.992345632182207, 35.898670418104835 ], [ 126.991818054386897, 35.897770115287138 ], [ 126.993843666651941, 35.897797951170119 ], [ 126.994260796616672, 35.896780014668437 ], [ 126.994278065849826, 35.894065420320857 ], [ 126.994209473337818, 35.892989583830712 ], [ 126.994158527663984, 35.892190527764406 ], [ 126.992585401475324, 35.892146072465557 ], [ 126.991228581917809, 35.892337845844217 ], [ 126.990591452005589, 35.892500900617577 ], [ 126.990072290055252, 35.892769481126123 ], [ 126.989694658582167, 35.893325913020838 ], [ 126.98873870384206, 35.895100758171992 ], [ 126.98784751726285, 35.896132192115005 ], [ 126.986820931106422, 35.896650175368798 ], [ 126.981298643554098, 35.898203617112593 ], [ 126.977594987682195, 35.898490488653941 ], [ 126.977083405981048, 35.898458587005607 ], [ 126.975589145991307, 35.898365364694264 ], [ 126.974362142983964, 35.898058067132247 ], [ 126.972922760500765, 35.897769912741616 ], [ 126.972143977633678, 35.897884848601578 ], [ 126.970613715189899, 35.898521478467217 ], [ 126.962169563747352, 35.902237218387278 ], [ 126.960127677463291, 35.903291909357087 ], [ 126.959348704387864, 35.90402213649466 ], [ 126.958574695590158, 35.904747712349476 ], [ 126.95711043071266, 35.906637231562293 ], [ 126.953480424134739, 35.909029689542976 ], [ 126.952949283652188, 35.909202175025982 ], [ 126.950376366062031, 35.909738384645301 ], [ 126.949408600052848, 35.909891470517842 ], [ 126.948358219490927, 35.910044518883119 ], [ 126.946344317738138, 35.910332998088947 ], [ 126.949397104887112, 35.91462854330387 ], [ 126.949786059868558, 35.915642396323776 ], [ 126.950182134855979, 35.916674808313999 ], [ 126.950716330644866, 35.918067139533832 ], [ 126.952875741675257, 35.919864020828342 ], [ 126.954353769261729, 35.921232980872233 ], [ 126.954531068702551, 35.922926423354014 ], [ 126.957407016280612, 35.925155964227024 ], [ 126.958131242485848, 35.925778038071691 ], [ 126.95832590735877, 35.926329091946634 ], [ 126.957192790934315, 35.92731492010936 ], [ 126.955748651108067, 35.92762219658281 ], [ 126.956507807497459, 35.929512153880857 ], [ 126.956902669491015, 35.930306849745406 ], [ 126.957623789862041, 35.931542419514848 ], [ 126.957723692113632, 35.931713424993184 ], [ 126.958991972430724, 35.932432006364678 ], [ 126.960056925732914, 35.932924571259527 ], [ 126.960184509552064, 35.932983573602634 ], [ 126.961271593280856, 35.933461878414107 ], [ 126.965611743006008, 35.935379972172861 ], [ 126.966240581450421, 35.935657852761942 ], [ 126.966456003232381, 35.935332735298893 ], [ 126.966577190145813, 35.935149827861018 ], [ 126.966835643886469, 35.934759730210473 ], [ 126.967915306849648, 35.934289817915861 ], [ 126.968980640883075, 35.934160505362343 ], [ 126.971257750129752, 35.93403339280713 ], [ 126.972115774531332, 35.934550824089541 ], [ 126.972064422737688, 35.937240197028089 ], [ 126.972063062408054, 35.937288047540832 ], [ 126.972015816625728, 35.937385359525337 ], [ 126.970606842363239, 35.939751457016762 ], [ 126.975920330384966, 35.939475890958789 ], [ 126.976920649020528, 35.938888575504521 ], [ 126.979446939672528, 35.936738288807724 ], [ 126.979619896003356, 35.936523845747942 ], [ 126.982545390122056, 35.93278282710861 ], [ 126.981254278156342, 35.929849189606394 ], [ 126.989573855836682, 35.927383577448147 ], [ 126.991333814155098, 35.926935448212511 ], [ 126.991560731235523, 35.927477412847608 ], [ 126.995008078478676, 35.926843436350119 ], [ 126.997490716504103, 35.926105577730681 ] ] ] ] } },
{ "type": "Feature", "properties": { "OBJECTID": 2300, "adm_nm": "전북특별자치도 익산시 마동", "adm_cd": "3503058", "adm_cd2": "4514058000", "sgg": "45140", "sido": "45", "sidonm": "전북특별자치도", "sggnm": "익산시" }, "geometry": { "type": "MultiPolygon", "coordinates": [ [ [ [ 126.970176532293792, 35.945906788036474 ], [ 126.9697154594908, 35.943973872136596 ], [ 126.969224667503468, 35.942727356992911 ], [ 126.969548301446437, 35.939727684630803 ], [ 126.970606842363239, 35.939751457016762 ], [ 126.972015816625728, 35.937385359525337 ], [ 126.972063062408054, 35.937288047540832 ], [ 126.972064422737688, 35.937240197028089 ], [ 126.972115774531332, 35.934550824089541 ], [ 126.971257750129752, 35.93403339280713 ], [ 126.968980640883075, 35.934160505362343 ], [ 126.967915306849648, 35.934289817915861 ], [ 126.966835643886469, 35.934759730210473 ], [ 126.966577190145813, 35.935149827861018 ], [ 126.966456003232381, 35.935332735298893 ], [ 126.966240581450421, 35.935657852761942 ], [ 126.965611743006008, 35.935379972172861 ], [ 126.961271593280856, 35.933461878414107 ], [ 126.960015055387444, 35.93481370912211 ], [ 126.959930524010531, 35.935355747105056 ], [ 126.959809796191252, 35.93553096736683 ], [ 126.959213191287773, 35.936396783327261 ], [ 126.958025334876467, 35.93768163299292 ], [ 126.955247829124346, 35.939597170356464 ], [ 126.957271100922554, 35.941109442056081 ], [ 126.95741033644282, 35.941229360064476 ], [ 126.957515413301437, 35.941626845886034 ], [ 126.95759481418574, 35.942082631422849 ], [ 126.957583761181922, 35.942415594724167 ], [ 126.957564860588889, 35.942984442589768 ], [ 126.957593478975397, 35.943018840460994 ], [ 126.957744178282994, 35.943199914243827 ], [ 126.96137387565642, 35.946837977053626 ], [ 126.962359167756148, 35.948079826631904 ], [ 126.966526394250835, 35.945909637629285 ], [ 126.970176532293792, 35.945906788036474 ] ] ] ] } },
{ "type": "Feature", "properties": { "OBJECTID": 2301, "adm_nm": "전북특별자치도 익산시 남중동", "adm_cd": "3503059", "adm_cd2": "4514059500", "sgg": "45140", "sido": "45", "sidonm": "전북특별자치도", "sggnm": "익산시" }, "geometry": { "type": "MultiPolygon", "coordinates": [ [ [ [ 126.966107266056369, 35.95568748189983 ], [ 126.965448896315635, 35.955206063705702 ], [ 126.9654075733377, 35.95517512104103 ], [ 126.96535758578996, 35.955133931073227 ], [ 126.965314603643364, 35.955093001298003 ], [ 126.965262639926138, 35.955039175734122 ], [ 126.96522186695023, 35.9549875295654 ], [ 126.965169470937226, 35.954918564356909 ], [ 126.965131144212577, 35.954865121372244 ], [ 126.965084285109214, 35.954797956030063 ], [ 126.96503842397307, 35.954728998250758 ], [ 126.964992237980894, 35.954658071738301 ], [ 126.964920232860621, 35.954543227302466 ], [ 126.964862088039894, 35.954437568703824 ], [ 126.964836974890318, 35.954389270402395 ], [ 126.964818126037812, 35.95434735623153 ], [ 126.964769670947263, 35.954230514207701 ], [ 126.964742959091367, 35.95416608113198 ], [ 126.964648617758797, 35.953938132644481 ], [ 126.964609869404029, 35.953837193700231 ], [ 126.964585521253966, 35.953769410006593 ], [ 126.964577369847362, 35.953744606990988 ], [ 126.96456338399507, 35.953701991396962 ], [ 126.964540252124863, 35.953629806151746 ], [ 126.96451944056885, 35.953560666904245 ], [ 126.964504397920606, 35.953494407823143 ], [ 126.964492584453836, 35.953401678968106 ], [ 126.964484198545449, 35.953318312178425 ], [ 126.964476804348166, 35.953237191162621 ], [ 126.963733969768398, 35.951328837951884 ], [ 126.962728974428515, 35.948820593217512 ], [ 126.962624565320624, 35.948584889327513 ], [ 126.962553268525156, 35.948428320088709 ], [ 126.96241242775271, 35.948136447009993 ], [ 126.962359167756148, 35.948079826631904 ], [ 126.96137387565642, 35.946837977053626 ], [ 126.957744178282994, 35.943199914243827 ], [ 126.957593478975397, 35.943018840460994 ], [ 126.957564860588889, 35.942984442589768 ], [ 126.957583761181922, 35.942415594724167 ], [ 126.95759481418574, 35.942082631422849 ], [ 126.957515413301437, 35.941626845886034 ], [ 126.95741033644282, 35.941229360064476 ], [ 126.957271100922554, 35.941109442056081 ], [ 126.955247829124346, 35.939597170356464 ], [ 126.954876099318298, 35.940436583929568 ], [ 126.952572936622289, 35.943137572971615 ], [ 126.952504279542126, 35.943204804253952 ], [ 126.952256286240441, 35.943341178849366 ], [ 126.952209890891481, 35.943357326475621 ], [ 126.951983986937051, 35.943435896690417 ], [ 126.948866834636874, 35.944489363882887 ], [ 126.948474470895633, 35.944593380343782 ], [ 126.947390270866066, 35.944880815255821 ], [ 126.948003376474759, 35.9465921628424 ], [ 126.949074603407141, 35.949992505276207 ], [ 126.949543179399683, 35.950553398664773 ], [ 126.952476019298672, 35.953777041986399 ], [ 126.953568593692182, 35.954901710343847 ], [ 126.954078798574315, 35.955165880509732 ], [ 126.954695173067933, 35.955452919189398 ], [ 126.95781754029592, 35.956824359771424 ], [ 126.960684622700882, 35.957191856480243 ], [ 126.962397503556133, 35.95670289253848 ], [ 126.966107266056369, 35.95568748189983 ] ] ] ] } },
{ "type": "Feature", "properties": { "OBJECTID": 2302, "adm_nm": "전북특별자치도 익산시 모현동", "adm_cd": "3503061", "adm_cd2": "4514061000", "sgg": "45140", "sido": "45", "sidonm": "전북특별자치도", "sggnm": "익산시" }, "geometry": { "type": "MultiPolygon", "coordinates": [ [ [ [ 126.954078798574315, 35.955165880509732 ], [ 126.953568593692182, 35.954901710343847 ], [ 126.952476019298672, 35.953777041986399 ], [ 126.949543179399683, 35.950553398664773 ], [ 126.949074603407141, 35.949992505276207 ], [ 126.948003376474759, 35.9465921628424 ], [ 126.947390270866066, 35.944880815255821 ], [ 126.946381320564214, 35.945103439473783 ], [ 126.9440314943554, 35.942127138311236 ], [ 126.943207579858026, 35.940907043024275 ], [ 126.943028413859579, 35.940641717778881 ], [ 126.941885075248834, 35.941800525585805 ], [ 126.941616756758449, 35.942033032875372 ], [ 126.939815256609364, 35.942788975993025 ], [ 126.936669582640519, 35.943723822430591 ], [ 126.933941140915323, 35.945182045083513 ], [ 126.932243655513417, 35.946485170326689 ], [ 126.93244673383839, 35.946768886967995 ], [ 126.932933099101518, 35.9477061925692 ], [ 126.933684878358022, 35.950526150507677 ], [ 126.933684834421328, 35.950577984401065 ], [ 126.933091148201783, 35.952087019287625 ], [ 126.932929315736487, 35.952337927590499 ], [ 126.932846701973531, 35.952450666655338 ], [ 126.932318531615749, 35.953066774166899 ], [ 126.931816735958009, 35.953655692330159 ], [ 126.931644964897828, 35.954031705615513 ], [ 126.931394840962554, 35.956129287112638 ], [ 126.932743932934628, 35.957495532331826 ], [ 126.932068362670663, 35.957989396553614 ], [ 126.928843932153143, 35.960096063951163 ], [ 126.929448898636181, 35.960713546745062 ], [ 126.931116159022807, 35.960535359873369 ], [ 126.933463726085179, 35.960287460109313 ], [ 126.934019284675401, 35.9604591488133 ], [ 126.934354500002954, 35.960745296146293 ], [ 126.935206671110294, 35.961246528406711 ], [ 126.937208251924275, 35.962369241478953 ], [ 126.937725988548479, 35.96189439642108 ], [ 126.93773569526428, 35.9617386152824 ], [ 126.937722178314715, 35.961174267813277 ], [ 126.937720119643984, 35.961088595712674 ], [ 126.937707889786523, 35.960577988783747 ], [ 126.937878267750008, 35.96042708596363 ], [ 126.94139912182267, 35.960275401634483 ], [ 126.943053290873607, 35.961710172122515 ], [ 126.943666011267794, 35.962349201769726 ], [ 126.943851490574176, 35.96272815721882 ], [ 126.944289666192404, 35.963318421912241 ], [ 126.944366481006909, 35.963414760511469 ], [ 126.944504910440202, 35.963533423572024 ], [ 126.944962305817171, 35.963890407159397 ], [ 126.946502030632587, 35.964853715342059 ], [ 126.946591213829706, 35.964899564812491 ], [ 126.946898734465151, 35.965057656689339 ], [ 126.94713899275915, 35.965068995018562 ], [ 126.947307466342934, 35.965072116996687 ], [ 126.947382357575563, 35.965053905442232 ], [ 126.947479735150196, 35.965014414446436 ], [ 126.947520959668722, 35.964932326356873 ], [ 126.947674673157962, 35.964616119930447 ], [ 126.949085974142562, 35.964576931964345 ], [ 126.949548470758032, 35.963012310946006 ], [ 126.952710917955017, 35.959517677964719 ], [ 126.952853869369633, 35.958938664804613 ], [ 126.95289728076267, 35.958704154179649 ], [ 126.952887309741612, 35.958623672669411 ], [ 126.952916400677211, 35.955788886276004 ], [ 126.954078798574315, 35.955165880509732 ] ] ] ] } },
{ "type": "Feature", "properties": { "OBJECTID": 2303, "adm_nm": "전북특별자치도 익산시 송학동", "adm_cd": "3503062", "adm_cd2": "4514062000", "sgg": "45140", "sido": "45", "sidonm": "전북특별자치도", "sggnm": "익산시" }, "geometry": { "type": "MultiPolygon", "coordinates": [ [ [ [ 126.943028413859579, 35.940641717778881 ], [ 126.943812784400407, 35.939403619899061 ], [ 126.943517802708826, 35.938645921315924 ], [ 126.943355829308672, 35.938211102359574 ], [ 126.943206637072407, 35.937802681508337 ], [ 126.942917456632287, 35.937010958739272 ], [ 126.942780191198324, 35.936629689949484 ], [ 126.943140005926381, 35.936435353834405 ], [ 126.943298989683811, 35.93642155038313 ], [ 126.943341356341961, 35.936417873620279 ], [ 126.943227033209496, 35.936320319650996 ], [ 126.94303048281229, 35.936187281553096 ], [ 126.942891415242812, 35.936101975964867 ], [ 126.94275576697234, 35.936023146886889 ], [ 126.9424327055562, 35.935865902402554 ], [ 126.942181276543081, 35.935764554968983 ], [ 126.942039899774102, 35.93571165706237 ], [ 126.941873449617958, 35.935659689162776 ], [ 126.94155472815693, 35.935572137425325 ], [ 126.941341504524445, 35.935523839748598 ], [ 126.94113107225418, 35.935491190976158 ], [ 126.940903017827878, 35.935457716851239 ], [ 126.940594593038696, 35.935435282830724 ], [ 126.9403984513756, 35.935425916230258 ], [ 126.935661851394173, 35.935284922597106 ], [ 126.930650731973401, 35.935419939066257 ], [ 126.930113687857173, 35.935495145665293 ], [ 126.929564240135036, 35.935595723870399 ], [ 126.928691416913296, 35.935838560975284 ], [ 126.928046127857769, 35.936050236975539 ], [ 126.928014822733985, 35.936060511095967 ], [ 126.927723585934757, 35.936208411900516 ], [ 126.92695396019694, 35.936505841645456 ], [ 126.926853654788232, 35.936523457679577 ], [ 126.922538804574259, 35.937024393203757 ], [ 126.922296096749108, 35.937049389528504 ], [ 126.921881405515308, 35.937058087735757 ], [ 126.92211523662867, 35.938882488799486 ], [ 126.922278639286986, 35.939288197081844 ], [ 126.922338263414531, 35.939384664659535 ], [ 126.92270662568167, 35.939635093269487 ], [ 126.924738832970789, 35.940399571656478 ], [ 126.925429860913525, 35.940581815242169 ], [ 126.92611421821951, 35.940762303635296 ], [ 126.927590639061734, 35.941595862587725 ], [ 126.929094993606881, 35.94269305991336 ], [ 126.931363436642897, 35.945341298978342 ], [ 126.932243655513417, 35.946485170326689 ], [ 126.933941140915323, 35.945182045083513 ], [ 126.936669582640519, 35.943723822430591 ], [ 126.939815256609364, 35.942788975993025 ], [ 126.941616756758449, 35.942033032875372 ], [ 126.941885075248834, 35.941800525585805 ], [ 126.943028413859579, 35.940641717778881 ] ] ] ] } },
{ "type": "Feature", "properties": { "OBJECTID": 2304, "adm_nm": "전북특별자치도 익산시 신동", "adm_cd": "3503065", "adm_cd2": "4514065600", "sgg": "45140", "sido": "45", "sidonm": "전북특별자치도", "sggnm": "익산시" }, "geometry": { "type": "MultiPolygon", "coordinates": [ [ [ [ 126.957589977895836, 35.986383190048606 ], [ 126.958775748092904, 35.985490944340697 ], [ 126.960853360473635, 35.983898559452925 ], [ 126.961536817071305, 35.98195625904733 ], [ 126.96253172916002, 35.979136975778601 ], [ 126.962998033392765, 35.977837664092796 ], [ 126.963577463252207, 35.9764945773791 ], [ 126.964307351570781, 35.975793975690287 ], [ 126.965372744794266, 35.975394458156565 ], [ 126.967159158226309, 35.974978122601989 ], [ 126.968519090707701, 35.974667002132684 ], [ 126.967914947996718, 35.971566323515717 ], [ 126.967870714911228, 35.97131215854796 ], [ 126.967805232981775, 35.970929031932492 ], [ 126.967733483783718, 35.970500016449826 ], [ 126.967690669918156, 35.970238485396081 ], [ 126.967504270285545, 35.96906832913384 ], [ 126.967466093419702, 35.968721317425079 ], [ 126.967409867859004, 35.968210138549388 ], [ 126.96796713715726, 35.964553896215115 ], [ 126.968079026349884, 35.963291453593165 ], [ 126.967475297057376, 35.962811993900416 ], [ 126.967040867070239, 35.960020625949703 ], [ 126.967973065430641, 35.959290725932789 ], [ 126.968535234096095, 35.957604314280999 ], [ 126.968645841174123, 35.957016037766564 ], [ 126.967796475599258, 35.95718456605136 ], [ 126.966107266056369, 35.95568748189983 ], [ 126.962397503556133, 35.95670289253848 ], [ 126.960684622700882, 35.957191856480243 ], [ 126.95781754029592, 35.956824359771424 ], [ 126.954695173067933, 35.955452919189398 ], [ 126.954078798574315, 35.955165880509732 ], [ 126.952916400677211, 35.955788886276004 ], [ 126.952887309741612, 35.958623672669411 ], [ 126.95289728076267, 35.958704154179649 ], [ 126.952853869369633, 35.958938664804613 ], [ 126.952710917955017, 35.959517677964719 ], [ 126.949548470758032, 35.963012310946006 ], [ 126.949085974142562, 35.964576931964345 ], [ 126.947674673157962, 35.964616119930447 ], [ 126.947520959668722, 35.964932326356873 ], [ 126.947479735150196, 35.965014414446436 ], [ 126.947382357575563, 35.965053905442232 ], [ 126.947307466342934, 35.965072116996687 ], [ 126.94713899275915, 35.965068995018562 ], [ 126.946898734465151, 35.965057656689339 ], [ 126.946591213829706, 35.964899564812491 ], [ 126.946502030632587, 35.964853715342059 ], [ 126.944962305817171, 35.963890407159397 ], [ 126.944504910440202, 35.963533423572024 ], [ 126.944366481006909, 35.963414760511469 ], [ 126.944289666192404, 35.963318421912241 ], [ 126.943851490574176, 35.96272815721882 ], [ 126.943666011267794, 35.962349201769726 ], [ 126.943053290873607, 35.961710172122515 ], [ 126.94139912182267, 35.960275401634483 ], [ 126.937878267750008, 35.96042708596363 ], [ 126.937707889786523, 35.960577988783747 ], [ 126.937720119643984, 35.961088595712674 ], [ 126.937722178314715, 35.961174267813277 ], [ 126.93773569526428, 35.9617386152824 ], [ 126.937725988548479, 35.96189439642108 ], [ 126.937208251924275, 35.962369241478953 ], [ 126.935206671110294, 35.961246528406711 ], [ 126.934354500002954, 35.960745296146293 ], [ 126.934019284675401, 35.9604591488133 ], [ 126.933463726085179, 35.960287460109313 ], [ 126.931116159022807, 35.960535359873369 ], [ 126.929448898636181, 35.960713546745062 ], [ 126.928843932153143, 35.960096063951163 ], [ 126.925149700031383, 35.962500958117353 ], [ 126.92270207355223, 35.964693652948142 ], [ 126.922635933412224, 35.965342624068924 ], [ 126.922330520650107, 35.968276980332398 ], [ 126.922153036182735, 35.96995405340482 ], [ 126.921902538974408, 35.972242960536569 ], [ 126.921843469408046, 35.972702690348157 ], [ 126.921784867854015, 35.972699834853842 ], [ 126.918450659115535, 35.97241443121856 ], [ 126.916794103665055, 35.972260774585479 ], [ 126.915360600403304, 35.974070205129578 ], [ 126.915027232759599, 35.9753797442863 ], [ 126.912185068099404, 35.979467221226436 ], [ 126.910625680101774, 35.982356592747934 ], [ 126.909466113753936, 35.981909899217762 ], [ 126.909189761175384, 35.983536967182467 ], [ 126.915942540378509, 35.984188134174282 ], [ 126.920731666979933, 35.984621138812209 ], [ 126.921517329277265, 35.984692034346871 ], [ 126.922132235193573, 35.984707250137049 ], [ 126.922886094537006, 35.984711448551273 ], [ 126.922918826625434, 35.98471071523263 ], [ 126.924347526717924, 35.984629272327673 ], [ 126.928062082224116, 35.984483929432628 ], [ 126.931109319841866, 35.984377882754927 ], [ 126.931310418452, 35.984376502834863 ], [ 126.931918588601235, 35.984372352576116 ], [ 126.932524129160825, 35.984534192559828 ], [ 126.932909915404821, 35.984700353599969 ], [ 126.933663120132962, 35.985024788374091 ], [ 126.936112393813247, 35.986102551416373 ], [ 126.93772856677549, 35.986824913377419 ], [ 126.937778580178062, 35.986847262687142 ], [ 126.940036298837668, 35.987847992212721 ], [ 126.941867540920057, 35.988581367414994 ], [ 126.942904161838584, 35.988692567794104 ], [ 126.9432298207321, 35.988727485024931 ], [ 126.945220812847694, 35.988791568868947 ], [ 126.945845738039267, 35.988654173469179 ], [ 126.946485422091854, 35.988363067092131 ], [ 126.94803837236023, 35.987450955987924 ], [ 126.949660485154197, 35.986597904277879 ], [ 126.950294485709463, 35.986422387491743 ], [ 126.952096911576703, 35.986284999627898 ], [ 126.957589977895836, 35.986383190048606 ] ] ] ] } },
{ "type": "Feature", "properties": { "OBJECTID": 2305, "adm_nm": "전북특별자치도 익산시 영등1동", "adm_cd": "3503066", "adm_cd2": "4514064600", "sgg": "45140", "sido": "45", "sidonm": "전북특별자치도", "sggnm": "익산시" }, "geometry": { "type": "MultiPolygon", "coordinates": [ [ [ [ 126.978522842261086, 35.958536113466131 ], [ 126.978904397622628, 35.953635546399873 ], [ 126.978955094030965, 35.952905622138879 ], [ 126.97897951196083, 35.95253738450856 ], [ 126.979062925419399, 35.951277667298292 ], [ 126.978195636272915, 35.951182865382798 ], [ 126.978357960497874, 35.949143765513746 ], [ 126.978491783430187, 35.947462691444663 ], [ 126.978534067548111, 35.946999925486871 ], [ 126.976512517099223, 35.94691545345102 ], [ 126.975816353513935, 35.946827514215677 ], [ 126.975120179660095, 35.94672007310438 ], [ 126.974564375473477, 35.946527555356141 ], [ 126.974472090912144, 35.946495589355031 ], [ 126.974275607456548, 35.946401814600101 ], [ 126.97392001350704, 35.94623209460368 ], [ 126.973079909363307, 35.945841739868641 ], [ 126.972947889147335, 35.945812449083874 ], [ 126.972253924085479, 35.945743773080572 ], [ 126.971565583121333, 35.945797774717292 ], [ 126.970176532293792, 35.945906788036474 ], [ 126.966526394250835, 35.945909637629285 ], [ 126.962359167756148, 35.948079826631904 ], [ 126.96241242775271, 35.948136447009993 ], [ 126.962553268525156, 35.948428320088709 ], [ 126.962624565320624, 35.948584889327513 ], [ 126.962728974428515, 35.948820593217512 ], [ 126.963733969768398, 35.951328837951884 ], [ 126.964476804348166, 35.953237191162621 ], [ 126.964484198545449, 35.953318312178425 ], [ 126.964492584453836, 35.953401678968106 ], [ 126.964504397920606, 35.953494407823143 ], [ 126.96451944056885, 35.953560666904245 ], [ 126.964540252124863, 35.953629806151746 ], [ 126.96456338399507, 35.953701991396962 ], [ 126.964577369847362, 35.953744606990988 ], [ 126.964585521253966, 35.953769410006593 ], [ 126.964609869404029, 35.953837193700231 ], [ 126.964648617758797, 35.953938132644481 ], [ 126.964742959091367, 35.95416608113198 ], [ 126.964769670947263, 35.954230514207701 ], [ 126.964818126037812, 35.95434735623153 ], [ 126.964836974890318, 35.954389270402395 ], [ 126.964862088039894, 35.954437568703824 ], [ 126.964920232860621, 35.954543227302466 ], [ 126.964992237980894, 35.954658071738301 ], [ 126.96503842397307, 35.954728998250758 ], [ 126.965084285109214, 35.954797956030063 ], [ 126.965131144212577, 35.954865121372244 ], [ 126.965169470937226, 35.954918564356909 ], [ 126.96522186695023, 35.9549875295654 ], [ 126.965262639926138, 35.955039175734122 ], [ 126.965314603643364, 35.955093001298003 ], [ 126.96535758578996, 35.955133931073227 ], [ 126.9654075733377, 35.95517512104103 ], [ 126.965448896315635, 35.955206063705702 ], [ 126.966107266056369, 35.95568748189983 ], [ 126.967796475599258, 35.95718456605136 ], [ 126.968645841174123, 35.957016037766564 ], [ 126.968535234096095, 35.957604314280999 ], [ 126.967973065430641, 35.959290725932789 ], [ 126.971140435699212, 35.958392789440552 ], [ 126.978522842261086, 35.958536113466131 ] ] ] ] } },
{ "type": "Feature", "properties": { "OBJECTID": 2306, "adm_nm": "전북특별자치도 익산시 팔봉동", "adm_cd": "3503069", "adm_cd2": "4514067000", "sgg": "45140", "sido": "45", "sidonm": "전북특별자치도", "sggnm": "익산시" }, "geometry": { "type": "MultiPolygon", "coordinates": [ [ [ [ 127.053523311587568, 35.977135131543733 ], [ 127.053411864850261, 35.976905794253149 ], [ 127.053312007316904, 35.973718889447724 ], [ 127.053303258864929, 35.972184399515093 ], [ 127.052820010319309, 35.968989261549304 ], [ 127.04916794766909, 35.969603962517617 ], [ 127.047573115481882, 35.970023199657554 ], [ 127.044930836881662, 35.967358109873992 ], [ 127.042578011944769, 35.964028073404705 ], [ 127.042482837195124, 35.963706343938291 ], [ 127.042272717887457, 35.963124108501653 ], [ 127.041943383977227, 35.962479057332963 ], [ 127.041644673548504, 35.962013250299734 ], [ 127.041443869005079, 35.961762710890547 ], [ 127.041327112327536, 35.961638792698047 ], [ 127.039708324226382, 35.960255206870372 ], [ 127.038138340793694, 35.960283158726433 ], [ 127.035991963468618, 35.960477697515316 ], [ 127.035327621264983, 35.960581742912055 ], [ 127.033820464963071, 35.961787086051991 ], [ 127.032142942373014, 35.963082483671997 ], [ 127.031495665661794, 35.963318104580814 ], [ 127.030107338675748, 35.963623124767224 ], [ 127.029076639312549, 35.963595681074636 ], [ 127.028739697857191, 35.963526256759643 ], [ 127.028316137873986, 35.962108104843495 ], [ 127.025931212250555, 35.960805995978745 ], [ 127.023598282999544, 35.959178727836402 ], [ 127.022681299119995, 35.957737390313419 ], [ 127.022493308120403, 35.957555003460179 ], [ 127.021834632583207, 35.957205446021248 ], [ 127.020974334169836, 35.957018614571368 ], [ 127.01938154943592, 35.956852660469806 ], [ 127.018529698517, 35.956319566785055 ], [ 127.016553097515114, 35.954503089626449 ], [ 127.016308253271305, 35.954184678990863 ], [ 127.01574394924792, 35.953009830739639 ], [ 127.0148408284537, 35.951119436416391 ], [ 127.013920539693302, 35.948072586169921 ], [ 127.014033518126212, 35.946077968834196 ], [ 127.014090555215233, 35.946078199748065 ], [ 127.014303457411884, 35.946071243732732 ], [ 127.014764563242011, 35.945895123538655 ], [ 127.016705921454971, 35.941013689107024 ], [ 127.017099964049194, 35.939975505244476 ], [ 127.017096245419467, 35.93973986966212 ], [ 127.017015480431496, 35.939632488616461 ], [ 127.016104591923536, 35.937624775970868 ], [ 127.015562831347651, 35.936327094352592 ], [ 127.015354282630227, 35.9357777300362 ], [ 127.014908308316109, 35.934531204199217 ], [ 127.014685079152287, 35.933893787279374 ], [ 127.014667617969124, 35.933814104114191 ], [ 127.014659052891105, 35.933509418986134 ], [ 127.014725518758212, 35.933168400883268 ], [ 127.013704963396151, 35.930794950263902 ], [ 127.013280769363973, 35.929835838621514 ], [ 127.011669733607732, 35.929007822630787 ], [ 127.008831713590752, 35.928496988779152 ], [ 127.00654741931433, 35.929187036165644 ], [ 127.004346876908457, 35.929791853213985 ], [ 127.003694747465303, 35.928333321963535 ], [ 127.001190338180763, 35.928256687957628 ], [ 126.998779159752331, 35.928920151852459 ], [ 126.997953193018432, 35.927256868061242 ], [ 126.997490716504103, 35.926105577730681 ], [ 126.995008078478676, 35.926843436350119 ], [ 126.991560731235523, 35.927477412847608 ], [ 126.991333814155098, 35.926935448212511 ], [ 126.989573855836682, 35.927383577448147 ], [ 126.981254278156342, 35.929849189606394 ], [ 126.982545390122056, 35.93278282710861 ], [ 126.979619896003356, 35.936523845747942 ], [ 126.979446939672528, 35.936738288807724 ], [ 126.976920649020528, 35.938888575504521 ], [ 126.975920330384966, 35.939475890958789 ], [ 126.970606842363239, 35.939751457016762 ], [ 126.969548301446437, 35.939727684630803 ], [ 126.969224667503468, 35.942727356992911 ], [ 126.9697154594908, 35.943973872136596 ], [ 126.970176532293792, 35.945906788036474 ], [ 126.971565583121333, 35.945797774717292 ], [ 126.972253924085479, 35.945743773080572 ], [ 126.972947889147335, 35.945812449083874 ], [ 126.973079909363307, 35.945841739868641 ], [ 126.97392001350704, 35.94623209460368 ], [ 126.974275607456548, 35.946401814600101 ], [ 126.974472090912144, 35.946495589355031 ], [ 126.974564375473477, 35.946527555356141 ], [ 126.975120179660095, 35.94672007310438 ], [ 126.975816353513935, 35.946827514215677 ], [ 126.976512517099223, 35.94691545345102 ], [ 126.978534067548111, 35.946999925486871 ], [ 126.981358275647551, 35.947070573511283 ], [ 126.981401481986225, 35.947074077151271 ], [ 126.98646225668972, 35.947485704096835 ], [ 126.987296044790895, 35.947627166912717 ], [ 126.988441744570864, 35.947929519105223 ], [ 126.989119570202689, 35.948163570435867 ], [ 126.989943848058871, 35.948556011597297 ], [ 126.990291767902733, 35.948770537344053 ], [ 126.990981551635429, 35.949223917508029 ], [ 126.991606458089748, 35.949790711328163 ], [ 126.992512172050141, 35.95072181603107 ], [ 126.994382133021801, 35.952757096170345 ], [ 126.997716589147544, 35.955507456681971 ], [ 126.999148589132474, 35.956766240524324 ], [ 126.999263995121211, 35.956867848042229 ], [ 127.000226675829879, 35.957726882836717 ], [ 127.000459231983399, 35.95794795892639 ], [ 127.000529171823757, 35.958064148516677 ], [ 127.000601675763491, 35.958185794338021 ], [ 127.000683365345168, 35.958337028844348 ], [ 127.002225917658023, 35.961209441141811 ], [ 127.002069586467258, 35.962980458286992 ], [ 127.00509805321299, 35.96488389266441 ], [ 127.005209152711402, 35.964788454159695 ], [ 127.005312350228579, 35.964712375258387 ], [ 127.005518654900413, 35.964597561540103 ], [ 127.005634502408512, 35.964557624197496 ], [ 127.006613593803479, 35.964294538863065 ], [ 127.006850047594739, 35.964251968526362 ], [ 127.006954802218388, 35.964250623731715 ], [ 127.007042168019154, 35.964266119429865 ], [ 127.007465886175325, 35.96437956706238 ], [ 127.007845134397002, 35.964530405469908 ], [ 127.008202486431713, 35.96470196163019 ], [ 127.008314921207528, 35.964767238513268 ], [ 127.008454116492217, 35.964878784477428 ], [ 127.00952058391141, 35.966634584340866 ], [ 127.009869876200526, 35.967226041129351 ], [ 127.010188700519933, 35.968091717000952 ], [ 127.01014383320863, 35.970096541044548 ], [ 127.010053813570536, 35.970156513248263 ], [ 127.0091420280867, 35.970727962581961 ], [ 127.008199494170711, 35.971307517580037 ], [ 127.007256944289566, 35.971887065903381 ], [ 127.004429225561296, 35.973625656504346 ], [ 127.003098720453906, 35.973809503766233 ], [ 127.002690557850585, 35.973863997964422 ], [ 127.002656632908639, 35.975016667894998 ], [ 127.002957306557306, 35.975822752830048 ], [ 127.004190431027013, 35.977437528868975 ], [ 127.004036354621917, 35.979379451691862 ], [ 127.003239965258828, 35.979431671431499 ], [ 127.00273712510706, 35.979584948164437 ], [ 127.002071069696399, 35.980475735051776 ], [ 127.00284181373334, 35.982323681062923 ], [ 127.003124427316962, 35.982887470579676 ], [ 127.003599732166563, 35.983388601338163 ], [ 127.00457603814769, 35.984025465594648 ], [ 127.005937746419974, 35.985069445780951 ], [ 127.006464548398114, 35.986927821953131 ], [ 127.005925163150962, 35.989673682927162 ], [ 127.005401032687928, 35.990775648017738 ], [ 127.008282791168867, 35.991400804779616 ], [ 127.008312943371351, 35.991413725464071 ], [ 127.008860615067377, 35.991648420079876 ], [ 127.009613958290302, 35.99218119043983 ], [ 127.010283594210122, 35.992600582643171 ], [ 127.011957645293819, 35.992985907256518 ], [ 127.012445905648761, 35.993087875691856 ], [ 127.014859305463006, 35.993348385201564 ], [ 127.015849770860612, 35.993393619657986 ], [ 127.016436068707179, 35.993374486970602 ], [ 127.016896022318264, 35.993359471431901 ], [ 127.018165411532564, 35.993053208611755 ], [ 127.01920527673515, 35.991028787550789 ], [ 127.019546069161905, 35.991273164497578 ], [ 127.020034344036873, 35.991443146616959 ], [ 127.020578419216861, 35.99156775656062 ], [ 127.02098295842552, 35.991567690156138 ], [ 127.024079605209877, 35.990864281609817 ], [ 127.024790949192138, 35.990569385055622 ], [ 127.025655698116523, 35.990183787250665 ], [ 127.025990424829871, 35.989979641436413 ], [ 127.026255403001201, 35.989741526987991 ], [ 127.026841072372292, 35.989117881250394 ], [ 127.027426609320273, 35.988097463603488 ], [ 127.028876729950625, 35.986373986450765 ], [ 127.029155583760712, 35.986045154397836 ], [ 127.032791073476545, 35.985363448757859 ], [ 127.036422493059519, 35.985079642553202 ], [ 127.040435335958804, 35.984642005772422 ], [ 127.040969477626575, 35.984545412366955 ], [ 127.048555661101744, 35.981481807038115 ], [ 127.048875672503499, 35.980177963929656 ], [ 127.048875267572797, 35.979497764204751 ], [ 127.048665474215511, 35.978500215572652 ], [ 127.048665145108586, 35.977944727346852 ], [ 127.048678669452713, 35.977241849806745 ], [ 127.049013107920416, 35.976754227790309 ], [ 127.050588849543658, 35.976311477622495 ], [ 127.050993540844971, 35.976651412345781 ], [ 127.05180270779195, 35.977025186423063 ], [ 127.052597803522616, 35.977194892767209 ], [ 127.053523311587568, 35.977135131543733 ] ] ] ] } },
{ "type": "Feature", "properties": { "OBJECTID": 2307, "adm_nm": "전북특별자치도 익산시 삼성동", "adm_cd": "3503070", "adm_cd2": "4514069000", "sgg": "45140", "sido": "45", "sidonm": "전북특별자치도", "sggnm": "익산시" }, "geometry": { "type": "MultiPolygon", "coordinates": [ [ [ [ 126.99789265764413, 35.992558788556401 ], [ 127.000311099221548, 35.991864021839582 ], [ 127.003407944575528, 35.991705304710578 ], [ 127.004356518146182, 35.991591923126094 ], [ 127.005401032687928, 35.990775648017738 ], [ 127.005925163150962, 35.989673682927162 ], [ 127.006464548398114, 35.986927821953131 ], [ 127.005937746419974, 35.985069445780951 ], [ 127.00457603814769, 35.984025465594648 ], [ 127.003599732166563, 35.983388601338163 ], [ 127.003124427316962, 35.982887470579676 ], [ 127.00284181373334, 35.982323681062923 ], [ 127.002071069696399, 35.980475735051776 ], [ 127.00273712510706, 35.979584948164437 ], [ 127.003239965258828, 35.979431671431499 ], [ 127.004036354621917, 35.979379451691862 ], [ 127.004190431027013, 35.977437528868975 ], [ 127.002957306557306, 35.975822752830048 ], [ 127.002656632908639, 35.975016667894998 ], [ 127.002690557850585, 35.973863997964422 ], [ 127.003098720453906, 35.973809503766233 ], [ 127.004429225561296, 35.973625656504346 ], [ 127.007256944289566, 35.971887065903381 ], [ 127.008199494170711, 35.971307517580037 ], [ 127.0091420280867, 35.970727962581961 ], [ 127.010053813570536, 35.970156513248263 ], [ 127.01014383320863, 35.970096541044548 ], [ 127.010188700519933, 35.968091717000952 ], [ 127.009869876200526, 35.967226041129351 ], [ 127.00952058391141, 35.966634584340866 ], [ 127.008454116492217, 35.964878784477428 ], [ 127.008314921207528, 35.964767238513268 ], [ 127.008202486431713, 35.96470196163019 ], [ 127.007845134397002, 35.964530405469908 ], [ 127.007465886175325, 35.96437956706238 ], [ 127.007042168019154, 35.964266119429865 ], [ 127.006954802218388, 35.964250623731715 ], [ 127.006850047594739, 35.964251968526362 ], [ 127.006613593803479, 35.964294538863065 ], [ 127.005634502408512, 35.964557624197496 ], [ 127.005518654900413, 35.964597561540103 ], [ 127.005312350228579, 35.964712375258387 ], [ 127.005209152711402, 35.964788454159695 ], [ 127.00509805321299, 35.96488389266441 ], [ 127.002069586467258, 35.962980458286992 ], [ 127.002225917658023, 35.961209441141811 ], [ 127.000683365345168, 35.958337028844348 ], [ 127.000601675763491, 35.958185794338021 ], [ 127.000529171823757, 35.958064148516677 ], [ 127.000459231983399, 35.95794795892639 ], [ 127.000226675829879, 35.957726882836717 ], [ 126.999263995121211, 35.956867848042229 ], [ 126.999148589132474, 35.956766240524324 ], [ 126.997716589147544, 35.955507456681971 ], [ 126.994382133021801, 35.952757096170345 ], [ 126.991734648146533, 35.954677077710784 ], [ 126.989750651010866, 35.956269396081971 ], [ 126.988778888543209, 35.956139744947592 ], [ 126.98727873223541, 35.955965656995474 ], [ 126.985277839272896, 35.955738332357797 ], [ 126.98472346328208, 35.958945002351101 ], [ 126.985466892738316, 35.959049995847636 ], [ 126.986048798710883, 35.959131701103502 ], [ 126.986593211616125, 35.959205099998449 ], [ 126.986704666177616, 35.95922012659441 ], [ 126.986164009254793, 35.962097222224045 ], [ 126.984920123736558, 35.962020512857336 ], [ 126.984936435671912, 35.965398262395418 ], [ 126.985173020423289, 35.965589604682279 ], [ 126.98476223634627, 35.969839547959566 ], [ 126.984115846144974, 35.970215828816322 ], [ 126.981458329075252, 35.971298509956881 ], [ 126.980969688786672, 35.971416953999658 ], [ 126.978208249188469, 35.972291625453522 ], [ 126.973814705461081, 35.970677310826218 ], [ 126.973420013444127, 35.970508442351317 ], [ 126.969612294080932, 35.97443249166389 ], [ 126.968519090707701, 35.974667002132684 ], [ 126.967159158226309, 35.974978122601989 ], [ 126.965372744794266, 35.975394458156565 ], [ 126.964307351570781, 35.975793975690287 ], [ 126.963577463252207, 35.9764945773791 ], [ 126.962998033392765, 35.977837664092796 ], [ 126.96253172916002, 35.979136975778601 ], [ 126.961536817071305, 35.98195625904733 ], [ 126.960853360473635, 35.983898559452925 ], [ 126.958775748092904, 35.985490944340697 ], [ 126.957589977895836, 35.986383190048606 ], [ 126.96505347067054, 35.988078817845796 ], [ 126.965080724803599, 35.988175524251055 ], [ 126.964891209245252, 35.988652861170308 ], [ 126.964629470074527, 35.989282758827173 ], [ 126.964518830638283, 35.989403176439822 ], [ 126.963423700127763, 35.990454026953948 ], [ 126.962347534982968, 35.991464921868662 ], [ 126.961915432479586, 35.991874948605364 ], [ 126.961889662628593, 35.991912919499725 ], [ 126.961812266279679, 35.992038934611159 ], [ 126.960824836470962, 35.995785161310359 ], [ 126.960821471684355, 35.995827511553294 ], [ 126.960827141521634, 35.996019465936257 ], [ 126.960844902284933, 35.996072057536423 ], [ 126.961169996805054, 35.996798138105888 ], [ 126.961317402521701, 35.997092389628584 ], [ 126.961391006858207, 35.997159913262948 ], [ 126.962171051796304, 35.997679257046563 ], [ 126.962197471402376, 35.997696842751239 ], [ 126.962348710475169, 35.997797533226425 ], [ 126.962926375438613, 35.99818890305832 ], [ 126.96412109863121, 35.999008912268607 ], [ 126.964169264643886, 35.999056801295552 ], [ 126.964195928818114, 35.999107910283804 ], [ 126.96419569692786, 35.999168762443887 ], [ 126.963963040550411, 36.001892978324285 ], [ 126.966130928599227, 36.002539241638416 ], [ 126.966554068938962, 36.00082874498149 ], [ 126.966630997911324, 36.000742991381074 ], [ 126.96928016573618, 35.998503598309405 ], [ 126.978262801590532, 35.993613047927369 ], [ 126.978333370919174, 35.993574900469689 ], [ 126.978387310757512, 35.993556488459994 ], [ 126.978817872608275, 35.99352853720211 ], [ 126.980102622954362, 35.99350817329497 ], [ 126.984954260627276, 35.993654477014431 ], [ 126.987383650566812, 35.993824008516583 ], [ 126.98758739760892, 35.99388627864726 ], [ 126.988739714147087, 35.994101761854303 ], [ 126.990644851762639, 35.994242166251858 ], [ 126.991017957201464, 35.994261222539976 ], [ 126.991644752735283, 35.99428339054429 ], [ 126.992246256247228, 35.994179080377414 ], [ 126.993808382442168, 35.993620334484959 ], [ 126.994105450012952, 35.993454451871166 ], [ 126.994467862947346, 35.993255351834001 ], [ 126.995768431541862, 35.992916555287046 ], [ 126.997136768966612, 35.992618509816701 ], [ 126.99789265764413, 35.992558788556401 ] ] ] ] } },
{ "type": "Feature", "properties": { "OBJECTID": 2308, "adm_nm": "전북특별자치도 익산시 영등2동", "adm_cd": "3503071", "adm_cd2": "4514064700", "sgg": "45140", "sido": "45", "sidonm": "전북특별자치도", "sggnm": "익산시" }, "geometry": { "type": "MultiPolygon", "coordinates": [ [ [ [ 126.973420013444127, 35.970508442351317 ], [ 126.975984102728447, 35.967979335808288 ], [ 126.976584567005673, 35.966255318803356 ], [ 126.977651907291346, 35.965329952796814 ], [ 126.979814154257454, 35.965417932045177 ], [ 126.980416838212108, 35.965255968955155 ], [ 126.981097404350379, 35.961984789398549 ], [ 126.981356742032801, 35.960629991421797 ], [ 126.981401780038013, 35.960394663109554 ], [ 126.981561418422231, 35.959336044489504 ], [ 126.981667678709826, 35.958631346346593 ], [ 126.979577723444208, 35.958565680039733 ], [ 126.978522842261086, 35.958536113466131 ], [ 126.971140435699212, 35.958392789440552 ], [ 126.967973065430641, 35.959290725932789 ], [ 126.967040867070239, 35.960020625949703 ], [ 126.967475297057376, 35.962811993900416 ], [ 126.968079026349884, 35.963291453593165 ], [ 126.96796713715726, 35.964553896215115 ], [ 126.967409867859004, 35.968210138549388 ], [ 126.967466093419702, 35.968721317425079 ], [ 126.967504270285545, 35.96906832913384 ], [ 126.967690669918156, 35.970238485396081 ], [ 126.967733483783718, 35.970500016449826 ], [ 126.967805232981775, 35.970929031932492 ], [ 126.967870714911228, 35.97131215854796 ], [ 126.967914947996718, 35.971566323515717 ], [ 126.968519090707701, 35.974667002132684 ], [ 126.969612294080932, 35.97443249166389 ], [ 126.973420013444127, 35.970508442351317 ] ] ] ] } },
{ "type": "Feature", "properties": { "OBJECTID": 2309, "adm_nm": "전북특별자치도 익산시 어양동", "adm_cd": "3503072", "adm_cd2": "4514065200", "sgg": "45140", "sido": "45", "sidonm": "전북특별자치도", "sggnm": "익산시" }, "geometry": { "type": "MultiPolygon", "coordinates": [ [ [ [ 126.994382133021801, 35.952757096170345 ], [ 126.992512172050141, 35.95072181603107 ], [ 126.991606458089748, 35.949790711328163 ], [ 126.990981551635429, 35.949223917508029 ], [ 126.990291767902733, 35.948770537344053 ], [ 126.989943848058871, 35.948556011597297 ], [ 126.989119570202689, 35.948163570435867 ], [ 126.988441744570864, 35.947929519105223 ], [ 126.987296044790895, 35.947627166912717 ], [ 126.98646225668972, 35.947485704096835 ], [ 126.981401481986225, 35.947074077151271 ], [ 126.981358275647551, 35.947070573511283 ], [ 126.978534067548111, 35.946999925486871 ], [ 126.978491783430187, 35.947462691444663 ], [ 126.978357960497874, 35.949143765513746 ], [ 126.978195636272915, 35.951182865382798 ], [ 126.979062925419399, 35.951277667298292 ], [ 126.97897951196083, 35.95253738450856 ], [ 126.978955094030965, 35.952905622138879 ], [ 126.978904397622628, 35.953635546399873 ], [ 126.978522842261086, 35.958536113466131 ], [ 126.979577723444208, 35.958565680039733 ], [ 126.981667678709826, 35.958631346346593 ], [ 126.981561418422231, 35.959336044489504 ], [ 126.981401780038013, 35.960394663109554 ], [ 126.981356742032801, 35.960629991421797 ], [ 126.981097404350379, 35.961984789398549 ], [ 126.980416838212108, 35.965255968955155 ], [ 126.979814154257454, 35.965417932045177 ], [ 126.977651907291346, 35.965329952796814 ], [ 126.976584567005673, 35.966255318803356 ], [ 126.975984102728447, 35.967979335808288 ], [ 126.973420013444127, 35.970508442351317 ], [ 126.973814705461081, 35.970677310826218 ], [ 126.978208249188469, 35.972291625453522 ], [ 126.980969688786672, 35.971416953999658 ], [ 126.981458329075252, 35.971298509956881 ], [ 126.984115846144974, 35.970215828816322 ], [ 126.98476223634627, 35.969839547959566 ], [ 126.985173020423289, 35.965589604682279 ], [ 126.984936435671912, 35.965398262395418 ], [ 126.984920123736558, 35.962020512857336 ], [ 126.986164009254793, 35.962097222224045 ], [ 126.986704666177616, 35.95922012659441 ], [ 126.986593211616125, 35.959205099998449 ], [ 126.986048798710883, 35.959131701103502 ], [ 126.985466892738316, 35.959049995847636 ], [ 126.98472346328208, 35.958945002351101 ], [ 126.985277839272896, 35.955738332357797 ], [ 126.98727873223541, 35.955965656995474 ], [ 126.988778888543209, 35.956139744947592 ], [ 126.989750651010866, 35.956269396081971 ], [ 126.991734648146533, 35.954677077710784 ], [ 126.994382133021801, 35.952757096170345 ] ] ] ] } }
]
}
