{
"type": "FeatureCollection",
"name": "jeongeupshi",
"crs": { "type": "name", "properties": { "name": "urn:ogc:def:crs:OGC:1.3:CRS84" } },
"features": [
{ "type": "Feature", "properties": { "OBJECTID": 2310, "adm_nm": "전북특별자치도 정읍시 신태인읍", "adm_cd": "3504011", "adm_cd2": "4518025000", "sgg": "45180", "sido": "45", "sidonm": "전북특별자치도", "sggnm": "정읍시" }, "geometry": { "type": "MultiPolygon", "coordinates": [ [ [ [ 126.91743091237629, 35.692880117253054 ], [ 126.916841108950081, 35.692371361125161 ], [ 126.916246970858808, 35.691315305086967 ], [ 126.917539832669448, 35.689978131421448 ], [ 126.918631631066859, 35.687770046484928 ], [ 126.914339269005566, 35.684473443773129 ], [ 126.91304578435269, 35.684092458098114 ], [ 126.904220631956278, 35.68471902348881 ], [ 126.90230625385864, 35.684231887183145 ], [ 126.892996119195743, 35.679832405174437 ], [ 126.89169434297817, 35.678184409814996 ], [ 126.889416003927195, 35.679955357680043 ], [ 126.888681744305714, 35.680026559469631 ], [ 126.888492965978458, 35.678540855250837 ], [ 126.889139820142333, 35.677966416498357 ], [ 126.889289482348076, 35.675941929751787 ], [ 126.888021957100278, 35.675892839649286 ], [ 126.887342991951641, 35.675892197937955 ], [ 126.887130154635202, 35.675891995621484 ], [ 126.885819591736549, 35.675890744294087 ], [ 126.884644830420683, 35.676021380215957 ], [ 126.8833375123547, 35.676403470990373 ], [ 126.879468589292159, 35.678203941457355 ], [ 126.875682333718174, 35.67996574756566 ], [ 126.873699513470058, 35.680661588433161 ], [ 126.873640219211296, 35.680682396023286 ], [ 126.873642709271479, 35.680498962538152 ], [ 126.873740065040693, 35.673314803926779 ], [ 126.866032166358337, 35.673234504186908 ], [ 126.862566822509493, 35.673470164507542 ], [ 126.861501422273747, 35.673132757325831 ], [ 126.86306139491532, 35.676142279847433 ], [ 126.863806314071283, 35.678407344155978 ], [ 126.863760694233306, 35.679329755551009 ], [ 126.863741909469383, 35.679353819822168 ], [ 126.863400113804829, 35.679791600137555 ], [ 126.862480407227949, 35.680969552201148 ], [ 126.862096036520498, 35.682466605403221 ], [ 126.861462406923806, 35.68374774053634 ], [ 126.860257064240514, 35.684465119048475 ], [ 126.854337683542624, 35.686586590710753 ], [ 126.850148387779171, 35.687687433492229 ], [ 126.849584806100879, 35.688122482889135 ], [ 126.849280728005198, 35.688357227912796 ], [ 126.848543012727063, 35.690177229953498 ], [ 126.84710201313365, 35.691145770738402 ], [ 126.845265531679544, 35.69157469221711 ], [ 126.840924399894746, 35.69604948677015 ], [ 126.839517140167416, 35.697730453927974 ], [ 126.838510006052459, 35.698933412199167 ], [ 126.835227518989996, 35.702486970183131 ], [ 126.834650771428613, 35.703035828807103 ], [ 126.833417356966905, 35.704209565745074 ], [ 126.832196081170892, 35.705250104897537 ], [ 126.830650631363696, 35.706769379983022 ], [ 126.829266557349996, 35.708348761300179 ], [ 126.829021165868213, 35.708637875993873 ], [ 126.828382996562397, 35.709389764389798 ], [ 126.826481880030684, 35.712274160571496 ], [ 126.826395201917379, 35.712420047672303 ], [ 126.825274517964488, 35.714306414523257 ], [ 126.825700281413049, 35.714550600164912 ], [ 126.826036711190241, 35.715229036663665 ], [ 126.826178091906527, 35.716085338598475 ], [ 126.826056158410154, 35.716564019445691 ], [ 126.826482455533494, 35.717432938381208 ], [ 126.826858759377657, 35.718085190767709 ], [ 126.827275946127685, 35.718500622818354 ], [ 126.828431900612358, 35.719139320921343 ], [ 126.829170536197779, 35.719431751598627 ], [ 126.830228003904054, 35.719786194236633 ], [ 126.831074750693347, 35.720153491022209 ], [ 126.837396683611004, 35.723324355314908 ], [ 126.839635949183275, 35.724729852770579 ], [ 126.842158078197073, 35.726214162681686 ], [ 126.84252129545149, 35.726402296490072 ], [ 126.842860312950279, 35.726575582666669 ], [ 126.846744786071511, 35.727998822460918 ], [ 126.847651134873601, 35.728048104546971 ], [ 126.849716352152711, 35.727512452764984 ], [ 126.850141842275676, 35.727174997010508 ], [ 126.850197696253716, 35.726610457309775 ], [ 126.850200013634932, 35.726518992671771 ], [ 126.851998288574308, 35.726081813649465 ], [ 126.854489871779649, 35.725895462145559 ], [ 126.854860858711476, 35.725917161080645 ], [ 126.86122735154926, 35.726711617869839 ], [ 126.86353791515117, 35.727155741652197 ], [ 126.867078120180665, 35.72783612668136 ], [ 126.868459464509812, 35.728663278774754 ], [ 126.869558395570905, 35.726771561532281 ], [ 126.87097504229493, 35.725478008936172 ], [ 126.871844446594665, 35.724973058653433 ], [ 126.873143946111242, 35.725937296294653 ], [ 126.873230599396436, 35.726041128136643 ], [ 126.874721660358688, 35.726962010210734 ], [ 126.874838439925128, 35.727012348446763 ], [ 126.875964697495434, 35.727475003075028 ], [ 126.876070509233244, 35.727476781585793 ], [ 126.876375419322713, 35.727458647439775 ], [ 126.876976544854529, 35.725038118940169 ], [ 126.876976673980749, 35.724954795618025 ], [ 126.876936300478945, 35.724621442074572 ], [ 126.876892746219951, 35.724452366803121 ], [ 126.876855158238243, 35.724211897972843 ], [ 126.876908775884516, 35.723540586802685 ], [ 126.877101244003384, 35.721867160434435 ], [ 126.877151212271158, 35.721660096258731 ], [ 126.877171783787887, 35.721581552688669 ], [ 126.877441420614716, 35.720991444251318 ], [ 126.877458988519493, 35.720958127436923 ], [ 126.880059565082632, 35.717961121470012 ], [ 126.883306437126336, 35.713113318336063 ], [ 126.885099303511836, 35.711699854944854 ], [ 126.886268657416707, 35.708367466879636 ], [ 126.889262118378056, 35.707729810974058 ], [ 126.89351763299355, 35.706868344331959 ], [ 126.898119748310506, 35.706626886937642 ], [ 126.899828578059555, 35.706872572230196 ], [ 126.9019405725643, 35.708008961297743 ], [ 126.90206875488488, 35.708080591936486 ], [ 126.902126014759503, 35.708176904599853 ], [ 126.902159632293433, 35.708286982081042 ], [ 126.90221662735452, 35.708595130486302 ], [ 126.902201381188689, 35.708799385848479 ], [ 126.902131126708539, 35.709092309399281 ], [ 126.90197608316096, 35.709303781014079 ], [ 126.901850720604259, 35.709743150625165 ], [ 126.903094490970489, 35.709308766813784 ], [ 126.905572558898996, 35.708108056903711 ], [ 126.907037721632577, 35.707334837755354 ], [ 126.909331223953203, 35.706583931818763 ], [ 126.909577043650245, 35.706593670911708 ], [ 126.912538801599297, 35.706472187904005 ], [ 126.912695663105666, 35.706464654891128 ], [ 126.915257884751483, 35.706134096834802 ], [ 126.915428835749552, 35.706094087309175 ], [ 126.9156185463453, 35.706017797131352 ], [ 126.915935694388139, 35.705872937243818 ], [ 126.915981309435509, 35.705852088548561 ], [ 126.919861955253168, 35.701825088429182 ], [ 126.919901973684134, 35.70177983763179 ], [ 126.920194147824645, 35.701449328601392 ], [ 126.920392131263341, 35.701146954015776 ], [ 126.920756555662251, 35.700316014716883 ], [ 126.920894693989439, 35.699847919312163 ], [ 126.921082704135159, 35.698924669096989 ], [ 126.921079323453924, 35.698771984301523 ], [ 126.92096761778366, 35.697524372510387 ], [ 126.920936374185473, 35.697442535881216 ], [ 126.920879601720671, 35.69729383182181 ], [ 126.920713980027614, 35.697021452773598 ], [ 126.920470784293911, 35.696661156740177 ], [ 126.920280410218766, 35.696437755908136 ], [ 126.920033517395893, 35.696250296249957 ], [ 126.919874750989877, 35.696178183788369 ], [ 126.919687728392745, 35.696129056176666 ], [ 126.919267732379865, 35.696104288069513 ], [ 126.918791239099718, 35.696072268042641 ], [ 126.918600665491965, 35.696043327019652 ], [ 126.918350129972097, 35.695968252838995 ], [ 126.918138447011273, 35.695874465181582 ], [ 126.917792784747661, 35.695626467115829 ], [ 126.917535366995295, 35.695387161186162 ], [ 126.917408468039326, 35.695227161380615 ], [ 126.91728869607681, 35.695010994031122 ], [ 126.917250067421179, 35.694823703556466 ], [ 126.917265761345021, 35.693321217191745 ], [ 126.91743091237629, 35.692880117253054 ] ] ] ] } },
{ "type": "Feature", "properties": { "OBJECTID": 2311, "adm_nm": "전북특별자치도 정읍시 북면", "adm_cd": "3504031", "adm_cd2": "4518031000", "sgg": "45180", "sido": "45", "sidonm": "전북특별자치도", "sggnm": "정읍시" }, "geometry": { "type": "MultiPolygon", "coordinates": [ [ [ [ 126.940093524995845, 35.601221174035508 ], [ 126.939826996738574, 35.600395017367177 ], [ 126.939511734700076, 35.599802416142786 ], [ 126.939351720909514, 35.599556123534036 ], [ 126.939241733594017, 35.599463738220862 ], [ 126.938576028444444, 35.599480786764694 ], [ 126.938496113576406, 35.599483146405447 ], [ 126.938073392229981, 35.599430366783544 ], [ 126.937956692972591, 35.599305195109991 ], [ 126.937322269258829, 35.597986276587932 ], [ 126.937351595481488, 35.5978313962272 ], [ 126.9374321084765, 35.597545511984762 ], [ 126.937408900604083, 35.595937534507343 ], [ 126.937301949183521, 35.594326142427732 ], [ 126.937204043796626, 35.593781262542315 ], [ 126.936016450849422, 35.590261086972134 ], [ 126.935958330377971, 35.590176273444548 ], [ 126.93588751646756, 35.590112150860953 ], [ 126.935718961174416, 35.590027916667971 ], [ 126.935362350393461, 35.589802359836199 ], [ 126.935256174375908, 35.589694780680169 ], [ 126.935167906454865, 35.589567344646603 ], [ 126.935129781019398, 35.589422501138856 ], [ 126.935114987700018, 35.589308866405524 ], [ 126.936345377358762, 35.585452667818984 ], [ 126.936907935668216, 35.583918567330137 ], [ 126.937432143106449, 35.58267622772744 ], [ 126.938113316487701, 35.581128209214285 ], [ 126.938211417576994, 35.580932440055669 ], [ 126.938297843888222, 35.580432138666232 ], [ 126.938351332058517, 35.580016007192526 ], [ 126.938359213006876, 35.579635582840424 ], [ 126.938324267164788, 35.579369963540543 ], [ 126.937884337768566, 35.577567703753857 ], [ 126.935511149626123, 35.569681281437603 ], [ 126.9354597637371, 35.569562026400057 ], [ 126.935374033076002, 35.569454431949858 ], [ 126.932632788966529, 35.566507690316961 ], [ 126.932549914611371, 35.56643984368128 ], [ 126.93242211225099, 35.566360704257846 ], [ 126.932293436807612, 35.566320897561958 ], [ 126.932081809721979, 35.566269343768475 ], [ 126.931824409365248, 35.566259841206971 ], [ 126.929950809299001, 35.566193738427685 ], [ 126.928749224976997, 35.566393822391213 ], [ 126.928650040758214, 35.56639391860385 ], [ 126.928481345928134, 35.566330678279414 ], [ 126.92816971234403, 35.566169180187224 ], [ 126.928049671504525, 35.566063923453584 ], [ 126.927781063308402, 35.565780882055975 ], [ 126.927455352607183, 35.565416942881896 ], [ 126.926888179539873, 35.564779507890144 ], [ 126.926722469941467, 35.5645853586282 ], [ 126.92472847335614, 35.56331949184122 ], [ 126.921711881214776, 35.561449973760602 ], [ 126.921395490897709, 35.561332418520422 ], [ 126.921108619004912, 35.561239037545398 ], [ 126.920965146660336, 35.561221679854803 ], [ 126.920678193229747, 35.561214577709066 ], [ 126.917766517041258, 35.561050371802899 ], [ 126.914833972551662, 35.560675523331803 ], [ 126.914416252837384, 35.560616561706354 ], [ 126.913032469344827, 35.560263505442876 ], [ 126.908202796791187, 35.559184487781231 ], [ 126.904443472951343, 35.558676804572812 ], [ 126.904185904683189, 35.558618026903353 ], [ 126.904113160894568, 35.560008685184648 ], [ 126.904102584059686, 35.560181227520076 ], [ 126.902706052871793, 35.562423139721282 ], [ 126.902622971403289, 35.562490964515838 ], [ 126.901871810446693, 35.562990995970729 ], [ 126.901563782258535, 35.56317459653954 ], [ 126.901093055782439, 35.563451408908776 ], [ 126.900791741635885, 35.563782099845689 ], [ 126.900216307352963, 35.564814047770874 ], [ 126.899258947411326, 35.567005362664219 ], [ 126.898501840037284, 35.569448613506083 ], [ 126.898095244087187, 35.570930435637322 ], [ 126.897566849108301, 35.572146509461007 ], [ 126.895457676448842, 35.575910653355102 ], [ 126.892751776230796, 35.581884641491172 ], [ 126.892711182115434, 35.583087827006842 ], [ 126.889074895712213, 35.583781553101012 ], [ 126.887583457432243, 35.584085488409443 ], [ 126.887323167728908, 35.584126772599866 ], [ 126.887132188848383, 35.584157062435722 ], [ 126.88267060078212, 35.583553579984951 ], [ 126.882131247542418, 35.583480064669239 ], [ 126.881996031773966, 35.583344268820056 ], [ 126.881977782122334, 35.583203548266361 ], [ 126.881904762762886, 35.58263568883509 ], [ 126.881917374085006, 35.582424675058945 ], [ 126.882114565568386, 35.582136078373914 ], [ 126.88226259207822, 35.581935223154012 ], [ 126.88224431688657, 35.581809588720084 ], [ 126.881993635103171, 35.580529827364003 ], [ 126.881845121777772, 35.579890445644402 ], [ 126.881746866961706, 35.579739617516566 ], [ 126.880547530839706, 35.579130430200941 ], [ 126.880338323385146, 35.579090035245514 ], [ 126.879648823483961, 35.579178654367929 ], [ 126.878932823459337, 35.579416413987694 ], [ 126.877300905354431, 35.5799827865266 ], [ 126.873060269711374, 35.579177708521442 ], [ 126.867585573367791, 35.579682868165264 ], [ 126.867444121708218, 35.579727168245057 ], [ 126.867335269560201, 35.579789294274576 ], [ 126.867237294104854, 35.57985142230261 ], [ 126.866921538590404, 35.580091160282429 ], [ 126.866897507139058, 35.580112145952974 ], [ 126.866978833189734, 35.580283357141454 ], [ 126.867465392388951, 35.581465201802764 ], [ 126.86752692797414, 35.5817454891531 ], [ 126.86770876023418, 35.583664525543597 ], [ 126.867857449871309, 35.585950359677895 ], [ 126.869565982484772, 35.58757943877972 ], [ 126.869631145974083, 35.587632846456579 ], [ 126.869815874467562, 35.587730865760854 ], [ 126.870786854850991, 35.588179493582665 ], [ 126.871954746584819, 35.588746662139364 ], [ 126.875607078939083, 35.591545544000482 ], [ 126.875709871624423, 35.591667562360747 ], [ 126.876740887649305, 35.593022739523413 ], [ 126.877380034641902, 35.594291250705467 ], [ 126.87739915287888, 35.594554975816962 ], [ 126.877390735119732, 35.594652125301572 ], [ 126.877376885514238, 35.594685926487521 ], [ 126.877169080656088, 35.594846216164264 ], [ 126.876800862630333, 35.595121177683986 ], [ 126.876723581193787, 35.59514589044494 ], [ 126.876399671076513, 35.595247216124378 ], [ 126.876142136072659, 35.595445233563623 ], [ 126.875953675195518, 35.595718131207065 ], [ 126.875267477035251, 35.597370011493126 ], [ 126.875117772684817, 35.597850336452801 ], [ 126.87517686027239, 35.598859560584508 ], [ 126.875247182222765, 35.598928289113381 ], [ 126.876998351115944, 35.60013174479176 ], [ 126.878491850981945, 35.601255965685873 ], [ 126.878505546224204, 35.601301046041833 ], [ 126.878497036917878, 35.601456503896536 ], [ 126.878438970558122, 35.60157698139674 ], [ 126.877925927214349, 35.601967447785484 ], [ 126.875442464175691, 35.602951595861136 ], [ 126.87486656304975, 35.603528932722888 ], [ 126.874378598096897, 35.603836780569445 ], [ 126.873237088739785, 35.604553872710859 ], [ 126.869313275829157, 35.603315056809805 ], [ 126.867249636973028, 35.600941440967297 ], [ 126.863493223425351, 35.600016738254439 ], [ 126.861253938722413, 35.59974679461525 ], [ 126.861055880312065, 35.5997099343641 ], [ 126.860483965759784, 35.599837837192077 ], [ 126.860440427872774, 35.599855561320659 ], [ 126.860375102067394, 35.599891048336389 ], [ 126.85847362735916, 35.601254338996888 ], [ 126.858140170983305, 35.601692879948082 ], [ 126.858801421529989, 35.603714039281975 ], [ 126.858561522362095, 35.60742249783835 ], [ 126.858566707315134, 35.607500895558154 ], [ 126.858942055870529, 35.608178231196135 ], [ 126.859000572546137, 35.60822620292447 ], [ 126.86026451573305, 35.609069844698041 ], [ 126.861788665888611, 35.609931475175941 ], [ 126.861959232022457, 35.609980729555069 ], [ 126.862097386250682, 35.610084224869247 ], [ 126.862166505444804, 35.61016267956515 ], [ 126.862504927312415, 35.61113658342903 ], [ 126.862515469338135, 35.611197552744883 ], [ 126.862530929388384, 35.611435791429088 ], [ 126.862530735668329, 35.611548997851912 ], [ 126.86253045572964, 35.611710089633121 ], [ 126.862519682653954, 35.611788451408351 ], [ 126.86212924815419, 35.614184578540709 ], [ 126.863695094810907, 35.614192836443955 ], [ 126.867798948412187, 35.614091111963397 ], [ 126.871838260852314, 35.614222155078878 ], [ 126.872133034130613, 35.614268887765803 ], [ 126.872926222828326, 35.614400002048946 ], [ 126.873249024499913, 35.614457346762457 ], [ 126.873416943416018, 35.61511489338131 ], [ 126.873504197959136, 35.615492475677662 ], [ 126.873496250011556, 35.616241912747057 ], [ 126.873382631246969, 35.616845770480253 ], [ 126.878490522269757, 35.617025256567921 ], [ 126.881262405734944, 35.619798028706271 ], [ 126.8818121010504, 35.620283299763877 ], [ 126.88373953166554, 35.62191689515101 ], [ 126.8838926599704, 35.622018349410638 ], [ 126.883985938492231, 35.622031503370941 ], [ 126.884140419631876, 35.62197675788962 ], [ 126.884335314128236, 35.621907673571457 ], [ 126.884862075860639, 35.621678338595892 ], [ 126.885527644631992, 35.621335883385427 ], [ 126.886177294863614, 35.620930206385751 ], [ 126.887459903865221, 35.619647210837428 ], [ 126.888212892563786, 35.6187046374461 ], [ 126.88967816417491, 35.617307411439342 ], [ 126.889758132467534, 35.617298768589791 ], [ 126.892381961914694, 35.617507041583274 ], [ 126.893957032875733, 35.618646727294724 ], [ 126.894083127426995, 35.619031333736537 ], [ 126.894201505595817, 35.619200276052638 ], [ 126.894361183460333, 35.619394304686971 ], [ 126.894539576834404, 35.619542612368697 ], [ 126.8972874640383, 35.621767079924851 ], [ 126.899602234579064, 35.623703761198442 ], [ 126.902248749614685, 35.626116146482062 ], [ 126.902607957324179, 35.626393107165072 ], [ 126.903186933786372, 35.626798608085785 ], [ 126.903846216116619, 35.627215582936977 ], [ 126.904393910159698, 35.627526918827321 ], [ 126.904910292426578, 35.627755533079082 ], [ 126.905771889431165, 35.628187805569233 ], [ 126.906433322381488, 35.628673668082001 ], [ 126.906721550647561, 35.628955848772172 ], [ 126.908246937679635, 35.630970001935665 ], [ 126.908738356856375, 35.631714561802731 ], [ 126.909500868833391, 35.632916929021121 ], [ 126.909687346205743, 35.633138942590605 ], [ 126.910330906185848, 35.63389442704365 ], [ 126.910432926856558, 35.634009103019665 ], [ 126.91059245191127, 35.634087328623551 ], [ 126.910885984434785, 35.63422818146644 ], [ 126.911256182180239, 35.634327417422462 ], [ 126.911939179863424, 35.634473766292174 ], [ 126.91241316609721, 35.634583094208395 ], [ 126.913725227635908, 35.635268138037858 ], [ 126.914030617106306, 35.63543476996928 ], [ 126.914301920883105, 35.635716906015034 ], [ 126.91453359655489, 35.636031389713672 ], [ 126.915607174105645, 35.637499710258197 ], [ 126.916087472333487, 35.638165649994015 ], [ 126.916702850552966, 35.63953424933397 ], [ 126.916923150657553, 35.638793738590181 ], [ 126.920102609805397, 35.639771372139535 ], [ 126.920816283553052, 35.639161485797743 ], [ 126.920939669119875, 35.638205694389036 ], [ 126.921158665805862, 35.637827777609139 ], [ 126.921825198296702, 35.637040727170145 ], [ 126.922752691717506, 35.635872603731016 ], [ 126.922807351192674, 35.635009058427251 ], [ 126.922804574465204, 35.634907998947547 ], [ 126.922759482131568, 35.634422584492441 ], [ 126.922737360471601, 35.634276922208166 ], [ 126.922248962859527, 35.631459265912639 ], [ 126.921233561151254, 35.631146963060708 ], [ 126.921151661933521, 35.631129842419888 ], [ 126.921022393626359, 35.631092246952647 ], [ 126.920874658863653, 35.631043158693345 ], [ 126.920779333040883, 35.63100530417217 ], [ 126.920691655335531, 35.630966979636462 ], [ 126.920518232927947, 35.630874561060892 ], [ 126.920416689883055, 35.630813582769832 ], [ 126.920312028492489, 35.630740630101371 ], [ 126.91854537606099, 35.629414742415044 ], [ 126.918341239909793, 35.629249794604952 ], [ 126.918276328153397, 35.629166411726146 ], [ 126.917503686443922, 35.628029615003193 ], [ 126.917462088425154, 35.627842097336334 ], [ 126.917457446668848, 35.627621384332123 ], [ 126.917692065738919, 35.62319921239142 ], [ 126.917736422641568, 35.622646009819647 ], [ 126.917744099542517, 35.622618296368039 ], [ 126.917758455372137, 35.622566482003712 ], [ 126.917866958459626, 35.622355657426994 ], [ 126.918020069710607, 35.622091891376776 ], [ 126.918126136459193, 35.621962321045409 ], [ 126.918294028078364, 35.621800373847961 ], [ 126.918696012841153, 35.621483721832611 ], [ 126.919000905209387, 35.621255040866849 ], [ 126.919274330699778, 35.621092082796658 ], [ 126.919494361453943, 35.620999783241018 ], [ 126.919641018972825, 35.620967277117444 ], [ 126.920308170842972, 35.620304261712135 ], [ 126.921625175389252, 35.618247490488919 ], [ 126.921677962782255, 35.617170758358299 ], [ 126.92090272829995, 35.616705759945958 ], [ 126.920489127224144, 35.616621036189294 ], [ 126.920179670281939, 35.615797422015959 ], [ 126.920630690594848, 35.613193988505884 ], [ 126.920647792406754, 35.613095280110002 ], [ 126.921268111120938, 35.613306830711544 ], [ 126.922689524145497, 35.613941164151946 ], [ 126.923571460556147, 35.614309980029745 ], [ 126.92385253615295, 35.614427507611694 ], [ 126.925869051278013, 35.614661033335821 ], [ 126.927291886054888, 35.613817387284669 ], [ 126.929903308065533, 35.613776753470539 ], [ 126.933084092880435, 35.613102975675965 ], [ 126.933808217864112, 35.612892247785084 ], [ 126.934299691293958, 35.612596951573764 ], [ 126.937030120996567, 35.613115118185583 ], [ 126.939158853875171, 35.614626397929356 ], [ 126.942986025516035, 35.615539574191317 ], [ 126.944204433799186, 35.614693576160633 ], [ 126.945324363288705, 35.613115609108775 ], [ 126.94452781566055, 35.610129690949925 ], [ 126.943988492866168, 35.608787331398439 ], [ 126.945291156271821, 35.608147745154 ], [ 126.94423152201982, 35.607661624978171 ], [ 126.940431796493343, 35.606709690571059 ], [ 126.939733977998046, 35.601829975641607 ], [ 126.940093524995845, 35.601221174035508 ] ] ] ] } },
{ "type": "Feature", "properties": { "OBJECTID": 2312, "adm_nm": "전북특별자치도 정읍시 입암면", "adm_cd": "3504032", "adm_cd2": "4518032000", "sgg": "45180", "sido": "45", "sidonm": "전북특별자치도", "sggnm": "정읍시" }, "geometry": { "type": "MultiPolygon", "coordinates": [ [ [ [ 126.826126750252413, 35.486301461332168 ], [ 126.821758197683153, 35.485107096069065 ], [ 126.820008445292743, 35.485288249068013 ], [ 126.819268849742798, 35.485877822437644 ], [ 126.818579010796611, 35.485758636637136 ], [ 126.818194177774714, 35.48560053953242 ], [ 126.815404443752584, 35.48437549617941 ], [ 126.813963364770842, 35.482942462318249 ], [ 126.813851708609377, 35.482653512927158 ], [ 126.813750518939273, 35.482113365299632 ], [ 126.812934945490383, 35.476626944560387 ], [ 126.813032363706782, 35.476141413286719 ], [ 126.813982260315044, 35.474803972922743 ], [ 126.814043611763822, 35.474748146023245 ], [ 126.814947109094035, 35.47392597424767 ], [ 126.815028005842379, 35.473637318627503 ], [ 126.81426644098724, 35.469895038496908 ], [ 126.81389902318125, 35.46918563806247 ], [ 126.813573807884936, 35.468847317303464 ], [ 126.813049425438678, 35.468829887560247 ], [ 126.810755116333169, 35.468721266429981 ], [ 126.809311749998969, 35.468403954860989 ], [ 126.8065852450477, 35.467874508388881 ], [ 126.804082901040189, 35.467555398987862 ], [ 126.803569346068485, 35.467593938067566 ], [ 126.80281388824109, 35.468130889010311 ], [ 126.802027352050487, 35.468247742447481 ], [ 126.796791236712721, 35.467970032820503 ], [ 126.792851946302164, 35.467182098958233 ], [ 126.78790880778422, 35.467606638318735 ], [ 126.786414791935357, 35.468273441688567 ], [ 126.785648861389873, 35.468743526474782 ], [ 126.785305810364378, 35.468954048994 ], [ 126.783537906835804, 35.47001412714166 ], [ 126.782157059211428, 35.470339800693047 ], [ 126.780665889699932, 35.469930148633729 ], [ 126.780072798027888, 35.469705909888582 ], [ 126.77863856673801, 35.469124015497862 ], [ 126.777732711233057, 35.468756483389001 ], [ 126.77555177495563, 35.46829298652851 ], [ 126.774188838069335, 35.468214228569138 ], [ 126.772968826524576, 35.468143735938213 ], [ 126.772519601169961, 35.468379068386767 ], [ 126.772603033459447, 35.469989575851599 ], [ 126.772593391616226, 35.470409225013974 ], [ 126.772549420585875, 35.471025670531937 ], [ 126.772526646020438, 35.471311882837369 ], [ 126.772481536699516, 35.471726277884116 ], [ 126.77243193098046, 35.471939893458675 ], [ 126.772278023215691, 35.472593711099165 ], [ 126.772211416195418, 35.472839690631005 ], [ 126.77214525648057, 35.472934116334372 ], [ 126.770877176646536, 35.476801919962263 ], [ 126.770021151347848, 35.482620081404598 ], [ 126.769925580322564, 35.482918282341117 ], [ 126.7697915027438, 35.483256619663983 ], [ 126.769665467407449, 35.483470365289556 ], [ 126.769457302131613, 35.48375459762002 ], [ 126.76930321991739, 35.483926056171882 ], [ 126.769110650685732, 35.484127867110018 ], [ 126.768923271555494, 35.484310082104834 ], [ 126.768792404933009, 35.484423663201262 ], [ 126.768574374549559, 35.484576354090123 ], [ 126.76828969836933, 35.484761328807807 ], [ 126.768023044273264, 35.484913908669128 ], [ 126.767720570513774, 35.485058581317375 ], [ 126.767300046664175, 35.485308046349225 ], [ 126.767120495219558, 35.485431388748076 ], [ 126.766971696241825, 35.485544945468789 ], [ 126.7669049720689, 35.485599775042481 ], [ 126.766843315285655, 35.485679147552183 ], [ 126.766812438368845, 35.485730118518227 ], [ 126.766773775033812, 35.485828196516479 ], [ 126.766727228005507, 35.485987113034348 ], [ 126.766506944737927, 35.486916150659937 ], [ 126.766153900365197, 35.488591852023646 ], [ 126.765883791080242, 35.489918316691899 ], [ 126.76583935935129, 35.490232296371197 ], [ 126.765838848253964, 35.490407983615277 ], [ 126.765861565874573, 35.49051993413088 ], [ 126.765879029050524, 35.490676990903268 ], [ 126.765868311115398, 35.490837922803003 ], [ 126.765837214349574, 35.490967430045266 ], [ 126.765498969599378, 35.491952191099067 ], [ 126.765442263764569, 35.492083589052967 ], [ 126.765367676900709, 35.492205139427945 ], [ 126.765270094179968, 35.492309009100303 ], [ 126.765157172976259, 35.492402998808139 ], [ 126.764213922749462, 35.493059313079868 ], [ 126.765273617292706, 35.493279523780991 ], [ 126.765514064565309, 35.493385015124943 ], [ 126.767709506343522, 35.494596929541267 ], [ 126.768029428937382, 35.494978229381879 ], [ 126.768556761106595, 35.495793108957812 ], [ 126.768439972043353, 35.497328669327224 ], [ 126.7682380535405, 35.500544299668782 ], [ 126.768472236635418, 35.502828769141132 ], [ 126.769208589693719, 35.50355215385612 ], [ 126.770758705138363, 35.505996668005359 ], [ 126.77073748912261, 35.506291033120611 ], [ 126.770658400248209, 35.507387895149414 ], [ 126.76956345137522, 35.508540933768742 ], [ 126.768987401927546, 35.5087826484259 ], [ 126.767850785908294, 35.509061755263687 ], [ 126.767275266053417, 35.509192257023869 ], [ 126.76694177153253, 35.509163403448127 ], [ 126.765446499100946, 35.509122889282601 ], [ 126.762534569210231, 35.509479055672188 ], [ 126.760933367508187, 35.510458262939075 ], [ 126.760010548003024, 35.511076237180376 ], [ 126.759774011237937, 35.51278786538046 ], [ 126.759625145377143, 35.514244616975901 ], [ 126.759557391591329, 35.515425865046687 ], [ 126.759765357025401, 35.515675683688613 ], [ 126.760469337223725, 35.51649093351309 ], [ 126.761430703798439, 35.517149170966164 ], [ 126.76411001068864, 35.518583930902039 ], [ 126.764150258235674, 35.517952766182567 ], [ 126.766138706247588, 35.515033765652952 ], [ 126.766190690848049, 35.51497451665854 ], [ 126.768390301728431, 35.513563770673294 ], [ 126.768566824517976, 35.513456737707799 ], [ 126.768684454879079, 35.513391964537178 ], [ 126.768871113973915, 35.51335275828724 ], [ 126.769075002528197, 35.513336190019039 ], [ 126.769520687883002, 35.513325741947348 ], [ 126.770303111312671, 35.513355509742986 ], [ 126.770344515129196, 35.513372549694473 ], [ 126.770389300831326, 35.513412175519242 ], [ 126.77046162690651, 35.51349426037914 ], [ 126.770557916395148, 35.513647059937945 ], [ 126.770650546646536, 35.513876127151981 ], [ 126.772639537906684, 35.515430585368946 ], [ 126.773809772342361, 35.51588807904173 ], [ 126.775845563771469, 35.517075217676826 ], [ 126.77669231228343, 35.51808609921904 ], [ 126.777838176222147, 35.518957382887088 ], [ 126.780083246488005, 35.520615801674865 ], [ 126.780351445991542, 35.520711605796151 ], [ 126.780467916895972, 35.520724249212265 ], [ 126.781197607677285, 35.520617841091806 ], [ 126.781334466449835, 35.520584939643847 ], [ 126.781615818492241, 35.520452837038057 ], [ 126.78176790448066, 35.520407519090284 ], [ 126.781894524559988, 35.520411904803701 ], [ 126.782502169431098, 35.520483445259131 ], [ 126.782583168688063, 35.520500180072062 ], [ 126.783064038815979, 35.520625389504033 ], [ 126.785221208250931, 35.523433969386033 ], [ 126.785427637469624, 35.523734882433544 ], [ 126.786737409714803, 35.526074583711662 ], [ 126.786742214997275, 35.526174075943096 ], [ 126.786701354143958, 35.526298320498938 ], [ 126.786579334757974, 35.526468026407237 ], [ 126.786284894863371, 35.526699558302475 ], [ 126.786010957232975, 35.526852407271861 ], [ 126.785635574182479, 35.527046520766675 ], [ 126.785383809458835, 35.527206185294155 ], [ 126.785140153546692, 35.527392246945965 ], [ 126.784962359238918, 35.527578426277891 ], [ 126.784868225524576, 35.527727443422471 ], [ 126.784772167630635, 35.528029116958095 ], [ 126.784738798437985, 35.528197250275838 ], [ 126.784724201295219, 35.528316847702726 ], [ 126.784720345669342, 35.528424803709719 ], [ 126.784720054864067, 35.52853276011848 ], [ 126.784726973455619, 35.528614459279439 ], [ 126.784748085579281, 35.52872247048311 ], [ 126.784999100577537, 35.529564656297943 ], [ 126.785023839545076, 35.529643495573936 ], [ 126.785066403768582, 35.52973692088203 ], [ 126.785197893326043, 35.529920968925559 ], [ 126.785351469409207, 35.53010508548563 ], [ 126.792300209854403, 35.532452508745003 ], [ 126.795720003485428, 35.533487545170708 ], [ 126.79928552299944, 35.53452210098019 ], [ 126.799489323599872, 35.534568985579412 ], [ 126.799598208967012, 35.534638958796506 ], [ 126.799683296417086, 35.534747702293267 ], [ 126.799768196910733, 35.534926219130988 ], [ 126.799848146545997, 35.535193924660497 ], [ 126.799954355289742, 35.536118425980519 ], [ 126.799949418027381, 35.536195980916155 ], [ 126.799906546084387, 35.536273471621755 ], [ 126.79944074685757, 35.536699246770745 ], [ 126.799293258451698, 35.536889024961944 ], [ 126.799045682141596, 35.537284167074937 ], [ 126.798841694403052, 35.537665803024687 ], [ 126.79875123136533, 35.537878270056027 ], [ 126.798688725115966, 35.538223296660789 ], [ 126.798645226971118, 35.538579382394467 ], [ 126.798644601873804, 35.538827576351736 ], [ 126.798844468683626, 35.540073327567541 ], [ 126.799285436147343, 35.541879805363486 ], [ 126.800153163314121, 35.543208470717168 ], [ 126.800318594411181, 35.543425921032274 ], [ 126.800512630533149, 35.54359299105505 ], [ 126.800730401683737, 35.543748477973374 ], [ 126.801141181332085, 35.543930083935614 ], [ 126.801453915609827, 35.544043071924811 ], [ 126.801875694977539, 35.544171738851624 ], [ 126.802264368045613, 35.544257689558528 ], [ 126.802517869813215, 35.544296547159384 ], [ 126.8028688313793, 35.544293260572026 ], [ 126.803186689097657, 35.544000890457035 ], [ 126.806930481489204, 35.544337406600221 ], [ 126.808151977991244, 35.543971814963598 ], [ 126.809744549410567, 35.54289798346457 ], [ 126.81013093870456, 35.542504803022979 ], [ 126.81067997677836, 35.541245526861033 ], [ 126.812723534200245, 35.539581687195408 ], [ 126.812980831835475, 35.539437691330583 ], [ 126.813446864154372, 35.539307158402465 ], [ 126.814529085537089, 35.539268167727506 ], [ 126.816726616318064, 35.53952741388273 ], [ 126.816980535687179, 35.539999232941554 ], [ 126.817280119713999, 35.540555894867786 ], [ 126.822761586628218, 35.53964287773767 ], [ 126.822924555754668, 35.539248646895224 ], [ 126.823008410706237, 35.539045776423983 ], [ 126.822979010555031, 35.538607542660628 ], [ 126.822909382268548, 35.538053532917843 ], [ 126.822881425335339, 35.536992408679829 ], [ 126.82288883927464, 35.536632625164678 ], [ 126.822904111396696, 35.535892845714493 ], [ 126.822980109204167, 35.534787098115132 ], [ 126.823082625630548, 35.534200250867229 ], [ 126.824704067096874, 35.532340868503837 ], [ 126.826957443166251, 35.5299419904864 ], [ 126.82797351969279, 35.528029111201128 ], [ 126.828182100081335, 35.526902030273 ], [ 126.828470591175858, 35.524919257906511 ], [ 126.828088626314184, 35.523512273104181 ], [ 126.827989687247367, 35.520374238508452 ], [ 126.828350556197861, 35.519431814618891 ], [ 126.828570790237151, 35.519280124217623 ], [ 126.829039083087807, 35.51913801666408 ], [ 126.830099392097893, 35.517384402572162 ], [ 126.830361310014339, 35.516647473080361 ], [ 126.829958551661775, 35.516191852454057 ], [ 126.82984438321958, 35.516103008315078 ], [ 126.829694886609857, 35.516022362092599 ], [ 126.829527722216909, 35.515945817356275 ], [ 126.829346176686585, 35.515909808020076 ], [ 126.828882967946512, 35.515865149251809 ], [ 126.828701384345436, 35.515847016589021 ], [ 126.828455221305362, 35.515752479255049 ], [ 126.82608087843434, 35.514119079309751 ], [ 126.825965860031857, 35.514037790676106 ], [ 126.825862651301136, 35.513940707060044 ], [ 126.82574098946003, 35.513822973482526 ], [ 126.825692380429516, 35.513748656721077 ], [ 126.825687413161575, 35.513714276204702 ], [ 126.825727057301947, 35.513657273878032 ], [ 126.826658174940135, 35.512727802199642 ], [ 126.829709778880229, 35.511969698551695 ], [ 126.829863840332536, 35.511922254134163 ], [ 126.829999995795816, 35.511860116904217 ], [ 126.830064347755922, 35.511823542818028 ], [ 126.830172106372927, 35.511760145872508 ], [ 126.830594828111771, 35.511192440968166 ], [ 126.831312883244223, 35.510209620379761 ], [ 126.831329383652943, 35.51018153354287 ], [ 126.831325145840992, 35.510065421990475 ], [ 126.830404993439203, 35.506461471006972 ], [ 126.829289144526584, 35.504881324439843 ], [ 126.827938979068662, 35.503298571170319 ], [ 126.828789387865527, 35.502939170979388 ], [ 126.829650801925382, 35.502588824336023 ], [ 126.834763138494637, 35.502251705030545 ], [ 126.831367687475478, 35.500795494399341 ], [ 126.827031839384119, 35.499640547200386 ], [ 126.826743296684626, 35.498404617506431 ], [ 126.827149215624715, 35.497906544054445 ], [ 126.825787741693858, 35.496079774929704 ], [ 126.825585363116616, 35.495898058800954 ], [ 126.82391193127539, 35.493794126997017 ], [ 126.823841230478692, 35.493696247144719 ], [ 126.823821128326159, 35.493579022802876 ], [ 126.82382284533125, 35.49279908542745 ], [ 126.82385022852884, 35.492202527810413 ], [ 126.823920114168615, 35.491064391359906 ], [ 126.823998978590012, 35.490779537554488 ], [ 126.824121576047446, 35.490379760857536 ], [ 126.824191210273881, 35.490341524182178 ], [ 126.825070040860098, 35.490004512018743 ], [ 126.825396204539501, 35.489949992724291 ], [ 126.825715829673115, 35.489883793896063 ], [ 126.826111711746094, 35.489749389188049 ], [ 126.826161772744271, 35.48971945715364 ], [ 126.826263186874769, 35.489054684643911 ], [ 126.826270479647519, 35.488693052535652 ], [ 126.826126750252413, 35.486301461332168 ] ] ] ] } },
{ "type": "Feature", "properties": { "OBJECTID": 2313, "adm_nm": "전북특별자치도 정읍시 소성면", "adm_cd": "3504033", "adm_cd2": "4518033000", "sgg": "45180", "sido": "45", "sidonm": "전북특별자치도", "sggnm": "정읍시" }, "geometry": { "type": "MultiPolygon", "coordinates": [ [ [ [ 126.803161809089815, 35.583478245131431 ], [ 126.803424773752241, 35.583440580089302 ], [ 126.803733465832366, 35.583404583381601 ], [ 126.8057786993283, 35.583264722926565 ], [ 126.806108042539492, 35.583259715576553 ], [ 126.806192257473612, 35.583271095734482 ], [ 126.811635422542238, 35.584605628709703 ], [ 126.81178585262532, 35.584646299475835 ], [ 126.81187846197956, 35.584737758191658 ], [ 126.812022379046979, 35.58494309145739 ], [ 126.81229436707045, 35.585294176233688 ], [ 126.812496201467013, 35.585547970486807 ], [ 126.813044293547335, 35.586073425729907 ], [ 126.813928459541003, 35.58668492088443 ], [ 126.813988556567466, 35.586717334135209 ], [ 126.81417586519035, 35.586749927605865 ], [ 126.814468693656281, 35.586789479346422 ], [ 126.814563813581714, 35.586790344023569 ], [ 126.816341039552185, 35.58579922847894 ], [ 126.816514477166081, 35.58568140899775 ], [ 126.816796515348713, 35.585460239984876 ], [ 126.81696398975923, 35.585327518966572 ], [ 126.816994244423583, 35.585303541903698 ], [ 126.818529775951944, 35.583614836092927 ], [ 126.818563847346169, 35.583551253290608 ], [ 126.818674218894984, 35.583305911773948 ], [ 126.818836366431626, 35.582932903432486 ], [ 126.818931252221418, 35.58271035766154 ], [ 126.818964150395146, 35.582602234478919 ], [ 126.819403699576597, 35.580216871574891 ], [ 126.819398615258194, 35.580171037914923 ], [ 126.818454218623785, 35.576722388838711 ], [ 126.818352611695417, 35.576477227164908 ], [ 126.818195121172479, 35.576287068375862 ], [ 126.817972647328318, 35.576085424529431 ], [ 126.817559932590356, 35.575807527565594 ], [ 126.817632913428255, 35.572323717401886 ], [ 126.817690611785309, 35.571092947573987 ], [ 126.817132198645396, 35.570300359145335 ], [ 126.815035781300068, 35.567911909597072 ], [ 126.813633254071959, 35.566596836376199 ], [ 126.81333083985372, 35.566683451346449 ], [ 126.813099614195124, 35.566733898039239 ], [ 126.812744193772346, 35.566682533827539 ], [ 126.812317823310977, 35.56656576115266 ], [ 126.811900349837387, 35.566441713748283 ], [ 126.81144744281498, 35.566274105444897 ], [ 126.811056729988806, 35.566113818747802 ], [ 126.810799515842589, 35.565881176598388 ], [ 126.810728821005284, 35.565706898676908 ], [ 126.808598905556053, 35.560010106554408 ], [ 126.808333919229739, 35.559219153785705 ], [ 126.808384964999746, 35.558796713968064 ], [ 126.808570175304325, 35.558074636288175 ], [ 126.808804106733916, 35.557897810068994 ], [ 126.809245188473227, 35.556537976812869 ], [ 126.809139643841064, 35.556289273311499 ], [ 126.806751700145739, 35.554886186953411 ], [ 126.806085959403745, 35.554494988527516 ], [ 126.804205897410185, 35.551406821701988 ], [ 126.804925362778988, 35.550513322657025 ], [ 126.804123347799759, 35.546871574574837 ], [ 126.803558712620983, 35.546222781447504 ], [ 126.802957766015084, 35.544987751544575 ], [ 126.803186689097657, 35.544000890457035 ], [ 126.8028688313793, 35.544293260572026 ], [ 126.802517869813215, 35.544296547159384 ], [ 126.802264368045613, 35.544257689558528 ], [ 126.801875694977539, 35.544171738851624 ], [ 126.801453915609827, 35.544043071924811 ], [ 126.801141181332085, 35.543930083935614 ], [ 126.800730401683737, 35.543748477973374 ], [ 126.800512630533149, 35.54359299105505 ], [ 126.800318594411181, 35.543425921032274 ], [ 126.800153163314121, 35.543208470717168 ], [ 126.799285436147343, 35.541879805363486 ], [ 126.798844468683626, 35.540073327567541 ], [ 126.798644601873804, 35.538827576351736 ], [ 126.798645226971118, 35.538579382394467 ], [ 126.798688725115966, 35.538223296660789 ], [ 126.79875123136533, 35.537878270056027 ], [ 126.798841694403052, 35.537665803024687 ], [ 126.799045682141596, 35.537284167074937 ], [ 126.799293258451698, 35.536889024961944 ], [ 126.79944074685757, 35.536699246770745 ], [ 126.799906546084387, 35.536273471621755 ], [ 126.799949418027381, 35.536195980916155 ], [ 126.799954355289742, 35.536118425980519 ], [ 126.799848146545997, 35.535193924660497 ], [ 126.799768196910733, 35.534926219130988 ], [ 126.799683296417086, 35.534747702293267 ], [ 126.799598208967012, 35.534638958796506 ], [ 126.799489323599872, 35.534568985579412 ], [ 126.79928552299944, 35.53452210098019 ], [ 126.795720003485428, 35.533487545170708 ], [ 126.792300209854403, 35.532452508745003 ], [ 126.785351469409207, 35.53010508548563 ], [ 126.785197893326043, 35.529920968925559 ], [ 126.785066403768582, 35.52973692088203 ], [ 126.785023839545076, 35.529643495573936 ], [ 126.784999100577537, 35.529564656297943 ], [ 126.784748085579281, 35.52872247048311 ], [ 126.784726973455619, 35.528614459279439 ], [ 126.784720054864067, 35.52853276011848 ], [ 126.784720345669342, 35.528424803709719 ], [ 126.784724201295219, 35.528316847702726 ], [ 126.784738798437985, 35.528197250275838 ], [ 126.784772167630635, 35.528029116958095 ], [ 126.784868225524576, 35.527727443422471 ], [ 126.784962359238918, 35.527578426277891 ], [ 126.785140153546692, 35.527392246945965 ], [ 126.785383809458835, 35.527206185294155 ], [ 126.785635574182479, 35.527046520766675 ], [ 126.786010957232975, 35.526852407271861 ], [ 126.786284894863371, 35.526699558302475 ], [ 126.786579334757974, 35.526468026407237 ], [ 126.786701354143958, 35.526298320498938 ], [ 126.786742214997275, 35.526174075943096 ], [ 126.786737409714803, 35.526074583711662 ], [ 126.785427637469624, 35.523734882433544 ], [ 126.785221208250931, 35.523433969386033 ], [ 126.783064038815979, 35.520625389504033 ], [ 126.782583168688063, 35.520500180072062 ], [ 126.782502169431098, 35.520483445259131 ], [ 126.781894524559988, 35.520411904803701 ], [ 126.78176790448066, 35.520407519090284 ], [ 126.781615818492241, 35.520452837038057 ], [ 126.781334466449835, 35.520584939643847 ], [ 126.781197607677285, 35.520617841091806 ], [ 126.780467916895972, 35.520724249212265 ], [ 126.780351445991542, 35.520711605796151 ], [ 126.780083246488005, 35.520615801674865 ], [ 126.777838176222147, 35.518957382887088 ], [ 126.77669231228343, 35.51808609921904 ], [ 126.775845563771469, 35.517075217676826 ], [ 126.773809772342361, 35.51588807904173 ], [ 126.772639537906684, 35.515430585368946 ], [ 126.770650546646536, 35.513876127151981 ], [ 126.770557916395148, 35.513647059937945 ], [ 126.77046162690651, 35.51349426037914 ], [ 126.770389300831326, 35.513412175519242 ], [ 126.770344515129196, 35.513372549694473 ], [ 126.770303111312671, 35.513355509742986 ], [ 126.769520687883002, 35.513325741947348 ], [ 126.769075002528197, 35.513336190019039 ], [ 126.768871113973915, 35.51335275828724 ], [ 126.768684454879079, 35.513391964537178 ], [ 126.768566824517976, 35.513456737707799 ], [ 126.768390301728431, 35.513563770673294 ], [ 126.766190690848049, 35.51497451665854 ], [ 126.766138706247588, 35.515033765652952 ], [ 126.764150258235674, 35.517952766182567 ], [ 126.76411001068864, 35.518583930902039 ], [ 126.76646372499178, 35.519997623671884 ], [ 126.769711551811255, 35.520939800680971 ], [ 126.770420057981269, 35.521286205648025 ], [ 126.770490305437534, 35.52132332016226 ], [ 126.772848594550567, 35.522650963825356 ], [ 126.77373941056878, 35.523548025432049 ], [ 126.773711427518194, 35.524258119264999 ], [ 126.773076984492363, 35.524946936865135 ], [ 126.772547210655745, 35.525401361255348 ], [ 126.766921950850247, 35.529569195678746 ], [ 126.766316290725456, 35.529682272581248 ], [ 126.766144050716505, 35.529659925209046 ], [ 126.76540801611614, 35.529567118759289 ], [ 126.7653400561843, 35.529563129802462 ], [ 126.7651420971346, 35.529588075886636 ], [ 126.764607601785954, 35.529811170408017 ], [ 126.764568373653418, 35.529844049374475 ], [ 126.761226774183029, 35.532816509776076 ], [ 126.761202408232506, 35.532862690387077 ], [ 126.761202309515198, 35.532895715054174 ], [ 126.761402874063123, 35.535508160220708 ], [ 126.7620719933402, 35.544112476787703 ], [ 126.762203946250068, 35.544712871952029 ], [ 126.762376682849606, 35.545049387775968 ], [ 126.76365622563398, 35.546012352328759 ], [ 126.763757267135119, 35.546061731701855 ], [ 126.764060525220472, 35.546162974120101 ], [ 126.764270785543005, 35.54627292805332 ], [ 126.76441271379386, 35.546360416132671 ], [ 126.764792553993999, 35.546714761105363 ], [ 126.76494632264712, 35.546869185341045 ], [ 126.765667932034091, 35.547887256012245 ], [ 126.765769384237359, 35.548035380007441 ], [ 126.765996481883519, 35.548507509682835 ], [ 126.766036156241768, 35.548614980296044 ], [ 126.766052426251008, 35.548758764368877 ], [ 126.766106128566676, 35.549288532165924 ], [ 126.766084714598136, 35.549374805793654 ], [ 126.764593979142603, 35.553244080913743 ], [ 126.762986249798885, 35.554463341603096 ], [ 126.762884248416015, 35.554531101810333 ], [ 126.762766572522438, 35.554584799731657 ], [ 126.762667180418148, 35.554621811853877 ], [ 126.762471415507846, 35.55466623374307 ], [ 126.762311747450255, 35.554687386725483 ], [ 126.762247002759963, 35.554701683654521 ], [ 126.762206411502476, 35.55471366327528 ], [ 126.762169619144586, 35.55473610528167 ], [ 126.762102746065651, 35.554788925970193 ], [ 126.760927923365742, 35.555730930139354 ], [ 126.761208168335457, 35.556032491460002 ], [ 126.763159143065522, 35.558116252498444 ], [ 126.763872310894129, 35.558383270076476 ], [ 126.764725878968846, 35.558914399591238 ], [ 126.766557897962926, 35.561956693907632 ], [ 126.766786212530917, 35.562773415944214 ], [ 126.766947295061627, 35.56368832977887 ], [ 126.766725336611387, 35.563806953424802 ], [ 126.764717341975413, 35.566572797640937 ], [ 126.764499430880662, 35.568079777806346 ], [ 126.764050621948343, 35.570509056340676 ], [ 126.759873411170616, 35.572130335021996 ], [ 126.757635353750089, 35.573140223276027 ], [ 126.7571990296575, 35.573578901390547 ], [ 126.755624190581969, 35.573679329449838 ], [ 126.753499505377135, 35.573376097937114 ], [ 126.752463792318892, 35.572166521643432 ], [ 126.749675743817434, 35.571098345980552 ], [ 126.747937574547748, 35.571053643727005 ], [ 126.745416890416678, 35.570459105896553 ], [ 126.74522102570829, 35.570168328224476 ], [ 126.744374883625511, 35.569097241556427 ], [ 126.744255341430474, 35.568955723740338 ], [ 126.743886600519716, 35.568690049720146 ], [ 126.743374060878494, 35.568367184935241 ], [ 126.742228116124409, 35.567993920219344 ], [ 126.741120425143066, 35.567671710550847 ], [ 126.739255430773753, 35.567446038816193 ], [ 126.739039047518887, 35.56759112094575 ], [ 126.739180903450801, 35.567659362912195 ], [ 126.739324105742938, 35.567767317538248 ], [ 126.740527498163331, 35.569091955112391 ], [ 126.74080461425315, 35.569439250718609 ], [ 126.741179724928628, 35.570580137260343 ], [ 126.742377202340748, 35.577649318805641 ], [ 126.742346523247093, 35.578303075257558 ], [ 126.74164329133292, 35.583007554310782 ], [ 126.74902270693606, 35.587411658514924 ], [ 126.752598873552643, 35.589068646060333 ], [ 126.753737829715931, 35.589536605071544 ], [ 126.755222756358052, 35.59002071041251 ], [ 126.755348148890732, 35.590048664909055 ], [ 126.755497238315314, 35.590073884951778 ], [ 126.75570396660882, 35.59010478311459 ], [ 126.755866664352425, 35.590121755668761 ], [ 126.7565225997607, 35.59018655217718 ], [ 126.756759904589131, 35.590198116834578 ], [ 126.756892151661063, 35.59019560620591 ], [ 126.757071879127651, 35.590187667277142 ], [ 126.757280414616261, 35.590149923669593 ], [ 126.757409337563828, 35.590122477207885 ], [ 126.757500967396822, 35.590092199651473 ], [ 126.757687795783042, 35.589981753797581 ], [ 126.75781007670426, 35.589904429218862 ], [ 126.757955984131414, 35.589796898365066 ], [ 126.758047819408716, 35.589705651529854 ], [ 126.758153268232292, 35.58958672448049 ], [ 126.758230647787215, 35.589476657124621 ], [ 126.758257886276269, 35.589437923874343 ], [ 126.758363212391458, 35.589366099813631 ], [ 126.75845149402565, 35.589321960875687 ], [ 126.758543071917344, 35.589311061864343 ], [ 126.758695675178132, 35.58930028209182 ], [ 126.758943209898661, 35.589292463477562 ], [ 126.759050575927347, 35.589303682606605 ], [ 126.759142053691576, 35.589328800902983 ], [ 126.759199554674524, 35.589373248648236 ], [ 126.759277308993603, 35.589448200419781 ], [ 126.760545232703777, 35.591022172729005 ], [ 126.762412405291997, 35.592677605082656 ], [ 126.76254771408847, 35.592785931023109 ], [ 126.76260860493467, 35.592833148762161 ], [ 126.762662826731216, 35.592841561833524 ], [ 126.762737447526376, 35.592833403265281 ], [ 126.76284263161169, 35.592805904970504 ], [ 126.762910577597339, 35.592764481253816 ], [ 126.764905847023343, 35.591124652621289 ], [ 126.765845705651657, 35.591569562767496 ], [ 126.766098877281095, 35.591674967300342 ], [ 126.76627497574934, 35.591747336062447 ], [ 126.76646132698616, 35.591794789069432 ], [ 126.766603630407701, 35.591825549625781 ], [ 126.766723839100877, 35.591833940443664 ], [ 126.770370290352034, 35.591531533779026 ], [ 126.770458551214759, 35.591498476885 ], [ 126.770638505192082, 35.591410146721742 ], [ 126.770818511886588, 35.591302448646601 ], [ 126.771266904602626, 35.591012417034072 ], [ 126.771469401807849, 35.590872623313672 ], [ 126.77155773222465, 35.590806293091845 ], [ 126.775528185663688, 35.587116065318206 ], [ 126.775508881456659, 35.586647058628721 ], [ 126.775491288408176, 35.586560796423939 ], [ 126.775455937146077, 35.586447782401571 ], [ 126.775299595101927, 35.586064027057823 ], [ 126.775286381147083, 35.58600935552068 ], [ 126.775216135502944, 35.585685602056628 ], [ 126.775186830450352, 35.585536441761633 ], [ 126.775173674701549, 35.585459897838227 ], [ 126.775850890525092, 35.585445215517204 ], [ 126.776278019963158, 35.585436344721167 ], [ 126.778792273065235, 35.585398439333602 ], [ 126.780963231878886, 35.585366056360243 ], [ 126.781865778727152, 35.585233332334461 ], [ 126.781865645216755, 35.58476779641159 ], [ 126.781834304681922, 35.584244991172369 ], [ 126.781812622017739, 35.58358092133092 ], [ 126.781842736491285, 35.583548147850365 ], [ 126.783474454497721, 35.582009771343358 ], [ 126.784768074623798, 35.581754284640965 ], [ 126.787190094488594, 35.58085785165477 ], [ 126.791937074330576, 35.577095467122383 ], [ 126.792646417060041, 35.575589466880523 ], [ 126.792650581361698, 35.575053421929134 ], [ 126.79267558648894, 35.574806950504225 ], [ 126.792781452641506, 35.574453442426538 ], [ 126.79282444959756, 35.574391260896611 ], [ 126.795303652347826, 35.575055120140838 ], [ 126.795736044301194, 35.575170962973452 ], [ 126.796483278872728, 35.575513266777591 ], [ 126.799743533219356, 35.577043957130876 ], [ 126.799802605900965, 35.57711066430916 ], [ 126.800666159491911, 35.579508364001299 ], [ 126.800734963809447, 35.579700499616266 ], [ 126.800744345193095, 35.579821873630252 ], [ 126.801637455152928, 35.581428569116056 ], [ 126.803161809089815, 35.583478245131431 ] ] ] ] } },
{ "type": "Feature", "properties": { "OBJECTID": 2314, "adm_nm": "전북특별자치도 정읍시 고부면", "adm_cd": "3504034", "adm_cd2": "4518034000", "sgg": "45180", "sido": "45", "sidonm": "전북특별자치도", "sggnm": "정읍시" }, "geometry": { "type": "MultiPolygon", "coordinates": [ [ [ [ 126.795262947996179, 35.631518237269148 ], [ 126.795668968042904, 35.630665304357137 ], [ 126.796405838871209, 35.627915497288001 ], [ 126.796496610780508, 35.625269044479751 ], [ 126.796484380307874, 35.625158014120892 ], [ 126.796206203932144, 35.624880035619071 ], [ 126.794941081466703, 35.623943094971523 ], [ 126.794218166190632, 35.623512423125078 ], [ 126.79414902970727, 35.622589213538561 ], [ 126.794410485816371, 35.621722068814513 ], [ 126.794639754037703, 35.616689222659254 ], [ 126.794085562422438, 35.609782546930028 ], [ 126.794085690563122, 35.609732896673648 ], [ 126.794137657302059, 35.609686238768418 ], [ 126.796907084956516, 35.607999612717613 ], [ 126.798547946075288, 35.606633258424338 ], [ 126.798672634782932, 35.604942020907245 ], [ 126.798805051306118, 35.601049602568175 ], [ 126.798764892826881, 35.600586979306229 ], [ 126.798818270317767, 35.600557561276759 ], [ 126.79917312578047, 35.600457323604424 ], [ 126.799288527368645, 35.60043461085052 ], [ 126.799541487357104, 35.60038483629409 ], [ 126.800243296587283, 35.600255347562204 ], [ 126.801002637789011, 35.600093869430793 ], [ 126.801444649945978, 35.599988141909407 ], [ 126.801575449871493, 35.599937804533617 ], [ 126.801713197037174, 35.599862157865545 ], [ 126.801836747584545, 35.59969162570664 ], [ 126.801936895381758, 35.59952039433 ], [ 126.803455280913312, 35.596815152771704 ], [ 126.804135394819525, 35.595296176000758 ], [ 126.804200799406047, 35.595142257078749 ], [ 126.804308193015743, 35.594814151364986 ], [ 126.804771525200636, 35.593383093034333 ], [ 126.804476632359467, 35.59098196197629 ], [ 126.804352557538806, 35.590469928161795 ], [ 126.80425135637941, 35.590317557448358 ], [ 126.803391825402869, 35.589424910855875 ], [ 126.802052841764308, 35.587968412528092 ], [ 126.801482900334989, 35.586384475729432 ], [ 126.801839228865205, 35.585236217441867 ], [ 126.802396931779711, 35.583933978253114 ], [ 126.802448815964297, 35.583817592519033 ], [ 126.802583229101117, 35.583689969375293 ], [ 126.80269634935398, 35.583600569439483 ], [ 126.802820236626559, 35.583557227695877 ], [ 126.803161809089815, 35.583478245131431 ], [ 126.801637455152928, 35.581428569116056 ], [ 126.800744345193095, 35.579821873630252 ], [ 126.800734963809447, 35.579700499616266 ], [ 126.800666159491911, 35.579508364001299 ], [ 126.799802605900965, 35.57711066430916 ], [ 126.799743533219356, 35.577043957130876 ], [ 126.796483278872728, 35.575513266777591 ], [ 126.795736044301194, 35.575170962973452 ], [ 126.795303652347826, 35.575055120140838 ], [ 126.79282444959756, 35.574391260896611 ], [ 126.792781452641506, 35.574453442426538 ], [ 126.79267558648894, 35.574806950504225 ], [ 126.792650581361698, 35.575053421929134 ], [ 126.792646417060041, 35.575589466880523 ], [ 126.791937074330576, 35.577095467122383 ], [ 126.787190094488594, 35.58085785165477 ], [ 126.784768074623798, 35.581754284640965 ], [ 126.783474454497721, 35.582009771343358 ], [ 126.781842736491285, 35.583548147850365 ], [ 126.781812622017739, 35.58358092133092 ], [ 126.781834304681922, 35.584244991172369 ], [ 126.781865645216755, 35.58476779641159 ], [ 126.781865778727152, 35.585233332334461 ], [ 126.780963231878886, 35.585366056360243 ], [ 126.778792273065235, 35.585398439333602 ], [ 126.776278019963158, 35.585436344721167 ], [ 126.775850890525092, 35.585445215517204 ], [ 126.775173674701549, 35.585459897838227 ], [ 126.775186830450352, 35.585536441761633 ], [ 126.775216135502944, 35.585685602056628 ], [ 126.775286381147083, 35.58600935552068 ], [ 126.775299595101927, 35.586064027057823 ], [ 126.775455937146077, 35.586447782401571 ], [ 126.775491288408176, 35.586560796423939 ], [ 126.775508881456659, 35.586647058628721 ], [ 126.775528185663688, 35.587116065318206 ], [ 126.77155773222465, 35.590806293091845 ], [ 126.771469401807849, 35.590872623313672 ], [ 126.771266904602626, 35.591012417034072 ], [ 126.770818511886588, 35.591302448646601 ], [ 126.770638505192082, 35.591410146721742 ], [ 126.770458551214759, 35.591498476885 ], [ 126.770370290352034, 35.591531533779026 ], [ 126.766723839100877, 35.591833940443664 ], [ 126.766603630407701, 35.591825549625781 ], [ 126.76646132698616, 35.591794789069432 ], [ 126.76627497574934, 35.591747336062447 ], [ 126.766098877281095, 35.591674967300342 ], [ 126.765845705651657, 35.591569562767496 ], [ 126.764905847023343, 35.591124652621289 ], [ 126.762910577597339, 35.592764481253816 ], [ 126.76284263161169, 35.592805904970504 ], [ 126.762737447526376, 35.592833403265281 ], [ 126.762662826731216, 35.592841561833524 ], [ 126.76260860493467, 35.592833148762161 ], [ 126.76254771408847, 35.592785931023109 ], [ 126.762412405291997, 35.592677605082656 ], [ 126.760545232703777, 35.591022172729005 ], [ 126.759277308993603, 35.589448200419781 ], [ 126.759199554674524, 35.589373248648236 ], [ 126.759142053691576, 35.589328800902983 ], [ 126.759050575927347, 35.589303682606605 ], [ 126.758943209898661, 35.589292463477562 ], [ 126.758695675178132, 35.58930028209182 ], [ 126.758543071917344, 35.589311061864343 ], [ 126.75845149402565, 35.589321960875687 ], [ 126.758363212391458, 35.589366099813631 ], [ 126.758257886276269, 35.589437923874343 ], [ 126.758230647787215, 35.589476657124621 ], [ 126.758153268232292, 35.58958672448049 ], [ 126.758047819408716, 35.589705651529854 ], [ 126.757955984131414, 35.589796898365066 ], [ 126.75781007670426, 35.589904429218862 ], [ 126.757687795783042, 35.589981753797581 ], [ 126.757500967396822, 35.590092199651473 ], [ 126.757409337563828, 35.590122477207885 ], [ 126.757280414616261, 35.590149923669593 ], [ 126.757071879127651, 35.590187667277142 ], [ 126.756892151661063, 35.59019560620591 ], [ 126.756759904589131, 35.590198116834578 ], [ 126.7565225997607, 35.59018655217718 ], [ 126.755866664352425, 35.590121755668761 ], [ 126.75570396660882, 35.59010478311459 ], [ 126.755497238315314, 35.590073884951778 ], [ 126.755348148890732, 35.590048664909055 ], [ 126.755222756358052, 35.59002071041251 ], [ 126.753737829715931, 35.589536605071544 ], [ 126.752598873552643, 35.589068646060333 ], [ 126.74902270693606, 35.587411658514924 ], [ 126.74164329133292, 35.583007554310782 ], [ 126.742346523247093, 35.578303075257558 ], [ 126.742377202340748, 35.577649318805641 ], [ 126.741179724928628, 35.570580137260343 ], [ 126.74080461425315, 35.569439250718609 ], [ 126.740527498163331, 35.569091955112391 ], [ 126.739324105742938, 35.567767317538248 ], [ 126.739180903450801, 35.567659362912195 ], [ 126.739039047518887, 35.56759112094575 ], [ 126.73864502372578, 35.567696692056629 ], [ 126.732158568179742, 35.5700856215364 ], [ 126.731576446938064, 35.570312853711378 ], [ 126.73064816340441, 35.570806467872771 ], [ 126.727757418079477, 35.570962178389181 ], [ 126.726919480660115, 35.570834098976356 ], [ 126.72636824275267, 35.570733696618511 ], [ 126.725999533475218, 35.57087084563814 ], [ 126.724537453771703, 35.57144572013064 ], [ 126.723779393381349, 35.571743810225023 ], [ 126.722939756926365, 35.57221649990263 ], [ 126.721751430785332, 35.572981040631419 ], [ 126.721695931331112, 35.57302897188287 ], [ 126.721523199282615, 35.573178149436359 ], [ 126.720987521390654, 35.573868608617879 ], [ 126.720050961539471, 35.575325411905197 ], [ 126.719521536111571, 35.576248397343633 ], [ 126.718955328082401, 35.577520051320775 ], [ 126.718550728509868, 35.579132724256944 ], [ 126.718466931052831, 35.579561362384567 ], [ 126.718484337378442, 35.580465374847797 ], [ 126.718488694175278, 35.580688203111585 ], [ 126.7186052449117, 35.581184608242438 ], [ 126.719599436671686, 35.583688575979949 ], [ 126.719793671634477, 35.58403377454691 ], [ 126.719947367284448, 35.584214923086883 ], [ 126.72038413040282, 35.584631322047407 ], [ 126.720429257243723, 35.584674343969581 ], [ 126.720936701177806, 35.585180032033392 ], [ 126.721403125431763, 35.585652010635009 ], [ 126.722271116510314, 35.58654227384099 ], [ 126.722939650580827, 35.587227971713084 ], [ 126.723108765259369, 35.587449180344514 ], [ 126.723456091477743, 35.587982817444889 ], [ 126.723541585982559, 35.58812922665529 ], [ 126.724449031172099, 35.589845080601926 ], [ 126.725420611321837, 35.593663983204507 ], [ 126.723719570549079, 35.594370481059201 ], [ 126.722847930578126, 35.594414359971637 ], [ 126.722088663223204, 35.59448144189502 ], [ 126.721863522558891, 35.594549735662895 ], [ 126.72169440551076, 35.594673017788224 ], [ 126.720196068759719, 35.598561883273405 ], [ 126.720190428248856, 35.598595732643084 ], [ 126.72019304059539, 35.598640866090292 ], [ 126.7212198640553, 35.603521420359009 ], [ 126.721863392355942, 35.604045554066118 ], [ 126.722001142231733, 35.604196545464461 ], [ 126.722092574421154, 35.604418056883752 ], [ 126.722123601351953, 35.60460881060564 ], [ 126.721197474232255, 35.608291052469795 ], [ 126.720671893642503, 35.609455177121262 ], [ 126.720493936015913, 35.609843261520609 ], [ 126.720014822428325, 35.610593678575491 ], [ 126.720916480779579, 35.615009670923214 ], [ 126.720995566107234, 35.615316924195945 ], [ 126.721326921445879, 35.615753531388641 ], [ 126.723107698284295, 35.617323707237851 ], [ 126.72320055847878, 35.617519918046895 ], [ 126.723240344024887, 35.617810056910578 ], [ 126.723230457772985, 35.617893335776465 ], [ 126.722922363021212, 35.619078148774861 ], [ 126.722764436960574, 35.619642526288679 ], [ 126.722518902702475, 35.620419583218336 ], [ 126.722283755139486, 35.621271957945964 ], [ 126.722147191102508, 35.621804365452249 ], [ 126.722090992436193, 35.622164955243335 ], [ 126.722084581337256, 35.622428404510735 ], [ 126.722076515446844, 35.622760085210579 ], [ 126.722138429726357, 35.623195496995038 ], [ 126.722214930402401, 35.623733486891282 ], [ 126.722270761015722, 35.625010824523571 ], [ 126.722245205736925, 35.628108028774669 ], [ 126.721003391507125, 35.628333242230802 ], [ 126.720282922304619, 35.630212502690178 ], [ 126.720600423415931, 35.630851112154446 ], [ 126.720843335773679, 35.631164583779224 ], [ 126.721028771636895, 35.631307243173353 ], [ 126.721364947733491, 35.631535607640124 ], [ 126.72213038493895, 35.631973564436251 ], [ 126.722275493468985, 35.631971314149965 ], [ 126.722639140089015, 35.631892849855248 ], [ 126.722756332798625, 35.631848718779608 ], [ 126.723115752213587, 35.6330431332415 ], [ 126.723661287458384, 35.634890286507506 ], [ 126.724559691396877, 35.638037291254221 ], [ 126.739284371287084, 35.633447264455356 ], [ 126.740323400661893, 35.634443099455567 ], [ 126.740809320450552, 35.634497089404654 ], [ 126.742274752730495, 35.634419216959024 ], [ 126.745288413559507, 35.634198653407552 ], [ 126.74617393955144, 35.633946302258423 ], [ 126.749234449305533, 35.632574916437655 ], [ 126.751905189835171, 35.63074616669531 ], [ 126.752217091481299, 35.630429328316048 ], [ 126.752578586507838, 35.630072199337924 ], [ 126.752698890352349, 35.63000894114316 ], [ 126.752953150779263, 35.63004409381459 ], [ 126.754670061516677, 35.630291603006754 ], [ 126.757121862889619, 35.630657469333492 ], [ 126.758936203412858, 35.630697027669115 ], [ 126.759169378221515, 35.630697497154699 ], [ 126.759452148193489, 35.630657660070725 ], [ 126.759922518505988, 35.630499862161962 ], [ 126.760149125732852, 35.630338694647961 ], [ 126.761640115986154, 35.629143889122361 ], [ 126.761817203004227, 35.628994145914476 ], [ 126.762277920714396, 35.628515943533309 ], [ 126.762377156058335, 35.628412261019847 ], [ 126.762398619136079, 35.628325697486673 ], [ 126.762399491562988, 35.628017684817564 ], [ 126.762337947725101, 35.627753310044554 ], [ 126.762239062677281, 35.627329978869312 ], [ 126.76212606357663, 35.627013797861579 ], [ 126.762002105913112, 35.626890849258231 ], [ 126.761674949931063, 35.626593999317379 ], [ 126.761582054749908, 35.626483798503173 ], [ 126.761530597177156, 35.626370850121496 ], [ 126.761531220400656, 35.626162094993042 ], [ 126.761560978915384, 35.625448448984869 ], [ 126.763678114112238, 35.623964104216512 ], [ 126.764031250092017, 35.623800254525811 ], [ 126.764421729461034, 35.623673285640841 ], [ 126.765956040068517, 35.623283548754245 ], [ 126.766045857601824, 35.623272454171854 ], [ 126.766132096906006, 35.623298014110574 ], [ 126.768652943358006, 35.624407307637831 ], [ 126.768846048230685, 35.624495129732331 ], [ 126.770155974481241, 35.625252257174118 ], [ 126.770314499167569, 35.625362588422512 ], [ 126.771554782238312, 35.62633114045552 ], [ 126.771730454881279, 35.626483804837179 ], [ 126.771902480310771, 35.62670275887487 ], [ 126.772451677513871, 35.627854771184509 ], [ 126.772465706827674, 35.628017155945081 ], [ 126.772230931281513, 35.629704288847392 ], [ 126.771802813004967, 35.630533635055961 ], [ 126.771709299740905, 35.630629926040292 ], [ 126.771349547440323, 35.631449275389663 ], [ 126.771333581909019, 35.631604109749283 ], [ 126.771379007419384, 35.632012934761278 ], [ 126.771471520304161, 35.632267003606785 ], [ 126.771607869746362, 35.632404350568926 ], [ 126.771769119576064, 35.632531598227068 ], [ 126.774252612793447, 35.634102623501768 ], [ 126.775192475909094, 35.634649303102478 ], [ 126.77561627349165, 35.634837108593615 ], [ 126.78208509230754, 35.63652570023396 ], [ 126.782116675299648, 35.636522517285798 ], [ 126.787684665941896, 35.634920394321909 ], [ 126.793428077312001, 35.632560578880963 ], [ 126.795262947996179, 35.631518237269148 ] ] ] ] } },
{ "type": "Feature", "properties": { "OBJECTID": 2315, "adm_nm": "전북특별자치도 정읍시 영원면", "adm_cd": "3504035", "adm_cd2": "4518035000", "sgg": "45180", "sido": "45", "sidonm": "전북특별자치도", "sggnm": "정읍시" }, "geometry": { "type": "MultiPolygon", "coordinates": [ [ [ [ 126.789297400642283, 35.675528399180237 ], [ 126.789534947209347, 35.674644468928861 ], [ 126.790167725504418, 35.672311213503335 ], [ 126.790588777170356, 35.670801171789932 ], [ 126.791864167272237, 35.668258311186783 ], [ 126.794292894905595, 35.665284480688314 ], [ 126.796648210783701, 35.664087769517593 ], [ 126.798294530076788, 35.663342485963369 ], [ 126.798238553626646, 35.662975966393873 ], [ 126.798161880345603, 35.662533395045472 ], [ 126.798045805288112, 35.662288157650337 ], [ 126.797722308273435, 35.661745420973432 ], [ 126.799260933665948, 35.658842788932716 ], [ 126.799631432899162, 35.658420771680895 ], [ 126.799904165319944, 35.658026013531874 ], [ 126.801511039287959, 35.655214862348011 ], [ 126.801575488244225, 35.655082838874897 ], [ 126.802678050634384, 35.652372104903499 ], [ 126.803243757962903, 35.650952935480909 ], [ 126.803311086856056, 35.650775514547668 ], [ 126.803290400953884, 35.650686722733163 ], [ 126.803217914433588, 35.650420349138507 ], [ 126.803056188502794, 35.649897784278345 ], [ 126.802709374029874, 35.649009660167465 ], [ 126.802282578665327, 35.648350108018903 ], [ 126.801136519119723, 35.646999804778623 ], [ 126.800146423542557, 35.645970631884325 ], [ 126.799729664485071, 35.645495425730182 ], [ 126.799708904725364, 35.645437341300934 ], [ 126.799725832426617, 35.645352038616579 ], [ 126.800005363994103, 35.644717560085155 ], [ 126.8003805381083, 35.644284641334139 ], [ 126.800653183431791, 35.643889115202789 ], [ 126.800737316623596, 35.643681023274006 ], [ 126.80075655265388, 35.643503536216436 ], [ 126.800686491332485, 35.643107423706063 ], [ 126.800439020950193, 35.642625670435699 ], [ 126.800180823524556, 35.642253159383237 ], [ 126.799950094438543, 35.641764595881689 ], [ 126.799588045458364, 35.641135866072439 ], [ 126.799461063664253, 35.640941075927849 ], [ 126.797103051334091, 35.637755533085986 ], [ 126.796981523708979, 35.637652294453794 ], [ 126.796060168412623, 35.634808502266537 ], [ 126.796251900167931, 35.632964923544684 ], [ 126.796239286897901, 35.632801483055921 ], [ 126.796166229729792, 35.632453175830101 ], [ 126.796038550021805, 35.632207825385926 ], [ 126.795914927536074, 35.632059950941581 ], [ 126.795262947996179, 35.631518237269148 ], [ 126.793428077312001, 35.632560578880963 ], [ 126.787684665941896, 35.634920394321909 ], [ 126.782116675299648, 35.636522517285798 ], [ 126.78208509230754, 35.63652570023396 ], [ 126.77561627349165, 35.634837108593615 ], [ 126.775192475909094, 35.634649303102478 ], [ 126.774252612793447, 35.634102623501768 ], [ 126.771769119576064, 35.632531598227068 ], [ 126.771607869746362, 35.632404350568926 ], [ 126.771471520304161, 35.632267003606785 ], [ 126.771379007419384, 35.632012934761278 ], [ 126.771333581909019, 35.631604109749283 ], [ 126.771349547440323, 35.631449275389663 ], [ 126.771709299740905, 35.630629926040292 ], [ 126.771802813004967, 35.630533635055961 ], [ 126.772230931281513, 35.629704288847392 ], [ 126.772465706827674, 35.628017155945081 ], [ 126.772451677513871, 35.627854771184509 ], [ 126.771902480310771, 35.62670275887487 ], [ 126.771730454881279, 35.626483804837179 ], [ 126.771554782238312, 35.62633114045552 ], [ 126.770314499167569, 35.625362588422512 ], [ 126.770155974481241, 35.625252257174118 ], [ 126.768846048230685, 35.624495129732331 ], [ 126.768652943358006, 35.624407307637831 ], [ 126.766132096906006, 35.623298014110574 ], [ 126.766045857601824, 35.623272454171854 ], [ 126.765956040068517, 35.623283548754245 ], [ 126.764421729461034, 35.623673285640841 ], [ 126.764031250092017, 35.623800254525811 ], [ 126.763678114112238, 35.623964104216512 ], [ 126.761560978915384, 35.625448448984869 ], [ 126.761531220400656, 35.626162094993042 ], [ 126.761530597177156, 35.626370850121496 ], [ 126.761582054749908, 35.626483798503173 ], [ 126.761674949931063, 35.626593999317379 ], [ 126.762002105913112, 35.626890849258231 ], [ 126.76212606357663, 35.627013797861579 ], [ 126.762239062677281, 35.627329978869312 ], [ 126.762337947725101, 35.627753310044554 ], [ 126.762399491562988, 35.628017684817564 ], [ 126.762398619136079, 35.628325697486673 ], [ 126.762377156058335, 35.628412261019847 ], [ 126.762277920714396, 35.628515943533309 ], [ 126.761817203004227, 35.628994145914476 ], [ 126.761640115986154, 35.629143889122361 ], [ 126.760149125732852, 35.630338694647961 ], [ 126.759922518505988, 35.630499862161962 ], [ 126.759452148193489, 35.630657660070725 ], [ 126.759169378221515, 35.630697497154699 ], [ 126.758936203412858, 35.630697027669115 ], [ 126.757121862889619, 35.630657469333492 ], [ 126.754670061516677, 35.630291603006754 ], [ 126.752953150779263, 35.63004409381459 ], [ 126.752698890352349, 35.63000894114316 ], [ 126.752578586507838, 35.630072199337924 ], [ 126.752217091481299, 35.630429328316048 ], [ 126.751905189835171, 35.63074616669531 ], [ 126.749234449305533, 35.632574916437655 ], [ 126.74617393955144, 35.633946302258423 ], [ 126.745288413559507, 35.634198653407552 ], [ 126.742274752730495, 35.634419216959024 ], [ 126.740809320450552, 35.634497089404654 ], [ 126.740323400661893, 35.634443099455567 ], [ 126.739284371287084, 35.633447264455356 ], [ 126.724559691396877, 35.638037291254221 ], [ 126.7243397312632, 35.638277049879456 ], [ 126.724262134460147, 35.638367016208441 ], [ 126.725235322592638, 35.643956706402307 ], [ 126.726092886372442, 35.645383143202835 ], [ 126.727753407269191, 35.647369752879129 ], [ 126.729624065241538, 35.649275694972459 ], [ 126.731928194714854, 35.649654070343729 ], [ 126.732211011838785, 35.649692114321333 ], [ 126.733546181614869, 35.650727023129981 ], [ 126.735114897920042, 35.653014736600831 ], [ 126.735505620167956, 35.653743885856755 ], [ 126.739286117741372, 35.659536329219399 ], [ 126.742787217793904, 35.66489017225237 ], [ 126.743950675063246, 35.666734453833215 ], [ 126.748083383331277, 35.664216080128242 ], [ 126.74932328347434, 35.66466672969743 ], [ 126.750409749841324, 35.667891289293628 ], [ 126.751215945673607, 35.670283793357576 ], [ 126.751479529859665, 35.670570351104793 ], [ 126.752392719843158, 35.671550911977988 ], [ 126.752680671266617, 35.671782076848359 ], [ 126.752943896842112, 35.67190045827612 ], [ 126.753617892084648, 35.672104255790991 ], [ 126.753837629545387, 35.672079067763136 ], [ 126.754001012387747, 35.672007665724713 ], [ 126.754227626476123, 35.671787820353927 ], [ 126.75440422468229, 35.671506361041217 ], [ 126.754554651334089, 35.671115792261389 ], [ 126.754673355606357, 35.670715291213831 ], [ 126.754653433975221, 35.670051712200127 ], [ 126.754692799228408, 35.669493294436521 ], [ 126.754806493821491, 35.669252695905328 ], [ 126.755796795585169, 35.667599728645584 ], [ 126.756764580333041, 35.666118338845664 ], [ 126.757464261870467, 35.665089851357727 ], [ 126.760880217662049, 35.66119492358289 ], [ 126.761103536757062, 35.6610083331216 ], [ 126.761411479100886, 35.660844995674104 ], [ 126.761796104104803, 35.660768307197458 ], [ 126.7618949337472, 35.660748605790999 ], [ 126.762127146603888, 35.660733684306329 ], [ 126.762302657873477, 35.660795525288606 ], [ 126.762631296784321, 35.661060055042981 ], [ 126.763591473654358, 35.662073913475552 ], [ 126.764104039573368, 35.662746157123188 ], [ 126.764444449817418, 35.663277144114694 ], [ 126.764868704666227, 35.664108042391497 ], [ 126.765089657539022, 35.664715659031366 ], [ 126.765075788206332, 35.665166543486052 ], [ 126.764881569957126, 35.666121768359865 ], [ 126.764812090909558, 35.667338548146148 ], [ 126.764708014545377, 35.669641498380912 ], [ 126.764750796019641, 35.670031012461642 ], [ 126.765100284859884, 35.672813956351781 ], [ 126.765180590076284, 35.673249624022432 ], [ 126.765404891503522, 35.673798323605851 ], [ 126.767059090288285, 35.676782531782194 ], [ 126.768542048256691, 35.679421386730958 ], [ 126.771749679213556, 35.684739442520403 ], [ 126.771816705637306, 35.684849448687842 ], [ 126.773628926764061, 35.686940563502397 ], [ 126.774009679821603, 35.687234299339814 ], [ 126.7745039311, 35.687088717561579 ], [ 126.775605114887895, 35.686632965650873 ], [ 126.775921706616586, 35.685809483725713 ], [ 126.776283820901483, 35.684748007347039 ], [ 126.775862807588553, 35.682806063059225 ], [ 126.776833068005573, 35.68099488752113 ], [ 126.779294492414124, 35.678390867381189 ], [ 126.779372256334852, 35.678343176448344 ], [ 126.780161228655444, 35.677859436478904 ], [ 126.781875327807995, 35.676827890380295 ], [ 126.783511169631623, 35.675843920958961 ], [ 126.786013183663073, 35.675361725365647 ], [ 126.788186892912307, 35.674973671482043 ], [ 126.788514420537524, 35.676171196201672 ], [ 126.788973078453552, 35.676022560570281 ], [ 126.78909821515478, 35.675961629553278 ], [ 126.789232038798659, 35.675771643002513 ], [ 126.789297400642283, 35.675528399180237 ] ] ] ] } },
{ "type": "Feature", "properties": { "OBJECTID": 2316, "adm_nm": "전북특별자치도 정읍시 덕천면", "adm_cd": "3504036", "adm_cd2": "4518036000", "sgg": "45180", "sido": "45", "sidonm": "전북특별자치도", "sggnm": "정읍시" }, "geometry": { "type": "MultiPolygon", "coordinates": [ [ [ [ 126.858302836231417, 35.649564771707333 ], [ 126.859307600055814, 35.648057739328721 ], [ 126.861217377866538, 35.645274940339057 ], [ 126.861615978261142, 35.644762811012704 ], [ 126.862914985502414, 35.644063773312226 ], [ 126.863585867392757, 35.643449453737027 ], [ 126.864290507851493, 35.642210362459828 ], [ 126.864362685768725, 35.642083434094964 ], [ 126.864552149636381, 35.64145147308755 ], [ 126.864473257270333, 35.638615062656697 ], [ 126.863785270184223, 35.637025253824667 ], [ 126.863727979704706, 35.636998661461121 ], [ 126.863157870586576, 35.63673408282056 ], [ 126.862490967195654, 35.636494142948827 ], [ 126.860585077918799, 35.635808429134798 ], [ 126.859037392425265, 35.63517443306182 ], [ 126.857888003722721, 35.634199161094728 ], [ 126.856655923666409, 35.632677007479877 ], [ 126.85619683499803, 35.631924660847268 ], [ 126.854226282865568, 35.626770781217708 ], [ 126.853619179309192, 35.623749839206354 ], [ 126.853613164554119, 35.623418168511677 ], [ 126.853662130664461, 35.623203728197005 ], [ 126.853779771918127, 35.622855054232573 ], [ 126.853979748803113, 35.622155926091928 ], [ 126.854104271114664, 35.621677481477079 ], [ 126.854111233980419, 35.621486410540214 ], [ 126.854020064146795, 35.619435879079901 ], [ 126.853999479192964, 35.619233059961843 ], [ 126.853944679095065, 35.619013992969812 ], [ 126.853849012970272, 35.618816483929258 ], [ 126.853691567217666, 35.618597282823877 ], [ 126.853293810760505, 35.618058541479456 ], [ 126.853194436049293, 35.616288175777122 ], [ 126.853142123590274, 35.615911650501069 ], [ 126.853011020733803, 35.615065105201118 ], [ 126.852973921816854, 35.614956220359893 ], [ 126.852888972649339, 35.614799356855023 ], [ 126.852761513636224, 35.614585852424852 ], [ 126.850857599116964, 35.612472871964655 ], [ 126.84772397716489, 35.611701737512718 ], [ 126.846514723215904, 35.611788836051232 ], [ 126.845413044590686, 35.61271100485115 ], [ 126.841573816999656, 35.615255897765095 ], [ 126.840880446480043, 35.615535983963511 ], [ 126.840740096899538, 35.615562301143896 ], [ 126.839728621255063, 35.615618536867544 ], [ 126.837043692296334, 35.616180188916772 ], [ 126.832957213368331, 35.618144296596803 ], [ 126.832974393876199, 35.618330861828746 ], [ 126.832778012956254, 35.618451340567958 ], [ 126.831460210805332, 35.618981352951572 ], [ 126.831224747465512, 35.619066943610065 ], [ 126.83005351169777, 35.619325204225447 ], [ 126.829781645977803, 35.619338799906267 ], [ 126.829623998524738, 35.619303439923115 ], [ 126.82689227589772, 35.618150855867711 ], [ 126.825756620492868, 35.617361351303202 ], [ 126.824049256871632, 35.61604202021654 ], [ 126.823909124459107, 35.615870833664545 ], [ 126.823840623621251, 35.615720829774524 ], [ 126.823385623096286, 35.61424023122558 ], [ 126.822959454891446, 35.612798531330611 ], [ 126.822890875853034, 35.612293698066914 ], [ 126.82281473452305, 35.611964259133217 ], [ 126.822605137817149, 35.611422188131712 ], [ 126.821726349914456, 35.60951658429277 ], [ 126.821675644879306, 35.609418295902842 ], [ 126.821306126009219, 35.609193149407652 ], [ 126.820931210398513, 35.609012010711005 ], [ 126.820589470539716, 35.608881978521481 ], [ 126.820460990536645, 35.608860788758577 ], [ 126.818048615338625, 35.608563787534855 ], [ 126.817729866720128, 35.608559126754372 ], [ 126.816657388864684, 35.608607473692835 ], [ 126.814895243156244, 35.609250490818212 ], [ 126.814663575223463, 35.609380310366639 ], [ 126.814443121225125, 35.609576859945932 ], [ 126.814242048967643, 35.609815928584624 ], [ 126.814169768377226, 35.609946023026723 ], [ 126.814051344876489, 35.610021411497378 ], [ 126.81381976860537, 35.610105038399553 ], [ 126.813585665283213, 35.610146058263254 ], [ 126.813246249481807, 35.610179140000781 ], [ 126.809929361933584, 35.610315564141025 ], [ 126.809687716783017, 35.61030677216668 ], [ 126.803658769232484, 35.609552384235265 ], [ 126.803494386966179, 35.609493313175179 ], [ 126.803371208868015, 35.609404917426716 ], [ 126.803234385261419, 35.609275685297348 ], [ 126.803111562888034, 35.609044497255233 ], [ 126.802968489959113, 35.608687315159948 ], [ 126.802851332004337, 35.608410826472138 ], [ 126.802672023854115, 35.608158558284657 ], [ 126.802518159505951, 35.608002911693845 ], [ 126.802410423828803, 35.607910348645447 ], [ 126.80212294128269, 35.607737695840271 ], [ 126.800287814565237, 35.606770484414724 ], [ 126.80020564759279, 35.606732554374858 ], [ 126.79969697943163, 35.606688088959856 ], [ 126.798547946075288, 35.606633258424338 ], [ 126.796907084956516, 35.607999612717613 ], [ 126.794137657302059, 35.609686238768418 ], [ 126.794085690563122, 35.609732896673648 ], [ 126.794085562422438, 35.609782546930028 ], [ 126.794639754037703, 35.616689222659254 ], [ 126.794410485816371, 35.621722068814513 ], [ 126.79414902970727, 35.622589213538561 ], [ 126.794218166190632, 35.623512423125078 ], [ 126.794941081466703, 35.623943094971523 ], [ 126.796206203932144, 35.624880035619071 ], [ 126.796484380307874, 35.625158014120892 ], [ 126.796496610780508, 35.625269044479751 ], [ 126.796405838871209, 35.627915497288001 ], [ 126.795668968042904, 35.630665304357137 ], [ 126.795262947996179, 35.631518237269148 ], [ 126.795914927536074, 35.632059950941581 ], [ 126.796038550021805, 35.632207825385926 ], [ 126.796166229729792, 35.632453175830101 ], [ 126.796239286897901, 35.632801483055921 ], [ 126.796251900167931, 35.632964923544684 ], [ 126.796060168412623, 35.634808502266537 ], [ 126.796981523708979, 35.637652294453794 ], [ 126.797103051334091, 35.637755533085986 ], [ 126.799461063664253, 35.640941075927849 ], [ 126.799588045458364, 35.641135866072439 ], [ 126.799950094438543, 35.641764595881689 ], [ 126.800180823524556, 35.642253159383237 ], [ 126.803461574266166, 35.639718545755898 ], [ 126.804385732161791, 35.639748425092328 ], [ 126.804484860557253, 35.639775603641418 ], [ 126.805195983455079, 35.640385811227546 ], [ 126.806073278506815, 35.641329872580101 ], [ 126.808894244483383, 35.643296661524353 ], [ 126.809194719653192, 35.643488910715483 ], [ 126.809439221639877, 35.643575739225952 ], [ 126.809678948672641, 35.643585574305526 ], [ 126.809844327408641, 35.643572315112301 ], [ 126.810221671716164, 35.643421669901329 ], [ 126.810316075775987, 35.643358367209011 ], [ 126.813603803916152, 35.642739134328892 ], [ 126.821810869917329, 35.642374302323461 ], [ 126.822054620721374, 35.642368236111167 ], [ 126.822141030888389, 35.642374603764125 ], [ 126.82223229038901, 35.642395447227649 ], [ 126.822312962926276, 35.642426484366624 ], [ 126.822378675882391, 35.642466898071675 ], [ 126.824324161177501, 35.643732055693846 ], [ 126.824410237263308, 35.643898100817324 ], [ 126.824719573437307, 35.645125901174502 ], [ 126.826928829285066, 35.647603305102336 ], [ 126.829359388399297, 35.650050769354429 ], [ 126.832673161160997, 35.652377233355168 ], [ 126.832992972879183, 35.65256342379233 ], [ 126.833202367341357, 35.652607720760741 ], [ 126.833549485843662, 35.652617980389437 ], [ 126.83369313770379, 35.652613288843995 ], [ 126.833782626216475, 35.652574993219631 ], [ 126.834034592903578, 35.652467140267809 ], [ 126.834412075585291, 35.652267267123548 ], [ 126.835649640321734, 35.651477101574798 ], [ 126.836141121482896, 35.651135626333165 ], [ 126.83638707934773, 35.650862235263439 ], [ 126.83658484175308, 35.650730542133637 ], [ 126.837088151086022, 35.650457480471161 ], [ 126.837462527643069, 35.650306487491974 ], [ 126.83773800897653, 35.650218874057472 ], [ 126.839687157446136, 35.649698491533236 ], [ 126.83988472986384, 35.649669445797741 ], [ 126.843712435958906, 35.649593836329949 ], [ 126.84561436175818, 35.64972224808669 ], [ 126.847052848112654, 35.64907273058823 ], [ 126.847597731645848, 35.648941436367622 ], [ 126.847928143007124, 35.648872467734954 ], [ 126.84861641262458, 35.648891485587647 ], [ 126.848871323775853, 35.648898530724395 ], [ 126.849448608245083, 35.648998244482961 ], [ 126.849662343539435, 35.649074215014721 ], [ 126.849811840566034, 35.649190857975981 ], [ 126.850032376626856, 35.649444410518996 ], [ 126.850594294218084, 35.650143823375487 ], [ 126.850985489332075, 35.650633411848858 ], [ 126.851120451437367, 35.650901411424442 ], [ 126.851234050374885, 35.651157765742369 ], [ 126.851354819646659, 35.651384980976637 ], [ 126.851511212238947, 35.651635548929484 ], [ 126.852122900661143, 35.652413629910136 ], [ 126.852314953542347, 35.652652589926774 ], [ 126.852414631455986, 35.652734224684188 ], [ 126.853373892313542, 35.653266917892452 ], [ 126.853858100536016, 35.653531400894728 ], [ 126.854242461298625, 35.653695228039609 ], [ 126.854675659774216, 35.653793095599099 ], [ 126.854755132774315, 35.653811039153716 ], [ 126.855362686266432, 35.653933260768206 ], [ 126.855557575984463, 35.653933496847245 ], [ 126.855642291400301, 35.653891720588803 ], [ 126.856322541546788, 35.652711821686566 ], [ 126.85638553116857, 35.65258967123242 ], [ 126.856560032616244, 35.652208393521761 ], [ 126.856661937327473, 35.65192464008193 ], [ 126.85668627084614, 35.651818195788159 ], [ 126.85668651291202, 35.651684130349537 ], [ 126.856605719548085, 35.650970368197427 ], [ 126.856625313488124, 35.650814647120292 ], [ 126.856654473209076, 35.650712168710534 ], [ 126.85670776625453, 35.650609711905034 ], [ 126.856838298974722, 35.65051129392927 ], [ 126.858302836231417, 35.649564771707333 ] ] ] ] } },
{ "type": "Feature", "properties": { "OBJECTID": 2317, "adm_nm": "전북특별자치도 정읍시 이평면", "adm_cd": "3504037", "adm_cd2": "4518037000", "sgg": "45180", "sido": "45", "sidonm": "전북특별자치도", "sggnm": "정읍시" }, "geometry": { "type": "MultiPolygon", "coordinates": [ [ [ [ 126.861501422273747, 35.673132757325831 ], [ 126.861390649118945, 35.672677312397113 ], [ 126.860874533705669, 35.670283151467473 ], [ 126.863284472856677, 35.669463275694767 ], [ 126.865103296212681, 35.669343388178255 ], [ 126.866188931562263, 35.669264139259646 ], [ 126.866229245834887, 35.669261186749878 ], [ 126.866276753278783, 35.668849041007142 ], [ 126.866238834196039, 35.66874539693314 ], [ 126.866074341750945, 35.668465419058514 ], [ 126.865941319599671, 35.668330570174852 ], [ 126.865212797256106, 35.667656237212341 ], [ 126.86486434354002, 35.667350159389784 ], [ 126.864686924736276, 35.667204904582228 ], [ 126.864604664015147, 35.66707528187635 ], [ 126.864490875315411, 35.666831654249059 ], [ 126.864453055146868, 35.666681366267014 ], [ 126.864566462477441, 35.663438241320549 ], [ 126.864154271811003, 35.655920275155609 ], [ 126.863318086506084, 35.652772285783563 ], [ 126.86329327539147, 35.652720329001575 ], [ 126.862537243212742, 35.651785685673289 ], [ 126.86238268391584, 35.651615026783865 ], [ 126.861885564847455, 35.651275705856662 ], [ 126.861816488980011, 35.651241767698139 ], [ 126.86159254945899, 35.651226822886194 ], [ 126.861493001137262, 35.651231227966441 ], [ 126.861374018940523, 35.651273996101303 ], [ 126.861180297167621, 35.651366366620444 ], [ 126.861102876744042, 35.651375303121483 ], [ 126.860602473134975, 35.651326182050845 ], [ 126.860505747915511, 35.651287657629993 ], [ 126.860163356677305, 35.65102643150567 ], [ 126.858302836231417, 35.649564771707333 ], [ 126.856838298974722, 35.65051129392927 ], [ 126.85670776625453, 35.650609711905034 ], [ 126.856654473209076, 35.650712168710534 ], [ 126.856625313488124, 35.650814647120292 ], [ 126.856605719548085, 35.650970368197427 ], [ 126.85668651291202, 35.651684130349537 ], [ 126.85668627084614, 35.651818195788159 ], [ 126.856661937327473, 35.65192464008193 ], [ 126.856560032616244, 35.652208393521761 ], [ 126.85638553116857, 35.65258967123242 ], [ 126.856322541546788, 35.652711821686566 ], [ 126.855642291400301, 35.653891720588803 ], [ 126.855557575984463, 35.653933496847245 ], [ 126.855362686266432, 35.653933260768206 ], [ 126.854755132774315, 35.653811039153716 ], [ 126.854675659774216, 35.653793095599099 ], [ 126.854242461298625, 35.653695228039609 ], [ 126.853858100536016, 35.653531400894728 ], [ 126.853373892313542, 35.653266917892452 ], [ 126.852414631455986, 35.652734224684188 ], [ 126.852314953542347, 35.652652589926774 ], [ 126.852122900661143, 35.652413629910136 ], [ 126.851511212238947, 35.651635548929484 ], [ 126.851354819646659, 35.651384980976637 ], [ 126.851234050374885, 35.651157765742369 ], [ 126.851120451437367, 35.650901411424442 ], [ 126.850985489332075, 35.650633411848858 ], [ 126.850594294218084, 35.650143823375487 ], [ 126.850032376626856, 35.649444410518996 ], [ 126.849811840566034, 35.649190857975981 ], [ 126.849662343539435, 35.649074215014721 ], [ 126.849448608245083, 35.648998244482961 ], [ 126.848871323775853, 35.648898530724395 ], [ 126.84861641262458, 35.648891485587647 ], [ 126.847928143007124, 35.648872467734954 ], [ 126.847597731645848, 35.648941436367622 ], [ 126.847052848112654, 35.64907273058823 ], [ 126.84561436175818, 35.64972224808669 ], [ 126.843712435958906, 35.649593836329949 ], [ 126.83988472986384, 35.649669445797741 ], [ 126.839687157446136, 35.649698491533236 ], [ 126.83773800897653, 35.650218874057472 ], [ 126.837462527643069, 35.650306487491974 ], [ 126.837088151086022, 35.650457480471161 ], [ 126.83658484175308, 35.650730542133637 ], [ 126.83638707934773, 35.650862235263439 ], [ 126.836141121482896, 35.651135626333165 ], [ 126.835649640321734, 35.651477101574798 ], [ 126.834412075585291, 35.652267267123548 ], [ 126.834034592903578, 35.652467140267809 ], [ 126.833782626216475, 35.652574993219631 ], [ 126.83369313770379, 35.652613288843995 ], [ 126.833549485843662, 35.652617980389437 ], [ 126.833202367341357, 35.652607720760741 ], [ 126.832992972879183, 35.65256342379233 ], [ 126.832673161160997, 35.652377233355168 ], [ 126.829359388399297, 35.650050769354429 ], [ 126.826928829285066, 35.647603305102336 ], [ 126.824719573437307, 35.645125901174502 ], [ 126.824410237263308, 35.643898100817324 ], [ 126.824324161177501, 35.643732055693846 ], [ 126.822378675882391, 35.642466898071675 ], [ 126.822312962926276, 35.642426484366624 ], [ 126.82223229038901, 35.642395447227649 ], [ 126.822141030888389, 35.642374603764125 ], [ 126.822054620721374, 35.642368236111167 ], [ 126.821810869917329, 35.642374302323461 ], [ 126.813603803916152, 35.642739134328892 ], [ 126.810316075775987, 35.643358367209011 ], [ 126.810221671716164, 35.643421669901329 ], [ 126.809844327408641, 35.643572315112301 ], [ 126.809678948672641, 35.643585574305526 ], [ 126.809439221639877, 35.643575739225952 ], [ 126.809194719653192, 35.643488910715483 ], [ 126.808894244483383, 35.643296661524353 ], [ 126.806073278506815, 35.641329872580101 ], [ 126.805195983455079, 35.640385811227546 ], [ 126.804484860557253, 35.639775603641418 ], [ 126.804385732161791, 35.639748425092328 ], [ 126.803461574266166, 35.639718545755898 ], [ 126.800180823524556, 35.642253159383237 ], [ 126.800439020950193, 35.642625670435699 ], [ 126.800686491332485, 35.643107423706063 ], [ 126.80075655265388, 35.643503536216436 ], [ 126.800737316623596, 35.643681023274006 ], [ 126.800653183431791, 35.643889115202789 ], [ 126.8003805381083, 35.644284641334139 ], [ 126.800005363994103, 35.644717560085155 ], [ 126.799725832426617, 35.645352038616579 ], [ 126.799708904725364, 35.645437341300934 ], [ 126.799729664485071, 35.645495425730182 ], [ 126.800146423542557, 35.645970631884325 ], [ 126.801136519119723, 35.646999804778623 ], [ 126.802282578665327, 35.648350108018903 ], [ 126.802709374029874, 35.649009660167465 ], [ 126.803056188502794, 35.649897784278345 ], [ 126.803217914433588, 35.650420349138507 ], [ 126.803290400953884, 35.650686722733163 ], [ 126.803311086856056, 35.650775514547668 ], [ 126.803243757962903, 35.650952935480909 ], [ 126.802678050634384, 35.652372104903499 ], [ 126.801575488244225, 35.655082838874897 ], [ 126.801511039287959, 35.655214862348011 ], [ 126.799904165319944, 35.658026013531874 ], [ 126.799631432899162, 35.658420771680895 ], [ 126.799260933665948, 35.658842788932716 ], [ 126.797722308273435, 35.661745420973432 ], [ 126.798045805288112, 35.662288157650337 ], [ 126.798161880345603, 35.662533395045472 ], [ 126.798238553626646, 35.662975966393873 ], [ 126.798294530076788, 35.663342485963369 ], [ 126.796648210783701, 35.664087769517593 ], [ 126.794292894905595, 35.665284480688314 ], [ 126.791864167272237, 35.668258311186783 ], [ 126.790588777170356, 35.670801171789932 ], [ 126.790167725504418, 35.672311213503335 ], [ 126.789534947209347, 35.674644468928861 ], [ 126.789297400642283, 35.675528399180237 ], [ 126.790230121755854, 35.675790170785362 ], [ 126.790725930556405, 35.676033355643433 ], [ 126.791232250550578, 35.676386691854027 ], [ 126.791655946302143, 35.676694370462165 ], [ 126.792427463207815, 35.677444663792841 ], [ 126.79246665398594, 35.677588640404458 ], [ 126.792426582038047, 35.677782438191088 ], [ 126.792297343635326, 35.677940549556673 ], [ 126.792238906930891, 35.67801203275279 ], [ 126.792221463286651, 35.678077928837943 ], [ 126.792229897524805, 35.678295852336966 ], [ 126.792255290686469, 35.678720908338022 ], [ 126.792284955638976, 35.678858068631712 ], [ 126.792335706523346, 35.678953633975112 ], [ 126.792741339617592, 35.679614635077549 ], [ 126.792941298677874, 35.679864288052308 ], [ 126.793063958719358, 35.680004053552494 ], [ 126.796485765330331, 35.683337816354239 ], [ 126.798035977534212, 35.684626543764153 ], [ 126.802085124393784, 35.685624272883359 ], [ 126.801746371047415, 35.683002647154026 ], [ 126.801713114670505, 35.682911511410651 ], [ 126.801432789565638, 35.681921146388298 ], [ 126.801256008466638, 35.681263948912999 ], [ 126.801305599204795, 35.680874659919553 ], [ 126.801345138740459, 35.680733455731911 ], [ 126.801403759117747, 35.680617133378576 ], [ 126.801564256977144, 35.680420157002494 ], [ 126.803584710546659, 35.6780120741685 ], [ 126.804284126559551, 35.677264699275391 ], [ 126.804769439305872, 35.676769052005916 ], [ 126.805785865551215, 35.675795772009621 ], [ 126.806134844932828, 35.676466255093167 ], [ 126.806946827009767, 35.678012245078882 ], [ 126.807135294264071, 35.678342831025908 ], [ 126.807669904530428, 35.679145327343683 ], [ 126.808615422513327, 35.680364000604293 ], [ 126.811424780217166, 35.681939214574868 ], [ 126.815727489872955, 35.683079457479799 ], [ 126.816230720453191, 35.682933629413789 ], [ 126.81786846428497, 35.682396349859303 ], [ 126.818752317108704, 35.681541006360234 ], [ 126.81970306039473, 35.680620906383055 ], [ 126.827245463750771, 35.67998943574333 ], [ 126.827581804009341, 35.681481687528262 ], [ 126.827641099196072, 35.681700788320114 ], [ 126.827672879060259, 35.681782361551051 ], [ 126.829077546783566, 35.684991530489143 ], [ 126.829125434101897, 35.685027480845733 ], [ 126.830220734013025, 35.685458352583204 ], [ 126.832006699914032, 35.686072036882173 ], [ 126.834213327081287, 35.686841680871126 ], [ 126.834436916044766, 35.686933283176586 ], [ 126.834584558278038, 35.687031323038497 ], [ 126.834672245239446, 35.687135804363301 ], [ 126.834743918365604, 35.687263071277009 ], [ 126.835709917892203, 35.690195737748731 ], [ 126.836448522867059, 35.692462085677739 ], [ 126.837264487098096, 35.695046992214074 ], [ 126.837685232073071, 35.696436205379896 ], [ 126.837712447108132, 35.696482529820472 ], [ 126.837763811416295, 35.696537451531974 ], [ 126.83792191538447, 35.696686632444496 ], [ 126.838207899574144, 35.696878638208503 ], [ 126.839517140167416, 35.697730453927974 ], [ 126.840924399894746, 35.69604948677015 ], [ 126.845265531679544, 35.69157469221711 ], [ 126.84710201313365, 35.691145770738402 ], [ 126.848543012727063, 35.690177229953498 ], [ 126.849280728005198, 35.688357227912796 ], [ 126.849584806100879, 35.688122482889135 ], [ 126.850148387779171, 35.687687433492229 ], [ 126.854337683542624, 35.686586590710753 ], [ 126.860257064240514, 35.684465119048475 ], [ 126.861462406923806, 35.68374774053634 ], [ 126.862096036520498, 35.682466605403221 ], [ 126.862480407227949, 35.680969552201148 ], [ 126.863400113804829, 35.679791600137555 ], [ 126.863741909469383, 35.679353819822168 ], [ 126.863760694233306, 35.679329755551009 ], [ 126.863806314071283, 35.678407344155978 ], [ 126.86306139491532, 35.676142279847433 ], [ 126.861501422273747, 35.673132757325831 ] ] ] ] } },
{ "type": "Feature", "properties": { "OBJECTID": 2318, "adm_nm": "전북특별자치도 정읍시 정우면", "adm_cd": "3504038", "adm_cd2": "4518038000", "sgg": "45180", "sido": "45", "sidonm": "전북특별자치도", "sggnm": "정읍시" }, "geometry": { "type": "MultiPolygon", "coordinates": [ [ [ [ 126.89169434297817, 35.678184409814996 ], [ 126.891938364063279, 35.677509048443817 ], [ 126.893337297293428, 35.676285774557087 ], [ 126.89424308664519, 35.676181006592564 ], [ 126.898470755617652, 35.675495682100141 ], [ 126.902371383562709, 35.674348554776117 ], [ 126.903679131700656, 35.67451645534404 ], [ 126.904331567472951, 35.674656991063479 ], [ 126.905962562212821, 35.675092330375946 ], [ 126.907336178650198, 35.675345425235037 ], [ 126.908126240187187, 35.675290040420713 ], [ 126.90869652784356, 35.675147228712085 ], [ 126.909436025699364, 35.674265736393622 ], [ 126.909918650284027, 35.672711980935944 ], [ 126.910659632344178, 35.67048637169944 ], [ 126.910853198867628, 35.669982978565002 ], [ 126.9123122535281, 35.668869622095983 ], [ 126.913840786671713, 35.667012825559674 ], [ 126.914540439597573, 35.665999915445546 ], [ 126.914593607170033, 35.66469096187312 ], [ 126.914501263480872, 35.664194381271344 ], [ 126.914079186334106, 35.661924799566094 ], [ 126.913795296244999, 35.661291210274797 ], [ 126.912503219753958, 35.659981273664208 ], [ 126.9116504916488, 35.65909391052368 ], [ 126.911858137698431, 35.658481784619987 ], [ 126.914367039750942, 35.655103808605716 ], [ 126.91439708969348, 35.655063373217992 ], [ 126.919530624755438, 35.64881858068901 ], [ 126.922011626580726, 35.645800089351511 ], [ 126.922230172984243, 35.645494788322125 ], [ 126.922273530360826, 35.645434219030157 ], [ 126.920106878502821, 35.643405999319782 ], [ 126.918062236165611, 35.641491866355501 ], [ 126.917397800207794, 35.640588617892945 ], [ 126.916702850552966, 35.63953424933397 ], [ 126.916087472333487, 35.638165649994015 ], [ 126.915607174105645, 35.637499710258197 ], [ 126.91453359655489, 35.636031389713672 ], [ 126.914301920883105, 35.635716906015034 ], [ 126.914030617106306, 35.63543476996928 ], [ 126.913725227635908, 35.635268138037858 ], [ 126.91241316609721, 35.634583094208395 ], [ 126.911939179863424, 35.634473766292174 ], [ 126.911256182180239, 35.634327417422462 ], [ 126.910885984434785, 35.63422818146644 ], [ 126.91059245191127, 35.634087328623551 ], [ 126.910432926856558, 35.634009103019665 ], [ 126.910330906185848, 35.63389442704365 ], [ 126.909687346205743, 35.633138942590605 ], [ 126.909500868833391, 35.632916929021121 ], [ 126.908738356856375, 35.631714561802731 ], [ 126.908246937679635, 35.630970001935665 ], [ 126.906721550647561, 35.628955848772172 ], [ 126.906433322381488, 35.628673668082001 ], [ 126.905771889431165, 35.628187805569233 ], [ 126.904910292426578, 35.627755533079082 ], [ 126.904393910159698, 35.627526918827321 ], [ 126.903846216116619, 35.627215582936977 ], [ 126.903186933786372, 35.626798608085785 ], [ 126.902607957324179, 35.626393107165072 ], [ 126.902248749614685, 35.626116146482062 ], [ 126.899602234579064, 35.623703761198442 ], [ 126.8972874640383, 35.621767079924851 ], [ 126.894539576834404, 35.619542612368697 ], [ 126.894361183460333, 35.619394304686971 ], [ 126.894201505595817, 35.619200276052638 ], [ 126.894083127426995, 35.619031333736537 ], [ 126.893957032875733, 35.618646727294724 ], [ 126.892381961914694, 35.617507041583274 ], [ 126.889758132467534, 35.617298768589791 ], [ 126.88967816417491, 35.617307411439342 ], [ 126.888212892563786, 35.6187046374461 ], [ 126.887459903865221, 35.619647210837428 ], [ 126.886177294863614, 35.620930206385751 ], [ 126.885527644631992, 35.621335883385427 ], [ 126.884862075860639, 35.621678338595892 ], [ 126.884335314128236, 35.621907673571457 ], [ 126.884140419631876, 35.62197675788962 ], [ 126.883985938492231, 35.622031503370941 ], [ 126.8838926599704, 35.622018349410638 ], [ 126.88373953166554, 35.62191689515101 ], [ 126.8818121010504, 35.620283299763877 ], [ 126.881262405734944, 35.619798028706271 ], [ 126.878490522269757, 35.617025256567921 ], [ 126.873382631246969, 35.616845770480253 ], [ 126.873496250011556, 35.616241912747057 ], [ 126.873504197959136, 35.615492475677662 ], [ 126.873416943416018, 35.61511489338131 ], [ 126.873249024499913, 35.614457346762457 ], [ 126.872926222828326, 35.614400002048946 ], [ 126.872133034130613, 35.614268887765803 ], [ 126.871838260852314, 35.614222155078878 ], [ 126.867798948412187, 35.614091111963397 ], [ 126.863695094810907, 35.614192836443955 ], [ 126.86212924815419, 35.614184578540709 ], [ 126.862291686870904, 35.614682036892525 ], [ 126.862370012743568, 35.614940041100638 ], [ 126.862429379058639, 35.615152439448856 ], [ 126.862434554522721, 35.615239513299372 ], [ 126.862343794408332, 35.615352624469743 ], [ 126.862263748405169, 35.615430897236756 ], [ 126.862093023613667, 35.615574390158095 ], [ 126.861821045226392, 35.61573517817618 ], [ 126.861456255128701, 35.615891026866521 ], [ 126.861312321183675, 35.615943112336318 ], [ 126.861211058175073, 35.615969115096817 ], [ 126.861061914998331, 35.615955870907371 ], [ 126.860982088561443, 35.615907887268705 ], [ 126.85813251692997, 35.615855965332983 ], [ 126.856187222124433, 35.617695620256342 ], [ 126.853293810760505, 35.618058541479456 ], [ 126.853691567217666, 35.618597282823877 ], [ 126.853849012970272, 35.618816483929258 ], [ 126.853944679095065, 35.619013992969812 ], [ 126.853999479192964, 35.619233059961843 ], [ 126.854020064146795, 35.619435879079901 ], [ 126.854111233980419, 35.621486410540214 ], [ 126.854104271114664, 35.621677481477079 ], [ 126.853979748803113, 35.622155926091928 ], [ 126.853779771918127, 35.622855054232573 ], [ 126.853662130664461, 35.623203728197005 ], [ 126.853613164554119, 35.623418168511677 ], [ 126.853619179309192, 35.623749839206354 ], [ 126.854226282865568, 35.626770781217708 ], [ 126.85619683499803, 35.631924660847268 ], [ 126.856655923666409, 35.632677007479877 ], [ 126.857888003722721, 35.634199161094728 ], [ 126.859037392425265, 35.63517443306182 ], [ 126.860585077918799, 35.635808429134798 ], [ 126.862490967195654, 35.636494142948827 ], [ 126.863157870586576, 35.63673408282056 ], [ 126.863727979704706, 35.636998661461121 ], [ 126.863785270184223, 35.637025253824667 ], [ 126.864473257270333, 35.638615062656697 ], [ 126.864552149636381, 35.64145147308755 ], [ 126.864362685768725, 35.642083434094964 ], [ 126.864290507851493, 35.642210362459828 ], [ 126.863585867392757, 35.643449453737027 ], [ 126.862914985502414, 35.644063773312226 ], [ 126.861615978261142, 35.644762811012704 ], [ 126.861217377866538, 35.645274940339057 ], [ 126.859307600055814, 35.648057739328721 ], [ 126.858302836231417, 35.649564771707333 ], [ 126.860163356677305, 35.65102643150567 ], [ 126.860505747915511, 35.651287657629993 ], [ 126.860602473134975, 35.651326182050845 ], [ 126.861102876744042, 35.651375303121483 ], [ 126.861180297167621, 35.651366366620444 ], [ 126.861374018940523, 35.651273996101303 ], [ 126.861493001137262, 35.651231227966441 ], [ 126.86159254945899, 35.651226822886194 ], [ 126.861816488980011, 35.651241767698139 ], [ 126.861885564847455, 35.651275705856662 ], [ 126.86238268391584, 35.651615026783865 ], [ 126.862537243212742, 35.651785685673289 ], [ 126.86329327539147, 35.652720329001575 ], [ 126.863318086506084, 35.652772285783563 ], [ 126.864154271811003, 35.655920275155609 ], [ 126.864566462477441, 35.663438241320549 ], [ 126.864453055146868, 35.666681366267014 ], [ 126.864490875315411, 35.666831654249059 ], [ 126.864604664015147, 35.66707528187635 ], [ 126.864686924736276, 35.667204904582228 ], [ 126.86486434354002, 35.667350159389784 ], [ 126.865212797256106, 35.667656237212341 ], [ 126.865941319599671, 35.668330570174852 ], [ 126.866074341750945, 35.668465419058514 ], [ 126.866238834196039, 35.66874539693314 ], [ 126.866276753278783, 35.668849041007142 ], [ 126.866229245834887, 35.669261186749878 ], [ 126.866188931562263, 35.669264139259646 ], [ 126.865103296212681, 35.669343388178255 ], [ 126.863284472856677, 35.669463275694767 ], [ 126.860874533705669, 35.670283151467473 ], [ 126.861390649118945, 35.672677312397113 ], [ 126.861501422273747, 35.673132757325831 ], [ 126.862566822509493, 35.673470164507542 ], [ 126.866032166358337, 35.673234504186908 ], [ 126.873740065040693, 35.673314803926779 ], [ 126.873642709271479, 35.680498962538152 ], [ 126.873640219211296, 35.680682396023286 ], [ 126.873699513470058, 35.680661588433161 ], [ 126.875682333718174, 35.67996574756566 ], [ 126.879468589292159, 35.678203941457355 ], [ 126.8833375123547, 35.676403470990373 ], [ 126.884644830420683, 35.676021380215957 ], [ 126.885819591736549, 35.675890744294087 ], [ 126.887130154635202, 35.675891995621484 ], [ 126.887342991951641, 35.675892197937955 ], [ 126.888021957100278, 35.675892839649286 ], [ 126.889289482348076, 35.675941929751787 ], [ 126.889139820142333, 35.677966416498357 ], [ 126.888492965978458, 35.678540855250837 ], [ 126.888681744305714, 35.680026559469631 ], [ 126.889416003927195, 35.679955357680043 ], [ 126.89169434297817, 35.678184409814996 ] ] ] ] } },
{ "type": "Feature", "properties": { "OBJECTID": 2319, "adm_nm": "전북특별자치도 정읍시 태인면", "adm_cd": "3504039", "adm_cd2": "4518039000", "sgg": "45180", "sido": "45", "sidonm": "전북특별자치도", "sggnm": "정읍시" }, "geometry": { "type": "MultiPolygon", "coordinates": [ [ [ [ 126.97324299756346, 35.687906895266799 ], [ 126.973381860605429, 35.686965084850762 ], [ 126.972806669829694, 35.681295140937543 ], [ 126.972668553687328, 35.68014608110542 ], [ 126.970753208724602, 35.677885233882357 ], [ 126.97008396647351, 35.677206920287915 ], [ 126.968629727525823, 35.676754451843053 ], [ 126.967821891537668, 35.676358683622915 ], [ 126.967591298025638, 35.675736992508646 ], [ 126.967430441266245, 35.674003986992922 ], [ 126.967684626011035, 35.673382449219247 ], [ 126.967892707285358, 35.672629045514249 ], [ 126.968078030591101, 35.671084491905667 ], [ 126.967732076110494, 35.670349762792817 ], [ 126.966947441125555, 35.669822119337226 ], [ 126.965701308088512, 35.668917598503967 ], [ 126.964201409358495, 35.667786940893151 ], [ 126.961374835405408, 35.665049511052757 ], [ 126.960697584552392, 35.664293050021314 ], [ 126.960270193702968, 35.66376521862049 ], [ 126.960156705711469, 35.663604688246011 ], [ 126.961197797878725, 35.663469213019916 ], [ 126.961493160757257, 35.663308830102025 ], [ 126.962133164868305, 35.662790473980138 ], [ 126.961061301878999, 35.657843215772296 ], [ 126.961006361212, 35.657698770825398 ], [ 126.960819797335333, 35.657511346342652 ], [ 126.960713567422445, 35.657449089887578 ], [ 126.959667596951689, 35.656778285754051 ], [ 126.958067847046962, 35.655522251814133 ], [ 126.957560337742478, 35.655069973579245 ], [ 126.956752977103818, 35.654297368390495 ], [ 126.954792765154423, 35.651640662787962 ], [ 126.954770157498089, 35.65102202083817 ], [ 126.954470750850575, 35.649775701757868 ], [ 126.953525832801532, 35.647627949185051 ], [ 126.952974028024272, 35.647329133912287 ], [ 126.952232003505387, 35.646989136384171 ], [ 126.951062616832445, 35.646373771229321 ], [ 126.948958235092022, 35.644951230729895 ], [ 126.947758916542483, 35.643933525286222 ], [ 126.947624891569788, 35.643508889182407 ], [ 126.947828751210281, 35.643010565456272 ], [ 126.948660854143156, 35.640938886200232 ], [ 126.948824605862455, 35.637548357767116 ], [ 126.94873292474972, 35.636606480235713 ], [ 126.948630432166183, 35.636517788807751 ], [ 126.948340888340439, 35.636267250165353 ], [ 126.948018171626103, 35.635777344076168 ], [ 126.947764812799576, 35.635117957250635 ], [ 126.947649758629822, 35.634628152603383 ], [ 126.947719536901317, 35.633799364297332 ], [ 126.948898651511627, 35.63020206866036 ], [ 126.950122481129654, 35.628657988467822 ], [ 126.950640294823174, 35.628303784205677 ], [ 126.951553555500794, 35.627679069839374 ], [ 126.951946387658239, 35.626699728581023 ], [ 126.952201161993813, 35.625079854405648 ], [ 126.952272076530264, 35.622292060866847 ], [ 126.952411280377049, 35.621030045310953 ], [ 126.952865087477917, 35.619713282748918 ], [ 126.953532314730325, 35.61839108377918 ], [ 126.951551237881006, 35.61588211872715 ], [ 126.950130234281232, 35.611872343338383 ], [ 126.950097661648726, 35.611654636342031 ], [ 126.950236309138887, 35.61142849951802 ], [ 126.950408255698122, 35.611148052686822 ], [ 126.951237551391287, 35.608002564653802 ], [ 126.951213649599396, 35.607979694801855 ], [ 126.950178218762602, 35.606988698696689 ], [ 126.949560021172175, 35.603441435745822 ], [ 126.949999993046234, 35.602681559271858 ], [ 126.949199617689274, 35.601097742202789 ], [ 126.948063030649067, 35.599788233605381 ], [ 126.946460736972625, 35.599111898370168 ], [ 126.945504285984796, 35.599090352097861 ], [ 126.944263335150623, 35.599258669619083 ], [ 126.942556447013402, 35.600271270291152 ], [ 126.940487698450653, 35.601157000237009 ], [ 126.940093524995845, 35.601221174035508 ], [ 126.939733977998046, 35.601829975641607 ], [ 126.940431796493343, 35.606709690571059 ], [ 126.94423152201982, 35.607661624978171 ], [ 126.945291156271821, 35.608147745154 ], [ 126.943988492866168, 35.608787331398439 ], [ 126.94452781566055, 35.610129690949925 ], [ 126.945324363288705, 35.613115609108775 ], [ 126.944204433799186, 35.614693576160633 ], [ 126.942986025516035, 35.615539574191317 ], [ 126.939158853875171, 35.614626397929356 ], [ 126.937030120996567, 35.613115118185583 ], [ 126.934299691293958, 35.612596951573764 ], [ 126.933808217864112, 35.612892247785084 ], [ 126.933084092880435, 35.613102975675965 ], [ 126.929903308065533, 35.613776753470539 ], [ 126.927291886054888, 35.613817387284669 ], [ 126.925869051278013, 35.614661033335821 ], [ 126.92385253615295, 35.614427507611694 ], [ 126.923571460556147, 35.614309980029745 ], [ 126.922689524145497, 35.613941164151946 ], [ 126.921268111120938, 35.613306830711544 ], [ 126.920647792406754, 35.613095280110002 ], [ 126.920630690594848, 35.613193988505884 ], [ 126.920179670281939, 35.615797422015959 ], [ 126.920489127224144, 35.616621036189294 ], [ 126.92090272829995, 35.616705759945958 ], [ 126.921677962782255, 35.617170758358299 ], [ 126.921625175389252, 35.618247490488919 ], [ 126.920308170842972, 35.620304261712135 ], [ 126.919641018972825, 35.620967277117444 ], [ 126.919494361453943, 35.620999783241018 ], [ 126.919274330699778, 35.621092082796658 ], [ 126.919000905209387, 35.621255040866849 ], [ 126.918696012841153, 35.621483721832611 ], [ 126.918294028078364, 35.621800373847961 ], [ 126.918126136459193, 35.621962321045409 ], [ 126.918020069710607, 35.622091891376776 ], [ 126.917866958459626, 35.622355657426994 ], [ 126.917758455372137, 35.622566482003712 ], [ 126.917744099542517, 35.622618296368039 ], [ 126.917736422641568, 35.622646009819647 ], [ 126.917692065738919, 35.62319921239142 ], [ 126.917457446668848, 35.627621384332123 ], [ 126.917462088425154, 35.627842097336334 ], [ 126.917503686443922, 35.628029615003193 ], [ 126.918276328153397, 35.629166411726146 ], [ 126.918341239909793, 35.629249794604952 ], [ 126.91854537606099, 35.629414742415044 ], [ 126.920312028492489, 35.630740630101371 ], [ 126.920416689883055, 35.630813582769832 ], [ 126.920518232927947, 35.630874561060892 ], [ 126.920691655335531, 35.630966979636462 ], [ 126.920779333040883, 35.63100530417217 ], [ 126.920874658863653, 35.631043158693345 ], [ 126.921022393626359, 35.631092246952647 ], [ 126.921151661933521, 35.631129842419888 ], [ 126.921233561151254, 35.631146963060708 ], [ 126.922248962859527, 35.631459265912639 ], [ 126.922737360471601, 35.634276922208166 ], [ 126.922759482131568, 35.634422584492441 ], [ 126.922804574465204, 35.634907998947547 ], [ 126.922807351192674, 35.635009058427251 ], [ 126.922752691717506, 35.635872603731016 ], [ 126.921825198296702, 35.637040727170145 ], [ 126.921158665805862, 35.637827777609139 ], [ 126.920939669119875, 35.638205694389036 ], [ 126.920816283553052, 35.639161485797743 ], [ 126.920102609805397, 35.639771372139535 ], [ 126.916923150657553, 35.638793738590181 ], [ 126.916702850552966, 35.63953424933397 ], [ 126.917397800207794, 35.640588617892945 ], [ 126.918062236165611, 35.641491866355501 ], [ 126.920106878502821, 35.643405999319782 ], [ 126.922273530360826, 35.645434219030157 ], [ 126.922230172984243, 35.645494788322125 ], [ 126.922011626580726, 35.645800089351511 ], [ 126.919530624755438, 35.64881858068901 ], [ 126.91439708969348, 35.655063373217992 ], [ 126.914367039750942, 35.655103808605716 ], [ 126.911858137698431, 35.658481784619987 ], [ 126.9116504916488, 35.65909391052368 ], [ 126.912503219753958, 35.659981273664208 ], [ 126.913795296244999, 35.661291210274797 ], [ 126.914079186334106, 35.661924799566094 ], [ 126.914501263480872, 35.664194381271344 ], [ 126.914593607170033, 35.66469096187312 ], [ 126.914540439597573, 35.665999915445546 ], [ 126.913840786671713, 35.667012825559674 ], [ 126.9123122535281, 35.668869622095983 ], [ 126.910853198867628, 35.669982978565002 ], [ 126.910659632344178, 35.67048637169944 ], [ 126.909918650284027, 35.672711980935944 ], [ 126.909436025699364, 35.674265736393622 ], [ 126.90869652784356, 35.675147228712085 ], [ 126.908126240187187, 35.675290040420713 ], [ 126.907336178650198, 35.675345425235037 ], [ 126.905962562212821, 35.675092330375946 ], [ 126.904331567472951, 35.674656991063479 ], [ 126.903679131700656, 35.67451645534404 ], [ 126.902371383562709, 35.674348554776117 ], [ 126.898470755617652, 35.675495682100141 ], [ 126.89424308664519, 35.676181006592564 ], [ 126.893337297293428, 35.676285774557087 ], [ 126.891938364063279, 35.677509048443817 ], [ 126.89169434297817, 35.678184409814996 ], [ 126.892996119195743, 35.679832405174437 ], [ 126.90230625385864, 35.684231887183145 ], [ 126.904220631956278, 35.68471902348881 ], [ 126.91304578435269, 35.684092458098114 ], [ 126.914339269005566, 35.684473443773129 ], [ 126.918631631066859, 35.687770046484928 ], [ 126.917539832669448, 35.689978131421448 ], [ 126.916246970858808, 35.691315305086967 ], [ 126.916841108950081, 35.692371361125161 ], [ 126.91743091237629, 35.692880117253054 ], [ 126.917516957959862, 35.692750958321248 ], [ 126.917654708629755, 35.692657413026524 ], [ 126.918018346516916, 35.692576994761417 ], [ 126.918477205899819, 35.692561454779984 ], [ 126.918999595119416, 35.69255605552479 ], [ 126.919137224555982, 35.692570556058463 ], [ 126.91930658908565, 35.6926196516294 ], [ 126.91950058149061, 35.69275088121038 ], [ 126.920156468165843, 35.693377948367399 ], [ 126.92084414568123, 35.693960402784924 ], [ 126.92092177672933, 35.69397485063584 ], [ 126.921002995920361, 35.693946117910819 ], [ 126.921151395964984, 35.693780542088547 ], [ 126.922059552535487, 35.692730991709674 ], [ 126.922667500281051, 35.691862734536826 ], [ 126.922721964232267, 35.691827899938687 ], [ 126.922921207276644, 35.691788006175422 ], [ 126.931062840227014, 35.691081309307641 ], [ 126.933252948157801, 35.690914914162271 ], [ 126.935074337697898, 35.690935025259307 ], [ 126.935528830922834, 35.69096801273492 ], [ 126.935832967278969, 35.690949084239335 ], [ 126.93669209272889, 35.690671288686794 ], [ 126.937076538402678, 35.690532362913729 ], [ 126.939981713534252, 35.689265318382404 ], [ 126.940660375799638, 35.68894377595187 ], [ 126.941098367625571, 35.688676646479664 ], [ 126.941609985836152, 35.688281316398452 ], [ 126.941867506931231, 35.688014117732799 ], [ 126.942084937295022, 35.687733224521558 ], [ 126.942309172907656, 35.687299581616465 ], [ 126.942509929962625, 35.68696411957518 ], [ 126.943496548669287, 35.685873397707233 ], [ 126.943697223892144, 35.685663414562363 ], [ 126.9438175896357, 35.68556799240185 ], [ 126.943904860499131, 35.685534964990403 ], [ 126.944004779776691, 35.685497152384983 ], [ 126.944105034966114, 35.685502664473944 ], [ 126.946791172297878, 35.686475094990996 ], [ 126.946921462908932, 35.686540637905516 ], [ 126.947108502655965, 35.686696221830545 ], [ 126.947469208456724, 35.687004663115708 ], [ 126.949094640803594, 35.688262855121586 ], [ 126.950463022514342, 35.689311551642497 ], [ 126.950671759715732, 35.689466325631656 ], [ 126.95187988512258, 35.690196093817377 ], [ 126.952098349215589, 35.690265646294357 ], [ 126.952365179326364, 35.690297328245641 ], [ 126.957056467919344, 35.690239161047181 ], [ 126.957601781878424, 35.690223579504178 ], [ 126.95844297942331, 35.690192311409405 ], [ 126.958709849638012, 35.690170312782563 ], [ 126.95894580362571, 35.690126208250504 ], [ 126.959170133200374, 35.690056818969254 ], [ 126.96446811964725, 35.686851097852781 ], [ 126.965352128290661, 35.686131575354203 ], [ 126.965417892678374, 35.686093692428969 ], [ 126.967293842174314, 35.685311308093603 ], [ 126.967367327743858, 35.685305015277933 ], [ 126.967444664811538, 35.685323987776954 ], [ 126.96757611806089, 35.685396635524349 ], [ 126.968969869272826, 35.686350419863899 ], [ 126.96908777609903, 35.686460957578504 ], [ 126.969138011461183, 35.686593555387823 ], [ 126.969246166281977, 35.686880871119207 ], [ 126.969385322884264, 35.687048228210301 ], [ 126.969530306425924, 35.687174538006843 ], [ 126.969723621046654, 35.687281951401602 ], [ 126.971556418449154, 35.688150568563906 ], [ 126.971734305111454, 35.688194813212426 ], [ 126.97200499768158, 35.688235921269559 ], [ 126.972228375959261, 35.688243015623797 ], [ 126.97241109531808, 35.688201292104885 ], [ 126.972916817267972, 35.688043565604318 ], [ 126.97324299756346, 35.687906895266799 ] ] ] ] } },
{ "type": "Feature", "properties": { "OBJECTID": 2320, "adm_nm": "전북특별자치도 정읍시 감곡면", "adm_cd": "3504040", "adm_cd2": "4518040000", "sgg": "45180", "sido": "45", "sidonm": "전북특별자치도", "sggnm": "정읍시" }, "geometry": { "type": "MultiPolygon", "coordinates": [ [ [ [ 126.887204460777824, 35.754206964787869 ], [ 126.890761804336734, 35.754281244502003 ], [ 126.895110890535364, 35.753349930943386 ], [ 126.897334940707964, 35.752348799608356 ], [ 126.898119055910499, 35.751919603619754 ], [ 126.899264458176575, 35.751211463828312 ], [ 126.900752855980002, 35.750209667006345 ], [ 126.908287989285213, 35.747063265455196 ], [ 126.911648329657538, 35.746131158623427 ], [ 126.913781608526421, 35.745327584245807 ], [ 126.915140312011076, 35.744785286088415 ], [ 126.915828738929449, 35.744410459917688 ], [ 126.916938356540527, 35.743806284155966 ], [ 126.919753301223807, 35.741593055256871 ], [ 126.920536192558615, 35.740901145986939 ], [ 126.921379789157442, 35.740155545338247 ], [ 126.922474704550197, 35.739010495543127 ], [ 126.928034782934461, 35.731859722858211 ], [ 126.928665344728287, 35.730905993854527 ], [ 126.929901815670178, 35.728424220229449 ], [ 126.931654682145918, 35.724886029145011 ], [ 126.932964017112695, 35.722181408918154 ], [ 126.933865932622325, 35.720318282241728 ], [ 126.93807450871121, 35.721139954132973 ], [ 126.939624981226544, 35.721407317569017 ], [ 126.943436029459477, 35.721533400731403 ], [ 126.943595617050363, 35.721352654702024 ], [ 126.943824540981666, 35.721200219805802 ], [ 126.944032603583594, 35.721121199193 ], [ 126.944113354480422, 35.721115255468995 ], [ 126.944337699812223, 35.721098745112236 ], [ 126.944961700224368, 35.721115991272441 ], [ 126.945056665084934, 35.721120105158739 ], [ 126.945093432024819, 35.721121708284983 ], [ 126.945544011779589, 35.721257522872044 ], [ 126.948128501777106, 35.722166095874123 ], [ 126.948181790515207, 35.722189106222288 ], [ 126.948246336610168, 35.722216995451561 ], [ 126.950325203070818, 35.724139076466251 ], [ 126.950630097046428, 35.724433045332248 ], [ 126.950782529537932, 35.724608279045071 ], [ 126.95088642621451, 35.72478913721072 ], [ 126.95886068024781, 35.723680589982045 ], [ 126.959366889771545, 35.723590353372359 ], [ 126.961140922267745, 35.72323881894247 ], [ 126.961681794577643, 35.723120342874218 ], [ 126.962723382463253, 35.722806934007373 ], [ 126.962811496374016, 35.722780404009718 ], [ 126.967534025769751, 35.721266360581467 ], [ 126.968130410486054, 35.721068742777391 ], [ 126.968487523977316, 35.720909275247109 ], [ 126.968775334937419, 35.720780748319989 ], [ 126.969683821055895, 35.720283742661898 ], [ 126.969797795104952, 35.720210808490357 ], [ 126.969878005880403, 35.720159475358379 ], [ 126.970625686037948, 35.719545001771905 ], [ 126.970741252748439, 35.719414515806697 ], [ 126.970930893295275, 35.719200400661293 ], [ 126.971256858265377, 35.718934911916101 ], [ 126.971707630343673, 35.718658143617688 ], [ 126.972241571773139, 35.718420942806105 ], [ 126.972594906583623, 35.718270814240782 ], [ 126.972879546941954, 35.718149877698458 ], [ 126.973260924766578, 35.71800870591111 ], [ 126.974391548335618, 35.717659148528405 ], [ 126.975067943913118, 35.717502366286098 ], [ 126.975532972371951, 35.717379972297614 ], [ 126.976323545798863, 35.7171117663259 ], [ 126.977553874668047, 35.716642817590206 ], [ 126.981561785441187, 35.714187178418015 ], [ 126.981645677120525, 35.714076643441594 ], [ 126.981696716276545, 35.713799112992938 ], [ 126.981627288148573, 35.713445224348931 ], [ 126.981439142284898, 35.71285491200635 ], [ 126.981290950713799, 35.712537200469562 ], [ 126.981264108342415, 35.712296001761743 ], [ 126.981284876139412, 35.712273563250527 ], [ 126.981470409592959, 35.712073125282259 ], [ 126.983058820331408, 35.710752922686787 ], [ 126.983789364333262, 35.710332448170476 ], [ 126.984246503017857, 35.710181603106122 ], [ 126.986384542683098, 35.708116666270776 ], [ 126.98960258166943, 35.704691107689214 ], [ 126.991963178049559, 35.701422922566245 ], [ 126.992861645299683, 35.699482585752754 ], [ 126.992893402047557, 35.69932142816895 ], [ 126.993001124581156, 35.697494067479717 ], [ 126.993011712885718, 35.697263843355081 ], [ 126.992992345069126, 35.697117069513133 ], [ 126.992914804408471, 35.696906984401338 ], [ 126.992805522338912, 35.696783240698636 ], [ 126.992389525503299, 35.696455138171331 ], [ 126.992141011503946, 35.696216273655907 ], [ 126.992007053182192, 35.696060870810847 ], [ 126.991901301146243, 35.695873799053963 ], [ 126.991716274888063, 35.695315507490051 ], [ 126.991573540774567, 35.694880950752015 ], [ 126.991432849307927, 35.692296705020773 ], [ 126.991443436430345, 35.692144194077237 ], [ 126.991492808365948, 35.692026205356953 ], [ 126.991818970377025, 35.691577287356345 ], [ 126.991924760840803, 35.691344194756496 ], [ 126.991986472639113, 35.691180181924935 ], [ 126.991986489846795, 35.691042040644916 ], [ 126.991933639355537, 35.690831965145591 ], [ 126.99182789488556, 35.690630504117479 ], [ 126.991150265776952, 35.689468999923918 ], [ 126.990328822155021, 35.689115206669349 ], [ 126.989128224275063, 35.688776037757066 ], [ 126.987996860615837, 35.688700574191643 ], [ 126.986796176111653, 35.688832282990944 ], [ 126.986242032740307, 35.688813384389178 ], [ 126.985549505152534, 35.688040997903606 ], [ 126.985318754248723, 35.687344016618553 ], [ 126.984972569240981, 35.686684682689858 ], [ 126.984303012323124, 35.686552731869185 ], [ 126.983610334702121, 35.686590315288868 ], [ 126.982109457731141, 35.687042165506348 ], [ 126.981278169428663, 35.687381081321263 ], [ 126.980516216612685, 35.687456286245578 ], [ 126.979546553840933, 35.687135900256003 ], [ 126.978623115723479, 35.686758990570105 ], [ 126.9782623422076, 35.686683621990248 ], [ 126.977630351712335, 35.686551596739214 ], [ 126.976822187480209, 35.686702146953913 ], [ 126.976244920063806, 35.686852706499621 ], [ 126.975644465507941, 35.687304650878218 ], [ 126.974974777938883, 35.687643561387908 ], [ 126.974212776190157, 35.687831754389585 ], [ 126.97324299756346, 35.687906895266799 ], [ 126.972916817267972, 35.688043565604318 ], [ 126.97241109531808, 35.688201292104885 ], [ 126.972228375959261, 35.688243015623797 ], [ 126.97200499768158, 35.688235921269559 ], [ 126.971734305111454, 35.688194813212426 ], [ 126.971556418449154, 35.688150568563906 ], [ 126.969723621046654, 35.687281951401602 ], [ 126.969530306425924, 35.687174538006843 ], [ 126.969385322884264, 35.687048228210301 ], [ 126.969246166281977, 35.686880871119207 ], [ 126.969138011461183, 35.686593555387823 ], [ 126.96908777609903, 35.686460957578504 ], [ 126.968969869272826, 35.686350419863899 ], [ 126.96757611806089, 35.685396635524349 ], [ 126.967444664811538, 35.685323987776954 ], [ 126.967367327743858, 35.685305015277933 ], [ 126.967293842174314, 35.685311308093603 ], [ 126.965417892678374, 35.686093692428969 ], [ 126.965352128290661, 35.686131575354203 ], [ 126.96446811964725, 35.686851097852781 ], [ 126.959170133200374, 35.690056818969254 ], [ 126.95894580362571, 35.690126208250504 ], [ 126.958709849638012, 35.690170312782563 ], [ 126.95844297942331, 35.690192311409405 ], [ 126.957601781878424, 35.690223579504178 ], [ 126.957056467919344, 35.690239161047181 ], [ 126.952365179326364, 35.690297328245641 ], [ 126.952098349215589, 35.690265646294357 ], [ 126.95187988512258, 35.690196093817377 ], [ 126.950671759715732, 35.689466325631656 ], [ 126.950463022514342, 35.689311551642497 ], [ 126.949094640803594, 35.688262855121586 ], [ 126.947469208456724, 35.687004663115708 ], [ 126.947108502655965, 35.686696221830545 ], [ 126.946921462908932, 35.686540637905516 ], [ 126.946791172297878, 35.686475094990996 ], [ 126.944105034966114, 35.685502664473944 ], [ 126.944004779776691, 35.685497152384983 ], [ 126.943904860499131, 35.685534964990403 ], [ 126.9438175896357, 35.68556799240185 ], [ 126.943697223892144, 35.685663414562363 ], [ 126.943496548669287, 35.685873397707233 ], [ 126.942509929962625, 35.68696411957518 ], [ 126.942309172907656, 35.687299581616465 ], [ 126.942084937295022, 35.687733224521558 ], [ 126.941867506931231, 35.688014117732799 ], [ 126.941609985836152, 35.688281316398452 ], [ 126.941098367625571, 35.688676646479664 ], [ 126.940660375799638, 35.68894377595187 ], [ 126.939981713534252, 35.689265318382404 ], [ 126.937076538402678, 35.690532362913729 ], [ 126.93669209272889, 35.690671288686794 ], [ 126.935832967278969, 35.690949084239335 ], [ 126.935528830922834, 35.69096801273492 ], [ 126.935074337697898, 35.690935025259307 ], [ 126.933252948157801, 35.690914914162271 ], [ 126.931062840227014, 35.691081309307641 ], [ 126.922921207276644, 35.691788006175422 ], [ 126.922721964232267, 35.691827899938687 ], [ 126.922667500281051, 35.691862734536826 ], [ 126.922059552535487, 35.692730991709674 ], [ 126.921151395964984, 35.693780542088547 ], [ 126.921002995920361, 35.693946117910819 ], [ 126.92092177672933, 35.69397485063584 ], [ 126.92084414568123, 35.693960402784924 ], [ 126.920156468165843, 35.693377948367399 ], [ 126.91950058149061, 35.69275088121038 ], [ 126.91930658908565, 35.6926196516294 ], [ 126.919137224555982, 35.692570556058463 ], [ 126.918999595119416, 35.69255605552479 ], [ 126.918477205899819, 35.692561454779984 ], [ 126.918018346516916, 35.692576994761417 ], [ 126.917654708629755, 35.692657413026524 ], [ 126.917516957959862, 35.692750958321248 ], [ 126.91743091237629, 35.692880117253054 ], [ 126.917265761345021, 35.693321217191745 ], [ 126.917250067421179, 35.694823703556466 ], [ 126.91728869607681, 35.695010994031122 ], [ 126.917408468039326, 35.695227161380615 ], [ 126.917535366995295, 35.695387161186162 ], [ 126.917792784747661, 35.695626467115829 ], [ 126.918138447011273, 35.695874465181582 ], [ 126.918350129972097, 35.695968252838995 ], [ 126.918600665491965, 35.696043327019652 ], [ 126.918791239099718, 35.696072268042641 ], [ 126.919267732379865, 35.696104288069513 ], [ 126.919687728392745, 35.696129056176666 ], [ 126.919874750989877, 35.696178183788369 ], [ 126.920033517395893, 35.696250296249957 ], [ 126.920280410218766, 35.696437755908136 ], [ 126.920470784293911, 35.696661156740177 ], [ 126.920713980027614, 35.697021452773598 ], [ 126.920879601720671, 35.69729383182181 ], [ 126.920936374185473, 35.697442535881216 ], [ 126.92096761778366, 35.697524372510387 ], [ 126.921079323453924, 35.698771984301523 ], [ 126.921082704135159, 35.698924669096989 ], [ 126.920894693989439, 35.699847919312163 ], [ 126.920756555662251, 35.700316014716883 ], [ 126.920392131263341, 35.701146954015776 ], [ 126.920194147824645, 35.701449328601392 ], [ 126.919901973684134, 35.70177983763179 ], [ 126.919861955253168, 35.701825088429182 ], [ 126.915981309435509, 35.705852088548561 ], [ 126.915935694388139, 35.705872937243818 ], [ 126.9156185463453, 35.706017797131352 ], [ 126.915428835749552, 35.706094087309175 ], [ 126.915257884751483, 35.706134096834802 ], [ 126.912695663105666, 35.706464654891128 ], [ 126.912538801599297, 35.706472187904005 ], [ 126.909577043650245, 35.706593670911708 ], [ 126.909331223953203, 35.706583931818763 ], [ 126.907037721632577, 35.707334837755354 ], [ 126.905572558898996, 35.708108056903711 ], [ 126.903094490970489, 35.709308766813784 ], [ 126.901850720604259, 35.709743150625165 ], [ 126.90197608316096, 35.709303781014079 ], [ 126.902131126708539, 35.709092309399281 ], [ 126.902201381188689, 35.708799385848479 ], [ 126.90221662735452, 35.708595130486302 ], [ 126.902159632293433, 35.708286982081042 ], [ 126.902126014759503, 35.708176904599853 ], [ 126.90206875488488, 35.708080591936486 ], [ 126.9019405725643, 35.708008961297743 ], [ 126.899828578059555, 35.706872572230196 ], [ 126.898119748310506, 35.706626886937642 ], [ 126.89351763299355, 35.706868344331959 ], [ 126.889262118378056, 35.707729810974058 ], [ 126.886268657416707, 35.708367466879636 ], [ 126.885099303511836, 35.711699854944854 ], [ 126.883306437126336, 35.713113318336063 ], [ 126.880059565082632, 35.717961121470012 ], [ 126.877458988519493, 35.720958127436923 ], [ 126.877441420614716, 35.720991444251318 ], [ 126.877171783787887, 35.721581552688669 ], [ 126.877151212271158, 35.721660096258731 ], [ 126.877101244003384, 35.721867160434435 ], [ 126.876908775884516, 35.723540586802685 ], [ 126.876855158238243, 35.724211897972843 ], [ 126.876892746219951, 35.724452366803121 ], [ 126.876936300478945, 35.724621442074572 ], [ 126.876976673980749, 35.724954795618025 ], [ 126.876976544854529, 35.725038118940169 ], [ 126.876375419322713, 35.727458647439775 ], [ 126.876070509233244, 35.727476781585793 ], [ 126.875964697495434, 35.727475003075028 ], [ 126.874838439925128, 35.727012348446763 ], [ 126.874721660358688, 35.726962010210734 ], [ 126.873230599396436, 35.726041128136643 ], [ 126.873143946111242, 35.725937296294653 ], [ 126.871844446594665, 35.724973058653433 ], [ 126.87097504229493, 35.725478008936172 ], [ 126.869558395570905, 35.726771561532281 ], [ 126.868459464509812, 35.728663278774754 ], [ 126.868336648516205, 35.728873379112763 ], [ 126.868527946559837, 35.729236766749743 ], [ 126.868602071922794, 35.729332686627174 ], [ 126.869355845865229, 35.730191033138446 ], [ 126.869731350643406, 35.730609109727141 ], [ 126.869881110657644, 35.730736390115268 ], [ 126.8701161333763, 35.730862748034426 ], [ 126.870369753246848, 35.730973994329744 ], [ 126.871597861396793, 35.731437769888124 ], [ 126.872928092053826, 35.731867979563233 ], [ 126.873264974796598, 35.731938162143841 ], [ 126.874335039929278, 35.733169808189622 ], [ 126.879000262727445, 35.738032103427216 ], [ 126.881126635239895, 35.74009430485934 ], [ 126.881036819131111, 35.74339716696192 ], [ 126.881034673055382, 35.743475528002968 ], [ 126.88116776104944, 35.744083901912589 ], [ 126.881970233837592, 35.745106245455993 ], [ 126.881998447385257, 35.7458611132271 ], [ 126.881994719178437, 35.748356495734924 ], [ 126.878459536081337, 35.748404564110395 ], [ 126.87850175256267, 35.752077468561403 ], [ 126.877367782655881, 35.752079849845771 ], [ 126.8750129209986, 35.752116381326388 ], [ 126.873375860022733, 35.755021607950049 ], [ 126.872945373605702, 35.756459059000655 ], [ 126.872841984816404, 35.756849829376414 ], [ 126.872772521118094, 35.757450054586776 ], [ 126.873053801709858, 35.75830769142204 ], [ 126.875574779487437, 35.757519380134489 ], [ 126.87938373915371, 35.756541087082589 ], [ 126.882402494520434, 35.755765658699019 ], [ 126.884586928891139, 35.754723910057727 ], [ 126.884482432722052, 35.754147302212274 ], [ 126.883671082934342, 35.753312437913429 ], [ 126.883039809820318, 35.752821167687465 ], [ 126.882962502970656, 35.75244847905514 ], [ 126.883002524706782, 35.752211517231999 ], [ 126.883267245574046, 35.752060967916606 ], [ 126.886480795087223, 35.75196713559221 ], [ 126.886824563041472, 35.752010554709585 ], [ 126.887062547733734, 35.752043095072324 ], [ 126.887260748108858, 35.752151010217759 ], [ 126.887511656036708, 35.752399001470714 ], [ 126.887457944776557, 35.752969900263921 ], [ 126.887204460777824, 35.754206964787869 ] ] ] ] } },
{ "type": "Feature", "properties": { "OBJECTID": 2321, "adm_nm": "전북특별자치도 정읍시 옹동면", "adm_cd": "3504041", "adm_cd2": "4518041000", "sgg": "45180", "sido": "45", "sidonm": "전북특별자치도", "sggnm": "정읍시" }, "geometry": { "type": "MultiPolygon", "coordinates": [ [ [ [ 127.030739390679216, 35.666018829668758 ], [ 127.028949394886297, 35.665190120549063 ], [ 127.028049019615736, 35.66473822918487 ], [ 127.027788048131072, 35.66445443262878 ], [ 127.027633394402685, 35.66428624278128 ], [ 127.025139532812503, 35.660990353839445 ], [ 127.023984759379474, 35.658522978239553 ], [ 127.023776683645096, 35.657260955575367 ], [ 127.023575478544075, 35.656941361147737 ], [ 127.023337949849676, 35.656564082006007 ], [ 127.020082805318964, 35.652853807764622 ], [ 127.019344175678256, 35.65243952933649 ], [ 127.018582578576101, 35.652496128855795 ], [ 127.017890143140875, 35.652157168546388 ], [ 127.010804487353965, 35.648409422615494 ], [ 127.009258156007533, 35.647260507663553 ], [ 127.008173238388181, 35.643945303908332 ], [ 127.008657740747765, 35.642777420447253 ], [ 127.009003841414838, 35.642231121298359 ], [ 127.00960376972067, 35.641760164137175 ], [ 127.009972918022427, 35.641195035936832 ], [ 127.009926707318016, 35.640592271721275 ], [ 127.009788065622416, 35.638821624677803 ], [ 127.00951108888782, 35.637992824058827 ], [ 127.009257199652041, 35.637427749478526 ], [ 127.009326335480495, 35.636580076388725 ], [ 127.009418580559782, 35.635901959297584 ], [ 127.009810786597129, 35.635261484752718 ], [ 127.010318350504093, 35.634790541392206 ], [ 127.010849010566048, 35.634602132457566 ], [ 127.011264307620166, 35.6342253489508 ], [ 127.012164045678389, 35.633283431987415 ], [ 127.012648517373734, 35.632737137845965 ], [ 127.013063761247835, 35.632134311308683 ], [ 127.013194399045446, 35.631928568596635 ], [ 127.013386708860594, 35.631625687012985 ], [ 127.014516890614118, 35.629195638305823 ], [ 127.014977592937527, 35.624825467792839 ], [ 127.015715610402324, 35.623393784291693 ], [ 127.015900076526677, 35.622847497583145 ], [ 127.014376887354231, 35.619475872205712 ], [ 127.013961595405391, 35.61919336433418 ], [ 127.01313118457125, 35.619739722226491 ], [ 127.011585514579778, 35.619796392657015 ], [ 127.009901428126327, 35.619683490233463 ], [ 127.00489518276261, 35.616198927218306 ], [ 127.00483919059198, 35.615464306734907 ], [ 127.00434151166624, 35.615464319776123 ], [ 127.003441847174557, 35.615388970093207 ], [ 127.002265359464644, 35.614842721693826 ], [ 127.001158082143377, 35.614108098870979 ], [ 127.000558319939941, 35.613863206217992 ], [ 126.999197324532062, 35.613637143656852 ], [ 126.998620619571597, 35.61365597261517 ], [ 126.998236522595448, 35.613746564727734 ], [ 126.997582560429279, 35.613900824372543 ], [ 126.996798245078281, 35.614108009759804 ], [ 126.996175390322051, 35.614560056717529 ], [ 126.995829317608525, 35.615162823977542 ], [ 126.995460185831917, 35.615690242661842 ], [ 126.9939145972875, 35.615671324274849 ], [ 126.993268697829663, 35.615577083104903 ], [ 126.990454432590013, 35.614992925882689 ], [ 126.98851669546859, 35.615068069566234 ], [ 126.988030082829795, 35.615202962070775 ], [ 126.987294013500062, 35.615406993987989 ], [ 126.985789072365819, 35.615756248962754 ], [ 126.983695246701402, 35.615896280042627 ], [ 126.983026357090594, 35.615500606900035 ], [ 126.980719814017007, 35.614332344598097 ], [ 126.977652104986547, 35.613239240324404 ], [ 126.976752529090888, 35.612994188923359 ], [ 126.975945222786819, 35.61280564665379 ], [ 126.975662895434951, 35.612815192090942 ], [ 126.975391601966322, 35.612824373759352 ], [ 126.974372294821521, 35.613027135615951 ], [ 126.974316450108063, 35.613038264375234 ], [ 126.974416627180162, 35.616352430405151 ], [ 126.973978132360003, 35.616324380075959 ], [ 126.973477944426293, 35.616290717256312 ], [ 126.973066865815667, 35.616223535041044 ], [ 126.972559861842825, 35.616139548747739 ], [ 126.972097780418792, 35.61610588020956 ], [ 126.972028541493373, 35.616104754529104 ], [ 126.971767243828481, 35.616100508500551 ], [ 126.96977195137265, 35.616285035968467 ], [ 126.968935984485825, 35.616391031429224 ], [ 126.967548430934769, 35.616632596005473 ], [ 126.966486296276386, 35.616844734571281 ], [ 126.966280723342877, 35.616906179681727 ], [ 126.965355589212152, 35.617185444294527 ], [ 126.96385653140122, 35.617706407762796 ], [ 126.962705220478895, 35.618114173779865 ], [ 126.962390002418118, 35.618136447398854 ], [ 126.959831999651698, 35.617882824166138 ], [ 126.958693416385174, 35.619607416854635 ], [ 126.95853574539764, 35.619769507305023 ], [ 126.958376816770084, 35.619871878175303 ], [ 126.956023846152419, 35.619809576547496 ], [ 126.953618802657772, 35.619741525304015 ], [ 126.952865087477917, 35.619713282748918 ], [ 126.952411280377049, 35.621030045310953 ], [ 126.952272076530264, 35.622292060866847 ], [ 126.952201161993813, 35.625079854405648 ], [ 126.951946387658239, 35.626699728581023 ], [ 126.951553555500794, 35.627679069839374 ], [ 126.950640294823174, 35.628303784205677 ], [ 126.950122481129654, 35.628657988467822 ], [ 126.948898651511627, 35.63020206866036 ], [ 126.947719536901317, 35.633799364297332 ], [ 126.947649758629822, 35.634628152603383 ], [ 126.947764812799576, 35.635117957250635 ], [ 126.948018171626103, 35.635777344076168 ], [ 126.948340888340439, 35.636267250165353 ], [ 126.948630432166183, 35.636517788807751 ], [ 126.94873292474972, 35.636606480235713 ], [ 126.948824605862455, 35.637548357767116 ], [ 126.948660854143156, 35.640938886200232 ], [ 126.947828751210281, 35.643010565456272 ], [ 126.947624891569788, 35.643508889182407 ], [ 126.947758916542483, 35.643933525286222 ], [ 126.948958235092022, 35.644951230729895 ], [ 126.951062616832445, 35.646373771229321 ], [ 126.952232003505387, 35.646989136384171 ], [ 126.952974028024272, 35.647329133912287 ], [ 126.953525832801532, 35.647627949185051 ], [ 126.954470750850575, 35.649775701757868 ], [ 126.954770157498089, 35.65102202083817 ], [ 126.954792765154423, 35.651640662787962 ], [ 126.956752977103818, 35.654297368390495 ], [ 126.957560337742478, 35.655069973579245 ], [ 126.958067847046962, 35.655522251814133 ], [ 126.959667596951689, 35.656778285754051 ], [ 126.960713567422445, 35.657449089887578 ], [ 126.960819797335333, 35.657511346342652 ], [ 126.961006361212, 35.657698770825398 ], [ 126.961061301878999, 35.657843215772296 ], [ 126.962133164868305, 35.662790473980138 ], [ 126.961493160757257, 35.663308830102025 ], [ 126.961197797878725, 35.663469213019916 ], [ 126.960156705711469, 35.663604688246011 ], [ 126.960270193702968, 35.66376521862049 ], [ 126.960697584552392, 35.664293050021314 ], [ 126.961374835405408, 35.665049511052757 ], [ 126.964201409358495, 35.667786940893151 ], [ 126.965701308088512, 35.668917598503967 ], [ 126.966947441125555, 35.669822119337226 ], [ 126.967732076110494, 35.670349762792817 ], [ 126.968078030591101, 35.671084491905667 ], [ 126.967892707285358, 35.672629045514249 ], [ 126.967684626011035, 35.673382449219247 ], [ 126.967430441266245, 35.674003986992922 ], [ 126.967591298025638, 35.675736992508646 ], [ 126.967821891537668, 35.676358683622915 ], [ 126.968629727525823, 35.676754451843053 ], [ 126.97008396647351, 35.677206920287915 ], [ 126.970753208724602, 35.677885233882357 ], [ 126.972668553687328, 35.68014608110542 ], [ 126.972806669829694, 35.681295140937543 ], [ 126.973381860605429, 35.686965084850762 ], [ 126.97324299756346, 35.687906895266799 ], [ 126.974212776190157, 35.687831754389585 ], [ 126.974974777938883, 35.687643561387908 ], [ 126.975644465507941, 35.687304650878218 ], [ 126.976244920063806, 35.686852706499621 ], [ 126.976822187480209, 35.686702146953913 ], [ 126.977630351712335, 35.686551596739214 ], [ 126.9782623422076, 35.686683621990248 ], [ 126.978623115723479, 35.686758990570105 ], [ 126.979546553840933, 35.687135900256003 ], [ 126.980516216612685, 35.687456286245578 ], [ 126.981278169428663, 35.687381081321263 ], [ 126.982109457731141, 35.687042165506348 ], [ 126.983610334702121, 35.686590315288868 ], [ 126.984303012323124, 35.686552731869185 ], [ 126.984972569240981, 35.686684682689858 ], [ 126.985318754248723, 35.687344016618553 ], [ 126.985549505152534, 35.688040997903606 ], [ 126.986242032740307, 35.688813384389178 ], [ 126.986796176111653, 35.688832282990944 ], [ 126.987996860615837, 35.688700574191643 ], [ 126.989128224275063, 35.688776037757066 ], [ 126.990328822155021, 35.689115206669349 ], [ 126.991150265776952, 35.689468999923918 ], [ 126.991875863889362, 35.688813964331651 ], [ 126.993030318284966, 35.688964729711174 ], [ 126.99360756029769, 35.689002445435094 ], [ 126.994254080495068, 35.688644594265519 ], [ 126.994739008561268, 35.688041860400133 ], [ 126.99517777304321, 35.687326086498103 ], [ 126.995778148149839, 35.686384299976766 ], [ 126.996447734166068, 35.686384329139052 ], [ 126.998664252062042, 35.686158358924978 ], [ 127.001619596488325, 35.685856997469983 ], [ 127.002404608637562, 35.685706300252413 ], [ 127.004944172511827, 35.681543384636946 ], [ 127.004897949259515, 35.680620385524392 ], [ 127.010346247210961, 35.678209038004184 ], [ 127.014870907597825, 35.676682844413158 ], [ 127.016279017960855, 35.67598571507154 ], [ 127.016786813705153, 35.675439393622064 ], [ 127.017340726074153, 35.674761207072677 ], [ 127.01893308503881, 35.672331059279934 ], [ 127.021217702711311, 35.669203849491147 ], [ 127.023618160256078, 35.668261585401254 ], [ 127.0241028826198, 35.668110801314043 ], [ 127.025349373320239, 35.668110560269184 ], [ 127.026365023870767, 35.668035001096413 ], [ 127.027103589442746, 35.667733468837575 ], [ 127.028880679989598, 35.666753570477475 ], [ 127.030739390679216, 35.666018829668758 ] ] ] ] } },
{ "type": "Feature", "properties": { "OBJECTID": 2322, "adm_nm": "전북특별자치도 정읍시 칠보면", "adm_cd": "3504042", "adm_cd2": "4518042000", "sgg": "45180", "sido": "45", "sidonm": "전북특별자치도", "sggnm": "정읍시" }, "geometry": { "type": "MultiPolygon", "coordinates": [ [ [ [ 127.00483919059198, 35.615464306734907 ], [ 127.00490947907258, 35.614818508247076 ], [ 127.005364528257488, 35.614048738909375 ], [ 127.006404673780935, 35.613278911742277 ], [ 127.007574818228193, 35.612429467938476 ], [ 127.009882655142334, 35.611792275727261 ], [ 127.010337683626645, 35.611553343123944 ], [ 127.011247694682282, 35.610518067353247 ], [ 127.011280159150104, 35.610040265477814 ], [ 127.011214980125175, 35.608659990409407 ], [ 127.011198836589941, 35.608501983290274 ], [ 127.011182436739574, 35.608341472165421 ], [ 127.010434563889547, 35.605846408063513 ], [ 127.009556918829304, 35.605182869933266 ], [ 127.008776758446501, 35.604094626044599 ], [ 127.007508955759391, 35.60114832597116 ], [ 127.008491358557819, 35.600134206240824 ], [ 127.009285020759336, 35.599481714778968 ], [ 127.012968579624427, 35.597458338806057 ], [ 127.01571499668664, 35.596710355404127 ], [ 127.01612091270664, 35.596847492243405 ], [ 127.016478416597167, 35.59692706635596 ], [ 127.017323383247714, 35.596847339933184 ], [ 127.019013279313157, 35.596581654494571 ], [ 127.021093095793049, 35.596103538695758 ], [ 127.023205278113721, 35.595174145090198 ], [ 127.028046833655239, 35.592996568492651 ], [ 127.029541376634654, 35.591987551806923 ], [ 127.029638555439433, 35.591111596200157 ], [ 127.029638988130074, 35.591040833105524 ], [ 127.02963984343225, 35.590898953429175 ], [ 127.028804329614715, 35.590844334754017 ], [ 127.028413390605436, 35.590705607649113 ], [ 127.025931452852234, 35.588387898432181 ], [ 127.025251454998283, 35.587638418930716 ], [ 127.024877439653253, 35.587110990481889 ], [ 127.024724415349539, 35.586847266911072 ], [ 127.024027197615581, 35.585209364332819 ], [ 127.023908132056604, 35.584779053885676 ], [ 127.024111870432733, 35.584168222800294 ], [ 127.024043628721586, 35.583196530756574 ], [ 127.023822648697575, 35.582946701523149 ], [ 127.022259058833868, 35.582100184782199 ], [ 127.019998788376284, 35.581184366358471 ], [ 127.018350428624501, 35.580893114877384 ], [ 127.015937357999803, 35.580324251480441 ], [ 127.015614300801744, 35.579241516402064 ], [ 127.015461342231049, 35.579074968812535 ], [ 127.014403588232796, 35.579167669083773 ], [ 127.014034011539749, 35.579200059055715 ], [ 127.011808071805135, 35.579700006243137 ], [ 127.009174363010345, 35.581005083744337 ], [ 127.007050371445075, 35.582337857709867 ], [ 127.003991696477911, 35.584642308381206 ], [ 127.003583880062919, 35.585475209893744 ], [ 127.003668868095417, 35.5862803471489 ], [ 127.002683233259702, 35.58701609346739 ], [ 126.999675315240367, 35.586113784866519 ], [ 126.998621722310034, 35.585600146582834 ], [ 126.997942015228134, 35.584739452049277 ], [ 126.997925042361601, 35.584225833778824 ], [ 126.998485858775467, 35.583240251563069 ], [ 126.999216626057603, 35.581060834160191 ], [ 126.999216644720264, 35.580366755105061 ], [ 126.9989277908426, 35.579908643636671 ], [ 126.997398527224803, 35.578451040979921 ], [ 126.996430014617616, 35.577965143609951 ], [ 126.994679856498252, 35.57759024977053 ], [ 126.994221076987913, 35.577451408835579 ], [ 126.992182212689713, 35.575993678964323 ], [ 126.989514874921539, 35.573578048366485 ], [ 126.989192199071482, 35.572578514203911 ], [ 126.989225912578107, 35.572477556282713 ], [ 126.989396189272512, 35.571967740750488 ], [ 126.990500672048356, 35.571343176876418 ], [ 126.991044488216204, 35.570427018256652 ], [ 126.991078520658277, 35.570010570179946 ], [ 126.990365120717755, 35.568691759659508 ], [ 126.989464841991989, 35.567303483073545 ], [ 126.988462533655309, 35.566720353891846 ], [ 126.987851156113322, 35.565221068692004 ], [ 126.987783239360297, 35.56494341699684 ], [ 126.987851532513062, 35.56298609278776 ], [ 126.988055446674281, 35.562680729307793 ], [ 126.988434901051065, 35.562408325427221 ], [ 126.988616143219247, 35.562278221856658 ], [ 126.988735093326682, 35.562097779014266 ], [ 126.988719528219306, 35.561960147593084 ], [ 126.988650277899765, 35.561348138549597 ], [ 126.988174655510349, 35.560987167731739 ], [ 126.987376255277439, 35.560626159312292 ], [ 126.984896150628657, 35.559612490308531 ], [ 126.983146323675314, 35.559764924442788 ], [ 126.981668617901292, 35.558695790317564 ], [ 126.979291036468638, 35.555974554513909 ], [ 126.979065255511884, 35.555659121935967 ], [ 126.976114451806822, 35.555793472408482 ], [ 126.975604778799152, 35.555932170087708 ], [ 126.975197091869688, 35.555932082357536 ], [ 126.974840410243203, 35.555723782169217 ], [ 126.974025198392752, 35.555209990163291 ], [ 126.971647542849738, 35.553668537252683 ], [ 126.970170251813144, 35.552182828405336 ], [ 126.969678207257601, 35.550738986859763 ], [ 126.970190137779667, 35.549638016965524 ], [ 126.970375216483362, 35.549239973637697 ], [ 126.967030250492215, 35.54625445129011 ], [ 126.9640587438018, 35.544226830332327 ], [ 126.963583298552592, 35.543976799556525 ], [ 126.961732143146705, 35.543545870863362 ], [ 126.961205653163205, 35.543476291730201 ], [ 126.959422037286686, 35.543864392399989 ], [ 126.95673906118104, 35.54272510353907 ], [ 126.955415074605583, 35.541294778224106 ], [ 126.955160472951263, 35.541017047055398 ], [ 126.955092621060373, 35.540864325557592 ], [ 126.954379812028137, 35.539961729159693 ], [ 126.95310693298002, 35.538406458582863 ], [ 126.952962431820097, 35.538301361435337 ], [ 126.952801347737847, 35.538184246513275 ], [ 126.951110155677881, 35.538500838621552 ], [ 126.950421551502203, 35.538866916519602 ], [ 126.949817549134025, 35.539188006308422 ], [ 126.948444073608798, 35.539517533892848 ], [ 126.948255608271126, 35.539495448740958 ], [ 126.947652493807979, 35.539424752161466 ], [ 126.946586390674227, 35.539133761984672 ], [ 126.945584870118736, 35.538922025821563 ], [ 126.944615507080229, 35.538934759035499 ], [ 126.942983722092606, 35.539013213492751 ], [ 126.942369596977613, 35.539277030141555 ], [ 126.941845599283994, 35.539682848645072 ], [ 126.941739144731059, 35.539765300436081 ], [ 126.94023583288741, 35.540820948246179 ], [ 126.938635826849648, 35.541506790656662 ], [ 126.937052503307584, 35.541505955757678 ], [ 126.933095545763535, 35.539892753568864 ], [ 126.930802205498011, 35.538953882673319 ], [ 126.929349233129017, 35.537777774582899 ], [ 126.926167207728696, 35.537075946341908 ], [ 126.924454528646706, 35.537286152559908 ], [ 126.923840346917487, 35.537563066456087 ], [ 126.922019956288736, 35.540185285436408 ], [ 126.92170314891645, 35.542275881058309 ], [ 126.920068660243089, 35.544915784761145 ], [ 126.919227665411526, 35.545733934386043 ], [ 126.917966535363121, 35.546564991089539 ], [ 126.915801050141965, 35.546933200355049 ], [ 126.915502108139535, 35.54695335515185 ], [ 126.914637624486431, 35.547011623306901 ], [ 126.913022499117261, 35.546442631082485 ], [ 126.912425345574277, 35.545834754562733 ], [ 126.911892539459757, 35.545491019895636 ], [ 126.911359710310421, 35.545173702829729 ], [ 126.910762185308784, 35.544909146368092 ], [ 126.903264994084424, 35.545154175137561 ], [ 126.900622243702387, 35.545447248484528 ], [ 126.900699406000584, 35.5456105424024 ], [ 126.901468971331468, 35.547239096410372 ], [ 126.902643484942971, 35.551307214995965 ], [ 126.902884477073528, 35.55242984498517 ], [ 126.902767671459941, 35.555453688222748 ], [ 126.902718695490577, 35.555863021546344 ], [ 126.901253661669372, 35.55650675012312 ], [ 126.904007798960464, 35.558464211425033 ], [ 126.904185904683189, 35.558618026903353 ], [ 126.904443472951343, 35.558676804572812 ], [ 126.908202796791187, 35.559184487781231 ], [ 126.913032469344827, 35.560263505442876 ], [ 126.914416252837384, 35.560616561706354 ], [ 126.914833972551662, 35.560675523331803 ], [ 126.917766517041258, 35.561050371802899 ], [ 126.920678193229747, 35.561214577709066 ], [ 126.920965146660336, 35.561221679854803 ], [ 126.921108619004912, 35.561239037545398 ], [ 126.921395490897709, 35.561332418520422 ], [ 126.921711881214776, 35.561449973760602 ], [ 126.92472847335614, 35.56331949184122 ], [ 126.926722469941467, 35.5645853586282 ], [ 126.926888179539873, 35.564779507890144 ], [ 126.927455352607183, 35.565416942881896 ], [ 126.927781063308402, 35.565780882055975 ], [ 126.928049671504525, 35.566063923453584 ], [ 126.92816971234403, 35.566169180187224 ], [ 126.928481345928134, 35.566330678279414 ], [ 126.928650040758214, 35.56639391860385 ], [ 126.928749224976997, 35.566393822391213 ], [ 126.929950809299001, 35.566193738427685 ], [ 126.931824409365248, 35.566259841206971 ], [ 126.932081809721979, 35.566269343768475 ], [ 126.932293436807612, 35.566320897561958 ], [ 126.93242211225099, 35.566360704257846 ], [ 126.932549914611371, 35.56643984368128 ], [ 126.932632788966529, 35.566507690316961 ], [ 126.935374033076002, 35.569454431949858 ], [ 126.9354597637371, 35.569562026400057 ], [ 126.935511149626123, 35.569681281437603 ], [ 126.937884337768566, 35.577567703753857 ], [ 126.938324267164788, 35.579369963540543 ], [ 126.938359213006876, 35.579635582840424 ], [ 126.938351332058517, 35.580016007192526 ], [ 126.938297843888222, 35.580432138666232 ], [ 126.938211417576994, 35.580932440055669 ], [ 126.938113316487701, 35.581128209214285 ], [ 126.937432143106449, 35.58267622772744 ], [ 126.936907935668216, 35.583918567330137 ], [ 126.936345377358762, 35.585452667818984 ], [ 126.935114987700018, 35.589308866405524 ], [ 126.935129781019398, 35.589422501138856 ], [ 126.935167906454865, 35.589567344646603 ], [ 126.935256174375908, 35.589694780680169 ], [ 126.935362350393461, 35.589802359836199 ], [ 126.935718961174416, 35.590027916667971 ], [ 126.93588751646756, 35.590112150860953 ], [ 126.935958330377971, 35.590176273444548 ], [ 126.936016450849422, 35.590261086972134 ], [ 126.937204043796626, 35.593781262542315 ], [ 126.937301949183521, 35.594326142427732 ], [ 126.937408900604083, 35.595937534507343 ], [ 126.9374321084765, 35.597545511984762 ], [ 126.937351595481488, 35.5978313962272 ], [ 126.937322269258829, 35.597986276587932 ], [ 126.937956692972591, 35.599305195109991 ], [ 126.938073392229981, 35.599430366783544 ], [ 126.938496113576406, 35.599483146405447 ], [ 126.938576028444444, 35.599480786764694 ], [ 126.939241733594017, 35.599463738220862 ], [ 126.939351720909514, 35.599556123534036 ], [ 126.939511734700076, 35.599802416142786 ], [ 126.939826996738574, 35.600395017367177 ], [ 126.940093524995845, 35.601221174035508 ], [ 126.940487698450653, 35.601157000237009 ], [ 126.942556447013402, 35.600271270291152 ], [ 126.944263335150623, 35.599258669619083 ], [ 126.945504285984796, 35.599090352097861 ], [ 126.946460736972625, 35.599111898370168 ], [ 126.948063030649067, 35.599788233605381 ], [ 126.949199617689274, 35.601097742202789 ], [ 126.949999993046234, 35.602681559271858 ], [ 126.949560021172175, 35.603441435745822 ], [ 126.950178218762602, 35.606988698696689 ], [ 126.951213649599396, 35.607979694801855 ], [ 126.951237551391287, 35.608002564653802 ], [ 126.950408255698122, 35.611148052686822 ], [ 126.950236309138887, 35.61142849951802 ], [ 126.950097661648726, 35.611654636342031 ], [ 126.950130234281232, 35.611872343338383 ], [ 126.951551237881006, 35.61588211872715 ], [ 126.953532314730325, 35.61839108377918 ], [ 126.952865087477917, 35.619713282748918 ], [ 126.953618802657772, 35.619741525304015 ], [ 126.956023846152419, 35.619809576547496 ], [ 126.958376816770084, 35.619871878175303 ], [ 126.95853574539764, 35.619769507305023 ], [ 126.958693416385174, 35.619607416854635 ], [ 126.959831999651698, 35.617882824166138 ], [ 126.962390002418118, 35.618136447398854 ], [ 126.962705220478895, 35.618114173779865 ], [ 126.96385653140122, 35.617706407762796 ], [ 126.965355589212152, 35.617185444294527 ], [ 126.966280723342877, 35.616906179681727 ], [ 126.966486296276386, 35.616844734571281 ], [ 126.967548430934769, 35.616632596005473 ], [ 126.968935984485825, 35.616391031429224 ], [ 126.96977195137265, 35.616285035968467 ], [ 126.971767243828481, 35.616100508500551 ], [ 126.972028541493373, 35.616104754529104 ], [ 126.972097780418792, 35.61610588020956 ], [ 126.972559861842825, 35.616139548747739 ], [ 126.973066865815667, 35.616223535041044 ], [ 126.973477944426293, 35.616290717256312 ], [ 126.973978132360003, 35.616324380075959 ], [ 126.974416627180162, 35.616352430405151 ], [ 126.974316450108063, 35.613038264375234 ], [ 126.974372294821521, 35.613027135615951 ], [ 126.975391601966322, 35.612824373759352 ], [ 126.975662895434951, 35.612815192090942 ], [ 126.975945222786819, 35.61280564665379 ], [ 126.976752529090888, 35.612994188923359 ], [ 126.977652104986547, 35.613239240324404 ], [ 126.980719814017007, 35.614332344598097 ], [ 126.983026357090594, 35.615500606900035 ], [ 126.983695246701402, 35.615896280042627 ], [ 126.985789072365819, 35.615756248962754 ], [ 126.987294013500062, 35.615406993987989 ], [ 126.988030082829795, 35.615202962070775 ], [ 126.98851669546859, 35.615068069566234 ], [ 126.990454432590013, 35.614992925882689 ], [ 126.993268697829663, 35.615577083104903 ], [ 126.9939145972875, 35.615671324274849 ], [ 126.995460185831917, 35.615690242661842 ], [ 126.995829317608525, 35.615162823977542 ], [ 126.996175390322051, 35.614560056717529 ], [ 126.996798245078281, 35.614108009759804 ], [ 126.997582560429279, 35.613900824372543 ], [ 126.998236522595448, 35.613746564727734 ], [ 126.998620619571597, 35.61365597261517 ], [ 126.999197324532062, 35.613637143656852 ], [ 127.000558319939941, 35.613863206217992 ], [ 127.001158082143377, 35.614108098870979 ], [ 127.002265359464644, 35.614842721693826 ], [ 127.003441847174557, 35.615388970093207 ], [ 127.00434151166624, 35.615464319776123 ], [ 127.00483919059198, 35.615464306734907 ] ] ] ] } },
{ "type": "Feature", "properties": { "OBJECTID": 2323, "adm_nm": "전북특별자치도 정읍시 산내면", "adm_cd": "3504043", "adm_cd2": "4518043000", "sgg": "45180", "sido": "45", "sidonm": "전북특별자치도", "sggnm": "정읍시" }, "geometry": { "type": "MultiPolygon", "coordinates": [ [ [ [ 127.082926604685298, 35.584405214847536 ], [ 127.082711147610453, 35.582882495193523 ], [ 127.082710730744253, 35.582469891798759 ], [ 127.08359121128764, 35.579116856104257 ], [ 127.084979506985221, 35.57849699260759 ], [ 127.088446848293628, 35.573904259722873 ], [ 127.088759811991395, 35.571428370605219 ], [ 127.089642354941248, 35.5702930512957 ], [ 127.091345331043286, 35.569002387365821 ], [ 127.092706670440492, 35.567039146282518 ], [ 127.092003986910996, 35.565608435198683 ], [ 127.091609076401099, 35.565107800051173 ], [ 127.090040492707246, 35.563167854952738 ], [ 127.088976430262463, 35.561746336463358 ], [ 127.088603430924294, 35.561227795129199 ], [ 127.087593934621751, 35.559582596046582 ], [ 127.087330586464418, 35.559135522808248 ], [ 127.086540359068763, 35.557633279841575 ], [ 127.08601298527276, 35.556095058391982 ], [ 127.08563920223078, 35.554771427422864 ], [ 127.08559479555916, 35.554198967285572 ], [ 127.085779131371297, 35.552418736084917 ], [ 127.085887736529216, 35.551542038687636 ], [ 127.086346671513809, 35.55053984021459 ], [ 127.086587200257753, 35.550146079545463 ], [ 127.086805936633752, 35.549841775266458 ], [ 127.087440380185143, 35.549125719431046 ], [ 127.087856245062966, 35.548839162996899 ], [ 127.089377948049275, 35.54827451770808 ], [ 127.098683196976552, 35.545100754049791 ], [ 127.10525201508284, 35.543520913026946 ], [ 127.105689926262542, 35.543413193033025 ], [ 127.106040202185511, 35.543287654280952 ], [ 127.106762620868622, 35.543018668695503 ], [ 127.10774773974488, 35.542642103960326 ], [ 127.11479512243973, 35.539003894613622 ], [ 127.115473549791133, 35.538645461787084 ], [ 127.115954764243668, 35.538215615352797 ], [ 127.116348397642511, 35.537803763159424 ], [ 127.117265396558636, 35.535834936899612 ], [ 127.117186941538051, 35.534573726874505 ], [ 127.117098336554548, 35.533876081815663 ], [ 127.116588490203043, 35.531599311119884 ], [ 127.11507401327431, 35.528824764046306 ], [ 127.114922882788761, 35.528868154529476 ], [ 127.114633173046613, 35.528951351262691 ], [ 127.113630502450476, 35.529438992794269 ], [ 127.112298175383685, 35.530738086067878 ], [ 127.111692650118513, 35.531396587292406 ], [ 127.111274380699655, 35.531919730761743 ], [ 127.111043420233798, 35.532352558262602 ], [ 127.110768398795514, 35.53282148071991 ], [ 127.110449185034184, 35.533218348061773 ], [ 127.108875455179827, 35.534250436863381 ], [ 127.107178569896078, 35.534511355325897 ], [ 127.106433999398263, 35.534547786603319 ], [ 127.105667255964349, 35.534351653844212 ], [ 127.105031557508894, 35.533887048666095 ], [ 127.104680647503343, 35.533493763631029 ], [ 127.104011404498223, 35.532465639660394 ], [ 127.10396683326384, 35.531857382934 ], [ 127.103791191984854, 35.531499720754994 ], [ 127.102125927241261, 35.53076761709562 ], [ 127.101381109388939, 35.530553541366224 ], [ 127.100745815668418, 35.530375167732828 ], [ 127.100329606416068, 35.5302681636364 ], [ 127.099529943025686, 35.529973626448125 ], [ 127.099025937129767, 35.529705668016597 ], [ 127.0968916673243, 35.527939222586674 ], [ 127.093735272391726, 35.525237775962438 ], [ 127.093304747559145, 35.524760412695258 ], [ 127.093050504134339, 35.524174759375846 ], [ 127.092928486857545, 35.52351689794903 ], [ 127.091571058881698, 35.522310183735293 ], [ 127.090931148520966, 35.521878049416934 ], [ 127.090126001886475, 35.521563172789762 ], [ 127.088923924464396, 35.521212553971665 ], [ 127.088008687949696, 35.521023948506368 ], [ 127.087313612715477, 35.520537729755695 ], [ 127.086485771873271, 35.519582943110514 ], [ 127.086903862142606, 35.518798518540692 ], [ 127.087256217178805, 35.51840168910919 ], [ 127.087619587136359, 35.517995849019201 ], [ 127.088115195627864, 35.517553863752447 ], [ 127.088666020675518, 35.517201952917212 ], [ 127.089272078479681, 35.516958160740948 ], [ 127.090064248193883, 35.515533535585817 ], [ 127.089410779271262, 35.512721948579497 ], [ 127.088537294253697, 35.51028907224385 ], [ 127.087895775288459, 35.50825259761789 ], [ 127.087905542825339, 35.508048277713151 ], [ 127.082949466287403, 35.50644608769457 ], [ 127.081625477139454, 35.507065892730132 ], [ 127.080723831219913, 35.507823275315552 ], [ 127.078290189911087, 35.509489935157347 ], [ 127.075889139654578, 35.511040980344035 ], [ 127.074565164444564, 35.511815434521814 ], [ 127.074566987956771, 35.513826935872736 ], [ 127.072296068945093, 35.513879865110923 ], [ 127.068953928530917, 35.515325931996053 ], [ 127.067062133278398, 35.51620378547733 ], [ 127.065926236108865, 35.515740192931197 ], [ 127.061759317078142, 35.511203599838289 ], [ 127.060749588565557, 35.510585179918934 ], [ 127.05923552389136, 35.510379623615002 ], [ 127.058857197502817, 35.51058609574757 ], [ 127.055053719840231, 35.509197261361827 ], [ 127.054005894998994, 35.510007292835034 ], [ 127.052375441608987, 35.510531847054885 ], [ 127.050803530897198, 35.511580168700291 ], [ 127.05027977700604, 35.512294714945156 ], [ 127.050980633595387, 35.5154374554795 ], [ 127.05168115990891, 35.517961123706321 ], [ 127.051157865295323, 35.519485232371061 ], [ 127.049993832736874, 35.521057235944966 ], [ 127.048537963094503, 35.521724499609377 ], [ 127.045683434574855, 35.521297000896418 ], [ 127.042480339845113, 35.522631529370479 ], [ 127.040209728020116, 35.525108603529212 ], [ 127.04038512698007, 35.526441959486704 ], [ 127.038696724901101, 35.528537838019162 ], [ 127.033163482850213, 35.531206234430016 ], [ 127.028677823287794, 35.531731167137295 ], [ 127.025357745551148, 35.53382723571778 ], [ 127.022561835344334, 35.535923093109091 ], [ 127.021862906931801, 35.536732782752594 ], [ 127.01912578132324, 35.542066831738403 ], [ 127.019417502015926, 35.543828787147291 ], [ 127.019943855803547, 35.544839203482752 ], [ 127.020583361763599, 35.546066816415546 ], [ 127.019476281399221, 35.54611460565706 ], [ 127.015339081905083, 35.545353207119483 ], [ 127.011026945885277, 35.542639216821691 ], [ 127.008579695907571, 35.541782190863294 ], [ 127.00467590779526, 35.541449011983801 ], [ 126.996227569148203, 35.539972663250708 ], [ 126.994712904401183, 35.537686761112816 ], [ 126.992766932863134, 35.536979684394915 ], [ 126.99261554403121, 35.536924685140555 ], [ 126.990692652670916, 35.538781754693574 ], [ 126.988827804124966, 35.541543634214378 ], [ 126.987720463398688, 35.543305514689827 ], [ 126.986904364237688, 35.54535312988898 ], [ 126.985039581750542, 35.546400572974505 ], [ 126.983466016635958, 35.547781378313374 ], [ 126.981134349259605, 35.551304981093267 ], [ 126.981600014878509, 35.553400420567037 ], [ 126.979065255511884, 35.555659121935967 ], [ 126.979291036468638, 35.555974554513909 ], [ 126.981668617901292, 35.558695790317564 ], [ 126.983146323675314, 35.559764924442788 ], [ 126.984896150628657, 35.559612490308531 ], [ 126.987376255277439, 35.560626159312292 ], [ 126.988174655510349, 35.560987167731739 ], [ 126.988650277899765, 35.561348138549597 ], [ 126.988719528219306, 35.561960147593084 ], [ 126.988735093326682, 35.562097779014266 ], [ 126.988616143219247, 35.562278221856658 ], [ 126.988434901051065, 35.562408325427221 ], [ 126.988055446674281, 35.562680729307793 ], [ 126.987851532513062, 35.56298609278776 ], [ 126.987783239360297, 35.56494341699684 ], [ 126.987851156113322, 35.565221068692004 ], [ 126.988462533655309, 35.566720353891846 ], [ 126.989464841991989, 35.567303483073545 ], [ 126.990365120717755, 35.568691759659508 ], [ 126.991078520658277, 35.570010570179946 ], [ 126.991044488216204, 35.570427018256652 ], [ 126.990500672048356, 35.571343176876418 ], [ 126.989396189272512, 35.571967740750488 ], [ 126.989225912578107, 35.572477556282713 ], [ 126.989192199071482, 35.572578514203911 ], [ 126.989514874921539, 35.573578048366485 ], [ 126.992182212689713, 35.575993678964323 ], [ 126.994221076987913, 35.577451408835579 ], [ 126.994679856498252, 35.57759024977053 ], [ 126.996430014617616, 35.577965143609951 ], [ 126.997398527224803, 35.578451040979921 ], [ 126.9989277908426, 35.579908643636671 ], [ 126.999216644720264, 35.580366755105061 ], [ 126.999216626057603, 35.581060834160191 ], [ 126.998485858775467, 35.583240251563069 ], [ 126.997925042361601, 35.584225833778824 ], [ 126.997942015228134, 35.584739452049277 ], [ 126.998621722310034, 35.585600146582834 ], [ 126.999675315240367, 35.586113784866519 ], [ 127.002683233259702, 35.58701609346739 ], [ 127.003668868095417, 35.5862803471489 ], [ 127.003583880062919, 35.585475209893744 ], [ 127.003991696477911, 35.584642308381206 ], [ 127.007050371445075, 35.582337857709867 ], [ 127.009174363010345, 35.581005083744337 ], [ 127.011808071805135, 35.579700006243137 ], [ 127.014034011539749, 35.579200059055715 ], [ 127.014403588232796, 35.579167669083773 ], [ 127.015461342231049, 35.579074968812535 ], [ 127.015614300801744, 35.579241516402064 ], [ 127.015937357999803, 35.580324251480441 ], [ 127.018350428624501, 35.580893114877384 ], [ 127.019998788376284, 35.581184366358471 ], [ 127.022259058833868, 35.582100184782199 ], [ 127.023822648697575, 35.582946701523149 ], [ 127.024043628721586, 35.583196530756574 ], [ 127.024111870432733, 35.584168222800294 ], [ 127.023908132056604, 35.584779053885676 ], [ 127.024027197615581, 35.585209364332819 ], [ 127.024724415349539, 35.586847266911072 ], [ 127.024877439653253, 35.587110990481889 ], [ 127.025251454998283, 35.587638418930716 ], [ 127.025931452852234, 35.588387898432181 ], [ 127.028413390605436, 35.590705607649113 ], [ 127.028804329614715, 35.590844334754017 ], [ 127.02963984343225, 35.590898953429175 ], [ 127.030834651361417, 35.590446584969861 ], [ 127.033798339456879, 35.591588328584962 ], [ 127.035131065957628, 35.592357733309953 ], [ 127.035391161667064, 35.592676186886536 ], [ 127.035716391265055, 35.593260072109445 ], [ 127.035638280274085, 35.593643697398583 ], [ 127.035586668635347, 35.593897174778022 ], [ 127.035586770206592, 35.594136065320683 ], [ 127.036204627324906, 35.595064915371388 ], [ 127.037114981086106, 35.595940603290984 ], [ 127.037402390702127, 35.596041108766421 ], [ 127.037570045321274, 35.596099727098121 ], [ 127.038577361635788, 35.595807433535747 ], [ 127.039942100197578, 35.595355766383086 ], [ 127.040364437777015, 35.595063644201595 ], [ 127.042443425383397, 35.593284518915787 ], [ 127.042670758425302, 35.592992454955919 ], [ 127.043189942488226, 35.591479279355006 ], [ 127.043969526111709, 35.590841961611368 ], [ 127.044326737716744, 35.590364037893977 ], [ 127.044618651399105, 35.589328703630109 ], [ 127.044780395289592, 35.587974922774642 ], [ 127.044780325301389, 35.587842204568219 ], [ 127.046079349761001, 35.586381804442652 ], [ 127.047768888978425, 35.586043022886194 ], [ 127.050336053267259, 35.586174736832788 ], [ 127.050596112875908, 35.586333889107308 ], [ 127.050986183514738, 35.586546076851739 ], [ 127.051668291005583, 35.586094556199797 ], [ 127.051798196137582, 35.585961789336992 ], [ 127.052414801141921, 35.584713953236651 ], [ 127.052512078257394, 35.584395383535259 ], [ 127.052576670257523, 35.583758309686537 ], [ 127.0525760619484, 35.582802725459921 ], [ 127.053419865290053, 35.581209736126553 ], [ 127.053772332459445, 35.581024400245262 ], [ 127.053874606440672, 35.580970642943136 ], [ 127.054077098442392, 35.581011538123377 ], [ 127.057676794098484, 35.581738688782423 ], [ 127.060308736138367, 35.581737432695782 ], [ 127.062323228609401, 35.581630249517993 ], [ 127.062364330042584, 35.581620356189973 ], [ 127.064435167661173, 35.581496470600122 ], [ 127.068106845597967, 35.581467949638821 ], [ 127.06849872001473, 35.58158294105516 ], [ 127.068919373066223, 35.581706376181259 ], [ 127.069569450198614, 35.581971451564122 ], [ 127.069959575210945, 35.582210131912284 ], [ 127.070194558840157, 35.582332102069792 ], [ 127.070317169677665, 35.582395741195704 ], [ 127.071617173957421, 35.582713515606002 ], [ 127.074022066434978, 35.583136795358925 ], [ 127.075159246669187, 35.583029910559986 ], [ 127.075627265469492, 35.583157042643165 ], [ 127.076036790138843, 35.583268290208956 ], [ 127.077207252609838, 35.583984229909404 ], [ 127.077564930427855, 35.584249456151809 ], [ 127.077899529822773, 35.584880201992398 ], [ 127.078085760101771, 35.585231246473143 ], [ 127.080523611220059, 35.58599944501637 ], [ 127.081173432846668, 35.585919393290737 ], [ 127.082375066560189, 35.585254987449176 ], [ 127.082926604685298, 35.584405214847536 ] ] ] ] } },
{ "type": "Feature", "properties": { "OBJECTID": 2324, "adm_nm": "전북특별자치도 정읍시 산외면", "adm_cd": "3504044", "adm_cd2": "4518044000", "sgg": "45180", "sido": "45", "sidonm": "전북특별자치도", "sggnm": "정읍시" }, "geometry": { "type": "MultiPolygon", "coordinates": [ [ [ [ 127.093595709632211, 35.621443149952718 ], [ 127.093252291542967, 35.621256608538154 ], [ 127.092183017695248, 35.619887458489281 ], [ 127.091494362047001, 35.617864134073088 ], [ 127.091186926570501, 35.615716000608359 ], [ 127.091413478618875, 35.613723143882801 ], [ 127.092060195418583, 35.61247518974551 ], [ 127.092208102784952, 35.612215729848849 ], [ 127.093478146751039, 35.611903548421481 ], [ 127.096713736918787, 35.608581323628776 ], [ 127.096776872209034, 35.608270043265328 ], [ 127.097198943739826, 35.607111292379955 ], [ 127.098319584013637, 35.605882775630583 ], [ 127.100138096879135, 35.604048561989224 ], [ 127.10022085178899, 35.60398493144136 ], [ 127.100623859569282, 35.603097189833122 ], [ 127.101109348213171, 35.601921065554812 ], [ 127.101298181671737, 35.600554977164983 ], [ 127.101782996673677, 35.59887743123052 ], [ 127.103093675155506, 35.597406656601024 ], [ 127.104055184607859, 35.596591319626903 ], [ 127.104371018183983, 35.59584358679551 ], [ 127.104228926809924, 35.594837533621863 ], [ 127.102500465071031, 35.59182042215658 ], [ 127.101150981840178, 35.590420461301257 ], [ 127.100949848352798, 35.590211807673434 ], [ 127.098730010384898, 35.588114982319823 ], [ 127.096722926395145, 35.587254125115365 ], [ 127.090468269814338, 35.587133893663342 ], [ 127.088551338099052, 35.587400736912684 ], [ 127.086113374070152, 35.586632694731925 ], [ 127.086015449791859, 35.58620808122582 ], [ 127.085365049263487, 35.585730740563207 ], [ 127.082926604685298, 35.584405214847536 ], [ 127.082375066560189, 35.585254987449176 ], [ 127.081173432846668, 35.585919393290737 ], [ 127.080523611220059, 35.58599944501637 ], [ 127.078085760101771, 35.585231246473143 ], [ 127.077899529822773, 35.584880201992398 ], [ 127.077564930427855, 35.584249456151809 ], [ 127.077207252609838, 35.583984229909404 ], [ 127.076036790138843, 35.583268290208956 ], [ 127.075627265469492, 35.583157042643165 ], [ 127.075159246669187, 35.583029910559986 ], [ 127.074022066434978, 35.583136795358925 ], [ 127.071617173957421, 35.582713515606002 ], [ 127.070317169677665, 35.582395741195704 ], [ 127.070194558840157, 35.582332102069792 ], [ 127.069959575210945, 35.582210131912284 ], [ 127.069569450198614, 35.581971451564122 ], [ 127.068919373066223, 35.581706376181259 ], [ 127.06849872001473, 35.58158294105516 ], [ 127.068106845597967, 35.581467949638821 ], [ 127.064435167661173, 35.581496470600122 ], [ 127.062364330042584, 35.581620356189973 ], [ 127.062323228609401, 35.581630249517993 ], [ 127.060308736138367, 35.581737432695782 ], [ 127.057676794098484, 35.581738688782423 ], [ 127.054077098442392, 35.581011538123377 ], [ 127.053874606440672, 35.580970642943136 ], [ 127.053772332459445, 35.581024400245262 ], [ 127.053419865290053, 35.581209736126553 ], [ 127.0525760619484, 35.582802725459921 ], [ 127.052576670257523, 35.583758309686537 ], [ 127.052512078257394, 35.584395383535259 ], [ 127.052414801141921, 35.584713953236651 ], [ 127.051798196137582, 35.585961789336992 ], [ 127.051668291005583, 35.586094556199797 ], [ 127.050986183514738, 35.586546076851739 ], [ 127.050596112875908, 35.586333889107308 ], [ 127.050336053267259, 35.586174736832788 ], [ 127.047768888978425, 35.586043022886194 ], [ 127.046079349761001, 35.586381804442652 ], [ 127.044780325301389, 35.587842204568219 ], [ 127.044780395289592, 35.587974922774642 ], [ 127.044618651399105, 35.589328703630109 ], [ 127.044326737716744, 35.590364037893977 ], [ 127.043969526111709, 35.590841961611368 ], [ 127.043189942488226, 35.591479279355006 ], [ 127.042670758425302, 35.592992454955919 ], [ 127.042443425383397, 35.593284518915787 ], [ 127.040364437777015, 35.595063644201595 ], [ 127.039942100197578, 35.595355766383086 ], [ 127.038577361635788, 35.595807433535747 ], [ 127.037570045321274, 35.596099727098121 ], [ 127.037402390702127, 35.596041108766421 ], [ 127.037114981086106, 35.595940603290984 ], [ 127.036204627324906, 35.595064915371388 ], [ 127.035586770206592, 35.594136065320683 ], [ 127.035586668635347, 35.593897174778022 ], [ 127.035638280274085, 35.593643697398583 ], [ 127.035716391265055, 35.593260072109445 ], [ 127.035391161667064, 35.592676186886536 ], [ 127.035131065957628, 35.592357733309953 ], [ 127.033798339456879, 35.591588328584962 ], [ 127.030834651361417, 35.590446584969861 ], [ 127.02963984343225, 35.590898953429175 ], [ 127.029638988130074, 35.591040833105524 ], [ 127.029638555439433, 35.591111596200157 ], [ 127.029541376634654, 35.591987551806923 ], [ 127.028046833655239, 35.592996568492651 ], [ 127.023205278113721, 35.595174145090198 ], [ 127.021093095793049, 35.596103538695758 ], [ 127.019013279313157, 35.596581654494571 ], [ 127.017323383247714, 35.596847339933184 ], [ 127.016478416597167, 35.59692706635596 ], [ 127.01612091270664, 35.596847492243405 ], [ 127.01571499668664, 35.596710355404127 ], [ 127.012968579624427, 35.597458338806057 ], [ 127.009285020759336, 35.599481714778968 ], [ 127.008491358557819, 35.600134206240824 ], [ 127.007508955759391, 35.60114832597116 ], [ 127.008776758446501, 35.604094626044599 ], [ 127.009556918829304, 35.605182869933266 ], [ 127.010434563889547, 35.605846408063513 ], [ 127.011182436739574, 35.608341472165421 ], [ 127.011198836589941, 35.608501983290274 ], [ 127.011214980125175, 35.608659990409407 ], [ 127.011280159150104, 35.610040265477814 ], [ 127.011247694682282, 35.610518067353247 ], [ 127.010337683626645, 35.611553343123944 ], [ 127.009882655142334, 35.611792275727261 ], [ 127.007574818228193, 35.612429467938476 ], [ 127.006404673780935, 35.613278911742277 ], [ 127.005364528257488, 35.614048738909375 ], [ 127.00490947907258, 35.614818508247076 ], [ 127.00483919059198, 35.615464306734907 ], [ 127.00489518276261, 35.616198927218306 ], [ 127.009901428126327, 35.619683490233463 ], [ 127.011585514579778, 35.619796392657015 ], [ 127.01313118457125, 35.619739722226491 ], [ 127.013961595405391, 35.61919336433418 ], [ 127.014376887354231, 35.619475872205712 ], [ 127.015900076526677, 35.622847497583145 ], [ 127.015715610402324, 35.623393784291693 ], [ 127.014977592937527, 35.624825467792839 ], [ 127.014516890614118, 35.629195638305823 ], [ 127.013386708860594, 35.631625687012985 ], [ 127.013194399045446, 35.631928568596635 ], [ 127.013063761247835, 35.632134311308683 ], [ 127.012648517373734, 35.632737137845965 ], [ 127.012164045678389, 35.633283431987415 ], [ 127.011264307620166, 35.6342253489508 ], [ 127.010849010566048, 35.634602132457566 ], [ 127.010318350504093, 35.634790541392206 ], [ 127.009810786597129, 35.635261484752718 ], [ 127.009418580559782, 35.635901959297584 ], [ 127.009326335480495, 35.636580076388725 ], [ 127.009257199652041, 35.637427749478526 ], [ 127.00951108888782, 35.637992824058827 ], [ 127.009788065622416, 35.638821624677803 ], [ 127.009926707318016, 35.640592271721275 ], [ 127.009972918022427, 35.641195035936832 ], [ 127.00960376972067, 35.641760164137175 ], [ 127.009003841414838, 35.642231121298359 ], [ 127.008657740747765, 35.642777420447253 ], [ 127.008173238388181, 35.643945303908332 ], [ 127.009258156007533, 35.647260507663553 ], [ 127.010804487353965, 35.648409422615494 ], [ 127.017890143140875, 35.652157168546388 ], [ 127.018582578576101, 35.652496128855795 ], [ 127.019344175678256, 35.65243952933649 ], [ 127.020082805318964, 35.652853807764622 ], [ 127.023337949849676, 35.656564082006007 ], [ 127.023575478544075, 35.656941361147737 ], [ 127.023776683645096, 35.657260955575367 ], [ 127.023984759379474, 35.658522978239553 ], [ 127.025139532812503, 35.660990353839445 ], [ 127.027633394402685, 35.66428624278128 ], [ 127.027788048131072, 35.66445443262878 ], [ 127.028049019615736, 35.66473822918487 ], [ 127.028949394886297, 35.665190120549063 ], [ 127.030739390679216, 35.666018829668758 ], [ 127.031545900097498, 35.666161593485327 ], [ 127.033925782164616, 35.666778855810279 ], [ 127.034412689419369, 35.667175933200262 ], [ 127.03922583829187, 35.666556654819907 ], [ 127.041821538053654, 35.665982067050791 ], [ 127.04625719044644, 35.667525182668903 ], [ 127.046411988277342, 35.66759661727496 ], [ 127.046804217604944, 35.667777624127382 ], [ 127.047233778062022, 35.667975875900581 ], [ 127.047387877239686, 35.668315259089482 ], [ 127.047610038238645, 35.668804547588508 ], [ 127.048100045058135, 35.669823362487243 ], [ 127.050675367315549, 35.67029269957731 ], [ 127.053005240899779, 35.66996027628759 ], [ 127.054135307025177, 35.669799016884973 ], [ 127.056639657894991, 35.669441615822848 ], [ 127.060723059276071, 35.670436033798687 ], [ 127.06301541465939, 35.674295666376068 ], [ 127.063971378559046, 35.676879426818871 ], [ 127.0641246887525, 35.677719997842438 ], [ 127.068397251556618, 35.676129780092971 ], [ 127.07095203751949, 35.673979989001971 ], [ 127.074040685989189, 35.671611875344567 ], [ 127.074651261833878, 35.671673774348932 ], [ 127.076406998410505, 35.67223721702625 ], [ 127.076756911540315, 35.672079406164123 ], [ 127.077513081778832, 35.67173835638588 ], [ 127.079037820253973, 35.670149488753211 ], [ 127.08044810638637, 35.668622929314054 ], [ 127.08246785166854, 35.66616188694379 ], [ 127.08013898137564, 35.664668930405831 ], [ 127.078992329371957, 35.662552456080718 ], [ 127.080095582000652, 35.659313654245317 ], [ 127.080285924762492, 35.658908762882113 ], [ 127.080358636537966, 35.658887645654765 ], [ 127.081468267296799, 35.658565482998448 ], [ 127.083908883455877, 35.657567507492658 ], [ 127.085700727106172, 35.656414237676572 ], [ 127.086920557631302, 35.65551046343095 ], [ 127.089473848481063, 35.6530489243898 ], [ 127.089588120085281, 35.652893146350642 ], [ 127.089913538322108, 35.651470821654144 ], [ 127.088782950379837, 35.649157467711731 ], [ 127.087445099388802, 35.646605314695549 ], [ 127.088051584847122, 35.643055408466175 ], [ 127.088810461540831, 35.639380855017414 ], [ 127.089380873069643, 35.637823662970092 ], [ 127.092580434594325, 35.634053874860804 ], [ 127.092885150382159, 35.633711156727045 ], [ 127.093876184764369, 35.633212225032239 ], [ 127.093111667899734, 35.63168716443333 ], [ 127.091086704478698, 35.628419448917384 ], [ 127.090701007996529, 35.62799420469554 ], [ 127.089788501384021, 35.626988158507061 ], [ 127.090435118745503, 35.625462048168778 ], [ 127.090505642931916, 35.62529842415772 ], [ 127.090663337209975, 35.624932570088397 ], [ 127.093100363804439, 35.62178602502533 ], [ 127.093595709632211, 35.621443149952718 ] ] ] ] } },
{ "type": "Feature", "properties": { "OBJECTID": 2325, "adm_nm": "전북특별자치도 정읍시 수성동", "adm_cd": "3504051", "adm_cd2": "4518051000", "sgg": "45180", "sido": "45", "sidonm": "전북특별자치도", "sggnm": "정읍시" }, "geometry": { "type": "MultiPolygon", "coordinates": [ [ [ [ 126.866897507139058, 35.580112145952974 ], [ 126.866827542007627, 35.579952959143114 ], [ 126.865141007448699, 35.577863534688241 ], [ 126.864466158977251, 35.577545005952523 ], [ 126.862244555136087, 35.575142332514154 ], [ 126.862154246007449, 35.574994414894206 ], [ 126.861893055779646, 35.57343279201762 ], [ 126.862020530103194, 35.572616393035972 ], [ 126.862104745598089, 35.572451656378 ], [ 126.862188275782003, 35.572288265784792 ], [ 126.86237586801505, 35.571986180746549 ], [ 126.862455875285832, 35.571752214335667 ], [ 126.86173615262247, 35.569931093123444 ], [ 126.86170647513309, 35.569865372277775 ], [ 126.861263040198807, 35.569735999496977 ], [ 126.859925647575395, 35.569721182456725 ], [ 126.859022584991706, 35.569851527495508 ], [ 126.857323106495528, 35.569334549930126 ], [ 126.856435168799237, 35.568885954188829 ], [ 126.855917469638626, 35.567619599401148 ], [ 126.855972761733781, 35.567600695258648 ], [ 126.856139984039643, 35.567543584128323 ], [ 126.856234051504799, 35.567511443487732 ], [ 126.856480275174846, 35.567423743595469 ], [ 126.856837506597643, 35.567264814372365 ], [ 126.857080367379154, 35.567119393888809 ], [ 126.857583069256307, 35.566687414276188 ], [ 126.857594191916021, 35.566651974135489 ], [ 126.856654965103033, 35.565880708648059 ], [ 126.855532153019325, 35.56564793169931 ], [ 126.85535545491021, 35.565638122947469 ], [ 126.853174400691373, 35.56623145244577 ], [ 126.852757368335489, 35.566356144478313 ], [ 126.852128148162052, 35.566564713343993 ], [ 126.851792100393709, 35.56670636427755 ], [ 126.850372581788122, 35.567678808423175 ], [ 126.850917830061292, 35.567815527184621 ], [ 126.849075799296955, 35.569771243993358 ], [ 126.848703653286577, 35.575497347909184 ], [ 126.848673873981255, 35.576191118260716 ], [ 126.848681828905313, 35.576304828180625 ], [ 126.84882345151803, 35.576925508046351 ], [ 126.848955557953929, 35.577292972309614 ], [ 126.84900922721188, 35.577420953180614 ], [ 126.849621887405519, 35.578590975706831 ], [ 126.850324254269879, 35.579555730889389 ], [ 126.852708920866675, 35.582934122959394 ], [ 126.853226983515825, 35.584507474897777 ], [ 126.853209732404707, 35.585064922869883 ], [ 126.853205617559041, 35.585173490469145 ], [ 126.8531610032842, 35.585749917072761 ], [ 126.853137166651578, 35.585951050062356 ], [ 126.853105629790264, 35.586081942889443 ], [ 126.852972357225397, 35.586582495788754 ], [ 126.852868251988497, 35.586865868023644 ], [ 126.852766280010201, 35.587084595165535 ], [ 126.852646213375607, 35.58728682062744 ], [ 126.852590647061902, 35.58737886158373 ], [ 126.85241183682902, 35.587654804704542 ], [ 126.852387166081812, 35.587686576592148 ], [ 126.851318866777831, 35.589189052865564 ], [ 126.850717591589614, 35.59053946023834 ], [ 126.850087749435303, 35.592017513578604 ], [ 126.850289301274799, 35.592780105619688 ], [ 126.850366902612947, 35.593073368341543 ], [ 126.850543546551464, 35.593740787676751 ], [ 126.850724534787915, 35.594418887443858 ], [ 126.853858124371527, 35.595459499417977 ], [ 126.856811882682479, 35.596696246693185 ], [ 126.857764577326307, 35.597251023825329 ], [ 126.858328074137333, 35.59757916106345 ], [ 126.86030993392589, 35.598870710070436 ], [ 126.861253938722413, 35.59974679461525 ], [ 126.863493223425351, 35.600016738254439 ], [ 126.867249636973028, 35.600941440967297 ], [ 126.869313275829157, 35.603315056809805 ], [ 126.873237088739785, 35.604553872710859 ], [ 126.874378598096897, 35.603836780569445 ], [ 126.87486656304975, 35.603528932722888 ], [ 126.875442464175691, 35.602951595861136 ], [ 126.877925927214349, 35.601967447785484 ], [ 126.878438970558122, 35.60157698139674 ], [ 126.878497036917878, 35.601456503896536 ], [ 126.878505546224204, 35.601301046041833 ], [ 126.878491850981945, 35.601255965685873 ], [ 126.876998351115944, 35.60013174479176 ], [ 126.875247182222765, 35.598928289113381 ], [ 126.87517686027239, 35.598859560584508 ], [ 126.875117772684817, 35.597850336452801 ], [ 126.875267477035251, 35.597370011493126 ], [ 126.875953675195518, 35.595718131207065 ], [ 126.876142136072659, 35.595445233563623 ], [ 126.876399671076513, 35.595247216124378 ], [ 126.876723581193787, 35.59514589044494 ], [ 126.876800862630333, 35.595121177683986 ], [ 126.877169080656088, 35.594846216164264 ], [ 126.877376885514238, 35.594685926487521 ], [ 126.877390735119732, 35.594652125301572 ], [ 126.87739915287888, 35.594554975816962 ], [ 126.877380034641902, 35.594291250705467 ], [ 126.876740887649305, 35.593022739523413 ], [ 126.875709871624423, 35.591667562360747 ], [ 126.875607078939083, 35.591545544000482 ], [ 126.871954746584819, 35.588746662139364 ], [ 126.870786854850991, 35.588179493582665 ], [ 126.869815874467562, 35.587730865760854 ], [ 126.869631145974083, 35.587632846456579 ], [ 126.869565982484772, 35.58757943877972 ], [ 126.867857449871309, 35.585950359677895 ], [ 126.86770876023418, 35.583664525543597 ], [ 126.86752692797414, 35.5817454891531 ], [ 126.867465392388951, 35.581465201802764 ], [ 126.866978833189734, 35.580283357141454 ], [ 126.866897507139058, 35.580112145952974 ] ] ] ] } },
{ "type": "Feature", "properties": { "OBJECTID": 2326, "adm_nm": "전북특별자치도 정읍시 장명동", "adm_cd": "3504052", "adm_cd2": "4518052000", "sgg": "45180", "sido": "45", "sidonm": "전북특별자치도", "sggnm": "정읍시" }, "geometry": { "type": "MultiPolygon", "coordinates": [ [ [ [ 126.904185904683189, 35.558618026903353 ], [ 126.904007798960464, 35.558464211425033 ], [ 126.901253661669372, 35.55650675012312 ], [ 126.889253349832387, 35.559205304148414 ], [ 126.879730294877646, 35.563145167996929 ], [ 126.877376553380259, 35.564903527642016 ], [ 126.8770557636294, 35.565846453538711 ], [ 126.876862677003103, 35.566286950181755 ], [ 126.875623608210617, 35.566710641438611 ], [ 126.875565848410531, 35.566730385779465 ], [ 126.873122364827964, 35.567473007293117 ], [ 126.872774262982944, 35.567503773890259 ], [ 126.871701533270524, 35.567490943163044 ], [ 126.870900725769005, 35.567384976049915 ], [ 126.868391638069923, 35.567866462798236 ], [ 126.867054502856689, 35.565729096213957 ], [ 126.864853065966457, 35.563415116374614 ], [ 126.864778258040118, 35.56335941281823 ], [ 126.864686394130246, 35.563331510728638 ], [ 126.864519609510253, 35.563317443392634 ], [ 126.863244951790705, 35.563226626205214 ], [ 126.863044095672734, 35.56322362124714 ], [ 126.861244163150801, 35.563949252670731 ], [ 126.861117263694553, 35.56408314395626 ], [ 126.861025770823233, 35.564167580184048 ], [ 126.86063332847894, 35.564528075773623 ], [ 126.860571913619665, 35.564568994740746 ], [ 126.859628027762398, 35.564815617565962 ], [ 126.859044810257146, 35.564909231010361 ], [ 126.85850039701026, 35.565008058533671 ], [ 126.856932455208721, 35.565698416653831 ], [ 126.856728692791734, 35.565816554486403 ], [ 126.856654965103033, 35.565880708648059 ], [ 126.857594191916021, 35.566651974135489 ], [ 126.857583069256307, 35.566687414276188 ], [ 126.857080367379154, 35.567119393888809 ], [ 126.856837506597643, 35.567264814372365 ], [ 126.856480275174846, 35.567423743595469 ], [ 126.856234051504799, 35.567511443487732 ], [ 126.856139984039643, 35.567543584128323 ], [ 126.855972761733781, 35.567600695258648 ], [ 126.855917469638626, 35.567619599401148 ], [ 126.856435168799237, 35.568885954188829 ], [ 126.857323106495528, 35.569334549930126 ], [ 126.859022584991706, 35.569851527495508 ], [ 126.859925647575395, 35.569721182456725 ], [ 126.861263040198807, 35.569735999496977 ], [ 126.86170647513309, 35.569865372277775 ], [ 126.86173615262247, 35.569931093123444 ], [ 126.862455875285832, 35.571752214335667 ], [ 126.86237586801505, 35.571986180746549 ], [ 126.862188275782003, 35.572288265784792 ], [ 126.862104745598089, 35.572451656378 ], [ 126.862020530103194, 35.572616393035972 ], [ 126.861893055779646, 35.57343279201762 ], [ 126.862154246007449, 35.574994414894206 ], [ 126.862244555136087, 35.575142332514154 ], [ 126.864466158977251, 35.577545005952523 ], [ 126.865141007448699, 35.577863534688241 ], [ 126.866827542007627, 35.579952959143114 ], [ 126.866897507139058, 35.580112145952974 ], [ 126.866921538590404, 35.580091160282429 ], [ 126.867237294104854, 35.57985142230261 ], [ 126.867335269560201, 35.579789294274576 ], [ 126.867444121708218, 35.579727168245057 ], [ 126.867585573367791, 35.579682868165264 ], [ 126.873060269711374, 35.579177708521442 ], [ 126.877300905354431, 35.5799827865266 ], [ 126.878932823459337, 35.579416413987694 ], [ 126.879648823483961, 35.579178654367929 ], [ 126.880338323385146, 35.579090035245514 ], [ 126.880547530839706, 35.579130430200941 ], [ 126.881746866961706, 35.579739617516566 ], [ 126.881845121777772, 35.579890445644402 ], [ 126.881993635103171, 35.580529827364003 ], [ 126.88224431688657, 35.581809588720084 ], [ 126.88226259207822, 35.581935223154012 ], [ 126.882114565568386, 35.582136078373914 ], [ 126.881917374085006, 35.582424675058945 ], [ 126.881904762762886, 35.58263568883509 ], [ 126.881977782122334, 35.583203548266361 ], [ 126.881996031773966, 35.583344268820056 ], [ 126.882131247542418, 35.583480064669239 ], [ 126.88267060078212, 35.583553579984951 ], [ 126.887132188848383, 35.584157062435722 ], [ 126.887323167728908, 35.584126772599866 ], [ 126.887583457432243, 35.584085488409443 ], [ 126.889074895712213, 35.583781553101012 ], [ 126.892711182115434, 35.583087827006842 ], [ 126.892751776230796, 35.581884641491172 ], [ 126.895457676448842, 35.575910653355102 ], [ 126.897566849108301, 35.572146509461007 ], [ 126.898095244087187, 35.570930435637322 ], [ 126.898501840037284, 35.569448613506083 ], [ 126.899258947411326, 35.567005362664219 ], [ 126.900216307352963, 35.564814047770874 ], [ 126.900791741635885, 35.563782099845689 ], [ 126.901093055782439, 35.563451408908776 ], [ 126.901563782258535, 35.56317459653954 ], [ 126.901871810446693, 35.562990995970729 ], [ 126.902622971403289, 35.562490964515838 ], [ 126.902706052871793, 35.562423139721282 ], [ 126.904102584059686, 35.560181227520076 ], [ 126.904113160894568, 35.560008685184648 ], [ 126.904185904683189, 35.558618026903353 ] ] ] ] } },
{ "type": "Feature", "properties": { "OBJECTID": 2327, "adm_nm": "전북특별자치도 정읍시 내장상동", "adm_cd": "3504053", "adm_cd2": "4518053500", "sgg": "45180", "sido": "45", "sidonm": "전북특별자치도", "sggnm": "정읍시" }, "geometry": { "type": "MultiPolygon", "coordinates": [ [ [ [ 126.901253661669372, 35.55650675012312 ], [ 126.902718695490577, 35.555863021546344 ], [ 126.902767671459941, 35.555453688222748 ], [ 126.902884477073528, 35.55242984498517 ], [ 126.902643484942971, 35.551307214995965 ], [ 126.901468971331468, 35.547239096410372 ], [ 126.900699406000584, 35.5456105424024 ], [ 126.900622243702387, 35.545447248484528 ], [ 126.903264994084424, 35.545154175137561 ], [ 126.910762185308784, 35.544909146368092 ], [ 126.911359710310421, 35.545173702829729 ], [ 126.911892539459757, 35.545491019895636 ], [ 126.912425345574277, 35.545834754562733 ], [ 126.913022499117261, 35.546442631082485 ], [ 126.914637624486431, 35.547011623306901 ], [ 126.915502108139535, 35.54695335515185 ], [ 126.915801050141965, 35.546933200355049 ], [ 126.917966535363121, 35.546564991089539 ], [ 126.919227665411526, 35.545733934386043 ], [ 126.920068660243089, 35.544915784761145 ], [ 126.92170314891645, 35.542275881058309 ], [ 126.922019956288736, 35.540185285436408 ], [ 126.923840346917487, 35.537563066456087 ], [ 126.924454528646706, 35.537286152559908 ], [ 126.926167207728696, 35.537075946341908 ], [ 126.929349233129017, 35.537777774582899 ], [ 126.930802205498011, 35.538953882673319 ], [ 126.933095545763535, 35.539892753568864 ], [ 126.937052503307584, 35.541505955757678 ], [ 126.938635826849648, 35.541506790656662 ], [ 126.94023583288741, 35.540820948246179 ], [ 126.941739144731059, 35.539765300436081 ], [ 126.941845599283994, 35.539682848645072 ], [ 126.942369596977613, 35.539277030141555 ], [ 126.942983722092606, 35.539013213492751 ], [ 126.944615507080229, 35.538934759035499 ], [ 126.945584870118736, 35.538922025821563 ], [ 126.946586390674227, 35.539133761984672 ], [ 126.947652493807979, 35.539424752161466 ], [ 126.948255608271126, 35.539495448740958 ], [ 126.948444073608798, 35.539517533892848 ], [ 126.949817549134025, 35.539188006308422 ], [ 126.950421551502203, 35.538866916519602 ], [ 126.951110155677881, 35.538500838621552 ], [ 126.950238925821594, 35.537101787216869 ], [ 126.950321067042083, 35.534949396135701 ], [ 126.949869580041067, 35.533615510940201 ], [ 126.948415748010163, 35.533456411317999 ], [ 126.947575863981982, 35.533218345332862 ], [ 126.945832809593355, 35.530814236659083 ], [ 126.945009463450404, 35.530061159733812 ], [ 126.94441187168691, 35.529902411014156 ], [ 126.943442692678943, 35.529822734944631 ], [ 126.942699710295244, 35.529677105624017 ], [ 126.94223146235251, 35.529373157548207 ], [ 126.939438231783996, 35.527549457796852 ], [ 126.938695672151397, 35.526888829521525 ], [ 126.937517309426823, 35.525831806205879 ], [ 126.937000803640842, 35.525329724611638 ], [ 126.93291505262232, 35.524165440136564 ], [ 126.932043110907856, 35.523795187697118 ], [ 126.931333043392996, 35.523028880842922 ], [ 126.929575282764887, 35.519805809523646 ], [ 126.92910879549342, 35.517653089465576 ], [ 126.929062805770442, 35.514906422364405 ], [ 126.929274399239276, 35.513084234900106 ], [ 126.929859072687023, 35.509426764680903 ], [ 126.930926404463008, 35.507789950667217 ], [ 126.931976325861839, 35.507566082397467 ], [ 126.933236622945316, 35.506814104719112 ], [ 126.933640889090071, 35.506193698729774 ], [ 126.933690120900437, 35.505256155371399 ], [ 126.933368134411083, 35.504080720221978 ], [ 126.933320437444578, 35.503182748572534 ], [ 126.933905411386903, 35.498864997987802 ], [ 126.934083437702313, 35.498389707762698 ], [ 126.93547413051634, 35.495960741008055 ], [ 126.935055072153588, 35.495022940247175 ], [ 126.935023865394172, 35.493702404640565 ], [ 126.935394097355228, 35.492932526465779 ], [ 126.935703183837632, 35.492289816515409 ], [ 126.937061143274605, 35.490217343586735 ], [ 126.937917573352664, 35.489346257390551 ], [ 126.936432970712417, 35.488328667424831 ], [ 126.936094316521718, 35.487813486183377 ], [ 126.93533826529081, 35.484406148775584 ], [ 126.935291179061991, 35.482755468608701 ], [ 126.935582590631171, 35.481765239196918 ], [ 126.935635940683156, 35.481583959731744 ], [ 126.932887376236621, 35.480707326861506 ], [ 126.927561216115834, 35.479132774882764 ], [ 126.927367569705652, 35.479097993526302 ], [ 126.927044691703756, 35.479040007344125 ], [ 126.926511255241508, 35.479779171830018 ], [ 126.926332891778571, 35.480624193437905 ], [ 126.92608993816134, 35.481469173481472 ], [ 126.925249824003032, 35.482115689410122 ], [ 126.924167848719122, 35.482418723260373 ], [ 126.923344321669148, 35.482576662626485 ], [ 126.922633936362871, 35.482602605859618 ], [ 126.918454597147829, 35.480539799601765 ], [ 126.916470660896977, 35.478834963998196 ], [ 126.913422021240336, 35.476495457672684 ], [ 126.911533111334606, 35.47661291332701 ], [ 126.910047525097568, 35.4769551174764 ], [ 126.90680159290558, 35.477890191267072 ], [ 126.905994625697147, 35.477704685152112 ], [ 126.905042233807393, 35.477637909214508 ], [ 126.902426566726263, 35.477965918487385 ], [ 126.901699788453726, 35.478216222278235 ], [ 126.899890280192508, 35.479337143140896 ], [ 126.899195165719433, 35.480062837710939 ], [ 126.897951576621693, 35.480457933848058 ], [ 126.896627424627454, 35.480707687543514 ], [ 126.894092836562791, 35.480665842401514 ], [ 126.891172195783625, 35.479593591908248 ], [ 126.890236464373444, 35.479143755242752 ], [ 126.889736987398848, 35.478430217155022 ], [ 126.889204573795837, 35.478192030090632 ], [ 126.88868775208978, 35.4783500143933 ], [ 126.885504592846459, 35.480327771049822 ], [ 126.881706277753921, 35.483321643511438 ], [ 126.881350246495117, 35.483889104639644 ], [ 126.881030836598043, 35.485709605842111 ], [ 126.881507757574866, 35.486543498210601 ], [ 126.881199887200665, 35.48728268103914 ], [ 126.880035468804806, 35.488575609763117 ], [ 126.879549260104298, 35.48979001239524 ], [ 126.878850867109051, 35.492496347678376 ], [ 126.878881742255615, 35.4934339445809 ], [ 126.878928281702471, 35.494473079560954 ], [ 126.87895982897868, 35.495177101937415 ], [ 126.879537333376987, 35.497686672900095 ], [ 126.879561296401533, 35.497731144806849 ], [ 126.880584012218719, 35.49962888592836 ], [ 126.880805984274346, 35.502375756044195 ], [ 126.881074316936306, 35.506522430045422 ], [ 126.876452292096587, 35.508656969414268 ], [ 126.874252461306057, 35.510846707821145 ], [ 126.873395050254985, 35.511756956100108 ], [ 126.873086452104616, 35.5128526499511 ], [ 126.873326224718426, 35.51423782633929 ], [ 126.876182712002418, 35.515853474106862 ], [ 126.875874383553466, 35.516790701052045 ], [ 126.874802908326629, 35.520275741032812 ], [ 126.875330292606193, 35.523881268420176 ], [ 126.876442939088435, 35.52511051288301 ], [ 126.877198222505427, 35.52764665336101 ], [ 126.876324366735403, 35.528649348772724 ], [ 126.875449241377581, 35.530457524085222 ], [ 126.875416044526148, 35.531025311573515 ], [ 126.874652821076367, 35.53354666459358 ], [ 126.87242285112751, 35.533927259625941 ], [ 126.871601700877548, 35.533916505473847 ], [ 126.87132434671274, 35.533912866290436 ], [ 126.871175684338382, 35.534003398301088 ], [ 126.869917467824052, 35.534769670430855 ], [ 126.869530659719558, 35.535030334586743 ], [ 126.868704496639651, 35.535587073014966 ], [ 126.867794907454496, 35.53854397549128 ], [ 126.867469436264912, 35.539956561342599 ], [ 126.867206971966965, 35.54233318568096 ], [ 126.867087779072904, 35.545990822996458 ], [ 126.867058815123059, 35.54689714565275 ], [ 126.867057839245035, 35.546927828001031 ], [ 126.86700253846216, 35.548658151213047 ], [ 126.866208124823757, 35.551869255050953 ], [ 126.865972603678458, 35.552424341799473 ], [ 126.866417499270781, 35.55292461578491 ], [ 126.866947408255811, 35.553498321635331 ], [ 126.867077060436841, 35.553609786320024 ], [ 126.868187778258829, 35.55446742493276 ], [ 126.868484679618646, 35.554677948852863 ], [ 126.8686479267203, 35.554793700196711 ], [ 126.869004615934543, 35.55492026108324 ], [ 126.869088719995545, 35.554950093874396 ], [ 126.868976925566926, 35.555091687186938 ], [ 126.868843449129898, 35.555245335472392 ], [ 126.868337197383454, 35.555710844583167 ], [ 126.867840350384597, 35.556145435681415 ], [ 126.867415337099558, 35.556427983322294 ], [ 126.867038439270928, 35.556551336383663 ], [ 126.865625524287239, 35.556953967036499 ], [ 126.864516760523969, 35.557273953943465 ], [ 126.863681280256912, 35.557530399023641 ], [ 126.863260723736303, 35.557659485860128 ], [ 126.861543451345796, 35.558202566723253 ], [ 126.857886463791473, 35.559365143834739 ], [ 126.857785339851347, 35.561223769370166 ], [ 126.85795486775244, 35.561419321441264 ], [ 126.858929507620985, 35.562501321547593 ], [ 126.860008203165393, 35.563545820471873 ], [ 126.861244163150801, 35.563949252670731 ], [ 126.863044095672734, 35.56322362124714 ], [ 126.863244951790705, 35.563226626205214 ], [ 126.864519609510253, 35.563317443392634 ], [ 126.864686394130246, 35.563331510728638 ], [ 126.864778258040118, 35.56335941281823 ], [ 126.864853065966457, 35.563415116374614 ], [ 126.867054502856689, 35.565729096213957 ], [ 126.868391638069923, 35.567866462798236 ], [ 126.870900725769005, 35.567384976049915 ], [ 126.871701533270524, 35.567490943163044 ], [ 126.872774262982944, 35.567503773890259 ], [ 126.873122364827964, 35.567473007293117 ], [ 126.875565848410531, 35.566730385779465 ], [ 126.875623608210617, 35.566710641438611 ], [ 126.876862677003103, 35.566286950181755 ], [ 126.8770557636294, 35.565846453538711 ], [ 126.877376553380259, 35.564903527642016 ], [ 126.879730294877646, 35.563145167996929 ], [ 126.889253349832387, 35.559205304148414 ], [ 126.901253661669372, 35.55650675012312 ] ] ] ] } },
{ "type": "Feature", "properties": { "OBJECTID": 2328, "adm_nm": "전북특별자치도 정읍시 시기동", "adm_cd": "3504054", "adm_cd2": "4518054500", "sgg": "45180", "sido": "45", "sidonm": "전북특별자치도", "sggnm": "정읍시" }, "geometry": { "type": "MultiPolygon", "coordinates": [ [ [ [ 126.850372581788122, 35.567678808423175 ], [ 126.851792100393709, 35.56670636427755 ], [ 126.852128148162052, 35.566564713343993 ], [ 126.852757368335489, 35.566356144478313 ], [ 126.853174400691373, 35.56623145244577 ], [ 126.85535545491021, 35.565638122947469 ], [ 126.855532153019325, 35.56564793169931 ], [ 126.856654965103033, 35.565880708648059 ], [ 126.856728692791734, 35.565816554486403 ], [ 126.856932455208721, 35.565698416653831 ], [ 126.85850039701026, 35.565008058533671 ], [ 126.859044810257146, 35.564909231010361 ], [ 126.859628027762398, 35.564815617565962 ], [ 126.860571913619665, 35.564568994740746 ], [ 126.86063332847894, 35.564528075773623 ], [ 126.861025770823233, 35.564167580184048 ], [ 126.861117263694553, 35.56408314395626 ], [ 126.861244163150801, 35.563949252670731 ], [ 126.860008203165393, 35.563545820471873 ], [ 126.858929507620985, 35.562501321547593 ], [ 126.85795486775244, 35.561419321441264 ], [ 126.857785339851347, 35.561223769370166 ], [ 126.857886463791473, 35.559365143834739 ], [ 126.852784370508559, 35.562377487022282 ], [ 126.849288762335178, 35.564521834612123 ], [ 126.848613495605392, 35.564955987775569 ], [ 126.844365714526532, 35.56785637164149 ], [ 126.844308875958049, 35.568406460561725 ], [ 126.844462067870197, 35.568476424227441 ], [ 126.844540404647631, 35.568413797593259 ], [ 126.850372581788122, 35.567678808423175 ] ] ] ] } },
{ "type": "Feature", "properties": { "OBJECTID": 2329, "adm_nm": "전북특별자치도 정읍시 연지동", "adm_cd": "3504057", "adm_cd2": "4518057000", "sgg": "45180", "sido": "45", "sidonm": "전북특별자치도", "sggnm": "정읍시" }, "geometry": { "type": "MultiPolygon", "coordinates": [ [ [ [ 126.849621887405519, 35.578590975706831 ], [ 126.84900922721188, 35.577420953180614 ], [ 126.848955557953929, 35.577292972309614 ], [ 126.84882345151803, 35.576925508046351 ], [ 126.848681828905313, 35.576304828180625 ], [ 126.848673873981255, 35.576191118260716 ], [ 126.848703653286577, 35.575497347909184 ], [ 126.849075799296955, 35.569771243993358 ], [ 126.850917830061292, 35.567815527184621 ], [ 126.850372581788122, 35.567678808423175 ], [ 126.844540404647631, 35.568413797593259 ], [ 126.844462067870197, 35.568476424227441 ], [ 126.844308875958049, 35.568406460561725 ], [ 126.844365714526532, 35.56785637164149 ], [ 126.848613495605392, 35.564955987775569 ], [ 126.849288762335178, 35.564521834612123 ], [ 126.845465631010683, 35.561955438671617 ], [ 126.84443408470338, 35.563145345735371 ], [ 126.842495706998193, 35.565722938976144 ], [ 126.840861553971095, 35.56780544517634 ], [ 126.837140982462316, 35.571280181770284 ], [ 126.837065491826067, 35.571338820403291 ], [ 126.835459356298287, 35.572496689723671 ], [ 126.834569429990637, 35.573112626429371 ], [ 126.834364872505418, 35.573249677705903 ], [ 126.834111261080793, 35.573419584771528 ], [ 126.833632903422924, 35.573737508170133 ], [ 126.832930017662676, 35.575148082121018 ], [ 126.835031118408509, 35.575171999354218 ], [ 126.83817672379665, 35.577591216306892 ], [ 126.840759724884279, 35.579793166193888 ], [ 126.842569830523331, 35.579215823615705 ], [ 126.842739690662043, 35.579154045507252 ], [ 126.846797251802741, 35.581444063536715 ], [ 126.847456617042965, 35.580084710332677 ], [ 126.849621887405519, 35.578590975706831 ] ] ] ] } },
{ "type": "Feature", "properties": { "OBJECTID": 2330, "adm_nm": "전북특별자치도 정읍시 농소동", "adm_cd": "3504058", "adm_cd2": "4518058000", "sgg": "45180", "sido": "45", "sidonm": "전북특별자치도", "sggnm": "정읍시" }, "geometry": { "type": "MultiPolygon", "coordinates": [ [ [ [ 126.853293810760505, 35.618058541479456 ], [ 126.856187222124433, 35.617695620256342 ], [ 126.85813251692997, 35.615855965332983 ], [ 126.860982088561443, 35.615907887268705 ], [ 126.861061914998331, 35.615955870907371 ], [ 126.861211058175073, 35.615969115096817 ], [ 126.861312321183675, 35.615943112336318 ], [ 126.861456255128701, 35.615891026866521 ], [ 126.861821045226392, 35.61573517817618 ], [ 126.862093023613667, 35.615574390158095 ], [ 126.862263748405169, 35.615430897236756 ], [ 126.862343794408332, 35.615352624469743 ], [ 126.862434554522721, 35.615239513299372 ], [ 126.862429379058639, 35.615152439448856 ], [ 126.862370012743568, 35.614940041100638 ], [ 126.862291686870904, 35.614682036892525 ], [ 126.86212924815419, 35.614184578540709 ], [ 126.862519682653954, 35.611788451408351 ], [ 126.86253045572964, 35.611710089633121 ], [ 126.862530735668329, 35.611548997851912 ], [ 126.862530929388384, 35.611435791429088 ], [ 126.862515469338135, 35.611197552744883 ], [ 126.862504927312415, 35.61113658342903 ], [ 126.862166505444804, 35.61016267956515 ], [ 126.862097386250682, 35.610084224869247 ], [ 126.861959232022457, 35.609980729555069 ], [ 126.861788665888611, 35.609931475175941 ], [ 126.86026451573305, 35.609069844698041 ], [ 126.859000572546137, 35.60822620292447 ], [ 126.858942055870529, 35.608178231196135 ], [ 126.858566707315134, 35.607500895558154 ], [ 126.858561522362095, 35.60742249783835 ], [ 126.858801421529989, 35.603714039281975 ], [ 126.858140170983305, 35.601692879948082 ], [ 126.85847362735916, 35.601254338996888 ], [ 126.860375102067394, 35.599891048336389 ], [ 126.860440427872774, 35.599855561320659 ], [ 126.860483965759784, 35.599837837192077 ], [ 126.861055880312065, 35.5997099343641 ], [ 126.861253938722413, 35.59974679461525 ], [ 126.86030993392589, 35.598870710070436 ], [ 126.858328074137333, 35.59757916106345 ], [ 126.857764577326307, 35.597251023825329 ], [ 126.856811882682479, 35.596696246693185 ], [ 126.853858124371527, 35.595459499417977 ], [ 126.850724534787915, 35.594418887443858 ], [ 126.850543546551464, 35.593740787676751 ], [ 126.850366902612947, 35.593073368341543 ], [ 126.850289301274799, 35.592780105619688 ], [ 126.850087749435303, 35.592017513578604 ], [ 126.850717591589614, 35.59053946023834 ], [ 126.851318866777831, 35.589189052865564 ], [ 126.852387166081812, 35.587686576592148 ], [ 126.85241183682902, 35.587654804704542 ], [ 126.852590647061902, 35.58737886158373 ], [ 126.852646213375607, 35.58728682062744 ], [ 126.852766280010201, 35.587084595165535 ], [ 126.852868251988497, 35.586865868023644 ], [ 126.852972357225397, 35.586582495788754 ], [ 126.853105629790264, 35.586081942889443 ], [ 126.853137166651578, 35.585951050062356 ], [ 126.8531610032842, 35.585749917072761 ], [ 126.853205617559041, 35.585173490469145 ], [ 126.853209732404707, 35.585064922869883 ], [ 126.853226983515825, 35.584507474897777 ], [ 126.852708920866675, 35.582934122959394 ], [ 126.850324254269879, 35.579555730889389 ], [ 126.849621887405519, 35.578590975706831 ], [ 126.847456617042965, 35.580084710332677 ], [ 126.846797251802741, 35.581444063536715 ], [ 126.842739690662043, 35.579154045507252 ], [ 126.842569830523331, 35.579215823615705 ], [ 126.840759724884279, 35.579793166193888 ], [ 126.83817672379665, 35.577591216306892 ], [ 126.835031118408509, 35.575171999354218 ], [ 126.832930017662676, 35.575148082121018 ], [ 126.829759532277819, 35.576357568776302 ], [ 126.827509208444184, 35.576284529123527 ], [ 126.82844438199254, 35.574640867739973 ], [ 126.828416766401261, 35.57351142463375 ], [ 126.825861338285193, 35.573974228203518 ], [ 126.822685651105047, 35.573269344065238 ], [ 126.821574477847619, 35.571433003767197 ], [ 126.819088517764996, 35.57109680425112 ], [ 126.817690611785309, 35.571092947573987 ], [ 126.817632913428255, 35.572323717401886 ], [ 126.817559932590356, 35.575807527565594 ], [ 126.817972647328318, 35.576085424529431 ], [ 126.818195121172479, 35.576287068375862 ], [ 126.818352611695417, 35.576477227164908 ], [ 126.818454218623785, 35.576722388838711 ], [ 126.819398615258194, 35.580171037914923 ], [ 126.819403699576597, 35.580216871574891 ], [ 126.818964150395146, 35.582602234478919 ], [ 126.818931252221418, 35.58271035766154 ], [ 126.818836366431626, 35.582932903432486 ], [ 126.818674218894984, 35.583305911773948 ], [ 126.818563847346169, 35.583551253290608 ], [ 126.818529775951944, 35.583614836092927 ], [ 126.816994244423583, 35.585303541903698 ], [ 126.81696398975923, 35.585327518966572 ], [ 126.816796515348713, 35.585460239984876 ], [ 126.816514477166081, 35.58568140899775 ], [ 126.816341039552185, 35.58579922847894 ], [ 126.814563813581714, 35.586790344023569 ], [ 126.814468693656281, 35.586789479346422 ], [ 126.81417586519035, 35.586749927605865 ], [ 126.813988556567466, 35.586717334135209 ], [ 126.813928459541003, 35.58668492088443 ], [ 126.813044293547335, 35.586073425729907 ], [ 126.812496201467013, 35.585547970486807 ], [ 126.81229436707045, 35.585294176233688 ], [ 126.812022379046979, 35.58494309145739 ], [ 126.81187846197956, 35.584737758191658 ], [ 126.81178585262532, 35.584646299475835 ], [ 126.811635422542238, 35.584605628709703 ], [ 126.806192257473612, 35.583271095734482 ], [ 126.806108042539492, 35.583259715576553 ], [ 126.8057786993283, 35.583264722926565 ], [ 126.803733465832366, 35.583404583381601 ], [ 126.803424773752241, 35.583440580089302 ], [ 126.803161809089815, 35.583478245131431 ], [ 126.802820236626559, 35.583557227695877 ], [ 126.80269634935398, 35.583600569439483 ], [ 126.802583229101117, 35.583689969375293 ], [ 126.802448815964297, 35.583817592519033 ], [ 126.802396931779711, 35.583933978253114 ], [ 126.801839228865205, 35.585236217441867 ], [ 126.801482900334989, 35.586384475729432 ], [ 126.802052841764308, 35.587968412528092 ], [ 126.803391825402869, 35.589424910855875 ], [ 126.80425135637941, 35.590317557448358 ], [ 126.804352557538806, 35.590469928161795 ], [ 126.804476632359467, 35.59098196197629 ], [ 126.804771525200636, 35.593383093034333 ], [ 126.804308193015743, 35.594814151364986 ], [ 126.804200799406047, 35.595142257078749 ], [ 126.804135394819525, 35.595296176000758 ], [ 126.803455280913312, 35.596815152771704 ], [ 126.801936895381758, 35.59952039433 ], [ 126.801836747584545, 35.59969162570664 ], [ 126.801713197037174, 35.599862157865545 ], [ 126.801575449871493, 35.599937804533617 ], [ 126.801444649945978, 35.599988141909407 ], [ 126.801002637789011, 35.600093869430793 ], [ 126.800243296587283, 35.600255347562204 ], [ 126.799541487357104, 35.60038483629409 ], [ 126.799288527368645, 35.60043461085052 ], [ 126.79917312578047, 35.600457323604424 ], [ 126.798818270317767, 35.600557561276759 ], [ 126.798764892826881, 35.600586979306229 ], [ 126.798805051306118, 35.601049602568175 ], [ 126.798672634782932, 35.604942020907245 ], [ 126.798547946075288, 35.606633258424338 ], [ 126.79969697943163, 35.606688088959856 ], [ 126.80020564759279, 35.606732554374858 ], [ 126.800287814565237, 35.606770484414724 ], [ 126.80212294128269, 35.607737695840271 ], [ 126.802410423828803, 35.607910348645447 ], [ 126.802518159505951, 35.608002911693845 ], [ 126.802672023854115, 35.608158558284657 ], [ 126.802851332004337, 35.608410826472138 ], [ 126.802968489959113, 35.608687315159948 ], [ 126.803111562888034, 35.609044497255233 ], [ 126.803234385261419, 35.609275685297348 ], [ 126.803371208868015, 35.609404917426716 ], [ 126.803494386966179, 35.609493313175179 ], [ 126.803658769232484, 35.609552384235265 ], [ 126.809687716783017, 35.61030677216668 ], [ 126.809929361933584, 35.610315564141025 ], [ 126.813246249481807, 35.610179140000781 ], [ 126.813585665283213, 35.610146058263254 ], [ 126.81381976860537, 35.610105038399553 ], [ 126.814051344876489, 35.610021411497378 ], [ 126.814169768377226, 35.609946023026723 ], [ 126.814242048967643, 35.609815928584624 ], [ 126.814443121225125, 35.609576859945932 ], [ 126.814663575223463, 35.609380310366639 ], [ 126.814895243156244, 35.609250490818212 ], [ 126.816657388864684, 35.608607473692835 ], [ 126.817729866720128, 35.608559126754372 ], [ 126.818048615338625, 35.608563787534855 ], [ 126.820460990536645, 35.608860788758577 ], [ 126.820589470539716, 35.608881978521481 ], [ 126.820931210398513, 35.609012010711005 ], [ 126.821306126009219, 35.609193149407652 ], [ 126.821675644879306, 35.609418295902842 ], [ 126.821726349914456, 35.60951658429277 ], [ 126.822605137817149, 35.611422188131712 ], [ 126.82281473452305, 35.611964259133217 ], [ 126.822890875853034, 35.612293698066914 ], [ 126.822959454891446, 35.612798531330611 ], [ 126.823385623096286, 35.61424023122558 ], [ 126.823840623621251, 35.615720829774524 ], [ 126.823909124459107, 35.615870833664545 ], [ 126.824049256871632, 35.61604202021654 ], [ 126.825756620492868, 35.617361351303202 ], [ 126.82689227589772, 35.618150855867711 ], [ 126.829623998524738, 35.619303439923115 ], [ 126.829781645977803, 35.619338799906267 ], [ 126.83005351169777, 35.619325204225447 ], [ 126.831224747465512, 35.619066943610065 ], [ 126.831460210805332, 35.618981352951572 ], [ 126.832778012956254, 35.618451340567958 ], [ 126.832974393876199, 35.618330861828746 ], [ 126.832957213368331, 35.618144296596803 ], [ 126.837043692296334, 35.616180188916772 ], [ 126.839728621255063, 35.615618536867544 ], [ 126.840740096899538, 35.615562301143896 ], [ 126.840880446480043, 35.615535983963511 ], [ 126.841573816999656, 35.615255897765095 ], [ 126.845413044590686, 35.61271100485115 ], [ 126.846514723215904, 35.611788836051232 ], [ 126.84772397716489, 35.611701737512718 ], [ 126.850857599116964, 35.612472871964655 ], [ 126.852761513636224, 35.614585852424852 ], [ 126.852888972649339, 35.614799356855023 ], [ 126.852973921816854, 35.614956220359893 ], [ 126.853011020733803, 35.615065105201118 ], [ 126.853142123590274, 35.615911650501069 ], [ 126.853194436049293, 35.616288175777122 ], [ 126.853293810760505, 35.618058541479456 ] ] ] ] } },
{ "type": "Feature", "properties": { "OBJECTID": 2331, "adm_nm": "전북특별자치도 정읍시 상교동", "adm_cd": "3504059", "adm_cd2": "4518059500", "sgg": "45180", "sido": "45", "sidonm": "전북특별자치도", "sggnm": "정읍시" }, "geometry": { "type": "MultiPolygon", "coordinates": [ [ [ [ 126.832930017662676, 35.575148082121018 ], [ 126.833632903422924, 35.573737508170133 ], [ 126.834111261080793, 35.573419584771528 ], [ 126.834364872505418, 35.573249677705903 ], [ 126.834569429990637, 35.573112626429371 ], [ 126.835459356298287, 35.572496689723671 ], [ 126.837065491826067, 35.571338820403291 ], [ 126.837140982462316, 35.571280181770284 ], [ 126.840861553971095, 35.56780544517634 ], [ 126.842495706998193, 35.565722938976144 ], [ 126.84443408470338, 35.563145345735371 ], [ 126.845465631010683, 35.561955438671617 ], [ 126.844428576560389, 35.561726611780756 ], [ 126.839991436163444, 35.55955494187986 ], [ 126.839339335020242, 35.558952276711018 ], [ 126.839062814556442, 35.558682678001674 ], [ 126.838879925361255, 35.558476129044031 ], [ 126.838323545554672, 35.557788235322633 ], [ 126.838370423888037, 35.557510329044668 ], [ 126.839373314463941, 35.555443039343253 ], [ 126.840117907738318, 35.555055045110535 ], [ 126.842196220726862, 35.554069807887366 ], [ 126.842276573497301, 35.554034943346785 ], [ 126.842372943087653, 35.553995783230071 ], [ 126.845127293045024, 35.553456797420665 ], [ 126.852335642946912, 35.55037514750277 ], [ 126.856166978480147, 35.548592124722987 ], [ 126.856650090195046, 35.54836728441974 ], [ 126.861399920601386, 35.547078490651813 ], [ 126.865039055794284, 35.546615957969365 ], [ 126.865888425451672, 35.548697257036117 ], [ 126.865714776908433, 35.549038957678349 ], [ 126.865873485672111, 35.551027829027305 ], [ 126.865897537928973, 35.551253081551145 ], [ 126.865925217279198, 35.5513766946045 ], [ 126.865955372719313, 35.55149832082391 ], [ 126.865987501951736, 35.55161309410019 ], [ 126.866007867141249, 35.551675823946717 ], [ 126.866055168081218, 35.551736360152965 ], [ 126.866152443728907, 35.55186006493804 ], [ 126.866208124823757, 35.551869255050953 ], [ 126.86700253846216, 35.548658151213047 ], [ 126.867057839245035, 35.546927828001031 ], [ 126.867058815123059, 35.54689714565275 ], [ 126.867087779072904, 35.545990822996458 ], [ 126.867206971966965, 35.54233318568096 ], [ 126.867469436264912, 35.539956561342599 ], [ 126.867794907454496, 35.53854397549128 ], [ 126.868704496639651, 35.535587073014966 ], [ 126.869530659719558, 35.535030334586743 ], [ 126.869917467824052, 35.534769670430855 ], [ 126.871175684338382, 35.534003398301088 ], [ 126.87132434671274, 35.533912866290436 ], [ 126.871601700877548, 35.533916505473847 ], [ 126.87242285112751, 35.533927259625941 ], [ 126.874652821076367, 35.53354666459358 ], [ 126.875416044526148, 35.531025311573515 ], [ 126.875449241377581, 35.530457524085222 ], [ 126.876324366735403, 35.528649348772724 ], [ 126.877198222505427, 35.52764665336101 ], [ 126.876442939088435, 35.52511051288301 ], [ 126.875330292606193, 35.523881268420176 ], [ 126.874802908326629, 35.520275741032812 ], [ 126.875874383553466, 35.516790701052045 ], [ 126.876182712002418, 35.515853474106862 ], [ 126.873326224718426, 35.51423782633929 ], [ 126.873086452104616, 35.5128526499511 ], [ 126.873395050254985, 35.511756956100108 ], [ 126.874252461306057, 35.510846707821145 ], [ 126.876452292096587, 35.508656969414268 ], [ 126.881074316936306, 35.506522430045422 ], [ 126.880805984274346, 35.502375756044195 ], [ 126.880584012218719, 35.49962888592836 ], [ 126.879561296401533, 35.497731144806849 ], [ 126.879537333376987, 35.497686672900095 ], [ 126.87895982897868, 35.495177101937415 ], [ 126.878928281702471, 35.494473079560954 ], [ 126.878881742255615, 35.4934339445809 ], [ 126.878850867109051, 35.492496347678376 ], [ 126.879549260104298, 35.48979001239524 ], [ 126.880035468804806, 35.488575609763117 ], [ 126.881199887200665, 35.48728268103914 ], [ 126.881507757574866, 35.486543498210601 ], [ 126.881030836598043, 35.485709605842111 ], [ 126.876311604975768, 35.482920202692092 ], [ 126.873412424122208, 35.479646903674762 ], [ 126.87141250164332, 35.48020009508361 ], [ 126.867338833306121, 35.480288185479161 ], [ 126.861907413186884, 35.480312892010851 ], [ 126.860863478714222, 35.479788439611653 ], [ 126.860060862605877, 35.47938519522905 ], [ 126.860089657614196, 35.478224863989922 ], [ 126.860101444712782, 35.477750104515536 ], [ 126.860626092047426, 35.473690539643513 ], [ 126.861565335116367, 35.472742719386751 ], [ 126.861672173863084, 35.472593490726453 ], [ 126.861878625865572, 35.472305122293839 ], [ 126.863893144722383, 35.46913221645098 ], [ 126.864029244597887, 35.467854983359153 ], [ 126.864120649991591, 35.46661418562735 ], [ 126.864121332507025, 35.466212725878925 ], [ 126.8643468997262, 35.464826098936065 ], [ 126.864928732667153, 35.46395083453713 ], [ 126.867431445066302, 35.462420653668111 ], [ 126.868682461366348, 35.461655723802167 ], [ 126.868692171001371, 35.461388959784685 ], [ 126.867064112148228, 35.461382620377044 ], [ 126.861562973095459, 35.461654535673432 ], [ 126.858839758671792, 35.462346777369632 ], [ 126.858281948220665, 35.463426138930231 ], [ 126.857320237341142, 35.46424570670392 ], [ 126.853084120932806, 35.465471620636414 ], [ 126.850616702161275, 35.465979186877149 ], [ 126.848780509797677, 35.465836593632766 ], [ 126.84229418203725, 35.463890749032281 ], [ 126.842089146135947, 35.46364493317688 ], [ 126.841821317136436, 35.463323792018848 ], [ 126.841636932156817, 35.462890887193261 ], [ 126.841567271903443, 35.462727321107145 ], [ 126.839636092284167, 35.462128600621448 ], [ 126.839015496188594, 35.462515249998106 ], [ 126.838576769810629, 35.463110811857327 ], [ 126.838210898749452, 35.463736264642435 ], [ 126.838137199376433, 35.464123664194361 ], [ 126.838136296187784, 35.464570756606157 ], [ 126.83831573722756, 35.464783407551124 ], [ 126.83846365821681, 35.464958694913904 ], [ 126.838936934289535, 35.465317022358548 ], [ 126.839191805631685, 35.465496205414254 ], [ 126.840575549715936, 35.466392267595097 ], [ 126.840453886427753, 35.469149960989718 ], [ 126.841256879843058, 35.472163612088089 ], [ 126.84179244064299, 35.47407474938904 ], [ 126.842330914957543, 35.474516322374221 ], [ 126.842599729368146, 35.474957547829334 ], [ 126.84313705222975, 35.47598695575126 ], [ 126.84304342504123, 35.477897254466598 ], [ 126.842280069977164, 35.480092864165663 ], [ 126.840268615431725, 35.482900732927789 ], [ 126.840041010656208, 35.483016578774553 ], [ 126.839886142262429, 35.483095389993942 ], [ 126.839265340044264, 35.483055524250467 ], [ 126.838574937763042, 35.482701708932879 ], [ 126.836257124386051, 35.481513806904452 ], [ 126.834946652467963, 35.481006370572331 ], [ 126.833759747455034, 35.480579990926636 ], [ 126.831501234546607, 35.480041587932924 ], [ 126.831244731704629, 35.480072879610674 ], [ 126.831101160857372, 35.480137668292706 ], [ 126.831042335372388, 35.4802092444788 ], [ 126.830569212587449, 35.48093350040606 ], [ 126.827605383121465, 35.484732204024937 ], [ 126.826415757426346, 35.486106990165958 ], [ 126.826126750252413, 35.486301461332168 ], [ 126.826270479647519, 35.488693052535652 ], [ 126.826263186874769, 35.489054684643911 ], [ 126.826161772744271, 35.48971945715364 ], [ 126.826111711746094, 35.489749389188049 ], [ 126.825715829673115, 35.489883793896063 ], [ 126.825396204539501, 35.489949992724291 ], [ 126.825070040860098, 35.490004512018743 ], [ 126.824191210273881, 35.490341524182178 ], [ 126.824121576047446, 35.490379760857536 ], [ 126.823998978590012, 35.490779537554488 ], [ 126.823920114168615, 35.491064391359906 ], [ 126.82385022852884, 35.492202527810413 ], [ 126.82382284533125, 35.49279908542745 ], [ 126.823821128326159, 35.493579022802876 ], [ 126.823841230478692, 35.493696247144719 ], [ 126.82391193127539, 35.493794126997017 ], [ 126.825585363116616, 35.495898058800954 ], [ 126.825787741693858, 35.496079774929704 ], [ 126.827149215624715, 35.497906544054445 ], [ 126.826743296684626, 35.498404617506431 ], [ 126.827031839384119, 35.499640547200386 ], [ 126.831367687475478, 35.500795494399341 ], [ 126.834763138494637, 35.502251705030545 ], [ 126.829650801925382, 35.502588824336023 ], [ 126.828789387865527, 35.502939170979388 ], [ 126.827938979068662, 35.503298571170319 ], [ 126.829289144526584, 35.504881324439843 ], [ 126.830404993439203, 35.506461471006972 ], [ 126.831325145840992, 35.510065421990475 ], [ 126.831329383652943, 35.51018153354287 ], [ 126.831312883244223, 35.510209620379761 ], [ 126.830594828111771, 35.511192440968166 ], [ 126.830172106372927, 35.511760145872508 ], [ 126.830064347755922, 35.511823542818028 ], [ 126.829999995795816, 35.511860116904217 ], [ 126.829863840332536, 35.511922254134163 ], [ 126.829709778880229, 35.511969698551695 ], [ 126.826658174940135, 35.512727802199642 ], [ 126.825727057301947, 35.513657273878032 ], [ 126.825687413161575, 35.513714276204702 ], [ 126.825692380429516, 35.513748656721077 ], [ 126.82574098946003, 35.513822973482526 ], [ 126.825862651301136, 35.513940707060044 ], [ 126.825965860031857, 35.514037790676106 ], [ 126.82608087843434, 35.514119079309751 ], [ 126.828455221305362, 35.515752479255049 ], [ 126.828701384345436, 35.515847016589021 ], [ 126.828882967946512, 35.515865149251809 ], [ 126.829346176686585, 35.515909808020076 ], [ 126.829527722216909, 35.515945817356275 ], [ 126.829694886609857, 35.516022362092599 ], [ 126.82984438321958, 35.516103008315078 ], [ 126.829958551661775, 35.516191852454057 ], [ 126.830361310014339, 35.516647473080361 ], [ 126.830099392097893, 35.517384402572162 ], [ 126.829039083087807, 35.51913801666408 ], [ 126.828570790237151, 35.519280124217623 ], [ 126.828350556197861, 35.519431814618891 ], [ 126.827989687247367, 35.520374238508452 ], [ 126.828088626314184, 35.523512273104181 ], [ 126.828470591175858, 35.524919257906511 ], [ 126.828182100081335, 35.526902030273 ], [ 126.82797351969279, 35.528029111201128 ], [ 126.826957443166251, 35.5299419904864 ], [ 126.824704067096874, 35.532340868503837 ], [ 126.823082625630548, 35.534200250867229 ], [ 126.822980109204167, 35.534787098115132 ], [ 126.822904111396696, 35.535892845714493 ], [ 126.82288883927464, 35.536632625164678 ], [ 126.822881425335339, 35.536992408679829 ], [ 126.822909382268548, 35.538053532917843 ], [ 126.822979010555031, 35.538607542660628 ], [ 126.823008410706237, 35.539045776423983 ], [ 126.822924555754668, 35.539248646895224 ], [ 126.822761586628218, 35.53964287773767 ], [ 126.817280119713999, 35.540555894867786 ], [ 126.816980535687179, 35.539999232941554 ], [ 126.816726616318064, 35.53952741388273 ], [ 126.814529085537089, 35.539268167727506 ], [ 126.813446864154372, 35.539307158402465 ], [ 126.812980831835475, 35.539437691330583 ], [ 126.812723534200245, 35.539581687195408 ], [ 126.81067997677836, 35.541245526861033 ], [ 126.81013093870456, 35.542504803022979 ], [ 126.809744549410567, 35.54289798346457 ], [ 126.808151977991244, 35.543971814963598 ], [ 126.806930481489204, 35.544337406600221 ], [ 126.803186689097657, 35.544000890457035 ], [ 126.802957766015084, 35.544987751544575 ], [ 126.803558712620983, 35.546222781447504 ], [ 126.804123347799759, 35.546871574574837 ], [ 126.804925362778988, 35.550513322657025 ], [ 126.804205897410185, 35.551406821701988 ], [ 126.806085959403745, 35.554494988527516 ], [ 126.806751700145739, 35.554886186953411 ], [ 126.809139643841064, 35.556289273311499 ], [ 126.809245188473227, 35.556537976812869 ], [ 126.808804106733916, 35.557897810068994 ], [ 126.808570175304325, 35.558074636288175 ], [ 126.808384964999746, 35.558796713968064 ], [ 126.808333919229739, 35.559219153785705 ], [ 126.808598905556053, 35.560010106554408 ], [ 126.810728821005284, 35.565706898676908 ], [ 126.810799515842589, 35.565881176598388 ], [ 126.811056729988806, 35.566113818747802 ], [ 126.81144744281498, 35.566274105444897 ], [ 126.811900349837387, 35.566441713748283 ], [ 126.812317823310977, 35.56656576115266 ], [ 126.812744193772346, 35.566682533827539 ], [ 126.813099614195124, 35.566733898039239 ], [ 126.81333083985372, 35.566683451346449 ], [ 126.813633254071959, 35.566596836376199 ], [ 126.815035781300068, 35.567911909597072 ], [ 126.817132198645396, 35.570300359145335 ], [ 126.817690611785309, 35.571092947573987 ], [ 126.819088517764996, 35.57109680425112 ], [ 126.821574477847619, 35.571433003767197 ], [ 126.822685651105047, 35.573269344065238 ], [ 126.825861338285193, 35.573974228203518 ], [ 126.828416766401261, 35.57351142463375 ], [ 126.82844438199254, 35.574640867739973 ], [ 126.827509208444184, 35.576284529123527 ], [ 126.829759532277819, 35.576357568776302 ], [ 126.832930017662676, 35.575148082121018 ] ] ] ] } },
{ "type": "Feature", "properties": { "OBJECTID": 2332, "adm_nm": "전북특별자치도 정읍시 초산동", "adm_cd": "3504060", "adm_cd2": "4518056500", "sgg": "45180", "sido": "45", "sidonm": "전북특별자치도", "sggnm": "정읍시" }, "geometry": { "type": "MultiPolygon", "coordinates": [ [ [ [ 126.857886463791473, 35.559365143834739 ], [ 126.861543451345796, 35.558202566723253 ], [ 126.863260723736303, 35.557659485860128 ], [ 126.863681280256912, 35.557530399023641 ], [ 126.864516760523969, 35.557273953943465 ], [ 126.865625524287239, 35.556953967036499 ], [ 126.867038439270928, 35.556551336383663 ], [ 126.867415337099558, 35.556427983322294 ], [ 126.867840350384597, 35.556145435681415 ], [ 126.868337197383454, 35.555710844583167 ], [ 126.868843449129898, 35.555245335472392 ], [ 126.868976925566926, 35.555091687186938 ], [ 126.869088719995545, 35.554950093874396 ], [ 126.869004615934543, 35.55492026108324 ], [ 126.8686479267203, 35.554793700196711 ], [ 126.868484679618646, 35.554677948852863 ], [ 126.868187778258829, 35.55446742493276 ], [ 126.867077060436841, 35.553609786320024 ], [ 126.866947408255811, 35.553498321635331 ], [ 126.866417499270781, 35.55292461578491 ], [ 126.865972603678458, 35.552424341799473 ], [ 126.866208124823757, 35.551869255050953 ], [ 126.866152443728907, 35.55186006493804 ], [ 126.866055168081218, 35.551736360152965 ], [ 126.866007867141249, 35.551675823946717 ], [ 126.865987501951736, 35.55161309410019 ], [ 126.865955372719313, 35.55149832082391 ], [ 126.865925217279198, 35.5513766946045 ], [ 126.865897537928973, 35.551253081551145 ], [ 126.865873485672111, 35.551027829027305 ], [ 126.865714776908433, 35.549038957678349 ], [ 126.865888425451672, 35.548697257036117 ], [ 126.865039055794284, 35.546615957969365 ], [ 126.861399920601386, 35.547078490651813 ], [ 126.856650090195046, 35.54836728441974 ], [ 126.856166978480147, 35.548592124722987 ], [ 126.852335642946912, 35.55037514750277 ], [ 126.845127293045024, 35.553456797420665 ], [ 126.842372943087653, 35.553995783230071 ], [ 126.842276573497301, 35.554034943346785 ], [ 126.842196220726862, 35.554069807887366 ], [ 126.840117907738318, 35.555055045110535 ], [ 126.839373314463941, 35.555443039343253 ], [ 126.838370423888037, 35.557510329044668 ], [ 126.838323545554672, 35.557788235322633 ], [ 126.838879925361255, 35.558476129044031 ], [ 126.839062814556442, 35.558682678001674 ], [ 126.839339335020242, 35.558952276711018 ], [ 126.839991436163444, 35.55955494187986 ], [ 126.844428576560389, 35.561726611780756 ], [ 126.845465631010683, 35.561955438671617 ], [ 126.849288762335178, 35.564521834612123 ], [ 126.852784370508559, 35.562377487022282 ], [ 126.857886463791473, 35.559365143834739 ] ] ] ] } }
]
}
