{
"type": "FeatureCollection",
"name": "jinangun",
"crs": { "type": "name", "properties": { "name": "urn:ogc:def:crs:OGC:1.3:CRS84" } },
"features": [
{ "type": "Feature", "properties": { "OBJECTID": 2388, "adm_nm": "전북특별자치도 진안군 진안읍", "adm_cd": "3532011", "adm_cd2": "4572025000", "sgg": "45720", "sido": "45", "sidonm": "전북특별자치도", "sggnm": "진안군" }, "geometry": { "type": "MultiPolygon", "coordinates": [ [ [ [ 127.453487571308571, 35.83335139905369 ], [ 127.453478027559129, 35.832995974275015 ], [ 127.45351751083416, 35.832538047093408 ], [ 127.453546811957153, 35.832439025433935 ], [ 127.453581799737094, 35.832383458614842 ], [ 127.453702154387045, 35.832235032638962 ], [ 127.453903947832799, 35.831989848034638 ], [ 127.455474477819266, 35.830254169333813 ], [ 127.455570019204501, 35.830181986740335 ], [ 127.455683113685907, 35.830101424576746 ], [ 127.457071175665064, 35.829157353411041 ], [ 127.457116532546863, 35.829136627833222 ], [ 127.459425778229985, 35.827886658809483 ], [ 127.461708702770167, 35.826155024452454 ], [ 127.46548747906337, 35.822524885678391 ], [ 127.467756879392439, 35.821102334755295 ], [ 127.466979902333819, 35.818041911283437 ], [ 127.466049104948397, 35.814894391683573 ], [ 127.464875706800953, 35.812443301506761 ], [ 127.464272896123887, 35.81156483070081 ], [ 127.46382463319766, 35.81089043879637 ], [ 127.462946854810795, 35.809487687082488 ], [ 127.462536659597816, 35.808828646599309 ], [ 127.462480498839156, 35.80868330907483 ], [ 127.462479606305266, 35.808528838208801 ], [ 127.462692344409035, 35.808123625688374 ], [ 127.462745964502602, 35.808115772046868 ], [ 127.462871058422962, 35.808147463130844 ], [ 127.463098725202741, 35.808141457188597 ], [ 127.463387698380842, 35.808061745572296 ], [ 127.463567475040492, 35.807983819694023 ], [ 127.463772469486912, 35.807885172828648 ], [ 127.468183905852172, 35.8057098941173 ], [ 127.468271958401346, 35.80563231554418 ], [ 127.468381810604129, 35.805479938533701 ], [ 127.468808092351551, 35.804288371090017 ], [ 127.471788038640284, 35.802563119516435 ], [ 127.472120355471915, 35.802502787319796 ], [ 127.472871717505697, 35.802326351776394 ], [ 127.472980962763302, 35.80229600065956 ], [ 127.473280287734582, 35.802139901743466 ], [ 127.473534807540489, 35.80198207823603 ], [ 127.473639761105872, 35.801901458221963 ], [ 127.473835812631478, 35.801734597782264 ], [ 127.475106565088083, 35.800624572268504 ], [ 127.475798842911018, 35.799890133121906 ], [ 127.475841863839648, 35.799815337594694 ], [ 127.475854840694524, 35.799690181193085 ], [ 127.475861285263136, 35.799415824446655 ], [ 127.475855420777464, 35.799210530562945 ], [ 127.47592146136499, 35.798948914881002 ], [ 127.47612372156361, 35.798472167970203 ], [ 127.476286878678408, 35.798171043170164 ], [ 127.476815261771492, 35.797246890601912 ], [ 127.476909456331711, 35.79708970411297 ], [ 127.477670530950405, 35.796194462112709 ], [ 127.477847269255264, 35.796059381779735 ], [ 127.478505806324222, 35.79565174405225 ], [ 127.480606792927873, 35.794515938071122 ], [ 127.481913706826461, 35.79409821406194 ], [ 127.482080636768643, 35.794043463509553 ], [ 127.482203735025422, 35.793947712944906 ], [ 127.485336882318961, 35.79131081331289 ], [ 127.485629389008295, 35.790824302468209 ], [ 127.485812124211719, 35.789966839122727 ], [ 127.485890676433741, 35.789512920224659 ], [ 127.486263564514957, 35.788677134326221 ], [ 127.487157588919018, 35.787066417287235 ], [ 127.487234876016018, 35.786970936061721 ], [ 127.487335274638383, 35.786910769422228 ], [ 127.488022256176251, 35.786670968395796 ], [ 127.488158271386098, 35.786629331230081 ], [ 127.488266055276938, 35.786636373580997 ], [ 127.489908340440849, 35.786773367883214 ], [ 127.490370269691539, 35.786831238789958 ], [ 127.490526225162583, 35.786866126090231 ], [ 127.492189967167562, 35.78732401853533 ], [ 127.492309363540102, 35.787366526194809 ], [ 127.493015942644675, 35.787707025233985 ], [ 127.499198482257441, 35.791347757091962 ], [ 127.500055502411001, 35.792050422852334 ], [ 127.500319592716536, 35.792497729756541 ], [ 127.500941731392501, 35.795219151232828 ], [ 127.501113212021025, 35.796249732563375 ], [ 127.500904316420559, 35.798032970831194 ], [ 127.500566948188194, 35.799065682140458 ], [ 127.500225572938234, 35.799459438066151 ], [ 127.499199392691992, 35.800315656133499 ], [ 127.497513350641498, 35.80351969271301 ], [ 127.496820089772427, 35.805511872841031 ], [ 127.496830186257597, 35.80562294412821 ], [ 127.49704078143354, 35.806574615906193 ], [ 127.497869464945467, 35.809421027583035 ], [ 127.498312470138657, 35.810284875136148 ], [ 127.498718068163825, 35.811359336023941 ], [ 127.498560279567386, 35.812525801415575 ], [ 127.498401004453541, 35.813456893298984 ], [ 127.498389969430619, 35.813894114224908 ], [ 127.498776344235253, 35.816291416016327 ], [ 127.502158071991161, 35.816251343804481 ], [ 127.504947289447074, 35.816466465933409 ], [ 127.506674283124497, 35.817020289416689 ], [ 127.507622851679187, 35.81802621040282 ], [ 127.507265404288177, 35.819297903233831 ], [ 127.506993109979007, 35.82016845121359 ], [ 127.506982185525246, 35.820582407894271 ], [ 127.507149718518789, 35.821135250634526 ], [ 127.509278422025872, 35.821951924452087 ], [ 127.511419080875825, 35.822735628513627 ], [ 127.514516050287142, 35.825563597940032 ], [ 127.514479422527302, 35.826866313336595 ], [ 127.514476747279289, 35.826961436420412 ], [ 127.515051760302342, 35.829449529360389 ], [ 127.516263067455284, 35.829434167543894 ], [ 127.517445695756521, 35.829339420856982 ], [ 127.524288721068942, 35.827998310711529 ], [ 127.524837355587493, 35.827738107282954 ], [ 127.524934368509932, 35.82750167242736 ], [ 127.524149051416131, 35.82680794300699 ], [ 127.523804056228343, 35.826391160215771 ], [ 127.520095898490254, 35.820298429413498 ], [ 127.518658080894753, 35.817916855456808 ], [ 127.518567542559026, 35.817150383599817 ], [ 127.518767159170295, 35.816600523693822 ], [ 127.519848378768046, 35.815123123347639 ], [ 127.520220325897782, 35.814764224720555 ], [ 127.523371610312822, 35.812606838154593 ], [ 127.522649760771984, 35.812172149879252 ], [ 127.522238103335312, 35.811660554950727 ], [ 127.521406271151591, 35.809325444893588 ], [ 127.520845806554405, 35.807455005169963 ], [ 127.520593846537125, 35.806381807426966 ], [ 127.520220305366465, 35.804548577779038 ], [ 127.519805187064222, 35.803495097559498 ], [ 127.519777746190712, 35.803445906767834 ], [ 127.519344907486655, 35.802669994464601 ], [ 127.518745210583461, 35.801931014619399 ], [ 127.518289080240294, 35.801742854584589 ], [ 127.518127794624519, 35.801748413180285 ], [ 127.517773164746984, 35.801760647070317 ], [ 127.517659341614277, 35.801764569678653 ], [ 127.517206723245536, 35.801730359160096 ], [ 127.517064161808477, 35.801719576216584 ], [ 127.514277011679269, 35.800010749098078 ], [ 127.513807953667126, 35.799622961072892 ], [ 127.513788379800616, 35.799597465376586 ], [ 127.513408030198093, 35.799101779859654 ], [ 127.51160722712909, 35.794745760746068 ], [ 127.511187905893522, 35.793007748878786 ], [ 127.511133978941231, 35.791867147855875 ], [ 127.511243627627266, 35.790773370873168 ], [ 127.511590036526641, 35.79023002090004 ], [ 127.512428399956192, 35.789064469176793 ], [ 127.512894695261593, 35.788161456749911 ], [ 127.513756370807457, 35.784316958098223 ], [ 127.513771370368829, 35.784198039911956 ], [ 127.513845145361145, 35.783613073024263 ], [ 127.513841362888826, 35.783023664555074 ], [ 127.513311540943818, 35.782236842829889 ], [ 127.513086325002462, 35.781667373651274 ], [ 127.512030466224658, 35.778857790910351 ], [ 127.511626445278367, 35.777494538780587 ], [ 127.511433162334214, 35.776626197625347 ], [ 127.511601870819774, 35.775655775382724 ], [ 127.512680645696051, 35.774767021693314 ], [ 127.513238000578312, 35.771717705355975 ], [ 127.513146013133635, 35.770962257795581 ], [ 127.513143148299818, 35.770515427956006 ], [ 127.513211951616753, 35.7703345103724 ], [ 127.514117569288857, 35.769731701851065 ], [ 127.514589829908275, 35.769496643988795 ], [ 127.515523900147414, 35.769031703883435 ], [ 127.51644181816016, 35.768533408334946 ], [ 127.516836079988323, 35.768198964748542 ], [ 127.517055888645089, 35.767931826099769 ], [ 127.517006425604777, 35.767494720489452 ], [ 127.516814668960933, 35.766687440166002 ], [ 127.516694825766052, 35.766184080692547 ], [ 127.516768496372606, 35.766010196587018 ], [ 127.516844132646526, 35.765831703025427 ], [ 127.517556784798373, 35.764250472525745 ], [ 127.518594707217986, 35.762487211540268 ], [ 127.519254354242378, 35.761733317870068 ], [ 127.519519906244284, 35.76133288811311 ], [ 127.519596470764597, 35.760552988841567 ], [ 127.519345236334232, 35.759565334774273 ], [ 127.519178636102836, 35.759043164051313 ], [ 127.519268267483156, 35.758481881015022 ], [ 127.519615232167936, 35.758052544103585 ], [ 127.520371397300082, 35.757802112183796 ], [ 127.522868200482804, 35.7563177276757 ], [ 127.523122263814201, 35.756079213920316 ], [ 127.523285321984645, 35.755926128785184 ], [ 127.523293906512592, 35.755891217769708 ], [ 127.523300676901684, 35.755863674332744 ], [ 127.523364825174838, 35.75560253779107 ], [ 127.522902370336766, 35.754406677789881 ], [ 127.5225490559653, 35.753856794475233 ], [ 127.520097873051739, 35.75117064711857 ], [ 127.519070371154925, 35.750306168333914 ], [ 127.514840488564559, 35.748053856275611 ], [ 127.514760960575828, 35.748018039699879 ], [ 127.51468725306917, 35.747984856930501 ], [ 127.512253727848062, 35.746921096786743 ], [ 127.51210693011511, 35.746901089998296 ], [ 127.512057992392656, 35.746894422832774 ], [ 127.511680672697835, 35.746912532380392 ], [ 127.511553158401057, 35.746937872451333 ], [ 127.511190873358359, 35.747009868689148 ], [ 127.510471792303406, 35.747091765591392 ], [ 127.509647402941965, 35.747131841759433 ], [ 127.50904903791573, 35.747106885986696 ], [ 127.508478949060176, 35.746679658306412 ], [ 127.507037932578143, 35.745413771584808 ], [ 127.506488179035927, 35.744821984272399 ], [ 127.505541890273605, 35.743247576737893 ], [ 127.503783685076087, 35.741539121257922 ], [ 127.503670710714474, 35.741435226847415 ], [ 127.503239842374938, 35.741160342940091 ], [ 127.502602557382858, 35.740757160587641 ], [ 127.502223029101785, 35.740525139146968 ], [ 127.502083404488644, 35.74047074429636 ], [ 127.501905794376498, 35.740442200623917 ], [ 127.501543793534964, 35.740412605186862 ], [ 127.501489735945796, 35.740413279388541 ], [ 127.501327576444055, 35.74041531086403 ], [ 127.501170465440794, 35.740414605614426 ], [ 127.501118641802478, 35.740414370781075 ], [ 127.500927333988685, 35.74036928712777 ], [ 127.500713229304125, 35.740247421101436 ], [ 127.497017105996591, 35.738051465590281 ], [ 127.495126332027894, 35.736878247409756 ], [ 127.495053689886134, 35.736832252996827 ], [ 127.494868769447621, 35.736700659883574 ], [ 127.494796574022374, 35.736643284908382 ], [ 127.494138741550813, 35.736050883779903 ], [ 127.489003355381371, 35.730971221096645 ], [ 127.488979450369328, 35.730946798128933 ], [ 127.488934496918716, 35.730808091901565 ], [ 127.488821135976451, 35.730361898359661 ], [ 127.488762677661924, 35.730108869793 ], [ 127.488604410999585, 35.729584262000117 ], [ 127.488585834034069, 35.729529622956292 ], [ 127.488185936000505, 35.728475780219192 ], [ 127.487572390989428, 35.727093843222157 ], [ 127.487533774365701, 35.727042487481718 ], [ 127.487483337471915, 35.726990924926653 ], [ 127.48736489143171, 35.726888199135757 ], [ 127.487042746187043, 35.726639939214465 ], [ 127.486743269244954, 35.726412148948967 ], [ 127.486654536340794, 35.726360238293061 ], [ 127.485134940840069, 35.725580902730734 ], [ 127.483548077977275, 35.722527676810053 ], [ 127.483504218592671, 35.722438795629543 ], [ 127.483449981147515, 35.722351325868814 ], [ 127.483371448887866, 35.722268990250726 ], [ 127.48330181644539, 35.722212692363705 ], [ 127.48157482018712, 35.721199525935617 ], [ 127.481468777950482, 35.721154707343501 ], [ 127.481375095847824, 35.721143722671762 ], [ 127.4785233778248, 35.721294307683834 ], [ 127.476397064553638, 35.723768292890192 ], [ 127.475647285004769, 35.724851868318169 ], [ 127.475661390125723, 35.72588924722141 ], [ 127.47579206194068, 35.726080709752964 ], [ 127.475792330187076, 35.726126037732818 ], [ 127.475745979806845, 35.72632468666616 ], [ 127.475688700216111, 35.726486674670269 ], [ 127.475654665385122, 35.726546113521174 ], [ 127.475625770641187, 35.726574260339326 ], [ 127.474478802639851, 35.727460386997969 ], [ 127.474450561098166, 35.727476735769123 ], [ 127.47392833626796, 35.727703625785637 ], [ 127.472872448378283, 35.728115770618146 ], [ 127.468023830026766, 35.72979813554263 ], [ 127.467974183346982, 35.729813364479284 ], [ 127.467894150532985, 35.729832424453647 ], [ 127.467633144462795, 35.729882472813529 ], [ 127.467363122293335, 35.729919826747512 ], [ 127.466592006672258, 35.729970622422776 ], [ 127.465686414997023, 35.729987765537963 ], [ 127.46550922679134, 35.729988092665067 ], [ 127.465062688417831, 35.729939655142218 ], [ 127.464546143637534, 35.729801539476746 ], [ 127.464274233199021, 35.729721481324198 ], [ 127.464156357108052, 35.7296776736925 ], [ 127.464020330896773, 35.72962659604601 ], [ 127.463784528548757, 35.729531624614467 ], [ 127.463610086649311, 35.729435446871129 ], [ 127.463605921876052, 35.728714457605179 ], [ 127.463474181703575, 35.726957518203307 ], [ 127.456740838553472, 35.726731810252495 ], [ 127.454541846772528, 35.72665800684328 ], [ 127.453087116858754, 35.726232133530459 ], [ 127.452149866581266, 35.725940744497812 ], [ 127.450389484166706, 35.72599482942428 ], [ 127.444532861595334, 35.727065712640609 ], [ 127.444501620884225, 35.727074024838664 ], [ 127.44302596658936, 35.727895172149132 ], [ 127.442395980893764, 35.728362544067515 ], [ 127.442347873804934, 35.728417761507707 ], [ 127.44226017220474, 35.72850893156992 ], [ 127.442228277970344, 35.728539132758804 ], [ 127.442154070474658, 35.728609364236448 ], [ 127.442086269896876, 35.728660904249452 ], [ 127.442037032134238, 35.728688912376612 ], [ 127.441929391141187, 35.728733841248982 ], [ 127.441863174515959, 35.728753916639022 ], [ 127.441061831308204, 35.728956284696679 ], [ 127.441004399375288, 35.728970661074072 ], [ 127.440853115818726, 35.729008515888722 ], [ 127.440762907662346, 35.729027515849431 ], [ 127.44064781589212, 35.729042700374848 ], [ 127.436216701378072, 35.729562239083691 ], [ 127.433833212315335, 35.728459018870268 ], [ 127.430421987619098, 35.729316635140734 ], [ 127.428405951062473, 35.730155927679853 ], [ 127.428334298695731, 35.730180460885649 ], [ 127.428265960394413, 35.730185177190464 ], [ 127.428190872145194, 35.730180305050816 ], [ 127.427857935347689, 35.73013606194607 ], [ 127.427261472433713, 35.7300466997917 ], [ 127.427173607752607, 35.730027722233366 ], [ 127.426992740559385, 35.729979410334629 ], [ 127.426941344063962, 35.729959851533586 ], [ 127.426896118291097, 35.729934963289743 ], [ 127.424869318912158, 35.728478925168332 ], [ 127.424823278275554, 35.728442583063448 ], [ 127.424788690480923, 35.728404575566721 ], [ 127.424694119349326, 35.728276563589588 ], [ 127.424683443461007, 35.728232898837682 ], [ 127.424661472945701, 35.727986565598442 ], [ 127.424662699399263, 35.727947629255219 ], [ 127.424668998627197, 35.72790560798736 ], [ 127.424697417672405, 35.727783291924361 ], [ 127.424799538146701, 35.727467949390117 ], [ 127.424834212368168, 35.727379404333554 ], [ 127.420358425122075, 35.724266621704096 ], [ 127.420228722359994, 35.724191896595279 ], [ 127.420193465881837, 35.724192019283748 ], [ 127.420144505307945, 35.724192189671754 ], [ 127.419542939678649, 35.724344543174794 ], [ 127.419388450207038, 35.724391384343285 ], [ 127.415668741061154, 35.727227813405442 ], [ 127.413992451482613, 35.72859798046305 ], [ 127.411305590402279, 35.7316670346449 ], [ 127.409783622643729, 35.733025740827003 ], [ 127.408947969885105, 35.733482904408774 ], [ 127.408785958212349, 35.734075478087235 ], [ 127.408673615081625, 35.734849415897763 ], [ 127.408376220432416, 35.737384659617909 ], [ 127.408011356165446, 35.739847421760928 ], [ 127.406171139800279, 35.743591329622326 ], [ 127.406125683781781, 35.743674846652254 ], [ 127.406069448281443, 35.74372686212412 ], [ 127.404972665558802, 35.744577362814056 ], [ 127.4049058976981, 35.744623637736282 ], [ 127.404807401274795, 35.744669947028292 ], [ 127.40373623512447, 35.745038710801332 ], [ 127.403581308075573, 35.745073743187191 ], [ 127.403443907950191, 35.745100161721147 ], [ 127.400993632287495, 35.745414579174593 ], [ 127.400792729644067, 35.745432445420022 ], [ 127.40073271373943, 35.745432659191984 ], [ 127.400648078188681, 35.745421484825563 ], [ 127.400536823001573, 35.745393021235323 ], [ 127.400434419091638, 35.745364607244369 ], [ 127.400321239408683, 35.745301724754135 ], [ 127.400172584432738, 35.745198743284831 ], [ 127.400059359592404, 35.74510420870682 ], [ 127.399945797215594, 35.744969399627095 ], [ 127.399768369567639, 35.744748549470053 ], [ 127.399667145259968, 35.744601526968154 ], [ 127.399560448225671, 35.74442073097017 ], [ 127.399340261086266, 35.744116651733336 ], [ 127.399276426360103, 35.744042052237027 ], [ 127.399212603765264, 35.743967574436596 ], [ 127.399120430703007, 35.743884402734999 ], [ 127.399003736780017, 35.743804307487572 ], [ 127.39888706900561, 35.743750072771846 ], [ 127.398724528339983, 35.743701668062371 ], [ 127.398509378721968, 35.743673631725478 ], [ 127.398300343893922, 35.743657106807106 ], [ 127.398078179340814, 35.743666415699572 ], [ 127.397878965857231, 35.743732843150362 ], [ 127.397819556497197, 35.743792532172982 ], [ 127.397457927501918, 35.744257158486199 ], [ 127.397453344807943, 35.744292144229583 ], [ 127.398168269822307, 35.746628189083552 ], [ 127.398239294651702, 35.74681748822573 ], [ 127.400928369237405, 35.751401221961665 ], [ 127.401017548189984, 35.751485717821687 ], [ 127.401074657709714, 35.75153980858191 ], [ 127.401624010888227, 35.751976067989695 ], [ 127.401923506484849, 35.752192366832155 ], [ 127.402237047936694, 35.752365085172073 ], [ 127.402343889266106, 35.752416926486518 ], [ 127.402597493723718, 35.752520346326577 ], [ 127.402988904476317, 35.75263494706779 ], [ 127.403245023337533, 35.752689162848064 ], [ 127.403387123492664, 35.752694447007755 ], [ 127.403554068357295, 35.75267072560883 ], [ 127.403665166324743, 35.752622338425027 ], [ 127.403802173587835, 35.752562656387632 ], [ 127.403972196828292, 35.752469448149334 ], [ 127.404157015268964, 35.75228630652515 ], [ 127.404245200347319, 35.752167227077734 ], [ 127.404403760628682, 35.751905974772669 ], [ 127.404505665637799, 35.751679679518148 ], [ 127.404511896685733, 35.751511665455837 ], [ 127.404514656311022, 35.751357059498936 ], [ 127.404557095516708, 35.751308728765416 ], [ 127.405290164891923, 35.750488645848442 ], [ 127.405346799248662, 35.750450790339187 ], [ 127.405403542279714, 35.750433216188938 ], [ 127.405968434857314, 35.750440037196505 ], [ 127.40826463042886, 35.750475736661912 ], [ 127.408514396069634, 35.75050094172753 ], [ 127.408745585615165, 35.750566758802314 ], [ 127.408834682984534, 35.750607024696137 ], [ 127.408895319117647, 35.750661882617599 ], [ 127.409138269876053, 35.750930438792246 ], [ 127.40942072445381, 35.751271335962223 ], [ 127.409624831834435, 35.751597983743117 ], [ 127.409683294367753, 35.751896904033032 ], [ 127.409712742742968, 35.752099599344909 ], [ 127.409713512832354, 35.752250184077766 ], [ 127.409664436405166, 35.752383652685765 ], [ 127.409593779231983, 35.752467891313579 ], [ 127.409516170424808, 35.752575311921667 ], [ 127.409406952097555, 35.753533187631668 ], [ 127.409416688708731, 35.753882018907973 ], [ 127.409466018695568, 35.754470201689969 ], [ 127.41075732735338, 35.756241366430473 ], [ 127.410914521022733, 35.756386573362725 ], [ 127.411340939466356, 35.756700197854059 ], [ 127.41209239707247, 35.757202699753535 ], [ 127.412939861129786, 35.757749137984028 ], [ 127.413133544290375, 35.757829124601344 ], [ 127.413226080419633, 35.757826187156589 ], [ 127.41363421873217, 35.757702485946332 ], [ 127.413675012662623, 35.757687379556472 ], [ 127.413776143130164, 35.757649922618761 ], [ 127.41405718619896, 35.757667150131446 ], [ 127.414316254890068, 35.757731333583564 ], [ 127.417163435854832, 35.758663990938857 ], [ 127.417363450034557, 35.758746654742744 ], [ 127.4174470284851, 35.758850466347461 ], [ 127.417530700008371, 35.758972562118721 ], [ 127.417563117291039, 35.759060943214138 ], [ 127.417576240678287, 35.759118136309532 ], [ 127.417481472680706, 35.759329351275056 ], [ 127.417096909773605, 35.759986796378449 ], [ 127.416873319382816, 35.76032243259818 ], [ 127.41681008754739, 35.760417336851695 ], [ 127.416314129867771, 35.761155816479949 ], [ 127.416279180707846, 35.761197589925239 ], [ 127.416180503082728, 35.761252619814947 ], [ 127.41586308424975, 35.761324008368788 ], [ 127.415374961632452, 35.761424560149969 ], [ 127.414766844432748, 35.761496961747845 ], [ 127.414557624499281, 35.761495059644737 ], [ 127.413982444491509, 35.761437186119814 ], [ 127.413878761740335, 35.761421240538048 ], [ 127.413568565381169, 35.761373532801734 ], [ 127.409647095804374, 35.76052774244824 ], [ 127.409293692015027, 35.760437825589207 ], [ 127.40887117398006, 35.760262245571397 ], [ 127.40853949636201, 35.760031648076449 ], [ 127.408154687216381, 35.759725711261112 ], [ 127.40771423392286, 35.75945647105415 ], [ 127.407640482150939, 35.759412460876767 ], [ 127.406586289096182, 35.759350958100782 ], [ 127.40646814898038, 35.75936180307243 ], [ 127.406404406070465, 35.759395823393056 ], [ 127.406078451376175, 35.760510311476153 ], [ 127.406098681870446, 35.761755526038584 ], [ 127.406229210454143, 35.762637684190189 ], [ 127.406194523990337, 35.762710723414841 ], [ 127.40542003642696, 35.763978594401898 ], [ 127.401067775233699, 35.763873367960748 ], [ 127.397916501017932, 35.763704055024071 ], [ 127.394710721214963, 35.762981511697205 ], [ 127.393799544634774, 35.762822163600184 ], [ 127.393056980341512, 35.762699948885384 ], [ 127.392638161376851, 35.762641821003143 ], [ 127.390753468456509, 35.762527252616373 ], [ 127.389130824583901, 35.762474727577946 ], [ 127.388896976642599, 35.762501710365797 ], [ 127.388727443321912, 35.762498745978938 ], [ 127.387561042757611, 35.761827186066405 ], [ 127.387500517704794, 35.761727694144454 ], [ 127.387497653115673, 35.761592968149678 ], [ 127.387792600005596, 35.76016895702903 ], [ 127.388004235961901, 35.759406142659053 ], [ 127.38809089562163, 35.759124226783527 ], [ 127.388243611096982, 35.758763322697824 ], [ 127.388411946795671, 35.758064765148426 ], [ 127.388584725066309, 35.756958449044653 ], [ 127.388557927019335, 35.756746917045433 ], [ 127.38848650799963, 35.75662990127266 ], [ 127.388361395819061, 35.756485095171392 ], [ 127.38400558514239, 35.75386068190015 ], [ 127.383910998509904, 35.753827825393607 ], [ 127.383281335210626, 35.753619828382973 ], [ 127.383098685351698, 35.753574907594484 ], [ 127.382892711954113, 35.753575561102927 ], [ 127.382699893489161, 35.753625196462927 ], [ 127.382609979941776, 35.753690198389606 ], [ 127.381860948368882, 35.75500118820662 ], [ 127.381799343345307, 35.755136127043606 ], [ 127.381676283585762, 35.755414646890401 ], [ 127.381653658251523, 35.755631637196032 ], [ 127.3816752870042, 35.755995165249345 ], [ 127.381572799271837, 35.756671147485136 ], [ 127.381519903115262, 35.756823442983624 ], [ 127.381432309193883, 35.756912939064911 ], [ 127.37828141099277, 35.758110796915858 ], [ 127.376500169093475, 35.758548421424166 ], [ 127.375646888941645, 35.758264134766733 ], [ 127.375266612824291, 35.75816562475552 ], [ 127.373534986275544, 35.757719659278443 ], [ 127.372880990991916, 35.757608735733015 ], [ 127.369056444683167, 35.757439133678766 ], [ 127.368730440691323, 35.757451939459507 ], [ 127.367664375351325, 35.757493812494751 ], [ 127.367328669740473, 35.75753802831715 ], [ 127.366273494283348, 35.757807685251088 ], [ 127.365805820817059, 35.757996339940625 ], [ 127.364981439011032, 35.758474156824484 ], [ 127.364021853392728, 35.759355645334331 ], [ 127.361009283577658, 35.762742254251727 ], [ 127.360676678426941, 35.763485011182091 ], [ 127.360521069413053, 35.764270449114441 ], [ 127.359548949206626, 35.769285680317275 ], [ 127.359360206810862, 35.770575333522672 ], [ 127.35933991211202, 35.770978683746549 ], [ 127.359603007414307, 35.773455258769637 ], [ 127.359496857073793, 35.775463923875662 ], [ 127.359734534047405, 35.775362875528479 ], [ 127.36029801538254, 35.775228035731516 ], [ 127.360939405072273, 35.775146216139085 ], [ 127.361642184943932, 35.775077526541963 ], [ 127.363701578429541, 35.774904873999411 ], [ 127.364250081021581, 35.775069687037835 ], [ 127.365221498565333, 35.775652703451854 ], [ 127.365452351553245, 35.776078148658719 ], [ 127.366859924942204, 35.779955815200033 ], [ 127.36710139875413, 35.781806159690753 ], [ 127.366107539524663, 35.78617719384313 ], [ 127.365804691818894, 35.787003756158846 ], [ 127.365864520561274, 35.787569551521877 ], [ 127.366161855214187, 35.788221184660529 ], [ 127.365505479971816, 35.790420500156799 ], [ 127.364296846692241, 35.793460438482228 ], [ 127.363638581062347, 35.794361320185473 ], [ 127.361345630592183, 35.797258016945285 ], [ 127.360747620254131, 35.79793230863617 ], [ 127.359825258802815, 35.798314599232249 ], [ 127.358996507194774, 35.79860338955406 ], [ 127.358678235100982, 35.79875082178291 ], [ 127.358646415602323, 35.798950671672436 ], [ 127.358688722143484, 35.799263489280065 ], [ 127.360439773376442, 35.802214664940259 ], [ 127.360715381073646, 35.802580062640622 ], [ 127.362773864236587, 35.804757875988791 ], [ 127.3629459881071, 35.804837269086917 ], [ 127.363191449899503, 35.804863165567944 ], [ 127.363517917485865, 35.804715713732115 ], [ 127.364826221320698, 35.803766247256206 ], [ 127.365490826739048, 35.803344758002112 ], [ 127.368000364112447, 35.802198510672241 ], [ 127.369628941794659, 35.801560970785964 ], [ 127.37049918180773, 35.801405148694649 ], [ 127.37121119381213, 35.80151617304449 ], [ 127.372419346300518, 35.801925269063432 ], [ 127.372820905473688, 35.802103802112043 ], [ 127.373116267001379, 35.802329282925477 ], [ 127.37504165329652, 35.803804531310782 ], [ 127.375696388979335, 35.804323601007944 ], [ 127.376469341462993, 35.805042627076787 ], [ 127.376549191666385, 35.805130707508511 ], [ 127.376804765721289, 35.805695266673666 ], [ 127.376996432709603, 35.806504450413101 ], [ 127.377004156238542, 35.806592749734243 ], [ 127.376997237497051, 35.806675225819291 ], [ 127.376918613640925, 35.806846261644729 ], [ 127.376905243350407, 35.807087745820304 ], [ 127.376905494747632, 35.807140734448552 ], [ 127.377266236182621, 35.808561784704352 ], [ 127.377339041912236, 35.808655833326334 ], [ 127.378272128684046, 35.809627521703824 ], [ 127.378475490730693, 35.809838937904125 ], [ 127.378744478433802, 35.81009154746743 ], [ 127.378802043464447, 35.810126416252636 ], [ 127.378845381468963, 35.810143937885201 ], [ 127.378939258439445, 35.810131921865256 ], [ 127.379162723095064, 35.810007570428077 ], [ 127.380387173966099, 35.809161506972252 ], [ 127.383639975741787, 35.808383070993074 ], [ 127.386426106844127, 35.808401046722551 ], [ 127.387505680662713, 35.808594953114032 ], [ 127.387728705331696, 35.80863462472125 ], [ 127.388428044669325, 35.808722030819517 ], [ 127.393268171758947, 35.809264767988573 ], [ 127.394983123329823, 35.809398237085951 ], [ 127.396097823779954, 35.809439462205894 ], [ 127.396257099371624, 35.809385046179052 ], [ 127.396399958955229, 35.809321853826184 ], [ 127.396602911715576, 35.809195551629877 ], [ 127.396778582817021, 35.809100791476787 ], [ 127.397042281745613, 35.809019180014481 ], [ 127.397339188333461, 35.808964399773977 ], [ 127.397537345040917, 35.808963747446548 ], [ 127.398324826875978, 35.808972597356984 ], [ 127.398535300036968, 35.809000462209063 ], [ 127.398948259722317, 35.809142588401258 ], [ 127.400270345305358, 35.809677864178404 ], [ 127.404619469467463, 35.81160166993169 ], [ 127.404690202382497, 35.811653352927657 ], [ 127.406471726045709, 35.813575323821539 ], [ 127.406827047048253, 35.814016370308813 ], [ 127.406927880210134, 35.814153458900513 ], [ 127.407051137990507, 35.81456527363131 ], [ 127.40708416408701, 35.814837790947649 ], [ 127.407249474614972, 35.81522801432947 ], [ 127.407382217690767, 35.815438008828728 ], [ 127.407798492150491, 35.815940034468547 ], [ 127.410441301364912, 35.818703232249149 ], [ 127.410513588633052, 35.818775622263303 ], [ 127.410741021883581, 35.818933642712814 ], [ 127.411901451095503, 35.819661861011163 ], [ 127.412228963244161, 35.819828198159527 ], [ 127.412656606078485, 35.819968416017126 ], [ 127.413062888146499, 35.820087256596999 ], [ 127.413144202017662, 35.82011532243726 ], [ 127.413247678082556, 35.820151049966469 ], [ 127.414385841687022, 35.820630216578103 ], [ 127.414544585490319, 35.820771362008415 ], [ 127.414980310481155, 35.821465520655913 ], [ 127.417228350612262, 35.824587001327373 ], [ 127.417302478021114, 35.824646839708386 ], [ 127.418170929524848, 35.824935842633309 ], [ 127.418276356573628, 35.824952597945483 ], [ 127.419305426987449, 35.824721458634457 ], [ 127.420057700758932, 35.824465505271817 ], [ 127.420152388477945, 35.824435068189594 ], [ 127.422875989674907, 35.824386986091618 ], [ 127.423070651566746, 35.824409548566216 ], [ 127.425259479181236, 35.824663767378425 ], [ 127.426016398379772, 35.825055825683158 ], [ 127.42610778333254, 35.82515420721932 ], [ 127.429903202475501, 35.829866951814338 ], [ 127.431415658330707, 35.831944057906448 ], [ 127.432019875853797, 35.832896765561543 ], [ 127.432289872596016, 35.832827658278241 ], [ 127.434676255942748, 35.831953445205436 ], [ 127.435024659990972, 35.831792937510208 ], [ 127.4352060307572, 35.83164636806876 ], [ 127.435330836937737, 35.83155841016756 ], [ 127.435524350544114, 35.831447026166295 ], [ 127.435702903761978, 35.831351575385263 ], [ 127.436030725008322, 35.831253151893499 ], [ 127.436341181737447, 35.831255633891701 ], [ 127.438529447636071, 35.83128662291729 ], [ 127.444504122365927, 35.832068387041659 ], [ 127.447873739490717, 35.832767828549308 ], [ 127.449261240710655, 35.833531511511886 ], [ 127.449309534088059, 35.833578565765471 ], [ 127.449424656570457, 35.83364184933815 ], [ 127.450550806986101, 35.834116299228974 ], [ 127.450627939300915, 35.834134484142105 ], [ 127.450708759713564, 35.834140300301918 ], [ 127.451819923689769, 35.834214283344835 ], [ 127.45194742968755, 35.834215787802265 ], [ 127.452025639195639, 35.834207300547739 ], [ 127.452091141907601, 35.834184527430061 ], [ 127.453487571308571, 35.83335139905369 ] ] ] ] } },
{ "type": "Feature", "properties": { "OBJECTID": 2389, "adm_nm": "전북특별자치도 진안군 용담면", "adm_cd": "3532031", "adm_cd2": "4572031000", "sgg": "45720", "sido": "45", "sidonm": "전북특별자치도", "sggnm": "진안군" }, "geometry": { "type": "MultiPolygon", "coordinates": [ [ [ [ 127.468223241554355, 35.987744194879966 ], [ 127.469278970936713, 35.986439180168631 ], [ 127.470503197145931, 35.985575162900517 ], [ 127.471669081693406, 35.984720569784635 ], [ 127.471802800614682, 35.984134600374418 ], [ 127.471847314628519, 35.983939547656931 ], [ 127.472306817032077, 35.98314724291258 ], [ 127.472322495358597, 35.983120212146368 ], [ 127.474665400216281, 35.981178778875261 ], [ 127.475850121582113, 35.980523834237708 ], [ 127.477024959219563, 35.98039926043527 ], [ 127.478477484374423, 35.980300017768791 ], [ 127.480077085850809, 35.980219331491917 ], [ 127.481996565800159, 35.980118764138879 ], [ 127.485192448507121, 35.979418501198708 ], [ 127.485708655444114, 35.979154541774911 ], [ 127.4862178567857, 35.978894153246664 ], [ 127.486991814398607, 35.978370815340774 ], [ 127.487518101101685, 35.978066588331338 ], [ 127.487606793217694, 35.978015326367135 ], [ 127.488317092169822, 35.978367586935072 ], [ 127.488524518622995, 35.978470455804349 ], [ 127.488684384865124, 35.978549743059148 ], [ 127.489305985091605, 35.979271801224989 ], [ 127.489630220461549, 35.979957904800408 ], [ 127.489968300092514, 35.981034103586381 ], [ 127.49030639222768, 35.982110309342374 ], [ 127.491525566046889, 35.983350131808841 ], [ 127.494491433368495, 35.986087665881556 ], [ 127.495454190074781, 35.986511019295001 ], [ 127.49911788601635, 35.987480568020473 ], [ 127.501991762173787, 35.986446775299783 ], [ 127.502353986512333, 35.985887889803237 ], [ 127.50239607298991, 35.985311774158681 ], [ 127.502319378849805, 35.985030495541508 ], [ 127.50220885406317, 35.984625123519315 ], [ 127.502455129357557, 35.983806625717484 ], [ 127.505816346939099, 35.98035543410807 ], [ 127.50661399090832, 35.979980500474873 ], [ 127.507367352300804, 35.97982869338923 ], [ 127.508464981212612, 35.979898378469159 ], [ 127.51004858979266, 35.98089494333707 ], [ 127.510979938150669, 35.981764197097938 ], [ 127.511911319140552, 35.982633449809484 ], [ 127.512637642367423, 35.982900288792102 ], [ 127.514022030154948, 35.983408869182739 ], [ 127.51411100005059, 35.983441547951188 ], [ 127.5152429515812, 35.983506377654422 ], [ 127.516374902740566, 35.983571194874393 ], [ 127.518638813928845, 35.983700800878793 ], [ 127.520034764212824, 35.983936301099767 ], [ 127.520096778177162, 35.983988997177001 ], [ 127.521154808494444, 35.984887943466482 ], [ 127.521253099433878, 35.984971450011294 ], [ 127.523566007605481, 35.985593097135514 ], [ 127.524731699356181, 35.98556944083446 ], [ 127.526533253077872, 35.983486392766146 ], [ 127.526706566847011, 35.983259711787809 ], [ 127.526735865450533, 35.983025291864202 ], [ 127.526763349463579, 35.981740770510683 ], [ 127.526729223472103, 35.981247240216291 ], [ 127.526573843060106, 35.980298217361998 ], [ 127.526476245595248, 35.979537204165297 ], [ 127.526488324766191, 35.979030913023259 ], [ 127.526568141153291, 35.978662399824501 ], [ 127.526669460532887, 35.978436036674019 ], [ 127.526873177485186, 35.978142281358259 ], [ 127.527092715296064, 35.977911202988096 ], [ 127.527583883285033, 35.97754926367778 ], [ 127.527860782221239, 35.977439280508662 ], [ 127.528312215403957, 35.977286671375971 ], [ 127.528856780168013, 35.977225707237075 ], [ 127.529895281288859, 35.977221138845564 ], [ 127.530414739928688, 35.977248149098195 ], [ 127.531741703368539, 35.977325952297178 ], [ 127.532350490026346, 35.977641224504978 ], [ 127.532634289583356, 35.977794776301053 ], [ 127.53654895196054, 35.978107889703388 ], [ 127.536774886923723, 35.978065062401157 ], [ 127.536867075933614, 35.978014429237128 ], [ 127.53704013177736, 35.977754261399454 ], [ 127.537139781234899, 35.977285258217115 ], [ 127.537252741216335, 35.976502382022957 ], [ 127.537208837177161, 35.976092576108819 ], [ 127.537040997419354, 35.975599638759178 ], [ 127.536680986014673, 35.97481890228859 ], [ 127.536535166485521, 35.974543422880785 ], [ 127.536338182634495, 35.974301630777376 ], [ 127.535452687865444, 35.973355871101454 ], [ 127.534712225240156, 35.97256843766413 ], [ 127.534564844944768, 35.972058683033836 ], [ 127.534655867954356, 35.971832344713896 ], [ 127.534870029986777, 35.971572003769417 ], [ 127.535228534610212, 35.971391353924261 ], [ 127.535397755323672, 35.971306087723185 ], [ 127.536207852315854, 35.970984501815771 ], [ 127.536699546246894, 35.970714557134322 ], [ 127.536914330340949, 35.970546248412809 ], [ 127.538666783700279, 35.968944420790237 ], [ 127.538921435931755, 35.968591835773772 ], [ 127.539058326638866, 35.968310925142724 ], [ 127.53910786778421, 35.968034561655941 ], [ 127.539073909234858, 35.967574507380746 ], [ 127.538989269931818, 35.967223466581565 ], [ 127.538918897464285, 35.966700801638012 ], [ 127.538924063220776, 35.965947711992584 ], [ 127.539019098902983, 35.965558214483288 ], [ 127.539170583518384, 35.965155890337883 ], [ 127.540197340768842, 35.964201561884913 ], [ 127.540411940627905, 35.964008149858103 ], [ 127.540647482410847, 35.963873213522611 ], [ 127.54098560002322, 35.963704347892154 ], [ 127.542114968672124, 35.963481716122246 ], [ 127.54276194679376, 35.963378378570766 ], [ 127.543650379952581, 35.963253032056819 ], [ 127.543886823145826, 35.963251963079628 ], [ 127.544174680525629, 35.963250661944777 ], [ 127.544535408070175, 35.963382919544408 ], [ 127.54493715457059, 35.963498244887887 ], [ 127.545183196440135, 35.963396725228606 ], [ 127.546671202998752, 35.961507293890847 ], [ 127.546760215097777, 35.960996469390672 ], [ 127.546631220086667, 35.96017703887351 ], [ 127.546301685000373, 35.959345969342884 ], [ 127.546003214760802, 35.958548236189884 ], [ 127.546000744961319, 35.95818843718844 ], [ 127.547469669993177, 35.955035600801281 ], [ 127.54959080241396, 35.953314781020524 ], [ 127.549795237187809, 35.953146496333844 ], [ 127.549999024280453, 35.95288616978209 ], [ 127.551257101669705, 35.950495682641069 ], [ 127.551398977892532, 35.950202176734848 ], [ 127.551456181960333, 35.949557607878106 ], [ 127.551485866185843, 35.948649603524203 ], [ 127.551553645925068, 35.948046830897525 ], [ 127.551680171255143, 35.947765943646196 ], [ 127.5517920235622, 35.94758971064725 ], [ 127.552036953897925, 35.947337555501484 ], [ 127.552231026396342, 35.947160939291479 ], [ 127.552517607933567, 35.94698391446898 ], [ 127.552917591020886, 35.946856578612433 ], [ 127.553297136868949, 35.946746047348462 ], [ 127.553805121893575, 35.9466307483086 ], [ 127.554051452530103, 35.94657941129632 ], [ 127.554512805774422, 35.946409942143831 ], [ 127.554573314593497, 35.946242307668385 ], [ 127.554570865372781, 35.94589089120884 ], [ 127.554526955723972, 35.945489443811987 ], [ 127.553308367286562, 35.943555879489956 ], [ 127.552844794394673, 35.94379434472534 ], [ 127.55192935424499, 35.944035656112 ], [ 127.551427817644267, 35.944093446585015 ], [ 127.550700164918908, 35.944159835500116 ], [ 127.547052304155116, 35.944453945925304 ], [ 127.542297035127476, 35.945471814701591 ], [ 127.54130390255213, 35.945685653721725 ], [ 127.540235778185547, 35.946265553971863 ], [ 127.539714917472139, 35.946673989240516 ], [ 127.539413497409384, 35.947003242877663 ], [ 127.539073553373385, 35.947592475383416 ], [ 127.53880497016776, 35.948194004214059 ], [ 127.538188206965984, 35.949087154147925 ], [ 127.537374380146616, 35.950167844106936 ], [ 127.536897777552895, 35.950712293096991 ], [ 127.536577426926627, 35.950996215385338 ], [ 127.536247737342137, 35.951272640103618 ], [ 127.536000699814281, 35.951399850211288 ], [ 127.535772187062875, 35.951516895040754 ], [ 127.535469474537948, 35.95165949474201 ], [ 127.534943090253137, 35.951717327305602 ], [ 127.534611327215458, 35.951686023353581 ], [ 127.534213220765196, 35.951465814899386 ], [ 127.533640211439305, 35.951039563436296 ], [ 127.533222509672228, 35.950668102641544 ], [ 127.532348596240936, 35.950190206570412 ], [ 127.53210034358402, 35.950135813762124 ], [ 127.531796418170615, 35.950096796694062 ], [ 127.531322406393173, 35.950106467489654 ], [ 127.53105059841684, 35.950238823846362 ], [ 127.53054564767325, 35.950720306914135 ], [ 127.530307284537329, 35.951220786071261 ], [ 127.530049202621655, 35.952016464845265 ], [ 127.529803568672307, 35.952822178300373 ], [ 127.529872148188034, 35.953349057137459 ], [ 127.529875104179908, 35.953792976067305 ], [ 127.529764935844611, 35.954466937781532 ], [ 127.529636650075901, 35.954744966542698 ], [ 127.5293275810496, 35.95533403505587 ], [ 127.528983850292974, 35.955834975083178 ], [ 127.528696530708203, 35.955964872869743 ], [ 127.528312448705293, 35.955991802948134 ], [ 127.527890214710453, 35.955872581225996 ], [ 127.527410538329278, 35.955501374550678 ], [ 127.526746656097203, 35.954921609074695 ], [ 127.526502285992947, 35.954519096540658 ], [ 127.52603164411633, 35.953428174485722 ], [ 127.525834464004177, 35.952872420369744 ], [ 127.525608594719273, 35.951516386950487 ], [ 127.524428635176349, 35.94361648528367 ], [ 127.524475975365277, 35.943278279880083 ], [ 127.524641633421723, 35.942558685656664 ], [ 127.524843894640284, 35.9422198089094 ], [ 127.525046370130823, 35.941444570244968 ], [ 127.525036102018632, 35.940357472330575 ], [ 127.524943137067112, 35.938476213899911 ], [ 127.524711442887053, 35.937637276278636 ], [ 127.52446769704396, 35.93684884839967 ], [ 127.523344286607923, 35.934202742350642 ], [ 127.522774178581685, 35.933718410829115 ], [ 127.52192236763706, 35.932791344057534 ], [ 127.52139743301143, 35.932107531127365 ], [ 127.521323219362756, 35.93165637234496 ], [ 127.521451452137526, 35.93136825343484 ], [ 127.5221312809323, 35.930636344311587 ], [ 127.522433533314626, 35.93043325220772 ], [ 127.522766995822337, 35.930265328635272 ], [ 127.523019750957573, 35.930072529027278 ], [ 127.523336517172865, 35.929720540803373 ], [ 127.523477824011678, 35.929538307899591 ], [ 127.523587542860625, 35.929265419237929 ], [ 127.523681664026853, 35.928974936914898 ], [ 127.523661485128613, 35.928732886969883 ], [ 127.523547351431361, 35.928334849831131 ], [ 127.523369375253765, 35.928121229418217 ], [ 127.523083062793162, 35.927920677643293 ], [ 127.521469166163229, 35.926976750181687 ], [ 127.52114668449444, 35.926927712296767 ], [ 127.518546229340544, 35.927176038571126 ], [ 127.518119278619466, 35.927258587132975 ], [ 127.51744049987856, 35.927675188745972 ], [ 127.516950818768976, 35.928113664442677 ], [ 127.516630677163107, 35.928427813144275 ], [ 127.515967082298289, 35.928801450873678 ], [ 127.515528609079823, 35.92902024951028 ], [ 127.514724183140501, 35.929175037445489 ], [ 127.513904233055882, 35.929322314120704 ], [ 127.513482728902986, 35.92929384082305 ], [ 127.513048515303083, 35.929209939452569 ], [ 127.512665721172439, 35.928936623700501 ], [ 127.512385012649162, 35.928640179071188 ], [ 127.512241127409197, 35.928423875304858 ], [ 127.511729187091873, 35.92733388473323 ], [ 127.511305156824832, 35.926425115256372 ], [ 127.511073254378218, 35.925525610410034 ], [ 127.511173618902674, 35.925235111885122 ], [ 127.511571892021763, 35.92454733201712 ], [ 127.512153544574645, 35.92395715550569 ], [ 127.512621512690615, 35.923511234255209 ], [ 127.51319186208174, 35.923092615899527 ], [ 127.513777748432489, 35.922681493484653 ], [ 127.514971485775092, 35.921907080088381 ], [ 127.516128037367693, 35.92113280939342 ], [ 127.518960364941165, 35.917518705079161 ], [ 127.519607496360578, 35.9165347081953 ], [ 127.51996251440282, 35.914933994171015 ], [ 127.519960440650152, 35.914616196899146 ], [ 127.5199687778384, 35.913518920444517 ], [ 127.519947142071842, 35.912578175059501 ], [ 127.519808728017964, 35.911774149701216 ], [ 127.519342943896802, 35.911112774642959 ], [ 127.518950392657388, 35.910756274786053 ], [ 127.518431045922966, 35.910428089214882 ], [ 127.517785764158134, 35.910259345116842 ], [ 127.516573041936212, 35.909984575076599 ], [ 127.516306688218904, 35.909985716913333 ], [ 127.515860864973291, 35.91000780110636 ], [ 127.515066037060805, 35.910180225082122 ], [ 127.512642404796011, 35.911835152493246 ], [ 127.512362213598351, 35.912572877030989 ], [ 127.512049714636149, 35.91358568630595 ], [ 127.511798473388922, 35.914492291878474 ], [ 127.511485399775566, 35.915419350267555 ], [ 127.510464523827466, 35.9175424647715 ], [ 127.510014855704384, 35.918424687471479 ], [ 127.509600422787756, 35.919004063105675 ], [ 127.509057838625424, 35.919404899142144 ], [ 127.508413437668153, 35.919869223793967 ], [ 127.504492417715738, 35.922365228618517 ], [ 127.502828683542262, 35.923287814364045 ], [ 127.499707072270667, 35.926368038178822 ], [ 127.499545158166001, 35.926729418281681 ], [ 127.498829150368906, 35.927648006866782 ], [ 127.498724498256209, 35.92775437629308 ], [ 127.498439916857421, 35.927821138607577 ], [ 127.49812381165404, 35.927797220806674 ], [ 127.49609746884154, 35.926576832022242 ], [ 127.495362555055536, 35.926002667096704 ], [ 127.494804550828576, 35.925364636560928 ], [ 127.494314039635384, 35.924888657588966 ], [ 127.493791355016398, 35.924584172959271 ], [ 127.492803239101704, 35.924272556191383 ], [ 127.492281458148184, 35.924112361619279 ], [ 127.486547960324643, 35.923323982401264 ], [ 127.482179661965873, 35.922899628038401 ], [ 127.481336316107061, 35.922695580061749 ], [ 127.480603773548552, 35.922491072566217 ], [ 127.479237992460511, 35.922009492885763 ], [ 127.470754845687438, 35.919003653242633 ], [ 127.470332128328153, 35.918716702496397 ], [ 127.468559313152767, 35.916829691516803 ], [ 127.468268502777249, 35.916361845109762 ], [ 127.468040972722449, 35.915352640342626 ], [ 127.467493080383775, 35.914497981532456 ], [ 127.467203753313001, 35.914282657646872 ], [ 127.466804163670091, 35.914157947518099 ], [ 127.466394195990915, 35.914150512428471 ], [ 127.465264822097552, 35.914272120800554 ], [ 127.464335019688477, 35.914420013859178 ], [ 127.463581649867521, 35.914422915404423 ], [ 127.463126200342487, 35.914217239702175 ], [ 127.462825552314172, 35.913956854777247 ], [ 127.461074251029586, 35.911907295876901 ], [ 127.460794312077368, 35.911394300944785 ], [ 127.460389557535919, 35.910367713811233 ], [ 127.459995618520608, 35.90929599695238 ], [ 127.459835938569896, 35.90850295771704 ], [ 127.459567091041393, 35.907989915562496 ], [ 127.458821700711695, 35.907442627701393 ], [ 127.457698401234595, 35.906680286249689 ], [ 127.457331793943283, 35.906501306292604 ], [ 127.457009974548683, 35.906403330034749 ], [ 127.456577879861428, 35.906395941867871 ], [ 127.45373408863945, 35.906974862036144 ], [ 127.453292189263919, 35.90719297665494 ], [ 127.453027756191446, 35.90744649501837 ], [ 127.450482936257416, 35.909972273390387 ], [ 127.450174572696383, 35.910298089694827 ], [ 127.450033655063081, 35.910848761120775 ], [ 127.44982932370695, 35.911940790567314 ], [ 127.449756149267387, 35.912716675281438 ], [ 127.449636417862237, 35.913095911530696 ], [ 127.449494727408975, 35.913511302773792 ], [ 127.448989721379505, 35.914333878964413 ], [ 127.448264939561994, 35.915481970204468 ], [ 127.447979068231817, 35.915870829706428 ], [ 127.447847326734973, 35.916087774024554 ], [ 127.44695753909609, 35.917452896652939 ], [ 127.446615437161583, 35.917697663796709 ], [ 127.446172623675139, 35.917762437682363 ], [ 127.445664121696055, 35.917971761868898 ], [ 127.442925303286302, 35.919587197923413 ], [ 127.442550083830454, 35.919859122875394 ], [ 127.441146248475832, 35.922461681933839 ], [ 127.440577749575013, 35.923852638331709 ], [ 127.440382539124698, 35.924619939621934 ], [ 127.440133163374838, 35.925612894366708 ], [ 127.440190620069259, 35.925982455910045 ], [ 127.440380831915562, 35.926315464698781 ], [ 127.440658898788257, 35.926503841427611 ], [ 127.441290804274288, 35.926555634660403 ], [ 127.441811046977421, 35.92645452044507 ], [ 127.442374910072303, 35.926226988287738 ], [ 127.442794976451495, 35.926045071192974 ], [ 127.443071746306032, 35.92599895219216 ], [ 127.443349059190354, 35.926052038257097 ], [ 127.444104453634424, 35.926391968466511 ], [ 127.444593873535553, 35.926723861672571 ], [ 127.448303067452713, 35.930137218619159 ], [ 127.448571040741697, 35.930496984769071 ], [ 127.448638855411758, 35.930731214651701 ], [ 127.448662486258982, 35.930992661275866 ], [ 127.448588271995675, 35.931588165536844 ], [ 127.448326170293399, 35.932274568074646 ], [ 127.449224395033482, 35.936311586631369 ], [ 127.449839508866617, 35.937301348218035 ], [ 127.450096799325962, 35.93772427153295 ], [ 127.450410572101433, 35.938336353314973 ], [ 127.450881605363179, 35.939317638573776 ], [ 127.450972602221654, 35.93973215098157 ], [ 127.45075457215863, 35.940373302770006 ], [ 127.448130080509813, 35.944694012253649 ], [ 127.447712326033979, 35.94529980801984 ], [ 127.446840516511486, 35.945979451547352 ], [ 127.446310637068208, 35.946360200424948 ], [ 127.445892594604061, 35.946920921158004 ], [ 127.445817537143711, 35.947372122097839 ], [ 127.445766156638825, 35.948093797165747 ], [ 127.445969642382252, 35.948805512620979 ], [ 127.446040611913631, 35.94959890286713 ], [ 127.446008770662473, 35.94985153993143 ], [ 127.445877268568111, 35.950122587867696 ], [ 127.444920424379447, 35.951460895877489 ], [ 127.444314517730248, 35.952130508951349 ], [ 127.443609087840798, 35.952845582302551 ], [ 127.44335550148368, 35.953090026769779 ], [ 127.442926162420321, 35.953623702081153 ], [ 127.442058891802063, 35.955142035470899 ], [ 127.441993488331988, 35.955340677072428 ], [ 127.442105858034822, 35.955610831147951 ], [ 127.442350295026003, 35.955718150063916 ], [ 127.442793848313485, 35.955743580979359 ], [ 127.443480549718529, 35.955641836080844 ], [ 127.444211544782732, 35.95553092954988 ], [ 127.444921530662398, 35.955627506080575 ], [ 127.447597091431689, 35.95634811402968 ], [ 127.448774987110184, 35.95685777637825 ], [ 127.450521354180651, 35.957915467302968 ], [ 127.451723923492992, 35.958857926810254 ], [ 127.452058377350653, 35.959190362870451 ], [ 127.452526827452317, 35.95969365294583 ], [ 127.452940482114187, 35.960305354246643 ], [ 127.45316532331654, 35.960854649296358 ], [ 127.453345468809545, 35.961340983999094 ], [ 127.454273372124092, 35.964647311434497 ], [ 127.454432704475209, 35.965368209937132 ], [ 127.454379450452919, 35.965747195995675 ], [ 127.454026792156426, 35.966118285975455 ], [ 127.45225934363576, 35.967243250754251 ], [ 127.451708117212007, 35.967559606930415 ], [ 127.450769112587722, 35.968385186665117 ], [ 127.450440190914321, 35.969035767750348 ], [ 127.450398711629319, 35.969540948956592 ], [ 127.450445042442354, 35.969892505106451 ], [ 127.450502568990203, 35.97026205814209 ], [ 127.450845971983995, 35.972163715034917 ], [ 127.452086396746878, 35.977777642191768 ], [ 127.452331760546727, 35.978029239681682 ], [ 127.45272081038442, 35.978199153622228 ], [ 127.45314277036924, 35.978305769872335 ], [ 127.453886799466929, 35.978501378415977 ], [ 127.454387201616797, 35.978752020861101 ], [ 127.454755181056285, 35.979111368349415 ], [ 127.455526551239089, 35.980208724961408 ], [ 127.455628405923434, 35.980569087831412 ], [ 127.455697065941848, 35.980938581438799 ], [ 127.455789015033574, 35.981506419611058 ], [ 127.455975446454204, 35.983784237620789 ], [ 127.458860999146609, 35.984584437956308 ], [ 127.460085994681108, 35.984350365364577 ], [ 127.461310980771387, 35.984116282054508 ], [ 127.463434465763356, 35.984408723638253 ], [ 127.463866226494275, 35.985887341240336 ], [ 127.46389129838893, 35.985973215936149 ], [ 127.464549875983749, 35.987078129383242 ], [ 127.465208477477631, 35.988183045334324 ], [ 127.466715864791951, 35.987963629583092 ], [ 127.468223241554355, 35.987744194879966 ] ] ] ] } },
{ "type": "Feature", "properties": { "OBJECTID": 2390, "adm_nm": "전북특별자치도 진안군 안천면", "adm_cd": "3532032", "adm_cd2": "4572032000", "sgg": "45720", "sido": "45", "sidonm": "전북특별자치도", "sggnm": "진안군" }, "geometry": { "type": "MultiPolygon", "coordinates": [ [ [ [ 127.553308367286562, 35.943555879489956 ], [ 127.552619102534294, 35.941245439204479 ], [ 127.552506969666666, 35.94063931342933 ], [ 127.552565104726597, 35.94012862620022 ], [ 127.552684125940132, 35.93950888670345 ], [ 127.552723483306949, 35.938517170506053 ], [ 127.552599643768261, 35.937701891154589 ], [ 127.552495070570984, 35.937442975609692 ], [ 127.552226403482365, 35.937235032406647 ], [ 127.55170019527894, 35.93693620993222 ], [ 127.551040378973497, 35.936637995600805 ], [ 127.550229614689442, 35.936060160640224 ], [ 127.549732286531281, 35.935476719771117 ], [ 127.549317165702249, 35.934892878790308 ], [ 127.548563542475193, 35.933653740789765 ], [ 127.54841718876132, 35.933294606146774 ], [ 127.548347892382822, 35.932930938583887 ], [ 127.548346856151312, 35.93278032327629 ], [ 127.548498291635312, 35.932386356610849 ], [ 127.549730225467826, 35.929226200464065 ], [ 127.54986218919089, 35.928991305578926 ], [ 127.553021602147993, 35.924470929183968 ], [ 127.553526301817698, 35.923903793598321 ], [ 127.553873284125132, 35.923559124017743 ], [ 127.554200410685866, 35.923314959876748 ], [ 127.554901139156897, 35.922864076589256 ], [ 127.555146926580477, 35.922745793165362 ], [ 127.555505853603691, 35.92264372105447 ], [ 127.555793273663099, 35.922600565003698 ], [ 127.556296639713992, 35.922581508111307 ], [ 127.556862179243538, 35.922637454931831 ], [ 127.557813483631648, 35.922754393324034 ], [ 127.558256187950462, 35.922877857124824 ], [ 127.559048198864218, 35.922991319601259 ], [ 127.561756337077043, 35.923066576544272 ], [ 127.563112132864589, 35.922984928951969 ], [ 127.563321800447994, 35.922845889208389 ], [ 127.566824774496808, 35.918377932203263 ], [ 127.567318418895326, 35.917718735326439 ], [ 127.56828675723068, 35.915910982715161 ], [ 127.570557971542073, 35.912398437242658 ], [ 127.570772940782575, 35.912288629292242 ], [ 127.573408241120717, 35.910857810829867 ], [ 127.573899434130112, 35.910587716086432 ], [ 127.574482737894101, 35.910266963100199 ], [ 127.575633276409064, 35.909537670057411 ], [ 127.576720110216414, 35.908524193669699 ], [ 127.577167950230574, 35.907944689405006 ], [ 127.57726904197726, 35.90771828111086 ], [ 127.577451053996356, 35.907315754529364 ], [ 127.57789233126428, 35.906539636179545 ], [ 127.578014336287211, 35.906363337649779 ], [ 127.578559170222121, 35.905703866221316 ], [ 127.578977867343937, 35.905358784086594 ], [ 127.579304953832363, 35.905131295585853 ], [ 127.579591566429457, 35.904987673589041 ], [ 127.579898654699704, 35.904835586507808 ], [ 127.580111451959226, 35.904732586538508 ], [ 127.580195528174855, 35.904691891320617 ], [ 127.580815665049087, 35.904500634823762 ], [ 127.582225518062586, 35.903546773069863 ], [ 127.582862817966245, 35.902944054104744 ], [ 127.583960141809371, 35.899982682234409 ], [ 127.583959932859344, 35.899851983310128 ], [ 127.583931189827467, 35.898238495995145 ], [ 127.583847376381854, 35.896217849098633 ], [ 127.583437775137597, 35.895776383438474 ], [ 127.581627220209029, 35.893295786505455 ], [ 127.580821056094464, 35.89190649129786 ], [ 127.58062235013584, 35.890715069931282 ], [ 127.580587578267085, 35.890171350828616 ], [ 127.580494826561406, 35.889422895797374 ], [ 127.58043143364408, 35.889180546511682 ], [ 127.580224009752982, 35.888905406312155 ], [ 127.579852123561608, 35.888614339139949 ], [ 127.579433879362938, 35.888302561710816 ], [ 127.579062559030206, 35.888086796942751 ], [ 127.578537488599736, 35.887913598429982 ], [ 127.578175825951362, 35.887614117214049 ], [ 127.577978251696507, 35.887280344792572 ], [ 127.575828782474588, 35.883328611983409 ], [ 127.575661449066047, 35.882911020606116 ], [ 127.575674098043137, 35.882530236718452 ], [ 127.57578247223293, 35.881893784567069 ], [ 127.575861799407591, 35.881500125866751 ], [ 127.575864670941812, 35.881186343230418 ], [ 127.575791213336771, 35.880969137156441 ], [ 127.575635168795216, 35.880693754243218 ], [ 127.574881114481158, 35.879379451530241 ], [ 127.5742765887845, 35.878859361189079 ], [ 127.572772688414972, 35.877800824780444 ], [ 127.571184475999445, 35.877207070929266 ], [ 127.570024010915859, 35.876558991234447 ], [ 127.569646829444949, 35.876194787622147 ], [ 127.569395440211423, 35.875807618248345 ], [ 127.569116613094707, 35.875378152316777 ], [ 127.568824690715928, 35.874619801894148 ], [ 127.568691356519892, 35.874273435173791 ], [ 127.568204514857129, 35.873535005545328 ], [ 127.56760188417708, 35.873067284455303 ], [ 127.565882636837969, 35.872081937665165 ], [ 127.565516322567646, 35.871735095235259 ], [ 127.565170183569293, 35.871213870455129 ], [ 127.564572757553009, 35.869961791195834 ], [ 127.564396313634944, 35.869360217337189 ], [ 127.564276681275317, 35.868952329047474 ], [ 127.564182991220505, 35.868735130740163 ], [ 127.564059090350938, 35.868447902069583 ], [ 127.563639803617079, 35.868171024642358 ], [ 127.563328369492481, 35.868015602174154 ], [ 127.55953990244933, 35.867972269396745 ], [ 127.558716619142615, 35.868071945911439 ], [ 127.557807373148052, 35.868119745940909 ], [ 127.557153108748267, 35.867904913100787 ], [ 127.556336758117695, 35.867464243445262 ], [ 127.556129557013605, 35.866907507960818 ], [ 127.555985441614354, 35.864651149709125 ], [ 127.556067278203528, 35.864110487145027 ], [ 127.556543685647057, 35.863376285423001 ], [ 127.556678964627139, 35.862826645933275 ], [ 127.556643939847334, 35.862408539415398 ], [ 127.556332375235641, 35.860693233300118 ], [ 127.55619889577163, 35.859961851375466 ], [ 127.555636073010376, 35.859040718239726 ], [ 127.555054497936283, 35.858494400640112 ], [ 127.550785321067082, 35.855394258143022 ], [ 127.550463137207657, 35.85522144588775 ], [ 127.55002394770554, 35.855145034542119 ], [ 127.545774615417372, 35.854894200241134 ], [ 127.544993698195881, 35.854915190897025 ], [ 127.544021477360729, 35.855119990680137 ], [ 127.542610806956972, 35.855361644571545 ], [ 127.541573411737659, 35.855427306628137 ], [ 127.541306814517597, 35.855366358261378 ], [ 127.540394301385604, 35.855157714449277 ], [ 127.539553485514489, 35.855905296871647 ], [ 127.536674906592012, 35.860862668149359 ], [ 127.536142836918074, 35.86189538979761 ], [ 127.535619953847032, 35.863184139600733 ], [ 127.535317683273504, 35.863880507258884 ], [ 127.533406711713823, 35.865827767105152 ], [ 127.532125396039149, 35.866784544708352 ], [ 127.530074318177626, 35.867951968382059 ], [ 127.528835073574839, 35.868487839171181 ], [ 127.528079847916558, 35.868631376519851 ], [ 127.527938402860684, 35.86875393344998 ], [ 127.527934471729495, 35.86889944226224 ], [ 127.527926377604615, 35.869199052311842 ], [ 127.527942516977447, 35.869375793766842 ], [ 127.528090822286188, 35.869737138703314 ], [ 127.528269729710672, 35.870173034300016 ], [ 127.528699272762253, 35.871725846835318 ], [ 127.528854945625625, 35.87262138416235 ], [ 127.52887992204127, 35.872999270537612 ], [ 127.528831584151902, 35.873615264460767 ], [ 127.528763424209814, 35.873686348673168 ], [ 127.528554583955909, 35.873904116488077 ], [ 127.527500182342948, 35.874950190626137 ], [ 127.526652875699725, 35.875898913792511 ], [ 127.526470350045855, 35.876606921429335 ], [ 127.526172573865196, 35.878004394644314 ], [ 127.526157129092766, 35.878201818740351 ], [ 127.526231053795712, 35.878681936622513 ], [ 127.527956553185589, 35.884583851659052 ], [ 127.528172784962166, 35.885178647581235 ], [ 127.528630452196339, 35.885719547816116 ], [ 127.529617850733942, 35.886993172736069 ], [ 127.530809408117861, 35.888813618330737 ], [ 127.530929206305018, 35.889091750793803 ], [ 127.530955039162137, 35.889427944981627 ], [ 127.530852021292105, 35.889899225519464 ], [ 127.530391413775362, 35.890693989434681 ], [ 127.53000447911532, 35.891041611704452 ], [ 127.529219328267587, 35.891813769794801 ], [ 127.529124904203755, 35.892693406739333 ], [ 127.529139381211138, 35.893096900076728 ], [ 127.529260187296416, 35.893528771862449 ], [ 127.529588676136953, 35.894147097820181 ], [ 127.530053727568173, 35.894904157350673 ], [ 127.53043604438993, 35.895632744197414 ], [ 127.530562231892048, 35.895982911026373 ], [ 127.530593008601954, 35.896295957515484 ], [ 127.530625493191096, 35.896626432566613 ], [ 127.53060356049096, 35.896876358117041 ], [ 127.530534567441364, 35.897145702779511 ], [ 127.52968785755354, 35.899311414777344 ], [ 127.529524490716511, 35.899581190472681 ], [ 127.529219201374758, 35.899793934078026 ], [ 127.528536810416497, 35.900065960462655 ], [ 127.528053798519565, 35.900164179286946 ], [ 127.527558419604006, 35.900175955400428 ], [ 127.526756168759363, 35.900160245948953 ], [ 127.526313455580222, 35.900109349638356 ], [ 127.523033888230955, 35.899301446508822 ], [ 127.522698478698985, 35.899606177756638 ], [ 127.522351788444254, 35.899967826954878 ], [ 127.522144911897556, 35.900357288424914 ], [ 127.522071794519334, 35.900741437967653 ], [ 127.522122565313239, 35.901385686169675 ], [ 127.522183225302058, 35.901764507731315 ], [ 127.522576496210178, 35.902298273613361 ], [ 127.523068094895052, 35.902741565385526 ], [ 127.523884043452654, 35.903851610180823 ], [ 127.524272682017411, 35.904560721524305 ], [ 127.524680678000124, 35.905558791312217 ], [ 127.524906321521115, 35.906249666298976 ], [ 127.524955100820151, 35.906590635484122 ], [ 127.523890954779631, 35.911983114522016 ], [ 127.523799797042514, 35.912277306455536 ], [ 127.523553000897948, 35.912794892285604 ], [ 127.52319531839423, 35.913260828813968 ], [ 127.522731972684113, 35.913585078656411 ], [ 127.52229132340922, 35.9138239096104 ], [ 127.521281653872308, 35.91424529941132 ], [ 127.520689368462968, 35.914427924306189 ], [ 127.519960440650152, 35.914616196899146 ], [ 127.51996251440282, 35.914933994171015 ], [ 127.519607496360578, 35.9165347081953 ], [ 127.518960364941165, 35.917518705079161 ], [ 127.516128037367693, 35.92113280939342 ], [ 127.514971485775092, 35.921907080088381 ], [ 127.513777748432489, 35.922681493484653 ], [ 127.51319186208174, 35.923092615899527 ], [ 127.512621512690615, 35.923511234255209 ], [ 127.512153544574645, 35.92395715550569 ], [ 127.511571892021763, 35.92454733201712 ], [ 127.511173618902674, 35.925235111885122 ], [ 127.511073254378218, 35.925525610410034 ], [ 127.511305156824832, 35.926425115256372 ], [ 127.511729187091873, 35.92733388473323 ], [ 127.512241127409197, 35.928423875304858 ], [ 127.512385012649162, 35.928640179071188 ], [ 127.512665721172439, 35.928936623700501 ], [ 127.513048515303083, 35.929209939452569 ], [ 127.513482728902986, 35.92929384082305 ], [ 127.513904233055882, 35.929322314120704 ], [ 127.514724183140501, 35.929175037445489 ], [ 127.515528609079823, 35.92902024951028 ], [ 127.515967082298289, 35.928801450873678 ], [ 127.516630677163107, 35.928427813144275 ], [ 127.516950818768976, 35.928113664442677 ], [ 127.51744049987856, 35.927675188745972 ], [ 127.518119278619466, 35.927258587132975 ], [ 127.518546229340544, 35.927176038571126 ], [ 127.52114668449444, 35.926927712296767 ], [ 127.521469166163229, 35.926976750181687 ], [ 127.523083062793162, 35.927920677643293 ], [ 127.523369375253765, 35.928121229418217 ], [ 127.523547351431361, 35.928334849831131 ], [ 127.523661485128613, 35.928732886969883 ], [ 127.523681664026853, 35.928974936914898 ], [ 127.523587542860625, 35.929265419237929 ], [ 127.523477824011678, 35.929538307899591 ], [ 127.523336517172865, 35.929720540803373 ], [ 127.523019750957573, 35.930072529027278 ], [ 127.522766995822337, 35.930265328635272 ], [ 127.522433533314626, 35.93043325220772 ], [ 127.5221312809323, 35.930636344311587 ], [ 127.521451452137526, 35.93136825343484 ], [ 127.521323219362756, 35.93165637234496 ], [ 127.52139743301143, 35.932107531127365 ], [ 127.52192236763706, 35.932791344057534 ], [ 127.522774178581685, 35.933718410829115 ], [ 127.523344286607923, 35.934202742350642 ], [ 127.52446769704396, 35.93684884839967 ], [ 127.524711442887053, 35.937637276278636 ], [ 127.524943137067112, 35.938476213899911 ], [ 127.525036102018632, 35.940357472330575 ], [ 127.525046370130823, 35.941444570244968 ], [ 127.524843894640284, 35.9422198089094 ], [ 127.524641633421723, 35.942558685656664 ], [ 127.524475975365277, 35.943278279880083 ], [ 127.524428635176349, 35.94361648528367 ], [ 127.525608594719273, 35.951516386950487 ], [ 127.525834464004177, 35.952872420369744 ], [ 127.52603164411633, 35.953428174485722 ], [ 127.526502285992947, 35.954519096540658 ], [ 127.526746656097203, 35.954921609074695 ], [ 127.527410538329278, 35.955501374550678 ], [ 127.527890214710453, 35.955872581225996 ], [ 127.528312448705293, 35.955991802948134 ], [ 127.528696530708203, 35.955964872869743 ], [ 127.528983850292974, 35.955834975083178 ], [ 127.5293275810496, 35.95533403505587 ], [ 127.529636650075901, 35.954744966542698 ], [ 127.529764935844611, 35.954466937781532 ], [ 127.529875104179908, 35.953792976067305 ], [ 127.529872148188034, 35.953349057137459 ], [ 127.529803568672307, 35.952822178300373 ], [ 127.530049202621655, 35.952016464845265 ], [ 127.530307284537329, 35.951220786071261 ], [ 127.53054564767325, 35.950720306914135 ], [ 127.53105059841684, 35.950238823846362 ], [ 127.531322406393173, 35.950106467489654 ], [ 127.531796418170615, 35.950096796694062 ], [ 127.53210034358402, 35.950135813762124 ], [ 127.532348596240936, 35.950190206570412 ], [ 127.533222509672228, 35.950668102641544 ], [ 127.533640211439305, 35.951039563436296 ], [ 127.534213220765196, 35.951465814899386 ], [ 127.534611327215458, 35.951686023353581 ], [ 127.534943090253137, 35.951717327305602 ], [ 127.535469474537948, 35.95165949474201 ], [ 127.535772187062875, 35.951516895040754 ], [ 127.536000699814281, 35.951399850211288 ], [ 127.536247737342137, 35.951272640103618 ], [ 127.536577426926627, 35.950996215385338 ], [ 127.536897777552895, 35.950712293096991 ], [ 127.537374380146616, 35.950167844106936 ], [ 127.538188206965984, 35.949087154147925 ], [ 127.53880497016776, 35.948194004214059 ], [ 127.539073553373385, 35.947592475383416 ], [ 127.539413497409384, 35.947003242877663 ], [ 127.539714917472139, 35.946673989240516 ], [ 127.540235778185547, 35.946265553971863 ], [ 127.54130390255213, 35.945685653721725 ], [ 127.542297035127476, 35.945471814701591 ], [ 127.547052304155116, 35.944453945925304 ], [ 127.550700164918908, 35.944159835500116 ], [ 127.551427817644267, 35.944093446585015 ], [ 127.55192935424499, 35.944035656112 ], [ 127.552844794394673, 35.94379434472534 ], [ 127.553308367286562, 35.943555879489956 ] ] ] ] } },
{ "type": "Feature", "properties": { "OBJECTID": 2391, "adm_nm": "전북특별자치도 진안군 동향면", "adm_cd": "3532033", "adm_cd2": "4572033000", "sgg": "45720", "sido": "45", "sidonm": "전북특별자치도", "sggnm": "진안군" }, "geometry": { "type": "MultiPolygon", "coordinates": [ [ [ [ 127.597597902392437, 35.880805481139348 ], [ 127.597694148835885, 35.88072610342477 ], [ 127.597953863878828, 35.879847043794406 ], [ 127.598092471939722, 35.8789587525511 ], [ 127.598165415180191, 35.878194048211505 ], [ 127.598255547742781, 35.876210615489249 ], [ 127.598214318859448, 35.874432042202301 ], [ 127.599100234638811, 35.872330959246426 ], [ 127.602970770314272, 35.869124986507302 ], [ 127.607322637897113, 35.865696970770898 ], [ 127.607987738800517, 35.86515620061644 ], [ 127.608245557648516, 35.863618326685852 ], [ 127.608586200498124, 35.861974095553634 ], [ 127.60910657948223, 35.86080734845406 ], [ 127.612343293407648, 35.859843212572898 ], [ 127.613085845159844, 35.859718322117772 ], [ 127.614199912848193, 35.859561253832709 ], [ 127.615651877781247, 35.85983390545919 ], [ 127.616404010175586, 35.859746792698623 ], [ 127.617051337061, 35.859327165303228 ], [ 127.617603604843879, 35.85863552094996 ], [ 127.61962349064261, 35.855446068836827 ], [ 127.61979629330277, 35.854960740933414 ], [ 127.619766190702393, 35.854673276366803 ], [ 127.619523475835962, 35.853334768292946 ], [ 127.620931358129127, 35.8503452127649 ], [ 127.621701542450609, 35.849009052038653 ], [ 127.622523387030398, 35.84851871212922 ], [ 127.623934936870398, 35.847748448896226 ], [ 127.624330033752244, 35.847540494010175 ], [ 127.625785005216699, 35.846840293576214 ], [ 127.627010052739095, 35.846150638609089 ], [ 127.628381991979296, 35.845132595016509 ], [ 127.628415525122676, 35.845010748924643 ], [ 127.628356855914859, 35.844861283828592 ], [ 127.628229425183719, 35.844740269588108 ], [ 127.628079852167275, 35.844731692429129 ], [ 127.627619751352682, 35.844715383001841 ], [ 127.6265555797562, 35.844655391410178 ], [ 127.626117827924531, 35.844554713624731 ], [ 127.624549748600074, 35.844019966193606 ], [ 127.624262608126031, 35.843890235821306 ], [ 127.62285789714781, 35.84325546831468 ], [ 127.622063562265438, 35.842812656769816 ], [ 127.621627704295634, 35.842292023301262 ], [ 127.621412696057249, 35.841656188298309 ], [ 127.621339718171441, 35.841276279760265 ], [ 127.620750682817402, 35.840566312636938 ], [ 127.619798648832074, 35.839696585709653 ], [ 127.619082420923135, 35.839134611294092 ], [ 127.614262078192596, 35.836012525641934 ], [ 127.610745493648665, 35.83395317357558 ], [ 127.610071963821525, 35.833619072607888 ], [ 127.609536544810268, 35.833032363482225 ], [ 127.607105343237521, 35.830197320233211 ], [ 127.605376333644656, 35.826075300333557 ], [ 127.604828951729417, 35.824666288710937 ], [ 127.604663703974111, 35.823645138432184 ], [ 127.604532880972812, 35.822547745626999 ], [ 127.603487180569374, 35.818864514636616 ], [ 127.602758988445174, 35.817850740552508 ], [ 127.602425918086368, 35.817001527917803 ], [ 127.602288712391541, 35.816598192554999 ], [ 127.60244290413263, 35.815385287264064 ], [ 127.602632523607795, 35.814229263471162 ], [ 127.602646832193159, 35.813031334621293 ], [ 127.602626232505116, 35.811847827932887 ], [ 127.598662922738072, 35.807280058925187 ], [ 127.592781433889726, 35.801786064958009 ], [ 127.589733557481864, 35.800527089363676 ], [ 127.585447802708273, 35.797458244021982 ], [ 127.582354501859598, 35.795529064637812 ], [ 127.579344437473566, 35.793799054308401 ], [ 127.579034602348642, 35.793695953756185 ], [ 127.578574346724466, 35.793755199148094 ], [ 127.578208882594225, 35.794023147055512 ], [ 127.577725383089273, 35.794904864001488 ], [ 127.577366274735795, 35.795244067827149 ], [ 127.577139420644556, 35.795325961209791 ], [ 127.576917504509055, 35.795284243633603 ], [ 127.576787839003813, 35.79509473371278 ], [ 127.576568471507784, 35.794283852854058 ], [ 127.576294290371195, 35.793967572943622 ], [ 127.57559597966862, 35.793855402821301 ], [ 127.572197323490485, 35.793937533315194 ], [ 127.57056805945173, 35.794656119336572 ], [ 127.569915600049526, 35.795746366782097 ], [ 127.568679828090282, 35.797108084407398 ], [ 127.565664940355347, 35.798474147733437 ], [ 127.564152034352134, 35.798988727257822 ], [ 127.561977754636104, 35.799460502151888 ], [ 127.561547736613406, 35.79901433508892 ], [ 127.560800018688184, 35.799419132864863 ], [ 127.560223148328774, 35.799731439340839 ], [ 127.559609368696499, 35.800366496865564 ], [ 127.559240008321609, 35.800924381814113 ], [ 127.55879722304897, 35.801824827607227 ], [ 127.558239599449891, 35.802987263501436 ], [ 127.558058819743266, 35.803268998405727 ], [ 127.557325725762738, 35.80408478778179 ], [ 127.556513327578671, 35.804630104757898 ], [ 127.553773732709814, 35.805760126446714 ], [ 127.552917716275232, 35.805958945495917 ], [ 127.547741921065281, 35.806472170473526 ], [ 127.547018788774039, 35.806489712534145 ], [ 127.545682487097508, 35.806395955783053 ], [ 127.544457445890629, 35.806368212249723 ], [ 127.543617856680498, 35.806410028730461 ], [ 127.542685672879585, 35.806561573686857 ], [ 127.542267233712693, 35.80678687943805 ], [ 127.542000661843431, 35.807040018877956 ], [ 127.541769502443287, 35.80821992037157 ], [ 127.541240271539934, 35.809310827226454 ], [ 127.540734116892764, 35.810056706917834 ], [ 127.540703162759144, 35.810102316981585 ], [ 127.535784244709745, 35.813313848821466 ], [ 127.534416887815567, 35.81337716147906 ], [ 127.533438096065595, 35.813552635582035 ], [ 127.529261502399507, 35.81354251670102 ], [ 127.528199281643296, 35.813452109723379 ], [ 127.525980679632767, 35.813098845475295 ], [ 127.525116474249003, 35.812960011569707 ], [ 127.524170355539411, 35.812783495613772 ], [ 127.523371610312822, 35.812606838154593 ], [ 127.520220325897782, 35.814764224720555 ], [ 127.519848378768046, 35.815123123347639 ], [ 127.518767159170295, 35.816600523693822 ], [ 127.518567542559026, 35.817150383599817 ], [ 127.518658080894753, 35.817916855456808 ], [ 127.520095898490254, 35.820298429413498 ], [ 127.523804056228343, 35.826391160215771 ], [ 127.524149051416131, 35.82680794300699 ], [ 127.524934368509932, 35.82750167242736 ], [ 127.526843364301257, 35.82828635703018 ], [ 127.528163037712474, 35.828908022410019 ], [ 127.528700291801854, 35.829280390651647 ], [ 127.529324849208592, 35.829913801974016 ], [ 127.529993862746778, 35.830799736308045 ], [ 127.530286760906478, 35.831417158813892 ], [ 127.530875609683079, 35.833113863424146 ], [ 127.531150195497446, 35.834193248296259 ], [ 127.53119650944393, 35.834724614628477 ], [ 127.531155987041402, 35.835064660011405 ], [ 127.530967336272553, 35.835649353792213 ], [ 127.530874891727862, 35.83622490266724 ], [ 127.531058651341539, 35.836511658520784 ], [ 127.532622639629921, 35.838456781621787 ], [ 127.53296674622068, 35.838725423279101 ], [ 127.533997193654244, 35.83925241717985 ], [ 127.536211199022944, 35.840802485658543 ], [ 127.536792184766711, 35.841296593466502 ], [ 127.536900217896502, 35.841452980287372 ], [ 127.537198462734821, 35.842854653860279 ], [ 127.537784249312182, 35.845649356450011 ], [ 127.537787828045282, 35.846180914769683 ], [ 127.537359424256039, 35.84929385711898 ], [ 127.53730698219222, 35.84945096214701 ], [ 127.537011872758399, 35.849711345725844 ], [ 127.536860298388376, 35.849845078671514 ], [ 127.536478375838868, 35.850326073508249 ], [ 127.53633181128474, 35.850806006187177 ], [ 127.5360402684842, 35.852001180645495 ], [ 127.536003034160004, 35.85282920401329 ], [ 127.536390753651389, 35.85321091368332 ], [ 127.539633354941557, 35.854913161934235 ], [ 127.540394301385604, 35.855157714449277 ], [ 127.541306814517597, 35.855366358261378 ], [ 127.541573411737659, 35.855427306628137 ], [ 127.542610806956972, 35.855361644571545 ], [ 127.544021477360729, 35.855119990680137 ], [ 127.544993698195881, 35.854915190897025 ], [ 127.545774615417372, 35.854894200241134 ], [ 127.55002394770554, 35.855145034542119 ], [ 127.550463137207657, 35.85522144588775 ], [ 127.550785321067082, 35.855394258143022 ], [ 127.555054497936283, 35.858494400640112 ], [ 127.555636073010376, 35.859040718239726 ], [ 127.55619889577163, 35.859961851375466 ], [ 127.556332375235641, 35.860693233300118 ], [ 127.556643939847334, 35.862408539415398 ], [ 127.556678964627139, 35.862826645933275 ], [ 127.556543685647057, 35.863376285423001 ], [ 127.556067278203528, 35.864110487145027 ], [ 127.555985441614354, 35.864651149709125 ], [ 127.556129557013605, 35.866907507960818 ], [ 127.556336758117695, 35.867464243445262 ], [ 127.557153108748267, 35.867904913100787 ], [ 127.557807373148052, 35.868119745940909 ], [ 127.558716619142615, 35.868071945911439 ], [ 127.55953990244933, 35.867972269396745 ], [ 127.563328369492481, 35.868015602174154 ], [ 127.563639803617079, 35.868171024642358 ], [ 127.564059090350938, 35.868447902069583 ], [ 127.564182991220505, 35.868735130740163 ], [ 127.564276681275317, 35.868952329047474 ], [ 127.564396313634944, 35.869360217337189 ], [ 127.564572757553009, 35.869961791195834 ], [ 127.565170183569293, 35.871213870455129 ], [ 127.565516322567646, 35.871735095235259 ], [ 127.565882636837969, 35.872081937665165 ], [ 127.56760188417708, 35.873067284455303 ], [ 127.568204514857129, 35.873535005545328 ], [ 127.568691356519892, 35.874273435173791 ], [ 127.568824690715928, 35.874619801894148 ], [ 127.569116613094707, 35.875378152316777 ], [ 127.569395440211423, 35.875807618248345 ], [ 127.569646829444949, 35.876194787622147 ], [ 127.570024010915859, 35.876558991234447 ], [ 127.571184475999445, 35.877207070929266 ], [ 127.572772688414972, 35.877800824780444 ], [ 127.5742765887845, 35.878859361189079 ], [ 127.574881114481158, 35.879379451530241 ], [ 127.576264545208147, 35.878962831489474 ], [ 127.579931189709384, 35.877084673479395 ], [ 127.580973336974481, 35.87629349019565 ], [ 127.581104898040678, 35.876170464739516 ], [ 127.581858293963094, 35.875791398961404 ], [ 127.58264138421255, 35.875689998463258 ], [ 127.589017965635591, 35.877558683430578 ], [ 127.589471906080433, 35.877841803231746 ], [ 127.589912398035665, 35.878501032664843 ], [ 127.590047438569115, 35.878756794667865 ], [ 127.591405269282461, 35.880673321494889 ], [ 127.591826280808448, 35.881129860708349 ], [ 127.592069965465527, 35.881345637282323 ], [ 127.592288729466929, 35.881462918781189 ], [ 127.592592371569211, 35.881599492990716 ], [ 127.592967620670592, 35.881597646067249 ], [ 127.593427585793719, 35.881595380481976 ], [ 127.594358240625127, 35.881403401314543 ], [ 127.595790310324404, 35.881085654203126 ], [ 127.59685374219714, 35.880843692399957 ], [ 127.597597902392437, 35.880805481139348 ] ] ] ] } },
{ "type": "Feature", "properties": { "OBJECTID": 2392, "adm_nm": "전북특별자치도 진안군 상전면", "adm_cd": "3532034", "adm_cd2": "4572034000", "sgg": "45720", "sido": "45", "sidonm": "전북특별자치도", "sggnm": "진안군" }, "geometry": { "type": "MultiPolygon", "coordinates": [ [ [ [ 127.523033888230955, 35.899301446508822 ], [ 127.526313455580222, 35.900109349638356 ], [ 127.526756168759363, 35.900160245948953 ], [ 127.527558419604006, 35.900175955400428 ], [ 127.528053798519565, 35.900164179286946 ], [ 127.528536810416497, 35.900065960462655 ], [ 127.529219201374758, 35.899793934078026 ], [ 127.529524490716511, 35.899581190472681 ], [ 127.52968785755354, 35.899311414777344 ], [ 127.530534567441364, 35.897145702779511 ], [ 127.53060356049096, 35.896876358117041 ], [ 127.530625493191096, 35.896626432566613 ], [ 127.530593008601954, 35.896295957515484 ], [ 127.530562231892048, 35.895982911026373 ], [ 127.53043604438993, 35.895632744197414 ], [ 127.530053727568173, 35.894904157350673 ], [ 127.529588676136953, 35.894147097820181 ], [ 127.529260187296416, 35.893528771862449 ], [ 127.529139381211138, 35.893096900076728 ], [ 127.529124904203755, 35.892693406739333 ], [ 127.529219328267587, 35.891813769794801 ], [ 127.53000447911532, 35.891041611704452 ], [ 127.530391413775362, 35.890693989434681 ], [ 127.530852021292105, 35.889899225519464 ], [ 127.530955039162137, 35.889427944981627 ], [ 127.530929206305018, 35.889091750793803 ], [ 127.530809408117861, 35.888813618330737 ], [ 127.529617850733942, 35.886993172736069 ], [ 127.528630452196339, 35.885719547816116 ], [ 127.528172784962166, 35.885178647581235 ], [ 127.527956553185589, 35.884583851659052 ], [ 127.526231053795712, 35.878681936622513 ], [ 127.526157129092766, 35.878201818740351 ], [ 127.526172573865196, 35.878004394644314 ], [ 127.526470350045855, 35.876606921429335 ], [ 127.526652875699725, 35.875898913792511 ], [ 127.527500182342948, 35.874950190626137 ], [ 127.528554583955909, 35.873904116488077 ], [ 127.528763424209814, 35.873686348673168 ], [ 127.528831584151902, 35.873615264460767 ], [ 127.52887992204127, 35.872999270537612 ], [ 127.528854945625625, 35.87262138416235 ], [ 127.528699272762253, 35.871725846835318 ], [ 127.528269729710672, 35.870173034300016 ], [ 127.528090822286188, 35.869737138703314 ], [ 127.527942516977447, 35.869375793766842 ], [ 127.527926377604615, 35.869199052311842 ], [ 127.527934471729495, 35.86889944226224 ], [ 127.527938402860684, 35.86875393344998 ], [ 127.528079847916558, 35.868631376519851 ], [ 127.528835073574839, 35.868487839171181 ], [ 127.530074318177626, 35.867951968382059 ], [ 127.532125396039149, 35.866784544708352 ], [ 127.533406711713823, 35.865827767105152 ], [ 127.535317683273504, 35.863880507258884 ], [ 127.535619953847032, 35.863184139600733 ], [ 127.536142836918074, 35.86189538979761 ], [ 127.536674906592012, 35.860862668149359 ], [ 127.539553485514489, 35.855905296871647 ], [ 127.540394301385604, 35.855157714449277 ], [ 127.539633354941557, 35.854913161934235 ], [ 127.536390753651389, 35.85321091368332 ], [ 127.536003034160004, 35.85282920401329 ], [ 127.5360402684842, 35.852001180645495 ], [ 127.53633181128474, 35.850806006187177 ], [ 127.536478375838868, 35.850326073508249 ], [ 127.536860298388376, 35.849845078671514 ], [ 127.537011872758399, 35.849711345725844 ], [ 127.53730698219222, 35.84945096214701 ], [ 127.537359424256039, 35.84929385711898 ], [ 127.537787828045282, 35.846180914769683 ], [ 127.537784249312182, 35.845649356450011 ], [ 127.537198462734821, 35.842854653860279 ], [ 127.536900217896502, 35.841452980287372 ], [ 127.536792184766711, 35.841296593466502 ], [ 127.536211199022944, 35.840802485658543 ], [ 127.533997193654244, 35.83925241717985 ], [ 127.53296674622068, 35.838725423279101 ], [ 127.532622639629921, 35.838456781621787 ], [ 127.531058651341539, 35.836511658520784 ], [ 127.530874891727862, 35.83622490266724 ], [ 127.530967336272553, 35.835649353792213 ], [ 127.531155987041402, 35.835064660011405 ], [ 127.53119650944393, 35.834724614628477 ], [ 127.531150195497446, 35.834193248296259 ], [ 127.530875609683079, 35.833113863424146 ], [ 127.530286760906478, 35.831417158813892 ], [ 127.529993862746778, 35.830799736308045 ], [ 127.529324849208592, 35.829913801974016 ], [ 127.528700291801854, 35.829280390651647 ], [ 127.528163037712474, 35.828908022410019 ], [ 127.526843364301257, 35.82828635703018 ], [ 127.524934368509932, 35.82750167242736 ], [ 127.524837355587493, 35.827738107282954 ], [ 127.524288721068942, 35.827998310711529 ], [ 127.517445695756521, 35.829339420856982 ], [ 127.516263067455284, 35.829434167543894 ], [ 127.515051760302342, 35.829449529360389 ], [ 127.514476747279289, 35.826961436420412 ], [ 127.514479422527302, 35.826866313336595 ], [ 127.514516050287142, 35.825563597940032 ], [ 127.511419080875825, 35.822735628513627 ], [ 127.509278422025872, 35.821951924452087 ], [ 127.507149718518789, 35.821135250634526 ], [ 127.506982185525246, 35.820582407894271 ], [ 127.506993109979007, 35.82016845121359 ], [ 127.507265404288177, 35.819297903233831 ], [ 127.507622851679187, 35.81802621040282 ], [ 127.506674283124497, 35.817020289416689 ], [ 127.504947289447074, 35.816466465933409 ], [ 127.502158071991161, 35.816251343804481 ], [ 127.498776344235253, 35.816291416016327 ], [ 127.498389969430619, 35.813894114224908 ], [ 127.498401004453541, 35.813456893298984 ], [ 127.498560279567386, 35.812525801415575 ], [ 127.498718068163825, 35.811359336023941 ], [ 127.498312470138657, 35.810284875136148 ], [ 127.497869464945467, 35.809421027583035 ], [ 127.49704078143354, 35.806574615906193 ], [ 127.496830186257597, 35.80562294412821 ], [ 127.496820089772427, 35.805511872841031 ], [ 127.497513350641498, 35.80351969271301 ], [ 127.499199392691992, 35.800315656133499 ], [ 127.500225572938234, 35.799459438066151 ], [ 127.500566948188194, 35.799065682140458 ], [ 127.500904316420559, 35.798032970831194 ], [ 127.501113212021025, 35.796249732563375 ], [ 127.500941731392501, 35.795219151232828 ], [ 127.500319592716536, 35.792497729756541 ], [ 127.500055502411001, 35.792050422852334 ], [ 127.499198482257441, 35.791347757091962 ], [ 127.493015942644675, 35.787707025233985 ], [ 127.492309363540102, 35.787366526194809 ], [ 127.492189967167562, 35.78732401853533 ], [ 127.490526225162583, 35.786866126090231 ], [ 127.490370269691539, 35.786831238789958 ], [ 127.489908340440849, 35.786773367883214 ], [ 127.488266055276938, 35.786636373580997 ], [ 127.488158271386098, 35.786629331230081 ], [ 127.488022256176251, 35.786670968395796 ], [ 127.487335274638383, 35.786910769422228 ], [ 127.487234876016018, 35.786970936061721 ], [ 127.487157588919018, 35.787066417287235 ], [ 127.486263564514957, 35.788677134326221 ], [ 127.485890676433741, 35.789512920224659 ], [ 127.485812124211719, 35.789966839122727 ], [ 127.485629389008295, 35.790824302468209 ], [ 127.485336882318961, 35.79131081331289 ], [ 127.482203735025422, 35.793947712944906 ], [ 127.482080636768643, 35.794043463509553 ], [ 127.481913706826461, 35.79409821406194 ], [ 127.480606792927873, 35.794515938071122 ], [ 127.478505806324222, 35.79565174405225 ], [ 127.477847269255264, 35.796059381779735 ], [ 127.477670530950405, 35.796194462112709 ], [ 127.476909456331711, 35.79708970411297 ], [ 127.476815261771492, 35.797246890601912 ], [ 127.476286878678408, 35.798171043170164 ], [ 127.47612372156361, 35.798472167970203 ], [ 127.47592146136499, 35.798948914881002 ], [ 127.475855420777464, 35.799210530562945 ], [ 127.475861285263136, 35.799415824446655 ], [ 127.475854840694524, 35.799690181193085 ], [ 127.475841863839648, 35.799815337594694 ], [ 127.475798842911018, 35.799890133121906 ], [ 127.475106565088083, 35.800624572268504 ], [ 127.473835812631478, 35.801734597782264 ], [ 127.473639761105872, 35.801901458221963 ], [ 127.473534807540489, 35.80198207823603 ], [ 127.473280287734582, 35.802139901743466 ], [ 127.472980962763302, 35.80229600065956 ], [ 127.472871717505697, 35.802326351776394 ], [ 127.472120355471915, 35.802502787319796 ], [ 127.471788038640284, 35.802563119516435 ], [ 127.468808092351551, 35.804288371090017 ], [ 127.468381810604129, 35.805479938533701 ], [ 127.468271958401346, 35.80563231554418 ], [ 127.468183905852172, 35.8057098941173 ], [ 127.463772469486912, 35.807885172828648 ], [ 127.463567475040492, 35.807983819694023 ], [ 127.463387698380842, 35.808061745572296 ], [ 127.463098725202741, 35.808141457188597 ], [ 127.462871058422962, 35.808147463130844 ], [ 127.462745964502602, 35.808115772046868 ], [ 127.462692344409035, 35.808123625688374 ], [ 127.462479606305266, 35.808528838208801 ], [ 127.462480498839156, 35.80868330907483 ], [ 127.462536659597816, 35.808828646599309 ], [ 127.462946854810795, 35.809487687082488 ], [ 127.46382463319766, 35.81089043879637 ], [ 127.464272896123887, 35.81156483070081 ], [ 127.464875706800953, 35.812443301506761 ], [ 127.466049104948397, 35.814894391683573 ], [ 127.466979902333819, 35.818041911283437 ], [ 127.467756879392439, 35.821102334755295 ], [ 127.46548747906337, 35.822524885678391 ], [ 127.461708702770167, 35.826155024452454 ], [ 127.459425778229985, 35.827886658809483 ], [ 127.457116532546863, 35.829136627833222 ], [ 127.457071175665064, 35.829157353411041 ], [ 127.455683113685907, 35.830101424576746 ], [ 127.455570019204501, 35.830181986740335 ], [ 127.455474477819266, 35.830254169333813 ], [ 127.453903947832799, 35.831989848034638 ], [ 127.453702154387045, 35.832235032638962 ], [ 127.453581799737094, 35.832383458614842 ], [ 127.453546811957153, 35.832439025433935 ], [ 127.45351751083416, 35.832538047093408 ], [ 127.453478027559129, 35.832995974275015 ], [ 127.453487571308571, 35.83335139905369 ], [ 127.453943275317059, 35.833361748421574 ], [ 127.454040691531702, 35.833365080230301 ], [ 127.45417097594482, 35.833386675979369 ], [ 127.458616949525876, 35.834744143294778 ], [ 127.464216467710628, 35.83665507427127 ], [ 127.464377777916411, 35.836741064509717 ], [ 127.464658430597055, 35.83692599908273 ], [ 127.46471531647326, 35.836982922376315 ], [ 127.465537250850318, 35.840312283163698 ], [ 127.46555124963551, 35.840378462361066 ], [ 127.465551573407268, 35.840433795675906 ], [ 127.465536833726375, 35.840477916653384 ], [ 127.465491160496043, 35.840551908382807 ], [ 127.465405612048656, 35.840648042286475 ], [ 127.464699208510467, 35.841428103641711 ], [ 127.463437888978731, 35.842945404959281 ], [ 127.463404174813746, 35.842993404953788 ], [ 127.46338852329653, 35.843022921864311 ], [ 127.463381973816979, 35.843058016250453 ], [ 127.463396116644887, 35.843150075754295 ], [ 127.463420446463616, 35.843260465544446 ], [ 127.463727747917403, 35.845477241015899 ], [ 127.463982640704401, 35.848046052779765 ], [ 127.463987605152766, 35.848119762377642 ], [ 127.464042429710275, 35.84898168061904 ], [ 127.464029147134198, 35.849040664040089 ], [ 127.463314202870237, 35.851091849107483 ], [ 127.463278492199095, 35.851174904152373 ], [ 127.46321695951363, 35.851311494695771 ], [ 127.463167537302496, 35.851379818498899 ], [ 127.463129336808208, 35.851414943688901 ], [ 127.461036267625843, 35.852863585933328 ], [ 127.458451252999581, 35.853594890143349 ], [ 127.457567201044654, 35.853832218422262 ], [ 127.457398235765154, 35.853846551136563 ], [ 127.457810478728774, 35.856779074087441 ], [ 127.463861681382497, 35.858710185945519 ], [ 127.463992261028849, 35.858793682297907 ], [ 127.464084109678552, 35.858903358869313 ], [ 127.464125906317875, 35.859104174671252 ], [ 127.464204532589122, 35.859545574991905 ], [ 127.464173715275749, 35.8597673046119 ], [ 127.464019633783607, 35.860018362079117 ], [ 127.463920930355613, 35.860179690084401 ], [ 127.463918370769406, 35.860331119228228 ], [ 127.463973243289018, 35.860457525039372 ], [ 127.465529918560648, 35.863962216135008 ], [ 127.465756429857436, 35.864262715196851 ], [ 127.470041475104097, 35.867803529392745 ], [ 127.470941594795136, 35.86854597283449 ], [ 127.476674396658538, 35.872804137531645 ], [ 127.479259308758913, 35.874044181357377 ], [ 127.479402369319274, 35.873950862841298 ], [ 127.479491377894732, 35.873930315875043 ], [ 127.481333246185585, 35.873886742788279 ], [ 127.481481725434946, 35.873884082566811 ], [ 127.481625438136703, 35.873899638531341 ], [ 127.48177172361541, 35.873937356371314 ], [ 127.482664569270568, 35.874179820564805 ], [ 127.483339497306773, 35.874421172463904 ], [ 127.483706899543947, 35.874583011051378 ], [ 127.488216778661283, 35.876805291329227 ], [ 127.488368490314272, 35.876915522888325 ], [ 127.488406362167723, 35.877022252275644 ], [ 127.488034543575722, 35.877771973635738 ], [ 127.487931538732596, 35.87793164166338 ], [ 127.487856398273308, 35.877993501858491 ], [ 127.486508066439924, 35.879094272168693 ], [ 127.484246782349416, 35.880554383751004 ], [ 127.481885850553425, 35.882032851038716 ], [ 127.481555492793973, 35.882340589512317 ], [ 127.480597695748372, 35.883281704466903 ], [ 127.480620492316859, 35.883389767242782 ], [ 127.481308291669549, 35.883585293417461 ], [ 127.482261210553759, 35.883671603171422 ], [ 127.483435576795372, 35.883748013867823 ], [ 127.483767577498469, 35.883710618856306 ], [ 127.485012377008047, 35.885445223841025 ], [ 127.486753886766479, 35.887293471564298 ], [ 127.490117372023334, 35.890736585754581 ], [ 127.492972531009741, 35.893621602720906 ], [ 127.493772341331521, 35.894344683381775 ], [ 127.495400912505247, 35.895248136002827 ], [ 127.499201929596396, 35.897777225737848 ], [ 127.50166316524485, 35.899705111689038 ], [ 127.502411252520645, 35.900251687122889 ], [ 127.503035768292193, 35.90057604948661 ], [ 127.503805097799813, 35.900800283972494 ], [ 127.504434267513517, 35.900939807172549 ], [ 127.504864936392707, 35.900966436660774 ], [ 127.50581260611888, 35.900872436921631 ], [ 127.507498013815962, 35.900609447754803 ], [ 127.508497338527221, 35.900406208035484 ], [ 127.508688865966064, 35.900334321634929 ], [ 127.510596709216671, 35.897563608613332 ], [ 127.510751372333843, 35.897188608111428 ], [ 127.510931930471273, 35.896315918123022 ], [ 127.511044749490495, 35.89576575525637 ], [ 127.511101968397767, 35.894708788752411 ], [ 127.511086506304792, 35.894111788913186 ], [ 127.510961427893193, 35.893575580233019 ], [ 127.510942960188558, 35.893496366423562 ], [ 127.510942232064309, 35.893382646362923 ], [ 127.511969601527113, 35.893032360149562 ], [ 127.512910888549641, 35.892867240877436 ], [ 127.514887829508169, 35.893640684947563 ], [ 127.520525862529283, 35.897412116588761 ], [ 127.522311381249793, 35.898238385888931 ], [ 127.522709308295987, 35.898596794022005 ], [ 127.523033888230955, 35.899301446508822 ] ] ] ] } },
{ "type": "Feature", "properties": { "OBJECTID": 2393, "adm_nm": "전북특별자치도 진안군 백운면", "adm_cd": "3532035", "adm_cd2": "4572035000", "sgg": "45720", "sido": "45", "sidonm": "전북특별자치도", "sggnm": "진안군" }, "geometry": { "type": "MultiPolygon", "coordinates": [ [ [ [ 127.4785233778248, 35.721294307683834 ], [ 127.476730038250778, 35.719314317822125 ], [ 127.476688118151259, 35.7192536557125 ], [ 127.476120720788202, 35.718264765489685 ], [ 127.476069904807545, 35.718174474506014 ], [ 127.475999687394548, 35.718018469243866 ], [ 127.475962241852457, 35.717836291461673 ], [ 127.475645057596168, 35.714905919906343 ], [ 127.475651301296608, 35.714784223579819 ], [ 127.475676374962873, 35.714633629975374 ], [ 127.475711815878142, 35.714477917154547 ], [ 127.475761314770153, 35.714344899560224 ], [ 127.476420289208065, 35.713247162468029 ], [ 127.476807153221927, 35.712738776271422 ], [ 127.477504479269101, 35.71053261545002 ], [ 127.478362196545277, 35.705871943863684 ], [ 127.478360324451629, 35.705837243062696 ], [ 127.478326408431641, 35.705391344179723 ], [ 127.478278850471341, 35.704958214506235 ], [ 127.478262299235567, 35.704814069231773 ], [ 127.478205573600547, 35.704583840832683 ], [ 127.477811327739289, 35.703266943189853 ], [ 127.477150005387216, 35.702220849586674 ], [ 127.473243816516131, 35.697435734369506 ], [ 127.473167083976222, 35.697351325598923 ], [ 127.473081267393127, 35.697281899100858 ], [ 127.472387469878669, 35.69687544947223 ], [ 127.472329581328566, 35.696841873533273 ], [ 127.47099169772595, 35.696163676744732 ], [ 127.470684396942559, 35.696022915791247 ], [ 127.470541279924703, 35.695978320897659 ], [ 127.469548864639194, 35.695689813286428 ], [ 127.468879678847571, 35.695501614110078 ], [ 127.468413585978666, 35.695376524483088 ], [ 127.468189837976183, 35.695336025199651 ], [ 127.467947708520427, 35.695307865864699 ], [ 127.467643393296868, 35.695262000966387 ], [ 127.467495770139024, 35.695238132648939 ], [ 127.467304374103946, 35.695194711021173 ], [ 127.466942040701895, 35.695088953355224 ], [ 127.466355773383953, 35.69491349042832 ], [ 127.466291011487016, 35.694872375548314 ], [ 127.464890811839723, 35.693374639202908 ], [ 127.464832770281959, 35.693292132976993 ], [ 127.464806951451635, 35.693220854357577 ], [ 127.464806626973598, 35.69316442960028 ], [ 127.464829182669661, 35.693070348201758 ], [ 127.465394910228326, 35.691309342881766 ], [ 127.465449405880278, 35.691180341851783 ], [ 127.465568027978591, 35.690965476060391 ], [ 127.466056509260326, 35.690193732636004 ], [ 127.46656553490125, 35.689366392236799 ], [ 127.466585861342168, 35.68930990916477 ], [ 127.466594824646847, 35.689251639490152 ], [ 127.466605529429117, 35.689119918104346 ], [ 127.466358194618934, 35.685810075271903 ], [ 127.466097147889911, 35.684093637728601 ], [ 127.465887452770914, 35.68288926525026 ], [ 127.46586855467487, 35.682812283105491 ], [ 127.464211599970369, 35.678687090199141 ], [ 127.464136829833862, 35.678516304941027 ], [ 127.464055611268535, 35.678416028872398 ], [ 127.463921363738962, 35.678294335476984 ], [ 127.462236902904962, 35.676864905298167 ], [ 127.462126168343929, 35.676776004587978 ], [ 127.46198826295786, 35.676673605719458 ], [ 127.461821691794214, 35.676594837782694 ], [ 127.461672807882749, 35.676539985014855 ], [ 127.461548031088498, 35.676507288623782 ], [ 127.461311224983746, 35.676433938042337 ], [ 127.461103053185809, 35.676346780372235 ], [ 127.461040413819376, 35.676285739625577 ], [ 127.460964721246611, 35.676185060190022 ], [ 127.460288575736271, 35.674711555986441 ], [ 127.459938567884336, 35.673267972129985 ], [ 127.459939396480209, 35.673142231910532 ], [ 127.459950064419502, 35.673057561216758 ], [ 127.46001186182653, 35.672970008727916 ], [ 127.460097526898792, 35.672864763953697 ], [ 127.460246788677935, 35.672698745009825 ], [ 127.464509313038306, 35.6681888719272 ], [ 127.466861587354543, 35.667024826031401 ], [ 127.470368377967418, 35.664749481391929 ], [ 127.47072302323086, 35.664223752317554 ], [ 127.471021063006532, 35.663840805657749 ], [ 127.471649965749918, 35.663228638340655 ], [ 127.471770667066494, 35.663112919818978 ], [ 127.471900913927499, 35.663006845593891 ], [ 127.472047275454017, 35.662898756184269 ], [ 127.472172932454413, 35.662820147409604 ], [ 127.473246784294474, 35.662189911801129 ], [ 127.473356454362545, 35.662133871817943 ], [ 127.473543466814306, 35.662047150436798 ], [ 127.475221865812401, 35.661479072442823 ], [ 127.476337280954809, 35.661142103070972 ], [ 127.476965672293659, 35.660995422615478 ], [ 127.477050714166992, 35.660957154087797 ], [ 127.477170961938725, 35.660842851915781 ], [ 127.4772385987213, 35.660740188046113 ], [ 127.477794441229207, 35.659608704193687 ], [ 127.477870623697399, 35.659383260835604 ], [ 127.477935129486468, 35.659124177587969 ], [ 127.477927469083909, 35.658986582352298 ], [ 127.477899185666075, 35.658836078976996 ], [ 127.47786206255482, 35.658722763245571 ], [ 127.477810206089686, 35.658688969037243 ], [ 127.477714506019353, 35.658626637729036 ], [ 127.477514689963499, 35.658580936739789 ], [ 127.477220199477429, 35.658513231818297 ], [ 127.477040886162726, 35.65846185896028 ], [ 127.476894693711913, 35.658410329897656 ], [ 127.476794199111168, 35.658373595560136 ], [ 127.476662658588594, 35.658295965491028 ], [ 127.476506718148755, 35.658145887789409 ], [ 127.476119831815083, 35.657689941370776 ], [ 127.476021863219515, 35.657500606026389 ], [ 127.475219942140285, 35.655861371172911 ], [ 127.474618259023629, 35.654541301614287 ], [ 127.474678869396868, 35.654370003371632 ], [ 127.474701523367827, 35.654148576407501 ], [ 127.474786953060487, 35.65301831555432 ], [ 127.474683609964416, 35.652083474770542 ], [ 127.474085977264949, 35.647657693489833 ], [ 127.473851565701239, 35.647133434949957 ], [ 127.473773816570443, 35.6470194660386 ], [ 127.472476185479721, 35.645588193303048 ], [ 127.472393447254319, 35.645505418439932 ], [ 127.472237540817758, 35.645393457471954 ], [ 127.472077427546225, 35.64531584990592 ], [ 127.471908709016503, 35.645240080382464 ], [ 127.471723847431321, 35.645178539342538 ], [ 127.471654040149986, 35.6451731274746 ], [ 127.470084472419828, 35.644188920291953 ], [ 127.467922324307381, 35.640744545941843 ], [ 127.467875921319873, 35.640663880226015 ], [ 127.46745660502944, 35.639829752769742 ], [ 127.466631139235361, 35.637913774193393 ], [ 127.466630989723171, 35.637888173637563 ], [ 127.466630729011982, 35.637843116371222 ], [ 127.466642851861053, 35.637782585732424 ], [ 127.466658839611654, 35.637740078318338 ], [ 127.466682379205068, 35.637686107624262 ], [ 127.466802790856434, 35.637471390653772 ], [ 127.467605738858154, 35.636175049769818 ], [ 127.468691441676754, 35.632606663782376 ], [ 127.469729600661395, 35.628705529692709 ], [ 127.470005043255142, 35.626853702584199 ], [ 127.470017407833268, 35.626758569815529 ], [ 127.469999674436608, 35.626671838345409 ], [ 127.469201924128541, 35.623379878810709 ], [ 127.469175423301294, 35.623283814644857 ], [ 127.468861672264083, 35.622196011853887 ], [ 127.46882377993434, 35.622095311963534 ], [ 127.468750940125815, 35.621926616696854 ], [ 127.468560254017234, 35.621498978826601 ], [ 127.468528520106275, 35.621470977876207 ], [ 127.468447867122052, 35.62143838913768 ], [ 127.467441500080724, 35.621056281977602 ], [ 127.467156505965733, 35.620963467080749 ], [ 127.466458571216322, 35.62077916571149 ], [ 127.4661422799267, 35.620717209533183 ], [ 127.465678099435095, 35.620654950810291 ], [ 127.465577495749955, 35.620657431405277 ], [ 127.465439753353735, 35.620697895956404 ], [ 127.464024639434513, 35.621173798880335 ], [ 127.459121111991749, 35.620298368871332 ], [ 127.459023098235008, 35.620237736486146 ], [ 127.458927992813315, 35.620188785906457 ], [ 127.458749528677146, 35.620135485125076 ], [ 127.453737400751493, 35.61882845305535 ], [ 127.45369134209983, 35.618821582809289 ], [ 127.453619493783251, 35.618824204225476 ], [ 127.452086465668259, 35.619024708712217 ], [ 127.445842176649009, 35.619538288081777 ], [ 127.443061879987297, 35.619308219414215 ], [ 127.44294542718157, 35.619308645807337 ], [ 127.442849294016938, 35.619310273711292 ], [ 127.442761189449627, 35.619326460712948 ], [ 127.442639725959353, 35.619357181723331 ], [ 127.442116668077503, 35.619525296049261 ], [ 127.438275480335747, 35.621845457016441 ], [ 127.435990839007147, 35.62185752007256 ], [ 127.435656863275227, 35.623907133734228 ], [ 127.435636339654849, 35.624010323012264 ], [ 127.435563842620439, 35.624301594986889 ], [ 127.43520004017347, 35.625656191203532 ], [ 127.435009387066472, 35.626266935049308 ], [ 127.43499023207265, 35.626318820105226 ], [ 127.43491021416493, 35.626423659578549 ], [ 127.434538843207932, 35.626829211841091 ], [ 127.434438786779921, 35.626923132838293 ], [ 127.434384413181249, 35.626972355884078 ], [ 127.433388810109847, 35.6277742683098 ], [ 127.433309650415183, 35.627814860986831 ], [ 127.433133758459633, 35.627904785143286 ], [ 127.432860152638767, 35.628043043482492 ], [ 127.432684510000882, 35.628101793466939 ], [ 127.432642075820993, 35.628113226115289 ], [ 127.43257086324752, 35.6281134802163 ], [ 127.432213263503286, 35.628126027064809 ], [ 127.432033514765607, 35.628160549155169 ], [ 127.431889531904332, 35.628217583766308 ], [ 127.431730264973467, 35.628297146288332 ], [ 127.431661854993209, 35.6283313215161 ], [ 127.431605187116247, 35.628377992126744 ], [ 127.431520182963567, 35.628448003851368 ], [ 127.431389612680945, 35.628617907725818 ], [ 127.431106230946369, 35.629030338338239 ], [ 127.430516338906102, 35.629990860796141 ], [ 127.430510589049533, 35.630029540961822 ], [ 127.430441607716602, 35.631725564626606 ], [ 127.430441816033039, 35.631764295103686 ], [ 127.430463335188264, 35.631907798740436 ], [ 127.430551618368455, 35.632149558459695 ], [ 127.430604629309016, 35.632276824374436 ], [ 127.430753825079762, 35.632452125964427 ], [ 127.43235889335844, 35.634280946160764 ], [ 127.432506750726162, 35.634390097085898 ], [ 127.432586350071247, 35.634493103680654 ], [ 127.432586557198661, 35.634531857578942 ], [ 127.432224088753628, 35.636420868540384 ], [ 127.432191925883231, 35.636517773184323 ], [ 127.432133203990517, 35.636622885895186 ], [ 127.431549582435039, 35.637460728370193 ], [ 127.431427887123192, 35.637620962375955 ], [ 127.42858316260569, 35.640954797231686 ], [ 127.425274953070925, 35.640993888409348 ], [ 127.425157243808897, 35.640971777246058 ], [ 127.423953174054191, 35.640772683045427 ], [ 127.421852650403792, 35.640668358665799 ], [ 127.420717286489918, 35.640663572835628 ], [ 127.418717356935431, 35.641070488124825 ], [ 127.418623206553576, 35.641098132200831 ], [ 127.416953446791808, 35.641645287436518 ], [ 127.416719795370582, 35.641727395185455 ], [ 127.416679904564646, 35.641749272234506 ], [ 127.416640094407526, 35.64177111326012 ], [ 127.416602062915246, 35.641804321678137 ], [ 127.415930081138185, 35.642437398346686 ], [ 127.415882061276832, 35.642485560604236 ], [ 127.415827498009165, 35.642546220518788 ], [ 127.415780140621251, 35.642634520952392 ], [ 127.415677412466124, 35.64284099585641 ], [ 127.415596977037367, 35.642999634939876 ], [ 127.415504676967345, 35.64315197935484 ], [ 127.415358978021402, 35.643374108880955 ], [ 127.41524982361652, 35.643511479304081 ], [ 127.415160776644569, 35.643608228331942 ], [ 127.415084733413664, 35.643677152597057 ], [ 127.414489262237879, 35.644190403586386 ], [ 127.414447576694073, 35.644221741403115 ], [ 127.412663546131142, 35.64507025299055 ], [ 127.411176056405722, 35.645571391849856 ], [ 127.411072689486545, 35.645602551347018 ], [ 127.411030637057308, 35.645615223601602 ], [ 127.410844688364662, 35.645648826651431 ], [ 127.41079913515496, 35.645643780666909 ], [ 127.410704774281868, 35.645630953340444 ], [ 127.407036110724619, 35.646856103965419 ], [ 127.403635572386349, 35.648000848377897 ], [ 127.403502120506914, 35.648054389524418 ], [ 127.403435244871531, 35.648093050841396 ], [ 127.403319907514032, 35.648159731580577 ], [ 127.403156901728593, 35.648265087902296 ], [ 127.401415223165259, 35.64952214027862 ], [ 127.400241208470675, 35.650408909595285 ], [ 127.400174718459354, 35.650494381087498 ], [ 127.399344211971879, 35.651559820959733 ], [ 127.399237324432605, 35.651671742205885 ], [ 127.399193365291922, 35.651713807795936 ], [ 127.399150463868565, 35.651724663767844 ], [ 127.399076686657097, 35.651721866373187 ], [ 127.396204210585921, 35.651496423622987 ], [ 127.392680350735901, 35.651833831982366 ], [ 127.392623666313469, 35.651892410104658 ], [ 127.392128079529925, 35.652393246469195 ], [ 127.390965036787122, 35.653566312744125 ], [ 127.390827300443391, 35.653674471140505 ], [ 127.388686452181275, 35.655244385804806 ], [ 127.388624164918198, 35.655274929171895 ], [ 127.388314508235553, 35.655409764833024 ], [ 127.388182044269968, 35.655458040454789 ], [ 127.388121922958277, 35.655479948707963 ], [ 127.387749314808801, 35.655566518831733 ], [ 127.387590190333015, 35.655568272886676 ], [ 127.385155401281523, 35.655145609573751 ], [ 127.383619737954504, 35.654765927489528 ], [ 127.38011465194856, 35.654142075998244 ], [ 127.37893546193628, 35.653966936497007 ], [ 127.37874086739123, 35.653962212664879 ], [ 127.378356843852842, 35.654019953606834 ], [ 127.378184986568257, 35.654059765189537 ], [ 127.378136757153129, 35.654072205995384 ], [ 127.378014806502563, 35.6541036698938 ], [ 127.377969833256316, 35.654120817816597 ], [ 127.377918629736143, 35.654176152219598 ], [ 127.377898189276664, 35.654268051576381 ], [ 127.377890812052755, 35.654413808652492 ], [ 127.377896247235853, 35.654535830269317 ], [ 127.378322195533954, 35.658280456662425 ], [ 127.378687442388866, 35.660729868660582 ], [ 127.378716755582289, 35.660812431141181 ], [ 127.378687009011088, 35.6609674552234 ], [ 127.377729958242497, 35.663649291837586 ], [ 127.377694931181736, 35.663716370162902 ], [ 127.377283823579049, 35.664100815181108 ], [ 127.377129584096622, 35.664235372570189 ], [ 127.377411746106986, 35.66475164947196 ], [ 127.377450971987855, 35.664873546603815 ], [ 127.37746083276204, 35.664928690373934 ], [ 127.377445049187529, 35.664998315500505 ], [ 127.377416423335234, 35.665066615659725 ], [ 127.377384331446393, 35.665112491098355 ], [ 127.377362131102458, 35.665144214478325 ], [ 127.37728215793426, 35.665237674071882 ], [ 127.37696515463027, 35.665541831292252 ], [ 127.376739417755601, 35.66575390063965 ], [ 127.37663047332633, 35.665835601546426 ], [ 127.376503857500197, 35.665921265891498 ], [ 127.376380363081495, 35.665987355009456 ], [ 127.376206964101669, 35.666057384285146 ], [ 127.37502285718972, 35.66868348520844 ], [ 127.375002359081648, 35.66878727736497 ], [ 127.375012414199404, 35.668859445431451 ], [ 127.375531256955128, 35.674649401545068 ], [ 127.375515868812769, 35.674687628809728 ], [ 127.371612007835182, 35.675741414022063 ], [ 127.37145095119017, 35.675781752974927 ], [ 127.371308781910557, 35.675784723493912 ], [ 127.37113892522602, 35.675766212339681 ], [ 127.370924618608584, 35.675737493596543 ], [ 127.370826905283266, 35.675723009414106 ], [ 127.37075611779683, 35.675736919728756 ], [ 127.370454002765285, 35.675839236228093 ], [ 127.370104617105483, 35.675985775227716 ], [ 127.368084489744348, 35.676839146407772 ], [ 127.367813468323007, 35.676969844260185 ], [ 127.364668992697929, 35.67910763628695 ], [ 127.364643946730496, 35.679139340515974 ], [ 127.364654694672709, 35.679242765508093 ], [ 127.364690049931184, 35.679488618953847 ], [ 127.365469648100628, 35.68341897071403 ], [ 127.365653842689113, 35.684010083169127 ], [ 127.365692467069138, 35.684128374693621 ], [ 127.365752304366453, 35.684311623345998 ], [ 127.365979919178713, 35.684880263340723 ], [ 127.366115624139255, 35.685108149008009 ], [ 127.366481629513288, 35.685717287529869 ], [ 127.366548864766315, 35.685791538269392 ], [ 127.366607859678524, 35.685856683185975 ], [ 127.367297571365853, 35.686590583979822 ], [ 127.367960720562522, 35.687261256523122 ], [ 127.368030716349097, 35.68732719992606 ], [ 127.368083482585732, 35.687387608172145 ], [ 127.368184658879997, 35.687527081079992 ], [ 127.368216892790059, 35.687597736469698 ], [ 127.36823426085742, 35.687650867522741 ], [ 127.369215415539585, 35.693145879189146 ], [ 127.369249812244888, 35.693682477869146 ], [ 127.36919444607085, 35.694522174244923 ], [ 127.36941577405976, 35.694601988741667 ], [ 127.370183968790514, 35.694888578944735 ], [ 127.370308249088666, 35.694935792914976 ], [ 127.370414488782302, 35.694998103324522 ], [ 127.372311844443018, 35.696240440523397 ], [ 127.372385124576766, 35.696293831266502 ], [ 127.372397950039669, 35.696320577568038 ], [ 127.37431913796577, 35.699770529876851 ], [ 127.376731014423626, 35.704037025162251 ], [ 127.376797358510601, 35.704141914845941 ], [ 127.376877916830722, 35.7042141166135 ], [ 127.377005617609242, 35.704276722585341 ], [ 127.377226261843191, 35.704320462710136 ], [ 127.377555838047684, 35.704382440729205 ], [ 127.37788714656979, 35.70450992001193 ], [ 127.378048041221803, 35.704628479950678 ], [ 127.378154426960378, 35.704716908561061 ], [ 127.37840748620529, 35.704956668413047 ], [ 127.379087903032897, 35.705652835995238 ], [ 127.379155533379659, 35.705725080940944 ], [ 127.380503917011367, 35.707491113777337 ], [ 127.381154265776331, 35.708785359825178 ], [ 127.381177844305981, 35.70893237347282 ], [ 127.381201380523905, 35.709049102868576 ], [ 127.381229079496279, 35.70915878285502 ], [ 127.381278115007646, 35.709245057535384 ], [ 127.381318313132738, 35.709263581650987 ], [ 127.383231984252973, 35.710065624250284 ], [ 127.383358037045923, 35.710083947832359 ], [ 127.383396713314255, 35.710083824817012 ], [ 127.383522463560723, 35.710034317750534 ], [ 127.384011030949523, 35.709808626445337 ], [ 127.384171106526537, 35.709749705316774 ], [ 127.384389878960349, 35.709678887362038 ], [ 127.384964823767476, 35.709562686114538 ], [ 127.385289536122784, 35.709503250821122 ], [ 127.385701513001933, 35.709438847481309 ], [ 127.385891862568954, 35.709426624268907 ], [ 127.386381527708608, 35.709431994221156 ], [ 127.387682142635413, 35.709542282464326 ], [ 127.387773793371849, 35.709553703344774 ], [ 127.389508149644001, 35.709982544457361 ], [ 127.38972331126395, 35.710054215495376 ], [ 127.389862605758395, 35.710135515661513 ], [ 127.390497206531251, 35.710516499150749 ], [ 127.390791577921831, 35.710695345822771 ], [ 127.391144831879018, 35.710913761102027 ], [ 127.39128848673964, 35.711004401810534 ], [ 127.391416321577353, 35.711090426117885 ], [ 127.391479633813802, 35.711157914874278 ], [ 127.391555065529232, 35.711353868081154 ], [ 127.391642048243611, 35.71158241590436 ], [ 127.391875575836067, 35.712200655871385 ], [ 127.391895913896761, 35.712294319981559 ], [ 127.391916614517342, 35.712389698424708 ], [ 127.392032564242726, 35.712984864958564 ], [ 127.392099199728747, 35.71343771601714 ], [ 127.392103076203838, 35.713643285512084 ], [ 127.392087210106425, 35.713900190031133 ], [ 127.391402173562241, 35.719643204789513 ], [ 127.390975802047976, 35.720894097048145 ], [ 127.390580020242169, 35.721666049318856 ], [ 127.390409455263381, 35.721907143883271 ], [ 127.390280087758043, 35.722101413249568 ], [ 127.390129811900593, 35.722426536697746 ], [ 127.389947824066439, 35.722980684245037 ], [ 127.389721343821023, 35.723822203225311 ], [ 127.389662314223187, 35.724046634691611 ], [ 127.389475715680803, 35.724836640423526 ], [ 127.38940978856084, 35.725124094201973 ], [ 127.389381812234902, 35.725254961576702 ], [ 127.389393402904716, 35.72529934350213 ], [ 127.389419307950575, 35.725331892897813 ], [ 127.389479644454724, 35.725350439062268 ], [ 127.389545512242705, 35.725350226343757 ], [ 127.389845971569343, 35.725314201922309 ], [ 127.390534983732493, 35.725358654640694 ], [ 127.393407962571928, 35.726026634227601 ], [ 127.393720648102232, 35.726140076822901 ], [ 127.393855546395827, 35.726200375524037 ], [ 127.393979049481871, 35.726274688968182 ], [ 127.394066825180118, 35.726346787078413 ], [ 127.395066194693598, 35.727198360752396 ], [ 127.39512660221763, 35.727254219208248 ], [ 127.395155476703962, 35.727305509529678 ], [ 127.395173005665413, 35.727361501904952 ], [ 127.395168117707712, 35.727536627608373 ], [ 127.395213483262552, 35.727725663320946 ], [ 127.39542381045473, 35.728510329001693 ], [ 127.395474251206267, 35.728585332938515 ], [ 127.395598391197851, 35.728700911267701 ], [ 127.395715337126802, 35.728770927236049 ], [ 127.39595959842751, 35.728879444842896 ], [ 127.396879175883626, 35.72927298578103 ], [ 127.3971818181044, 35.729385179996918 ], [ 127.397879095600786, 35.729574056729199 ], [ 127.399269942950042, 35.729802432875751 ], [ 127.404399248463335, 35.73121963018567 ], [ 127.404590112117162, 35.731302359669009 ], [ 127.408212988965857, 35.733022038304711 ], [ 127.408775055478955, 35.7333019561176 ], [ 127.408856382407038, 35.733362073796705 ], [ 127.408920189906482, 35.733433778585223 ], [ 127.408947969885105, 35.733482904408774 ], [ 127.409783622643729, 35.733025740827003 ], [ 127.411305590402279, 35.7316670346449 ], [ 127.413992451482613, 35.72859798046305 ], [ 127.415668741061154, 35.727227813405442 ], [ 127.419388450207038, 35.724391384343285 ], [ 127.419542939678649, 35.724344543174794 ], [ 127.420144505307945, 35.724192189671754 ], [ 127.420193465881837, 35.724192019283748 ], [ 127.420228722359994, 35.724191896595279 ], [ 127.420358425122075, 35.724266621704096 ], [ 127.424834212368168, 35.727379404333554 ], [ 127.424799538146701, 35.727467949390117 ], [ 127.424697417672405, 35.727783291924361 ], [ 127.424668998627197, 35.72790560798736 ], [ 127.424662699399263, 35.727947629255219 ], [ 127.424661472945701, 35.727986565598442 ], [ 127.424683443461007, 35.728232898837682 ], [ 127.424694119349326, 35.728276563589588 ], [ 127.424788690480923, 35.728404575566721 ], [ 127.424823278275554, 35.728442583063448 ], [ 127.424869318912158, 35.728478925168332 ], [ 127.426896118291097, 35.729934963289743 ], [ 127.426941344063962, 35.729959851533586 ], [ 127.426992740559385, 35.729979410334629 ], [ 127.427173607752607, 35.730027722233366 ], [ 127.427261472433713, 35.7300466997917 ], [ 127.427857935347689, 35.73013606194607 ], [ 127.428190872145194, 35.730180305050816 ], [ 127.428265960394413, 35.730185177190464 ], [ 127.428334298695731, 35.730180460885649 ], [ 127.428405951062473, 35.730155927679853 ], [ 127.430421987619098, 35.729316635140734 ], [ 127.433833212315335, 35.728459018870268 ], [ 127.436216701378072, 35.729562239083691 ], [ 127.44064781589212, 35.729042700374848 ], [ 127.440762907662346, 35.729027515849431 ], [ 127.440853115818726, 35.729008515888722 ], [ 127.441004399375288, 35.728970661074072 ], [ 127.441061831308204, 35.728956284696679 ], [ 127.441863174515959, 35.728753916639022 ], [ 127.441929391141187, 35.728733841248982 ], [ 127.442037032134238, 35.728688912376612 ], [ 127.442086269896876, 35.728660904249452 ], [ 127.442154070474658, 35.728609364236448 ], [ 127.442228277970344, 35.728539132758804 ], [ 127.44226017220474, 35.72850893156992 ], [ 127.442347873804934, 35.728417761507707 ], [ 127.442395980893764, 35.728362544067515 ], [ 127.44302596658936, 35.727895172149132 ], [ 127.444501620884225, 35.727074024838664 ], [ 127.444532861595334, 35.727065712640609 ], [ 127.450389484166706, 35.72599482942428 ], [ 127.452149866581266, 35.725940744497812 ], [ 127.453087116858754, 35.726232133530459 ], [ 127.454541846772528, 35.72665800684328 ], [ 127.456740838553472, 35.726731810252495 ], [ 127.463474181703575, 35.726957518203307 ], [ 127.463605921876052, 35.728714457605179 ], [ 127.463610086649311, 35.729435446871129 ], [ 127.463784528548757, 35.729531624614467 ], [ 127.464020330896773, 35.72962659604601 ], [ 127.464156357108052, 35.7296776736925 ], [ 127.464274233199021, 35.729721481324198 ], [ 127.464546143637534, 35.729801539476746 ], [ 127.465062688417831, 35.729939655142218 ], [ 127.46550922679134, 35.729988092665067 ], [ 127.465686414997023, 35.729987765537963 ], [ 127.466592006672258, 35.729970622422776 ], [ 127.467363122293335, 35.729919826747512 ], [ 127.467633144462795, 35.729882472813529 ], [ 127.467894150532985, 35.729832424453647 ], [ 127.467974183346982, 35.729813364479284 ], [ 127.468023830026766, 35.72979813554263 ], [ 127.472872448378283, 35.728115770618146 ], [ 127.47392833626796, 35.727703625785637 ], [ 127.474450561098166, 35.727476735769123 ], [ 127.474478802639851, 35.727460386997969 ], [ 127.475625770641187, 35.726574260339326 ], [ 127.475654665385122, 35.726546113521174 ], [ 127.475688700216111, 35.726486674670269 ], [ 127.475745979806845, 35.72632468666616 ], [ 127.475792330187076, 35.726126037732818 ], [ 127.47579206194068, 35.726080709752964 ], [ 127.475661390125723, 35.72588924722141 ], [ 127.475647285004769, 35.724851868318169 ], [ 127.476397064553638, 35.723768292890192 ], [ 127.4785233778248, 35.721294307683834 ] ] ] ] } },
{ "type": "Feature", "properties": { "OBJECTID": 2394, "adm_nm": "전북특별자치도 진안군 성수면", "adm_cd": "3532036", "adm_cd2": "4572036000", "sgg": "45720", "sido": "45", "sidonm": "전북특별자치도", "sggnm": "진안군" }, "geometry": { "type": "MultiPolygon", "coordinates": [ [ [ [ 127.304145086843363, 35.784138129518247 ], [ 127.302522423054356, 35.78233346666827 ], [ 127.301636701255205, 35.781616560984467 ], [ 127.300664768106373, 35.780793325000587 ], [ 127.299115924377389, 35.778733001467792 ], [ 127.29904082981696, 35.778327011782231 ], [ 127.299035749825308, 35.778060683704979 ], [ 127.300179984860762, 35.77359662292514 ], [ 127.300536628882654, 35.772776714721566 ], [ 127.300710248967462, 35.772477571349853 ], [ 127.300865591794107, 35.772209918328194 ], [ 127.301639816798129, 35.771568765951187 ], [ 127.30206409302707, 35.77134796492895 ], [ 127.305449754072001, 35.76984588364283 ], [ 127.307547965507723, 35.768817206904949 ], [ 127.309938583490364, 35.767625871995037 ], [ 127.311475957797427, 35.766723016556583 ], [ 127.312251475050488, 35.766448025786509 ], [ 127.312627384001061, 35.766420419868297 ], [ 127.314125936205215, 35.76604365638935 ], [ 127.314930007453938, 35.765761908567235 ], [ 127.315447991195086, 35.765487550075022 ], [ 127.31579824068649, 35.765167010846802 ], [ 127.316773373806882, 35.76369957179611 ], [ 127.316898452579338, 35.763293077308035 ], [ 127.317050244752465, 35.762400425451681 ], [ 127.317129915848312, 35.762162823177398 ], [ 127.317155277636175, 35.762087188934458 ], [ 127.317334108330286, 35.761833699931735 ], [ 127.318089274453413, 35.76160533655257 ], [ 127.318783544346402, 35.761470327816774 ], [ 127.319376029035254, 35.761442118894905 ], [ 127.320283440549233, 35.761466362307772 ], [ 127.320415805002142, 35.761404665879944 ], [ 127.320613892856102, 35.761312330809474 ], [ 127.323349923181951, 35.759746934134562 ], [ 127.323655554759029, 35.759526380642185 ], [ 127.323736244729517, 35.759266489770184 ], [ 127.325806634388599, 35.757855953736978 ], [ 127.329424320163014, 35.757073749481265 ], [ 127.330237571285338, 35.757071529644342 ], [ 127.332482735911697, 35.757438277404418 ], [ 127.333509334916045, 35.757641848937716 ], [ 127.334032933991395, 35.757760252295455 ], [ 127.335101174184132, 35.758136836315266 ], [ 127.335485958153626, 35.758288938834788 ], [ 127.336161417528331, 35.758560038538519 ], [ 127.336579104929243, 35.758624766677222 ], [ 127.336800496180487, 35.758627365501049 ], [ 127.337085343892738, 35.758630708066278 ], [ 127.337693981881401, 35.758562436258494 ], [ 127.338559005050357, 35.758233747237057 ], [ 127.340096502520282, 35.757470344297104 ], [ 127.341209507803384, 35.756841285479204 ], [ 127.342395644236646, 35.756118802260865 ], [ 127.342688597290802, 35.755811682092052 ], [ 127.344820624621093, 35.750847954237749 ], [ 127.344857623144136, 35.750755341355628 ], [ 127.344885178659865, 35.750686327292691 ], [ 127.34489865472105, 35.750616333030926 ], [ 127.344911664893885, 35.750548728389653 ], [ 127.344921395739078, 35.7504776148796 ], [ 127.344931079507091, 35.75040681327151 ], [ 127.344917826519364, 35.7503344853885 ], [ 127.344901778021182, 35.750306322994845 ], [ 127.344870552890512, 35.750268104975618 ], [ 127.344218181623191, 35.74966053465787 ], [ 127.344098853845765, 35.74955010249073 ], [ 127.344027958545965, 35.749490999746691 ], [ 127.343991470038148, 35.749464336285683 ], [ 127.343920388905858, 35.749437046386213 ], [ 127.343791959269794, 35.749396155724654 ], [ 127.34340942308485, 35.749293765083763 ], [ 127.343144133759452, 35.749229350479204 ], [ 127.342929699572636, 35.749185820359209 ], [ 127.342641480093562, 35.749139589456377 ], [ 127.342384207740508, 35.749086781342314 ], [ 127.342153686642675, 35.749033888765275 ], [ 127.342076660434728, 35.749011080097958 ], [ 127.341921329236271, 35.748965070528676 ], [ 127.341782610273697, 35.748919404489847 ], [ 127.341683528245682, 35.74888678386445 ], [ 127.341515977810545, 35.748825798729044 ], [ 127.341406988252089, 35.74874571378168 ], [ 127.341377543345061, 35.74871614203461 ], [ 127.339635605963011, 35.746496275986487 ], [ 127.339435156092847, 35.746234871818714 ], [ 127.339200023873246, 35.745926469398071 ], [ 127.339061173994153, 35.745743735812162 ], [ 127.33891704907073, 35.745545123578289 ], [ 127.33884340846204, 35.745436021307611 ], [ 127.337548517143929, 35.743442798068834 ], [ 127.336386458299842, 35.74136890068781 ], [ 127.335856203603456, 35.739768743219024 ], [ 127.335802481126024, 35.739558367766399 ], [ 127.33576407828852, 35.739391997530582 ], [ 127.335729039834362, 35.739177143881278 ], [ 127.33570647133709, 35.73899047514346 ], [ 127.335702453246441, 35.738919584211551 ], [ 127.335730810784767, 35.738758069319523 ], [ 127.335782211274278, 35.738650133826113 ], [ 127.335869599510474, 35.738532609856009 ], [ 127.335986709643862, 35.738410721864298 ], [ 127.336096768665669, 35.738319924163676 ], [ 127.336466694928689, 35.738170566269709 ], [ 127.337196793162533, 35.737583686470131 ], [ 127.337818042026029, 35.736950168211003 ], [ 127.33786480029498, 35.73688979117334 ], [ 127.337912479896545, 35.736828218891176 ], [ 127.338050554353416, 35.736618752635714 ], [ 127.339139886270459, 35.734956848878532 ], [ 127.339227544594763, 35.734799512937855 ], [ 127.339308004234084, 35.734612653254032 ], [ 127.339323051447877, 35.734511907723288 ], [ 127.339306854576421, 35.734444006636409 ], [ 127.339248234650611, 35.73433195901174 ], [ 127.339134953274964, 35.7342056420745 ], [ 127.338889563768177, 35.733973271218709 ], [ 127.338631616903157, 35.733747408135422 ], [ 127.338320827812851, 35.733466027557455 ], [ 127.338231443354303, 35.73332079403707 ], [ 127.338192435896545, 35.733256571438503 ], [ 127.338156869487861, 35.733197980549136 ], [ 127.338146359229469, 35.733143034397095 ], [ 127.338153296822966, 35.73311040910783 ], [ 127.338248624822526, 35.732989263090893 ], [ 127.338417077426371, 35.732831788322571 ], [ 127.338573129943398, 35.732694541054819 ], [ 127.338750421782962, 35.732563092500094 ], [ 127.338957112466744, 35.732429306325187 ], [ 127.33903632529001, 35.732389677327134 ], [ 127.339078909272118, 35.73237471036591 ], [ 127.339120690298714, 35.732374099026707 ], [ 127.339201385962156, 35.732372937391936 ], [ 127.33943874633124, 35.732384510348943 ], [ 127.340502785598474, 35.732493732902086 ], [ 127.34128895765221, 35.732684752032817 ], [ 127.341451579491491, 35.732741428516903 ], [ 127.341695598289036, 35.732836269847205 ], [ 127.341791239566447, 35.732893234613705 ], [ 127.344080315281303, 35.732088397689843 ], [ 127.346986015522162, 35.72590868478455 ], [ 127.347040205660363, 35.725761895431397 ], [ 127.347067012807784, 35.725620135734303 ], [ 127.34709926026855, 35.725306953333735 ], [ 127.347043101684321, 35.725024913737961 ], [ 127.346947728675133, 35.72479653912621 ], [ 127.346949454110813, 35.724758686184494 ], [ 127.346953280042939, 35.724674765982705 ], [ 127.346977149581505, 35.724570345552657 ], [ 127.347935242564873, 35.722209787592597 ], [ 127.347948591803643, 35.722179285011023 ], [ 127.351062943567996, 35.717339492373711 ], [ 127.352594372788872, 35.71565625246285 ], [ 127.353580340340542, 35.715024011478981 ], [ 127.353653551452894, 35.714979820264162 ], [ 127.35370579378916, 35.714950380435262 ], [ 127.355015080966155, 35.714337819710963 ], [ 127.355064400282188, 35.714318203604158 ], [ 127.355310284066476, 35.714244838469256 ], [ 127.35537853544011, 35.714231038006723 ], [ 127.355426987788931, 35.71422124494002 ], [ 127.355800409816737, 35.71422320498052 ], [ 127.356364379246131, 35.714228581415171 ], [ 127.35641414487435, 35.7142372820826 ], [ 127.358362158834254, 35.714693041418712 ], [ 127.359201474709451, 35.714937229164292 ], [ 127.360085571051357, 35.715134868355086 ], [ 127.360142095170872, 35.71514722245692 ], [ 127.360198618213374, 35.715159570219505 ], [ 127.360272060554607, 35.715171534568746 ], [ 127.360331983393749, 35.715176212388513 ], [ 127.360424782174178, 35.715172328502604 ], [ 127.363298128285621, 35.714861528860929 ], [ 127.363362414473627, 35.714852773039681 ], [ 127.363442840031496, 35.714838027893954 ], [ 127.363487290131133, 35.71482986982295 ], [ 127.36353360924511, 35.714807735784383 ], [ 127.364342816855356, 35.714352325167503 ], [ 127.364375624785126, 35.714325377062508 ], [ 127.365578165171073, 35.713296734347992 ], [ 127.36575554485627, 35.713131341332762 ], [ 127.365796528482505, 35.713079303090176 ], [ 127.36671972275407, 35.711358615430214 ], [ 127.366767656860318, 35.711244499612242 ], [ 127.366787041556876, 35.711193043904409 ], [ 127.36681639526104, 35.711063498519188 ], [ 127.366857402471823, 35.710869260930266 ], [ 127.366851207342705, 35.710653787146072 ], [ 127.366822131910169, 35.710501208788813 ], [ 127.366741892951467, 35.710165081595655 ], [ 127.366692608870494, 35.71001806916631 ], [ 127.366573229689948, 35.709768140985091 ], [ 127.366188044594992, 35.708998915155753 ], [ 127.366124581777854, 35.708883199668321 ], [ 127.3660031782956, 35.708661852336597 ], [ 127.365971356972437, 35.708620870844399 ], [ 127.36594215553994, 35.708583273402056 ], [ 127.36588802790628, 35.708513870870142 ], [ 127.365803767845122, 35.708426237873098 ], [ 127.36487887230156, 35.706629919120743 ], [ 127.364668226055741, 35.702188848125445 ], [ 127.364760431374108, 35.701591313340735 ], [ 127.364861680541409, 35.700966966633899 ], [ 127.364912097762229, 35.700799983857273 ], [ 127.365041798797506, 35.700409343834018 ], [ 127.365815594058944, 35.698715671656394 ], [ 127.367448235801874, 35.696381955711907 ], [ 127.36808726779401, 35.695554797659589 ], [ 127.368388558924991, 35.695169575590754 ], [ 127.368623090235204, 35.694948427885798 ], [ 127.369090700074238, 35.694593970832436 ], [ 127.36919444607085, 35.694522174244923 ], [ 127.369249812244888, 35.693682477869146 ], [ 127.369215415539585, 35.693145879189146 ], [ 127.36823426085742, 35.687650867522741 ], [ 127.368216892790059, 35.687597736469698 ], [ 127.368184658879997, 35.687527081079992 ], [ 127.368083482585732, 35.687387608172145 ], [ 127.368030716349097, 35.68732719992606 ], [ 127.367960720562522, 35.687261256523122 ], [ 127.367297571365853, 35.686590583979822 ], [ 127.366607859678524, 35.685856683185975 ], [ 127.366548864766315, 35.685791538269392 ], [ 127.366481629513288, 35.685717287529869 ], [ 127.366115624139255, 35.685108149008009 ], [ 127.365979919178713, 35.684880263340723 ], [ 127.365752304366453, 35.684311623345998 ], [ 127.365692467069138, 35.684128374693621 ], [ 127.365653842689113, 35.684010083169127 ], [ 127.365469648100628, 35.68341897071403 ], [ 127.364690049931184, 35.679488618953847 ], [ 127.364654694672709, 35.679242765508093 ], [ 127.364643946730496, 35.679139340515974 ], [ 127.364668992697929, 35.67910763628695 ], [ 127.367813468323007, 35.676969844260185 ], [ 127.368084489744348, 35.676839146407772 ], [ 127.370104617105483, 35.675985775227716 ], [ 127.370454002765285, 35.675839236228093 ], [ 127.37075611779683, 35.675736919728756 ], [ 127.370826905283266, 35.675723009414106 ], [ 127.370924618608584, 35.675737493596543 ], [ 127.37113892522602, 35.675766212339681 ], [ 127.371308781910557, 35.675784723493912 ], [ 127.37145095119017, 35.675781752974927 ], [ 127.371612007835182, 35.675741414022063 ], [ 127.375515868812769, 35.674687628809728 ], [ 127.375531256955128, 35.674649401545068 ], [ 127.375012414199404, 35.668859445431451 ], [ 127.375002359081648, 35.66878727736497 ], [ 127.37502285718972, 35.66868348520844 ], [ 127.376206964101669, 35.666057384285146 ], [ 127.376380363081495, 35.665987355009456 ], [ 127.376503857500197, 35.665921265891498 ], [ 127.37663047332633, 35.665835601546426 ], [ 127.376739417755601, 35.66575390063965 ], [ 127.37696515463027, 35.665541831292252 ], [ 127.37728215793426, 35.665237674071882 ], [ 127.377362131102458, 35.665144214478325 ], [ 127.377384331446393, 35.665112491098355 ], [ 127.377416423335234, 35.665066615659725 ], [ 127.377445049187529, 35.664998315500505 ], [ 127.37746083276204, 35.664928690373934 ], [ 127.377450971987855, 35.664873546603815 ], [ 127.377411746106986, 35.66475164947196 ], [ 127.377129584096622, 35.664235372570189 ], [ 127.374515302155885, 35.66394670586002 ], [ 127.371328925755904, 35.663390287411843 ], [ 127.367620572811347, 35.66269259062463 ], [ 127.367525008460859, 35.662659972239403 ], [ 127.367486678586459, 35.662634134022582 ], [ 127.367420643069366, 35.662565126119745 ], [ 127.36733295226891, 35.662418195856766 ], [ 127.367120565427101, 35.661980647916579 ], [ 127.366933886213644, 35.661512999529585 ], [ 127.366845769232043, 35.661272625582761 ], [ 127.366820397794555, 35.661186846620843 ], [ 127.366768275049779, 35.661010694173292 ], [ 127.366693162660908, 35.660839594314439 ], [ 127.366624886397886, 35.66073676729453 ], [ 127.366520537838454, 35.660641913173677 ], [ 127.366416234628829, 35.660581670444969 ], [ 127.366333870876119, 35.660558032604413 ], [ 127.366254898448318, 35.660535372250116 ], [ 127.366186182256541, 35.660523224696185 ], [ 127.366038256066147, 35.660497113606937 ], [ 127.364697213519122, 35.660393001806185 ], [ 127.364203135066759, 35.660884329791486 ], [ 127.362777152341678, 35.662670624682541 ], [ 127.362669669457944, 35.6628136868773 ], [ 127.362195446669134, 35.663967949374175 ], [ 127.362158155319392, 35.664172262521916 ], [ 127.362143686023089, 35.664271829839961 ], [ 127.362152614490014, 35.66436696711397 ], [ 127.362223488115276, 35.664551964592206 ], [ 127.362114758353783, 35.665843550538881 ], [ 127.361951893215036, 35.666908548716307 ], [ 127.359320758962909, 35.668670696156909 ], [ 127.359147086537405, 35.668731774225122 ], [ 127.357137711828287, 35.669128090263051 ], [ 127.356514277518556, 35.669192184358032 ], [ 127.356338121804399, 35.669168459466889 ], [ 127.356157586079064, 35.669131875259865 ], [ 127.355998217149775, 35.669082138580826 ], [ 127.355179901584094, 35.668734054288429 ], [ 127.355118279330583, 35.668704745279094 ], [ 127.355079987394518, 35.668661593437882 ], [ 127.3550499202276, 35.668583817562165 ], [ 127.355000264013839, 35.668395328748872 ], [ 127.354944036340655, 35.668141868588357 ], [ 127.354892463163992, 35.667995751943231 ], [ 127.354834705522109, 35.667893802033355 ], [ 127.35474731566525, 35.66778851633903 ], [ 127.354634370173144, 35.66767113934921 ], [ 127.354532188852104, 35.667589235991187 ], [ 127.354381218302109, 35.667518677541871 ], [ 127.354260116032322, 35.667480993812703 ], [ 127.346422706528912, 35.665420594851184 ], [ 127.34266278879663, 35.665371907545804 ], [ 127.339236655227211, 35.665431397212807 ], [ 127.338979438255706, 35.665487009547263 ], [ 127.338832519527529, 35.665507609412487 ], [ 127.33857973638716, 35.665515253979251 ], [ 127.335886216419397, 35.665110611789345 ], [ 127.334517910539802, 35.664623927277262 ], [ 127.332403207327332, 35.663754993793077 ], [ 127.330704618210291, 35.662863345501606 ], [ 127.330525292283923, 35.662710427831939 ], [ 127.32788958435242, 35.660875212803433 ], [ 127.327694427302134, 35.660791196241284 ], [ 127.32761850393895, 35.66077878645612 ], [ 127.327511110733042, 35.660791065453232 ], [ 127.327424630061984, 35.660819052112245 ], [ 127.327215555780867, 35.660924975008641 ], [ 127.325815907958216, 35.66166978951464 ], [ 127.325123011075789, 35.662047757059078 ], [ 127.324796772531315, 35.662242406707591 ], [ 127.324441286959825, 35.662492644252225 ], [ 127.324141367469863, 35.662721298097374 ], [ 127.323679649068609, 35.663086729972292 ], [ 127.323587100615399, 35.66317472469003 ], [ 127.323460343008691, 35.663339161030684 ], [ 127.323363444408997, 35.663468189307991 ], [ 127.323296737971077, 35.663605290947054 ], [ 127.323246312049136, 35.663758178976259 ], [ 127.32316328000914, 35.664088530176741 ], [ 127.322876871524258, 35.665405073089445 ], [ 127.322758557256392, 35.666555140619856 ], [ 127.322224617060598, 35.669607637454156 ], [ 127.322174983342563, 35.669790282956519 ], [ 127.322113253062597, 35.66998458142519 ], [ 127.322021343189022, 35.670177251065788 ], [ 127.319764390674024, 35.673791927557851 ], [ 127.318013089838814, 35.676380506398473 ], [ 127.31571275587909, 35.67876598036046 ], [ 127.312475311377895, 35.680952387551386 ], [ 127.306325711700268, 35.684839544031156 ], [ 127.305951207988016, 35.685037058372892 ], [ 127.305749822250206, 35.685099284892026 ], [ 127.305492345670189, 35.685163936942281 ], [ 127.305139581410643, 35.685217358503813 ], [ 127.304680462832494, 35.685273407025953 ], [ 127.304473238318835, 35.685276190328452 ], [ 127.303282419215677, 35.685146602561339 ], [ 127.302884530568178, 35.685095064101318 ], [ 127.302612607743384, 35.685052292892024 ], [ 127.302382732926745, 35.684995714756731 ], [ 127.302192037858177, 35.684929972276265 ], [ 127.30188065364139, 35.684791307363149 ], [ 127.300965974617142, 35.684354860124031 ], [ 127.300749756460363, 35.684227409989816 ], [ 127.300510895185596, 35.684013143591187 ], [ 127.300361793999471, 35.683844415056519 ], [ 127.300288738958258, 35.683773773007509 ], [ 127.300210052881468, 35.683709972231469 ], [ 127.300134310041656, 35.683659856876652 ], [ 127.299009043053204, 35.68308449168719 ], [ 127.298344328211925, 35.682839272770167 ], [ 127.297732782042814, 35.682630240293044 ], [ 127.297342895247823, 35.682526207973076 ], [ 127.296838035210229, 35.682430738967888 ], [ 127.296506033441588, 35.682417669817319 ], [ 127.296319794973741, 35.682418126695772 ], [ 127.296272438564884, 35.682429326091608 ], [ 127.290793085551812, 35.686173338531539 ], [ 127.29023166862352, 35.689178642092855 ], [ 127.29031310612497, 35.689242081744027 ], [ 127.29138749620239, 35.690377960584414 ], [ 127.291939042865124, 35.691178154946158 ], [ 127.292143614570946, 35.691564464793046 ], [ 127.29222236757515, 35.691801956275263 ], [ 127.292186314156197, 35.692125402955533 ], [ 127.292063593254142, 35.692833111803566 ], [ 127.291850831394839, 35.693936321814682 ], [ 127.291797102470326, 35.694080114177048 ], [ 127.291675881727159, 35.694257346010851 ], [ 127.291453269985496, 35.694536991430475 ], [ 127.291143106244689, 35.694921853618581 ], [ 127.29096779630693, 35.695146059078553 ], [ 127.290907208447365, 35.695253996272697 ], [ 127.290813250225895, 35.695486400712646 ], [ 127.29075975478203, 35.695693716996992 ], [ 127.290740060138916, 35.695870695985668 ], [ 127.290798314995598, 35.696030805562501 ], [ 127.290900492834552, 35.696207473357255 ], [ 127.292029598382157, 35.697473198682985 ], [ 127.292359333541086, 35.697781904495649 ], [ 127.292600484464913, 35.697985826225761 ], [ 127.292766835109333, 35.698098710172189 ], [ 127.292763991864149, 35.701022517976511 ], [ 127.292204344220607, 35.701750655936131 ], [ 127.29109803996009, 35.704122661496534 ], [ 127.289714328001907, 35.70799946534666 ], [ 127.28968926615012, 35.708130214732279 ], [ 127.289660495727333, 35.708300791020356 ], [ 127.289660708882792, 35.708360200210471 ], [ 127.289718860736798, 35.711195248625202 ], [ 127.28972391601188, 35.711307726616873 ], [ 127.289739642597013, 35.711596265846445 ], [ 127.289804221836135, 35.712322132342528 ], [ 127.289941188497579, 35.712750677285051 ], [ 127.290096487669658, 35.713100801801701 ], [ 127.29030146010048, 35.713493720431309 ], [ 127.29058478577636, 35.713946455207534 ], [ 127.291580270685472, 35.715159243741915 ], [ 127.292508983930816, 35.715585923558059 ], [ 127.292782710920974, 35.715765316579244 ], [ 127.292894756996603, 35.71588034081374 ], [ 127.293118066115923, 35.716112580395567 ], [ 127.293237291626681, 35.716263172631876 ], [ 127.293358349613655, 35.716422304575374 ], [ 127.293448747489805, 35.716575120116644 ], [ 127.293517217070345, 35.716713039018835 ], [ 127.293547526288293, 35.71687103314774 ], [ 127.293587511678993, 35.717319321666913 ], [ 127.292001261752574, 35.720997086144308 ], [ 127.291755887696382, 35.721448587115042 ], [ 127.291549853238138, 35.721747490969982 ], [ 127.291343194763144, 35.721843692453774 ], [ 127.29090155996235, 35.721906684970307 ], [ 127.290584801505744, 35.722121497633381 ], [ 127.290419975306406, 35.722352705286504 ], [ 127.286912982581882, 35.729877260022036 ], [ 127.286889318437346, 35.729938892518611 ], [ 127.286876429591985, 35.729984514863219 ], [ 127.286865980697087, 35.730056469212066 ], [ 127.286865882419576, 35.730123242175644 ], [ 127.286872253064772, 35.730173788186178 ], [ 127.286894162187934, 35.730270815650918 ], [ 127.286920899562773, 35.730332838546879 ], [ 127.287037525955284, 35.730522456460129 ], [ 127.287088626784112, 35.730591742710217 ], [ 127.287395651611732, 35.730957109696071 ], [ 127.288093586584012, 35.731827401288363 ], [ 127.288139913442677, 35.731889492659178 ], [ 127.288155721761669, 35.731920909033413 ], [ 127.288164575331535, 35.731952875780621 ], [ 127.288167025764395, 35.731988382785957 ], [ 127.288160387481611, 35.732050233023621 ], [ 127.288150577358309, 35.732090094066535 ], [ 127.288131629165804, 35.732136090858695 ], [ 127.287377360384454, 35.733535398865243 ], [ 127.287336121357754, 35.733594241357999 ], [ 127.28718474040835, 35.733764968308364 ], [ 127.286769782617043, 35.734200717527493 ], [ 127.286710853927985, 35.734256618880472 ], [ 127.286476836465198, 35.734443939012017 ], [ 127.286142034582127, 35.734698326936247 ], [ 127.286074869968814, 35.734742199082802 ], [ 127.286028213212745, 35.734768278785687 ], [ 127.285982851298883, 35.73478901229069 ], [ 127.28591992570496, 35.734810807308477 ], [ 127.285867664929214, 35.734823897079409 ], [ 127.285767936076837, 35.734843051452998 ], [ 127.285659099137533, 35.734856126042025 ], [ 127.285274637577686, 35.734887028337482 ], [ 127.284965708903684, 35.734895509183794 ], [ 127.284745251773302, 35.734884863432839 ], [ 127.284630255099216, 35.734873688392774 ], [ 127.284133468471865, 35.734803562710717 ], [ 127.283821849612764, 35.734739574314922 ], [ 127.283603252082102, 35.734720720451598 ], [ 127.283462393778166, 35.734713916681223 ], [ 127.283410687099519, 35.734719097263657 ], [ 127.283346870169098, 35.734738623528635 ], [ 127.283301175408852, 35.734759102965249 ], [ 127.283211929914359, 35.734811944653771 ], [ 127.283158926362646, 35.734854519791213 ], [ 127.283023103490933, 35.734992986547212 ], [ 127.282313592162325, 35.735760029013981 ], [ 127.281124704668855, 35.7372065999744 ], [ 127.281090923784078, 35.737253738944474 ], [ 127.28106401574118, 35.737302551216693 ], [ 127.281040000796068, 35.737359387860735 ], [ 127.281009599897743, 35.73744995284018 ], [ 127.280972789905434, 35.737608921962909 ], [ 127.280965104509789, 35.737655178812972 ], [ 127.280962375582035, 35.737703490487931 ], [ 127.280965723513233, 35.737734026735644 ], [ 127.280974544987316, 35.737761952805307 ], [ 127.280988764522661, 35.737787777078694 ], [ 127.281019079272454, 35.737824052606193 ], [ 127.281178688080715, 35.737973365585134 ], [ 127.28142772267374, 35.738219548950113 ], [ 127.281517507594785, 35.738328932077884 ], [ 127.281554512855109, 35.738381214562779 ], [ 127.281580103446942, 35.738428922173163 ], [ 127.281651257987775, 35.73858035413101 ], [ 127.281685959855523, 35.73866869675706 ], [ 127.28170666679145, 35.738741184035192 ], [ 127.281714881393697, 35.738782518010829 ], [ 127.281723952866614, 35.738879845764195 ], [ 127.281725039502362, 35.738934717427753 ], [ 127.281717931270194, 35.738989637337916 ], [ 127.281690521168755, 35.739121012129097 ], [ 127.280844396162891, 35.742121748400073 ], [ 127.279468001365103, 35.744017686684778 ], [ 127.278416215420435, 35.74538893942276 ], [ 127.278355754644664, 35.745454614621899 ], [ 127.278153396455139, 35.745696710829996 ], [ 127.277979766019342, 35.745936574071628 ], [ 127.277903892583709, 35.746055524082699 ], [ 127.277310817696687, 35.747029985496887 ], [ 127.277269377913626, 35.747100930200794 ], [ 127.277015128679523, 35.747602863817001 ], [ 127.276667398969025, 35.748289360142053 ], [ 127.276402212620198, 35.748848114408098 ], [ 127.276318617878559, 35.749036398772688 ], [ 127.276277855566235, 35.749143205797452 ], [ 127.276152142781299, 35.74956229297424 ], [ 127.276027176316319, 35.749999160616042 ], [ 127.276009295967199, 35.750074905704921 ], [ 127.275833640017481, 35.751402142604263 ], [ 127.275829352344175, 35.751442167870422 ], [ 127.275843110225836, 35.75146959132519 ], [ 127.275871964621146, 35.751487660547831 ], [ 127.276096706023267, 35.751573679764256 ], [ 127.276396775527488, 35.751708187582778 ], [ 127.276461249397926, 35.751741209671252 ], [ 127.27651753225004, 35.751778386545404 ], [ 127.276567220106045, 35.751822901228408 ], [ 127.276583241563941, 35.751850246753214 ], [ 127.276588012976447, 35.751887921188924 ], [ 127.276576649618747, 35.751928496856813 ], [ 127.276103612370193, 35.753005952680944 ], [ 127.274108078739729, 35.755245066969138 ], [ 127.273839536928435, 35.755452879258939 ], [ 127.273470166870752, 35.75562110262873 ], [ 127.272430637481079, 35.756136821586693 ], [ 127.268764788386093, 35.758313362349384 ], [ 127.268268334542213, 35.758953673027996 ], [ 127.265574394888489, 35.762455382995427 ], [ 127.265460964178516, 35.762761930784805 ], [ 127.265139744197342, 35.76450720388852 ], [ 127.265132457539977, 35.764773563755547 ], [ 127.265164435933656, 35.767030746239044 ], [ 127.2652227201052, 35.76735022532938 ], [ 127.265627769056778, 35.768707698704688 ], [ 127.265784288065063, 35.769066924992622 ], [ 127.266129570916107, 35.769658778189594 ], [ 127.268524456955845, 35.771997281386561 ], [ 127.268827755576837, 35.772242997109906 ], [ 127.269540630465798, 35.772734128632727 ], [ 127.270417130956687, 35.773258217150875 ], [ 127.271613052289737, 35.773948028264122 ], [ 127.272038989884834, 35.774193418675225 ], [ 127.272751970063723, 35.774704538351457 ], [ 127.273055904233615, 35.77512998909728 ], [ 127.273061537909996, 35.775295130722618 ], [ 127.273064988973886, 35.77539630507691 ], [ 127.27299212124602, 35.775609554465618 ], [ 127.272649891693561, 35.775943248011401 ], [ 127.272046072394616, 35.776284203508084 ], [ 127.271450922229207, 35.776778285598276 ], [ 127.271084913314738, 35.777338411461379 ], [ 127.270800869588641, 35.77796495915964 ], [ 127.271403935836048, 35.778746454817536 ], [ 127.273710554765032, 35.781550487107296 ], [ 127.27418626097429, 35.781889682736981 ], [ 127.274547708789115, 35.782388238213684 ], [ 127.274689826293596, 35.783300151894302 ], [ 127.274669669115482, 35.784578635984516 ], [ 127.274151184363902, 35.785984759246539 ], [ 127.273668471103278, 35.788296385211218 ], [ 127.273588496353909, 35.78882258470658 ], [ 127.27414039780902, 35.789453574608395 ], [ 127.274988754661933, 35.789361324976099 ], [ 127.275470909049602, 35.789331026446135 ], [ 127.276135089125845, 35.789333701982201 ], [ 127.276525737538947, 35.789335280657824 ], [ 127.276812667103897, 35.789554368103204 ], [ 127.277084776758485, 35.790243287010171 ], [ 127.277167381315365, 35.790452450035573 ], [ 127.27764289001577, 35.79081092598809 ], [ 127.279912303493134, 35.792064162842642 ], [ 127.28074463733526, 35.792385721932817 ], [ 127.28102590322122, 35.79249438151615 ], [ 127.28324211170758, 35.792785260301336 ], [ 127.284633481843187, 35.792905425928708 ], [ 127.287023132575442, 35.793439130993129 ], [ 127.287165955620964, 35.79326435531442 ], [ 127.287334511458852, 35.79237835483513 ], [ 127.287700878927112, 35.791931359596738 ], [ 127.288460309937989, 35.791643228112775 ], [ 127.291506370309278, 35.790550584061336 ], [ 127.294495686763923, 35.789611129126541 ], [ 127.295986259243122, 35.789148056814234 ], [ 127.297207166240028, 35.788738873124537 ], [ 127.297574552454449, 35.788584827492322 ], [ 127.298149892543336, 35.78828379282492 ], [ 127.303073221834921, 35.785295155725812 ], [ 127.303774601439585, 35.784820632831028 ], [ 127.304096383368829, 35.784506875296394 ], [ 127.304209925438073, 35.784260217779391 ], [ 127.304145086843363, 35.784138129518247 ] ] ] ] } },
{ "type": "Feature", "properties": { "OBJECTID": 2395, "adm_nm": "전북특별자치도 진안군 마령면", "adm_cd": "3532037", "adm_cd2": "4572037000", "sgg": "45720", "sido": "45", "sidonm": "전북특별자치도", "sggnm": "진안군" }, "geometry": { "type": "MultiPolygon", "coordinates": [ [ [ [ 127.359496857073793, 35.775463923875662 ], [ 127.359603007414307, 35.773455258769637 ], [ 127.35933991211202, 35.770978683746549 ], [ 127.359360206810862, 35.770575333522672 ], [ 127.359548949206626, 35.769285680317275 ], [ 127.360521069413053, 35.764270449114441 ], [ 127.360676678426941, 35.763485011182091 ], [ 127.361009283577658, 35.762742254251727 ], [ 127.364021853392728, 35.759355645334331 ], [ 127.364981439011032, 35.758474156824484 ], [ 127.365805820817059, 35.757996339940625 ], [ 127.366273494283348, 35.757807685251088 ], [ 127.367328669740473, 35.75753802831715 ], [ 127.367664375351325, 35.757493812494751 ], [ 127.368730440691323, 35.757451939459507 ], [ 127.369056444683167, 35.757439133678766 ], [ 127.372880990991916, 35.757608735733015 ], [ 127.373534986275544, 35.757719659278443 ], [ 127.375266612824291, 35.75816562475552 ], [ 127.375646888941645, 35.758264134766733 ], [ 127.376500169093475, 35.758548421424166 ], [ 127.37828141099277, 35.758110796915858 ], [ 127.381432309193883, 35.756912939064911 ], [ 127.381519903115262, 35.756823442983624 ], [ 127.381572799271837, 35.756671147485136 ], [ 127.3816752870042, 35.755995165249345 ], [ 127.381653658251523, 35.755631637196032 ], [ 127.381676283585762, 35.755414646890401 ], [ 127.381799343345307, 35.755136127043606 ], [ 127.381860948368882, 35.75500118820662 ], [ 127.382609979941776, 35.753690198389606 ], [ 127.382699893489161, 35.753625196462927 ], [ 127.382892711954113, 35.753575561102927 ], [ 127.383098685351698, 35.753574907594484 ], [ 127.383281335210626, 35.753619828382973 ], [ 127.383910998509904, 35.753827825393607 ], [ 127.38400558514239, 35.75386068190015 ], [ 127.388361395819061, 35.756485095171392 ], [ 127.38848650799963, 35.75662990127266 ], [ 127.388557927019335, 35.756746917045433 ], [ 127.388584725066309, 35.756958449044653 ], [ 127.388411946795671, 35.758064765148426 ], [ 127.388243611096982, 35.758763322697824 ], [ 127.38809089562163, 35.759124226783527 ], [ 127.388004235961901, 35.759406142659053 ], [ 127.387792600005596, 35.76016895702903 ], [ 127.387497653115673, 35.761592968149678 ], [ 127.387500517704794, 35.761727694144454 ], [ 127.387561042757611, 35.761827186066405 ], [ 127.388727443321912, 35.762498745978938 ], [ 127.388896976642599, 35.762501710365797 ], [ 127.389130824583901, 35.762474727577946 ], [ 127.390753468456509, 35.762527252616373 ], [ 127.392638161376851, 35.762641821003143 ], [ 127.393056980341512, 35.762699948885384 ], [ 127.393799544634774, 35.762822163600184 ], [ 127.394710721214963, 35.762981511697205 ], [ 127.397916501017932, 35.763704055024071 ], [ 127.401067775233699, 35.763873367960748 ], [ 127.40542003642696, 35.763978594401898 ], [ 127.406194523990337, 35.762710723414841 ], [ 127.406229210454143, 35.762637684190189 ], [ 127.406098681870446, 35.761755526038584 ], [ 127.406078451376175, 35.760510311476153 ], [ 127.406404406070465, 35.759395823393056 ], [ 127.40646814898038, 35.75936180307243 ], [ 127.406586289096182, 35.759350958100782 ], [ 127.407640482150939, 35.759412460876767 ], [ 127.40771423392286, 35.75945647105415 ], [ 127.408154687216381, 35.759725711261112 ], [ 127.40853949636201, 35.760031648076449 ], [ 127.40887117398006, 35.760262245571397 ], [ 127.409293692015027, 35.760437825589207 ], [ 127.409647095804374, 35.76052774244824 ], [ 127.413568565381169, 35.761373532801734 ], [ 127.413878761740335, 35.761421240538048 ], [ 127.413982444491509, 35.761437186119814 ], [ 127.414557624499281, 35.761495059644737 ], [ 127.414766844432748, 35.761496961747845 ], [ 127.415374961632452, 35.761424560149969 ], [ 127.41586308424975, 35.761324008368788 ], [ 127.416180503082728, 35.761252619814947 ], [ 127.416279180707846, 35.761197589925239 ], [ 127.416314129867771, 35.761155816479949 ], [ 127.41681008754739, 35.760417336851695 ], [ 127.416873319382816, 35.76032243259818 ], [ 127.417096909773605, 35.759986796378449 ], [ 127.417481472680706, 35.759329351275056 ], [ 127.417576240678287, 35.759118136309532 ], [ 127.417563117291039, 35.759060943214138 ], [ 127.417530700008371, 35.758972562118721 ], [ 127.4174470284851, 35.758850466347461 ], [ 127.417363450034557, 35.758746654742744 ], [ 127.417163435854832, 35.758663990938857 ], [ 127.414316254890068, 35.757731333583564 ], [ 127.41405718619896, 35.757667150131446 ], [ 127.413776143130164, 35.757649922618761 ], [ 127.413675012662623, 35.757687379556472 ], [ 127.41363421873217, 35.757702485946332 ], [ 127.413226080419633, 35.757826187156589 ], [ 127.413133544290375, 35.757829124601344 ], [ 127.412939861129786, 35.757749137984028 ], [ 127.41209239707247, 35.757202699753535 ], [ 127.411340939466356, 35.756700197854059 ], [ 127.410914521022733, 35.756386573362725 ], [ 127.41075732735338, 35.756241366430473 ], [ 127.409466018695568, 35.754470201689969 ], [ 127.409416688708731, 35.753882018907973 ], [ 127.409406952097555, 35.753533187631668 ], [ 127.409516170424808, 35.752575311921667 ], [ 127.409593779231983, 35.752467891313579 ], [ 127.409664436405166, 35.752383652685765 ], [ 127.409713512832354, 35.752250184077766 ], [ 127.409712742742968, 35.752099599344909 ], [ 127.409683294367753, 35.751896904033032 ], [ 127.409624831834435, 35.751597983743117 ], [ 127.40942072445381, 35.751271335962223 ], [ 127.409138269876053, 35.750930438792246 ], [ 127.408895319117647, 35.750661882617599 ], [ 127.408834682984534, 35.750607024696137 ], [ 127.408745585615165, 35.750566758802314 ], [ 127.408514396069634, 35.75050094172753 ], [ 127.40826463042886, 35.750475736661912 ], [ 127.405968434857314, 35.750440037196505 ], [ 127.405403542279714, 35.750433216188938 ], [ 127.405346799248662, 35.750450790339187 ], [ 127.405290164891923, 35.750488645848442 ], [ 127.404557095516708, 35.751308728765416 ], [ 127.404514656311022, 35.751357059498936 ], [ 127.404511896685733, 35.751511665455837 ], [ 127.404505665637799, 35.751679679518148 ], [ 127.404403760628682, 35.751905974772669 ], [ 127.404245200347319, 35.752167227077734 ], [ 127.404157015268964, 35.75228630652515 ], [ 127.403972196828292, 35.752469448149334 ], [ 127.403802173587835, 35.752562656387632 ], [ 127.403665166324743, 35.752622338425027 ], [ 127.403554068357295, 35.75267072560883 ], [ 127.403387123492664, 35.752694447007755 ], [ 127.403245023337533, 35.752689162848064 ], [ 127.402988904476317, 35.75263494706779 ], [ 127.402597493723718, 35.752520346326577 ], [ 127.402343889266106, 35.752416926486518 ], [ 127.402237047936694, 35.752365085172073 ], [ 127.401923506484849, 35.752192366832155 ], [ 127.401624010888227, 35.751976067989695 ], [ 127.401074657709714, 35.75153980858191 ], [ 127.401017548189984, 35.751485717821687 ], [ 127.400928369237405, 35.751401221961665 ], [ 127.398239294651702, 35.74681748822573 ], [ 127.398168269822307, 35.746628189083552 ], [ 127.397453344807943, 35.744292144229583 ], [ 127.397457927501918, 35.744257158486199 ], [ 127.397819556497197, 35.743792532172982 ], [ 127.397878965857231, 35.743732843150362 ], [ 127.398078179340814, 35.743666415699572 ], [ 127.398300343893922, 35.743657106807106 ], [ 127.398509378721968, 35.743673631725478 ], [ 127.398724528339983, 35.743701668062371 ], [ 127.39888706900561, 35.743750072771846 ], [ 127.399003736780017, 35.743804307487572 ], [ 127.399120430703007, 35.743884402734999 ], [ 127.399212603765264, 35.743967574436596 ], [ 127.399276426360103, 35.744042052237027 ], [ 127.399340261086266, 35.744116651733336 ], [ 127.399560448225671, 35.74442073097017 ], [ 127.399667145259968, 35.744601526968154 ], [ 127.399768369567639, 35.744748549470053 ], [ 127.399945797215594, 35.744969399627095 ], [ 127.400059359592404, 35.74510420870682 ], [ 127.400172584432738, 35.745198743284831 ], [ 127.400321239408683, 35.745301724754135 ], [ 127.400434419091638, 35.745364607244369 ], [ 127.400536823001573, 35.745393021235323 ], [ 127.400648078188681, 35.745421484825563 ], [ 127.40073271373943, 35.745432659191984 ], [ 127.400792729644067, 35.745432445420022 ], [ 127.400993632287495, 35.745414579174593 ], [ 127.403443907950191, 35.745100161721147 ], [ 127.403581308075573, 35.745073743187191 ], [ 127.40373623512447, 35.745038710801332 ], [ 127.404807401274795, 35.744669947028292 ], [ 127.4049058976981, 35.744623637736282 ], [ 127.404972665558802, 35.744577362814056 ], [ 127.406069448281443, 35.74372686212412 ], [ 127.406125683781781, 35.743674846652254 ], [ 127.406171139800279, 35.743591329622326 ], [ 127.408011356165446, 35.739847421760928 ], [ 127.408376220432416, 35.737384659617909 ], [ 127.408673615081625, 35.734849415897763 ], [ 127.408785958212349, 35.734075478087235 ], [ 127.408947969885105, 35.733482904408774 ], [ 127.408920189906482, 35.733433778585223 ], [ 127.408856382407038, 35.733362073796705 ], [ 127.408775055478955, 35.7333019561176 ], [ 127.408212988965857, 35.733022038304711 ], [ 127.404590112117162, 35.731302359669009 ], [ 127.404399248463335, 35.73121963018567 ], [ 127.399269942950042, 35.729802432875751 ], [ 127.397879095600786, 35.729574056729199 ], [ 127.3971818181044, 35.729385179996918 ], [ 127.396879175883626, 35.72927298578103 ], [ 127.39595959842751, 35.728879444842896 ], [ 127.395715337126802, 35.728770927236049 ], [ 127.395598391197851, 35.728700911267701 ], [ 127.395474251206267, 35.728585332938515 ], [ 127.39542381045473, 35.728510329001693 ], [ 127.395213483262552, 35.727725663320946 ], [ 127.395168117707712, 35.727536627608373 ], [ 127.395173005665413, 35.727361501904952 ], [ 127.395155476703962, 35.727305509529678 ], [ 127.39512660221763, 35.727254219208248 ], [ 127.395066194693598, 35.727198360752396 ], [ 127.394066825180118, 35.726346787078413 ], [ 127.393979049481871, 35.726274688968182 ], [ 127.393855546395827, 35.726200375524037 ], [ 127.393720648102232, 35.726140076822901 ], [ 127.393407962571928, 35.726026634227601 ], [ 127.390534983732493, 35.725358654640694 ], [ 127.389845971569343, 35.725314201922309 ], [ 127.389545512242705, 35.725350226343757 ], [ 127.389479644454724, 35.725350439062268 ], [ 127.389419307950575, 35.725331892897813 ], [ 127.389393402904716, 35.72529934350213 ], [ 127.389381812234902, 35.725254961576702 ], [ 127.38940978856084, 35.725124094201973 ], [ 127.389475715680803, 35.724836640423526 ], [ 127.389662314223187, 35.724046634691611 ], [ 127.389721343821023, 35.723822203225311 ], [ 127.389947824066439, 35.722980684245037 ], [ 127.390129811900593, 35.722426536697746 ], [ 127.390280087758043, 35.722101413249568 ], [ 127.390409455263381, 35.721907143883271 ], [ 127.390580020242169, 35.721666049318856 ], [ 127.390975802047976, 35.720894097048145 ], [ 127.391402173562241, 35.719643204789513 ], [ 127.392087210106425, 35.713900190031133 ], [ 127.392103076203838, 35.713643285512084 ], [ 127.392099199728747, 35.71343771601714 ], [ 127.392032564242726, 35.712984864958564 ], [ 127.391916614517342, 35.712389698424708 ], [ 127.391895913896761, 35.712294319981559 ], [ 127.391875575836067, 35.712200655871385 ], [ 127.391642048243611, 35.71158241590436 ], [ 127.391555065529232, 35.711353868081154 ], [ 127.391479633813802, 35.711157914874278 ], [ 127.391416321577353, 35.711090426117885 ], [ 127.39128848673964, 35.711004401810534 ], [ 127.391144831879018, 35.710913761102027 ], [ 127.390791577921831, 35.710695345822771 ], [ 127.390497206531251, 35.710516499150749 ], [ 127.389862605758395, 35.710135515661513 ], [ 127.38972331126395, 35.710054215495376 ], [ 127.389508149644001, 35.709982544457361 ], [ 127.387773793371849, 35.709553703344774 ], [ 127.387682142635413, 35.709542282464326 ], [ 127.386381527708608, 35.709431994221156 ], [ 127.385891862568954, 35.709426624268907 ], [ 127.385701513001933, 35.709438847481309 ], [ 127.385289536122784, 35.709503250821122 ], [ 127.384964823767476, 35.709562686114538 ], [ 127.384389878960349, 35.709678887362038 ], [ 127.384171106526537, 35.709749705316774 ], [ 127.384011030949523, 35.709808626445337 ], [ 127.383522463560723, 35.710034317750534 ], [ 127.383396713314255, 35.710083824817012 ], [ 127.383358037045923, 35.710083947832359 ], [ 127.383231984252973, 35.710065624250284 ], [ 127.381318313132738, 35.709263581650987 ], [ 127.381278115007646, 35.709245057535384 ], [ 127.381229079496279, 35.70915878285502 ], [ 127.381201380523905, 35.709049102868576 ], [ 127.381177844305981, 35.70893237347282 ], [ 127.381154265776331, 35.708785359825178 ], [ 127.380503917011367, 35.707491113777337 ], [ 127.379155533379659, 35.705725080940944 ], [ 127.379087903032897, 35.705652835995238 ], [ 127.37840748620529, 35.704956668413047 ], [ 127.378154426960378, 35.704716908561061 ], [ 127.378048041221803, 35.704628479950678 ], [ 127.37788714656979, 35.70450992001193 ], [ 127.377555838047684, 35.704382440729205 ], [ 127.377226261843191, 35.704320462710136 ], [ 127.377005617609242, 35.704276722585341 ], [ 127.376877916830722, 35.7042141166135 ], [ 127.376797358510601, 35.704141914845941 ], [ 127.376731014423626, 35.704037025162251 ], [ 127.37431913796577, 35.699770529876851 ], [ 127.372397950039669, 35.696320577568038 ], [ 127.372385124576766, 35.696293831266502 ], [ 127.372311844443018, 35.696240440523397 ], [ 127.370414488782302, 35.694998103324522 ], [ 127.370308249088666, 35.694935792914976 ], [ 127.370183968790514, 35.694888578944735 ], [ 127.36941577405976, 35.694601988741667 ], [ 127.36919444607085, 35.694522174244923 ], [ 127.369090700074238, 35.694593970832436 ], [ 127.368623090235204, 35.694948427885798 ], [ 127.368388558924991, 35.695169575590754 ], [ 127.36808726779401, 35.695554797659589 ], [ 127.367448235801874, 35.696381955711907 ], [ 127.365815594058944, 35.698715671656394 ], [ 127.365041798797506, 35.700409343834018 ], [ 127.364912097762229, 35.700799983857273 ], [ 127.364861680541409, 35.700966966633899 ], [ 127.364760431374108, 35.701591313340735 ], [ 127.364668226055741, 35.702188848125445 ], [ 127.36487887230156, 35.706629919120743 ], [ 127.365803767845122, 35.708426237873098 ], [ 127.36588802790628, 35.708513870870142 ], [ 127.36594215553994, 35.708583273402056 ], [ 127.365971356972437, 35.708620870844399 ], [ 127.3660031782956, 35.708661852336597 ], [ 127.366124581777854, 35.708883199668321 ], [ 127.366188044594992, 35.708998915155753 ], [ 127.366573229689948, 35.709768140985091 ], [ 127.366692608870494, 35.71001806916631 ], [ 127.366741892951467, 35.710165081595655 ], [ 127.366822131910169, 35.710501208788813 ], [ 127.366851207342705, 35.710653787146072 ], [ 127.366857402471823, 35.710869260930266 ], [ 127.36681639526104, 35.711063498519188 ], [ 127.366787041556876, 35.711193043904409 ], [ 127.366767656860318, 35.711244499612242 ], [ 127.36671972275407, 35.711358615430214 ], [ 127.365796528482505, 35.713079303090176 ], [ 127.36575554485627, 35.713131341332762 ], [ 127.365578165171073, 35.713296734347992 ], [ 127.364375624785126, 35.714325377062508 ], [ 127.364342816855356, 35.714352325167503 ], [ 127.36353360924511, 35.714807735784383 ], [ 127.363487290131133, 35.71482986982295 ], [ 127.363442840031496, 35.714838027893954 ], [ 127.363362414473627, 35.714852773039681 ], [ 127.363298128285621, 35.714861528860929 ], [ 127.360424782174178, 35.715172328502604 ], [ 127.360331983393749, 35.715176212388513 ], [ 127.360272060554607, 35.715171534568746 ], [ 127.360198618213374, 35.715159570219505 ], [ 127.360142095170872, 35.71514722245692 ], [ 127.360085571051357, 35.715134868355086 ], [ 127.359201474709451, 35.714937229164292 ], [ 127.358362158834254, 35.714693041418712 ], [ 127.35641414487435, 35.7142372820826 ], [ 127.356364379246131, 35.714228581415171 ], [ 127.355800409816737, 35.71422320498052 ], [ 127.355426987788931, 35.71422124494002 ], [ 127.35537853544011, 35.714231038006723 ], [ 127.355310284066476, 35.714244838469256 ], [ 127.355064400282188, 35.714318203604158 ], [ 127.355015080966155, 35.714337819710963 ], [ 127.35370579378916, 35.714950380435262 ], [ 127.353653551452894, 35.714979820264162 ], [ 127.353580340340542, 35.715024011478981 ], [ 127.352594372788872, 35.71565625246285 ], [ 127.351062943567996, 35.717339492373711 ], [ 127.347948591803643, 35.722179285011023 ], [ 127.347935242564873, 35.722209787592597 ], [ 127.346977149581505, 35.724570345552657 ], [ 127.346953280042939, 35.724674765982705 ], [ 127.346949454110813, 35.724758686184494 ], [ 127.346947728675133, 35.72479653912621 ], [ 127.347043101684321, 35.725024913737961 ], [ 127.34709926026855, 35.725306953333735 ], [ 127.347067012807784, 35.725620135734303 ], [ 127.347040205660363, 35.725761895431397 ], [ 127.346986015522162, 35.72590868478455 ], [ 127.344080315281303, 35.732088397689843 ], [ 127.341791239566447, 35.732893234613705 ], [ 127.341695598289036, 35.732836269847205 ], [ 127.341451579491491, 35.732741428516903 ], [ 127.34128895765221, 35.732684752032817 ], [ 127.340502785598474, 35.732493732902086 ], [ 127.33943874633124, 35.732384510348943 ], [ 127.339201385962156, 35.732372937391936 ], [ 127.339120690298714, 35.732374099026707 ], [ 127.339078909272118, 35.73237471036591 ], [ 127.33903632529001, 35.732389677327134 ], [ 127.338957112466744, 35.732429306325187 ], [ 127.338750421782962, 35.732563092500094 ], [ 127.338573129943398, 35.732694541054819 ], [ 127.338417077426371, 35.732831788322571 ], [ 127.338248624822526, 35.732989263090893 ], [ 127.338153296822966, 35.73311040910783 ], [ 127.338146359229469, 35.733143034397095 ], [ 127.338156869487861, 35.733197980549136 ], [ 127.338192435896545, 35.733256571438503 ], [ 127.338231443354303, 35.73332079403707 ], [ 127.338320827812851, 35.733466027557455 ], [ 127.338631616903157, 35.733747408135422 ], [ 127.338889563768177, 35.733973271218709 ], [ 127.339134953274964, 35.7342056420745 ], [ 127.339248234650611, 35.73433195901174 ], [ 127.339306854576421, 35.734444006636409 ], [ 127.339323051447877, 35.734511907723288 ], [ 127.339308004234084, 35.734612653254032 ], [ 127.339227544594763, 35.734799512937855 ], [ 127.339139886270459, 35.734956848878532 ], [ 127.338050554353416, 35.736618752635714 ], [ 127.337912479896545, 35.736828218891176 ], [ 127.33786480029498, 35.73688979117334 ], [ 127.337818042026029, 35.736950168211003 ], [ 127.337196793162533, 35.737583686470131 ], [ 127.336466694928689, 35.738170566269709 ], [ 127.336096768665669, 35.738319924163676 ], [ 127.335986709643862, 35.738410721864298 ], [ 127.335869599510474, 35.738532609856009 ], [ 127.335782211274278, 35.738650133826113 ], [ 127.335730810784767, 35.738758069319523 ], [ 127.335702453246441, 35.738919584211551 ], [ 127.33570647133709, 35.73899047514346 ], [ 127.335729039834362, 35.739177143881278 ], [ 127.33576407828852, 35.739391997530582 ], [ 127.335802481126024, 35.739558367766399 ], [ 127.335856203603456, 35.739768743219024 ], [ 127.336386458299842, 35.74136890068781 ], [ 127.337548517143929, 35.743442798068834 ], [ 127.33884340846204, 35.745436021307611 ], [ 127.33891704907073, 35.745545123578289 ], [ 127.339061173994153, 35.745743735812162 ], [ 127.339200023873246, 35.745926469398071 ], [ 127.339435156092847, 35.746234871818714 ], [ 127.339635605963011, 35.746496275986487 ], [ 127.341377543345061, 35.74871614203461 ], [ 127.341406988252089, 35.74874571378168 ], [ 127.341515977810545, 35.748825798729044 ], [ 127.341683528245682, 35.74888678386445 ], [ 127.341782610273697, 35.748919404489847 ], [ 127.341921329236271, 35.748965070528676 ], [ 127.342076660434728, 35.749011080097958 ], [ 127.342153686642675, 35.749033888765275 ], [ 127.342384207740508, 35.749086781342314 ], [ 127.342641480093562, 35.749139589456377 ], [ 127.342929699572636, 35.749185820359209 ], [ 127.343144133759452, 35.749229350479204 ], [ 127.34340942308485, 35.749293765083763 ], [ 127.343791959269794, 35.749396155724654 ], [ 127.343920388905858, 35.749437046386213 ], [ 127.343991470038148, 35.749464336285683 ], [ 127.344027958545965, 35.749490999746691 ], [ 127.344098853845765, 35.74955010249073 ], [ 127.344218181623191, 35.74966053465787 ], [ 127.344870552890512, 35.750268104975618 ], [ 127.344901778021182, 35.750306322994845 ], [ 127.344917826519364, 35.7503344853885 ], [ 127.344931079507091, 35.75040681327151 ], [ 127.344921395739078, 35.7504776148796 ], [ 127.344911664893885, 35.750548728389653 ], [ 127.34489865472105, 35.750616333030926 ], [ 127.344885178659865, 35.750686327292691 ], [ 127.344857623144136, 35.750755341355628 ], [ 127.344820624621093, 35.750847954237749 ], [ 127.342688597290802, 35.755811682092052 ], [ 127.342395644236646, 35.756118802260865 ], [ 127.341209507803384, 35.756841285479204 ], [ 127.340096502520282, 35.757470344297104 ], [ 127.338559005050357, 35.758233747237057 ], [ 127.337693981881401, 35.758562436258494 ], [ 127.337085343892738, 35.758630708066278 ], [ 127.336800496180487, 35.758627365501049 ], [ 127.336579104929243, 35.758624766677222 ], [ 127.336161417528331, 35.758560038538519 ], [ 127.335485958153626, 35.758288938834788 ], [ 127.335101174184132, 35.758136836315266 ], [ 127.334032933991395, 35.757760252295455 ], [ 127.333509334916045, 35.757641848937716 ], [ 127.332482735911697, 35.757438277404418 ], [ 127.330237571285338, 35.757071529644342 ], [ 127.329424320163014, 35.757073749481265 ], [ 127.325806634388599, 35.757855953736978 ], [ 127.323736244729517, 35.759266489770184 ], [ 127.323655554759029, 35.759526380642185 ], [ 127.323349923181951, 35.759746934134562 ], [ 127.320613892856102, 35.761312330809474 ], [ 127.320415805002142, 35.761404665879944 ], [ 127.320283440549233, 35.761466362307772 ], [ 127.319376029035254, 35.761442118894905 ], [ 127.318783544346402, 35.761470327816774 ], [ 127.318089274453413, 35.76160533655257 ], [ 127.317334108330286, 35.761833699931735 ], [ 127.317155277636175, 35.762087188934458 ], [ 127.317129915848312, 35.762162823177398 ], [ 127.317050244752465, 35.762400425451681 ], [ 127.316898452579338, 35.763293077308035 ], [ 127.316773373806882, 35.76369957179611 ], [ 127.31579824068649, 35.765167010846802 ], [ 127.315447991195086, 35.765487550075022 ], [ 127.314930007453938, 35.765761908567235 ], [ 127.314125936205215, 35.76604365638935 ], [ 127.312627384001061, 35.766420419868297 ], [ 127.312251475050488, 35.766448025786509 ], [ 127.311475957797427, 35.766723016556583 ], [ 127.309938583490364, 35.767625871995037 ], [ 127.307547965507723, 35.768817206904949 ], [ 127.305449754072001, 35.76984588364283 ], [ 127.30206409302707, 35.77134796492895 ], [ 127.301639816798129, 35.771568765951187 ], [ 127.300865591794107, 35.772209918328194 ], [ 127.300710248967462, 35.772477571349853 ], [ 127.300536628882654, 35.772776714721566 ], [ 127.300179984860762, 35.77359662292514 ], [ 127.299035749825308, 35.778060683704979 ], [ 127.29904082981696, 35.778327011782231 ], [ 127.299115924377389, 35.778733001467792 ], [ 127.300664768106373, 35.780793325000587 ], [ 127.301636701255205, 35.781616560984467 ], [ 127.302522423054356, 35.78233346666827 ], [ 127.304145086843363, 35.784138129518247 ], [ 127.304943716376428, 35.784089845400807 ], [ 127.305557264636633, 35.784174871406044 ], [ 127.305851982071601, 35.784273993498452 ], [ 127.306503528565784, 35.784671866029022 ], [ 127.307371598256211, 35.785035872587407 ], [ 127.308014407229322, 35.785287264727678 ], [ 127.308889533953248, 35.78535161647892 ], [ 127.309375946541465, 35.785330393379063 ], [ 127.310542498236785, 35.784641574005654 ], [ 127.311104239616412, 35.784195407546576 ], [ 127.313433871164335, 35.783861717472789 ], [ 127.313718183626008, 35.783746051412869 ], [ 127.313895100713125, 35.783674072681769 ], [ 127.314757924352705, 35.782693022551463 ], [ 127.316300840811195, 35.781057650185311 ], [ 127.316848368842102, 35.780726135177417 ], [ 127.317096091673477, 35.780576148038683 ], [ 127.317913103889978, 35.780427517795488 ], [ 127.319988590197283, 35.780129058423256 ], [ 127.320528194745947, 35.780127627988783 ], [ 127.321002951562278, 35.780266187880926 ], [ 127.321882893490084, 35.780523545371807 ], [ 127.326888904975903, 35.782108143042343 ], [ 127.330009062947326, 35.783344806430051 ], [ 127.334034155357969, 35.78490516426605 ], [ 127.334394014011224, 35.784930809424402 ], [ 127.334657822101775, 35.784867130873621 ], [ 127.334728916229196, 35.784849966981596 ], [ 127.334849438809044, 35.784811686345478 ], [ 127.335320919379953, 35.784661896697855 ], [ 127.335603344787259, 35.78454859174213 ], [ 127.335671899198587, 35.784521083976031 ], [ 127.336079757818382, 35.784293563593529 ], [ 127.337592941780926, 35.783457032615395 ], [ 127.3407746052997, 35.781796767698658 ], [ 127.341472190167565, 35.781455217422348 ], [ 127.342280299507209, 35.781146643502204 ], [ 127.343762391670538, 35.780716296115934 ], [ 127.344461301088785, 35.78068765489467 ], [ 127.345328044563942, 35.780705151731063 ], [ 127.346011105218082, 35.780796426275771 ], [ 127.346845043545954, 35.78079403438921 ], [ 127.347674473713781, 35.780698419971706 ], [ 127.348343139617853, 35.780290331504261 ], [ 127.349927770747001, 35.779013942750318 ], [ 127.351431410772207, 35.777924240832142 ], [ 127.355130446739125, 35.775982432922817 ], [ 127.355751200714892, 35.775847438189615 ], [ 127.355980077919142, 35.775840098249148 ], [ 127.356319719220394, 35.775845708687214 ], [ 127.357349553490067, 35.775862697759948 ], [ 127.358669629127661, 35.775805508063364 ], [ 127.358930844992926, 35.775718170264376 ], [ 127.359496857073793, 35.775463923875662 ] ] ] ] } },
{ "type": "Feature", "properties": { "OBJECTID": 2396, "adm_nm": "전북특별자치도 진안군 부귀면", "adm_cd": "3532038", "adm_cd2": "4572038000", "sgg": "45720", "sido": "45", "sidonm": "전북특별자치도", "sggnm": "진안군" }, "geometry": { "type": "MultiPolygon", "coordinates": [ [ [ [ 127.353224781394005, 35.913574492692199 ], [ 127.357426744210699, 35.911582426260402 ], [ 127.357179872792528, 35.910260664712908 ], [ 127.357130566198805, 35.909795957438867 ], [ 127.3573430625583, 35.908735878530138 ], [ 127.358533412071893, 35.906692709733768 ], [ 127.359295648647105, 35.906070623223712 ], [ 127.359832061148595, 35.905640184659568 ], [ 127.360244714594515, 35.904997514480677 ], [ 127.360543851658065, 35.904311937853592 ], [ 127.360747780688996, 35.90346088969946 ], [ 127.360801176902257, 35.900646318840252 ], [ 127.360723021598488, 35.900069974117372 ], [ 127.362001789688662, 35.89674722285816 ], [ 127.363252978676044, 35.893611948617419 ], [ 127.363467956900095, 35.89312480554883 ], [ 127.364285850388384, 35.892322354943659 ], [ 127.366045818548628, 35.891034130508153 ], [ 127.366836475888107, 35.890476764300686 ], [ 127.36781790006151, 35.890340461038342 ], [ 127.369875193832783, 35.890067486497593 ], [ 127.370459204848146, 35.889755785569683 ], [ 127.371710359309617, 35.888735722909608 ], [ 127.372870412187822, 35.887940255426592 ], [ 127.376105193874608, 35.885879612363489 ], [ 127.376597641977654, 35.885690601580848 ], [ 127.377397603445118, 35.885616691650803 ], [ 127.377824903607859, 35.885561783453248 ], [ 127.378536362182359, 35.885318511934543 ], [ 127.380329389766786, 35.884286208812838 ], [ 127.382198568720639, 35.883137577019092 ], [ 127.383051471189049, 35.882679570458016 ], [ 127.383872373278251, 35.882409147720125 ], [ 127.384781408817858, 35.882227693810641 ], [ 127.385537815670091, 35.882225276662489 ], [ 127.386459315203282, 35.882356245665292 ], [ 127.386931062332835, 35.882426149904212 ], [ 127.387281721816635, 35.882398236488385 ], [ 127.38776343047536, 35.882262779523053 ], [ 127.390783858931982, 35.881181739937794 ], [ 127.393484435193159, 35.879726694897442 ], [ 127.393877882724169, 35.879484368837751 ], [ 127.393909410277615, 35.879207522431621 ], [ 127.39388440749066, 35.878582672299508 ], [ 127.393948162533746, 35.877992652234056 ], [ 127.394121194987321, 35.877107700124768 ], [ 127.394159435092376, 35.876980852609108 ], [ 127.394336147021662, 35.87684292622685 ], [ 127.39585476317319, 35.876234123993299 ], [ 127.39787771091531, 35.875442393842199 ], [ 127.398771253936602, 35.875094094356953 ], [ 127.399078861839214, 35.874980237846536 ], [ 127.399352825605405, 35.87489415629846 ], [ 127.399669183679634, 35.874825792871015 ], [ 127.399889497484381, 35.874772073749575 ], [ 127.400087028891932, 35.874681653158433 ], [ 127.400989582242218, 35.874058153407567 ], [ 127.403002698487668, 35.872018601324299 ], [ 127.404884252807321, 35.870104916554851 ], [ 127.405134747996698, 35.869871549813219 ], [ 127.406645949874004, 35.868698633308192 ], [ 127.40680665354013, 35.868599141471215 ], [ 127.406913928034044, 35.868573448400568 ], [ 127.41479013541219, 35.867878340365813 ], [ 127.419191616619827, 35.868132504477778 ], [ 127.419265189440921, 35.868143783544433 ], [ 127.419344301943042, 35.868134224576366 ], [ 127.4204792831584, 35.867660633934868 ], [ 127.420896290093964, 35.867371418076118 ], [ 127.421493320754394, 35.866912934075906 ], [ 127.421653789433194, 35.8667742208969 ], [ 127.422059037537906, 35.86627091219006 ], [ 127.422455091873914, 35.865769327236812 ], [ 127.425899908592882, 35.861114022833 ], [ 127.427288216742511, 35.859199371427955 ], [ 127.427519550309668, 35.858528384736424 ], [ 127.427616524879156, 35.858278952661912 ], [ 127.427844848162266, 35.857726572762168 ], [ 127.428021718064315, 35.857429443222053 ], [ 127.428403105321934, 35.856912122040455 ], [ 127.428671082235425, 35.856635386207664 ], [ 127.42922389069696, 35.856150092008754 ], [ 127.43189773180022, 35.853925376855777 ], [ 127.43360359148565, 35.852827590404573 ], [ 127.433854846337496, 35.852678148113036 ], [ 127.434264302343962, 35.852326360117381 ], [ 127.434351287049992, 35.852240155434778 ], [ 127.434800038650664, 35.851521338948459 ], [ 127.436023307004064, 35.849496233156636 ], [ 127.436137571885979, 35.849237169237071 ], [ 127.436164821259581, 35.849059087320349 ], [ 127.436148845446084, 35.84895135003061 ], [ 127.435361572837152, 35.846980560315551 ], [ 127.435260154349663, 35.846772559414191 ], [ 127.434583825562342, 35.845818056564021 ], [ 127.434526943999487, 35.845759602579058 ], [ 127.434475375122219, 35.845740954267704 ], [ 127.434228629048619, 35.845760676694091 ], [ 127.434007558985257, 35.845757321392441 ], [ 127.433721804210549, 35.845704902773413 ], [ 127.433551767389005, 35.8456426982479 ], [ 127.432100609101866, 35.844991447575246 ], [ 127.430967874399315, 35.843772588759947 ], [ 127.430887369385104, 35.843622107568144 ], [ 127.429642641163511, 35.841188051929151 ], [ 127.429662203048565, 35.840997464916072 ], [ 127.430103829739807, 35.838011956578775 ], [ 127.43017211366535, 35.837804347197668 ], [ 127.430373024490692, 35.837398518081926 ], [ 127.43096003500581, 35.836591242563379 ], [ 127.431481187221891, 35.835496273121933 ], [ 127.432378027621951, 35.833533108723479 ], [ 127.432403268938458, 35.833432439097656 ], [ 127.432342962707381, 35.833228522892966 ], [ 127.432179939915386, 35.833025975996819 ], [ 127.432019875853797, 35.832896765561543 ], [ 127.431415658330707, 35.831944057906448 ], [ 127.429903202475501, 35.829866951814338 ], [ 127.42610778333254, 35.82515420721932 ], [ 127.426016398379772, 35.825055825683158 ], [ 127.425259479181236, 35.824663767378425 ], [ 127.423070651566746, 35.824409548566216 ], [ 127.422875989674907, 35.824386986091618 ], [ 127.420152388477945, 35.824435068189594 ], [ 127.420057700758932, 35.824465505271817 ], [ 127.419305426987449, 35.824721458634457 ], [ 127.418276356573628, 35.824952597945483 ], [ 127.418170929524848, 35.824935842633309 ], [ 127.417302478021114, 35.824646839708386 ], [ 127.417228350612262, 35.824587001327373 ], [ 127.414980310481155, 35.821465520655913 ], [ 127.414544585490319, 35.820771362008415 ], [ 127.414385841687022, 35.820630216578103 ], [ 127.413247678082556, 35.820151049966469 ], [ 127.413144202017662, 35.82011532243726 ], [ 127.413062888146499, 35.820087256596999 ], [ 127.412656606078485, 35.819968416017126 ], [ 127.412228963244161, 35.819828198159527 ], [ 127.411901451095503, 35.819661861011163 ], [ 127.410741021883581, 35.818933642712814 ], [ 127.410513588633052, 35.818775622263303 ], [ 127.410441301364912, 35.818703232249149 ], [ 127.407798492150491, 35.815940034468547 ], [ 127.407382217690767, 35.815438008828728 ], [ 127.407249474614972, 35.81522801432947 ], [ 127.40708416408701, 35.814837790947649 ], [ 127.407051137990507, 35.81456527363131 ], [ 127.406927880210134, 35.814153458900513 ], [ 127.406827047048253, 35.814016370308813 ], [ 127.406471726045709, 35.813575323821539 ], [ 127.404690202382497, 35.811653352927657 ], [ 127.404619469467463, 35.81160166993169 ], [ 127.400270345305358, 35.809677864178404 ], [ 127.398948259722317, 35.809142588401258 ], [ 127.398535300036968, 35.809000462209063 ], [ 127.398324826875978, 35.808972597356984 ], [ 127.397537345040917, 35.808963747446548 ], [ 127.397339188333461, 35.808964399773977 ], [ 127.397042281745613, 35.809019180014481 ], [ 127.396778582817021, 35.809100791476787 ], [ 127.396602911715576, 35.809195551629877 ], [ 127.396399958955229, 35.809321853826184 ], [ 127.396257099371624, 35.809385046179052 ], [ 127.396097823779954, 35.809439462205894 ], [ 127.394983123329823, 35.809398237085951 ], [ 127.393268171758947, 35.809264767988573 ], [ 127.388428044669325, 35.808722030819517 ], [ 127.387728705331696, 35.80863462472125 ], [ 127.387505680662713, 35.808594953114032 ], [ 127.386426106844127, 35.808401046722551 ], [ 127.383639975741787, 35.808383070993074 ], [ 127.380387173966099, 35.809161506972252 ], [ 127.379162723095064, 35.810007570428077 ], [ 127.378939258439445, 35.810131921865256 ], [ 127.378845381468963, 35.810143937885201 ], [ 127.378802043464447, 35.810126416252636 ], [ 127.378744478433802, 35.81009154746743 ], [ 127.378475490730693, 35.809838937904125 ], [ 127.378272128684046, 35.809627521703824 ], [ 127.377339041912236, 35.808655833326334 ], [ 127.377266236182621, 35.808561784704352 ], [ 127.376905494747632, 35.807140734448552 ], [ 127.376905243350407, 35.807087745820304 ], [ 127.376918613640925, 35.806846261644729 ], [ 127.376997237497051, 35.806675225819291 ], [ 127.377004156238542, 35.806592749734243 ], [ 127.376996432709603, 35.806504450413101 ], [ 127.376804765721289, 35.805695266673666 ], [ 127.376549191666385, 35.805130707508511 ], [ 127.376469341462993, 35.805042627076787 ], [ 127.375696388979335, 35.804323601007944 ], [ 127.37504165329652, 35.803804531310782 ], [ 127.373116267001379, 35.802329282925477 ], [ 127.372820905473688, 35.802103802112043 ], [ 127.372419346300518, 35.801925269063432 ], [ 127.37121119381213, 35.80151617304449 ], [ 127.37049918180773, 35.801405148694649 ], [ 127.369628941794659, 35.801560970785964 ], [ 127.368000364112447, 35.802198510672241 ], [ 127.365490826739048, 35.803344758002112 ], [ 127.364826221320698, 35.803766247256206 ], [ 127.363517917485865, 35.804715713732115 ], [ 127.363191449899503, 35.804863165567944 ], [ 127.3629459881071, 35.804837269086917 ], [ 127.362773864236587, 35.804757875988791 ], [ 127.360715381073646, 35.802580062640622 ], [ 127.360439773376442, 35.802214664940259 ], [ 127.358688722143484, 35.799263489280065 ], [ 127.358646415602323, 35.798950671672436 ], [ 127.358678235100982, 35.79875082178291 ], [ 127.358996507194774, 35.79860338955406 ], [ 127.359825258802815, 35.798314599232249 ], [ 127.360747620254131, 35.79793230863617 ], [ 127.361345630592183, 35.797258016945285 ], [ 127.363638581062347, 35.794361320185473 ], [ 127.364296846692241, 35.793460438482228 ], [ 127.365505479971816, 35.790420500156799 ], [ 127.366161855214187, 35.788221184660529 ], [ 127.365864520561274, 35.787569551521877 ], [ 127.365804691818894, 35.787003756158846 ], [ 127.366107539524663, 35.78617719384313 ], [ 127.36710139875413, 35.781806159690753 ], [ 127.366859924942204, 35.779955815200033 ], [ 127.365452351553245, 35.776078148658719 ], [ 127.365221498565333, 35.775652703451854 ], [ 127.364250081021581, 35.775069687037835 ], [ 127.363701578429541, 35.774904873999411 ], [ 127.361642184943932, 35.775077526541963 ], [ 127.360939405072273, 35.775146216139085 ], [ 127.36029801538254, 35.775228035731516 ], [ 127.359734534047405, 35.775362875528479 ], [ 127.359496857073793, 35.775463923875662 ], [ 127.358930844992926, 35.775718170264376 ], [ 127.358669629127661, 35.775805508063364 ], [ 127.357349553490067, 35.775862697759948 ], [ 127.356319719220394, 35.775845708687214 ], [ 127.355980077919142, 35.775840098249148 ], [ 127.355751200714892, 35.775847438189615 ], [ 127.355130446739125, 35.775982432922817 ], [ 127.351431410772207, 35.777924240832142 ], [ 127.349927770747001, 35.779013942750318 ], [ 127.348343139617853, 35.780290331504261 ], [ 127.347674473713781, 35.780698419971706 ], [ 127.346845043545954, 35.78079403438921 ], [ 127.346011105218082, 35.780796426275771 ], [ 127.345328044563942, 35.780705151731063 ], [ 127.344461301088785, 35.78068765489467 ], [ 127.343762391670538, 35.780716296115934 ], [ 127.342280299507209, 35.781146643502204 ], [ 127.341472190167565, 35.781455217422348 ], [ 127.3407746052997, 35.781796767698658 ], [ 127.337592941780926, 35.783457032615395 ], [ 127.336079757818382, 35.784293563593529 ], [ 127.335671899198587, 35.784521083976031 ], [ 127.335603344787259, 35.78454859174213 ], [ 127.335320919379953, 35.784661896697855 ], [ 127.334849438809044, 35.784811686345478 ], [ 127.334728916229196, 35.784849966981596 ], [ 127.334657822101775, 35.784867130873621 ], [ 127.334394014011224, 35.784930809424402 ], [ 127.334034155357969, 35.78490516426605 ], [ 127.330009062947326, 35.783344806430051 ], [ 127.326888904975903, 35.782108143042343 ], [ 127.321882893490084, 35.780523545371807 ], [ 127.321002951562278, 35.780266187880926 ], [ 127.320528194745947, 35.780127627988783 ], [ 127.319988590197283, 35.780129058423256 ], [ 127.317913103889978, 35.780427517795488 ], [ 127.317096091673477, 35.780576148038683 ], [ 127.316848368842102, 35.780726135177417 ], [ 127.316300840811195, 35.781057650185311 ], [ 127.314757924352705, 35.782693022551463 ], [ 127.313895100713125, 35.783674072681769 ], [ 127.313718183626008, 35.783746051412869 ], [ 127.313433871164335, 35.783861717472789 ], [ 127.311104239616412, 35.784195407546576 ], [ 127.310542498236785, 35.784641574005654 ], [ 127.309375946541465, 35.785330393379063 ], [ 127.308889533953248, 35.78535161647892 ], [ 127.308014407229322, 35.785287264727678 ], [ 127.307371598256211, 35.785035872587407 ], [ 127.306503528565784, 35.784671866029022 ], [ 127.305851982071601, 35.784273993498452 ], [ 127.305557264636633, 35.784174871406044 ], [ 127.304943716376428, 35.784089845400807 ], [ 127.304145086843363, 35.784138129518247 ], [ 127.304209925438073, 35.784260217779391 ], [ 127.304096383368829, 35.784506875296394 ], [ 127.303774601439585, 35.784820632831028 ], [ 127.303073221834921, 35.785295155725812 ], [ 127.298149892543336, 35.78828379282492 ], [ 127.297574552454449, 35.788584827492322 ], [ 127.297207166240028, 35.788738873124537 ], [ 127.295986259243122, 35.789148056814234 ], [ 127.294495686763923, 35.789611129126541 ], [ 127.291506370309278, 35.790550584061336 ], [ 127.288460309937989, 35.791643228112775 ], [ 127.287700878927112, 35.791931359596738 ], [ 127.287334511458852, 35.79237835483513 ], [ 127.287165955620964, 35.79326435531442 ], [ 127.287023132575442, 35.793439130993129 ], [ 127.287132874018283, 35.794397682518877 ], [ 127.287699208769325, 35.794982297372655 ], [ 127.288420272717531, 35.79538674544014 ], [ 127.291565865460512, 35.796884036376262 ], [ 127.294537027640601, 35.797615924305823 ], [ 127.29501138192829, 35.797628075482002 ], [ 127.295354844183606, 35.797627235994291 ], [ 127.296458647961927, 35.797577937126128 ], [ 127.296826856427742, 35.797636966127349 ], [ 127.298382134502845, 35.798045950191579 ], [ 127.299291370923939, 35.798449872987419 ], [ 127.302766253911969, 35.800438788080633 ], [ 127.30320121633693, 35.800843855176737 ], [ 127.303129558751678, 35.801356744922998 ], [ 127.302748324897294, 35.802190027153358 ], [ 127.301991222544174, 35.803110799740899 ], [ 127.301256343729591, 35.803418932895866 ], [ 127.300169984510887, 35.803781204514401 ], [ 127.296234988714488, 35.807879255611283 ], [ 127.295518162980969, 35.808666708427026 ], [ 127.295389148621553, 35.809166420821413 ], [ 127.295833247641511, 35.809831187450399 ], [ 127.296842380543325, 35.810674337683231 ], [ 127.298650243391918, 35.812947092804357 ], [ 127.29879045073902, 35.813259698584872 ], [ 127.298689528893448, 35.814711519337685 ], [ 127.298535792148115, 35.815158012938831 ], [ 127.297575189297277, 35.816392217765241 ], [ 127.297274569587529, 35.816938962176202 ], [ 127.297276472034611, 35.817451662657227 ], [ 127.297539588679413, 35.817817226164273 ], [ 127.299061792684327, 35.818026554248853 ], [ 127.299888636075224, 35.818210933572601 ], [ 127.300584949604229, 35.818482199854458 ], [ 127.30558376228413, 35.820873393479978 ], [ 127.308404794843995, 35.822717292073087 ], [ 127.310507742238272, 35.824982453265683 ], [ 127.310738801262289, 35.825501230291628 ], [ 127.310691843108614, 35.82604733734243 ], [ 127.310325079310445, 35.826401190069724 ], [ 127.308787554405242, 35.830759799366838 ], [ 127.308841209011234, 35.831944892343472 ], [ 127.308959964790176, 35.833036572748959 ], [ 127.309354358134158, 35.833475022865052 ], [ 127.310469629923091, 35.834144667443283 ], [ 127.311110041837807, 35.834728976381136 ], [ 127.311367659186701, 35.835753729560288 ], [ 127.310962101548782, 35.838004631171017 ], [ 127.310881449014119, 35.838304477739108 ], [ 127.311906356673248, 35.84096522796353 ], [ 127.312192070469735, 35.84134266874068 ], [ 127.312424499801608, 35.84164971127835 ], [ 127.312859438022102, 35.841974848760543 ], [ 127.317355571032408, 35.845072641086077 ], [ 127.318881713317808, 35.846120656277101 ], [ 127.320038333377084, 35.846836714666068 ], [ 127.321240486634679, 35.850735394302021 ], [ 127.321578233632195, 35.85129381051312 ], [ 127.322671505560379, 35.852509401648916 ], [ 127.323894391528626, 35.853391700404138 ], [ 127.324197886427996, 35.853564013406654 ], [ 127.324847631597962, 35.854367945168768 ], [ 127.325334931792341, 35.855465270721503 ], [ 127.325575442058536, 35.85625031979707 ], [ 127.325922172674524, 35.85899932781502 ], [ 127.32587475832959, 35.859412297634549 ], [ 127.325623278208269, 35.85995896570715 ], [ 127.324734196762435, 35.860693779577844 ], [ 127.324342657898583, 35.861014450156979 ], [ 127.323272177784915, 35.861423491561808 ], [ 127.321920745743952, 35.86217950450532 ], [ 127.320193836642787, 35.863196174308122 ], [ 127.319847888611406, 35.863483406948454 ], [ 127.320471887086569, 35.864160921689191 ], [ 127.320612756957232, 35.864593350258922 ], [ 127.320453449287697, 35.865685760339488 ], [ 127.32094678750839, 35.867269172050385 ], [ 127.321128061049251, 35.867568309654047 ], [ 127.321469166339213, 35.867926971052903 ], [ 127.32274841783628, 35.868522815375478 ], [ 127.323373947103846, 35.868981135657648 ], [ 127.323734278871385, 35.869620722581473 ], [ 127.323755673374066, 35.86965870284817 ], [ 127.32434522044943, 35.870722473799901 ], [ 127.324691878321161, 35.871434009807814 ], [ 127.324979737419326, 35.871772804668268 ], [ 127.325414520713011, 35.872004680148436 ], [ 127.32577616435843, 35.872114393130808 ], [ 127.326328292680472, 35.872281884485247 ], [ 127.32686725791838, 35.87230057477224 ], [ 127.327040525129107, 35.872306581151264 ], [ 127.328100807483338, 35.872376936595536 ], [ 127.328616676483051, 35.872422155598386 ], [ 127.32989021646587, 35.872598462857809 ], [ 127.330168704079028, 35.872644299042918 ], [ 127.330828369966738, 35.872822275811316 ], [ 127.331779270336952, 35.873159242613731 ], [ 127.33260424690107, 35.873722943343253 ], [ 127.333023891013326, 35.874247816647042 ], [ 127.33333771715624, 35.87491279465327 ], [ 127.333442525427543, 35.875511761853382 ], [ 127.333215106199447, 35.875938529069302 ], [ 127.332946788916502, 35.876173083833208 ], [ 127.332366883006543, 35.876679971799362 ], [ 127.332094825261578, 35.877200067044541 ], [ 127.331990544083851, 35.877713052770041 ], [ 127.331939976252912, 35.878006190628376 ], [ 127.332177989102178, 35.878484927475007 ], [ 127.332891044450719, 35.879672146436036 ], [ 127.333312289752058, 35.881065573190298 ], [ 127.333400338010961, 35.881800465080339 ], [ 127.333393088904387, 35.882106333766075 ], [ 127.333392305417945, 35.88213923156173 ], [ 127.333251713790162, 35.882384659639165 ], [ 127.332322822505958, 35.883107973175917 ], [ 127.331830551692789, 35.883491284617264 ], [ 127.331229127553442, 35.884181217321427 ], [ 127.330976997820088, 35.884859394173816 ], [ 127.331054301524716, 35.885284419326908 ], [ 127.331519629537226, 35.885924568058783 ], [ 127.332488245435471, 35.887244428655244 ], [ 127.332878290166079, 35.887942448570335 ], [ 127.332996221705258, 35.889052029277103 ], [ 127.333058097609182, 35.890302310012771 ], [ 127.333100919625238, 35.891512995946407 ], [ 127.333004964261249, 35.893412357928455 ], [ 127.332329283179504, 35.898967388925989 ], [ 127.332927065692033, 35.900815978040221 ], [ 127.33304392846668, 35.902756400076569 ], [ 127.333097763846538, 35.904341841215079 ], [ 127.332978156452739, 35.905098917980105 ], [ 127.332669132891141, 35.905737609353835 ], [ 127.332245449548566, 35.906055887915798 ], [ 127.331587912910592, 35.906922549988728 ], [ 127.331569953575425, 35.907146035026166 ], [ 127.331826622216099, 35.907541717028792 ], [ 127.331953940317689, 35.907618910544635 ], [ 127.332158026175307, 35.907742620571376 ], [ 127.332612086762722, 35.907914332495558 ], [ 127.335931263903817, 35.908860081065377 ], [ 127.336517503879492, 35.909009797233423 ], [ 127.337877843146643, 35.909063664240932 ], [ 127.339144472089771, 35.909297942552854 ], [ 127.339815875283151, 35.909483437763448 ], [ 127.341102327691729, 35.909930256758777 ], [ 127.341963614896429, 35.910345819671576 ], [ 127.345154652544238, 35.912188982417703 ], [ 127.346253210422532, 35.912852498725755 ], [ 127.347031286872962, 35.913664673202184 ], [ 127.347476296584546, 35.913908439499544 ], [ 127.348100186907445, 35.914014735438002 ], [ 127.34858172251819, 35.913970118153387 ], [ 127.350176849635844, 35.913698817798682 ], [ 127.352066030773571, 35.913707718418181 ], [ 127.353224781394005, 35.913574492692199 ] ] ] ] } },
{ "type": "Feature", "properties": { "OBJECTID": 2397, "adm_nm": "전북특별자치도 진안군 정천면", "adm_cd": "3532039", "adm_cd2": "4572039000", "sgg": "45720", "sido": "45", "sidonm": "전북특별자치도", "sggnm": "진안군" }, "geometry": { "type": "MultiPolygon", "coordinates": [ [ [ [ 127.447979068231817, 35.915870829706428 ], [ 127.448264939561994, 35.915481970204468 ], [ 127.448989721379505, 35.914333878964413 ], [ 127.449494727408975, 35.913511302773792 ], [ 127.449636417862237, 35.913095911530696 ], [ 127.449756149267387, 35.912716675281438 ], [ 127.44982932370695, 35.911940790567314 ], [ 127.450033655063081, 35.910848761120775 ], [ 127.450174572696383, 35.910298089694827 ], [ 127.450482936257416, 35.909972273390387 ], [ 127.453027756191446, 35.90744649501837 ], [ 127.453292189263919, 35.90719297665494 ], [ 127.45373408863945, 35.906974862036144 ], [ 127.456577879861428, 35.906395941867871 ], [ 127.457009974548683, 35.906403330034749 ], [ 127.457331793943283, 35.906501306292604 ], [ 127.457698401234595, 35.906680286249689 ], [ 127.458821700711695, 35.907442627701393 ], [ 127.459567091041393, 35.907989915562496 ], [ 127.459835938569896, 35.90850295771704 ], [ 127.459995618520608, 35.90929599695238 ], [ 127.460389557535919, 35.910367713811233 ], [ 127.460794312077368, 35.911394300944785 ], [ 127.461074251029586, 35.911907295876901 ], [ 127.462825552314172, 35.913956854777247 ], [ 127.463126200342487, 35.914217239702175 ], [ 127.463581649867521, 35.914422915404423 ], [ 127.464335019688477, 35.914420013859178 ], [ 127.465264822097552, 35.914272120800554 ], [ 127.466394195990915, 35.914150512428471 ], [ 127.466804163670091, 35.914157947518099 ], [ 127.467203753313001, 35.914282657646872 ], [ 127.467493080383775, 35.914497981532456 ], [ 127.468040972722449, 35.915352640342626 ], [ 127.468268502777249, 35.916361845109762 ], [ 127.468559313152767, 35.916829691516803 ], [ 127.470332128328153, 35.918716702496397 ], [ 127.470754845687438, 35.919003653242633 ], [ 127.479237992460511, 35.922009492885763 ], [ 127.480603773548552, 35.922491072566217 ], [ 127.481336316107061, 35.922695580061749 ], [ 127.482179661965873, 35.922899628038401 ], [ 127.486547960324643, 35.923323982401264 ], [ 127.492281458148184, 35.924112361619279 ], [ 127.492803239101704, 35.924272556191383 ], [ 127.493791355016398, 35.924584172959271 ], [ 127.494314039635384, 35.924888657588966 ], [ 127.494804550828576, 35.925364636560928 ], [ 127.495362555055536, 35.926002667096704 ], [ 127.49609746884154, 35.926576832022242 ], [ 127.49812381165404, 35.927797220806674 ], [ 127.498439916857421, 35.927821138607577 ], [ 127.498724498256209, 35.92775437629308 ], [ 127.498829150368906, 35.927648006866782 ], [ 127.499545158166001, 35.926729418281681 ], [ 127.499707072270667, 35.926368038178822 ], [ 127.502828683542262, 35.923287814364045 ], [ 127.504492417715738, 35.922365228618517 ], [ 127.508413437668153, 35.919869223793967 ], [ 127.509057838625424, 35.919404899142144 ], [ 127.509600422787756, 35.919004063105675 ], [ 127.510014855704384, 35.918424687471479 ], [ 127.510464523827466, 35.9175424647715 ], [ 127.511485399775566, 35.915419350267555 ], [ 127.511798473388922, 35.914492291878474 ], [ 127.512049714636149, 35.91358568630595 ], [ 127.512362213598351, 35.912572877030989 ], [ 127.512642404796011, 35.911835152493246 ], [ 127.515066037060805, 35.910180225082122 ], [ 127.515860864973291, 35.91000780110636 ], [ 127.516306688218904, 35.909985716913333 ], [ 127.516573041936212, 35.909984575076599 ], [ 127.517785764158134, 35.910259345116842 ], [ 127.518431045922966, 35.910428089214882 ], [ 127.518950392657388, 35.910756274786053 ], [ 127.519342943896802, 35.911112774642959 ], [ 127.519808728017964, 35.911774149701216 ], [ 127.519947142071842, 35.912578175059501 ], [ 127.5199687778384, 35.913518920444517 ], [ 127.519960440650152, 35.914616196899146 ], [ 127.520689368462968, 35.914427924306189 ], [ 127.521281653872308, 35.91424529941132 ], [ 127.52229132340922, 35.9138239096104 ], [ 127.522731972684113, 35.913585078656411 ], [ 127.52319531839423, 35.913260828813968 ], [ 127.523553000897948, 35.912794892285604 ], [ 127.523799797042514, 35.912277306455536 ], [ 127.523890954779631, 35.911983114522016 ], [ 127.524955100820151, 35.906590635484122 ], [ 127.524906321521115, 35.906249666298976 ], [ 127.524680678000124, 35.905558791312217 ], [ 127.524272682017411, 35.904560721524305 ], [ 127.523884043452654, 35.903851610180823 ], [ 127.523068094895052, 35.902741565385526 ], [ 127.522576496210178, 35.902298273613361 ], [ 127.522183225302058, 35.901764507731315 ], [ 127.522122565313239, 35.901385686169675 ], [ 127.522071794519334, 35.900741437967653 ], [ 127.522144911897556, 35.900357288424914 ], [ 127.522351788444254, 35.899967826954878 ], [ 127.522698478698985, 35.899606177756638 ], [ 127.523033888230955, 35.899301446508822 ], [ 127.522709308295987, 35.898596794022005 ], [ 127.522311381249793, 35.898238385888931 ], [ 127.520525862529283, 35.897412116588761 ], [ 127.514887829508169, 35.893640684947563 ], [ 127.512910888549641, 35.892867240877436 ], [ 127.511969601527113, 35.893032360149562 ], [ 127.510942232064309, 35.893382646362923 ], [ 127.510942960188558, 35.893496366423562 ], [ 127.510961427893193, 35.893575580233019 ], [ 127.511086506304792, 35.894111788913186 ], [ 127.511101968397767, 35.894708788752411 ], [ 127.511044749490495, 35.89576575525637 ], [ 127.510931930471273, 35.896315918123022 ], [ 127.510751372333843, 35.897188608111428 ], [ 127.510596709216671, 35.897563608613332 ], [ 127.508688865966064, 35.900334321634929 ], [ 127.508497338527221, 35.900406208035484 ], [ 127.507498013815962, 35.900609447754803 ], [ 127.50581260611888, 35.900872436921631 ], [ 127.504864936392707, 35.900966436660774 ], [ 127.504434267513517, 35.900939807172549 ], [ 127.503805097799813, 35.900800283972494 ], [ 127.503035768292193, 35.90057604948661 ], [ 127.502411252520645, 35.900251687122889 ], [ 127.50166316524485, 35.899705111689038 ], [ 127.499201929596396, 35.897777225737848 ], [ 127.495400912505247, 35.895248136002827 ], [ 127.493772341331521, 35.894344683381775 ], [ 127.492972531009741, 35.893621602720906 ], [ 127.490117372023334, 35.890736585754581 ], [ 127.486753886766479, 35.887293471564298 ], [ 127.485012377008047, 35.885445223841025 ], [ 127.483767577498469, 35.883710618856306 ], [ 127.483435576795372, 35.883748013867823 ], [ 127.482261210553759, 35.883671603171422 ], [ 127.481308291669549, 35.883585293417461 ], [ 127.480620492316859, 35.883389767242782 ], [ 127.480597695748372, 35.883281704466903 ], [ 127.481555492793973, 35.882340589512317 ], [ 127.481885850553425, 35.882032851038716 ], [ 127.484246782349416, 35.880554383751004 ], [ 127.486508066439924, 35.879094272168693 ], [ 127.487856398273308, 35.877993501858491 ], [ 127.487931538732596, 35.87793164166338 ], [ 127.488034543575722, 35.877771973635738 ], [ 127.488406362167723, 35.877022252275644 ], [ 127.488368490314272, 35.876915522888325 ], [ 127.488216778661283, 35.876805291329227 ], [ 127.483706899543947, 35.874583011051378 ], [ 127.483339497306773, 35.874421172463904 ], [ 127.482664569270568, 35.874179820564805 ], [ 127.48177172361541, 35.873937356371314 ], [ 127.481625438136703, 35.873899638531341 ], [ 127.481481725434946, 35.873884082566811 ], [ 127.481333246185585, 35.873886742788279 ], [ 127.479491377894732, 35.873930315875043 ], [ 127.479402369319274, 35.873950862841298 ], [ 127.479259308758913, 35.874044181357377 ], [ 127.476674396658538, 35.872804137531645 ], [ 127.470941594795136, 35.86854597283449 ], [ 127.470041475104097, 35.867803529392745 ], [ 127.465756429857436, 35.864262715196851 ], [ 127.465529918560648, 35.863962216135008 ], [ 127.463973243289018, 35.860457525039372 ], [ 127.463918370769406, 35.860331119228228 ], [ 127.463920930355613, 35.860179690084401 ], [ 127.464019633783607, 35.860018362079117 ], [ 127.464173715275749, 35.8597673046119 ], [ 127.464204532589122, 35.859545574991905 ], [ 127.464125906317875, 35.859104174671252 ], [ 127.464084109678552, 35.858903358869313 ], [ 127.463992261028849, 35.858793682297907 ], [ 127.463861681382497, 35.858710185945519 ], [ 127.457810478728774, 35.856779074087441 ], [ 127.457398235765154, 35.853846551136563 ], [ 127.457567201044654, 35.853832218422262 ], [ 127.458451252999581, 35.853594890143349 ], [ 127.461036267625843, 35.852863585933328 ], [ 127.463129336808208, 35.851414943688901 ], [ 127.463167537302496, 35.851379818498899 ], [ 127.46321695951363, 35.851311494695771 ], [ 127.463278492199095, 35.851174904152373 ], [ 127.463314202870237, 35.851091849107483 ], [ 127.464029147134198, 35.849040664040089 ], [ 127.464042429710275, 35.84898168061904 ], [ 127.463987605152766, 35.848119762377642 ], [ 127.463982640704401, 35.848046052779765 ], [ 127.463727747917403, 35.845477241015899 ], [ 127.463420446463616, 35.843260465544446 ], [ 127.463396116644887, 35.843150075754295 ], [ 127.463381973816979, 35.843058016250453 ], [ 127.46338852329653, 35.843022921864311 ], [ 127.463404174813746, 35.842993404953788 ], [ 127.463437888978731, 35.842945404959281 ], [ 127.464699208510467, 35.841428103641711 ], [ 127.465405612048656, 35.840648042286475 ], [ 127.465491160496043, 35.840551908382807 ], [ 127.465536833726375, 35.840477916653384 ], [ 127.465551573407268, 35.840433795675906 ], [ 127.46555124963551, 35.840378462361066 ], [ 127.465537250850318, 35.840312283163698 ], [ 127.46471531647326, 35.836982922376315 ], [ 127.464658430597055, 35.83692599908273 ], [ 127.464377777916411, 35.836741064509717 ], [ 127.464216467710628, 35.83665507427127 ], [ 127.458616949525876, 35.834744143294778 ], [ 127.45417097594482, 35.833386675979369 ], [ 127.454040691531702, 35.833365080230301 ], [ 127.453943275317059, 35.833361748421574 ], [ 127.453487571308571, 35.83335139905369 ], [ 127.452091141907601, 35.834184527430061 ], [ 127.452025639195639, 35.834207300547739 ], [ 127.45194742968755, 35.834215787802265 ], [ 127.451819923689769, 35.834214283344835 ], [ 127.450708759713564, 35.834140300301918 ], [ 127.450627939300915, 35.834134484142105 ], [ 127.450550806986101, 35.834116299228974 ], [ 127.449424656570457, 35.83364184933815 ], [ 127.449309534088059, 35.833578565765471 ], [ 127.449261240710655, 35.833531511511886 ], [ 127.447873739490717, 35.832767828549308 ], [ 127.444504122365927, 35.832068387041659 ], [ 127.438529447636071, 35.83128662291729 ], [ 127.436341181737447, 35.831255633891701 ], [ 127.436030725008322, 35.831253151893499 ], [ 127.435702903761978, 35.831351575385263 ], [ 127.435524350544114, 35.831447026166295 ], [ 127.435330836937737, 35.83155841016756 ], [ 127.4352060307572, 35.83164636806876 ], [ 127.435024659990972, 35.831792937510208 ], [ 127.434676255942748, 35.831953445205436 ], [ 127.432289872596016, 35.832827658278241 ], [ 127.432019875853797, 35.832896765561543 ], [ 127.432179939915386, 35.833025975996819 ], [ 127.432342962707381, 35.833228522892966 ], [ 127.432403268938458, 35.833432439097656 ], [ 127.432378027621951, 35.833533108723479 ], [ 127.431481187221891, 35.835496273121933 ], [ 127.43096003500581, 35.836591242563379 ], [ 127.430373024490692, 35.837398518081926 ], [ 127.43017211366535, 35.837804347197668 ], [ 127.430103829739807, 35.838011956578775 ], [ 127.429662203048565, 35.840997464916072 ], [ 127.429642641163511, 35.841188051929151 ], [ 127.430887369385104, 35.843622107568144 ], [ 127.430967874399315, 35.843772588759947 ], [ 127.432100609101866, 35.844991447575246 ], [ 127.433551767389005, 35.8456426982479 ], [ 127.433721804210549, 35.845704902773413 ], [ 127.434007558985257, 35.845757321392441 ], [ 127.434228629048619, 35.845760676694091 ], [ 127.434475375122219, 35.845740954267704 ], [ 127.434526943999487, 35.845759602579058 ], [ 127.434583825562342, 35.845818056564021 ], [ 127.435260154349663, 35.846772559414191 ], [ 127.435361572837152, 35.846980560315551 ], [ 127.436148845446084, 35.84895135003061 ], [ 127.436164821259581, 35.849059087320349 ], [ 127.436137571885979, 35.849237169237071 ], [ 127.436023307004064, 35.849496233156636 ], [ 127.434800038650664, 35.851521338948459 ], [ 127.434351287049992, 35.852240155434778 ], [ 127.434264302343962, 35.852326360117381 ], [ 127.433854846337496, 35.852678148113036 ], [ 127.43360359148565, 35.852827590404573 ], [ 127.43189773180022, 35.853925376855777 ], [ 127.42922389069696, 35.856150092008754 ], [ 127.428671082235425, 35.856635386207664 ], [ 127.428403105321934, 35.856912122040455 ], [ 127.428021718064315, 35.857429443222053 ], [ 127.427844848162266, 35.857726572762168 ], [ 127.427616524879156, 35.858278952661912 ], [ 127.427519550309668, 35.858528384736424 ], [ 127.427288216742511, 35.859199371427955 ], [ 127.425899908592882, 35.861114022833 ], [ 127.422455091873914, 35.865769327236812 ], [ 127.422059037537906, 35.86627091219006 ], [ 127.421653789433194, 35.8667742208969 ], [ 127.421493320754394, 35.866912934075906 ], [ 127.420896290093964, 35.867371418076118 ], [ 127.4204792831584, 35.867660633934868 ], [ 127.419344301943042, 35.868134224576366 ], [ 127.419265189440921, 35.868143783544433 ], [ 127.419191616619827, 35.868132504477778 ], [ 127.41479013541219, 35.867878340365813 ], [ 127.406913928034044, 35.868573448400568 ], [ 127.40680665354013, 35.868599141471215 ], [ 127.406645949874004, 35.868698633308192 ], [ 127.405134747996698, 35.869871549813219 ], [ 127.404884252807321, 35.870104916554851 ], [ 127.403002698487668, 35.872018601324299 ], [ 127.400989582242218, 35.874058153407567 ], [ 127.400087028891932, 35.874681653158433 ], [ 127.399889497484381, 35.874772073749575 ], [ 127.399669183679634, 35.874825792871015 ], [ 127.399352825605405, 35.87489415629846 ], [ 127.399078861839214, 35.874980237846536 ], [ 127.398771253936602, 35.875094094356953 ], [ 127.39787771091531, 35.875442393842199 ], [ 127.39585476317319, 35.876234123993299 ], [ 127.394336147021662, 35.87684292622685 ], [ 127.394159435092376, 35.876980852609108 ], [ 127.394121194987321, 35.877107700124768 ], [ 127.393948162533746, 35.877992652234056 ], [ 127.39388440749066, 35.878582672299508 ], [ 127.393909410277615, 35.879207522431621 ], [ 127.393877882724169, 35.879484368837751 ], [ 127.393484435193159, 35.879726694897442 ], [ 127.390783858931982, 35.881181739937794 ], [ 127.38776343047536, 35.882262779523053 ], [ 127.387281721816635, 35.882398236488385 ], [ 127.386931062332835, 35.882426149904212 ], [ 127.386459315203282, 35.882356245665292 ], [ 127.385537815670091, 35.882225276662489 ], [ 127.384781408817858, 35.882227693810641 ], [ 127.383872373278251, 35.882409147720125 ], [ 127.383051471189049, 35.882679570458016 ], [ 127.382198568720639, 35.883137577019092 ], [ 127.380329389766786, 35.884286208812838 ], [ 127.378536362182359, 35.885318511934543 ], [ 127.377824903607859, 35.885561783453248 ], [ 127.377397603445118, 35.885616691650803 ], [ 127.376597641977654, 35.885690601580848 ], [ 127.376105193874608, 35.885879612363489 ], [ 127.372870412187822, 35.887940255426592 ], [ 127.371710359309617, 35.888735722909608 ], [ 127.370459204848146, 35.889755785569683 ], [ 127.369875193832783, 35.890067486497593 ], [ 127.36781790006151, 35.890340461038342 ], [ 127.366836475888107, 35.890476764300686 ], [ 127.366045818548628, 35.891034130508153 ], [ 127.364285850388384, 35.892322354943659 ], [ 127.363467956900095, 35.89312480554883 ], [ 127.363252978676044, 35.893611948617419 ], [ 127.362001789688662, 35.89674722285816 ], [ 127.360723021598488, 35.900069974117372 ], [ 127.360801176902257, 35.900646318840252 ], [ 127.360747780688996, 35.90346088969946 ], [ 127.360543851658065, 35.904311937853592 ], [ 127.360244714594515, 35.904997514480677 ], [ 127.359832061148595, 35.905640184659568 ], [ 127.359295648647105, 35.906070623223712 ], [ 127.358533412071893, 35.906692709733768 ], [ 127.3573430625583, 35.908735878530138 ], [ 127.357130566198805, 35.909795957438867 ], [ 127.357179872792528, 35.910260664712908 ], [ 127.357426744210699, 35.911582426260402 ], [ 127.359837831421245, 35.91213742055541 ], [ 127.360661085727358, 35.912466477898825 ], [ 127.361145309245572, 35.91301998610718 ], [ 127.362049392543142, 35.914509159582614 ], [ 127.362306165360749, 35.914890373111398 ], [ 127.363008174938088, 35.915554919757312 ], [ 127.370661638618387, 35.920111783974662 ], [ 127.371201487555268, 35.920412833412449 ], [ 127.372448092982495, 35.920344121158152 ], [ 127.373446428706004, 35.920205011245045 ], [ 127.375285704239005, 35.919906410748673 ], [ 127.375810215426796, 35.919611902099049 ], [ 127.376444430639566, 35.919102997604753 ], [ 127.376954465203966, 35.918673333597873 ], [ 127.377437450251463, 35.918378932082739 ], [ 127.378363497712641, 35.918128191345431 ], [ 127.37905513881411, 35.918058440317473 ], [ 127.379719306526539, 35.918033824646372 ], [ 127.380107227900183, 35.918122705262611 ], [ 127.380370979356556, 35.918290861819266 ], [ 127.38058012554923, 35.918616877995511 ], [ 127.381040961569212, 35.919482837540563 ], [ 127.381335845558709, 35.920371816096051 ], [ 127.381355559580612, 35.921599620594989 ], [ 127.381150972008029, 35.922231116474812 ], [ 127.381180864566232, 35.922692862738309 ], [ 127.381501229746576, 35.923119919118299 ], [ 127.382237121347885, 35.923613240662675 ], [ 127.383013952355086, 35.923982518644884 ], [ 127.383748888898467, 35.924273070643132 ], [ 127.384581148122336, 35.924653422350737 ], [ 127.386440216156302, 35.925571198011234 ], [ 127.386704976896596, 35.925942092569819 ], [ 127.386720935313036, 35.926066924923767 ], [ 127.386762525526336, 35.926392503059844 ], [ 127.386599943679357, 35.927113981540749 ], [ 127.386644739952203, 35.927789715325346 ], [ 127.386883691050699, 35.928543699346761 ], [ 127.387372883526183, 35.929522167597668 ], [ 127.388012323919568, 35.930083353667399 ], [ 127.390333504864216, 35.932058475294951 ], [ 127.390583425807961, 35.932215374183592 ], [ 127.391261985764444, 35.932280754743225 ], [ 127.392424009716649, 35.932141805960327 ], [ 127.394374000992542, 35.931797499990793 ], [ 127.395231324465215, 35.931625721151178 ], [ 127.396378983981805, 35.93138537669207 ], [ 127.398678776590444, 35.929034711876824 ], [ 127.401226145432702, 35.92640153470041 ], [ 127.40261533175412, 35.924673381727537 ], [ 127.403069329075308, 35.924131153071116 ], [ 127.405371695689098, 35.922366106995653 ], [ 127.405771728981918, 35.92210568805104 ], [ 127.406227697604294, 35.921957698425757 ], [ 127.407471652314229, 35.921638084951461 ], [ 127.407748344425642, 35.921614605466409 ], [ 127.408551835920974, 35.92176959308928 ], [ 127.409453036917938, 35.922081946816618 ], [ 127.410660695974755, 35.922776276485628 ], [ 127.412589570198904, 35.923760986475457 ], [ 127.413061074722705, 35.923939617716869 ], [ 127.414169977925994, 35.924262477178615 ], [ 127.414654148314241, 35.924215766633132 ], [ 127.415234251136141, 35.923988464495288 ], [ 127.41585547326423, 35.923682163539596 ], [ 127.41635194459046, 35.923342508662593 ], [ 127.416778500532359, 35.922867914938678 ], [ 127.417932610452894, 35.921253046070966 ], [ 127.418121993196308, 35.920418786753423 ], [ 127.41827074310099, 35.91975364069534 ], [ 127.418364957595358, 35.919246397097083 ], [ 127.418403761079418, 35.918728075568112 ], [ 127.418428249623375, 35.918119683690023 ], [ 127.418536947109871, 35.917736301540735 ], [ 127.421076569725955, 35.913829807086429 ], [ 127.421986260050829, 35.913139472926957 ], [ 127.422800266279722, 35.912674769670801 ], [ 127.423324620723875, 35.912391298585433 ], [ 127.424070977400973, 35.912219703785965 ], [ 127.425025733099972, 35.9122050782656 ], [ 127.42587039321225, 35.912303479377002 ], [ 127.426508023413632, 35.912503996602297 ], [ 127.426953366247716, 35.912975523164874 ], [ 127.427286818335645, 35.913222178997948 ], [ 127.428035229185255, 35.913433552769831 ], [ 127.429266644915558, 35.913395379217341 ], [ 127.430221050932857, 35.913313126810749 ], [ 127.431533982405568, 35.912993005074092 ], [ 127.431962479160489, 35.912901368532992 ], [ 127.432888886844609, 35.912762851201684 ], [ 127.433387180368968, 35.912783608673969 ], [ 127.436517681438303, 35.91333554284018 ], [ 127.441141995282706, 35.913746767567837 ], [ 127.442664691481838, 35.91383130237876 ], [ 127.444146464166252, 35.91401734056393 ], [ 127.445324283520819, 35.914294612053069 ], [ 127.446586979246703, 35.91489824105804 ], [ 127.447406542952038, 35.915447177537644 ], [ 127.447979068231817, 35.915870829706428 ] ] ] ] } },
{ "type": "Feature", "properties": { "OBJECTID": 2398, "adm_nm": "전북특별자치도 진안군 주천면", "adm_cd": "3532040", "adm_cd2": "4572040000", "sgg": "45720", "sido": "45", "sidonm": "전북특별자치도", "sggnm": "진안군" }, "geometry": { "type": "MultiPolygon", "coordinates": [ [ [ [ 127.455975446454204, 35.983784237620789 ], [ 127.455789015033574, 35.981506419611058 ], [ 127.455697065941848, 35.980938581438799 ], [ 127.455628405923434, 35.980569087831412 ], [ 127.455526551239089, 35.980208724961408 ], [ 127.454755181056285, 35.979111368349415 ], [ 127.454387201616797, 35.978752020861101 ], [ 127.453886799466929, 35.978501378415977 ], [ 127.45314277036924, 35.978305769872335 ], [ 127.45272081038442, 35.978199153622228 ], [ 127.452331760546727, 35.978029239681682 ], [ 127.452086396746878, 35.977777642191768 ], [ 127.450845971983995, 35.972163715034917 ], [ 127.450502568990203, 35.97026205814209 ], [ 127.450445042442354, 35.969892505106451 ], [ 127.450398711629319, 35.969540948956592 ], [ 127.450440190914321, 35.969035767750348 ], [ 127.450769112587722, 35.968385186665117 ], [ 127.451708117212007, 35.967559606930415 ], [ 127.45225934363576, 35.967243250754251 ], [ 127.454026792156426, 35.966118285975455 ], [ 127.454379450452919, 35.965747195995675 ], [ 127.454432704475209, 35.965368209937132 ], [ 127.454273372124092, 35.964647311434497 ], [ 127.453345468809545, 35.961340983999094 ], [ 127.45316532331654, 35.960854649296358 ], [ 127.452940482114187, 35.960305354246643 ], [ 127.452526827452317, 35.95969365294583 ], [ 127.452058377350653, 35.959190362870451 ], [ 127.451723923492992, 35.958857926810254 ], [ 127.450521354180651, 35.957915467302968 ], [ 127.448774987110184, 35.95685777637825 ], [ 127.447597091431689, 35.95634811402968 ], [ 127.444921530662398, 35.955627506080575 ], [ 127.444211544782732, 35.95553092954988 ], [ 127.443480549718529, 35.955641836080844 ], [ 127.442793848313485, 35.955743580979359 ], [ 127.442350295026003, 35.955718150063916 ], [ 127.442105858034822, 35.955610831147951 ], [ 127.441993488331988, 35.955340677072428 ], [ 127.442058891802063, 35.955142035470899 ], [ 127.442926162420321, 35.953623702081153 ], [ 127.44335550148368, 35.953090026769779 ], [ 127.443609087840798, 35.952845582302551 ], [ 127.444314517730248, 35.952130508951349 ], [ 127.444920424379447, 35.951460895877489 ], [ 127.445877268568111, 35.950122587867696 ], [ 127.446008770662473, 35.94985153993143 ], [ 127.446040611913631, 35.94959890286713 ], [ 127.445969642382252, 35.948805512620979 ], [ 127.445766156638825, 35.948093797165747 ], [ 127.445817537143711, 35.947372122097839 ], [ 127.445892594604061, 35.946920921158004 ], [ 127.446310637068208, 35.946360200424948 ], [ 127.446840516511486, 35.945979451547352 ], [ 127.447712326033979, 35.94529980801984 ], [ 127.448130080509813, 35.944694012253649 ], [ 127.45075457215863, 35.940373302770006 ], [ 127.450972602221654, 35.93973215098157 ], [ 127.450881605363179, 35.939317638573776 ], [ 127.450410572101433, 35.938336353314973 ], [ 127.450096799325962, 35.93772427153295 ], [ 127.449839508866617, 35.937301348218035 ], [ 127.449224395033482, 35.936311586631369 ], [ 127.448326170293399, 35.932274568074646 ], [ 127.448588271995675, 35.931588165536844 ], [ 127.448662486258982, 35.930992661275866 ], [ 127.448638855411758, 35.930731214651701 ], [ 127.448571040741697, 35.930496984769071 ], [ 127.448303067452713, 35.930137218619159 ], [ 127.444593873535553, 35.926723861672571 ], [ 127.444104453634424, 35.926391968466511 ], [ 127.443349059190354, 35.926052038257097 ], [ 127.443071746306032, 35.92599895219216 ], [ 127.442794976451495, 35.926045071192974 ], [ 127.442374910072303, 35.926226988287738 ], [ 127.441811046977421, 35.92645452044507 ], [ 127.441290804274288, 35.926555634660403 ], [ 127.440658898788257, 35.926503841427611 ], [ 127.440380831915562, 35.926315464698781 ], [ 127.440190620069259, 35.925982455910045 ], [ 127.440133163374838, 35.925612894366708 ], [ 127.440382539124698, 35.924619939621934 ], [ 127.440577749575013, 35.923852638331709 ], [ 127.441146248475832, 35.922461681933839 ], [ 127.442550083830454, 35.919859122875394 ], [ 127.442925303286302, 35.919587197923413 ], [ 127.445664121696055, 35.917971761868898 ], [ 127.446172623675139, 35.917762437682363 ], [ 127.446615437161583, 35.917697663796709 ], [ 127.44695753909609, 35.917452896652939 ], [ 127.447847326734973, 35.916087774024554 ], [ 127.447979068231817, 35.915870829706428 ], [ 127.447406542952038, 35.915447177537644 ], [ 127.446586979246703, 35.91489824105804 ], [ 127.445324283520819, 35.914294612053069 ], [ 127.444146464166252, 35.91401734056393 ], [ 127.442664691481838, 35.91383130237876 ], [ 127.441141995282706, 35.913746767567837 ], [ 127.436517681438303, 35.91333554284018 ], [ 127.433387180368968, 35.912783608673969 ], [ 127.432888886844609, 35.912762851201684 ], [ 127.431962479160489, 35.912901368532992 ], [ 127.431533982405568, 35.912993005074092 ], [ 127.430221050932857, 35.913313126810749 ], [ 127.429266644915558, 35.913395379217341 ], [ 127.428035229185255, 35.913433552769831 ], [ 127.427286818335645, 35.913222178997948 ], [ 127.426953366247716, 35.912975523164874 ], [ 127.426508023413632, 35.912503996602297 ], [ 127.42587039321225, 35.912303479377002 ], [ 127.425025733099972, 35.9122050782656 ], [ 127.424070977400973, 35.912219703785965 ], [ 127.423324620723875, 35.912391298585433 ], [ 127.422800266279722, 35.912674769670801 ], [ 127.421986260050829, 35.913139472926957 ], [ 127.421076569725955, 35.913829807086429 ], [ 127.418536947109871, 35.917736301540735 ], [ 127.418428249623375, 35.918119683690023 ], [ 127.418403761079418, 35.918728075568112 ], [ 127.418364957595358, 35.919246397097083 ], [ 127.41827074310099, 35.91975364069534 ], [ 127.418121993196308, 35.920418786753423 ], [ 127.417932610452894, 35.921253046070966 ], [ 127.416778500532359, 35.922867914938678 ], [ 127.41635194459046, 35.923342508662593 ], [ 127.41585547326423, 35.923682163539596 ], [ 127.415234251136141, 35.923988464495288 ], [ 127.414654148314241, 35.924215766633132 ], [ 127.414169977925994, 35.924262477178615 ], [ 127.413061074722705, 35.923939617716869 ], [ 127.412589570198904, 35.923760986475457 ], [ 127.410660695974755, 35.922776276485628 ], [ 127.409453036917938, 35.922081946816618 ], [ 127.408551835920974, 35.92176959308928 ], [ 127.407748344425642, 35.921614605466409 ], [ 127.407471652314229, 35.921638084951461 ], [ 127.406227697604294, 35.921957698425757 ], [ 127.405771728981918, 35.92210568805104 ], [ 127.405371695689098, 35.922366106995653 ], [ 127.403069329075308, 35.924131153071116 ], [ 127.40261533175412, 35.924673381727537 ], [ 127.401226145432702, 35.92640153470041 ], [ 127.398678776590444, 35.929034711876824 ], [ 127.396378983981805, 35.93138537669207 ], [ 127.395231324465215, 35.931625721151178 ], [ 127.394374000992542, 35.931797499990793 ], [ 127.392424009716649, 35.932141805960327 ], [ 127.391261985764444, 35.932280754743225 ], [ 127.390583425807961, 35.932215374183592 ], [ 127.390333504864216, 35.932058475294951 ], [ 127.388012323919568, 35.930083353667399 ], [ 127.387372883526183, 35.929522167597668 ], [ 127.386883691050699, 35.928543699346761 ], [ 127.386644739952203, 35.927789715325346 ], [ 127.386599943679357, 35.927113981540749 ], [ 127.386762525526336, 35.926392503059844 ], [ 127.386720935313036, 35.926066924923767 ], [ 127.386704976896596, 35.925942092569819 ], [ 127.386440216156302, 35.925571198011234 ], [ 127.384581148122336, 35.924653422350737 ], [ 127.383748888898467, 35.924273070643132 ], [ 127.383013952355086, 35.923982518644884 ], [ 127.382237121347885, 35.923613240662675 ], [ 127.381501229746576, 35.923119919118299 ], [ 127.381180864566232, 35.922692862738309 ], [ 127.381150972008029, 35.922231116474812 ], [ 127.381355559580612, 35.921599620594989 ], [ 127.381335845558709, 35.920371816096051 ], [ 127.381040961569212, 35.919482837540563 ], [ 127.38058012554923, 35.918616877995511 ], [ 127.380370979356556, 35.918290861819266 ], [ 127.380107227900183, 35.918122705262611 ], [ 127.379719306526539, 35.918033824646372 ], [ 127.37905513881411, 35.918058440317473 ], [ 127.378363497712641, 35.918128191345431 ], [ 127.377437450251463, 35.918378932082739 ], [ 127.376954465203966, 35.918673333597873 ], [ 127.376444430639566, 35.919102997604753 ], [ 127.375810215426796, 35.919611902099049 ], [ 127.375285704239005, 35.919906410748673 ], [ 127.373446428706004, 35.920205011245045 ], [ 127.372448092982495, 35.920344121158152 ], [ 127.371201487555268, 35.920412833412449 ], [ 127.370661638618387, 35.920111783974662 ], [ 127.363008174938088, 35.915554919757312 ], [ 127.362306165360749, 35.914890373111398 ], [ 127.362049392543142, 35.914509159582614 ], [ 127.361145309245572, 35.91301998610718 ], [ 127.360661085727358, 35.912466477898825 ], [ 127.359837831421245, 35.91213742055541 ], [ 127.357426744210699, 35.911582426260402 ], [ 127.353224781394005, 35.913574492692199 ], [ 127.352844447476045, 35.913823995781989 ], [ 127.352466148181577, 35.914166081608187 ], [ 127.349634883140823, 35.917861574400185 ], [ 127.349368356958522, 35.918506868494994 ], [ 127.349304109515771, 35.920657946585862 ], [ 127.349323245698955, 35.921347365089112 ], [ 127.349384973013557, 35.92177436164063 ], [ 127.349523829856366, 35.922467184903432 ], [ 127.349470572682748, 35.922920750823955 ], [ 127.347448393179022, 35.9264189792029 ], [ 127.347230542619229, 35.926658709306729 ], [ 127.347295330481771, 35.928806371687955 ], [ 127.348538751745465, 35.930425310843283 ], [ 127.348823602119737, 35.930802964053662 ], [ 127.349055488377829, 35.93118075104389 ], [ 127.349130739353868, 35.931540260061958 ], [ 127.34980027684567, 35.935109400068256 ], [ 127.349778804225949, 35.935465439742565 ], [ 127.349471255664824, 35.93621576800944 ], [ 127.349270254835972, 35.936587302623799 ], [ 127.348801377173587, 35.93730438801132 ], [ 127.348522127777969, 35.937687410116183 ], [ 127.347891807502961, 35.938348732119422 ], [ 127.347493151972628, 35.938810777333394 ], [ 127.346091336779978, 35.940512272193232 ], [ 127.345771311747399, 35.94105652751869 ], [ 127.34555054644639, 35.941652968201886 ], [ 127.345493399111604, 35.942282674566187 ], [ 127.345515643960866, 35.942631107476601 ], [ 127.345590356724387, 35.942870688035434 ], [ 127.345840695529404, 35.943248443825937 ], [ 127.345921606537118, 35.943317862867772 ], [ 127.346101874429635, 35.943472525911922 ], [ 127.34840813639245, 35.945852811365484 ], [ 127.35060596944308, 35.948683058354312 ], [ 127.350800829412478, 35.949004747691319 ], [ 127.350934184774161, 35.949480244699295 ], [ 127.35085383911013, 35.950061288961237 ], [ 127.350574203829922, 35.950810136363678 ], [ 127.350128746837868, 35.951712149177716 ], [ 127.34959597160541, 35.952583056479114 ], [ 127.34796851306848, 35.954873534213945 ], [ 127.347776236937236, 35.955143891375016 ], [ 127.346857944686164, 35.956349367012017 ], [ 127.345888056173834, 35.957348894198653 ], [ 127.345074336356035, 35.958250560675253 ], [ 127.34458680436984, 35.958956421094804 ], [ 127.344182623153827, 35.959763208142448 ], [ 127.344161181554341, 35.960130489196445 ], [ 127.344300613023435, 35.960414886745546 ], [ 127.344525342871279, 35.960721510884575 ], [ 127.344873356111947, 35.96130509218559 ], [ 127.345550213866375, 35.963360340703687 ], [ 127.345572264539953, 35.963664531580832 ], [ 127.345569243101394, 35.964031005081388 ], [ 127.345083918216844, 35.968439066276289 ], [ 127.345021843597578, 35.9690013110569 ], [ 127.344919658860448, 35.969342613317174 ], [ 127.344663274404226, 35.969710568253696 ], [ 127.344323499303229, 35.969977580655843 ], [ 127.343379983655709, 35.970729705526168 ], [ 127.341883765262537, 35.972056706422272 ], [ 127.341354000685499, 35.974220343114219 ], [ 127.341386919147936, 35.974377625185426 ], [ 127.343207644228812, 35.979378648625783 ], [ 127.343493963158579, 35.980063555006716 ], [ 127.343767495977204, 35.980452475164739 ], [ 127.345548269282247, 35.981492838049022 ], [ 127.347538878742355, 35.982562551930975 ], [ 127.348240193164116, 35.982774112475234 ], [ 127.349146979843127, 35.983082508198855 ], [ 127.349617727739002, 35.983249751048646 ], [ 127.350278054710245, 35.983570101574891 ], [ 127.352539661477692, 35.985980415647404 ], [ 127.35276275277198, 35.986406936970539 ], [ 127.352919581810397, 35.986964801307828 ], [ 127.353246087295929, 35.988889882631284 ], [ 127.355551834826173, 35.988744451426328 ], [ 127.355791817811948, 35.988826195645281 ], [ 127.3563165676305, 35.989210595546446 ], [ 127.356691172871095, 35.989509259715021 ], [ 127.357014144274373, 35.989598234004262 ], [ 127.357703635342233, 35.989723578478205 ], [ 127.359255311319174, 35.989947545642323 ], [ 127.360576307713075, 35.990112210975219 ], [ 127.361749143432291, 35.990119933490313 ], [ 127.362925828020749, 35.989962772435781 ], [ 127.365557871980158, 35.990123435271173 ], [ 127.364633027832724, 35.990935607919887 ], [ 127.363971025676818, 35.991784466302043 ], [ 127.363466359091092, 35.992782732016913 ], [ 127.363182175089051, 35.993622964943448 ], [ 127.36305964708616, 35.994039259042253 ], [ 127.36304890629637, 35.995219643055577 ], [ 127.363558672212733, 35.996848117194389 ], [ 127.36406342790832, 35.997880788178399 ], [ 127.364600833441386, 35.998995811948241 ], [ 127.364731941632286, 35.99944132823957 ], [ 127.364691774028586, 35.999729971438917 ], [ 127.36446518392151, 36.000067901618031 ], [ 127.364204095612081, 36.000417177623945 ], [ 127.363803414523076, 36.000984209778942 ], [ 127.36333528626669, 36.00192241281168 ], [ 127.361985008696251, 36.005336910100453 ], [ 127.361985133909528, 36.005364387186695 ], [ 127.362214074411483, 36.011161259072445 ], [ 127.362226472126608, 36.011252962507264 ], [ 127.362643781090043, 36.011717642833879 ], [ 127.362696044999879, 36.011744971319189 ], [ 127.362732254747598, 36.011757021066195 ], [ 127.36280050221994, 36.011762945974809 ], [ 127.363101499322951, 36.01180178606667 ], [ 127.36335043484226, 36.011852945859111 ], [ 127.363467027700295, 36.011904595592235 ], [ 127.363551522738774, 36.0119715682196 ], [ 127.363612020794662, 36.012053853185165 ], [ 127.363771654631677, 36.012299309942073 ], [ 127.365436725279423, 36.014995227253898 ], [ 127.366184592580296, 36.017134805182017 ], [ 127.366217608461739, 36.017318000238099 ], [ 127.366334970071293, 36.017559078589542 ], [ 127.366464477318445, 36.017784709858667 ], [ 127.366577376579301, 36.017921887252093 ], [ 127.369176583722151, 36.020870044770767 ], [ 127.369249066127551, 36.02092479446145 ], [ 127.369353561814833, 36.020973426531931 ], [ 127.371054722559208, 36.021458537264898 ], [ 127.371356035630768, 36.021530961940172 ], [ 127.371554737734954, 36.021556313059975 ], [ 127.371699110293022, 36.021565052540353 ], [ 127.371907778850087, 36.021564408261426 ], [ 127.372068104540375, 36.021545529685802 ], [ 127.372236418143686, 36.021502290316484 ], [ 127.372444675504198, 36.021413052580037 ], [ 127.372628727381283, 36.021320743202665 ], [ 127.372878644493326, 36.02114738817415 ], [ 127.372983430775506, 36.021066311869468 ], [ 127.373272868152611, 36.020806501060683 ], [ 127.373365542132049, 36.020697616480369 ], [ 127.373534397264706, 36.020463225112998 ], [ 127.373670566931992, 36.020262367999401 ], [ 127.373757790439072, 36.020149354389368 ], [ 127.373845362261392, 36.020136557395858 ], [ 127.373966153494564, 36.020157002641412 ], [ 127.374141746762618, 36.020198269823162 ], [ 127.374251596398082, 36.020227129565107 ], [ 127.376334199677387, 36.021210363651569 ], [ 127.376460744355967, 36.02129764632263 ], [ 127.37722076125155, 36.02201777251188 ], [ 127.377303532604884, 36.02211358539094 ], [ 127.377830699058293, 36.022815850302074 ], [ 127.383590509583783, 36.021800925791261 ], [ 127.385526484249937, 36.019421630420361 ], [ 127.388149497668749, 36.018184447395889 ], [ 127.391863996519263, 36.017154615982847 ], [ 127.392122778026959, 36.016867784137894 ], [ 127.392851761096779, 36.016059759663818 ], [ 127.393359717957921, 36.015024347650858 ], [ 127.394297656063756, 36.013112365216273 ], [ 127.396755516962841, 36.010066689828889 ], [ 127.401145315482125, 36.007900534044083 ], [ 127.40333389271818, 36.009427823468421 ], [ 127.404147917090455, 36.010595829879506 ], [ 127.404961969884894, 36.011763835987566 ], [ 127.406992114298049, 36.012737878445705 ], [ 127.408747975939178, 36.0133805882191 ], [ 127.408957937341, 36.013455548359033 ], [ 127.411732876457506, 36.014446227219103 ], [ 127.413101574602706, 36.015517344060484 ], [ 127.414940486793924, 36.017124737836269 ], [ 127.415350641139696, 36.01748324294703 ], [ 127.415859971994792, 36.017928430338713 ], [ 127.415883498152795, 36.018703565669625 ], [ 127.418135916105314, 36.021147989044806 ], [ 127.419255510289005, 36.021607664136745 ], [ 127.419492364485734, 36.021704907575376 ], [ 127.420848835314558, 36.022261803525865 ], [ 127.424109577411556, 36.023832435618679 ], [ 127.426266030435499, 36.026466880112494 ], [ 127.433675062457638, 36.027943379782613 ], [ 127.434667228925932, 36.02773412621319 ], [ 127.434434149221175, 36.025477874943014 ], [ 127.434317617637745, 36.024349757391136 ], [ 127.435296744031348, 36.023547268115706 ], [ 127.435914628945866, 36.023040840074074 ], [ 127.436275848345289, 36.022744774323783 ], [ 127.437295732015684, 36.020510343558286 ], [ 127.436878334203769, 36.018977248130007 ], [ 127.436557600192174, 36.01802283539547 ], [ 127.436236876116823, 36.017068423463151 ], [ 127.435916160867265, 36.016114012332586 ], [ 127.435274753518343, 36.014205187065819 ], [ 127.437408274749515, 36.009118979185793 ], [ 127.438548718456644, 36.008772041776396 ], [ 127.43968914774382, 36.008425095295053 ], [ 127.440829570378369, 36.008078139746118 ], [ 127.442202334983847, 36.008081017074339 ], [ 127.443575101930563, 36.008083877791307 ], [ 127.444078344347034, 36.007464481875346 ], [ 127.444580704862673, 36.006846145450055 ], [ 127.4443542268492, 36.005808083976113 ], [ 127.445763417431067, 36.002475232881977 ], [ 127.447906296874038, 35.999224009802674 ], [ 127.448546735133093, 35.995408813120058 ], [ 127.448235459431615, 35.993807057691853 ], [ 127.448165766472087, 35.993448447835597 ], [ 127.451374046571942, 35.989323050040213 ], [ 127.452790799181685, 35.988558325886473 ], [ 127.454884214177312, 35.98698416816778 ], [ 127.454897706955862, 35.985939938010269 ], [ 127.454911202689331, 35.984895712178059 ], [ 127.455975446454204, 35.983784237620789 ] ] ] ] } }
]
}
