{
"type": "FeatureCollection",
"name": "namwonshi",
"crs": { "type": "name", "properties": { "name": "urn:ogc:def:crs:OGC:1.3:CRS84" } },
"features": [
{ "type": "Feature", "properties": { "OBJECTID": 2333, "adm_nm": "전북특별자치도 남원시 운봉읍", "adm_cd": "3505011", "adm_cd2": "4519025000", "sgg": "45190", "sido": "45", "sidonm": "전북특별자치도", "sggnm": "남원시" }, "geometry": { "type": "MultiPolygon", "coordinates": [ [ [ [ 127.514006234042796, 35.479197967482925 ], [ 127.514629467750296, 35.479165496446385 ], [ 127.519140342389548, 35.478464298129602 ], [ 127.519247858436799, 35.478425717389179 ], [ 127.521851478621755, 35.476857891648379 ], [ 127.523689775893303, 35.474674240729158 ], [ 127.523725098115122, 35.474444875152955 ], [ 127.523777052962728, 35.474319012070545 ], [ 127.52382911341698, 35.474207925565274 ], [ 127.524628902222233, 35.473423850143838 ], [ 127.524834124593411, 35.473229634509941 ], [ 127.524905012580703, 35.473186164650379 ], [ 127.525058414692325, 35.4731234765081 ], [ 127.525166149976712, 35.473102281896303 ], [ 127.525290165543296, 35.473113010233916 ], [ 127.525556701722337, 35.473149434898431 ], [ 127.528940230456996, 35.473020409763521 ], [ 127.529112315678077, 35.47300083091617 ], [ 127.529714042394801, 35.472872564581841 ], [ 127.530524206265966, 35.472690915932866 ], [ 127.530604447816657, 35.472662339610906 ], [ 127.532857353386163, 35.471855071322196 ], [ 127.533703561198152, 35.471526875820288 ], [ 127.533856903551353, 35.471458512182608 ], [ 127.53400285411297, 35.471384948676203 ], [ 127.535633919595824, 35.470486458820069 ], [ 127.535750510797229, 35.470408875879762 ], [ 127.535827986673425, 35.470361758479207 ], [ 127.535869229775486, 35.470350303987786 ], [ 127.537238763262621, 35.470359197197716 ], [ 127.537378818765049, 35.470362368372804 ], [ 127.53747298160684, 35.470373211558694 ], [ 127.537551306496923, 35.470404862117874 ], [ 127.538724741104559, 35.471045163056615 ], [ 127.539472574649039, 35.471452901126128 ], [ 127.540340844630265, 35.471694634085594 ], [ 127.541647097272659, 35.471546217654669 ], [ 127.541699788017851, 35.471532811410754 ], [ 127.541795500327694, 35.471496778982214 ], [ 127.54184123507541, 35.47146467527395 ], [ 127.542180672102404, 35.471166708143265 ], [ 127.542276448036574, 35.47107236857515 ], [ 127.542360695174494, 35.470966721478803 ], [ 127.542450929891601, 35.470803363289271 ], [ 127.542823318578115, 35.4699157195571 ], [ 127.542852063931221, 35.469749034023231 ], [ 127.542848880301506, 35.469619349189088 ], [ 127.542813451353084, 35.469478548235259 ], [ 127.542655234727405, 35.469149109118504 ], [ 127.542629382718246, 35.469055226030058 ], [ 127.54262549080633, 35.468819098797958 ], [ 127.542638371045399, 35.468687552618725 ], [ 127.542656150312254, 35.46859534925516 ], [ 127.542687423177725, 35.468477233312683 ], [ 127.54272815615559, 35.468390614900137 ], [ 127.542830591715528, 35.468304086400941 ], [ 127.54298845760789, 35.46822063353202 ], [ 127.543143893339149, 35.468152528720886 ], [ 127.543226300834945, 35.468118353736266 ], [ 127.543398333772785, 35.468095057663163 ], [ 127.544679085898522, 35.467931742598424 ], [ 127.544871181073717, 35.467908530771865 ], [ 127.544985955435394, 35.467904220425446 ], [ 127.545167159850706, 35.467916570611358 ], [ 127.546504443143732, 35.46801780139203 ], [ 127.546584956158355, 35.468030585840253 ], [ 127.546640171880838, 35.468049083101825 ], [ 127.546709093915112, 35.468108705804966 ], [ 127.5467854524084, 35.468191018921772 ], [ 127.546850363676342, 35.468292209374873 ], [ 127.546906122145273, 35.468423093674964 ], [ 127.547069772510014, 35.46888777805092 ], [ 127.547153416012378, 35.469069292065704 ], [ 127.54719274438483, 35.469117950863328 ], [ 127.547271185388738, 35.469166551957201 ], [ 127.548392765582136, 35.469656907576812 ], [ 127.553735941022765, 35.471260313490667 ], [ 127.553884457115515, 35.471293073610063 ], [ 127.554083869305146, 35.471292161190682 ], [ 127.554329138806779, 35.471278501586461 ], [ 127.554523086558802, 35.471235797423908 ], [ 127.555125784018117, 35.471145175053202 ], [ 127.555656963422564, 35.471067376520715 ], [ 127.555891931432981, 35.471045384320377 ], [ 127.556019700115442, 35.47104056244558 ], [ 127.556975780200474, 35.471052926790726 ], [ 127.557154764723208, 35.471060489262001 ], [ 127.557318485055944, 35.471076498383518 ], [ 127.55757960611696, 35.471125491868733 ], [ 127.557943061194365, 35.471203318115592 ], [ 127.558270849788528, 35.471285438932796 ], [ 127.558383661523891, 35.471330995578107 ], [ 127.560101931914758, 35.472138982242932 ], [ 127.560250926510037, 35.472238697968741 ], [ 127.560492439570183, 35.472430101631311 ], [ 127.561680158939097, 35.473399516239105 ], [ 127.561741900228611, 35.473453664417342 ], [ 127.561778057262131, 35.473503705014664 ], [ 127.562057988939145, 35.47405470648598 ], [ 127.562099949846072, 35.474209365140212 ], [ 127.562127302543615, 35.474468630794675 ], [ 127.562155354567011, 35.474819956897164 ], [ 127.562325482376423, 35.474669058020886 ], [ 127.56251881069538, 35.474521697674525 ], [ 127.562839320872357, 35.474298482528063 ], [ 127.563231209736159, 35.474041418206298 ], [ 127.564513737795167, 35.473209056778316 ], [ 127.564656307429914, 35.473128878532201 ], [ 127.56475836187019, 35.473086495664084 ], [ 127.567059119980556, 35.472379040544276 ], [ 127.567217369482861, 35.472353249412535 ], [ 127.567947724173024, 35.472241028437701 ], [ 127.568034683071687, 35.472244774594856 ], [ 127.568249936283365, 35.472319108752743 ], [ 127.568418847176517, 35.472351766407982 ], [ 127.568551885524002, 35.472359507525915 ], [ 127.568684702446845, 35.472350517170732 ], [ 127.568791829600116, 35.472324947817953 ], [ 127.568909028444608, 35.472257426771066 ], [ 127.570155983011858, 35.471469064131234 ], [ 127.571738428265689, 35.470407166135907 ], [ 127.573167067497181, 35.468989076586034 ], [ 127.574327344483038, 35.467489043356387 ], [ 127.574554697629807, 35.467172240585896 ], [ 127.574987484962762, 35.466526307018519 ], [ 127.575132337090565, 35.466305172390946 ], [ 127.575544771302802, 35.465602264484325 ], [ 127.575626670981507, 35.465422165046391 ], [ 127.575922803997798, 35.463331455621351 ], [ 127.57595272233138, 35.462860391974864 ], [ 127.575940829258187, 35.462596372835087 ], [ 127.575930249133705, 35.462503853222927 ], [ 127.576344461907198, 35.462286920385431 ], [ 127.576572887013299, 35.462138832486197 ], [ 127.57681755759404, 35.461922613173805 ], [ 127.57711476537429, 35.461627200858203 ], [ 127.577433465139947, 35.461303108861841 ], [ 127.578164665926266, 35.460522439779908 ], [ 127.578615917968463, 35.459910458400678 ], [ 127.578712745771782, 35.459723529416877 ], [ 127.578781237772631, 35.459535355598931 ], [ 127.578927524847686, 35.459055636388996 ], [ 127.578951552519442, 35.458934380503806 ], [ 127.578966549521724, 35.458705638186899 ], [ 127.578966289213469, 35.458669321576224 ], [ 127.578962870624494, 35.458191113920748 ], [ 127.578982016485142, 35.457849434900432 ], [ 127.579045210048804, 35.45738090634935 ], [ 127.579179562923798, 35.456867062448254 ], [ 127.579373548379834, 35.456312195291815 ], [ 127.579484859471322, 35.4560748163127 ], [ 127.579866859552951, 35.455301289672292 ], [ 127.580001729063056, 35.45509099987121 ], [ 127.580150380439591, 35.454946079484863 ], [ 127.582116035858789, 35.453559205108085 ], [ 127.582418915539833, 35.453371259808982 ], [ 127.58273381972117, 35.453214532355716 ], [ 127.582863049301977, 35.453156784233876 ], [ 127.582982578969407, 35.45312898370193 ], [ 127.583118886931956, 35.453120123833315 ], [ 127.583489648236409, 35.453103371824788 ], [ 127.583622531933287, 35.453078228581326 ], [ 127.583670182205083, 35.453049104785343 ], [ 127.583719040766596, 35.452835401594491 ], [ 127.583786263986426, 35.452442566732188 ], [ 127.58379493558715, 35.452317330494822 ], [ 127.583829771509741, 35.451402987498334 ], [ 127.583764253026686, 35.448501492380224 ], [ 127.583306604093863, 35.446297774834349 ], [ 127.582755790797123, 35.445470951273421 ], [ 127.582192924896063, 35.444606608171583 ], [ 127.58212504045575, 35.444477778500698 ], [ 127.581690678687025, 35.442810124606964 ], [ 127.581336660908391, 35.43742820957597 ], [ 127.581332644301014, 35.435533340749203 ], [ 127.581335158335278, 35.435436798101939 ], [ 127.581359894295062, 35.435340149412511 ], [ 127.581435338017471, 35.435185935807368 ], [ 127.581561389190171, 35.434997492706245 ], [ 127.58164219506655, 35.434900761883917 ], [ 127.581933358234821, 35.434638526839237 ], [ 127.582820401636084, 35.433961351326872 ], [ 127.583029606124128, 35.433803874571602 ], [ 127.583226419226477, 35.433714246526108 ], [ 127.583441889607343, 35.433555389671483 ], [ 127.583524068019187, 35.433466306466727 ], [ 127.583605981563963, 35.433340718005034 ], [ 127.583706581607728, 35.433149784464803 ], [ 127.583963195600575, 35.432510800817305 ], [ 127.583965654461707, 35.432424710374029 ], [ 127.583955748624831, 35.432364812392798 ], [ 127.583496682855895, 35.430992465327421 ], [ 127.583402930264882, 35.430802464183493 ], [ 127.582312928615906, 35.42938880220067 ], [ 127.582261614450758, 35.429342092284145 ], [ 127.581723644383629, 35.428937741275604 ], [ 127.581650047439354, 35.428901603942705 ], [ 127.580168951847071, 35.42727013803534 ], [ 127.578236550159417, 35.424447314663091 ], [ 127.57671609966782, 35.422167606819123 ], [ 127.576579236692979, 35.422012876872436 ], [ 127.576339807475506, 35.42178924567439 ], [ 127.576120587934113, 35.421642180120799 ], [ 127.574180690163459, 35.421743248430658 ], [ 127.574099655573235, 35.42172759269873 ], [ 127.571049901690742, 35.42045080465396 ], [ 127.570030501987958, 35.419992517357556 ], [ 127.569143027269845, 35.419345501594904 ], [ 127.569097283940579, 35.419304886290007 ], [ 127.56843812876393, 35.417083133256476 ], [ 127.568413480760086, 35.416974988694705 ], [ 127.568135173872008, 35.415438052579965 ], [ 127.568094959687102, 35.414804807752425 ], [ 127.568096735583993, 35.414586585261979 ], [ 127.568096053178039, 35.414488983969576 ], [ 127.56786819605351, 35.413977305714198 ], [ 127.567808809317953, 35.413844452754908 ], [ 127.567727774546924, 35.413718930859154 ], [ 127.567599917714986, 35.413572249195312 ], [ 127.566108178330751, 35.41216339191017 ], [ 127.565906874800731, 35.412029483052521 ], [ 127.565113020551266, 35.411751085437501 ], [ 127.564304268587435, 35.411339630123244 ], [ 127.564284518339122, 35.411302491313251 ], [ 127.563976410655542, 35.407507030690219 ], [ 127.563967731915497, 35.407350862856923 ], [ 127.564214867123269, 35.401298538193075 ], [ 127.563632173681881, 35.400723163590719 ], [ 127.56352041023527, 35.400607585019543 ], [ 127.562644361655813, 35.399506660377902 ], [ 127.560133071860406, 35.39597041125127 ], [ 127.560058456122306, 35.395859804414869 ], [ 127.559991243688273, 35.395690865657294 ], [ 127.559576866537753, 35.394547386926412 ], [ 127.559551347503401, 35.394406268650648 ], [ 127.559550559771338, 35.394291905604014 ], [ 127.559622674888629, 35.394024151584475 ], [ 127.559609871323019, 35.393953546933005 ], [ 127.558809342651202, 35.392117684077334 ], [ 127.558753361656002, 35.392042222204047 ], [ 127.557605006417546, 35.390566765426897 ], [ 127.55668714600607, 35.389632464274534 ], [ 127.555534094910783, 35.388537797576383 ], [ 127.554774342933712, 35.387959127580977 ], [ 127.55453907768883, 35.387788591709821 ], [ 127.554497953101659, 35.387757542669867 ], [ 127.554173876301661, 35.387512756182218 ], [ 127.553969401859675, 35.387321969735012 ], [ 127.55383225676222, 35.387095561593789 ], [ 127.552455599331381, 35.3847958486568 ], [ 127.552368363660577, 35.384639878479184 ], [ 127.551678980049985, 35.382877016960791 ], [ 127.551659805272152, 35.382776136311605 ], [ 127.551659224287349, 35.38269033653873 ], [ 127.551682887653953, 35.382543944754168 ], [ 127.55175538385086, 35.382346782404561 ], [ 127.551907955280626, 35.382139240575306 ], [ 127.551735635115136, 35.381251955190578 ], [ 127.549980947304931, 35.380392069366692 ], [ 127.543291022481753, 35.377585041776705 ], [ 127.540697613255134, 35.376658496746003 ], [ 127.540482868286674, 35.376627289329178 ], [ 127.53978282167138, 35.376525563475887 ], [ 127.5388622102505, 35.376482211451737 ], [ 127.538334412863136, 35.376474009677906 ], [ 127.537956368477026, 35.376579080085115 ], [ 127.537852574493684, 35.376607928786775 ], [ 127.537756253743083, 35.376634700280412 ], [ 127.536862912117329, 35.376823116000899 ], [ 127.536155733667371, 35.376942206398326 ], [ 127.535537982727135, 35.37695550020382 ], [ 127.535003011697839, 35.376836640770961 ], [ 127.532864599284949, 35.37559693610644 ], [ 127.531985838569028, 35.37506321114089 ], [ 127.531452705273011, 35.374700928337006 ], [ 127.530621848990904, 35.374136317000271 ], [ 127.529897285994977, 35.373559722665114 ], [ 127.528570642274346, 35.372432365844958 ], [ 127.527910465000573, 35.371855494418831 ], [ 127.527144742008275, 35.370878511475546 ], [ 127.526744177169419, 35.370637802986046 ], [ 127.525453561057475, 35.370099653535299 ], [ 127.52455356207372, 35.371593499000056 ], [ 127.522805676346309, 35.373993864966756 ], [ 127.521627807182185, 35.376982037939314 ], [ 127.521355386872827, 35.378149704491427 ], [ 127.521307621442602, 35.378303505683149 ], [ 127.521204119145693, 35.378518906423018 ], [ 127.521014406041999, 35.378759393515722 ], [ 127.520091616113092, 35.379823017924117 ], [ 127.519961100713672, 35.379928027537133 ], [ 127.51978185617854, 35.380036327137383 ], [ 127.519621081181484, 35.380107691256228 ], [ 127.519422610288075, 35.380133042705687 ], [ 127.519242852375314, 35.380161481834847 ], [ 127.519100727404037, 35.38022356753148 ], [ 127.518815210972704, 35.380405948852363 ], [ 127.516798044009988, 35.381824496547203 ], [ 127.516742202549167, 35.381886203145086 ], [ 127.51672776561449, 35.381969182005243 ], [ 127.515965645339506, 35.383566567818356 ], [ 127.512458930522072, 35.384201916653794 ], [ 127.512226746807272, 35.384242823755741 ], [ 127.512154308283456, 35.384251169864299 ], [ 127.511949493645048, 35.384274736944178 ], [ 127.510837738417408, 35.384230302961605 ], [ 127.510770059100665, 35.384193718561448 ], [ 127.510731957893356, 35.384104829153607 ], [ 127.510595134152283, 35.383804372110504 ], [ 127.510532749299855, 35.383718645173722 ], [ 127.51040476059255, 35.383633108716637 ], [ 127.510152868770447, 35.383514396911615 ], [ 127.509923654612606, 35.383432430970672 ], [ 127.509664470154206, 35.383362870600664 ], [ 127.509386797246052, 35.383308791273684 ], [ 127.509261218271789, 35.383309319434595 ], [ 127.507361190536756, 35.383713489742476 ], [ 127.507290262446801, 35.38375679214694 ], [ 127.507078034356226, 35.383981921719545 ], [ 127.50613241921279, 35.385042568085701 ], [ 127.506050702324046, 35.385174942519818 ], [ 127.505988724797845, 35.385454715540526 ], [ 127.505986320558279, 35.385669761612085 ], [ 127.506309752205425, 35.388543494587068 ], [ 127.506620029570229, 35.391404938774869 ], [ 127.506613271496121, 35.391521679498602 ], [ 127.506332793218917, 35.39314170621001 ], [ 127.506272891092976, 35.393455240707098 ], [ 127.506229077318267, 35.393648936730159 ], [ 127.505307743622851, 35.397412494622358 ], [ 127.504557143569357, 35.400017348930831 ], [ 127.504155645538205, 35.40118313763805 ], [ 127.501299630946946, 35.40388622926146 ], [ 127.498814995262578, 35.404807796403411 ], [ 127.498314481619346, 35.404715779037453 ], [ 127.497970752228298, 35.404740138149435 ], [ 127.497873009446749, 35.404760888719935 ], [ 127.497800757589843, 35.404789503262201 ], [ 127.497472887579448, 35.404929003555438 ], [ 127.497205765555563, 35.405100272496945 ], [ 127.496965019033553, 35.405335066927854 ], [ 127.496758718197484, 35.405552046333348 ], [ 127.496362129538142, 35.406118075944299 ], [ 127.496316533264135, 35.40618429149837 ], [ 127.496229597827906, 35.406373776711298 ], [ 127.496212551616267, 35.406412776695653 ], [ 127.495962475856828, 35.407212810693665 ], [ 127.495899276590151, 35.407500132679864 ], [ 127.495901596582456, 35.40762017747015 ], [ 127.496473796531603, 35.40826848868754 ], [ 127.496530666983105, 35.408367479825536 ], [ 127.496640869072039, 35.408710710456646 ], [ 127.497003288689086, 35.410077682360203 ], [ 127.497352129774342, 35.411256224310996 ], [ 127.498289649362079, 35.413563046550586 ], [ 127.498362326127406, 35.413652975053601 ], [ 127.498672161690692, 35.413996977011038 ], [ 127.498729536262786, 35.41405424888665 ], [ 127.499454975365325, 35.414660988268324 ], [ 127.499596158408863, 35.414756852978357 ], [ 127.4999275217872, 35.414893933681789 ], [ 127.500010902244099, 35.414907012604168 ], [ 127.500159396626287, 35.414930295738614 ], [ 127.500493685242191, 35.414935127851678 ], [ 127.500577440456055, 35.414965965013188 ], [ 127.50142916285678, 35.41569501487723 ], [ 127.501497996195823, 35.415769366751668 ], [ 127.501555823718931, 35.41589926144453 ], [ 127.501605854843191, 35.416011643741342 ], [ 127.501679114460487, 35.416197903211412 ], [ 127.501677006174347, 35.41646083011743 ], [ 127.501638168987213, 35.416946239425755 ], [ 127.501585853302586, 35.417086438140331 ], [ 127.501181755775718, 35.418082067250374 ], [ 127.501144327998389, 35.418172439568181 ], [ 127.500925309609954, 35.418383347511309 ], [ 127.500827485379887, 35.418439259701927 ], [ 127.500607233317012, 35.41856511684253 ], [ 127.500475190722554, 35.418702483230732 ], [ 127.500279758520051, 35.419042343890126 ], [ 127.499980192374892, 35.419745164431312 ], [ 127.498549963830357, 35.423158976040163 ], [ 127.498493223358324, 35.42568213438944 ], [ 127.49850522447619, 35.425789346169402 ], [ 127.498582392159904, 35.426287552676001 ], [ 127.498595549562594, 35.426366994492582 ], [ 127.49860789441874, 35.426421997148218 ], [ 127.498642699247441, 35.42653118023572 ], [ 127.49865246347521, 35.426561801415296 ], [ 127.498924945169733, 35.427322914423208 ], [ 127.499321983658973, 35.429087900520209 ], [ 127.49946943514189, 35.431145683748042 ], [ 127.499463134394944, 35.431181380322684 ], [ 127.499445699620324, 35.431279900485286 ], [ 127.499379267142928, 35.431415561493964 ], [ 127.499297363510479, 35.431546300104166 ], [ 127.499209037191818, 35.431634370226682 ], [ 127.499096830471657, 35.431723801643436 ], [ 127.499041477826594, 35.431767918602851 ], [ 127.498931526474578, 35.431813509312157 ], [ 127.498604356519962, 35.431885082211863 ], [ 127.496859529552125, 35.432976249507561 ], [ 127.495401985717805, 35.434465752891676 ], [ 127.495395549985858, 35.434494815574482 ], [ 127.495473148574362, 35.435190540709037 ], [ 127.495481134771168, 35.435235053304353 ], [ 127.495503552687651, 35.435318080762514 ], [ 127.495538816126896, 35.435375522642005 ], [ 127.495614012846943, 35.435480833410367 ], [ 127.495732838758812, 35.435605919503708 ], [ 127.49588587789026, 35.435744168458434 ], [ 127.496043376734775, 35.435873662058086 ], [ 127.496633775905508, 35.436521182913488 ], [ 127.49732821341604, 35.437287591328001 ], [ 127.497353740274562, 35.437318580790702 ], [ 127.497388450595636, 35.437376480151769 ], [ 127.497402770077315, 35.438239150859303 ], [ 127.497072204117885, 35.439451137389433 ], [ 127.496811055160691, 35.440615879380537 ], [ 127.49710766602405, 35.44223519014664 ], [ 127.497150256693033, 35.442409247503264 ], [ 127.49722707761633, 35.44263507998788 ], [ 127.498149418161532, 35.444775296074567 ], [ 127.498615870555724, 35.445709274527999 ], [ 127.498701274488468, 35.445876848658344 ], [ 127.498800966382788, 35.44600478061075 ], [ 127.498883464474716, 35.446075463908656 ], [ 127.499067500778239, 35.446199157601036 ], [ 127.499370028830185, 35.446354840501272 ], [ 127.499531926664105, 35.446407536174931 ], [ 127.497667136090328, 35.4485836407625 ], [ 127.489104724859018, 35.45131936555422 ], [ 127.489066103334778, 35.451345258220208 ], [ 127.489036899888617, 35.451470966447815 ], [ 127.489030646788379, 35.45154842622631 ], [ 127.489034184732034, 35.451641052194525 ], [ 127.489048726280004, 35.451697331668775 ], [ 127.48909168020819, 35.4518234305406 ], [ 127.489119794362708, 35.451882259368602 ], [ 127.490487876482788, 35.454451644466836 ], [ 127.490544345105391, 35.45455488543228 ], [ 127.490570914060626, 35.454594806524227 ], [ 127.490591318241172, 35.45461760249335 ], [ 127.490645157526757, 35.454665527166348 ], [ 127.490670902412759, 35.454685127093015 ], [ 127.490723104079549, 35.454715037915172 ], [ 127.490857709622802, 35.454769405739185 ], [ 127.490907526288353, 35.454792996451495 ], [ 127.490967695676275, 35.454832033632847 ], [ 127.491076016943268, 35.454913072630276 ], [ 127.491121016763159, 35.454957962294394 ], [ 127.491164656481473, 35.455015464489229 ], [ 127.491203137442696, 35.455075971578879 ], [ 127.491231905570629, 35.455134622300875 ], [ 127.491252194155479, 35.455210241947789 ], [ 127.491752621716174, 35.457606740035011 ], [ 127.491743423380299, 35.457667540310979 ], [ 127.491729623772926, 35.457709048014117 ], [ 127.491716722766114, 35.457735416639665 ], [ 127.49168359768251, 35.457777114164713 ], [ 127.491624743445868, 35.45782655529343 ], [ 127.4899038869587, 35.459118284210497 ], [ 127.490978719961149, 35.461654809399235 ], [ 127.491100685111732, 35.461819708706102 ], [ 127.491159781589701, 35.461882383083434 ], [ 127.491243730400456, 35.461956309438158 ], [ 127.491292875539713, 35.461994596319094 ], [ 127.491342192556047, 35.462023505770027 ], [ 127.49143834025098, 35.462071882092125 ], [ 127.491648303110026, 35.462164672866656 ], [ 127.491703604929114, 35.462181392836349 ], [ 127.494351722009412, 35.462975099247274 ], [ 127.494406897202467, 35.462990302254596 ], [ 127.495691624135731, 35.463219928625264 ], [ 127.495807354823825, 35.463229005354584 ], [ 127.495851620648494, 35.463221786270381 ], [ 127.496019897293166, 35.463180623257841 ], [ 127.49614355802531, 35.463136591266668 ], [ 127.496465179846453, 35.463035672117371 ], [ 127.496535182303418, 35.463023578176163 ], [ 127.496602892003239, 35.463019513546229 ], [ 127.496635329173529, 35.463026064222348 ], [ 127.496689602629772, 35.463057649596671 ], [ 127.496718164147296, 35.463079890191629 ], [ 127.496743005970345, 35.4631038402553 ], [ 127.49742299438995, 35.463813618270422 ], [ 127.497460896974857, 35.463868355250398 ], [ 127.497476290495527, 35.463899751894139 ], [ 127.497490894443587, 35.463946008121958 ], [ 127.497511756662291, 35.464051799365762 ], [ 127.497514735465458, 35.46409579485038 ], [ 127.497431712019434, 35.464928857702596 ], [ 127.497140247026479, 35.467590496196557 ], [ 127.496831884786218, 35.470163714217456 ], [ 127.496904631819078, 35.473185724398967 ], [ 127.496914022459947, 35.473315748666494 ], [ 127.496919638234317, 35.47335032167738 ], [ 127.496930630717202, 35.473387584516729 ], [ 127.496953744228449, 35.473438094146672 ], [ 127.496976049138794, 35.473477191270213 ], [ 127.497024687277658, 35.473539083347021 ], [ 127.497068169628974, 35.473587025488179 ], [ 127.497199424975236, 35.473698334784366 ], [ 127.497255945451471, 35.473734788937001 ], [ 127.497325245645428, 35.473769833129573 ], [ 127.497365215371659, 35.473784547516026 ], [ 127.498803044323509, 35.474067316190116 ], [ 127.500115572862967, 35.474290655747382 ], [ 127.500295054218, 35.474307294922369 ], [ 127.50033699332073, 35.474302093058924 ], [ 127.500455023074565, 35.474287444987773 ], [ 127.500595403396233, 35.474261282324051 ], [ 127.500646949789399, 35.474251669318939 ], [ 127.50075547638815, 35.474197054331903 ], [ 127.500826785592722, 35.474111316447015 ], [ 127.500917723202463, 35.473974685218757 ], [ 127.501010742643132, 35.473923329666007 ], [ 127.501124326274891, 35.473907379861856 ], [ 127.501329344985734, 35.473903026301898 ], [ 127.501452254106567, 35.473911256262255 ], [ 127.501670377961617, 35.473976776244612 ], [ 127.50366662209818, 35.474739730807833 ], [ 127.50374599082312, 35.474798797889797 ], [ 127.503838413797439, 35.474901608281954 ], [ 127.503939734775514, 35.475053251131676 ], [ 127.504137194895009, 35.475355699087807 ], [ 127.50469997108658, 35.47634099262109 ], [ 127.50497071472455, 35.476999607922792 ], [ 127.505044365703057, 35.47716533145325 ], [ 127.505108666334863, 35.477265271077655 ], [ 127.505244107629693, 35.477409734908925 ], [ 127.505322299611905, 35.477469639534846 ], [ 127.505400663679509, 35.477529673041026 ], [ 127.505615018565479, 35.477659930643284 ], [ 127.505668444549713, 35.477677101407103 ], [ 127.506867191121856, 35.477717695580189 ], [ 127.507635864076548, 35.477668760692126 ], [ 127.507849321127154, 35.477673093061149 ], [ 127.508033110628659, 35.477689806097679 ], [ 127.509544935531522, 35.478071202789195 ], [ 127.509755034700746, 35.478137111796158 ], [ 127.511953234186265, 35.479405426913026 ], [ 127.514006234042796, 35.479197967482925 ] ] ] ] } },
{ "type": "Feature", "properties": { "OBJECTID": 2334, "adm_nm": "전북특별자치도 남원시 주천면", "adm_cd": "3505031", "adm_cd2": "4519031000", "sgg": "45190", "sido": "45", "sidonm": "전북특별자치도", "sggnm": "남원시" }, "geometry": { "type": "MultiPolygon", "coordinates": [ [ [ [ 127.495901596582456, 35.40762017747015 ], [ 127.495899276590151, 35.407500132679864 ], [ 127.495962475856828, 35.407212810693665 ], [ 127.496212551616267, 35.406412776695653 ], [ 127.496229597827906, 35.406373776711298 ], [ 127.496316533264135, 35.40618429149837 ], [ 127.496362129538142, 35.406118075944299 ], [ 127.496758718197484, 35.405552046333348 ], [ 127.496965019033553, 35.405335066927854 ], [ 127.497205765555563, 35.405100272496945 ], [ 127.497472887579448, 35.404929003555438 ], [ 127.497800757589843, 35.404789503262201 ], [ 127.497873009446749, 35.404760888719935 ], [ 127.497970752228298, 35.404740138149435 ], [ 127.498314481619346, 35.404715779037453 ], [ 127.498814995262578, 35.404807796403411 ], [ 127.501299630946946, 35.40388622926146 ], [ 127.504155645538205, 35.40118313763805 ], [ 127.504557143569357, 35.400017348930831 ], [ 127.505307743622851, 35.397412494622358 ], [ 127.506229077318267, 35.393648936730159 ], [ 127.506272891092976, 35.393455240707098 ], [ 127.506332793218917, 35.39314170621001 ], [ 127.506613271496121, 35.391521679498602 ], [ 127.506620029570229, 35.391404938774869 ], [ 127.506309752205425, 35.388543494587068 ], [ 127.505986320558279, 35.385669761612085 ], [ 127.505988724797845, 35.385454715540526 ], [ 127.506050702324046, 35.385174942519818 ], [ 127.50613241921279, 35.385042568085701 ], [ 127.507078034356226, 35.383981921719545 ], [ 127.507290262446801, 35.38375679214694 ], [ 127.507361190536756, 35.383713489742476 ], [ 127.509261218271789, 35.383309319434595 ], [ 127.509386797246052, 35.383308791273684 ], [ 127.509664470154206, 35.383362870600664 ], [ 127.509923654612606, 35.383432430970672 ], [ 127.510152868770447, 35.383514396911615 ], [ 127.51040476059255, 35.383633108716637 ], [ 127.510532749299855, 35.383718645173722 ], [ 127.510595134152283, 35.383804372110504 ], [ 127.510731957893356, 35.384104829153607 ], [ 127.510770059100665, 35.384193718561448 ], [ 127.510837738417408, 35.384230302961605 ], [ 127.511949493645048, 35.384274736944178 ], [ 127.512154308283456, 35.384251169864299 ], [ 127.512226746807272, 35.384242823755741 ], [ 127.512458930522072, 35.384201916653794 ], [ 127.515965645339506, 35.383566567818356 ], [ 127.51672776561449, 35.381969182005243 ], [ 127.516742202549167, 35.381886203145086 ], [ 127.516798044009988, 35.381824496547203 ], [ 127.518815210972704, 35.380405948852363 ], [ 127.519100727404037, 35.38022356753148 ], [ 127.519242852375314, 35.380161481834847 ], [ 127.519422610288075, 35.380133042705687 ], [ 127.519621081181484, 35.380107691256228 ], [ 127.51978185617854, 35.380036327137383 ], [ 127.519961100713672, 35.379928027537133 ], [ 127.520091616113092, 35.379823017924117 ], [ 127.521014406041999, 35.378759393515722 ], [ 127.521204119145693, 35.378518906423018 ], [ 127.521307621442602, 35.378303505683149 ], [ 127.521355386872827, 35.378149704491427 ], [ 127.521627807182185, 35.376982037939314 ], [ 127.522805676346309, 35.373993864966756 ], [ 127.52455356207372, 35.371593499000056 ], [ 127.525453561057475, 35.370099653535299 ], [ 127.525005060510281, 35.369757406533516 ], [ 127.524565161404155, 35.369400913018865 ], [ 127.52430544084082, 35.369043650506377 ], [ 127.521155584092469, 35.363554830318705 ], [ 127.520834670693034, 35.362665052409184 ], [ 127.520912060059715, 35.361700669737608 ], [ 127.52087943044711, 35.360625615314675 ], [ 127.520824305512889, 35.360056637447101 ], [ 127.516508882049706, 35.353307773004325 ], [ 127.515990426966823, 35.352719682866585 ], [ 127.514980630969433, 35.351754212328295 ], [ 127.51422209020194, 35.351340926998752 ], [ 127.512837326303369, 35.352126836883855 ], [ 127.51183589354018, 35.352489467813768 ], [ 127.50922687306651, 35.352995892149416 ], [ 127.50822528141768, 35.35333738993976 ], [ 127.507008174776857, 35.354196311462097 ], [ 127.506345960159265, 35.354979730209848 ], [ 127.506113973686055, 35.355254157455491 ], [ 127.504271811443701, 35.357011652283852 ], [ 127.503234238281891, 35.357785457885832 ], [ 127.501413281965171, 35.358826027756535 ], [ 127.501198692459838, 35.358915026941055 ], [ 127.499975612774094, 35.359422269907746 ], [ 127.497546906576957, 35.360223723429407 ], [ 127.495621391982624, 35.360813563876619 ], [ 127.494800237223529, 35.360422360019406 ], [ 127.494591454272992, 35.360137294052819 ], [ 127.494557396869197, 35.360090797757671 ], [ 127.494073790946601, 35.359765872489653 ], [ 127.493154995150107, 35.359155238782229 ], [ 127.492582151669012, 35.358864458450086 ], [ 127.491053980197364, 35.358746680761143 ], [ 127.486104718034085, 35.358366439004314 ], [ 127.481586343122743, 35.361033583784298 ], [ 127.481169205080917, 35.361469245098775 ], [ 127.481012123770995, 35.361667139720495 ], [ 127.480875940708287, 35.361910038993059 ], [ 127.480760239538782, 35.362124693216231 ], [ 127.479736782579835, 35.363588574790661 ], [ 127.477591442671937, 35.365011787507711 ], [ 127.477234761815808, 35.365204833919698 ], [ 127.476767320390508, 35.365340076856519 ], [ 127.473335058895742, 35.366143535628055 ], [ 127.472836630175792, 35.366180256837026 ], [ 127.470576385040843, 35.365939690699989 ], [ 127.469385443995321, 35.365522940526787 ], [ 127.466400001679176, 35.364480452338697 ], [ 127.464442536828386, 35.363901770248617 ], [ 127.462081720962786, 35.363781160300775 ], [ 127.459548872050945, 35.363655507318704 ], [ 127.459281800948006, 35.363670196327874 ], [ 127.459108632944705, 35.363679717412317 ], [ 127.458874685142661, 35.363680602836304 ], [ 127.458612877789477, 35.363619598902787 ], [ 127.458460830410189, 35.363501809486145 ], [ 127.456816683203286, 35.362341266777776 ], [ 127.454510472905696, 35.360901384598122 ], [ 127.454288654138907, 35.360771637846589 ], [ 127.454213645890761, 35.360727765666141 ], [ 127.454087913976906, 35.360731023564149 ], [ 127.453959097778892, 35.360734366718688 ], [ 127.453204337026065, 35.361109181772221 ], [ 127.450163952302262, 35.361261417731072 ], [ 127.448626430532954, 35.36109108306654 ], [ 127.446767512505218, 35.360479246404438 ], [ 127.442891224091667, 35.361276929853247 ], [ 127.442328457622693, 35.361543891102599 ], [ 127.442110920836384, 35.362029431948635 ], [ 127.442070280502591, 35.362147939625864 ], [ 127.44207831817117, 35.362362093044148 ], [ 127.442163426877215, 35.362577886566974 ], [ 127.442224831275752, 35.362733549420234 ], [ 127.442195637157766, 35.362923532340517 ], [ 127.442184962085094, 35.362992975388039 ], [ 127.44133952188912, 35.364427719036236 ], [ 127.43724755334938, 35.36319174265396 ], [ 127.434975099748016, 35.361925594850014 ], [ 127.434560993428192, 35.361690342230212 ], [ 127.431322530228101, 35.359531884612906 ], [ 127.424081706253659, 35.352438593508055 ], [ 127.42275651869997, 35.350838807898576 ], [ 127.422599359011073, 35.351008453502111 ], [ 127.422508679561417, 35.351102495929005 ], [ 127.422464553816567, 35.35114825552693 ], [ 127.420916640111585, 35.352441621670536 ], [ 127.420893067546132, 35.352459369563775 ], [ 127.420839352351635, 35.352484084019096 ], [ 127.420777187250408, 35.352512673791644 ], [ 127.42049911628726, 35.352609724190799 ], [ 127.420367732642262, 35.352651447323822 ], [ 127.420033088852875, 35.352757717928618 ], [ 127.415901708462897, 35.353930402749363 ], [ 127.415669178955852, 35.353962582588196 ], [ 127.415391089997158, 35.353968130209978 ], [ 127.415185056317, 35.353932324828541 ], [ 127.414651575140098, 35.353778670834849 ], [ 127.41435102595139, 35.353738606193645 ], [ 127.414195590622072, 35.353807547450671 ], [ 127.412517313180331, 35.354791722189255 ], [ 127.410700624698663, 35.356110128083074 ], [ 127.410525257256907, 35.356242208781765 ], [ 127.410359422585799, 35.356452523365896 ], [ 127.410298988602193, 35.356621541912524 ], [ 127.410155847957725, 35.356904774726026 ], [ 127.409995964625949, 35.357206246908554 ], [ 127.409841045161301, 35.357357298052584 ], [ 127.409696900953946, 35.357462701751629 ], [ 127.409574617004026, 35.357495014374656 ], [ 127.408063040274001, 35.357326428281752 ], [ 127.4050849947579, 35.357221577008644 ], [ 127.400580867936853, 35.35759165790423 ], [ 127.399018433182619, 35.357770145197328 ], [ 127.398618175390951, 35.357839861532931 ], [ 127.398340361085303, 35.357904576928632 ], [ 127.397882168710225, 35.358052009260412 ], [ 127.397728395265148, 35.358125251577441 ], [ 127.397677410275563, 35.358173289253536 ], [ 127.397580647060323, 35.358264462855708 ], [ 127.397405428063763, 35.358477910233347 ], [ 127.397274301551747, 35.358706466584643 ], [ 127.396377130533025, 35.360733666469358 ], [ 127.396297005073265, 35.360954483803688 ], [ 127.39524443060796, 35.363864751262042 ], [ 127.392804485605296, 35.365668723153178 ], [ 127.391967773822529, 35.366118682846249 ], [ 127.391798191863217, 35.366213555627127 ], [ 127.391723272903249, 35.366255471165289 ], [ 127.391503946593048, 35.366453844403999 ], [ 127.391193732475273, 35.366860623951212 ], [ 127.39100025540661, 35.367150118953035 ], [ 127.390956613009891, 35.367230115287008 ], [ 127.390947555152962, 35.367290970208387 ], [ 127.392081051602617, 35.372547663737578 ], [ 127.392614026285983, 35.373033918463932 ], [ 127.392983154680905, 35.373384865495836 ], [ 127.393167357733262, 35.373587599895458 ], [ 127.393991963457893, 35.37507443385914 ], [ 127.394071678368888, 35.375241465667997 ], [ 127.394111055131646, 35.375395553517727 ], [ 127.394297901585404, 35.375484001345249 ], [ 127.394425816992296, 35.375561536581642 ], [ 127.394620249482998, 35.375693220145948 ], [ 127.394771785654129, 35.375852363009962 ], [ 127.394909452261047, 35.376100313450173 ], [ 127.395855295165077, 35.378258689066726 ], [ 127.395946941450973, 35.378703653277086 ], [ 127.395691081368611, 35.379871232865163 ], [ 127.395436504337383, 35.380429464526777 ], [ 127.395023311692043, 35.381335481860624 ], [ 127.394835305482687, 35.382114470368457 ], [ 127.394829231130501, 35.382223111108736 ], [ 127.394830099834124, 35.38240211469369 ], [ 127.394927773930988, 35.387082705186238 ], [ 127.394991067111974, 35.387393814795317 ], [ 127.395026257239977, 35.387566745441596 ], [ 127.396334995707619, 35.393046657785639 ], [ 127.397086060742154, 35.39382734490097 ], [ 127.3980976114523, 35.394878757208524 ], [ 127.399655855680606, 35.394000008118027 ], [ 127.402096320829173, 35.393366281130774 ], [ 127.402669026745755, 35.39364621034521 ], [ 127.406029482775722, 35.396678650957369 ], [ 127.40515868893138, 35.397363577099007 ], [ 127.404020804448294, 35.398331186620027 ], [ 127.40388411926935, 35.398528918299704 ], [ 127.403253514667739, 35.400464316322548 ], [ 127.403413381441865, 35.400773779560382 ], [ 127.404964357875201, 35.401191351444325 ], [ 127.405788356965388, 35.402152412807474 ], [ 127.407658470499541, 35.404727956105631 ], [ 127.409312050592305, 35.409399925298118 ], [ 127.409621382288719, 35.409590046117337 ], [ 127.413342851070482, 35.411925150190974 ], [ 127.413669006349679, 35.412151332727248 ], [ 127.413820367286903, 35.412296916441811 ], [ 127.413819383434642, 35.412442015356639 ], [ 127.415245698573045, 35.410322147584999 ], [ 127.416361495898911, 35.410729320037483 ], [ 127.416590199584675, 35.410778733500926 ], [ 127.416796167733892, 35.410732333411659 ], [ 127.419296004897021, 35.409820677359036 ], [ 127.420226953112689, 35.409010691984122 ], [ 127.42318733864515, 35.407301251715978 ], [ 127.42610138992589, 35.406053465649677 ], [ 127.426137952921266, 35.406039354126719 ], [ 127.426184462979293, 35.406047218186146 ], [ 127.42732535017845, 35.406560451128719 ], [ 127.429331987846197, 35.407296680408955 ], [ 127.434158937384211, 35.408997288015016 ], [ 127.437958850361952, 35.409563252653982 ], [ 127.440016075208391, 35.409408254689659 ], [ 127.441750855035551, 35.409031056034891 ], [ 127.444319672470115, 35.407530084210109 ], [ 127.445772551764264, 35.406569991737705 ], [ 127.445821218488817, 35.406529803006308 ], [ 127.445894371129114, 35.406501495887134 ], [ 127.446061922279654, 35.406441580924763 ], [ 127.446476543712862, 35.406303945756179 ], [ 127.446715574103891, 35.406231057458363 ], [ 127.447111008942542, 35.406169565119193 ], [ 127.447399208353417, 35.40616850164453 ], [ 127.447877382936582, 35.406199016312094 ], [ 127.448517035076577, 35.406264696046321 ], [ 127.448654121028611, 35.406301536768652 ], [ 127.448960573698827, 35.406383911896626 ], [ 127.449320949962697, 35.406473243729572 ], [ 127.449531360512225, 35.406461193364443 ], [ 127.450121791410155, 35.406425034950558 ], [ 127.45022774019499, 35.406413281929559 ], [ 127.450930331856327, 35.406252497172623 ], [ 127.458189076299419, 35.404159844030453 ], [ 127.458506876939211, 35.404060478956502 ], [ 127.458737072390903, 35.403984063464307 ], [ 127.458838272479412, 35.403930774214032 ], [ 127.464049279597901, 35.40040647847507 ], [ 127.464165159259522, 35.400323282028459 ], [ 127.465857232813391, 35.398812062902735 ], [ 127.466047582123267, 35.398625735635271 ], [ 127.466740101040699, 35.397786295723662 ], [ 127.467514047001686, 35.396752041177393 ], [ 127.467525489843609, 35.396691256262926 ], [ 127.467669102149671, 35.396533969695831 ], [ 127.467944222067544, 35.396293702489331 ], [ 127.468084417671733, 35.396209964957393 ], [ 127.471308338831093, 35.395421802833802 ], [ 127.473995804645881, 35.394841424795679 ], [ 127.474065561861323, 35.394874677711684 ], [ 127.474897723680343, 35.395367058186302 ], [ 127.475123559774488, 35.395510374554775 ], [ 127.475438827731864, 35.39573879352286 ], [ 127.475599269231779, 35.395899041949725 ], [ 127.475644767722486, 35.395982670698935 ], [ 127.476867830290345, 35.397711728736908 ], [ 127.481150348913744, 35.401725533398356 ], [ 127.481183332971966, 35.401755595282204 ], [ 127.481308757661722, 35.401818188031392 ], [ 127.481636952641253, 35.401954336775724 ], [ 127.483172818882053, 35.40250910074073 ], [ 127.486763207587387, 35.40440477991411 ], [ 127.486974899375781, 35.404883690789774 ], [ 127.487048951996627, 35.404968392102518 ], [ 127.487358126637062, 35.405307393910682 ], [ 127.487384120203714, 35.405328552832565 ], [ 127.488742071772649, 35.40624928165122 ], [ 127.489774459384137, 35.40673757376522 ], [ 127.489919724557268, 35.406803058113596 ], [ 127.49073034720962, 35.407100997773746 ], [ 127.49210864706339, 35.40757020187462 ], [ 127.492304669635772, 35.407635393604316 ], [ 127.492361037807356, 35.407652924103054 ], [ 127.492638096584599, 35.407683689610536 ], [ 127.494841575878496, 35.407760158355231 ], [ 127.495901596582456, 35.40762017747015 ] ] ] ] } },
{ "type": "Feature", "properties": { "OBJECTID": 2335, "adm_nm": "전북특별자치도 남원시 수지면", "adm_cd": "3505032", "adm_cd2": "4519032000", "sgg": "45190", "sido": "45", "sidonm": "전북특별자치도", "sggnm": "남원시" }, "geometry": { "type": "MultiPolygon", "coordinates": [ [ [ [ 127.42275651869997, 35.350838807898576 ], [ 127.422668346283473, 35.34950616034844 ], [ 127.422647810428558, 35.349412980808196 ], [ 127.422641311062748, 35.349383498541236 ], [ 127.422600996162458, 35.349268093153711 ], [ 127.422547709232816, 35.349174359717153 ], [ 127.420159426346515, 35.345219282724848 ], [ 127.420017431833074, 35.345010306400596 ], [ 127.419593881028362, 35.344493792955959 ], [ 127.419310386961584, 35.344169753973944 ], [ 127.417659704774294, 35.342461597809965 ], [ 127.416233169460767, 35.341185092000813 ], [ 127.416118088858042, 35.341073544917627 ], [ 127.416029442213215, 35.340947469074614 ], [ 127.416010420006401, 35.340911076154278 ], [ 127.415980912576018, 35.34085460335578 ], [ 127.415511246982874, 35.339441166922846 ], [ 127.415479878926291, 35.339329332331296 ], [ 127.415452911603552, 35.339217473756641 ], [ 127.415448266071806, 35.339170525651951 ], [ 127.415455602435301, 35.339100994903994 ], [ 127.41555466808056, 35.338529246318565 ], [ 127.415635896681465, 35.33806667932275 ], [ 127.415647602539934, 35.33801090242418 ], [ 127.415648471097228, 35.337943872943882 ], [ 127.415566561779713, 35.337389570030446 ], [ 127.415531032239727, 35.337324709839415 ], [ 127.415495613389496, 35.337281477735822 ], [ 127.41164911379353, 35.334239567275333 ], [ 127.410082294872211, 35.333364908640284 ], [ 127.410000834380668, 35.333314626371227 ], [ 127.409871346948734, 35.333234665960966 ], [ 127.409804965497045, 35.333158995879948 ], [ 127.408269741088134, 35.331360622626157 ], [ 127.408234239035664, 35.331299371538876 ], [ 127.408198660930367, 35.331223686059204 ], [ 127.408147415415471, 35.331042959302401 ], [ 127.408113378893788, 35.330906159921135 ], [ 127.408095361551858, 35.330823211077401 ], [ 127.40809035579241, 35.330743875293045 ], [ 127.408085805338231, 35.330671550528074 ], [ 127.408094438962763, 35.330638983378847 ], [ 127.408116180154195, 35.330588355332218 ], [ 127.408372736115354, 35.330030466956366 ], [ 127.408533545615569, 35.329614598232261 ], [ 127.408546368454978, 35.329542365060405 ], [ 127.408537362893995, 35.329499039034246 ], [ 127.408515122558015, 35.329452157530007 ], [ 127.407369262680149, 35.328365495828884 ], [ 127.406844301843009, 35.327942644858268 ], [ 127.406583585913808, 35.327755782040711 ], [ 127.406287777964678, 35.327587048892312 ], [ 127.403359452502059, 35.32601850763087 ], [ 127.40154740974971, 35.325102471624618 ], [ 127.400100032572141, 35.322228863256598 ], [ 127.400527714515007, 35.321613575899995 ], [ 127.400558196908733, 35.32155208638693 ], [ 127.401088463300752, 35.320205483281015 ], [ 127.401101358408908, 35.320144057675527 ], [ 127.401101002940678, 35.320071865801275 ], [ 127.401096146684097, 35.319932807682996 ], [ 127.399323277958459, 35.312902201853376 ], [ 127.398487498407007, 35.311741244378908 ], [ 127.398376854612295, 35.311622449323437 ], [ 127.398217700418712, 35.311478579524305 ], [ 127.398164688010652, 35.311431796318892 ], [ 127.396652214838866, 35.310622219121079 ], [ 127.396431555732818, 35.310514610235437 ], [ 127.396268495013942, 35.310471866176833 ], [ 127.396180351487146, 35.310457644709018 ], [ 127.396017452984822, 35.310447358851484 ], [ 127.395872195288177, 35.310447832591379 ], [ 127.395753351647102, 35.310451832023809 ], [ 127.39547020314545, 35.310495582324741 ], [ 127.395232901639659, 35.310555738398499 ], [ 127.39500849872455, 35.310612615812978 ], [ 127.394915553131796, 35.310627660153465 ], [ 127.394757778262615, 35.310653190666137 ], [ 127.39467860449173, 35.310653448152152 ], [ 127.394559668396752, 35.310639408777121 ], [ 127.394310049342579, 35.310595821938165 ], [ 127.394123369096832, 35.310528885247884 ], [ 127.394039491781015, 35.310489408510648 ], [ 127.393959938155518, 35.310431887132168 ], [ 127.390527211043221, 35.307944773466069 ], [ 127.390485195963947, 35.30791235996994 ], [ 127.390443347959646, 35.307880064732856 ], [ 127.390346003206332, 35.307782852843779 ], [ 127.390296235905566, 35.307709363527401 ], [ 127.390248452483007, 35.307638774046652 ], [ 127.387150072402932, 35.304429248359099 ], [ 127.385548418220338, 35.304030288196003 ], [ 127.385358766311782, 35.303940661909429 ], [ 127.385274868427032, 35.303893978980369 ], [ 127.384451076206204, 35.303276369974618 ], [ 127.38316852858857, 35.303887111411804 ], [ 127.380287128188797, 35.304533504528152 ], [ 127.37909660467561, 35.306833624614008 ], [ 127.37723767799045, 35.310748103355913 ], [ 127.377211534811096, 35.310798739568874 ], [ 127.377154571394598, 35.31084588015095 ], [ 127.374576400824637, 35.312508788791057 ], [ 127.371681422283288, 35.314314121342619 ], [ 127.371521776420522, 35.31439158158998 ], [ 127.371333234768713, 35.314473456246731 ], [ 127.37113401418496, 35.314553199339805 ], [ 127.37099143702703, 35.314589415440118 ], [ 127.370954673625874, 35.314593806248361 ], [ 127.370909124308739, 35.314599229125932 ], [ 127.3707835947489, 35.314609431200942 ], [ 127.370605219450098, 35.314606729238427 ], [ 127.370454497336695, 35.31459089367533 ], [ 127.369612755730458, 35.314452751693516 ], [ 127.368590611798183, 35.314278487060115 ], [ 127.368458336067533, 35.314255095704503 ], [ 127.368273148977067, 35.314228513182719 ], [ 127.36811057440265, 35.314218182874363 ], [ 127.367951928547214, 35.314227326068604 ], [ 127.367858306536021, 35.31424073842615 ], [ 127.367759728520355, 35.314254863041931 ], [ 127.367623785508997, 35.31429754668919 ], [ 127.367486015072345, 35.314349689681798 ], [ 127.367094192871562, 35.314515651526612 ], [ 127.366946511875412, 35.314588729417359 ], [ 127.362336124465784, 35.317134036240105 ], [ 127.360372920361954, 35.318961099807701 ], [ 127.360366576046886, 35.318999974501942 ], [ 127.360352371004225, 35.319086902301173 ], [ 127.36029349057435, 35.319204602955018 ], [ 127.3597134371376, 35.320010488175221 ], [ 127.359666064027991, 35.320067043453101 ], [ 127.359581862308389, 35.320148596033675 ], [ 127.359459415807436, 35.320262810407833 ], [ 127.359408604991714, 35.3203088135526 ], [ 127.359363341100561, 35.320349789863123 ], [ 127.359268937468002, 35.320419559622373 ], [ 127.359185882273607, 35.320480917080999 ], [ 127.35820149426047, 35.320991296697947 ], [ 127.358155783937619, 35.321010148029544 ], [ 127.358064524656712, 35.321037948411607 ], [ 127.358027184117091, 35.321043157851115 ], [ 127.357988138994131, 35.321048592504333 ], [ 127.357817591347541, 35.321054503771336 ], [ 127.35763979202315, 35.321059353981731 ], [ 127.357552547057011, 35.32105204037417 ], [ 127.357026319651098, 35.320996159794724 ], [ 127.356537201753284, 35.321215173930227 ], [ 127.356454854388474, 35.321242301987333 ], [ 127.356361115751412, 35.321258788173992 ], [ 127.356243470666925, 35.321262474255434 ], [ 127.356187900881451, 35.321257138668017 ], [ 127.350985222072254, 35.320526617930071 ], [ 127.350851598806798, 35.320500968565646 ], [ 127.350764839400725, 35.320474350772926 ], [ 127.350714439154473, 35.320454045497556 ], [ 127.350623161411818, 35.320417264426382 ], [ 127.350476118281236, 35.320338549525985 ], [ 127.350334333248355, 35.320254414551741 ], [ 127.349407272957407, 35.319561083343224 ], [ 127.349342283964489, 35.319511329787119 ], [ 127.349287197299191, 35.319467080765776 ], [ 127.349246826559664, 35.319434631620148 ], [ 127.3478874379785, 35.318795462001198 ], [ 127.345535028620404, 35.318200874674119 ], [ 127.333874352888969, 35.31536123750783 ], [ 127.331136428793045, 35.315133241164311 ], [ 127.331060249692328, 35.315121722897523 ], [ 127.330975397122785, 35.315103464906635 ], [ 127.330906298988992, 35.315077361591023 ], [ 127.330820808191035, 35.315026999521123 ], [ 127.330771466517817, 35.314987346030492 ], [ 127.330714551348024, 35.314941573829472 ], [ 127.330540253383177, 35.314749705795535 ], [ 127.330441781833571, 35.314627215739719 ], [ 127.33032321911638, 35.314460161747732 ], [ 127.330238147811357, 35.31430797853924 ], [ 127.330008561912692, 35.313794307855083 ], [ 127.329958929287784, 35.313647704349791 ], [ 127.329938573849034, 35.313509773032486 ], [ 127.329926148076169, 35.313374887068854 ], [ 127.329937814566719, 35.313293356785088 ], [ 127.329962813856611, 35.313248674123912 ], [ 127.330002349117279, 35.313209450022015 ], [ 127.330052557227603, 35.313172356285826 ], [ 127.330175479970023, 35.313112277639604 ], [ 127.330234231624885, 35.313083895389589 ], [ 127.330281221792958, 35.313046820483905 ], [ 127.33030885637983, 35.313003294716964 ], [ 127.33045679840329, 35.312360340348931 ], [ 127.33046564885386, 35.312265770228329 ], [ 127.330461283346693, 35.312165821895036 ], [ 127.330446318699543, 35.312083295702557 ], [ 127.330424784874879, 35.31204487308262 ], [ 127.330397039038672, 35.311995377932568 ], [ 127.330334409278009, 35.311901082649115 ], [ 127.330188241739791, 35.311730229648212 ], [ 127.329955834282842, 35.311496603563398 ], [ 127.329419612207957, 35.311046866673585 ], [ 127.329357073318221, 35.310998186020178 ], [ 127.327776163355608, 35.310115999111801 ], [ 127.327631508908638, 35.310047978221128 ], [ 127.3274935131669, 35.309992929445635 ], [ 127.327130772018378, 35.309886730815904 ], [ 127.323649153830502, 35.308996705720517 ], [ 127.325426017621211, 35.310860783109881 ], [ 127.325576366066869, 35.311034613584837 ], [ 127.325695790760108, 35.31120373031645 ], [ 127.326081563946886, 35.311818389630083 ], [ 127.326171435906772, 35.311962640570847 ], [ 127.32619960903024, 35.312051335840337 ], [ 127.326612008044549, 35.313657928002115 ], [ 127.326637783930963, 35.313775031248042 ], [ 127.326972595826462, 35.318791812154785 ], [ 127.325556660942169, 35.322772436209327 ], [ 127.325398064597465, 35.322933854089044 ], [ 127.325217029598306, 35.323124049365092 ], [ 127.324905841030741, 35.323466136656798 ], [ 127.324650359458587, 35.323879077021971 ], [ 127.324369607117063, 35.32438069872223 ], [ 127.323936807969616, 35.325202877954766 ], [ 127.323557716872131, 35.325979294478195 ], [ 127.323454920288597, 35.326238513123656 ], [ 127.323355373931179, 35.326568209217292 ], [ 127.323010251909821, 35.327735169122683 ], [ 127.323007563329824, 35.327778356322227 ], [ 127.323012095649247, 35.32850462320355 ], [ 127.323068026897786, 35.328687185333969 ], [ 127.323130672037564, 35.32881635264323 ], [ 127.325464253588294, 35.33345905915133 ], [ 127.325642746579149, 35.33370112552609 ], [ 127.326281154177224, 35.334559639306768 ], [ 127.326553713140768, 35.334917898119407 ], [ 127.327563473157838, 35.336157035830126 ], [ 127.327614014177328, 35.33619736037133 ], [ 127.328503783852767, 35.336532859876421 ], [ 127.328561058128045, 35.336552179625173 ], [ 127.328706106052451, 35.3365711584728 ], [ 127.333039030715327, 35.338785979156228 ], [ 127.333005965220607, 35.33890576929965 ], [ 127.333019390215682, 35.339769191561452 ], [ 127.333072388970365, 35.340921943788395 ], [ 127.333076674113016, 35.340999537600091 ], [ 127.333127444177308, 35.341122333388654 ], [ 127.334267722717868, 35.343593243795596 ], [ 127.334402894737195, 35.343856399296456 ], [ 127.334869608439121, 35.3446539689918 ], [ 127.334939167191379, 35.344768506679017 ], [ 127.335037080377163, 35.344850715904961 ], [ 127.335460306060384, 35.345126060665081 ], [ 127.335738058173831, 35.345282121756938 ], [ 127.336020489255702, 35.345373565233324 ], [ 127.33627313223262, 35.345416472938325 ], [ 127.336459616562422, 35.345422443907871 ], [ 127.33742482353513, 35.345372906737239 ], [ 127.337594394425295, 35.345359451512635 ], [ 127.339865424852277, 35.345084698184721 ], [ 127.339959981252647, 35.345071539690963 ], [ 127.342004347853219, 35.344368815879143 ], [ 127.348879526269471, 35.342877118158185 ], [ 127.350880784041834, 35.341950922816466 ], [ 127.351558060392065, 35.341595653797221 ], [ 127.351723718855908, 35.341493045257245 ], [ 127.351890377263516, 35.341313828136336 ], [ 127.35204418891341, 35.341168633940157 ], [ 127.352215083630895, 35.341081972144515 ], [ 127.352372142685979, 35.341077198430305 ], [ 127.352626895277737, 35.341152063894036 ], [ 127.354558052328017, 35.342036045884207 ], [ 127.354813071647683, 35.342195922200254 ], [ 127.355050186589338, 35.342385762279797 ], [ 127.358101768240914, 35.345116813525408 ], [ 127.359850408889884, 35.346060826562081 ], [ 127.364922511431445, 35.347464175975297 ], [ 127.368070634975425, 35.346149014591511 ], [ 127.368343874574165, 35.346022637434814 ], [ 127.369020025995212, 35.345718368419909 ], [ 127.36921954868869, 35.345637910082964 ], [ 127.369324716838676, 35.345637590105945 ], [ 127.370696787455671, 35.345970761936123 ], [ 127.370737348540104, 35.346033472896885 ], [ 127.37082648143334, 35.347079171691121 ], [ 127.3708625539373, 35.347584538041758 ], [ 127.370890820057397, 35.3480909843435 ], [ 127.37088681161444, 35.348346344494679 ], [ 127.370927944730482, 35.348562257860692 ], [ 127.371057294355225, 35.349015136056899 ], [ 127.371129786552885, 35.349255386065487 ], [ 127.371329509522212, 35.349797462091651 ], [ 127.371428009502466, 35.35004835067663 ], [ 127.371530307045234, 35.35028536798427 ], [ 127.371677982952264, 35.350511500375497 ], [ 127.372542885701108, 35.351735806463672 ], [ 127.37267197839985, 35.351864127809435 ], [ 127.37288443266668, 35.352011193599715 ], [ 127.373161442652162, 35.352202598896142 ], [ 127.373252439539243, 35.352252712048006 ], [ 127.373292648595566, 35.352265731341063 ], [ 127.373337595968096, 35.35227440041924 ], [ 127.373396880344643, 35.352276413789468 ], [ 127.373503761553621, 35.352262923686411 ], [ 127.37579299288754, 35.351937872186269 ], [ 127.376009271126222, 35.351886825896791 ], [ 127.376113392168918, 35.351873344178195 ], [ 127.376297841961303, 35.351864022054023 ], [ 127.376447465103368, 35.351865716080198 ], [ 127.376541019772461, 35.351874258716002 ], [ 127.376632001175864, 35.351895880385761 ], [ 127.376707089673829, 35.351932876739887 ], [ 127.376779372637785, 35.351983024956667 ], [ 127.376877771646107, 35.352069619033365 ], [ 127.37697801530534, 35.352162134507466 ], [ 127.377098049463314, 35.352354014721513 ], [ 127.377685955239855, 35.353607917155422 ], [ 127.377877758674444, 35.354043183179833 ], [ 127.378216514686827, 35.355065670624882 ], [ 127.378372686871074, 35.35566725904053 ], [ 127.378475707496136, 35.355985736928993 ], [ 127.37866748005635, 35.356248064513736 ], [ 127.37896686079209, 35.356650994663113 ], [ 127.379158400919877, 35.356840948844628 ], [ 127.384494345488392, 35.360266276505371 ], [ 127.388340008907477, 35.362372482277408 ], [ 127.391103085200569, 35.364600223314454 ], [ 127.392804485605296, 35.365668723153178 ], [ 127.39524443060796, 35.363864751262042 ], [ 127.396297005073265, 35.360954483803688 ], [ 127.396377130533025, 35.360733666469358 ], [ 127.397274301551747, 35.358706466584643 ], [ 127.397405428063763, 35.358477910233347 ], [ 127.397580647060323, 35.358264462855708 ], [ 127.397677410275563, 35.358173289253536 ], [ 127.397728395265148, 35.358125251577441 ], [ 127.397882168710225, 35.358052009260412 ], [ 127.398340361085303, 35.357904576928632 ], [ 127.398618175390951, 35.357839861532931 ], [ 127.399018433182619, 35.357770145197328 ], [ 127.400580867936853, 35.35759165790423 ], [ 127.4050849947579, 35.357221577008644 ], [ 127.408063040274001, 35.357326428281752 ], [ 127.409574617004026, 35.357495014374656 ], [ 127.409696900953946, 35.357462701751629 ], [ 127.409841045161301, 35.357357298052584 ], [ 127.409995964625949, 35.357206246908554 ], [ 127.410155847957725, 35.356904774726026 ], [ 127.410298988602193, 35.356621541912524 ], [ 127.410359422585799, 35.356452523365896 ], [ 127.410525257256907, 35.356242208781765 ], [ 127.410700624698663, 35.356110128083074 ], [ 127.412517313180331, 35.354791722189255 ], [ 127.414195590622072, 35.353807547450671 ], [ 127.41435102595139, 35.353738606193645 ], [ 127.414651575140098, 35.353778670834849 ], [ 127.415185056317, 35.353932324828541 ], [ 127.415391089997158, 35.353968130209978 ], [ 127.415669178955852, 35.353962582588196 ], [ 127.415901708462897, 35.353930402749363 ], [ 127.420033088852875, 35.352757717928618 ], [ 127.420367732642262, 35.352651447323822 ], [ 127.42049911628726, 35.352609724190799 ], [ 127.420777187250408, 35.352512673791644 ], [ 127.420839352351635, 35.352484084019096 ], [ 127.420893067546132, 35.352459369563775 ], [ 127.420916640111585, 35.352441621670536 ], [ 127.422464553816567, 35.35114825552693 ], [ 127.422508679561417, 35.351102495929005 ], [ 127.422599359011073, 35.351008453502111 ], [ 127.42275651869997, 35.350838807898576 ] ] ] ] } },
{ "type": "Feature", "properties": { "OBJECTID": 2336, "adm_nm": "전북특별자치도 남원시 송동면", "adm_cd": "3505033", "adm_cd2": "4519033000", "sgg": "45190", "sido": "45", "sidonm": "전북특별자치도", "sggnm": "남원시" }, "geometry": { "type": "MultiPolygon", "coordinates": [ [ [ [ 127.394111055131646, 35.375395553517727 ], [ 127.394071678368888, 35.375241465667997 ], [ 127.393991963457893, 35.37507443385914 ], [ 127.393167357733262, 35.373587599895458 ], [ 127.392983154680905, 35.373384865495836 ], [ 127.392614026285983, 35.373033918463932 ], [ 127.392081051602617, 35.372547663737578 ], [ 127.390947555152962, 35.367290970208387 ], [ 127.390956613009891, 35.367230115287008 ], [ 127.39100025540661, 35.367150118953035 ], [ 127.391193732475273, 35.366860623951212 ], [ 127.391503946593048, 35.366453844403999 ], [ 127.391723272903249, 35.366255471165289 ], [ 127.391798191863217, 35.366213555627127 ], [ 127.391967773822529, 35.366118682846249 ], [ 127.392804485605296, 35.365668723153178 ], [ 127.391103085200569, 35.364600223314454 ], [ 127.388340008907477, 35.362372482277408 ], [ 127.384494345488392, 35.360266276505371 ], [ 127.379158400919877, 35.356840948844628 ], [ 127.37896686079209, 35.356650994663113 ], [ 127.37866748005635, 35.356248064513736 ], [ 127.378475707496136, 35.355985736928993 ], [ 127.378372686871074, 35.35566725904053 ], [ 127.378216514686827, 35.355065670624882 ], [ 127.377877758674444, 35.354043183179833 ], [ 127.377685955239855, 35.353607917155422 ], [ 127.377098049463314, 35.352354014721513 ], [ 127.37697801530534, 35.352162134507466 ], [ 127.376877771646107, 35.352069619033365 ], [ 127.376779372637785, 35.351983024956667 ], [ 127.376707089673829, 35.351932876739887 ], [ 127.376632001175864, 35.351895880385761 ], [ 127.376541019772461, 35.351874258716002 ], [ 127.376447465103368, 35.351865716080198 ], [ 127.376297841961303, 35.351864022054023 ], [ 127.376113392168918, 35.351873344178195 ], [ 127.376009271126222, 35.351886825896791 ], [ 127.37579299288754, 35.351937872186269 ], [ 127.373503761553621, 35.352262923686411 ], [ 127.373396880344643, 35.352276413789468 ], [ 127.373337595968096, 35.35227440041924 ], [ 127.373292648595566, 35.352265731341063 ], [ 127.373252439539243, 35.352252712048006 ], [ 127.373161442652162, 35.352202598896142 ], [ 127.37288443266668, 35.352011193599715 ], [ 127.37267197839985, 35.351864127809435 ], [ 127.372542885701108, 35.351735806463672 ], [ 127.371677982952264, 35.350511500375497 ], [ 127.371530307045234, 35.35028536798427 ], [ 127.371428009502466, 35.35004835067663 ], [ 127.371329509522212, 35.349797462091651 ], [ 127.371129786552885, 35.349255386065487 ], [ 127.371057294355225, 35.349015136056899 ], [ 127.370927944730482, 35.348562257860692 ], [ 127.37088681161444, 35.348346344494679 ], [ 127.370890820057397, 35.3480909843435 ], [ 127.3708625539373, 35.347584538041758 ], [ 127.37082648143334, 35.347079171691121 ], [ 127.370737348540104, 35.346033472896885 ], [ 127.370696787455671, 35.345970761936123 ], [ 127.369324716838676, 35.345637590105945 ], [ 127.36921954868869, 35.345637910082964 ], [ 127.369020025995212, 35.345718368419909 ], [ 127.368343874574165, 35.346022637434814 ], [ 127.368070634975425, 35.346149014591511 ], [ 127.364922511431445, 35.347464175975297 ], [ 127.359850408889884, 35.346060826562081 ], [ 127.358101768240914, 35.345116813525408 ], [ 127.355050186589338, 35.342385762279797 ], [ 127.354813071647683, 35.342195922200254 ], [ 127.354558052328017, 35.342036045884207 ], [ 127.352626895277737, 35.341152063894036 ], [ 127.352372142685979, 35.341077198430305 ], [ 127.352215083630895, 35.341081972144515 ], [ 127.35204418891341, 35.341168633940157 ], [ 127.351890377263516, 35.341313828136336 ], [ 127.351723718855908, 35.341493045257245 ], [ 127.351558060392065, 35.341595653797221 ], [ 127.350880784041834, 35.341950922816466 ], [ 127.348879526269471, 35.342877118158185 ], [ 127.342004347853219, 35.344368815879143 ], [ 127.339959981252647, 35.345071539690963 ], [ 127.339865424852277, 35.345084698184721 ], [ 127.337594394425295, 35.345359451512635 ], [ 127.33742482353513, 35.345372906737239 ], [ 127.336459616562422, 35.345422443907871 ], [ 127.33627313223262, 35.345416472938325 ], [ 127.336020489255702, 35.345373565233324 ], [ 127.335738058173831, 35.345282121756938 ], [ 127.335460306060384, 35.345126060665081 ], [ 127.335037080377163, 35.344850715904961 ], [ 127.334939167191379, 35.344768506679017 ], [ 127.334869608439121, 35.3446539689918 ], [ 127.334402894737195, 35.343856399296456 ], [ 127.334267722717868, 35.343593243795596 ], [ 127.333127444177308, 35.341122333388654 ], [ 127.333076674113016, 35.340999537600091 ], [ 127.333072388970365, 35.340921943788395 ], [ 127.333019390215682, 35.339769191561452 ], [ 127.333005965220607, 35.33890576929965 ], [ 127.333039030715327, 35.338785979156228 ], [ 127.328706106052451, 35.3365711584728 ], [ 127.328561058128045, 35.336552179625173 ], [ 127.328503783852767, 35.336532859876421 ], [ 127.327614014177328, 35.33619736037133 ], [ 127.327563473157838, 35.336157035830126 ], [ 127.326553713140768, 35.334917898119407 ], [ 127.326281154177224, 35.334559639306768 ], [ 127.325642746579149, 35.33370112552609 ], [ 127.325464253588294, 35.33345905915133 ], [ 127.323130672037564, 35.32881635264323 ], [ 127.323068026897786, 35.328687185333969 ], [ 127.323012095649247, 35.32850462320355 ], [ 127.323007563329824, 35.327778356322227 ], [ 127.323010251909821, 35.327735169122683 ], [ 127.323355373931179, 35.326568209217292 ], [ 127.323454920288597, 35.326238513123656 ], [ 127.323557716872131, 35.325979294478195 ], [ 127.323936807969616, 35.325202877954766 ], [ 127.324369607117063, 35.32438069872223 ], [ 127.324650359458587, 35.323879077021971 ], [ 127.324905841030741, 35.323466136656798 ], [ 127.325217029598306, 35.323124049365092 ], [ 127.325398064597465, 35.322933854089044 ], [ 127.325556660942169, 35.322772436209327 ], [ 127.326972595826462, 35.318791812154785 ], [ 127.326637783930963, 35.313775031248042 ], [ 127.326612008044549, 35.313657928002115 ], [ 127.32619960903024, 35.312051335840337 ], [ 127.326171435906772, 35.311962640570847 ], [ 127.326081563946886, 35.311818389630083 ], [ 127.325695790760108, 35.31120373031645 ], [ 127.325576366066869, 35.311034613584837 ], [ 127.325426017621211, 35.310860783109881 ], [ 127.323649153830502, 35.308996705720517 ], [ 127.324111572514795, 35.30646127830687 ], [ 127.321396082173649, 35.305743397840835 ], [ 127.320540225038172, 35.306221565890432 ], [ 127.313911475331139, 35.313941708368091 ], [ 127.313685665426831, 35.31424513113717 ], [ 127.313485972826655, 35.314557423156735 ], [ 127.313290622031161, 35.314916558306784 ], [ 127.313153391821004, 35.315178387193448 ], [ 127.312465075536409, 35.316517109464755 ], [ 127.311914456386447, 35.317605428200928 ], [ 127.311346992970371, 35.318809516308555 ], [ 127.311270217444246, 35.31900944925286 ], [ 127.311257037136187, 35.319068350838542 ], [ 127.311221443867566, 35.31956866651943 ], [ 127.311045256018829, 35.322624617681761 ], [ 127.311056656085228, 35.322702284008734 ], [ 127.311094319007765, 35.32283017246386 ], [ 127.311149919170902, 35.322960720065993 ], [ 127.311351475247704, 35.323306955311139 ], [ 127.311386160866732, 35.323366523051284 ], [ 127.311806307806364, 35.324126975961498 ], [ 127.311841958531929, 35.32424658166849 ], [ 127.31184616648541, 35.324310393900312 ], [ 127.311831001985922, 35.324429134243211 ], [ 127.311755023235847, 35.324693147435667 ], [ 127.311322658947432, 35.32606570659631 ], [ 127.311212649934546, 35.326403799924186 ], [ 127.311135073797217, 35.326566243348807 ], [ 127.310034451153442, 35.328202792822303 ], [ 127.309885556582515, 35.328325573231453 ], [ 127.309687693869833, 35.328442074536355 ], [ 127.309445402879376, 35.328529683768821 ], [ 127.309082378149427, 35.328593423454095 ], [ 127.308694579646442, 35.328625052319111 ], [ 127.308448290180792, 35.328675611653885 ], [ 127.308138339672212, 35.328785916676821 ], [ 127.307875617742994, 35.328908986393834 ], [ 127.307617137217179, 35.329109365361298 ], [ 127.307389969956688, 35.329299939951646 ], [ 127.306971718586567, 35.329832509988506 ], [ 127.30651274465977, 35.330532734598869 ], [ 127.305907954214618, 35.33162630695621 ], [ 127.305557143368375, 35.33234229517447 ], [ 127.305259211558209, 35.333025988583593 ], [ 127.303874061248294, 35.336614830774039 ], [ 127.303717225403275, 35.337240110735017 ], [ 127.303685468180007, 35.337662185409542 ], [ 127.303671411207887, 35.338110011359561 ], [ 127.303700444818759, 35.338502118672402 ], [ 127.303739632429483, 35.339031166148516 ], [ 127.303831651334548, 35.339994087869009 ], [ 127.303966648375365, 35.340915080984693 ], [ 127.304132968420348, 35.341771461572918 ], [ 127.304286586721034, 35.342405700415384 ], [ 127.304526839782866, 35.343113819433455 ], [ 127.306502957302186, 35.348826634150434 ], [ 127.307257884066971, 35.350003756311082 ], [ 127.307971213856305, 35.351635149268759 ], [ 127.310068886980631, 35.357510203406207 ], [ 127.310530166516216, 35.358941208288712 ], [ 127.31061724048493, 35.359301331454297 ], [ 127.310883715743856, 35.360396573914528 ], [ 127.31092522044095, 35.360564194265429 ], [ 127.310971844010069, 35.360752444225071 ], [ 127.311264976160658, 35.361754164474561 ], [ 127.311752156053743, 35.362637549320219 ], [ 127.315420974507887, 35.366869402896576 ], [ 127.316427482961089, 35.367836970084575 ], [ 127.317050528544414, 35.36829537176181 ], [ 127.318949059625695, 35.369433811957428 ], [ 127.319158093157526, 35.369554927642476 ], [ 127.319646975225254, 35.369838133519984 ], [ 127.321881693931644, 35.371017996004944 ], [ 127.325350929485907, 35.372829497392843 ], [ 127.327426615531976, 35.373853751115867 ], [ 127.328273336662377, 35.374080052733326 ], [ 127.328978758717227, 35.374143200150577 ], [ 127.329399334123892, 35.374139278109148 ], [ 127.329768533270766, 35.37416541030629 ], [ 127.330151552791733, 35.374206548643969 ], [ 127.330399752372031, 35.374245156739683 ], [ 127.330562270758108, 35.37429437699452 ], [ 127.331296615380893, 35.374729787662318 ], [ 127.333426484906653, 35.376194532899547 ], [ 127.333754931467624, 35.376420426754208 ], [ 127.334262473298523, 35.376797849587611 ], [ 127.336210443649378, 35.378048903529304 ], [ 127.337579556472576, 35.378865029543874 ], [ 127.338758167230225, 35.379463541622599 ], [ 127.3388604289661, 35.379507393601536 ], [ 127.34039670928334, 35.380166141613643 ], [ 127.344669141646776, 35.38223025012627 ], [ 127.34699773214713, 35.383404968523998 ], [ 127.347886410256621, 35.383853265490707 ], [ 127.352774906120558, 35.386426009163955 ], [ 127.354427163745299, 35.387311782926808 ], [ 127.356747002313824, 35.388570287011184 ], [ 127.368247688031005, 35.394713512718482 ], [ 127.368614012970454, 35.394455736859264 ], [ 127.370658638160094, 35.392701257670296 ], [ 127.370961150223835, 35.392420483621947 ], [ 127.37126227649334, 35.391661329199252 ], [ 127.371181411889111, 35.38966284096621 ], [ 127.370899170970446, 35.388271742305371 ], [ 127.37050947300807, 35.387278431512577 ], [ 127.370141325139826, 35.386623590216594 ], [ 127.370000085316178, 35.386215009850424 ], [ 127.369914327181789, 35.385169343370194 ], [ 127.370091469599302, 35.384811942446071 ], [ 127.372407051012559, 35.382709843805806 ], [ 127.372653791262721, 35.382656318525214 ], [ 127.372863146651312, 35.382650853866046 ], [ 127.373772329022472, 35.382722332519712 ], [ 127.37659670996824, 35.382546985880531 ], [ 127.377492925282866, 35.381336841854058 ], [ 127.377860829436472, 35.380463906437718 ], [ 127.377846897069261, 35.380184432580187 ], [ 127.377748013806496, 35.379179642437052 ], [ 127.377696138554981, 35.37894081873187 ], [ 127.377304898658522, 35.378573153261513 ], [ 127.376533451445809, 35.37785859378814 ], [ 127.375509124356881, 35.377093005862548 ], [ 127.375538150404111, 35.37697995336714 ], [ 127.375830297187207, 35.376137289933503 ], [ 127.376057656180407, 35.375895991964768 ], [ 127.38147799347135, 35.374301059120832 ], [ 127.387058423119072, 35.374867185894161 ], [ 127.389218370203011, 35.375267060501933 ], [ 127.389459306650338, 35.375400945519488 ], [ 127.390097807925031, 35.37564548492287 ], [ 127.3902755940059, 35.375655297254191 ], [ 127.39345302359547, 35.375791519269818 ], [ 127.393755452934499, 35.375718199736866 ], [ 127.394051190969691, 35.375504554754038 ], [ 127.394111055131646, 35.375395553517727 ] ] ] ] } },
{ "type": "Feature", "properties": { "OBJECTID": 2337, "adm_nm": "전북특별자치도 남원시 주생면", "adm_cd": "3505034", "adm_cd2": "4519034000", "sgg": "45190", "sido": "45", "sidonm": "전북특별자치도", "sggnm": "남원시" }, "geometry": { "type": "MultiPolygon", "coordinates": [ [ [ [ 127.34672159889908, 35.404447240883307 ], [ 127.34714955269142, 35.404265144619316 ], [ 127.347765782275673, 35.404252425525918 ], [ 127.350991475715944, 35.404445563996212 ], [ 127.354117407366701, 35.404646697603923 ], [ 127.354151241375803, 35.401594802828356 ], [ 127.356435397545027, 35.400328984149361 ], [ 127.356511776264838, 35.400122778727024 ], [ 127.35640635007168, 35.395549231720523 ], [ 127.357374801468595, 35.395647995299782 ], [ 127.35696319674112, 35.394149308767666 ], [ 127.356821820375089, 35.393539242821291 ], [ 127.356768690745469, 35.391855557886785 ], [ 127.356759257234359, 35.390427590746782 ], [ 127.35674811376181, 35.388740047708481 ], [ 127.356747002313824, 35.388570287011184 ], [ 127.354427163745299, 35.387311782926808 ], [ 127.352774906120558, 35.386426009163955 ], [ 127.347886410256621, 35.383853265490707 ], [ 127.34699773214713, 35.383404968523998 ], [ 127.344669141646776, 35.38223025012627 ], [ 127.34039670928334, 35.380166141613643 ], [ 127.3388604289661, 35.379507393601536 ], [ 127.338758167230225, 35.379463541622599 ], [ 127.337579556472576, 35.378865029543874 ], [ 127.336210443649378, 35.378048903529304 ], [ 127.334262473298523, 35.376797849587611 ], [ 127.333754931467624, 35.376420426754208 ], [ 127.333426484906653, 35.376194532899547 ], [ 127.331296615380893, 35.374729787662318 ], [ 127.330562270758108, 35.37429437699452 ], [ 127.330399752372031, 35.374245156739683 ], [ 127.330151552791733, 35.374206548643969 ], [ 127.329768533270766, 35.37416541030629 ], [ 127.329399334123892, 35.374139278109148 ], [ 127.328978758717227, 35.374143200150577 ], [ 127.328273336662377, 35.374080052733326 ], [ 127.327426615531976, 35.373853751115867 ], [ 127.325350929485907, 35.372829497392843 ], [ 127.321881693931644, 35.371017996004944 ], [ 127.319646975225254, 35.369838133519984 ], [ 127.319158093157526, 35.369554927642476 ], [ 127.318949059625695, 35.369433811957428 ], [ 127.317050528544414, 35.36829537176181 ], [ 127.316427482961089, 35.367836970084575 ], [ 127.315420974507887, 35.366869402896576 ], [ 127.311752156053743, 35.362637549320219 ], [ 127.311264976160658, 35.361754164474561 ], [ 127.310971844010069, 35.360752444225071 ], [ 127.31092522044095, 35.360564194265429 ], [ 127.310883715743856, 35.360396573914528 ], [ 127.31061724048493, 35.359301331454297 ], [ 127.310530166516216, 35.358941208288712 ], [ 127.309218768933377, 35.360736654772843 ], [ 127.308922628539264, 35.361071248125718 ], [ 127.30861402644787, 35.361395615685616 ], [ 127.308285588950056, 35.361717147623082 ], [ 127.308070191260867, 35.361899210115439 ], [ 127.307691468870246, 35.362132983057009 ], [ 127.307254508801094, 35.36229803442707 ], [ 127.307054602453903, 35.36279931747378 ], [ 127.307098898859223, 35.362961717333 ], [ 127.307423863818272, 35.36411169333352 ], [ 127.307553086055336, 35.36450227333188 ], [ 127.307743077299165, 35.364900091228421 ], [ 127.307986566832824, 35.36530649493023 ], [ 127.308717203555261, 35.366499355899123 ], [ 127.30679723980316, 35.368466126684751 ], [ 127.306539361672137, 35.368537068262356 ], [ 127.306426385222636, 35.368621314147596 ], [ 127.306371905057716, 35.36866195518828 ], [ 127.306207402664157, 35.36886877573955 ], [ 127.306057581015111, 35.369173718699102 ], [ 127.305702963361156, 35.370120441894272 ], [ 127.30569074104848, 35.370413315493664 ], [ 127.305689098854486, 35.370707616329149 ], [ 127.305919804569996, 35.372187249739476 ], [ 127.306078976382281, 35.372730093558729 ], [ 127.30605118951506, 35.3729189848152 ], [ 127.305988473822381, 35.37312706558734 ], [ 127.305865517486765, 35.373440669532194 ], [ 127.305737137287451, 35.373744118836044 ], [ 127.305559429878414, 35.37401099375883 ], [ 127.305348315322547, 35.374147713842731 ], [ 127.305018379248764, 35.37431835989981 ], [ 127.304723186139611, 35.374420121852083 ], [ 127.303783689217212, 35.374498646259561 ], [ 127.303394941413728, 35.374413620127065 ], [ 127.303280468259516, 35.374388579733775 ], [ 127.302739350819749, 35.374203993388363 ], [ 127.302401270182273, 35.374076057950738 ], [ 127.299425325151887, 35.372494745165142 ], [ 127.298967309819005, 35.371245755521279 ], [ 127.298637204999849, 35.37032514072073 ], [ 127.298460287003323, 35.370018789747377 ], [ 127.295799970124818, 35.367285917162739 ], [ 127.29532126477163, 35.366949522689801 ], [ 127.293451291416218, 35.365994709042837 ], [ 127.288483898831402, 35.365224240541181 ], [ 127.280670257190565, 35.366362537997688 ], [ 127.27856584381189, 35.366913300207891 ], [ 127.278360212465813, 35.366999487018887 ], [ 127.27820842451078, 35.367063109303793 ], [ 127.276452650689748, 35.367866043725549 ], [ 127.275807312852166, 35.368199384910191 ], [ 127.275530426152329, 35.368351797918002 ], [ 127.275383158324459, 35.368471271906948 ], [ 127.275207987009011, 35.36860597560046 ], [ 127.274518859463839, 35.368911907268668 ], [ 127.274448899261046, 35.368935317048887 ], [ 127.274172422107753, 35.369027800676456 ], [ 127.273886092548409, 35.36911095892517 ], [ 127.273811514494142, 35.369132610422042 ], [ 127.273712965963483, 35.36915654424272 ], [ 127.273422514060726, 35.369227058333863 ], [ 127.273265474141809, 35.369255089376246 ], [ 127.271986731734529, 35.369427484346851 ], [ 127.271510118741958, 35.369481637495525 ], [ 127.271237013998103, 35.369454654497638 ], [ 127.270954957105701, 35.369377516530193 ], [ 127.270041152514978, 35.369100579987929 ], [ 127.269595785038831, 35.368954114672569 ], [ 127.269150403161561, 35.368804767700446 ], [ 127.26886828663487, 35.368709495435112 ], [ 127.268550745107902, 35.36865431038489 ], [ 127.26593969191633, 35.368564420903816 ], [ 127.261520743736767, 35.369163379092385 ], [ 127.261206347014166, 35.369227510149457 ], [ 127.260593108335982, 35.369645326722853 ], [ 127.260445400052944, 35.369770394560604 ], [ 127.260301970358526, 35.369895440945491 ], [ 127.259825495537441, 35.370410385703082 ], [ 127.254480437542881, 35.37380822518346 ], [ 127.255466684589081, 35.375360118804387 ], [ 127.255602500459531, 35.375545247205352 ], [ 127.255678806804312, 35.375592224236442 ], [ 127.255946313167229, 35.375656558163882 ], [ 127.256145336804508, 35.375675954878837 ], [ 127.256359987072756, 35.375694607325791 ], [ 127.256552827937625, 35.37573935711719 ], [ 127.2567272163962, 35.375833270818127 ], [ 127.256940752179744, 35.376020740741438 ], [ 127.257076428632701, 35.376158003030461 ], [ 127.257279209790937, 35.376390019229781 ], [ 127.257371241689469, 35.376499432416907 ], [ 127.259214812477495, 35.378728979636399 ], [ 127.259805448456348, 35.379450571726608 ], [ 127.260413481040857, 35.380277395830355 ], [ 127.260353068296254, 35.380415353723308 ], [ 127.260265373816779, 35.380593176843725 ], [ 127.260106360997526, 35.380907534786942 ], [ 127.260023174027268, 35.380948901194166 ], [ 127.259829880273401, 35.381040624226841 ], [ 127.259803260722336, 35.381062804150972 ], [ 127.259750300733714, 35.381106959853859 ], [ 127.259699236664105, 35.381208647686897 ], [ 127.259609033894407, 35.381395416337867 ], [ 127.259530422315493, 35.381593231980268 ], [ 127.259464215413487, 35.38177842523195 ], [ 127.259304185246052, 35.382364517072084 ], [ 127.259493013290651, 35.385225444952177 ], [ 127.259506765967586, 35.385326169696931 ], [ 127.259850106915579, 35.386864004623845 ], [ 127.261132183477216, 35.391213880743024 ], [ 127.263261338301902, 35.394308374730635 ], [ 127.263442402859809, 35.394474900533133 ], [ 127.263568373083473, 35.394559085683987 ], [ 127.263655048831438, 35.394607112999331 ], [ 127.264804070360626, 35.395173080286405 ], [ 127.2650040815073, 35.395239432115915 ], [ 127.265153465021584, 35.395277944035811 ], [ 127.265375106593041, 35.395335068000541 ], [ 127.265648056200675, 35.395375847115282 ], [ 127.265730053980988, 35.39538809050628 ], [ 127.265862645752549, 35.395407277484587 ], [ 127.266043188307378, 35.395415253695987 ], [ 127.2662335251446, 35.395406354663784 ], [ 127.266301197108874, 35.395411915526971 ], [ 127.266374417663584, 35.395453475041833 ], [ 127.266450508032136, 35.395527485307788 ], [ 127.267437467124751, 35.396946588186374 ], [ 127.267518442013113, 35.397066470345962 ], [ 127.267552336444325, 35.397166553794023 ], [ 127.267539817343589, 35.397240390119734 ], [ 127.267498582762585, 35.39735493173378 ], [ 127.267055143413273, 35.398581259881333 ], [ 127.266895327474117, 35.399025225740239 ], [ 127.267085483084244, 35.39984501146067 ], [ 127.269114782520987, 35.402565292298043 ], [ 127.269258265434601, 35.402678374051767 ], [ 127.270639207254163, 35.403618445420783 ], [ 127.271377700684994, 35.404094126272 ], [ 127.271746988530367, 35.404309349099748 ], [ 127.275665367330362, 35.400952659270402 ], [ 127.275877872136874, 35.400802650453798 ], [ 127.281014908587537, 35.398368411099099 ], [ 127.281615631878452, 35.398188190046938 ], [ 127.282465141210466, 35.398007315103847 ], [ 127.283071352353659, 35.397882697131273 ], [ 127.283625804639428, 35.397787569426818 ], [ 127.284178518992377, 35.397695337683771 ], [ 127.285582933841596, 35.397548372954496 ], [ 127.28617702178488, 35.397552831614554 ], [ 127.286426902037206, 35.397576193521765 ], [ 127.287217153372666, 35.397650073434832 ], [ 127.288144371894845, 35.397723527527646 ], [ 127.288439902141491, 35.397746936467549 ], [ 127.288975058823297, 35.397766125258798 ], [ 127.289393747406194, 35.397753403716003 ], [ 127.289575801333982, 35.397720050330392 ], [ 127.289984776286005, 35.39764510091684 ], [ 127.290139582582981, 35.397616700941889 ], [ 127.290704427543545, 35.39741012340118 ], [ 127.292727504527818, 35.396639779967906 ], [ 127.294412571355977, 35.395946558235643 ], [ 127.294566283191912, 35.39584371315626 ], [ 127.29489639469945, 35.395622807149934 ], [ 127.295136322214049, 35.395407601057428 ], [ 127.295260326688492, 35.395296363229086 ], [ 127.295958796790643, 35.394634310877791 ], [ 127.296497966494854, 35.394108569567344 ], [ 127.296746051561684, 35.393923197132516 ], [ 127.297235812835993, 35.393754795779692 ], [ 127.297890663427239, 35.393553741955728 ], [ 127.302845624723531, 35.392097846030026 ], [ 127.303045485881839, 35.392062193933441 ], [ 127.303399527435204, 35.392045013736052 ], [ 127.303779482058147, 35.392106045176753 ], [ 127.303968275015023, 35.392168759012137 ], [ 127.305908774227333, 35.393333702768153 ], [ 127.305991914446111, 35.393430650097073 ], [ 127.306038409149735, 35.393645783538638 ], [ 127.305977144035836, 35.394067113180419 ], [ 127.305896306689391, 35.394583239574416 ], [ 127.308339064484571, 35.39560535592674 ], [ 127.308638427813406, 35.39547940636195 ], [ 127.312725383543096, 35.394076773501205 ], [ 127.312828096636252, 35.394051999321654 ], [ 127.313410695860426, 35.394050496666452 ], [ 127.313950524755356, 35.394087665283678 ], [ 127.314296168861745, 35.394121837113872 ], [ 127.31965474421348, 35.395679093152559 ], [ 127.321178413568532, 35.397394571317221 ], [ 127.321191426988335, 35.398174543980161 ], [ 127.321114000475305, 35.398686638642111 ], [ 127.32111531514434, 35.399019776463177 ], [ 127.321374338447512, 35.399230333982224 ], [ 127.324947641326858, 35.400648333701568 ], [ 127.325087444960346, 35.40070320525318 ], [ 127.325303023881972, 35.400742089406918 ], [ 127.325410730659627, 35.400744751801412 ], [ 127.325517379210126, 35.400747376504043 ], [ 127.325556433212469, 35.400735691191848 ], [ 127.325656795583782, 35.400705648637157 ], [ 127.327908147234922, 35.400533915255458 ], [ 127.331195015668669, 35.400524084651188 ], [ 127.331297499641124, 35.400525418040985 ], [ 127.331607617642504, 35.400529462882702 ], [ 127.333138262192776, 35.400783726340549 ], [ 127.335555758053204, 35.401313162756978 ], [ 127.336126849731386, 35.401445848763615 ], [ 127.336475789452621, 35.401528328799834 ], [ 127.336657169770731, 35.401625415858611 ], [ 127.336900081871974, 35.401799242320735 ], [ 127.337252358175405, 35.402044670454138 ], [ 127.33778470690315, 35.402357125355117 ], [ 127.339747793523543, 35.403405291987255 ], [ 127.339955780620684, 35.40349347008528 ], [ 127.340321772716621, 35.403616025162016 ], [ 127.340612804487307, 35.403685959925994 ], [ 127.345755820352537, 35.404766732842901 ], [ 127.346295761338411, 35.404666878974091 ], [ 127.34672159889908, 35.404447240883307 ] ] ] ] } },
{ "type": "Feature", "properties": { "OBJECTID": 2338, "adm_nm": "전북특별자치도 남원시 금지면", "adm_cd": "3505035", "adm_cd2": "4519035000", "sgg": "45190", "sido": "45", "sidonm": "전북특별자치도", "sggnm": "남원시" }, "geometry": { "type": "MultiPolygon", "coordinates": [ [ [ [ 127.310530166516216, 35.358941208288712 ], [ 127.310068886980631, 35.357510203406207 ], [ 127.307971213856305, 35.351635149268759 ], [ 127.307257884066971, 35.350003756311082 ], [ 127.306502957302186, 35.348826634150434 ], [ 127.304526839782866, 35.343113819433455 ], [ 127.304286586721034, 35.342405700415384 ], [ 127.304132968420348, 35.341771461572918 ], [ 127.303966648375365, 35.340915080984693 ], [ 127.303831651334548, 35.339994087869009 ], [ 127.303739632429483, 35.339031166148516 ], [ 127.303700444818759, 35.338502118672402 ], [ 127.303671411207887, 35.338110011359561 ], [ 127.303685468180007, 35.337662185409542 ], [ 127.303717225403275, 35.337240110735017 ], [ 127.303874061248294, 35.336614830774039 ], [ 127.305259211558209, 35.333025988583593 ], [ 127.305557143368375, 35.33234229517447 ], [ 127.305907954214618, 35.33162630695621 ], [ 127.30651274465977, 35.330532734598869 ], [ 127.306971718586567, 35.329832509988506 ], [ 127.307389969956688, 35.329299939951646 ], [ 127.307617137217179, 35.329109365361298 ], [ 127.307875617742994, 35.328908986393834 ], [ 127.308138339672212, 35.328785916676821 ], [ 127.308448290180792, 35.328675611653885 ], [ 127.308694579646442, 35.328625052319111 ], [ 127.309082378149427, 35.328593423454095 ], [ 127.309445402879376, 35.328529683768821 ], [ 127.309687693869833, 35.328442074536355 ], [ 127.309885556582515, 35.328325573231453 ], [ 127.310034451153442, 35.328202792822303 ], [ 127.311135073797217, 35.326566243348807 ], [ 127.311212649934546, 35.326403799924186 ], [ 127.311322658947432, 35.32606570659631 ], [ 127.311755023235847, 35.324693147435667 ], [ 127.311831001985922, 35.324429134243211 ], [ 127.31184616648541, 35.324310393900312 ], [ 127.311841958531929, 35.32424658166849 ], [ 127.311806307806364, 35.324126975961498 ], [ 127.311386160866732, 35.323366523051284 ], [ 127.311351475247704, 35.323306955311139 ], [ 127.311149919170902, 35.322960720065993 ], [ 127.311094319007765, 35.32283017246386 ], [ 127.311056656085228, 35.322702284008734 ], [ 127.311045256018829, 35.322624617681761 ], [ 127.311221443867566, 35.31956866651943 ], [ 127.311257037136187, 35.319068350838542 ], [ 127.311270217444246, 35.31900944925286 ], [ 127.311346992970371, 35.318809516308555 ], [ 127.311914456386447, 35.317605428200928 ], [ 127.312465075536409, 35.316517109464755 ], [ 127.313153391821004, 35.315178387193448 ], [ 127.313290622031161, 35.314916558306784 ], [ 127.313485972826655, 35.314557423156735 ], [ 127.313685665426831, 35.31424513113717 ], [ 127.313911475331139, 35.313941708368091 ], [ 127.320540225038172, 35.306221565890432 ], [ 127.321396082173649, 35.305743397840835 ], [ 127.319697416563827, 35.305346884331101 ], [ 127.308558698276144, 35.30312866467915 ], [ 127.308510481322145, 35.303123050120995 ], [ 127.307276253806265, 35.303081768426274 ], [ 127.306491633732151, 35.303058265284875 ], [ 127.306390485365696, 35.303055557010481 ], [ 127.306268914287813, 35.303056140496757 ], [ 127.305930349543885, 35.303070939167171 ], [ 127.305840490036715, 35.303081049041062 ], [ 127.305657892737656, 35.303101593082751 ], [ 127.305427057364952, 35.303157559973087 ], [ 127.30524074436336, 35.303238163064158 ], [ 127.305088214135509, 35.303348787320743 ], [ 127.304977190879541, 35.303458088805947 ], [ 127.304942552885706, 35.303501476714921 ], [ 127.304899513693627, 35.303567223069159 ], [ 127.304859355135676, 35.303630244618013 ], [ 127.304835408764049, 35.303675811113592 ], [ 127.304802592238488, 35.303769525636255 ], [ 127.304793007406786, 35.303802447358187 ], [ 127.304780813921084, 35.303844346673245 ], [ 127.30476614526701, 35.303902841332956 ], [ 127.30474919807601, 35.303985816994427 ], [ 127.304726720995575, 35.304121144370733 ], [ 127.304711434525771, 35.304260476065508 ], [ 127.304694846985512, 35.304418935156214 ], [ 127.304654823546414, 35.304646074715713 ], [ 127.304597608406141, 35.304879219731738 ], [ 127.304547007838394, 35.305051201577456 ], [ 127.304488960590291, 35.305231279417029 ], [ 127.304444175571618, 35.305358731293509 ], [ 127.304412773032269, 35.305438957682142 ], [ 127.304378800301578, 35.305508463237089 ], [ 127.3043363211208, 35.305574437500042 ], [ 127.304284613325052, 35.305639399536062 ], [ 127.304198165594258, 35.305733762842337 ], [ 127.301881892718185, 35.308170939112081 ], [ 127.301806865636919, 35.308248474779347 ], [ 127.301766596087205, 35.308286517171226 ], [ 127.301717423540126, 35.308328852355992 ], [ 127.301683411387359, 35.308352669898284 ], [ 127.301589067976849, 35.308408934291634 ], [ 127.301496373790428, 35.308456914728204 ], [ 127.297915941303529, 35.310266165794665 ], [ 127.296998905879633, 35.310725741876531 ], [ 127.292462308952352, 35.312996816606343 ], [ 127.292247286925601, 35.313101573362047 ], [ 127.292012854659632, 35.313202868103431 ], [ 127.291802381276895, 35.313284074190413 ], [ 127.291559195500867, 35.313368725712344 ], [ 127.291315804250715, 35.313446234059136 ], [ 127.291130035939361, 35.313500177363146 ], [ 127.289452661492334, 35.313933393270069 ], [ 127.289192971264001, 35.313998488674166 ], [ 127.289160002713757, 35.314006559077576 ], [ 127.289048777057616, 35.314033769421648 ], [ 127.288938825808529, 35.314059909771792 ], [ 127.288712129755581, 35.314112727433944 ], [ 127.288541817514542, 35.314150279294488 ], [ 127.288417316454201, 35.314174618287701 ], [ 127.28833278347048, 35.314186830789282 ], [ 127.288207256659319, 35.314197378144925 ], [ 127.288156377505075, 35.314199490060595 ], [ 127.288090658747635, 35.314202211645977 ], [ 127.287871669516434, 35.314205109860985 ], [ 127.287649316591668, 35.314202806204648 ], [ 127.287451241833651, 35.314194931762572 ], [ 127.287302999267709, 35.314181901299257 ], [ 127.280151085443606, 35.313450027241785 ], [ 127.271825349359943, 35.313044087155554 ], [ 127.271419656318557, 35.313024991321193 ], [ 127.271198071677901, 35.313017625611174 ], [ 127.271148007623566, 35.313015963730003 ], [ 127.271058528212635, 35.313016549978833 ], [ 127.269703272208787, 35.313102268754101 ], [ 127.268387445435749, 35.313195760958699 ], [ 127.268305371740794, 35.313206685565035 ], [ 127.268179080740566, 35.313235250877298 ], [ 127.267562725998317, 35.313398940848217 ], [ 127.267417223751849, 35.313444034373937 ], [ 127.267143427554075, 35.313532991663052 ], [ 127.266955198828526, 35.313589580111213 ], [ 127.266875052954006, 35.313611634375235 ], [ 127.266823988836464, 35.313622557337993 ], [ 127.266778134623721, 35.313632354191718 ], [ 127.266701041198516, 35.31364413039686 ], [ 127.266552051184902, 35.313666876658253 ], [ 127.26636957606091, 35.313689874541573 ], [ 127.266264823794813, 35.313700661970174 ], [ 127.266221889550096, 35.313703799829717 ], [ 127.266064067149102, 35.313715321248239 ], [ 127.265808893807559, 35.313726902832464 ], [ 127.265653558490953, 35.313731213169319 ], [ 127.265552803378327, 35.313732609361452 ], [ 127.265407533920254, 35.313730781223079 ], [ 127.265306578009586, 35.313726285146352 ], [ 127.265181085836588, 35.313716470935816 ], [ 127.265132532594833, 35.313711522819759 ], [ 127.264969220777289, 35.313694848772968 ], [ 127.264892292521907, 35.313685932953611 ], [ 127.264854184189062, 35.313681505473376 ], [ 127.264800286647841, 35.313674706472426 ], [ 127.264745243262468, 35.313667758242033 ], [ 127.264657337923538, 35.313654084314372 ], [ 127.2645940650862, 35.313640601646874 ], [ 127.264523785135282, 35.313618636583669 ], [ 127.264420334293035, 35.313574353033829 ], [ 127.264361689677671, 35.313546049987494 ], [ 127.264322302068109, 35.31352644612582 ], [ 127.264084961427216, 35.313402386211102 ], [ 127.263769104575047, 35.313228408833361 ], [ 127.262834442359747, 35.312696775879445 ], [ 127.262144177017035, 35.312301382147147 ], [ 127.261984666277513, 35.312209912341935 ], [ 127.261824594764263, 35.312118477288969 ], [ 127.261671899395353, 35.312034582107437 ], [ 127.261505054919013, 35.311949347763878 ], [ 127.261382041695612, 35.311891008883144 ], [ 127.261174475182614, 35.311798541477238 ], [ 127.261036869728756, 35.311739984069334 ], [ 127.260944610287112, 35.311702585161328 ], [ 127.260914846642208, 35.311690809694376 ], [ 127.260852956174588, 35.311668103461827 ], [ 127.260787808931184, 35.311647859596398 ], [ 127.260736923007642, 35.311636518396206 ], [ 127.260674273096868, 35.311628919372062 ], [ 127.260576310070661, 35.311625525341348 ], [ 127.260439290010822, 35.311630583900509 ], [ 127.260288622512789, 35.311641658412682 ], [ 127.260159506469861, 35.311652994594347 ], [ 127.259973947365907, 35.311672259034474 ], [ 127.259892208110216, 35.311682947764112 ], [ 127.259784953178027, 35.311701408862341 ], [ 127.25954217539433, 35.311751220202893 ], [ 127.259361242307321, 35.311791065071858 ], [ 127.259187029783078, 35.311831115113847 ], [ 127.258862851124832, 35.311912150061914 ], [ 127.258454537710719, 35.312025542956668 ], [ 127.257914357391059, 35.312188157376376 ], [ 127.257335129665591, 35.312374940304764 ], [ 127.257148255236203, 35.312437479116113 ], [ 127.25706393304894, 35.312466175704763 ], [ 127.256887925702557, 35.312529100227565 ], [ 127.256828228913577, 35.312553555891391 ], [ 127.25675757017784, 35.312586377041669 ], [ 127.25644488691519, 35.312732863699409 ], [ 127.256401548823604, 35.312756269162151 ], [ 127.252742490130984, 35.31483410084212 ], [ 127.252665064936238, 35.314878295949114 ], [ 127.252496732473034, 35.314981525555858 ], [ 127.252283811503816, 35.315120076736818 ], [ 127.25220966128704, 35.315174207716076 ], [ 127.252141047874417, 35.315231916199295 ], [ 127.25203946413842, 35.315326067544333 ], [ 127.251971596640715, 35.315392688002106 ], [ 127.251936522975058, 35.31542911483848 ], [ 127.251871354803512, 35.315505153562626 ], [ 127.251589088324891, 35.315868898187247 ], [ 127.251416894719114, 35.316098194119228 ], [ 127.251383621437455, 35.316146826216603 ], [ 127.251356375675755, 35.316195449959515 ], [ 127.251329415717663, 35.316257074910055 ], [ 127.251307466984613, 35.316320780450027 ], [ 127.251275494919071, 35.316494113178713 ], [ 127.251202034059887, 35.316960108142389 ], [ 127.252635849301868, 35.317294315024775 ], [ 127.252683292834149, 35.317309722834501 ], [ 127.252724706630076, 35.317334867411191 ], [ 127.252821688525827, 35.317437965214147 ], [ 127.252916696473591, 35.317540521494948 ], [ 127.253650642771703, 35.318752627851424 ], [ 127.253804127746719, 35.31909138762164 ], [ 127.255527582033281, 35.323416943057559 ], [ 127.256269345716603, 35.326526129008855 ], [ 127.256229564162467, 35.326743706611985 ], [ 127.256228173323507, 35.326896212503911 ], [ 127.256237584434146, 35.326989116644626 ], [ 127.256308189182064, 35.32719888628511 ], [ 127.256404587448529, 35.32746087797937 ], [ 127.25655115436517, 35.327835159202998 ], [ 127.257485147119027, 35.330106965721079 ], [ 127.25758092686371, 35.330308031389841 ], [ 127.258245748776133, 35.331339457507383 ], [ 127.258927608547211, 35.332394987172783 ], [ 127.259042826973371, 35.332550664944648 ], [ 127.259175128642156, 35.332756781210307 ], [ 127.259285190266809, 35.33295195880514 ], [ 127.259368400061149, 35.333142148794366 ], [ 127.259497276547648, 35.333512228720977 ], [ 127.259551858098035, 35.33369435278788 ], [ 127.259995728233548, 35.336683458551583 ], [ 127.257614307304692, 35.337333428899619 ], [ 127.256186324146412, 35.337537796640689 ], [ 127.25575050272289, 35.337534300177126 ], [ 127.255317454216296, 35.337533772515123 ], [ 127.255109016446852, 35.337535646162777 ], [ 127.255021299571183, 35.337623612349134 ], [ 127.254637853705361, 35.338046791789445 ], [ 127.254514660744192, 35.338225687848755 ], [ 127.253896787268687, 35.339491098031296 ], [ 127.252737060149201, 35.34343075075676 ], [ 127.253201890973472, 35.344763388675055 ], [ 127.253598241368863, 35.346711136717708 ], [ 127.253792978690058, 35.348026739743929 ], [ 127.253823294206825, 35.349178837729681 ], [ 127.253781646294954, 35.349265288022579 ], [ 127.253689641325977, 35.349396529000387 ], [ 127.253651423442079, 35.349450779697271 ], [ 127.252735544500069, 35.350577707203627 ], [ 127.251259699340636, 35.352147181287322 ], [ 127.249537602067548, 35.353254851770956 ], [ 127.249141810938639, 35.353522171503222 ], [ 127.249037798740844, 35.353616854694941 ], [ 127.246651294351906, 35.356129373402602 ], [ 127.246764849909383, 35.356494726524907 ], [ 127.246864258350016, 35.356731750507535 ], [ 127.247108447309003, 35.357221119051303 ], [ 127.247423466459523, 35.360895520328185 ], [ 127.247552308943014, 35.365427661569775 ], [ 127.24725797811071, 35.367500016603806 ], [ 127.247274569935612, 35.367598776949094 ], [ 127.24737313749084, 35.367847605031905 ], [ 127.247614711290424, 35.368368256579693 ], [ 127.247744685542969, 35.368518963498765 ], [ 127.247911395204923, 35.368675939694057 ], [ 127.24881398596952, 35.369225135509474 ], [ 127.24896025404864, 35.369307566835523 ], [ 127.24916077063213, 35.36931419223081 ], [ 127.24937691069573, 35.36932140693866 ], [ 127.249519972408805, 35.369358706953605 ], [ 127.250805983572647, 35.370071970145901 ], [ 127.251519185073576, 35.370509984674662 ], [ 127.251625195894604, 35.370593760056572 ], [ 127.253547912562055, 35.372640096481959 ], [ 127.254193696697826, 35.373363499827612 ], [ 127.254326377715401, 35.373563846493958 ], [ 127.254480437542881, 35.37380822518346 ], [ 127.259825495537441, 35.370410385703082 ], [ 127.260301970358526, 35.369895440945491 ], [ 127.260445400052944, 35.369770394560604 ], [ 127.260593108335982, 35.369645326722853 ], [ 127.261206347014166, 35.369227510149457 ], [ 127.261520743736767, 35.369163379092385 ], [ 127.26593969191633, 35.368564420903816 ], [ 127.268550745107902, 35.36865431038489 ], [ 127.26886828663487, 35.368709495435112 ], [ 127.269150403161561, 35.368804767700446 ], [ 127.269595785038831, 35.368954114672569 ], [ 127.270041152514978, 35.369100579987929 ], [ 127.270954957105701, 35.369377516530193 ], [ 127.271237013998103, 35.369454654497638 ], [ 127.271510118741958, 35.369481637495525 ], [ 127.271986731734529, 35.369427484346851 ], [ 127.273265474141809, 35.369255089376246 ], [ 127.273422514060726, 35.369227058333863 ], [ 127.273712965963483, 35.36915654424272 ], [ 127.273811514494142, 35.369132610422042 ], [ 127.273886092548409, 35.36911095892517 ], [ 127.274172422107753, 35.369027800676456 ], [ 127.274448899261046, 35.368935317048887 ], [ 127.274518859463839, 35.368911907268668 ], [ 127.275207987009011, 35.36860597560046 ], [ 127.275383158324459, 35.368471271906948 ], [ 127.275530426152329, 35.368351797918002 ], [ 127.275807312852166, 35.368199384910191 ], [ 127.276452650689748, 35.367866043725549 ], [ 127.27820842451078, 35.367063109303793 ], [ 127.278360212465813, 35.366999487018887 ], [ 127.27856584381189, 35.366913300207891 ], [ 127.280670257190565, 35.366362537997688 ], [ 127.288483898831402, 35.365224240541181 ], [ 127.293451291416218, 35.365994709042837 ], [ 127.29532126477163, 35.366949522689801 ], [ 127.295799970124818, 35.367285917162739 ], [ 127.298460287003323, 35.370018789747377 ], [ 127.298637204999849, 35.37032514072073 ], [ 127.298967309819005, 35.371245755521279 ], [ 127.299425325151887, 35.372494745165142 ], [ 127.302401270182273, 35.374076057950738 ], [ 127.302739350819749, 35.374203993388363 ], [ 127.303280468259516, 35.374388579733775 ], [ 127.303394941413728, 35.374413620127065 ], [ 127.303783689217212, 35.374498646259561 ], [ 127.304723186139611, 35.374420121852083 ], [ 127.305018379248764, 35.37431835989981 ], [ 127.305348315322547, 35.374147713842731 ], [ 127.305559429878414, 35.37401099375883 ], [ 127.305737137287451, 35.373744118836044 ], [ 127.305865517486765, 35.373440669532194 ], [ 127.305988473822381, 35.37312706558734 ], [ 127.30605118951506, 35.3729189848152 ], [ 127.306078976382281, 35.372730093558729 ], [ 127.305919804569996, 35.372187249739476 ], [ 127.305689098854486, 35.370707616329149 ], [ 127.30569074104848, 35.370413315493664 ], [ 127.305702963361156, 35.370120441894272 ], [ 127.306057581015111, 35.369173718699102 ], [ 127.306207402664157, 35.36886877573955 ], [ 127.306371905057716, 35.36866195518828 ], [ 127.306426385222636, 35.368621314147596 ], [ 127.306539361672137, 35.368537068262356 ], [ 127.30679723980316, 35.368466126684751 ], [ 127.308717203555261, 35.366499355899123 ], [ 127.307986566832824, 35.36530649493023 ], [ 127.307743077299165, 35.364900091228421 ], [ 127.307553086055336, 35.36450227333188 ], [ 127.307423863818272, 35.36411169333352 ], [ 127.307098898859223, 35.362961717333 ], [ 127.307054602453903, 35.36279931747378 ], [ 127.307254508801094, 35.36229803442707 ], [ 127.307691468870246, 35.362132983057009 ], [ 127.308070191260867, 35.361899210115439 ], [ 127.308285588950056, 35.361717147623082 ], [ 127.30861402644787, 35.361395615685616 ], [ 127.308922628539264, 35.361071248125718 ], [ 127.309218768933377, 35.360736654772843 ], [ 127.310530166516216, 35.358941208288712 ] ] ] ] } },
{ "type": "Feature", "properties": { "OBJECTID": 2339, "adm_nm": "전북특별자치도 남원시 대강면", "adm_cd": "3505036", "adm_cd2": "4519036000", "sgg": "45190", "sido": "45", "sidonm": "전북특별자치도", "sggnm": "남원시" }, "geometry": { "type": "MultiPolygon", "coordinates": [ [ [ [ 127.275693037247393, 35.421149164560802 ], [ 127.277687508670269, 35.41887347858323 ], [ 127.277794037533297, 35.418697118584923 ], [ 127.277803841399219, 35.418598666013111 ], [ 127.277651635295797, 35.416845794887514 ], [ 127.276653429416399, 35.414900416418533 ], [ 127.27658219791752, 35.41480396361024 ], [ 127.276463058484268, 35.414672548723665 ], [ 127.276257034503203, 35.4145348431733 ], [ 127.275514032094634, 35.414129226876497 ], [ 127.275188822139668, 35.414040915565209 ], [ 127.274887651648186, 35.413994278755929 ], [ 127.274564582201052, 35.413951742641601 ], [ 127.273958592978033, 35.4139506893845 ], [ 127.273444379184866, 35.413968976794195 ], [ 127.273073860773223, 35.41402532509958 ], [ 127.272578181277069, 35.414119716582057 ], [ 127.271773815480216, 35.414224736412933 ], [ 127.271619236319196, 35.41422508080386 ], [ 127.271287858451601, 35.414196162635072 ], [ 127.270956574640337, 35.414165618908427 ], [ 127.270647121284, 35.414111524175389 ], [ 127.27047414606109, 35.414042318050029 ], [ 127.270384954706913, 35.41393931191655 ], [ 127.27030122890973, 35.413728413865556 ], [ 127.270145158810323, 35.413309659858619 ], [ 127.270093972738181, 35.41311661371445 ], [ 127.270087843020988, 35.41305349345464 ], [ 127.270085090646376, 35.413025150212221 ], [ 127.270394933066001, 35.409752057353671 ], [ 127.271634151478892, 35.406982893988044 ], [ 127.271849387575102, 35.406821252403986 ], [ 127.271997805758701, 35.406693493932174 ], [ 127.272334784039359, 35.405838921002761 ], [ 127.272344131985818, 35.405767693178504 ], [ 127.272314179473852, 35.405666893678301 ], [ 127.271746988530367, 35.404309349099748 ], [ 127.271377700684994, 35.404094126272 ], [ 127.270639207254163, 35.403618445420783 ], [ 127.269258265434601, 35.402678374051767 ], [ 127.269114782520987, 35.402565292298043 ], [ 127.267085483084244, 35.39984501146067 ], [ 127.266895327474117, 35.399025225740239 ], [ 127.267055143413273, 35.398581259881333 ], [ 127.267498582762585, 35.39735493173378 ], [ 127.267539817343589, 35.397240390119734 ], [ 127.267552336444325, 35.397166553794023 ], [ 127.267518442013113, 35.397066470345962 ], [ 127.267437467124751, 35.396946588186374 ], [ 127.266450508032136, 35.395527485307788 ], [ 127.266374417663584, 35.395453475041833 ], [ 127.266301197108874, 35.395411915526971 ], [ 127.2662335251446, 35.395406354663784 ], [ 127.266043188307378, 35.395415253695987 ], [ 127.265862645752549, 35.395407277484587 ], [ 127.265730053980988, 35.39538809050628 ], [ 127.265648056200675, 35.395375847115282 ], [ 127.265375106593041, 35.395335068000541 ], [ 127.265153465021584, 35.395277944035811 ], [ 127.2650040815073, 35.395239432115915 ], [ 127.264804070360626, 35.395173080286405 ], [ 127.263655048831438, 35.394607112999331 ], [ 127.263568373083473, 35.394559085683987 ], [ 127.263442402859809, 35.394474900533133 ], [ 127.263261338301902, 35.394308374730635 ], [ 127.261132183477216, 35.391213880743024 ], [ 127.259850106915579, 35.386864004623845 ], [ 127.259506765967586, 35.385326169696931 ], [ 127.259493013290651, 35.385225444952177 ], [ 127.259304185246052, 35.382364517072084 ], [ 127.259464215413487, 35.38177842523195 ], [ 127.259530422315493, 35.381593231980268 ], [ 127.259609033894407, 35.381395416337867 ], [ 127.259699236664105, 35.381208647686897 ], [ 127.259750300733714, 35.381106959853859 ], [ 127.259803260722336, 35.381062804150972 ], [ 127.259829880273401, 35.381040624226841 ], [ 127.260023174027268, 35.380948901194166 ], [ 127.260106360997526, 35.380907534786942 ], [ 127.260265373816779, 35.380593176843725 ], [ 127.260353068296254, 35.380415353723308 ], [ 127.260413481040857, 35.380277395830355 ], [ 127.259805448456348, 35.379450571726608 ], [ 127.259214812477495, 35.378728979636399 ], [ 127.257371241689469, 35.376499432416907 ], [ 127.257279209790937, 35.376390019229781 ], [ 127.257076428632701, 35.376158003030461 ], [ 127.256940752179744, 35.376020740741438 ], [ 127.2567272163962, 35.375833270818127 ], [ 127.256552827937625, 35.37573935711719 ], [ 127.256359987072756, 35.375694607325791 ], [ 127.256145336804508, 35.375675954878837 ], [ 127.255946313167229, 35.375656558163882 ], [ 127.255678806804312, 35.375592224236442 ], [ 127.255602500459531, 35.375545247205352 ], [ 127.255466684589081, 35.375360118804387 ], [ 127.254480437542881, 35.37380822518346 ], [ 127.254326377715401, 35.373563846493958 ], [ 127.254193696697826, 35.373363499827612 ], [ 127.253547912562055, 35.372640096481959 ], [ 127.251625195894604, 35.370593760056572 ], [ 127.251519185073576, 35.370509984674662 ], [ 127.250805983572647, 35.370071970145901 ], [ 127.249519972408805, 35.369358706953605 ], [ 127.24937691069573, 35.36932140693866 ], [ 127.24916077063213, 35.36931419223081 ], [ 127.24896025404864, 35.369307566835523 ], [ 127.24881398596952, 35.369225135509474 ], [ 127.247911395204923, 35.368675939694057 ], [ 127.247744685542969, 35.368518963498765 ], [ 127.247614711290424, 35.368368256579693 ], [ 127.24737313749084, 35.367847605031905 ], [ 127.247274569935612, 35.367598776949094 ], [ 127.24725797811071, 35.367500016603806 ], [ 127.247552308943014, 35.365427661569775 ], [ 127.247423466459523, 35.360895520328185 ], [ 127.247108447309003, 35.357221119051303 ], [ 127.246864258350016, 35.356731750507535 ], [ 127.246764849909383, 35.356494726524907 ], [ 127.246651294351906, 35.356129373402602 ], [ 127.249037798740844, 35.353616854694941 ], [ 127.249141810938639, 35.353522171503222 ], [ 127.249537602067548, 35.353254851770956 ], [ 127.251259699340636, 35.352147181287322 ], [ 127.252735544500069, 35.350577707203627 ], [ 127.253651423442079, 35.349450779697271 ], [ 127.253689641325977, 35.349396529000387 ], [ 127.253781646294954, 35.349265288022579 ], [ 127.253823294206825, 35.349178837729681 ], [ 127.253792978690058, 35.348026739743929 ], [ 127.253598241368863, 35.346711136717708 ], [ 127.253201890973472, 35.344763388675055 ], [ 127.252737060149201, 35.34343075075676 ], [ 127.253896787268687, 35.339491098031296 ], [ 127.254514660744192, 35.338225687848755 ], [ 127.254637853705361, 35.338046791789445 ], [ 127.255021299571183, 35.337623612349134 ], [ 127.255109016446852, 35.337535646162777 ], [ 127.255317454216296, 35.337533772515123 ], [ 127.25575050272289, 35.337534300177126 ], [ 127.256186324146412, 35.337537796640689 ], [ 127.257614307304692, 35.337333428899619 ], [ 127.259995728233548, 35.336683458551583 ], [ 127.259551858098035, 35.33369435278788 ], [ 127.259497276547648, 35.333512228720977 ], [ 127.259368400061149, 35.333142148794366 ], [ 127.259285190266809, 35.33295195880514 ], [ 127.259175128642156, 35.332756781210307 ], [ 127.259042826973371, 35.332550664944648 ], [ 127.258927608547211, 35.332394987172783 ], [ 127.258245748776133, 35.331339457507383 ], [ 127.25758092686371, 35.330308031389841 ], [ 127.257485147119027, 35.330106965721079 ], [ 127.25655115436517, 35.327835159202998 ], [ 127.256404587448529, 35.32746087797937 ], [ 127.256308189182064, 35.32719888628511 ], [ 127.256237584434146, 35.326989116644626 ], [ 127.256228173323507, 35.326896212503911 ], [ 127.256229564162467, 35.326743706611985 ], [ 127.256269345716603, 35.326526129008855 ], [ 127.255527582033281, 35.323416943057559 ], [ 127.253804127746719, 35.31909138762164 ], [ 127.253650642771703, 35.318752627851424 ], [ 127.252916696473591, 35.317540521494948 ], [ 127.252821688525827, 35.317437965214147 ], [ 127.252724706630076, 35.317334867411191 ], [ 127.252683292834149, 35.317309722834501 ], [ 127.252635849301868, 35.317294315024775 ], [ 127.251202034059887, 35.316960108142389 ], [ 127.25114560969989, 35.317387088424738 ], [ 127.251073706203513, 35.31760571392541 ], [ 127.250990319456434, 35.317811296169154 ], [ 127.250901463854206, 35.317954335511672 ], [ 127.250879729300564, 35.317987042963082 ], [ 127.250791456063524, 35.318119787878942 ], [ 127.250688279897076, 35.318249695929538 ], [ 127.250547418322171, 35.318402042346825 ], [ 127.250454736932269, 35.318484641030977 ], [ 127.250374474859441, 35.318556162726097 ], [ 127.250047771059798, 35.318779460451239 ], [ 127.249394893932703, 35.319181810913108 ], [ 127.249135329484773, 35.319334336080608 ], [ 127.248884330087691, 35.319481821775021 ], [ 127.248253549442481, 35.319846525609044 ], [ 127.247538323074821, 35.320290452059105 ], [ 127.246054990911119, 35.321308809382266 ], [ 127.241972813955968, 35.324223409696543 ], [ 127.241111619795831, 35.324946182568993 ], [ 127.237412378455289, 35.328136545688253 ], [ 127.237371441017373, 35.328154057799793 ], [ 127.235714552541452, 35.329146749321588 ], [ 127.235029925127392, 35.32973277157685 ], [ 127.234595528266084, 35.33035921315436 ], [ 127.234439008295084, 35.330817116354986 ], [ 127.234304469736173, 35.331264624232787 ], [ 127.234232576885361, 35.331551741520649 ], [ 127.234151806509615, 35.332151909192753 ], [ 127.234043124397814, 35.33283785004889 ], [ 127.232806410477096, 35.334534628757261 ], [ 127.232733534882371, 35.334629763784449 ], [ 127.232668980574033, 35.334692672697699 ], [ 127.23259488401311, 35.33476486592032 ], [ 127.232480916598917, 35.334863770031873 ], [ 127.23238784309693, 35.334944535885562 ], [ 127.232172068457047, 35.335071586903695 ], [ 127.231791720187175, 35.335269611607174 ], [ 127.231704017483395, 35.33529446777834 ], [ 127.231658609863416, 35.335299668940195 ], [ 127.231601430430445, 35.335306202798812 ], [ 127.231167000329634, 35.335282336386818 ], [ 127.230378097266168, 35.33550131793703 ], [ 127.226056333682422, 35.336369649487068 ], [ 127.225475288266537, 35.336469431678985 ], [ 127.224511090915541, 35.336634989708578 ], [ 127.222897650739043, 35.33670248617284 ], [ 127.222651816853258, 35.336704281255358 ], [ 127.222270916542783, 35.336628185078041 ], [ 127.221793832243137, 35.33649159740488 ], [ 127.221675433162673, 35.336455456533706 ], [ 127.221582244154078, 35.336426999204789 ], [ 127.221174358472751, 35.336291831702418 ], [ 127.220231341872221, 35.335871079326395 ], [ 127.220060712321825, 35.335766419160983 ], [ 127.219947865075241, 35.33569719741206 ], [ 127.219701336256492, 35.335507232289906 ], [ 127.219675616288924, 35.335487408499205 ], [ 127.219637694330601, 35.335451635256454 ], [ 127.219585404363343, 35.335402292497321 ], [ 127.21916860743751, 35.334814846528644 ], [ 127.218941600571753, 35.334450945779402 ], [ 127.216284952840283, 35.329955727084723 ], [ 127.216106772182854, 35.329580013187801 ], [ 127.216039698787114, 35.329333166449473 ], [ 127.216029476836141, 35.329213052480831 ], [ 127.216020628974746, 35.32910904053449 ], [ 127.216028063435374, 35.328721183713839 ], [ 127.216045549617675, 35.328344122983886 ], [ 127.216090756574658, 35.328053732093132 ], [ 127.216127668088077, 35.327995972545907 ], [ 127.21622723911058, 35.327782348492285 ], [ 127.216266877612682, 35.327697297488477 ], [ 127.216482737716632, 35.326824332439543 ], [ 127.216944363125862, 35.324957325761346 ], [ 127.217273947705024, 35.322668985319531 ], [ 127.217423720317541, 35.320764754344857 ], [ 127.217387484648057, 35.320172921195201 ], [ 127.217348188453002, 35.31953124426051 ], [ 127.217263984598787, 35.318920561638699 ], [ 127.215881589552197, 35.316732519060551 ], [ 127.21577151064588, 35.316609465979035 ], [ 127.215743615079944, 35.316578288382878 ], [ 127.215515674578754, 35.316383538428553 ], [ 127.214845462364025, 35.316167570507865 ], [ 127.213679087698083, 35.315951715393076 ], [ 127.210995414527233, 35.315460662933901 ], [ 127.209939359787512, 35.315356669519012 ], [ 127.203594301321289, 35.315524466455749 ], [ 127.202925248774704, 35.315562794870814 ], [ 127.201853179495671, 35.315645158926415 ], [ 127.201799795081286, 35.315653722315403 ], [ 127.200878049579032, 35.315801619993437 ], [ 127.199758748252393, 35.316361196713899 ], [ 127.199240712765842, 35.316757434146311 ], [ 127.198865490801438, 35.317044441445233 ], [ 127.198782676274107, 35.31712790865604 ], [ 127.197900036131145, 35.318017614185749 ], [ 127.197670816971339, 35.318282092007642 ], [ 127.197417067041073, 35.318536050167758 ], [ 127.197238584183822, 35.318672896898711 ], [ 127.196880674495688, 35.318914573503669 ], [ 127.196591125627904, 35.319057458047823 ], [ 127.196397951264373, 35.319135357290833 ], [ 127.196253849250454, 35.319193462923906 ], [ 127.195618093544752, 35.31941731254193 ], [ 127.1949493342034, 35.319643430762348 ], [ 127.194731221092198, 35.319711834511743 ], [ 127.194455812957898, 35.319792040521797 ], [ 127.188954798775654, 35.321699801572784 ], [ 127.187107171497942, 35.322364513497703 ], [ 127.187007572366696, 35.322412596305242 ], [ 127.186839187426443, 35.322553456278989 ], [ 127.186603012350048, 35.322864688963051 ], [ 127.184450276687514, 35.325813333434468 ], [ 127.184336479208952, 35.326024856222894 ], [ 127.184176282115658, 35.32633634178849 ], [ 127.183401571485106, 35.328053722736193 ], [ 127.183254167171469, 35.328827273908423 ], [ 127.183133997511021, 35.3300759715829 ], [ 127.183402990681884, 35.332366022534124 ], [ 127.186098169633198, 35.336194469449559 ], [ 127.186516120488307, 35.336421427175928 ], [ 127.186908045439225, 35.336619465598048 ], [ 127.18714439736479, 35.336701938265456 ], [ 127.187318971062695, 35.336757106239986 ], [ 127.187738097964228, 35.336876506556713 ], [ 127.188023698932355, 35.336946287190557 ], [ 127.189419740555408, 35.337221461664626 ], [ 127.190874710054558, 35.337483185872649 ], [ 127.19113691650395, 35.337517211366169 ], [ 127.191679558423417, 35.337578555290548 ], [ 127.192611509526941, 35.337703075930023 ], [ 127.192864496101848, 35.337745224606024 ], [ 127.193081726161552, 35.337787418133743 ], [ 127.193454027009395, 35.337865427462255 ], [ 127.194932445365751, 35.338309055630212 ], [ 127.195350319936821, 35.338537400088242 ], [ 127.195555304612213, 35.338746544880195 ], [ 127.195685749648788, 35.339017399070514 ], [ 127.195689173822942, 35.339052711533512 ], [ 127.195698831035088, 35.339152535721517 ], [ 127.195680504879533, 35.339308590045093 ], [ 127.195616195836749, 35.339461195945873 ], [ 127.195575022026773, 35.339542211841298 ], [ 127.195389239439351, 35.339815253250563 ], [ 127.195289538574244, 35.339936719207159 ], [ 127.195017270194811, 35.340253790583901 ], [ 127.194807273078311, 35.34048063233611 ], [ 127.194414996291343, 35.34084061362973 ], [ 127.19390023574239, 35.341276423052328 ], [ 127.192853350211522, 35.341787499475501 ], [ 127.192502601572457, 35.341900451397386 ], [ 127.192071983654287, 35.342010198051085 ], [ 127.191011173949889, 35.342269198231783 ], [ 127.190679685367826, 35.342341470203266 ], [ 127.190512337066522, 35.342375260055036 ], [ 127.190294739924767, 35.342416595218715 ], [ 127.190144319953404, 35.342441995336777 ], [ 127.189986080639855, 35.342468367071788 ], [ 127.189775185389522, 35.342503227228882 ], [ 127.189546543151764, 35.342529617865054 ], [ 127.189003526339178, 35.342649798541451 ], [ 127.188538071140172, 35.34282943651565 ], [ 127.188276624806846, 35.342971240211966 ], [ 127.187820974745108, 35.343218389371216 ], [ 127.187404271615677, 35.343502315498867 ], [ 127.18732121313117, 35.343593290239269 ], [ 127.18727885527889, 35.34374126856337 ], [ 127.187201773248972, 35.344324721187483 ], [ 127.187194512608016, 35.344664353954833 ], [ 127.187228317227991, 35.345016259444009 ], [ 127.187285802085839, 35.345235293885345 ], [ 127.187583457694728, 35.346038731010282 ], [ 127.188723403552629, 35.348444403349212 ], [ 127.189346571604389, 35.350850323139561 ], [ 127.192513481423248, 35.354883298427438 ], [ 127.194538080174283, 35.359612016637918 ], [ 127.197333227105403, 35.364366510337121 ], [ 127.199082425615757, 35.364237466874066 ], [ 127.200290695640689, 35.363388250104698 ], [ 127.201113513816168, 35.362404446664172 ], [ 127.202167818933106, 35.361609530673029 ], [ 127.205048096989884, 35.360622283298035 ], [ 127.206401982067476, 35.361103540404912 ], [ 127.206488462991999, 35.361142968410796 ], [ 127.206590367572304, 35.361240141727009 ], [ 127.206667295877764, 35.361375033191763 ], [ 127.206693337600839, 35.361454572831398 ], [ 127.20672696409045, 35.361566185818269 ], [ 127.206738290639805, 35.361710457862024 ], [ 127.206879587413823, 35.362350525386098 ], [ 127.207193565735338, 35.363461772460703 ], [ 127.207218858426231, 35.36349940158491 ], [ 127.207263874499205, 35.363551055515451 ], [ 127.210352256790017, 35.367060286756249 ], [ 127.210649237970699, 35.367226971462564 ], [ 127.212236346417257, 35.368014574749914 ], [ 127.212361631621164, 35.368036891278109 ], [ 127.21240651610627, 35.368041927618975 ], [ 127.212557223093881, 35.368058823095609 ], [ 127.21268431442175, 35.368068226940956 ], [ 127.212739394548009, 35.368074555168164 ], [ 127.213033553767531, 35.368136221516977 ], [ 127.213103734805614, 35.36816718251508 ], [ 127.214155822250419, 35.368720100548188 ], [ 127.214577104433261, 35.369161910466254 ], [ 127.214775590813218, 35.369445212559739 ], [ 127.215217466380068, 35.370341614658585 ], [ 127.215270808497081, 35.370462469692562 ], [ 127.215267670799093, 35.37052366959194 ], [ 127.214487552904913, 35.372852258142956 ], [ 127.214342249151159, 35.373171031806102 ], [ 127.214286656414885, 35.373245406585575 ], [ 127.213436442136569, 35.374335169327964 ], [ 127.213400138520953, 35.376149569867145 ], [ 127.215089518542086, 35.378405934215181 ], [ 127.218533850018247, 35.383499430654481 ], [ 127.219375192520602, 35.384860847423454 ], [ 127.22122957999099, 35.388308215702132 ], [ 127.221432431491849, 35.388815679910167 ], [ 127.222097201484033, 35.391501253469542 ], [ 127.222613223604114, 35.393119482735813 ], [ 127.223911123337217, 35.395556295340839 ], [ 127.225435316416835, 35.398327077443284 ], [ 127.225892898256106, 35.39888182463519 ], [ 127.226328199339036, 35.399054642271921 ], [ 127.226636649377667, 35.399083184583283 ], [ 127.226741911586089, 35.399092918343662 ], [ 127.229084457010885, 35.398632785493611 ], [ 127.230356372902463, 35.398369952649468 ], [ 127.231426355620201, 35.397955575458958 ], [ 127.235427168372055, 35.398846383815922 ], [ 127.239458547701304, 35.399281235507765 ], [ 127.240645786516751, 35.399083577328824 ], [ 127.24282949139355, 35.398736322286751 ], [ 127.244705928200844, 35.398489491528579 ], [ 127.245045288784695, 35.398484460915483 ], [ 127.245155495976391, 35.398506772941452 ], [ 127.24542731639589, 35.398561815764971 ], [ 127.245873579103275, 35.398838715074902 ], [ 127.246394935739985, 35.399393252115438 ], [ 127.246954581276185, 35.40033616181244 ], [ 127.248291641937868, 35.403371877584902 ], [ 127.249183176549309, 35.405403343765627 ], [ 127.249773037349556, 35.406772030875914 ], [ 127.250550011972962, 35.408619388758552 ], [ 127.250562630770517, 35.408679670509947 ], [ 127.251128706460563, 35.412884656340246 ], [ 127.251555688080174, 35.416313444906514 ], [ 127.251558764796684, 35.416562014440395 ], [ 127.25162916183136, 35.416823524466288 ], [ 127.251723541369003, 35.417078405006762 ], [ 127.251847286049951, 35.417251033322238 ], [ 127.252629971158854, 35.418017592815801 ], [ 127.252771817032354, 35.418133192679832 ], [ 127.252970603715042, 35.418221566342979 ], [ 127.254574154462873, 35.418883391271386 ], [ 127.255450891545067, 35.420870295853632 ], [ 127.259703302769637, 35.426769548437861 ], [ 127.259785564853757, 35.426876808886654 ], [ 127.259852703663086, 35.426932633649464 ], [ 127.259943551713704, 35.4269535357367 ], [ 127.260120560756306, 35.426948831771647 ], [ 127.262478679194857, 35.426561061071297 ], [ 127.262586478862801, 35.426528384348337 ], [ 127.265935214792563, 35.424935591501352 ], [ 127.268566081738143, 35.423604974226116 ], [ 127.271516921926704, 35.421969200692203 ], [ 127.271665471454426, 35.421874850451808 ], [ 127.271875144759775, 35.421681958308774 ], [ 127.27264502451105, 35.420694463961688 ], [ 127.275693037247393, 35.421149164560802 ] ] ] ] } },
{ "type": "Feature", "properties": { "OBJECTID": 2340, "adm_nm": "전북특별자치도 남원시 대산면", "adm_cd": "3505037", "adm_cd2": "4519037000", "sgg": "45190", "sido": "45", "sidonm": "전북특별자치도", "sggnm": "남원시" }, "geometry": { "type": "MultiPolygon", "coordinates": [ [ [ [ 127.349233540788347, 35.449795134023056 ], [ 127.3491040937609, 35.448162124299927 ], [ 127.348283237689671, 35.446356455217256 ], [ 127.348344498295049, 35.444157702554143 ], [ 127.348850250297005, 35.442565169155714 ], [ 127.348694445561833, 35.43920988947211 ], [ 127.348519360878171, 35.435478588288561 ], [ 127.349386041451282, 35.431527319178571 ], [ 127.349842795994803, 35.430889580581919 ], [ 127.350617072147131, 35.430120722616657 ], [ 127.351164222250176, 35.429960045487555 ], [ 127.352813792132892, 35.427279348975468 ], [ 127.353323408339307, 35.425601410498231 ], [ 127.350466824256543, 35.424592433275123 ], [ 127.348790909076101, 35.423359511098383 ], [ 127.347528895757179, 35.421241206896944 ], [ 127.347441087782286, 35.420911395713496 ], [ 127.347539879380761, 35.420439565653318 ], [ 127.346999892880021, 35.41876716353638 ], [ 127.346594009598107, 35.4181435368371 ], [ 127.346131474044768, 35.417744062019942 ], [ 127.345525596934067, 35.417498231605762 ], [ 127.343941353002876, 35.417455585917565 ], [ 127.338600334235721, 35.417847842338006 ], [ 127.337158258307227, 35.417653723260862 ], [ 127.336712787057436, 35.417593747034587 ], [ 127.336481830861104, 35.417464721451005 ], [ 127.335254046805275, 35.416560429031833 ], [ 127.333812838722835, 35.412428875198962 ], [ 127.333663170332599, 35.411842625848799 ], [ 127.334316314610376, 35.411856545650778 ], [ 127.336449839705892, 35.412191132495913 ], [ 127.338604224875382, 35.412918432358623 ], [ 127.340248544286496, 35.412526664788729 ], [ 127.342203797788301, 35.411414329268972 ], [ 127.342413896221984, 35.410386865837317 ], [ 127.342996808666641, 35.408616966873929 ], [ 127.343702619150207, 35.407508857365322 ], [ 127.344940494020733, 35.406459979340767 ], [ 127.346231840161892, 35.405157827854943 ], [ 127.346603559210749, 35.404618507241047 ], [ 127.34672159889908, 35.404447240883307 ], [ 127.346295761338411, 35.404666878974091 ], [ 127.345755820352537, 35.404766732842901 ], [ 127.340612804487307, 35.403685959925994 ], [ 127.340321772716621, 35.403616025162016 ], [ 127.339955780620684, 35.40349347008528 ], [ 127.339747793523543, 35.403405291987255 ], [ 127.33778470690315, 35.402357125355117 ], [ 127.337252358175405, 35.402044670454138 ], [ 127.336900081871974, 35.401799242320735 ], [ 127.336657169770731, 35.401625415858611 ], [ 127.336475789452621, 35.401528328799834 ], [ 127.336126849731386, 35.401445848763615 ], [ 127.335555758053204, 35.401313162756978 ], [ 127.333138262192776, 35.400783726340549 ], [ 127.331607617642504, 35.400529462882702 ], [ 127.331297499641124, 35.400525418040985 ], [ 127.331195015668669, 35.400524084651188 ], [ 127.327908147234922, 35.400533915255458 ], [ 127.325656795583782, 35.400705648637157 ], [ 127.325556433212469, 35.400735691191848 ], [ 127.325517379210126, 35.400747376504043 ], [ 127.325410730659627, 35.400744751801412 ], [ 127.325303023881972, 35.400742089406918 ], [ 127.325087444960346, 35.40070320525318 ], [ 127.324947641326858, 35.400648333701568 ], [ 127.321374338447512, 35.399230333982224 ], [ 127.32111531514434, 35.399019776463177 ], [ 127.321114000475305, 35.398686638642111 ], [ 127.321191426988335, 35.398174543980161 ], [ 127.321178413568532, 35.397394571317221 ], [ 127.31965474421348, 35.395679093152559 ], [ 127.314296168861745, 35.394121837113872 ], [ 127.313950524755356, 35.394087665283678 ], [ 127.313410695860426, 35.394050496666452 ], [ 127.312828096636252, 35.394051999321654 ], [ 127.312725383543096, 35.394076773501205 ], [ 127.308638427813406, 35.39547940636195 ], [ 127.308339064484571, 35.39560535592674 ], [ 127.305896306689391, 35.394583239574416 ], [ 127.305977144035836, 35.394067113180419 ], [ 127.306038409149735, 35.393645783538638 ], [ 127.305991914446111, 35.393430650097073 ], [ 127.305908774227333, 35.393333702768153 ], [ 127.303968275015023, 35.392168759012137 ], [ 127.303779482058147, 35.392106045176753 ], [ 127.303399527435204, 35.392045013736052 ], [ 127.303045485881839, 35.392062193933441 ], [ 127.302845624723531, 35.392097846030026 ], [ 127.297890663427239, 35.393553741955728 ], [ 127.297235812835993, 35.393754795779692 ], [ 127.296746051561684, 35.393923197132516 ], [ 127.296497966494854, 35.394108569567344 ], [ 127.295958796790643, 35.394634310877791 ], [ 127.295260326688492, 35.395296363229086 ], [ 127.295136322214049, 35.395407601057428 ], [ 127.29489639469945, 35.395622807149934 ], [ 127.294566283191912, 35.39584371315626 ], [ 127.294412571355977, 35.395946558235643 ], [ 127.292727504527818, 35.396639779967906 ], [ 127.290704427543545, 35.39741012340118 ], [ 127.290139582582981, 35.397616700941889 ], [ 127.289984776286005, 35.39764510091684 ], [ 127.289575801333982, 35.397720050330392 ], [ 127.289393747406194, 35.397753403716003 ], [ 127.288975058823297, 35.397766125258798 ], [ 127.288439902141491, 35.397746936467549 ], [ 127.288144371894845, 35.397723527527646 ], [ 127.287217153372666, 35.397650073434832 ], [ 127.286426902037206, 35.397576193521765 ], [ 127.28617702178488, 35.397552831614554 ], [ 127.285582933841596, 35.397548372954496 ], [ 127.284178518992377, 35.397695337683771 ], [ 127.283625804639428, 35.397787569426818 ], [ 127.283071352353659, 35.397882697131273 ], [ 127.282465141210466, 35.398007315103847 ], [ 127.281615631878452, 35.398188190046938 ], [ 127.281014908587537, 35.398368411099099 ], [ 127.275877872136874, 35.400802650453798 ], [ 127.275665367330362, 35.400952659270402 ], [ 127.271746988530367, 35.404309349099748 ], [ 127.272314179473852, 35.405666893678301 ], [ 127.272344131985818, 35.405767693178504 ], [ 127.272334784039359, 35.405838921002761 ], [ 127.271997805758701, 35.406693493932174 ], [ 127.271849387575102, 35.406821252403986 ], [ 127.271634151478892, 35.406982893988044 ], [ 127.270394933066001, 35.409752057353671 ], [ 127.270085090646376, 35.413025150212221 ], [ 127.270087843020988, 35.41305349345464 ], [ 127.270093972738181, 35.41311661371445 ], [ 127.270145158810323, 35.413309659858619 ], [ 127.27030122890973, 35.413728413865556 ], [ 127.270384954706913, 35.41393931191655 ], [ 127.27047414606109, 35.414042318050029 ], [ 127.270647121284, 35.414111524175389 ], [ 127.270956574640337, 35.414165618908427 ], [ 127.271287858451601, 35.414196162635072 ], [ 127.271619236319196, 35.41422508080386 ], [ 127.271773815480216, 35.414224736412933 ], [ 127.272578181277069, 35.414119716582057 ], [ 127.273073860773223, 35.41402532509958 ], [ 127.273444379184866, 35.413968976794195 ], [ 127.273958592978033, 35.4139506893845 ], [ 127.274564582201052, 35.413951742641601 ], [ 127.274887651648186, 35.413994278755929 ], [ 127.275188822139668, 35.414040915565209 ], [ 127.275514032094634, 35.414129226876497 ], [ 127.276257034503203, 35.4145348431733 ], [ 127.276463058484268, 35.414672548723665 ], [ 127.27658219791752, 35.41480396361024 ], [ 127.276653429416399, 35.414900416418533 ], [ 127.277651635295797, 35.416845794887514 ], [ 127.277803841399219, 35.418598666013111 ], [ 127.277794037533297, 35.418697118584923 ], [ 127.277687508670269, 35.41887347858323 ], [ 127.275693037247393, 35.421149164560802 ], [ 127.27587422518593, 35.421452293779851 ], [ 127.277593693801975, 35.424164296108074 ], [ 127.277702282442718, 35.424297360189151 ], [ 127.277788966910052, 35.424370072390161 ], [ 127.278639984243398, 35.424869067925925 ], [ 127.284037104494757, 35.424419159983998 ], [ 127.284283443675818, 35.424328983354116 ], [ 127.284643728462655, 35.424107407651483 ], [ 127.28477523548672, 35.424023275616506 ], [ 127.284902164898412, 35.423982341928017 ], [ 127.285091182578796, 35.423967928783867 ], [ 127.285323561700764, 35.423980080149221 ], [ 127.288090343747939, 35.424375803099956 ], [ 127.288426880726234, 35.424447286760007 ], [ 127.288608348989399, 35.424510307291143 ], [ 127.288672007694714, 35.424544406586143 ], [ 127.288732863214804, 35.4246876563722 ], [ 127.288772157178201, 35.424839887003799 ], [ 127.28881969487577, 35.425140541137132 ], [ 127.288899795469163, 35.425432195703287 ], [ 127.288996596317588, 35.425650174370489 ], [ 127.289352916710314, 35.426080794330382 ], [ 127.289572250386939, 35.426322626399042 ], [ 127.292366987727277, 35.428922519580404 ], [ 127.293762247172623, 35.429827144149591 ], [ 127.29384949704891, 35.429979507210938 ], [ 127.296693206974666, 35.435062456628017 ], [ 127.296767746737942, 35.435237866382629 ], [ 127.297106110263542, 35.436698043466805 ], [ 127.297011680578919, 35.436866831996902 ], [ 127.296161963597115, 35.439506450000707 ], [ 127.297790813575872, 35.444757215570725 ], [ 127.297890202010635, 35.444922368844956 ], [ 127.302029627220378, 35.449208944279938 ], [ 127.30210356397518, 35.449275627172646 ], [ 127.302461046802307, 35.449586046299444 ], [ 127.302827746972582, 35.449886883782163 ], [ 127.303478555509017, 35.450401795218923 ], [ 127.303987264461, 35.450796120494289 ], [ 127.304028001334785, 35.450812427601207 ], [ 127.304130460071704, 35.450853446974271 ], [ 127.304184418307059, 35.450880611810142 ], [ 127.30429813612335, 35.450949720252297 ], [ 127.305748483330888, 35.45215266640669 ], [ 127.30610904908761, 35.452453240509385 ], [ 127.306217778382049, 35.45257355786152 ], [ 127.3063663598831, 35.452772920352025 ], [ 127.307132352792905, 35.454462905847286 ], [ 127.308356736199443, 35.457395438387643 ], [ 127.309562959098272, 35.45990602095317 ], [ 127.309582703405084, 35.4599421947959 ], [ 127.309609510483199, 35.459978547486308 ], [ 127.312250590981094, 35.462744826309148 ], [ 127.313676010020586, 35.463594238346154 ], [ 127.315070188003446, 35.463142259922257 ], [ 127.317341775360518, 35.461669431913108 ], [ 127.317504453506558, 35.461563958522738 ], [ 127.318314286219248, 35.461412840558552 ], [ 127.320418349677936, 35.461563744605265 ], [ 127.321565068336298, 35.461404264627966 ], [ 127.322935070977337, 35.460149017567105 ], [ 127.323650710308499, 35.459215860422916 ], [ 127.326194645432409, 35.457808441366709 ], [ 127.326840555167493, 35.457665150384734 ], [ 127.331043947061673, 35.456841703097901 ], [ 127.33287395249927, 35.456799439976315 ], [ 127.333987351717141, 35.457414729107725 ], [ 127.334628257066598, 35.458269711938463 ], [ 127.335558804656401, 35.458699239759035 ], [ 127.337593076202296, 35.459595053608126 ], [ 127.340974110557156, 35.458095579089289 ], [ 127.342725857828711, 35.456764545036911 ], [ 127.344765849737598, 35.454710022041873 ], [ 127.345508185987427, 35.453702147550707 ], [ 127.345661126857735, 35.453269608413223 ], [ 127.346472964877805, 35.451486734356031 ], [ 127.3470457668259, 35.451298858822163 ], [ 127.347921063205604, 35.451586889556815 ], [ 127.348020954736313, 35.451527017847638 ], [ 127.348691305675686, 35.450735384237753 ], [ 127.349233540788347, 35.449795134023056 ] ] ] ] } },
{ "type": "Feature", "properties": { "OBJECTID": 2341, "adm_nm": "전북특별자치도 남원시 사매면", "adm_cd": "3505038", "adm_cd2": "4519038000", "sgg": "45190", "sido": "45", "sidonm": "전북특별자치도", "sggnm": "남원시" }, "geometry": { "type": "MultiPolygon", "coordinates": [ [ [ [ 127.391010917186591, 35.487148352677067 ], [ 127.390790478522547, 35.486769119775339 ], [ 127.390315992907276, 35.484707016638552 ], [ 127.390247939141076, 35.483813237978559 ], [ 127.390197335500233, 35.482762959274403 ], [ 127.390545406039109, 35.481279295220261 ], [ 127.391764798030266, 35.479167009402481 ], [ 127.392000481714589, 35.478935301454541 ], [ 127.392139197539905, 35.478897677906417 ], [ 127.392500753738659, 35.478799597409804 ], [ 127.394191895877796, 35.478198103126317 ], [ 127.394610149988367, 35.477898860517648 ], [ 127.394809077686133, 35.477756528360686 ], [ 127.395570472133798, 35.477009055759254 ], [ 127.395946088203033, 35.473729848643849 ], [ 127.396004569871849, 35.472649429650886 ], [ 127.394647954457383, 35.471242600470624 ], [ 127.394622403062428, 35.47121609060941 ], [ 127.394916865668478, 35.469970970435618 ], [ 127.395721843534972, 35.468835952969307 ], [ 127.396785489937329, 35.468459976610674 ], [ 127.394217388055736, 35.466583508672791 ], [ 127.391816013548492, 35.463037665175719 ], [ 127.389355384481917, 35.46072864710569 ], [ 127.387183111112847, 35.459662814254948 ], [ 127.38562039412065, 35.460390456916357 ], [ 127.385080415700585, 35.461733169835071 ], [ 127.38436854416085, 35.463314817898379 ], [ 127.384271751540936, 35.463384975491891 ], [ 127.384069069416043, 35.463531836879319 ], [ 127.378485377708785, 35.46513624189879 ], [ 127.378230547004222, 35.46516684939408 ], [ 127.377347381063387, 35.465199382974149 ], [ 127.377299522507911, 35.465189334768844 ], [ 127.377137728830633, 35.465155340283857 ], [ 127.376688477670001, 35.464501128775979 ], [ 127.375357367853667, 35.462188331243972 ], [ 127.375486407180318, 35.461389722341607 ], [ 127.374602089719247, 35.460328173328222 ], [ 127.373178999567941, 35.459766347136636 ], [ 127.371383795715744, 35.459466418977748 ], [ 127.369445464293946, 35.459725639037934 ], [ 127.367916949039724, 35.459998482088629 ], [ 127.363522922203103, 35.458871909016416 ], [ 127.362548931922717, 35.457824149611717 ], [ 127.362086445822442, 35.457326614351423 ], [ 127.361797694792628, 35.455874715166289 ], [ 127.361065178721077, 35.454953097028209 ], [ 127.359814700588586, 35.45426396609318 ], [ 127.358392384250266, 35.453828637132538 ], [ 127.356827443329976, 35.454086551383433 ], [ 127.355022452345352, 35.453585244097447 ], [ 127.354128635800564, 35.453237731926549 ], [ 127.352951101886816, 35.452548293312901 ], [ 127.349663125348542, 35.450181278677313 ], [ 127.349233540788347, 35.449795134023056 ], [ 127.348691305675686, 35.450735384237753 ], [ 127.348020954736313, 35.451527017847638 ], [ 127.347921063205604, 35.451586889556815 ], [ 127.3470457668259, 35.451298858822163 ], [ 127.346472964877805, 35.451486734356031 ], [ 127.345661126857735, 35.453269608413223 ], [ 127.345508185987427, 35.453702147550707 ], [ 127.344765849737598, 35.454710022041873 ], [ 127.342725857828711, 35.456764545036911 ], [ 127.340974110557156, 35.458095579089289 ], [ 127.337593076202296, 35.459595053608126 ], [ 127.335558804656401, 35.458699239759035 ], [ 127.334628257066598, 35.458269711938463 ], [ 127.333987351717141, 35.457414729107725 ], [ 127.33287395249927, 35.456799439976315 ], [ 127.331043947061673, 35.456841703097901 ], [ 127.326840555167493, 35.457665150384734 ], [ 127.326194645432409, 35.457808441366709 ], [ 127.323650710308499, 35.459215860422916 ], [ 127.322935070977337, 35.460149017567105 ], [ 127.321565068336298, 35.461404264627966 ], [ 127.320418349677936, 35.461563744605265 ], [ 127.318314286219248, 35.461412840558552 ], [ 127.317504453506558, 35.461563958522738 ], [ 127.317341775360518, 35.461669431913108 ], [ 127.315070188003446, 35.463142259922257 ], [ 127.313676010020586, 35.463594238346154 ], [ 127.314472206140721, 35.466272805696079 ], [ 127.313357148075767, 35.467579439257925 ], [ 127.312421755530863, 35.468252364683252 ], [ 127.311667654957901, 35.468708751387766 ], [ 127.311495400439242, 35.468910334520864 ], [ 127.31076659738271, 35.471221709648049 ], [ 127.310571130200373, 35.472496157299034 ], [ 127.310211285256258, 35.476043265443003 ], [ 127.308659605552251, 35.477660218904163 ], [ 127.308121854364458, 35.479651295348361 ], [ 127.307313421456271, 35.484398353094974 ], [ 127.307220491887307, 35.486395967328896 ], [ 127.307732087294298, 35.487537458038311 ], [ 127.310259967451586, 35.493535675645774 ], [ 127.310407096489456, 35.493892906456828 ], [ 127.310553042003647, 35.49394467958281 ], [ 127.315522805300176, 35.49523558630333 ], [ 127.316816805180906, 35.495343957344282 ], [ 127.317809854347317, 35.495363714241748 ], [ 127.317824322406182, 35.495337190959553 ], [ 127.317858841837406, 35.495273881007641 ], [ 127.31874145174551, 35.493655211401645 ], [ 127.319423559176826, 35.493377781593381 ], [ 127.320033990096235, 35.493398518566188 ], [ 127.320454476073962, 35.493762476110419 ], [ 127.321140243468051, 35.49440879379695 ], [ 127.32467074391397, 35.495673321920947 ], [ 127.325272547198864, 35.495813275487855 ], [ 127.326001389170926, 35.495826222624153 ], [ 127.327329720106349, 35.495405431182363 ], [ 127.329604173739384, 35.494669179698128 ], [ 127.331175550483721, 35.493547389433502 ], [ 127.331492534759221, 35.493092080195098 ], [ 127.331757524122636, 35.492516670080995 ], [ 127.331796434465858, 35.492503805208159 ], [ 127.332137432078241, 35.492391178263837 ], [ 127.332209209834829, 35.492367472219726 ], [ 127.334250487462953, 35.492555556736235 ], [ 127.334437577063412, 35.492574772984391 ], [ 127.334815541751283, 35.492613609232336 ], [ 127.338656243800841, 35.493966271302227 ], [ 127.340363841210404, 35.4953397198285 ], [ 127.340839956515339, 35.495912034908621 ], [ 127.341077999211734, 35.49619447367543 ], [ 127.341379498897254, 35.49640220647084 ], [ 127.344532366170114, 35.496601883848278 ], [ 127.345142787562921, 35.496615061355818 ], [ 127.346864070098064, 35.496498381263386 ], [ 127.350244654985971, 35.496689807257134 ], [ 127.352251455390586, 35.497294890105202 ], [ 127.35624552937, 35.50025574207794 ], [ 127.356078717161452, 35.501686611849401 ], [ 127.3555804340468, 35.502321333712608 ], [ 127.35385189714296, 35.502885128402589 ], [ 127.352962667255412, 35.503718312731351 ], [ 127.352862883781654, 35.503811812170689 ], [ 127.355343372630657, 35.504633163747549 ], [ 127.358210670167594, 35.505829944749635 ], [ 127.359433041185071, 35.506169024457776 ], [ 127.361948998699546, 35.506466966101101 ], [ 127.362877606455797, 35.506307746451874 ], [ 127.36752778287125, 35.505086852290908 ], [ 127.371447118408042, 35.503465707240053 ], [ 127.372292065972786, 35.500974829384297 ], [ 127.37435991760853, 35.500931218187226 ], [ 127.374860649042304, 35.500855169770432 ], [ 127.37653228514489, 35.49985167464785 ], [ 127.377176170053971, 35.499223897447642 ], [ 127.378357397210578, 35.498557153934385 ], [ 127.381038772453124, 35.497259904460627 ], [ 127.383149075231131, 35.496582765228752 ], [ 127.38556142441881, 35.496210067563212 ], [ 127.387572686489534, 35.493886700994061 ], [ 127.387746640957403, 35.492165226885824 ], [ 127.387496282526044, 35.491242222648332 ], [ 127.387512359308531, 35.490795178685538 ], [ 127.388000861564876, 35.489874605620976 ], [ 127.388577612096086, 35.488787725762904 ], [ 127.391010917186591, 35.487148352677067 ] ] ] ] } },
{ "type": "Feature", "properties": { "OBJECTID": 2342, "adm_nm": "전북특별자치도 남원시 덕과면", "adm_cd": "3505039", "adm_cd2": "4519039000", "sgg": "45190", "sido": "45", "sidonm": "전북특별자치도", "sggnm": "남원시" }, "geometry": { "type": "MultiPolygon", "coordinates": [ [ [ [ 127.363472348088408, 35.558229914845882 ], [ 127.363850776304702, 35.55795147735919 ], [ 127.366379806709915, 35.556225789796592 ], [ 127.368188075568867, 35.555375941916132 ], [ 127.36897003784803, 35.554946490269174 ], [ 127.372541190554671, 35.552235853089684 ], [ 127.374827150763224, 35.550139184237196 ], [ 127.3769850637633, 35.548622484140097 ], [ 127.377655351814568, 35.54828482477118 ], [ 127.378984904699124, 35.547931213748484 ], [ 127.380550774618627, 35.547514735784958 ], [ 127.384552359845543, 35.546524331889813 ], [ 127.383894762103793, 35.545596002128299 ], [ 127.383120415290705, 35.5436613626525 ], [ 127.383337352939336, 35.542181175471271 ], [ 127.384135457231793, 35.541263486073376 ], [ 127.384263589720661, 35.541148345053564 ], [ 127.384544259739002, 35.540896148509326 ], [ 127.384907942638776, 35.540139962234321 ], [ 127.385154049785513, 35.539628234434161 ], [ 127.384868639907992, 35.539197506571931 ], [ 127.384740537887325, 35.539004188471608 ], [ 127.382977170796352, 35.537057447669007 ], [ 127.380711881828361, 35.535493568889144 ], [ 127.379270931192877, 35.534613445833095 ], [ 127.378032538850505, 35.533153073395809 ], [ 127.377885949986691, 35.532833822602228 ], [ 127.37762606630703, 35.532267799316173 ], [ 127.377598982071632, 35.532208772349335 ], [ 127.377500748577916, 35.53158577422635 ], [ 127.377464365623709, 35.531355026663867 ], [ 127.378321521777949, 35.528638763173255 ], [ 127.379512753223921, 35.526498276262558 ], [ 127.381519965103891, 35.524829437808798 ], [ 127.384276356860241, 35.523783542016588 ], [ 127.387710167053996, 35.523955629780517 ], [ 127.397775073627017, 35.518096471210605 ], [ 127.399109969874274, 35.516399023123427 ], [ 127.398246617711635, 35.51534943962276 ], [ 127.397626503763206, 35.5144363019159 ], [ 127.39732730480857, 35.513474306221347 ], [ 127.397042856341528, 35.512559683195995 ], [ 127.39772105025385, 35.510897378222964 ], [ 127.397997928018668, 35.510301626681247 ], [ 127.39859403654134, 35.510131874555341 ], [ 127.401297885789972, 35.509924663234791 ], [ 127.404208442304963, 35.510021753013419 ], [ 127.405179440177562, 35.51021678979329 ], [ 127.4068664952853, 35.510912517830455 ], [ 127.406828344692244, 35.511191532814834 ], [ 127.407173101366524, 35.51143846594033 ], [ 127.40724452927634, 35.511483505067439 ], [ 127.408580191097869, 35.511593254892446 ], [ 127.408535590210803, 35.510144499268215 ], [ 127.408307244905032, 35.509001319650373 ], [ 127.407778179828014, 35.507660871993522 ], [ 127.406358834324649, 35.507330080170533 ], [ 127.403777367786859, 35.505874457102294 ], [ 127.402031428138287, 35.503622873636104 ], [ 127.402156827190865, 35.50258528104559 ], [ 127.401309855000349, 35.501047557876738 ], [ 127.400727564110895, 35.500225842779692 ], [ 127.399884012956505, 35.499374485000772 ], [ 127.396987525260442, 35.497814027293508 ], [ 127.394367173779514, 35.496387789410853 ], [ 127.392964153947318, 35.491679275283936 ], [ 127.393145692397468, 35.490656718414748 ], [ 127.393775921940289, 35.489861547955833 ], [ 127.393323675789276, 35.488902086172708 ], [ 127.391010917186591, 35.487148352677067 ], [ 127.388577612096086, 35.488787725762904 ], [ 127.388000861564876, 35.489874605620976 ], [ 127.387512359308531, 35.490795178685538 ], [ 127.387496282526044, 35.491242222648332 ], [ 127.387746640957403, 35.492165226885824 ], [ 127.387572686489534, 35.493886700994061 ], [ 127.38556142441881, 35.496210067563212 ], [ 127.383149075231131, 35.496582765228752 ], [ 127.381038772453124, 35.497259904460627 ], [ 127.378357397210578, 35.498557153934385 ], [ 127.377176170053971, 35.499223897447642 ], [ 127.37653228514489, 35.49985167464785 ], [ 127.374860649042304, 35.500855169770432 ], [ 127.37435991760853, 35.500931218187226 ], [ 127.372292065972786, 35.500974829384297 ], [ 127.371447118408042, 35.503465707240053 ], [ 127.36752778287125, 35.505086852290908 ], [ 127.362877606455797, 35.506307746451874 ], [ 127.361948998699546, 35.506466966101101 ], [ 127.359433041185071, 35.506169024457776 ], [ 127.358210670167594, 35.505829944749635 ], [ 127.355343372630657, 35.504633163747549 ], [ 127.354996218775327, 35.506354396820683 ], [ 127.354442770408326, 35.508342549107645 ], [ 127.35415052693655, 35.509798553694004 ], [ 127.354133332241702, 35.509897653167805 ], [ 127.354147999230747, 35.510025512864274 ], [ 127.354180005511523, 35.510111568788339 ], [ 127.354218762508452, 35.51015454850446 ], [ 127.354509708482553, 35.510389303402377 ], [ 127.354655107783074, 35.510490094783229 ], [ 127.354804004402581, 35.510611048765504 ], [ 127.354822448546372, 35.512005759366403 ], [ 127.354695788873443, 35.512305438118972 ], [ 127.349865619995597, 35.515884131736009 ], [ 127.345403915873092, 35.518875069169255 ], [ 127.343168895517593, 35.520318270659729 ], [ 127.342966669789078, 35.520487470160745 ], [ 127.338408885734253, 35.52468308130819 ], [ 127.338238738070999, 35.524920616797701 ], [ 127.337885732638, 35.525453734433228 ], [ 127.337796189620178, 35.525639997122532 ], [ 127.337746825763219, 35.525805720679251 ], [ 127.337713956472186, 35.525931549719729 ], [ 127.337708113527881, 35.526144899106356 ], [ 127.337723188526482, 35.526611370210667 ], [ 127.33776446732432, 35.527677925958095 ], [ 127.337798219606753, 35.527765333595028 ], [ 127.337831785330138, 35.527800772654551 ], [ 127.337875385032646, 35.527811551152162 ], [ 127.337915513449943, 35.527811439177775 ], [ 127.33991834683259, 35.527663879596119 ], [ 127.340138833205941, 35.527614052117762 ], [ 127.34033579274076, 35.527512277972022 ], [ 127.340465855347972, 35.527424382719886 ], [ 127.340522186910476, 35.527317608194593 ], [ 127.340622553171926, 35.526596026178886 ], [ 127.340628107928652, 35.526394571033393 ], [ 127.340600107493785, 35.526082887242602 ], [ 127.340622798238087, 35.525918708796681 ], [ 127.340676010989654, 35.525852946768602 ], [ 127.340742756186856, 35.525817238832687 ], [ 127.342312223964356, 35.525744416715689 ], [ 127.342422715597579, 35.525776900214552 ], [ 127.342747015312781, 35.525942084608346 ], [ 127.34442454150097, 35.527013565507978 ], [ 127.345509825623779, 35.528113658270286 ], [ 127.346621443566349, 35.529591939712041 ], [ 127.347660968276259, 35.533108692750226 ], [ 127.349351310359339, 35.535289458295729 ], [ 127.349797675370795, 35.537234247670256 ], [ 127.348986699888798, 35.540413636325631 ], [ 127.348004568012982, 35.54211485091367 ], [ 127.347885068058986, 35.542204086517572 ], [ 127.347785050357913, 35.542274023973846 ], [ 127.346718576009565, 35.542944686407083 ], [ 127.346647344474576, 35.542971204794803 ], [ 127.346559929187237, 35.542979012899139 ], [ 127.346451717041404, 35.542973664459502 ], [ 127.34639778257565, 35.542952158759661 ], [ 127.346325799093947, 35.542923449200508 ], [ 127.345783823126538, 35.542699137936452 ], [ 127.345682957328989, 35.542630024545836 ], [ 127.345534971065007, 35.542476142277295 ], [ 127.345329594373609, 35.542358122875264 ], [ 127.345168265116371, 35.542311529845122 ], [ 127.345054201546617, 35.542299848381283 ], [ 127.344920751354039, 35.542326654574104 ], [ 127.343376995399865, 35.542652899642313 ], [ 127.343280410562897, 35.542683271077493 ], [ 127.34316097826806, 35.542736337310608 ], [ 127.340701597405996, 35.543880246701995 ], [ 127.339245955344893, 35.544882069221806 ], [ 127.338885707685392, 35.545154183300262 ], [ 127.334585936590969, 35.548748233703918 ], [ 127.334117300782012, 35.550522835717743 ], [ 127.334023377400143, 35.550671536391981 ], [ 127.333964183688551, 35.550809041106398 ], [ 127.333948377309383, 35.550878753776551 ], [ 127.333910061525899, 35.552206462902859 ], [ 127.33394053267952, 35.552321295262708 ], [ 127.334033296211359, 35.552481016874786 ], [ 127.334368691350548, 35.552938756918181 ], [ 127.334532872408261, 35.553142083126232 ], [ 127.334792249687951, 35.55345799464498 ], [ 127.335126400310116, 35.553743035827694 ], [ 127.335485299450696, 35.553960005643674 ], [ 127.335925293003498, 35.554155334914611 ], [ 127.336200316104566, 35.554222711205071 ], [ 127.33664185321318, 35.554316837615453 ], [ 127.3370771531267, 35.554393968506943 ], [ 127.337374256198331, 35.554440096378187 ], [ 127.337593657477811, 35.554474159264736 ], [ 127.337976700442596, 35.554500319598873 ], [ 127.338380468859938, 35.554499191604719 ], [ 127.338742569782511, 35.554474395666674 ], [ 127.339125160901716, 35.554394997995566 ], [ 127.339544837912371, 35.554216812077001 ], [ 127.339762740812276, 35.554077495987748 ], [ 127.340064075171682, 35.553845554432236 ], [ 127.34160503240571, 35.552643853837985 ], [ 127.342100462661065, 35.552225063760957 ], [ 127.342970952707731, 35.551443072184135 ], [ 127.343407163480435, 35.551138284836199 ], [ 127.343691520302215, 35.550991187159546 ], [ 127.344095592900487, 35.550908741251646 ], [ 127.349868602956377, 35.551311032476946 ], [ 127.35004779948035, 35.551334943887241 ], [ 127.350318721204815, 35.551395992923609 ], [ 127.350567030628937, 35.551460077173964 ], [ 127.350872084257958, 35.551586189627315 ], [ 127.351097421326358, 35.551689627111259 ], [ 127.351315571073556, 35.551791122150057 ], [ 127.35158292675159, 35.551948163767733 ], [ 127.351917843261845, 35.552199082133491 ], [ 127.352151447800011, 35.55237739989456 ], [ 127.352406275800973, 35.552595596580474 ], [ 127.352624051704424, 35.552790264591515 ], [ 127.353239348106996, 35.553368636868996 ], [ 127.353427058788341, 35.553545552789501 ], [ 127.356823025604584, 35.556776271435467 ], [ 127.358226799131558, 35.558629494355408 ], [ 127.358345058076281, 35.558809593832208 ], [ 127.358411261962488, 35.558890768680833 ], [ 127.358518253752621, 35.558941381814421 ], [ 127.358621610215707, 35.558967303145195 ], [ 127.358774704697495, 35.558966849597709 ], [ 127.358938429501634, 35.558957624323497 ], [ 127.359112836627958, 35.558933840487335 ], [ 127.3592195036927, 35.558911722936735 ], [ 127.359411458019821, 35.558847083309388 ], [ 127.359532044238051, 35.558753696485091 ], [ 127.359724444544156, 35.558592323201133 ], [ 127.361528238034751, 35.556939050682111 ], [ 127.363472348088408, 35.558229914845882 ] ] ] ] } },
{ "type": "Feature", "properties": { "OBJECTID": 2343, "adm_nm": "전북특별자치도 남원시 보절면", "adm_cd": "3505040", "adm_cd2": "4519040000", "sgg": "45190", "sido": "45", "sidonm": "전북특별자치도", "sggnm": "남원시" }, "geometry": { "type": "MultiPolygon", "coordinates": [ [ [ [ 127.439405610631482, 35.552815188877339 ], [ 127.439806416586009, 35.548319911369511 ], [ 127.439818329464273, 35.548259837765009 ], [ 127.439927079879709, 35.547999335073477 ], [ 127.440072746149852, 35.547793760048457 ], [ 127.440139597218575, 35.54771600144413 ], [ 127.442205500571163, 35.546225490268689 ], [ 127.442263528855435, 35.546207805808713 ], [ 127.446764141930174, 35.545291064495771 ], [ 127.450555078380688, 35.542386215170694 ], [ 127.4516088169092, 35.541412952817694 ], [ 127.452301698316631, 35.540751501795768 ], [ 127.451369211636603, 35.537446826386542 ], [ 127.450212707560141, 35.535205396748189 ], [ 127.448778668552833, 35.531243144236043 ], [ 127.448835598601264, 35.531090888046535 ], [ 127.448902449964848, 35.530897411916548 ], [ 127.449016781258209, 35.530500059652304 ], [ 127.449092210770303, 35.530184857757483 ], [ 127.449432131132724, 35.526772479524311 ], [ 127.448714692218857, 35.52503837119405 ], [ 127.447292992331981, 35.524256703042624 ], [ 127.447104353139821, 35.524097532360997 ], [ 127.446710681700736, 35.52360235536819 ], [ 127.446505840276146, 35.523304345275115 ], [ 127.446435477204815, 35.523138389488544 ], [ 127.444563240930663, 35.517521680695133 ], [ 127.44455015450113, 35.517467013838115 ], [ 127.444536842096255, 35.517391368696138 ], [ 127.44472215822357, 35.516008284141215 ], [ 127.444769908837358, 35.515810355843236 ], [ 127.445089827064422, 35.51459092319174 ], [ 127.445120096786781, 35.5144813970239 ], [ 127.44567054485384, 35.513088570170787 ], [ 127.445746696217199, 35.512905239548196 ], [ 127.445742749148579, 35.511726910678426 ], [ 127.445523143150965, 35.509680506435245 ], [ 127.444813523915585, 35.506438560593139 ], [ 127.444686025342804, 35.506165500445597 ], [ 127.444657140123539, 35.506062478790113 ], [ 127.44464846584269, 35.50588793072702 ], [ 127.444652602986025, 35.505698559695624 ], [ 127.444687970143121, 35.505574230414105 ], [ 127.444763760648925, 35.505327806658471 ], [ 127.444928800861177, 35.50495271222335 ], [ 127.446163089853016, 35.502875097650232 ], [ 127.44639722019997, 35.502658467725098 ], [ 127.447298478048268, 35.501679668389336 ], [ 127.448050010498363, 35.499960391994335 ], [ 127.448065393633257, 35.499889386740904 ], [ 127.448067039594363, 35.499829814150935 ], [ 127.448056806117833, 35.49977342745489 ], [ 127.447991045962809, 35.499621355117142 ], [ 127.447876616091818, 35.499398611412168 ], [ 127.447775062779769, 35.499230893038664 ], [ 127.447709401608137, 35.499135152380795 ], [ 127.44765029203306, 35.499068682721571 ], [ 127.447611016768064, 35.499042142163617 ], [ 127.447535908500669, 35.499013032489039 ], [ 127.447460750281593, 35.498994679663504 ], [ 127.445417103596142, 35.498544627408101 ], [ 127.444160448651388, 35.498326432615826 ], [ 127.442542686375006, 35.497651968947508 ], [ 127.440224877881874, 35.496550387432457 ], [ 127.44013003682484, 35.496501327439795 ], [ 127.437491199421757, 35.494492440776263 ], [ 127.437428819666039, 35.494431304060598 ], [ 127.437267648163228, 35.494158338908065 ], [ 127.436809684722192, 35.493291502839298 ], [ 127.434810023028263, 35.489460436239256 ], [ 127.432948277438427, 35.485791621569732 ], [ 127.432944940501244, 35.485764951880917 ], [ 127.432951293898313, 35.485738258722833 ], [ 127.432973828832388, 35.485684820157509 ], [ 127.433048095326768, 35.485561799458559 ], [ 127.433090225792427, 35.485505576558381 ], [ 127.433233173932166, 35.485406388012422 ], [ 127.433421548106239, 35.485270964547311 ], [ 127.433483103881997, 35.48520133354684 ], [ 127.433495900644118, 35.485163982544584 ], [ 127.433495699941886, 35.485126588311743 ], [ 127.433410306016029, 35.482570711207345 ], [ 127.433397120326632, 35.482538767612851 ], [ 127.431835241395234, 35.481254235553621 ], [ 127.43166829706044, 35.481129446200335 ], [ 127.431537375385972, 35.481044573342182 ], [ 127.431344598507195, 35.4809517926683 ], [ 127.431204156660527, 35.48089895134396 ], [ 127.427223132122705, 35.47956830700128 ], [ 127.425653424008999, 35.479237563544658 ], [ 127.425506516553426, 35.479212756311597 ], [ 127.423916199706596, 35.478037638790305 ], [ 127.420972508034524, 35.474354913168355 ], [ 127.420544455338799, 35.473782094945285 ], [ 127.42050703359908, 35.473704791503522 ], [ 127.420491391790364, 35.473661872377299 ], [ 127.419954303783342, 35.470843468852415 ], [ 127.419982522632935, 35.47063229216068 ], [ 127.419982082262578, 35.470569464151829 ], [ 127.419973483277786, 35.47043989425967 ], [ 127.419808883588317, 35.469207851617604 ], [ 127.419794898972725, 35.469124513235663 ], [ 127.419727246395666, 35.468867983522813 ], [ 127.41940948882521, 35.468028845318564 ], [ 127.418440030187867, 35.467543755327256 ], [ 127.417223507876869, 35.467065969528022 ], [ 127.417026978469266, 35.46703742283843 ], [ 127.416563005378379, 35.467082842228159 ], [ 127.41572660019699, 35.467611521303347 ], [ 127.414995876143777, 35.467862330701173 ], [ 127.413746797611807, 35.467998067118259 ], [ 127.413389279502852, 35.4679116453379 ], [ 127.407346483621794, 35.46628166689851 ], [ 127.403571465461468, 35.464687633749769 ], [ 127.401118835370809, 35.463322834368412 ], [ 127.399495058848146, 35.461617410195991 ], [ 127.397004701389378, 35.466600129631061 ], [ 127.396785489937329, 35.468459976610674 ], [ 127.395721843534972, 35.468835952969307 ], [ 127.394916865668478, 35.469970970435618 ], [ 127.394622403062428, 35.47121609060941 ], [ 127.394647954457383, 35.471242600470624 ], [ 127.396004569871849, 35.472649429650886 ], [ 127.395946088203033, 35.473729848643849 ], [ 127.395570472133798, 35.477009055759254 ], [ 127.394809077686133, 35.477756528360686 ], [ 127.394610149988367, 35.477898860517648 ], [ 127.394191895877796, 35.478198103126317 ], [ 127.392500753738659, 35.478799597409804 ], [ 127.392139197539905, 35.478897677906417 ], [ 127.392000481714589, 35.478935301454541 ], [ 127.391764798030266, 35.479167009402481 ], [ 127.390545406039109, 35.481279295220261 ], [ 127.390197335500233, 35.482762959274403 ], [ 127.390247939141076, 35.483813237978559 ], [ 127.390315992907276, 35.484707016638552 ], [ 127.390790478522547, 35.486769119775339 ], [ 127.391010917186591, 35.487148352677067 ], [ 127.393323675789276, 35.488902086172708 ], [ 127.393775921940289, 35.489861547955833 ], [ 127.393145692397468, 35.490656718414748 ], [ 127.392964153947318, 35.491679275283936 ], [ 127.394367173779514, 35.496387789410853 ], [ 127.396987525260442, 35.497814027293508 ], [ 127.399884012956505, 35.499374485000772 ], [ 127.400727564110895, 35.500225842779692 ], [ 127.401309855000349, 35.501047557876738 ], [ 127.402156827190865, 35.50258528104559 ], [ 127.402031428138287, 35.503622873636104 ], [ 127.403777367786859, 35.505874457102294 ], [ 127.406358834324649, 35.507330080170533 ], [ 127.407778179828014, 35.507660871993522 ], [ 127.408307244905032, 35.509001319650373 ], [ 127.408535590210803, 35.510144499268215 ], [ 127.408580191097869, 35.511593254892446 ], [ 127.40724452927634, 35.511483505067439 ], [ 127.407173101366524, 35.51143846594033 ], [ 127.406828344692244, 35.511191532814834 ], [ 127.4068664952853, 35.510912517830455 ], [ 127.405179440177562, 35.51021678979329 ], [ 127.404208442304963, 35.510021753013419 ], [ 127.401297885789972, 35.509924663234791 ], [ 127.39859403654134, 35.510131874555341 ], [ 127.397997928018668, 35.510301626681247 ], [ 127.39772105025385, 35.510897378222964 ], [ 127.397042856341528, 35.512559683195995 ], [ 127.39732730480857, 35.513474306221347 ], [ 127.397626503763206, 35.5144363019159 ], [ 127.398246617711635, 35.51534943962276 ], [ 127.399109969874274, 35.516399023123427 ], [ 127.397775073627017, 35.518096471210605 ], [ 127.387710167053996, 35.523955629780517 ], [ 127.384276356860241, 35.523783542016588 ], [ 127.381519965103891, 35.524829437808798 ], [ 127.379512753223921, 35.526498276262558 ], [ 127.378321521777949, 35.528638763173255 ], [ 127.377464365623709, 35.531355026663867 ], [ 127.377500748577916, 35.53158577422635 ], [ 127.377598982071632, 35.532208772349335 ], [ 127.37762606630703, 35.532267799316173 ], [ 127.377885949986691, 35.532833822602228 ], [ 127.378032538850505, 35.533153073395809 ], [ 127.379270931192877, 35.534613445833095 ], [ 127.380711881828361, 35.535493568889144 ], [ 127.382977170796352, 35.537057447669007 ], [ 127.384740537887325, 35.539004188471608 ], [ 127.384868639907992, 35.539197506571931 ], [ 127.385154049785513, 35.539628234434161 ], [ 127.384907942638776, 35.540139962234321 ], [ 127.384544259739002, 35.540896148509326 ], [ 127.384263589720661, 35.541148345053564 ], [ 127.384135457231793, 35.541263486073376 ], [ 127.383337352939336, 35.542181175471271 ], [ 127.383120415290705, 35.5436613626525 ], [ 127.383894762103793, 35.545596002128299 ], [ 127.384552359845543, 35.546524331889813 ], [ 127.385341915426551, 35.54634781034116 ], [ 127.38585254960789, 35.546346182186113 ], [ 127.392026888650648, 35.546414880395439 ], [ 127.394522557397565, 35.547317308487791 ], [ 127.396599497245916, 35.548018690529361 ], [ 127.396878392204968, 35.548093662693752 ], [ 127.397171586294846, 35.547928303031746 ], [ 127.399209959133273, 35.547074287297406 ], [ 127.402450783343426, 35.548442002852582 ], [ 127.406531835715327, 35.553777743186053 ], [ 127.407719405307375, 35.556050058949062 ], [ 127.407581222578827, 35.556265516749122 ], [ 127.407137986059269, 35.557367229090069 ], [ 127.40716663102279, 35.557599262826699 ], [ 127.407186369885409, 35.557759104558116 ], [ 127.408016611845525, 35.559741774158852 ], [ 127.408076807753318, 35.559786126747518 ], [ 127.408700104356271, 35.560245308223521 ], [ 127.409460612590522, 35.560672705961572 ], [ 127.410017951175647, 35.56070877844526 ], [ 127.413064175673227, 35.560192546211802 ], [ 127.41318810614068, 35.560148021362522 ], [ 127.413419470478331, 35.560064885146225 ], [ 127.414266895444115, 35.559328498863174 ], [ 127.415128733634134, 35.558389717345662 ], [ 127.415343060026089, 35.55793371257213 ], [ 127.415388787228352, 35.557794454347828 ], [ 127.415710959829013, 35.55724957388184 ], [ 127.416357148564941, 35.556513859408703 ], [ 127.42033024444379, 35.552744200433466 ], [ 127.420392704796726, 35.552732823948752 ], [ 127.420552689294652, 35.552703685882825 ], [ 127.420956280665067, 35.552630184406198 ], [ 127.421675296646129, 35.552499227437316 ], [ 127.422215961543372, 35.552320301890312 ], [ 127.423866638701753, 35.551340773289475 ], [ 127.424435746430916, 35.550681175376532 ], [ 127.426135373952192, 35.55019463597575 ], [ 127.432233402612056, 35.550400634851485 ], [ 127.434387230937531, 35.550936706214323 ], [ 127.43538174116928, 35.55170455010304 ], [ 127.436405779295256, 35.552206719504738 ], [ 127.438420691034636, 35.552793810133885 ], [ 127.439405610631482, 35.552815188877339 ] ] ] ] } },
{ "type": "Feature", "properties": { "OBJECTID": 2344, "adm_nm": "전북특별자치도 남원시 산동면", "adm_cd": "3505041", "adm_cd2": "4519041000", "sgg": "45190", "sido": "45", "sidonm": "전북특별자치도", "sggnm": "남원시" }, "geometry": { "type": "MultiPolygon", "coordinates": [ [ [ [ 127.514006234042796, 35.479197967482925 ], [ 127.511953234186265, 35.479405426913026 ], [ 127.509755034700746, 35.478137111796158 ], [ 127.509544935531522, 35.478071202789195 ], [ 127.508033110628659, 35.477689806097679 ], [ 127.507849321127154, 35.477673093061149 ], [ 127.507635864076548, 35.477668760692126 ], [ 127.506867191121856, 35.477717695580189 ], [ 127.505668444549713, 35.477677101407103 ], [ 127.505615018565479, 35.477659930643284 ], [ 127.505400663679509, 35.477529673041026 ], [ 127.505322299611905, 35.477469639534846 ], [ 127.505244107629693, 35.477409734908925 ], [ 127.505108666334863, 35.477265271077655 ], [ 127.505044365703057, 35.47716533145325 ], [ 127.50497071472455, 35.476999607922792 ], [ 127.50469997108658, 35.47634099262109 ], [ 127.504137194895009, 35.475355699087807 ], [ 127.503939734775514, 35.475053251131676 ], [ 127.503838413797439, 35.474901608281954 ], [ 127.50374599082312, 35.474798797889797 ], [ 127.50366662209818, 35.474739730807833 ], [ 127.501670377961617, 35.473976776244612 ], [ 127.501452254106567, 35.473911256262255 ], [ 127.501329344985734, 35.473903026301898 ], [ 127.501124326274891, 35.473907379861856 ], [ 127.501010742643132, 35.473923329666007 ], [ 127.500917723202463, 35.473974685218757 ], [ 127.500826785592722, 35.474111316447015 ], [ 127.50075547638815, 35.474197054331903 ], [ 127.500646949789399, 35.474251669318939 ], [ 127.500595403396233, 35.474261282324051 ], [ 127.500455023074565, 35.474287444987773 ], [ 127.50033699332073, 35.474302093058924 ], [ 127.500295054218, 35.474307294922369 ], [ 127.500115572862967, 35.474290655747382 ], [ 127.498803044323509, 35.474067316190116 ], [ 127.497365215371659, 35.473784547516026 ], [ 127.497325245645428, 35.473769833129573 ], [ 127.497255945451471, 35.473734788937001 ], [ 127.497199424975236, 35.473698334784366 ], [ 127.497068169628974, 35.473587025488179 ], [ 127.497024687277658, 35.473539083347021 ], [ 127.496976049138794, 35.473477191270213 ], [ 127.496953744228449, 35.473438094146672 ], [ 127.496930630717202, 35.473387584516729 ], [ 127.496919638234317, 35.47335032167738 ], [ 127.496914022459947, 35.473315748666494 ], [ 127.496904631819078, 35.473185724398967 ], [ 127.496831884786218, 35.470163714217456 ], [ 127.497140247026479, 35.467590496196557 ], [ 127.497431712019434, 35.464928857702596 ], [ 127.497514735465458, 35.46409579485038 ], [ 127.497511756662291, 35.464051799365762 ], [ 127.497490894443587, 35.463946008121958 ], [ 127.497476290495527, 35.463899751894139 ], [ 127.497460896974857, 35.463868355250398 ], [ 127.49742299438995, 35.463813618270422 ], [ 127.496743005970345, 35.4631038402553 ], [ 127.496718164147296, 35.463079890191629 ], [ 127.496689602629772, 35.463057649596671 ], [ 127.496635329173529, 35.463026064222348 ], [ 127.496602892003239, 35.463019513546229 ], [ 127.496535182303418, 35.463023578176163 ], [ 127.496465179846453, 35.463035672117371 ], [ 127.49614355802531, 35.463136591266668 ], [ 127.496019897293166, 35.463180623257841 ], [ 127.495851620648494, 35.463221786270381 ], [ 127.495807354823825, 35.463229005354584 ], [ 127.495691624135731, 35.463219928625264 ], [ 127.494406897202467, 35.462990302254596 ], [ 127.494351722009412, 35.462975099247274 ], [ 127.491703604929114, 35.462181392836349 ], [ 127.491648303110026, 35.462164672866656 ], [ 127.49143834025098, 35.462071882092125 ], [ 127.491342192556047, 35.462023505770027 ], [ 127.491292875539713, 35.461994596319094 ], [ 127.491243730400456, 35.461956309438158 ], [ 127.491159781589701, 35.461882383083434 ], [ 127.491100685111732, 35.461819708706102 ], [ 127.490978719961149, 35.461654809399235 ], [ 127.4899038869587, 35.459118284210497 ], [ 127.489653850143171, 35.458782426726636 ], [ 127.489582809367235, 35.458713855394222 ], [ 127.489517380852732, 35.458658604961883 ], [ 127.487613860194031, 35.458133794545368 ], [ 127.487304701297973, 35.458051030067963 ], [ 127.486182916087273, 35.45775109426345 ], [ 127.484968074732123, 35.457472147320026 ], [ 127.484830315503672, 35.45744240994874 ], [ 127.484609203606865, 35.457418988881507 ], [ 127.484510018309393, 35.457411341705431 ], [ 127.484425857470441, 35.457413300136963 ], [ 127.484384991784793, 35.457424189807504 ], [ 127.484349971138414, 35.457452991111751 ], [ 127.484282701564666, 35.457549412999583 ], [ 127.484266790765446, 35.457581028190994 ], [ 127.483959397761382, 35.458384606290977 ], [ 127.483743368857404, 35.458824568085163 ], [ 127.483551510179012, 35.4591458307683 ], [ 127.483476659069851, 35.459265197888769 ], [ 127.483281509964897, 35.45951599913348 ], [ 127.48320746258841, 35.459603718280739 ], [ 127.482975842804393, 35.459835368661714 ], [ 127.48219862758819, 35.460552210269157 ], [ 127.482158967068656, 35.460586812519416 ], [ 127.482063613886638, 35.460651260064758 ], [ 127.482012867143737, 35.460677148631014 ], [ 127.481806622124708, 35.460765846187059 ], [ 127.481041196323332, 35.461079579947487 ], [ 127.480893945113934, 35.461103245544784 ], [ 127.480820722200704, 35.46110849160177 ], [ 127.479443321039255, 35.461159117579015 ], [ 127.479265936294695, 35.461155397585379 ], [ 127.479197244404929, 35.461145911864399 ], [ 127.47909642537806, 35.461124240714945 ], [ 127.466354357289077, 35.463734666743186 ], [ 127.466080872296232, 35.463801516120192 ], [ 127.465639128580307, 35.463938218539646 ], [ 127.46559382310123, 35.463954528654412 ], [ 127.46553735150485, 35.463979628697864 ], [ 127.463413921104717, 35.465026968059696 ], [ 127.462298164331202, 35.465688012081422 ], [ 127.462254339157269, 35.465712325565221 ], [ 127.46218199797211, 35.465739017736318 ], [ 127.462090351283081, 35.46576134961564 ], [ 127.459122083099146, 35.466348391688754 ], [ 127.459076820739739, 35.466350467334713 ], [ 127.459003093150599, 35.466347679585127 ], [ 127.458949308223865, 35.466342382902766 ], [ 127.458906733385589, 35.466334895337695 ], [ 127.458563881123879, 35.466255508316955 ], [ 127.458196262701293, 35.466159560609512 ], [ 127.456989981404277, 35.467562403654256 ], [ 127.456961712839103, 35.46759124895857 ], [ 127.45693122259793, 35.467613265985719 ], [ 127.456897150356838, 35.467628909593863 ], [ 127.456859196146056, 35.467638523210667 ], [ 127.456797758324612, 35.46764513755889 ], [ 127.456569765849508, 35.467656097642589 ], [ 127.456161383524275, 35.467641956025417 ], [ 127.448390297006256, 35.466067565275956 ], [ 127.44815796204189, 35.466011554681309 ], [ 127.447876905796235, 35.465909037682906 ], [ 127.446928183990124, 35.465460630890817 ], [ 127.446214258398157, 35.46511363993703 ], [ 127.440294148920984, 35.461950659679367 ], [ 127.439409101746975, 35.461467451010883 ], [ 127.438934629301542, 35.461183462865293 ], [ 127.438435674279177, 35.46081094200229 ], [ 127.437823910736569, 35.460336556455367 ], [ 127.43741033513902, 35.459983561359131 ], [ 127.437293850886149, 35.459875018542434 ], [ 127.437145466052272, 35.459730113373034 ], [ 127.437047339688803, 35.459634279067792 ], [ 127.436978995010548, 35.459563504267201 ], [ 127.436701172242962, 35.459237594397031 ], [ 127.436631033281657, 35.45914249846399 ], [ 127.436404468811787, 35.458798552423026 ], [ 127.436164330484729, 35.458394113462859 ], [ 127.436110041034695, 35.458293992441746 ], [ 127.435897544914909, 35.457863208861262 ], [ 127.43582838544539, 35.457704471791658 ], [ 127.435813389550006, 35.457659199700551 ], [ 127.435802196828178, 35.457620846383968 ], [ 127.433467616613427, 35.458287626512451 ], [ 127.431823422472434, 35.458542974320494 ], [ 127.431739662113799, 35.45855849351193 ], [ 127.431525020873579, 35.458608919877598 ], [ 127.431447379336419, 35.458634431097906 ], [ 127.428597706732361, 35.459666353451617 ], [ 127.428223282662543, 35.459877952961605 ], [ 127.428114474843113, 35.459942688912669 ], [ 127.427726901164931, 35.460190473186366 ], [ 127.427327245786927, 35.460465808633629 ], [ 127.427226069394493, 35.460540415402384 ], [ 127.426532710226809, 35.461064622463049 ], [ 127.426462075507857, 35.461123633761638 ], [ 127.426240371323019, 35.461321977016297 ], [ 127.426184089288313, 35.461385182494311 ], [ 127.426032337261816, 35.461606084742272 ], [ 127.425994356864777, 35.461673458063693 ], [ 127.425973910007215, 35.461721212661395 ], [ 127.425963989200397, 35.461765422013912 ], [ 127.425958197598661, 35.461856912324251 ], [ 127.425966983932184, 35.461914207436308 ], [ 127.425998190312143, 35.462026844872852 ], [ 127.42599779795988, 35.462119504356771 ], [ 127.425988640923492, 35.462148018720974 ], [ 127.425952364944237, 35.462194012552054 ], [ 127.425851441595938, 35.462296579239577 ], [ 127.42572319724016, 35.462420227323257 ], [ 127.425576719869596, 35.462555131356972 ], [ 127.425239200421757, 35.462832570114365 ], [ 127.424768198920319, 35.46316003627237 ], [ 127.4242042339948, 35.463534619658745 ], [ 127.424096076183673, 35.463602675022912 ], [ 127.423925449086653, 35.46369025547245 ], [ 127.422766107473095, 35.464269146360387 ], [ 127.421133905493832, 35.464999936902814 ], [ 127.420992250720033, 35.465089927857271 ], [ 127.420918565396804, 35.465155712659616 ], [ 127.420489148109056, 35.465670941262886 ], [ 127.42037633694369, 35.46581797777592 ], [ 127.420045966579593, 35.466377129277859 ], [ 127.420013076974598, 35.466449525455339 ], [ 127.419932145076572, 35.466649889634489 ], [ 127.419834488871317, 35.46698315753541 ], [ 127.419808709735122, 35.467089156554337 ], [ 127.41940948882521, 35.468028845318564 ], [ 127.419727246395666, 35.468867983522813 ], [ 127.419794898972725, 35.469124513235663 ], [ 127.419808883588317, 35.469207851617604 ], [ 127.419973483277786, 35.47043989425967 ], [ 127.419982082262578, 35.470569464151829 ], [ 127.419982522632935, 35.47063229216068 ], [ 127.419954303783342, 35.470843468852415 ], [ 127.420491391790364, 35.473661872377299 ], [ 127.42050703359908, 35.473704791503522 ], [ 127.420544455338799, 35.473782094945285 ], [ 127.420972508034524, 35.474354913168355 ], [ 127.423916199706596, 35.478037638790305 ], [ 127.425506516553426, 35.479212756311597 ], [ 127.425653424008999, 35.479237563544658 ], [ 127.427223132122705, 35.47956830700128 ], [ 127.431204156660527, 35.48089895134396 ], [ 127.431344598507195, 35.4809517926683 ], [ 127.431537375385972, 35.481044573342182 ], [ 127.43166829706044, 35.481129446200335 ], [ 127.431835241395234, 35.481254235553621 ], [ 127.433397120326632, 35.482538767612851 ], [ 127.433410306016029, 35.482570711207345 ], [ 127.433495699941886, 35.485126588311743 ], [ 127.433495900644118, 35.485163982544584 ], [ 127.433483103881997, 35.48520133354684 ], [ 127.433421548106239, 35.485270964547311 ], [ 127.433233173932166, 35.485406388012422 ], [ 127.433090225792427, 35.485505576558381 ], [ 127.433048095326768, 35.485561799458559 ], [ 127.432973828832388, 35.485684820157509 ], [ 127.432951293898313, 35.485738258722833 ], [ 127.432944940501244, 35.485764951880917 ], [ 127.432948277438427, 35.485791621569732 ], [ 127.434810023028263, 35.489460436239256 ], [ 127.436809684722192, 35.493291502839298 ], [ 127.437267648163228, 35.494158338908065 ], [ 127.437428819666039, 35.494431304060598 ], [ 127.437491199421757, 35.494492440776263 ], [ 127.44013003682484, 35.496501327439795 ], [ 127.440224877881874, 35.496550387432457 ], [ 127.442542686375006, 35.497651968947508 ], [ 127.444160448651388, 35.498326432615826 ], [ 127.445417103596142, 35.498544627408101 ], [ 127.447460750281593, 35.498994679663504 ], [ 127.447535908500669, 35.499013032489039 ], [ 127.447611016768064, 35.499042142163617 ], [ 127.44765029203306, 35.499068682721571 ], [ 127.447709401608137, 35.499135152380795 ], [ 127.447775062779769, 35.499230893038664 ], [ 127.447876616091818, 35.499398611412168 ], [ 127.447991045962809, 35.499621355117142 ], [ 127.448056806117833, 35.49977342745489 ], [ 127.448067039594363, 35.499829814150935 ], [ 127.448065393633257, 35.499889386740904 ], [ 127.448050010498363, 35.499960391994335 ], [ 127.447298478048268, 35.501679668389336 ], [ 127.44639722019997, 35.502658467725098 ], [ 127.446163089853016, 35.502875097650232 ], [ 127.444928800861177, 35.50495271222335 ], [ 127.444763760648925, 35.505327806658471 ], [ 127.444687970143121, 35.505574230414105 ], [ 127.444652602986025, 35.505698559695624 ], [ 127.44464846584269, 35.50588793072702 ], [ 127.444657140123539, 35.506062478790113 ], [ 127.444686025342804, 35.506165500445597 ], [ 127.444813523915585, 35.506438560593139 ], [ 127.445523143150965, 35.509680506435245 ], [ 127.445742749148579, 35.511726910678426 ], [ 127.445746696217199, 35.512905239548196 ], [ 127.44567054485384, 35.513088570170787 ], [ 127.445120096786781, 35.5144813970239 ], [ 127.445089827064422, 35.51459092319174 ], [ 127.444769908837358, 35.515810355843236 ], [ 127.44472215822357, 35.516008284141215 ], [ 127.444536842096255, 35.517391368696138 ], [ 127.44455015450113, 35.517467013838115 ], [ 127.444563240930663, 35.517521680695133 ], [ 127.446435477204815, 35.523138389488544 ], [ 127.446505840276146, 35.523304345275115 ], [ 127.446710681700736, 35.52360235536819 ], [ 127.447104353139821, 35.524097532360997 ], [ 127.447292992331981, 35.524256703042624 ], [ 127.448714692218857, 35.52503837119405 ], [ 127.449432131132724, 35.526772479524311 ], [ 127.449092210770303, 35.530184857757483 ], [ 127.449016781258209, 35.530500059652304 ], [ 127.448902449964848, 35.530897411916548 ], [ 127.448835598601264, 35.531090888046535 ], [ 127.448778668552833, 35.531243144236043 ], [ 127.450212707560141, 35.535205396748189 ], [ 127.451369211636603, 35.537446826386542 ], [ 127.452301698316631, 35.540751501795768 ], [ 127.453591932282777, 35.543648918005076 ], [ 127.454070792578577, 35.544263788336131 ], [ 127.455105142672124, 35.545480461328395 ], [ 127.455379138426295, 35.545619638169008 ], [ 127.456865507065785, 35.546286502211743 ], [ 127.457112569062446, 35.546293571003332 ], [ 127.457292763732895, 35.546292890181583 ], [ 127.457363347651238, 35.546288722427946 ], [ 127.457454112633101, 35.546277589198738 ], [ 127.457623276681744, 35.546237564455531 ], [ 127.457693491504415, 35.546211327287196 ], [ 127.459497256003075, 35.545499148085064 ], [ 127.459993335834113, 35.545198481152369 ], [ 127.462579637325916, 35.545230639708812 ], [ 127.463719535132682, 35.545684114098329 ], [ 127.464845797850955, 35.546093720448184 ], [ 127.464899781206071, 35.546110947108204 ], [ 127.464931582945113, 35.54611983593346 ], [ 127.464977161987633, 35.546126415086334 ], [ 127.466919523120396, 35.546260814468226 ], [ 127.467013594998917, 35.546258760102198 ], [ 127.467045653599214, 35.546258056553974 ], [ 127.467125638432961, 35.546244227045548 ], [ 127.467155351770828, 35.546234772193785 ], [ 127.467233081544393, 35.54621002376804 ], [ 127.467347979015727, 35.546160030695219 ], [ 127.467418870975564, 35.546129168828884 ], [ 127.467590457527166, 35.546032791271394 ], [ 127.467677041453726, 35.545978289171011 ], [ 127.467780101243505, 35.545893260214015 ], [ 127.467959057979556, 35.545698978864834 ], [ 127.468078388877814, 35.545566568894081 ], [ 127.468216439450785, 35.545391536733135 ], [ 127.468249953394448, 35.545347519176438 ], [ 127.468376343990201, 35.545181459807623 ], [ 127.468399744136349, 35.545140884808283 ], [ 127.468432265304386, 35.545070659210239 ], [ 127.468445713401564, 35.545034948770983 ], [ 127.468455319344699, 35.545009417998969 ], [ 127.46845070125535, 35.544921960915218 ], [ 127.46843481627559, 35.544808097490844 ], [ 127.468406656886543, 35.544685552342848 ], [ 127.468385514867791, 35.544614513807865 ], [ 127.468374133150832, 35.544554722465193 ], [ 127.468356665587478, 35.544394988315908 ], [ 127.468356272950729, 35.544327302187689 ], [ 127.46836277129664, 35.544250584106678 ], [ 127.468394640073214, 35.544039917132451 ], [ 127.468425813935383, 35.543938302481571 ], [ 127.468950790886808, 35.542505836040753 ], [ 127.468984811355242, 35.542420000154991 ], [ 127.469022941236133, 35.542339721362261 ], [ 127.469070871975376, 35.542276356664331 ], [ 127.469196295720764, 35.542111747779508 ], [ 127.469264855150669, 35.542030190903183 ], [ 127.469360874278479, 35.54193058155434 ], [ 127.469460679243539, 35.541857373784843 ], [ 127.473205815868141, 35.539792074475351 ], [ 127.473290343598066, 35.539745506074603 ], [ 127.473459470303041, 35.539666271860128 ], [ 127.475105803781503, 35.538896859190906 ], [ 127.476465637908234, 35.538447723196356 ], [ 127.476668927064352, 35.538400694946745 ], [ 127.477166193048191, 35.538357082873041 ], [ 127.479019905229961, 35.538261895535854 ], [ 127.480308581976317, 35.538201353318314 ], [ 127.480461194130683, 35.538200746975285 ], [ 127.480815935430698, 35.5382957644496 ], [ 127.481433335148452, 35.538501327707024 ], [ 127.481801462219735, 35.53860161185758 ], [ 127.481942936899003, 35.538619533852923 ], [ 127.482022767574932, 35.538623268748786 ], [ 127.482135042336949, 35.538604876164563 ], [ 127.482292942698209, 35.538548743834738 ], [ 127.484817822904986, 35.537216363150833 ], [ 127.490522013240735, 35.534414699488259 ], [ 127.49079818185389, 35.534279468514661 ], [ 127.490933668513392, 35.534241974045678 ], [ 127.491153861188835, 35.53420402671977 ], [ 127.491323575187153, 35.534208032519984 ], [ 127.49148062151032, 35.534220897843191 ], [ 127.491968267259367, 35.534260845281011 ], [ 127.492060788399499, 35.534253629976902 ], [ 127.492092592882912, 35.534251143472588 ], [ 127.492216743569102, 35.534213593620059 ], [ 127.492346392127885, 35.534139075748115 ], [ 127.492486820988702, 35.534004479606075 ], [ 127.492537171485452, 35.533907130925307 ], [ 127.492541977892685, 35.533773079867593 ], [ 127.492179071571996, 35.530797046782823 ], [ 127.491913761236702, 35.529942718862948 ], [ 127.49185675861473, 35.529869057109373 ], [ 127.49173216540072, 35.529832515870432 ], [ 127.491282399189018, 35.529302683829535 ], [ 127.491096954397349, 35.528559039958317 ], [ 127.491059915228931, 35.528032747819935 ], [ 127.491216831437583, 35.527003203539202 ], [ 127.491234266522909, 35.526951218382933 ], [ 127.492271763841003, 35.525523875154406 ], [ 127.493334393917351, 35.524480904216659 ], [ 127.49566369260917, 35.522963074729184 ], [ 127.49772991584318, 35.522437332829931 ], [ 127.500459247616121, 35.522058084567163 ], [ 127.500496271477047, 35.522041023092385 ], [ 127.500554346705911, 35.522014250566087 ], [ 127.501714712130791, 35.521452175167077 ], [ 127.501785407488839, 35.521390425327489 ], [ 127.501824321704504, 35.521348969734618 ], [ 127.501852862326587, 35.521134173443173 ], [ 127.501862408012158, 35.52075269448013 ], [ 127.501837778518208, 35.520389585668603 ], [ 127.501684441643832, 35.519449275944673 ], [ 127.501518990824565, 35.518495231844128 ], [ 127.501497557833616, 35.518448498724375 ], [ 127.50138311073583, 35.518198899792857 ], [ 127.501322176051431, 35.517991331366879 ], [ 127.501319791356536, 35.51783829328437 ], [ 127.501333999939632, 35.517728624290207 ], [ 127.501383814061171, 35.517602792510296 ], [ 127.502476661201896, 35.51601089906476 ], [ 127.502565436501328, 35.515910052954581 ], [ 127.504836814758875, 35.513833557107532 ], [ 127.510422203443312, 35.510151260870998 ], [ 127.512998474613823, 35.507333382425095 ], [ 127.514155045940214, 35.503877427660889 ], [ 127.515938796038441, 35.498801253330726 ], [ 127.521471957144144, 35.496368835369871 ], [ 127.521686545632306, 35.496285609815438 ], [ 127.52204072331611, 35.496210987443298 ], [ 127.522150448692329, 35.496203035358661 ], [ 127.522315352812285, 35.496225758617584 ], [ 127.52253769994023, 35.496284737006427 ], [ 127.522593917019009, 35.496301906913935 ], [ 127.522670653600301, 35.49632535848346 ], [ 127.522763303391727, 35.49635583191435 ], [ 127.522833444390628, 35.496378902316117 ], [ 127.522870036661146, 35.496395065034733 ], [ 127.522972163930021, 35.496404849492542 ], [ 127.523016593224355, 35.496409104121554 ], [ 127.523183258992972, 35.496413258668099 ], [ 127.523352821012637, 35.496405225451774 ], [ 127.524331088008879, 35.496274365735466 ], [ 127.524560558469602, 35.496243534425957 ], [ 127.524649211249795, 35.496231622418385 ], [ 127.52478589960684, 35.496201832993997 ], [ 127.525035415329626, 35.496135028141204 ], [ 127.526936090519328, 35.495540039505364 ], [ 127.527043431872883, 35.495463003846844 ], [ 127.527137497031802, 35.495395490912244 ], [ 127.527187394262043, 35.495290533385564 ], [ 127.528288011425673, 35.492025941271883 ], [ 127.52832242981178, 35.491828598960829 ], [ 127.528370400876469, 35.491426670666293 ], [ 127.528368478192704, 35.491132050188334 ], [ 127.526977442417106, 35.486351806026029 ], [ 127.526932144678767, 35.486249791107923 ], [ 127.526794188123048, 35.486082392229875 ], [ 127.526413541907374, 35.485653135294186 ], [ 127.526128865090143, 35.485342712042574 ], [ 127.525940324454496, 35.485173196060764 ], [ 127.52557541884994, 35.484894747550747 ], [ 127.524036980195433, 35.483939826345868 ], [ 127.523431106466589, 35.483662419904007 ], [ 127.523079040284614, 35.483510546105542 ], [ 127.52270571583837, 35.483374522162627 ], [ 127.522588865376193, 35.483334565758774 ], [ 127.521548326830796, 35.483249630089851 ], [ 127.521256872650866, 35.483234137855732 ], [ 127.51603448031625, 35.480672144366977 ], [ 127.515236529977557, 35.480261932690773 ], [ 127.514809589634012, 35.480008690708594 ], [ 127.514432129709959, 35.479756398874322 ], [ 127.514297541056933, 35.479661521973576 ], [ 127.514136458206082, 35.479523954732855 ], [ 127.514080673568742, 35.479450289194425 ], [ 127.514015545465725, 35.479293196555382 ], [ 127.514006234042796, 35.479197967482925 ] ] ] ] } },
{ "type": "Feature", "properties": { "OBJECTID": 2345, "adm_nm": "전북특별자치도 남원시 이백면", "adm_cd": "3505042", "adm_cd2": "4519042000", "sgg": "45190", "sido": "45", "sidonm": "전북특별자치도", "sggnm": "남원시" }, "geometry": { "type": "MultiPolygon", "coordinates": [ [ [ [ 127.4899038869587, 35.459118284210497 ], [ 127.491624743445868, 35.45782655529343 ], [ 127.49168359768251, 35.457777114164713 ], [ 127.491716722766114, 35.457735416639665 ], [ 127.491729623772926, 35.457709048014117 ], [ 127.491743423380299, 35.457667540310979 ], [ 127.491752621716174, 35.457606740035011 ], [ 127.491252194155479, 35.455210241947789 ], [ 127.491231905570629, 35.455134622300875 ], [ 127.491203137442696, 35.455075971578879 ], [ 127.491164656481473, 35.455015464489229 ], [ 127.491121016763159, 35.454957962294394 ], [ 127.491076016943268, 35.454913072630276 ], [ 127.490967695676275, 35.454832033632847 ], [ 127.490907526288353, 35.454792996451495 ], [ 127.490857709622802, 35.454769405739185 ], [ 127.490723104079549, 35.454715037915172 ], [ 127.490670902412759, 35.454685127093015 ], [ 127.490645157526757, 35.454665527166348 ], [ 127.490591318241172, 35.45461760249335 ], [ 127.490570914060626, 35.454594806524227 ], [ 127.490544345105391, 35.45455488543228 ], [ 127.490487876482788, 35.454451644466836 ], [ 127.489119794362708, 35.451882259368602 ], [ 127.48909168020819, 35.4518234305406 ], [ 127.489048726280004, 35.451697331668775 ], [ 127.489034184732034, 35.451641052194525 ], [ 127.489030646788379, 35.45154842622631 ], [ 127.489036899888617, 35.451470966447815 ], [ 127.489066103334778, 35.451345258220208 ], [ 127.489104724859018, 35.45131936555422 ], [ 127.497667136090328, 35.4485836407625 ], [ 127.499531926664105, 35.446407536174931 ], [ 127.499370028830185, 35.446354840501272 ], [ 127.499067500778239, 35.446199157601036 ], [ 127.498883464474716, 35.446075463908656 ], [ 127.498800966382788, 35.44600478061075 ], [ 127.498701274488468, 35.445876848658344 ], [ 127.498615870555724, 35.445709274527999 ], [ 127.498149418161532, 35.444775296074567 ], [ 127.49722707761633, 35.44263507998788 ], [ 127.497150256693033, 35.442409247503264 ], [ 127.49710766602405, 35.44223519014664 ], [ 127.496811055160691, 35.440615879380537 ], [ 127.497072204117885, 35.439451137389433 ], [ 127.497402770077315, 35.438239150859303 ], [ 127.497388450595636, 35.437376480151769 ], [ 127.497353740274562, 35.437318580790702 ], [ 127.49732821341604, 35.437287591328001 ], [ 127.496633775905508, 35.436521182913488 ], [ 127.496043376734775, 35.435873662058086 ], [ 127.49588587789026, 35.435744168458434 ], [ 127.495732838758812, 35.435605919503708 ], [ 127.495614012846943, 35.435480833410367 ], [ 127.495538816126896, 35.435375522642005 ], [ 127.495503552687651, 35.435318080762514 ], [ 127.495481134771168, 35.435235053304353 ], [ 127.495473148574362, 35.435190540709037 ], [ 127.495395549985858, 35.434494815574482 ], [ 127.495401985717805, 35.434465752891676 ], [ 127.496859529552125, 35.432976249507561 ], [ 127.498604356519962, 35.431885082211863 ], [ 127.498931526474578, 35.431813509312157 ], [ 127.499041477826594, 35.431767918602851 ], [ 127.499096830471657, 35.431723801643436 ], [ 127.499209037191818, 35.431634370226682 ], [ 127.499297363510479, 35.431546300104166 ], [ 127.499379267142928, 35.431415561493964 ], [ 127.499445699620324, 35.431279900485286 ], [ 127.499463134394944, 35.431181380322684 ], [ 127.49946943514189, 35.431145683748042 ], [ 127.499321983658973, 35.429087900520209 ], [ 127.498924945169733, 35.427322914423208 ], [ 127.49865246347521, 35.426561801415296 ], [ 127.498642699247441, 35.42653118023572 ], [ 127.49860789441874, 35.426421997148218 ], [ 127.498595549562594, 35.426366994492582 ], [ 127.498582392159904, 35.426287552676001 ], [ 127.49850522447619, 35.425789346169402 ], [ 127.498493223358324, 35.42568213438944 ], [ 127.498549963830357, 35.423158976040163 ], [ 127.499980192374892, 35.419745164431312 ], [ 127.500279758520051, 35.419042343890126 ], [ 127.500475190722554, 35.418702483230732 ], [ 127.500607233317012, 35.41856511684253 ], [ 127.500827485379887, 35.418439259701927 ], [ 127.500925309609954, 35.418383347511309 ], [ 127.501144327998389, 35.418172439568181 ], [ 127.501181755775718, 35.418082067250374 ], [ 127.501585853302586, 35.417086438140331 ], [ 127.501638168987213, 35.416946239425755 ], [ 127.501677006174347, 35.41646083011743 ], [ 127.501679114460487, 35.416197903211412 ], [ 127.501605854843191, 35.416011643741342 ], [ 127.501555823718931, 35.41589926144453 ], [ 127.501497996195823, 35.415769366751668 ], [ 127.50142916285678, 35.41569501487723 ], [ 127.500577440456055, 35.414965965013188 ], [ 127.500493685242191, 35.414935127851678 ], [ 127.500159396626287, 35.414930295738614 ], [ 127.500010902244099, 35.414907012604168 ], [ 127.4999275217872, 35.414893933681789 ], [ 127.499596158408863, 35.414756852978357 ], [ 127.499454975365325, 35.414660988268324 ], [ 127.498729536262786, 35.41405424888665 ], [ 127.498672161690692, 35.413996977011038 ], [ 127.498362326127406, 35.413652975053601 ], [ 127.498289649362079, 35.413563046550586 ], [ 127.497352129774342, 35.411256224310996 ], [ 127.497003288689086, 35.410077682360203 ], [ 127.496640869072039, 35.408710710456646 ], [ 127.496530666983105, 35.408367479825536 ], [ 127.496473796531603, 35.40826848868754 ], [ 127.495901596582456, 35.40762017747015 ], [ 127.494841575878496, 35.407760158355231 ], [ 127.492638096584599, 35.407683689610536 ], [ 127.492361037807356, 35.407652924103054 ], [ 127.492304669635772, 35.407635393604316 ], [ 127.49210864706339, 35.40757020187462 ], [ 127.49073034720962, 35.407100997773746 ], [ 127.489919724557268, 35.406803058113596 ], [ 127.489774459384137, 35.40673757376522 ], [ 127.488742071772649, 35.40624928165122 ], [ 127.487384120203714, 35.405328552832565 ], [ 127.487358126637062, 35.405307393910682 ], [ 127.487048951996627, 35.404968392102518 ], [ 127.486974899375781, 35.404883690789774 ], [ 127.486763207587387, 35.40440477991411 ], [ 127.483172818882053, 35.40250910074073 ], [ 127.481636952641253, 35.401954336775724 ], [ 127.481308757661722, 35.401818188031392 ], [ 127.481183332971966, 35.401755595282204 ], [ 127.481150348913744, 35.401725533398356 ], [ 127.476867830290345, 35.397711728736908 ], [ 127.475644767722486, 35.395982670698935 ], [ 127.475599269231779, 35.395899041949725 ], [ 127.475438827731864, 35.39573879352286 ], [ 127.475123559774488, 35.395510374554775 ], [ 127.474897723680343, 35.395367058186302 ], [ 127.474065561861323, 35.394874677711684 ], [ 127.473995804645881, 35.394841424795679 ], [ 127.471308338831093, 35.395421802833802 ], [ 127.468084417671733, 35.396209964957393 ], [ 127.467944222067544, 35.396293702489331 ], [ 127.467669102149671, 35.396533969695831 ], [ 127.467525489843609, 35.396691256262926 ], [ 127.467514047001686, 35.396752041177393 ], [ 127.466740101040699, 35.397786295723662 ], [ 127.466047582123267, 35.398625735635271 ], [ 127.465857232813391, 35.398812062902735 ], [ 127.464165159259522, 35.400323282028459 ], [ 127.464049279597901, 35.40040647847507 ], [ 127.458838272479412, 35.403930774214032 ], [ 127.458737072390903, 35.403984063464307 ], [ 127.458506876939211, 35.404060478956502 ], [ 127.458189076299419, 35.404159844030453 ], [ 127.450930331856327, 35.406252497172623 ], [ 127.45022774019499, 35.406413281929559 ], [ 127.450121791410155, 35.406425034950558 ], [ 127.449531360512225, 35.406461193364443 ], [ 127.449320949962697, 35.406473243729572 ], [ 127.448960573698827, 35.406383911896626 ], [ 127.448654121028611, 35.406301536768652 ], [ 127.448517035076577, 35.406264696046321 ], [ 127.447877382936582, 35.406199016312094 ], [ 127.447399208353417, 35.40616850164453 ], [ 127.447111008942542, 35.406169565119193 ], [ 127.446715574103891, 35.406231057458363 ], [ 127.446476543712862, 35.406303945756179 ], [ 127.446061922279654, 35.406441580924763 ], [ 127.445894371129114, 35.406501495887134 ], [ 127.445821218488817, 35.406529803006308 ], [ 127.445772551764264, 35.406569991737705 ], [ 127.444319672470115, 35.407530084210109 ], [ 127.441750855035551, 35.409031056034891 ], [ 127.440016075208391, 35.409408254689659 ], [ 127.437958850361952, 35.409563252653982 ], [ 127.434158937384211, 35.408997288015016 ], [ 127.429331987846197, 35.407296680408955 ], [ 127.42732535017845, 35.406560451128719 ], [ 127.426184462979293, 35.406047218186146 ], [ 127.426137952921266, 35.406039354126719 ], [ 127.42610138992589, 35.406053465649677 ], [ 127.42318733864515, 35.407301251715978 ], [ 127.420226953112689, 35.409010691984122 ], [ 127.419296004897021, 35.409820677359036 ], [ 127.416796167733892, 35.410732333411659 ], [ 127.416590199584675, 35.410778733500926 ], [ 127.416361495898911, 35.410729320037483 ], [ 127.415245698573045, 35.410322147584999 ], [ 127.413819383434642, 35.412442015356639 ], [ 127.410697046572125, 35.414310752870129 ], [ 127.406898917498239, 35.414864117992273 ], [ 127.405232983469588, 35.41526529793007 ], [ 127.404510433122368, 35.415401685272052 ], [ 127.404285282978492, 35.415543833911244 ], [ 127.404187071683481, 35.415891866496636 ], [ 127.404326126389407, 35.417442904204194 ], [ 127.40522469280566, 35.419066241458232 ], [ 127.406358811619867, 35.418800947115301 ], [ 127.410242250419572, 35.420480878434013 ], [ 127.41064326724711, 35.420672581053601 ], [ 127.411620136144137, 35.421198821206438 ], [ 127.412072156771075, 35.421616818776876 ], [ 127.412299570510669, 35.42210180711664 ], [ 127.412518027662557, 35.422594198515874 ], [ 127.412560735607173, 35.422720298840773 ], [ 127.41369667023902, 35.424774979337379 ], [ 127.414675560330053, 35.426545484936099 ], [ 127.415554250447457, 35.428043688595004 ], [ 127.416356049650602, 35.429402442503111 ], [ 127.417397315251549, 35.431152415065455 ], [ 127.41819559251698, 35.432457584020959 ], [ 127.419104333885016, 35.433714087534156 ], [ 127.419745863802746, 35.434254643041115 ], [ 127.422484869594427, 35.43599442670439 ], [ 127.42657204592949, 35.437939402854923 ], [ 127.427353981436809, 35.438275717732779 ], [ 127.42805236295311, 35.438617283249748 ], [ 127.428488484402337, 35.43884548123777 ], [ 127.428973875657107, 35.439144169196489 ], [ 127.429422349704808, 35.439477866526794 ], [ 127.430066865197531, 35.440001034633276 ], [ 127.430569134070709, 35.440447842782113 ], [ 127.430979072652889, 35.440845025408407 ], [ 127.431219991256071, 35.441144667003144 ], [ 127.431616297686858, 35.441670151148621 ], [ 127.431969027334333, 35.442159110382278 ], [ 127.432060427145558, 35.442341748026436 ], [ 127.432195195161214, 35.44268520708075 ], [ 127.432394982573115, 35.443345342785072 ], [ 127.432519539677713, 35.443758580150707 ], [ 127.435420308676797, 35.455560656058104 ], [ 127.435627851291741, 35.456587947082461 ], [ 127.435778170823937, 35.457359271911834 ], [ 127.435788916265182, 35.457432054579556 ], [ 127.435802196828178, 35.457620846383968 ], [ 127.435813389550006, 35.457659199700551 ], [ 127.43582838544539, 35.457704471791658 ], [ 127.435897544914909, 35.457863208861262 ], [ 127.436110041034695, 35.458293992441746 ], [ 127.436164330484729, 35.458394113462859 ], [ 127.436404468811787, 35.458798552423026 ], [ 127.436631033281657, 35.45914249846399 ], [ 127.436701172242962, 35.459237594397031 ], [ 127.436978995010548, 35.459563504267201 ], [ 127.437047339688803, 35.459634279067792 ], [ 127.437145466052272, 35.459730113373034 ], [ 127.437293850886149, 35.459875018542434 ], [ 127.43741033513902, 35.459983561359131 ], [ 127.437823910736569, 35.460336556455367 ], [ 127.438435674279177, 35.46081094200229 ], [ 127.438934629301542, 35.461183462865293 ], [ 127.439409101746975, 35.461467451010883 ], [ 127.440294148920984, 35.461950659679367 ], [ 127.446214258398157, 35.46511363993703 ], [ 127.446928183990124, 35.465460630890817 ], [ 127.447876905796235, 35.465909037682906 ], [ 127.44815796204189, 35.466011554681309 ], [ 127.448390297006256, 35.466067565275956 ], [ 127.456161383524275, 35.467641956025417 ], [ 127.456569765849508, 35.467656097642589 ], [ 127.456797758324612, 35.46764513755889 ], [ 127.456859196146056, 35.467638523210667 ], [ 127.456897150356838, 35.467628909593863 ], [ 127.45693122259793, 35.467613265985719 ], [ 127.456961712839103, 35.46759124895857 ], [ 127.456989981404277, 35.467562403654256 ], [ 127.458196262701293, 35.466159560609512 ], [ 127.458563881123879, 35.466255508316955 ], [ 127.458906733385589, 35.466334895337695 ], [ 127.458949308223865, 35.466342382902766 ], [ 127.459003093150599, 35.466347679585127 ], [ 127.459076820739739, 35.466350467334713 ], [ 127.459122083099146, 35.466348391688754 ], [ 127.462090351283081, 35.46576134961564 ], [ 127.46218199797211, 35.465739017736318 ], [ 127.462254339157269, 35.465712325565221 ], [ 127.462298164331202, 35.465688012081422 ], [ 127.463413921104717, 35.465026968059696 ], [ 127.46553735150485, 35.463979628697864 ], [ 127.46559382310123, 35.463954528654412 ], [ 127.465639128580307, 35.463938218539646 ], [ 127.466080872296232, 35.463801516120192 ], [ 127.466354357289077, 35.463734666743186 ], [ 127.47909642537806, 35.461124240714945 ], [ 127.479197244404929, 35.461145911864399 ], [ 127.479265936294695, 35.461155397585379 ], [ 127.479443321039255, 35.461159117579015 ], [ 127.480820722200704, 35.46110849160177 ], [ 127.480893945113934, 35.461103245544784 ], [ 127.481041196323332, 35.461079579947487 ], [ 127.481806622124708, 35.460765846187059 ], [ 127.482012867143737, 35.460677148631014 ], [ 127.482063613886638, 35.460651260064758 ], [ 127.482158967068656, 35.460586812519416 ], [ 127.48219862758819, 35.460552210269157 ], [ 127.482975842804393, 35.459835368661714 ], [ 127.48320746258841, 35.459603718280739 ], [ 127.483281509964897, 35.45951599913348 ], [ 127.483476659069851, 35.459265197888769 ], [ 127.483551510179012, 35.4591458307683 ], [ 127.483743368857404, 35.458824568085163 ], [ 127.483959397761382, 35.458384606290977 ], [ 127.484266790765446, 35.457581028190994 ], [ 127.484282701564666, 35.457549412999583 ], [ 127.484349971138414, 35.457452991111751 ], [ 127.484384991784793, 35.457424189807504 ], [ 127.484425857470441, 35.457413300136963 ], [ 127.484510018309393, 35.457411341705431 ], [ 127.484609203606865, 35.457418988881507 ], [ 127.484830315503672, 35.45744240994874 ], [ 127.484968074732123, 35.457472147320026 ], [ 127.486182916087273, 35.45775109426345 ], [ 127.487304701297973, 35.458051030067963 ], [ 127.487613860194031, 35.458133794545368 ], [ 127.489517380852732, 35.458658604961883 ], [ 127.489582809367235, 35.458713855394222 ], [ 127.489653850143171, 35.458782426726636 ], [ 127.4899038869587, 35.459118284210497 ] ] ] ] } },
{ "type": "Feature", "properties": { "OBJECTID": 2346, "adm_nm": "전북특별자치도 남원시 인월면", "adm_cd": "3505043", "adm_cd2": "4519047000", "sgg": "45190", "sido": "45", "sidonm": "전북특별자치도", "sggnm": "남원시" }, "geometry": { "type": "MultiPolygon", "coordinates": [ [ [ [ 127.650835392314235, 35.497632191004946 ], [ 127.650558448914595, 35.496617430804143 ], [ 127.650410567580209, 35.495516033492329 ], [ 127.650136910631559, 35.491447480790832 ], [ 127.650121357684284, 35.490998205285628 ], [ 127.650116788094053, 35.49086615510803 ], [ 127.65011991367615, 35.490839487939873 ], [ 127.650189094612017, 35.490250278683014 ], [ 127.650203510459974, 35.490127510996821 ], [ 127.650490219060558, 35.489286680083445 ], [ 127.65151832531987, 35.48768347542822 ], [ 127.652722238660658, 35.485669759319549 ], [ 127.652669927250969, 35.485311071502942 ], [ 127.652087109954905, 35.485051316569425 ], [ 127.650825145224644, 35.484705385678488 ], [ 127.645774118928813, 35.48243080159466 ], [ 127.643423891577825, 35.481277602883239 ], [ 127.638903148760178, 35.479504518585806 ], [ 127.637949914396501, 35.479261801718394 ], [ 127.637411850979731, 35.479015491835234 ], [ 127.637218360225262, 35.478926910839043 ], [ 127.636769952838577, 35.478464103869548 ], [ 127.636694413583328, 35.478191759200413 ], [ 127.636652331463452, 35.478040035630826 ], [ 127.636692830584366, 35.477690957950877 ], [ 127.637168681409534, 35.476540751871269 ], [ 127.637536263929547, 35.474976530819418 ], [ 127.63784184183838, 35.473387345048963 ], [ 127.637861846759037, 35.470828908485423 ], [ 127.636671856960831, 35.465749161697786 ], [ 127.636296434102036, 35.464182953005611 ], [ 127.636134565080141, 35.463766754306832 ], [ 127.635955837961546, 35.463413034220167 ], [ 127.635697477241123, 35.463033903146268 ], [ 127.63567822505712, 35.462548624768026 ], [ 127.635701024326991, 35.462305817019626 ], [ 127.636255224858218, 35.460917574386663 ], [ 127.636925075478047, 35.459316361067671 ], [ 127.636962717314816, 35.45926095463269 ], [ 127.637218127780656, 35.458885048493755 ], [ 127.639679014937698, 35.456126673025025 ], [ 127.643682959462026, 35.451347781414725 ], [ 127.645073219439226, 35.449510140557116 ], [ 127.643644885737359, 35.44864224308337 ], [ 127.639189120221374, 35.446096654668999 ], [ 127.639111895583071, 35.446057435077812 ], [ 127.638704465633239, 35.445850575900316 ], [ 127.638471036622263, 35.445732076789639 ], [ 127.637453986989883, 35.445491825831525 ], [ 127.636958053575938, 35.445503882200008 ], [ 127.63640516752713, 35.445610715728662 ], [ 127.635990869432092, 35.445735669495242 ], [ 127.634903582596095, 35.446100312824377 ], [ 127.634281702093617, 35.446235819393493 ], [ 127.623892712628589, 35.447612201156232 ], [ 127.622112694534877, 35.447732329979132 ], [ 127.618172699338942, 35.447523773372367 ], [ 127.618070496060326, 35.447511224645389 ], [ 127.618039931617531, 35.44749999439324 ], [ 127.617988089011135, 35.44748091329194 ], [ 127.617838963545282, 35.447408660605483 ], [ 127.617677370300555, 35.447278089514285 ], [ 127.61607123538225, 35.445955160321184 ], [ 127.614027636402369, 35.444176919298279 ], [ 127.609357510490383, 35.439809420332104 ], [ 127.609321311613769, 35.439741469296912 ], [ 127.609194480032997, 35.439072876181037 ], [ 127.608744833090924, 35.43599559775803 ], [ 127.608725512724547, 35.435856982075705 ], [ 127.608725074981493, 35.435785420748651 ], [ 127.608748481804454, 35.435688954323624 ], [ 127.608800947110552, 35.435518882933351 ], [ 127.608834455606441, 35.435465812391534 ], [ 127.608923116042959, 35.435392357445004 ], [ 127.609000084463062, 35.435348163443287 ], [ 127.609231607709745, 35.435308071174255 ], [ 127.609676610548931, 35.435203627603222 ], [ 127.610035238945287, 35.435087341842475 ], [ 127.610081776549663, 35.43507224589937 ], [ 127.610320105645343, 35.43492845228743 ], [ 127.610822999057149, 35.434614423988172 ], [ 127.610952138308761, 35.434522305309549 ], [ 127.611197096526297, 35.434299915345363 ], [ 127.611324019426007, 35.434184683769836 ], [ 127.611621404834708, 35.433825473432407 ], [ 127.611785850331358, 35.43355207744257 ], [ 127.611879489499884, 35.433366656029442 ], [ 127.612002193874631, 35.43307888144777 ], [ 127.612065654982644, 35.432835224974085 ], [ 127.612087943374391, 35.432635563535896 ], [ 127.612069442456061, 35.432548045706802 ], [ 127.611969760073848, 35.432327102377975 ], [ 127.611861297475457, 35.432137828652515 ], [ 127.611242580396777, 35.431269768487908 ], [ 127.610047358589384, 35.429621027522799 ], [ 127.609651398843226, 35.429126586558809 ], [ 127.608614669911859, 35.428044842442191 ], [ 127.608412243389765, 35.427938322263309 ], [ 127.608226025326388, 35.427878423899479 ], [ 127.605098683422767, 35.425912772829477 ], [ 127.602715268274295, 35.423319725397214 ], [ 127.60052207407945, 35.420966886683416 ], [ 127.598555729883174, 35.419143012607343 ], [ 127.597028815290727, 35.417813402567376 ], [ 127.59692366316132, 35.417767586908433 ], [ 127.594745714436414, 35.416926212276273 ], [ 127.594681304855769, 35.416907235503103 ], [ 127.594595536761275, 35.41688197537708 ], [ 127.594433880861743, 35.416847339354433 ], [ 127.594178249472819, 35.416851294464841 ], [ 127.594035159899519, 35.416858853848126 ], [ 127.59389378338372, 35.416870447656798 ], [ 127.591995949886396, 35.417339143312489 ], [ 127.591954488300217, 35.417361151570603 ], [ 127.591779409765991, 35.417539209043873 ], [ 127.59161992298192, 35.417713133747441 ], [ 127.59154083663752, 35.417814447133175 ], [ 127.591475355198483, 35.41796880870335 ], [ 127.591402374103666, 35.418121861258811 ], [ 127.591377709515697, 35.418144527454139 ], [ 127.591307806694417, 35.418168628165297 ], [ 127.590831412659085, 35.418248659057028 ], [ 127.590217705733025, 35.418325290393028 ], [ 127.588003706911763, 35.418473684323949 ], [ 127.587794789595449, 35.418482901879472 ], [ 127.587689894608914, 35.418471140813253 ], [ 127.587571392367039, 35.41843766351036 ], [ 127.58617095505403, 35.418038222393889 ], [ 127.58572582355076, 35.417841281021346 ], [ 127.585553837987888, 35.417764421016074 ], [ 127.585194247129735, 35.417658452617545 ], [ 127.584830578405189, 35.417552511257306 ], [ 127.584669829810068, 35.41753697267022 ], [ 127.584536593062836, 35.417534911886129 ], [ 127.584413460850456, 35.417544964296297 ], [ 127.584337058820523, 35.41756173484783 ], [ 127.583931136037336, 35.417719088740839 ], [ 127.583839836436894, 35.417761808903229 ], [ 127.577337904544066, 35.4208084626203 ], [ 127.576120587934113, 35.421642180120799 ], [ 127.576339807475506, 35.42178924567439 ], [ 127.576579236692979, 35.422012876872436 ], [ 127.57671609966782, 35.422167606819123 ], [ 127.578236550159417, 35.424447314663091 ], [ 127.580168951847071, 35.42727013803534 ], [ 127.581650047439354, 35.428901603942705 ], [ 127.581723644383629, 35.428937741275604 ], [ 127.582261614450758, 35.429342092284145 ], [ 127.582312928615906, 35.42938880220067 ], [ 127.583402930264882, 35.430802464183493 ], [ 127.583496682855895, 35.430992465327421 ], [ 127.583955748624831, 35.432364812392798 ], [ 127.583965654461707, 35.432424710374029 ], [ 127.583963195600575, 35.432510800817305 ], [ 127.583706581607728, 35.433149784464803 ], [ 127.583605981563963, 35.433340718005034 ], [ 127.583524068019187, 35.433466306466727 ], [ 127.583441889607343, 35.433555389671483 ], [ 127.583226419226477, 35.433714246526108 ], [ 127.583029606124128, 35.433803874571602 ], [ 127.582820401636084, 35.433961351326872 ], [ 127.581933358234821, 35.434638526839237 ], [ 127.58164219506655, 35.434900761883917 ], [ 127.581561389190171, 35.434997492706245 ], [ 127.581435338017471, 35.435185935807368 ], [ 127.581359894295062, 35.435340149412511 ], [ 127.581335158335278, 35.435436798101939 ], [ 127.581332644301014, 35.435533340749203 ], [ 127.581336660908391, 35.43742820957597 ], [ 127.581690678687025, 35.442810124606964 ], [ 127.58212504045575, 35.444477778500698 ], [ 127.582192924896063, 35.444606608171583 ], [ 127.582755790797123, 35.445470951273421 ], [ 127.583306604093863, 35.446297774834349 ], [ 127.583764253026686, 35.448501492380224 ], [ 127.583829771509741, 35.451402987498334 ], [ 127.58379493558715, 35.452317330494822 ], [ 127.583786263986426, 35.452442566732188 ], [ 127.583719040766596, 35.452835401594491 ], [ 127.583670182205083, 35.453049104785343 ], [ 127.583622531933287, 35.453078228581326 ], [ 127.583489648236409, 35.453103371824788 ], [ 127.583118886931956, 35.453120123833315 ], [ 127.582982578969407, 35.45312898370193 ], [ 127.582863049301977, 35.453156784233876 ], [ 127.58273381972117, 35.453214532355716 ], [ 127.582418915539833, 35.453371259808982 ], [ 127.582116035858789, 35.453559205108085 ], [ 127.580150380439591, 35.454946079484863 ], [ 127.580001729063056, 35.45509099987121 ], [ 127.579866859552951, 35.455301289672292 ], [ 127.579484859471322, 35.4560748163127 ], [ 127.579373548379834, 35.456312195291815 ], [ 127.579179562923798, 35.456867062448254 ], [ 127.579045210048804, 35.45738090634935 ], [ 127.578982016485142, 35.457849434900432 ], [ 127.578962870624494, 35.458191113920748 ], [ 127.578966289213469, 35.458669321576224 ], [ 127.578966549521724, 35.458705638186899 ], [ 127.578951552519442, 35.458934380503806 ], [ 127.578927524847686, 35.459055636388996 ], [ 127.578781237772631, 35.459535355598931 ], [ 127.578712745771782, 35.459723529416877 ], [ 127.578615917968463, 35.459910458400678 ], [ 127.578164665926266, 35.460522439779908 ], [ 127.577433465139947, 35.461303108861841 ], [ 127.57711476537429, 35.461627200858203 ], [ 127.57681755759404, 35.461922613173805 ], [ 127.576572887013299, 35.462138832486197 ], [ 127.576344461907198, 35.462286920385431 ], [ 127.575930249133705, 35.462503853222927 ], [ 127.576240854184007, 35.462449287349159 ], [ 127.576506737705316, 35.462426302239855 ], [ 127.576616600296248, 35.462431180048064 ], [ 127.576932892794147, 35.462478706331126 ], [ 127.577350864741092, 35.462557021083079 ], [ 127.577417524546917, 35.462573014636121 ], [ 127.577530923484133, 35.462610602107183 ], [ 127.579073684269602, 35.46321429961916 ], [ 127.586829130681139, 35.464391074449352 ], [ 127.586922356963214, 35.464409652177359 ], [ 127.58701579090426, 35.464441918004219 ], [ 127.587584482817022, 35.464882855612586 ], [ 127.587609761618694, 35.464935818755116 ], [ 127.58762133068447, 35.4651481095962 ], [ 127.587583943286347, 35.465507545032779 ], [ 127.587531098097045, 35.465786838212907 ], [ 127.587492031036419, 35.465898620949432 ], [ 127.587271827663656, 35.466267222494643 ], [ 127.587112957414192, 35.466598767446364 ], [ 127.586851437836557, 35.467469694480087 ], [ 127.586809579382361, 35.467668623965423 ], [ 127.586827185586912, 35.467801944542217 ], [ 127.586958620913137, 35.468714583783317 ], [ 127.587347718082043, 35.470076535310653 ], [ 127.589022170633982, 35.473441201872234 ], [ 127.589129364848716, 35.473546860163786 ], [ 127.589283074803731, 35.473638659504914 ], [ 127.590396923146926, 35.474233407986226 ], [ 127.59056705975199, 35.474311535734358 ], [ 127.592825300641394, 35.475016773080412 ], [ 127.59394807776539, 35.47532474529504 ], [ 127.594875049291517, 35.475397567809793 ], [ 127.595530481314597, 35.475423741210854 ], [ 127.596540453410057, 35.475460939461144 ], [ 127.596710108312593, 35.475457389901848 ], [ 127.598714627439023, 35.475141966863426 ], [ 127.601246651926814, 35.479126350006617 ], [ 127.601937490738067, 35.480276755588889 ], [ 127.602175507129957, 35.480678612545994 ], [ 127.6022515539225, 35.480866407876405 ], [ 127.602290567177192, 35.480962763541605 ], [ 127.602710098969126, 35.482684038544022 ], [ 127.603907554756574, 35.486316831055596 ], [ 127.606221961054203, 35.492444034642276 ], [ 127.607319169926384, 35.495308124450325 ], [ 127.607415468363044, 35.495496290260917 ], [ 127.60767089262788, 35.495812985962417 ], [ 127.607958212608338, 35.496151766017363 ], [ 127.608258133489798, 35.496361072351583 ], [ 127.608448905650732, 35.496493231860086 ], [ 127.60872561409677, 35.49663604532811 ], [ 127.608993180802969, 35.496749348462124 ], [ 127.609183506831769, 35.496822387440858 ], [ 127.609256223308151, 35.496862666818444 ], [ 127.609511093544569, 35.497105458219671 ], [ 127.609948668195528, 35.497591372049463 ], [ 127.610359770165303, 35.498162524323774 ], [ 127.610634231188001, 35.498604836568326 ], [ 127.611064808232712, 35.499360738502546 ], [ 127.611275987484731, 35.499784989290447 ], [ 127.612801753184229, 35.503036405560877 ], [ 127.612935732146141, 35.503393364378006 ], [ 127.613402072187256, 35.505034937978529 ], [ 127.613465579463181, 35.505284363538344 ], [ 127.613461426776396, 35.505420027923208 ], [ 127.613382627692459, 35.50584322057685 ], [ 127.613352800969039, 35.505979105634658 ], [ 127.613390142631175, 35.506165669841771 ], [ 127.613484124298054, 35.506377634854253 ], [ 127.615131552851295, 35.508207786021217 ], [ 127.615237103660945, 35.508258439219055 ], [ 127.615444304145328, 35.508356620282328 ], [ 127.615696392711939, 35.508457643284949 ], [ 127.615883864811423, 35.508484159929772 ], [ 127.618282384924925, 35.508568356209963 ], [ 127.618366991838826, 35.50856199672068 ], [ 127.623538023023542, 35.507443255601643 ], [ 127.62816116557596, 35.506104981791758 ], [ 127.630471289462363, 35.506310991097656 ], [ 127.635599392892502, 35.508042909393133 ], [ 127.635799669944845, 35.508127746530349 ], [ 127.635904955667996, 35.50818622643876 ], [ 127.636206167868139, 35.508403823373847 ], [ 127.636565757019937, 35.50870269199234 ], [ 127.636920271503627, 35.509027361081202 ], [ 127.637093660408652, 35.509191064747434 ], [ 127.638217151973748, 35.50772268431367 ], [ 127.638719579051937, 35.507739040972417 ], [ 127.639072172661443, 35.507681291688819 ], [ 127.639337347767807, 35.507608428534105 ], [ 127.639492176420106, 35.507550273297433 ], [ 127.639530341074206, 35.507535931422701 ], [ 127.639632300816146, 35.507467072130758 ], [ 127.641865299788748, 35.505058460610073 ], [ 127.641916572851102, 35.50496460431004 ], [ 127.642828883319353, 35.503246005301179 ], [ 127.642904774036182, 35.503102175110797 ], [ 127.642939424567956, 35.50303649623028 ], [ 127.64292553394904, 35.502927344116536 ], [ 127.642905623051846, 35.502770990489246 ], [ 127.642929145054794, 35.502619202852621 ], [ 127.643538893852593, 35.501205341131808 ], [ 127.643755577598611, 35.500857845230101 ], [ 127.644481507818796, 35.499693661607878 ], [ 127.644945924115206, 35.499044017662584 ], [ 127.645822686356851, 35.498189941986112 ], [ 127.646214455846348, 35.498117072881143 ], [ 127.649268810893915, 35.497875644007706 ], [ 127.650835392314235, 35.497632191004946 ] ] ] ] } },
{ "type": "Feature", "properties": { "OBJECTID": 2347, "adm_nm": "전북특별자치도 남원시 아영면", "adm_cd": "3505044", "adm_cd2": "4519045000", "sgg": "45190", "sido": "45", "sidonm": "전북특별자치도", "sggnm": "남원시" }, "geometry": { "type": "MultiPolygon", "coordinates": [ [ [ [ 127.637093660408652, 35.509191064747434 ], [ 127.636920271503627, 35.509027361081202 ], [ 127.636565757019937, 35.50870269199234 ], [ 127.636206167868139, 35.508403823373847 ], [ 127.635904955667996, 35.50818622643876 ], [ 127.635799669944845, 35.508127746530349 ], [ 127.635599392892502, 35.508042909393133 ], [ 127.630471289462363, 35.506310991097656 ], [ 127.62816116557596, 35.506104981791758 ], [ 127.623538023023542, 35.507443255601643 ], [ 127.618366991838826, 35.50856199672068 ], [ 127.618282384924925, 35.508568356209963 ], [ 127.615883864811423, 35.508484159929772 ], [ 127.615696392711939, 35.508457643284949 ], [ 127.615444304145328, 35.508356620282328 ], [ 127.615237103660945, 35.508258439219055 ], [ 127.615131552851295, 35.508207786021217 ], [ 127.613484124298054, 35.506377634854253 ], [ 127.613390142631175, 35.506165669841771 ], [ 127.613352800969039, 35.505979105634658 ], [ 127.613382627692459, 35.50584322057685 ], [ 127.613461426776396, 35.505420027923208 ], [ 127.613465579463181, 35.505284363538344 ], [ 127.613402072187256, 35.505034937978529 ], [ 127.612935732146141, 35.503393364378006 ], [ 127.612801753184229, 35.503036405560877 ], [ 127.611275987484731, 35.499784989290447 ], [ 127.611064808232712, 35.499360738502546 ], [ 127.610634231188001, 35.498604836568326 ], [ 127.610359770165303, 35.498162524323774 ], [ 127.609948668195528, 35.497591372049463 ], [ 127.609511093544569, 35.497105458219671 ], [ 127.609256223308151, 35.496862666818444 ], [ 127.609183506831769, 35.496822387440858 ], [ 127.608993180802969, 35.496749348462124 ], [ 127.60872561409677, 35.49663604532811 ], [ 127.608448905650732, 35.496493231860086 ], [ 127.608258133489798, 35.496361072351583 ], [ 127.607958212608338, 35.496151766017363 ], [ 127.60767089262788, 35.495812985962417 ], [ 127.607415468363044, 35.495496290260917 ], [ 127.607319169926384, 35.495308124450325 ], [ 127.606221961054203, 35.492444034642276 ], [ 127.603907554756574, 35.486316831055596 ], [ 127.602710098969126, 35.482684038544022 ], [ 127.602290567177192, 35.480962763541605 ], [ 127.6022515539225, 35.480866407876405 ], [ 127.602175507129957, 35.480678612545994 ], [ 127.601937490738067, 35.480276755588889 ], [ 127.601246651926814, 35.479126350006617 ], [ 127.598714627439023, 35.475141966863426 ], [ 127.596710108312593, 35.475457389901848 ], [ 127.596540453410057, 35.475460939461144 ], [ 127.595530481314597, 35.475423741210854 ], [ 127.594875049291517, 35.475397567809793 ], [ 127.59394807776539, 35.47532474529504 ], [ 127.592825300641394, 35.475016773080412 ], [ 127.59056705975199, 35.474311535734358 ], [ 127.590396923146926, 35.474233407986226 ], [ 127.589283074803731, 35.473638659504914 ], [ 127.589129364848716, 35.473546860163786 ], [ 127.589022170633982, 35.473441201872234 ], [ 127.587347718082043, 35.470076535310653 ], [ 127.586958620913137, 35.468714583783317 ], [ 127.586827185586912, 35.467801944542217 ], [ 127.586809579382361, 35.467668623965423 ], [ 127.586851437836557, 35.467469694480087 ], [ 127.587112957414192, 35.466598767446364 ], [ 127.587271827663656, 35.466267222494643 ], [ 127.587492031036419, 35.465898620949432 ], [ 127.587531098097045, 35.465786838212907 ], [ 127.587583943286347, 35.465507545032779 ], [ 127.58762133068447, 35.4651481095962 ], [ 127.587609761618694, 35.464935818755116 ], [ 127.587584482817022, 35.464882855612586 ], [ 127.58701579090426, 35.464441918004219 ], [ 127.586922356963214, 35.464409652177359 ], [ 127.586829130681139, 35.464391074449352 ], [ 127.579073684269602, 35.46321429961916 ], [ 127.577530923484133, 35.462610602107183 ], [ 127.577417524546917, 35.462573014636121 ], [ 127.577350864741092, 35.462557021083079 ], [ 127.576932892794147, 35.462478706331126 ], [ 127.576616600296248, 35.462431180048064 ], [ 127.576506737705316, 35.462426302239855 ], [ 127.576240854184007, 35.462449287349159 ], [ 127.575930249133705, 35.462503853222927 ], [ 127.575940829258187, 35.462596372835087 ], [ 127.57595272233138, 35.462860391974864 ], [ 127.575922803997798, 35.463331455621351 ], [ 127.575626670981507, 35.465422165046391 ], [ 127.575544771302802, 35.465602264484325 ], [ 127.575132337090565, 35.466305172390946 ], [ 127.574987484962762, 35.466526307018519 ], [ 127.574554697629807, 35.467172240585896 ], [ 127.574327344483038, 35.467489043356387 ], [ 127.573167067497181, 35.468989076586034 ], [ 127.571738428265689, 35.470407166135907 ], [ 127.570155983011858, 35.471469064131234 ], [ 127.568909028444608, 35.472257426771066 ], [ 127.568791829600116, 35.472324947817953 ], [ 127.568684702446845, 35.472350517170732 ], [ 127.568551885524002, 35.472359507525915 ], [ 127.568418847176517, 35.472351766407982 ], [ 127.568249936283365, 35.472319108752743 ], [ 127.568034683071687, 35.472244774594856 ], [ 127.567947724173024, 35.472241028437701 ], [ 127.567217369482861, 35.472353249412535 ], [ 127.567059119980556, 35.472379040544276 ], [ 127.56475836187019, 35.473086495664084 ], [ 127.564656307429914, 35.473128878532201 ], [ 127.564513737795167, 35.473209056778316 ], [ 127.563231209736159, 35.474041418206298 ], [ 127.562839320872357, 35.474298482528063 ], [ 127.56251881069538, 35.474521697674525 ], [ 127.562325482376423, 35.474669058020886 ], [ 127.562155354567011, 35.474819956897164 ], [ 127.561271404484515, 35.476897519858326 ], [ 127.559809597606318, 35.478969619756015 ], [ 127.559400584654298, 35.480581571072726 ], [ 127.559389312879546, 35.480671218171253 ], [ 127.559432620588524, 35.480944556822102 ], [ 127.559471621697782, 35.481021891165831 ], [ 127.559516370752775, 35.481072522344462 ], [ 127.560871606299358, 35.482346964000314 ], [ 127.562761155806143, 35.485767620314398 ], [ 127.56341306204655, 35.488235281849356 ], [ 127.563452191572054, 35.488331997063526 ], [ 127.563523856144371, 35.488416376510628 ], [ 127.563598208666605, 35.488474166021099 ], [ 127.563752488632332, 35.488538789428354 ], [ 127.564234432347348, 35.488685450324439 ], [ 127.564335191486592, 35.48870677707086 ], [ 127.564676418855612, 35.488823801077054 ], [ 127.565090374058855, 35.488987696143973 ], [ 127.566032582132223, 35.489367062712397 ], [ 127.566296770928531, 35.489482003523065 ], [ 127.5664780516734, 35.489592561350101 ], [ 127.570478702836795, 35.492033557981451 ], [ 127.574313299201762, 35.494692335161631 ], [ 127.574396674467877, 35.494762428304611 ], [ 127.574500232097066, 35.494928132840187 ], [ 127.574636251460134, 35.495302414951681 ], [ 127.574666738880367, 35.495483069108907 ], [ 127.574677104276134, 35.495795499436454 ], [ 127.574678501367345, 35.495992240234948 ], [ 127.57469886390183, 35.496111749380304 ], [ 127.574830932064515, 35.496628378448101 ], [ 127.574876022048869, 35.496779553281051 ], [ 127.575043978396735, 35.49734263363888 ], [ 127.575095571978693, 35.497500647998841 ], [ 127.575368642209085, 35.497959369857327 ], [ 127.575526191701641, 35.498184567905653 ], [ 127.575617846239325, 35.498271909326562 ], [ 127.578002409019774, 35.500353251125254 ], [ 127.580153396888164, 35.502015471248484 ], [ 127.580192891259358, 35.502081793410554 ], [ 127.580206857175085, 35.502214665778922 ], [ 127.580093185291148, 35.502685867780684 ], [ 127.579987015787509, 35.502851313290819 ], [ 127.57929841221754, 35.503720653713138 ], [ 127.579232766476849, 35.503803251821857 ], [ 127.580376178641615, 35.507594097578071 ], [ 127.580694837254455, 35.511109379506514 ], [ 127.580691904208223, 35.511406199602199 ], [ 127.580023465381089, 35.513957512221019 ], [ 127.57998941613981, 35.514082058640163 ], [ 127.578603057587245, 35.51612371279672 ], [ 127.578516315796975, 35.516219850902026 ], [ 127.578419364685487, 35.516273925611181 ], [ 127.578264782684869, 35.516314866999217 ], [ 127.576174202665314, 35.516790099649484 ], [ 127.574487552333281, 35.51700676577758 ], [ 127.574247819003475, 35.517011784374219 ], [ 127.574070823342112, 35.517048949883289 ], [ 127.573886555144426, 35.517134082846141 ], [ 127.571271103572414, 35.51870506850161 ], [ 127.571187794264816, 35.518772156597642 ], [ 127.570512013042148, 35.519615243733575 ], [ 127.570476988643975, 35.519682119155135 ], [ 127.570461503661619, 35.519768707105001 ], [ 127.5704089755383, 35.520776859262433 ], [ 127.570464099743504, 35.52105824429642 ], [ 127.570502314865422, 35.521443465124655 ], [ 127.570494708128635, 35.521739936469508 ], [ 127.570445846230569, 35.522814763461106 ], [ 127.570395763752003, 35.523247339839372 ], [ 127.570335578976554, 35.523405709266733 ], [ 127.570096704562118, 35.523816933068552 ], [ 127.569947972499861, 35.52397083817138 ], [ 127.569787675109581, 35.524097599723589 ], [ 127.569517973615149, 35.524264340001011 ], [ 127.569106615926358, 35.524434296906321 ], [ 127.56880278816918, 35.524561708239268 ], [ 127.568568637115803, 35.524720895388498 ], [ 127.568450276822944, 35.524852416441639 ], [ 127.568386787681192, 35.524996021958756 ], [ 127.567895143813558, 35.527061086445173 ], [ 127.567879686339111, 35.527152555559951 ], [ 127.567870109210304, 35.528614573095489 ], [ 127.567870506372088, 35.528670990052348 ], [ 127.567888647880437, 35.528803580501879 ], [ 127.568580338314575, 35.532572569663394 ], [ 127.569712613400768, 35.534154840888959 ], [ 127.570422248585174, 35.534294630184753 ], [ 127.570985956979086, 35.534441574833075 ], [ 127.571030957881732, 35.53445821199297 ], [ 127.571051865024302, 35.534483531931585 ], [ 127.571072915340807, 35.534528589209678 ], [ 127.571136158348921, 35.534677914386855 ], [ 127.571169416835829, 35.534796804422164 ], [ 127.571426705714742, 35.536034582871942 ], [ 127.571560244359262, 35.536878278917193 ], [ 127.571663622109284, 35.537820437157457 ], [ 127.571837506805252, 35.539019946542005 ], [ 127.572014222353772, 35.540073068711202 ], [ 127.572290692305032, 35.541662250531338 ], [ 127.57306598819217, 35.545652619215076 ], [ 127.573106253873604, 35.545706747755432 ], [ 127.573136467805185, 35.54574736285214 ], [ 127.573323745587501, 35.545906993047666 ], [ 127.573573498857996, 35.546119682841919 ], [ 127.573635795433731, 35.546149125570331 ], [ 127.574877970020481, 35.546303662981558 ], [ 127.575754221098762, 35.546269834444772 ], [ 127.575971356751111, 35.546268798887048 ], [ 127.576872214897534, 35.546407084877501 ], [ 127.577074222624745, 35.546465526113174 ], [ 127.578478341226813, 35.547026342547774 ], [ 127.578634219840239, 35.54712662936479 ], [ 127.581393819631828, 35.549570651071008 ], [ 127.584442834662497, 35.553137914970229 ], [ 127.585405555313272, 35.55458610896887 ], [ 127.588648170785021, 35.553524416031351 ], [ 127.589683384940031, 35.553923597622592 ], [ 127.589977102416825, 35.554030677373113 ], [ 127.59033913306402, 35.554129939237043 ], [ 127.590445997196312, 35.554146018694283 ], [ 127.590652037145375, 35.554176996518954 ], [ 127.590890623688082, 35.554211433480482 ], [ 127.590978416542157, 35.554211003901521 ], [ 127.591075821585349, 35.554169344859723 ], [ 127.592297487327997, 35.553161140545797 ], [ 127.592559499815962, 35.552855582222016 ], [ 127.593719290653283, 35.551236515354105 ], [ 127.5937501386489, 35.551188405769075 ], [ 127.593763741956209, 35.551103531716855 ], [ 127.593919440331334, 35.550065939837985 ], [ 127.593995232251714, 35.548794848833843 ], [ 127.594008499122836, 35.548664278761521 ], [ 127.594049081432942, 35.54854538374132 ], [ 127.594117421131841, 35.548404809125635 ], [ 127.594195998856193, 35.548278238296888 ], [ 127.594339681790345, 35.548125222148528 ], [ 127.594504831291786, 35.547984068399792 ], [ 127.594680029224733, 35.547859203170809 ], [ 127.594818535686031, 35.547784516078103 ], [ 127.594994248333975, 35.547729217713659 ], [ 127.59509150207478, 35.547699562040528 ], [ 127.595124639057872, 35.547689467045913 ], [ 127.595294888706945, 35.547671225449271 ], [ 127.596685719753012, 35.5475468358756 ], [ 127.600251245599026, 35.5459981013949 ], [ 127.604955649966811, 35.543722708521372 ], [ 127.606429101074568, 35.542836501179615 ], [ 127.606563563048226, 35.542738112033071 ], [ 127.609087800292414, 35.540803266335409 ], [ 127.609289492122514, 35.540644795902615 ], [ 127.609625595419573, 35.540365137641935 ], [ 127.609684772441412, 35.540287062038622 ], [ 127.609702467052216, 35.540221264221863 ], [ 127.609709819281292, 35.540159407061402 ], [ 127.609661279815896, 35.539936488888969 ], [ 127.609626670858347, 35.53982103265168 ], [ 127.609573834341816, 35.539717662626124 ], [ 127.609370566907216, 35.539317154387568 ], [ 127.609278097181544, 35.539134299784827 ], [ 127.609261467981526, 35.539044635437222 ], [ 127.609258734612652, 35.538978924704061 ], [ 127.609278930571648, 35.538893118566875 ], [ 127.609394561001906, 35.538712189695076 ], [ 127.609857620422829, 35.538032265443597 ], [ 127.61003763318449, 35.5378038867456 ], [ 127.610079229869228, 35.537751130334485 ], [ 127.61163670089195, 35.535953668073567 ], [ 127.611691684975852, 35.535895231743517 ], [ 127.611734710179505, 35.535849528039485 ], [ 127.611933742488006, 35.535691061845228 ], [ 127.61215677412342, 35.535598269116555 ], [ 127.612274467673075, 35.535554631797794 ], [ 127.612320172195197, 35.535537696573265 ], [ 127.612585487094407, 35.535459084702836 ], [ 127.612753663766824, 35.535428870633609 ], [ 127.61302413759995, 35.535413534433822 ], [ 127.613177520296247, 35.535414734073022 ], [ 127.614820253755724, 35.535605664853961 ], [ 127.61490877462073, 35.535617210202943 ], [ 127.615174749750167, 35.535706515131821 ], [ 127.615373329198249, 35.535823033053468 ], [ 127.615603606223431, 35.536001217494807 ], [ 127.615746282324153, 35.536122321932318 ], [ 127.615776400930741, 35.536147873216535 ], [ 127.616315156533474, 35.536538730865182 ], [ 127.616524380761092, 35.536689074229848 ], [ 127.616649699151296, 35.536754226301454 ], [ 127.616685791470829, 35.536772772866037 ], [ 127.616947364679334, 35.536907179324189 ], [ 127.617158694771518, 35.536987772267935 ], [ 127.617200521363543, 35.536997222536883 ], [ 127.617296767583184, 35.537018967253502 ], [ 127.617517985268364, 35.53703577349679 ], [ 127.618048725637493, 35.537053977299088 ], [ 127.618802090052952, 35.537049559647471 ], [ 127.618964043572788, 35.537012421887432 ], [ 127.619054663172449, 35.536966181728268 ], [ 127.62037810267644, 35.535534465526716 ], [ 127.620522356809786, 35.535352297224762 ], [ 127.620688874669028, 35.535024642881908 ], [ 127.620734370925575, 35.534861993129915 ], [ 127.620739220114856, 35.534824433984639 ], [ 127.620778605010074, 35.534518999261515 ], [ 127.620802045479991, 35.53418405640415 ], [ 127.620840311409651, 35.534083186816297 ], [ 127.620915215430401, 35.534017111759759 ], [ 127.620995415056925, 35.533964879095805 ], [ 127.621171901247465, 35.533916100430723 ], [ 127.621397889956484, 35.533881045506035 ], [ 127.622005976571216, 35.533809155375543 ], [ 127.622419338332705, 35.533779179971127 ], [ 127.62253108472116, 35.533772572711058 ], [ 127.622860924836047, 35.53376402300038 ], [ 127.623419053232368, 35.533790970124571 ], [ 127.624120981365905, 35.533848367426039 ], [ 127.624509790642065, 35.53393793827599 ], [ 127.624898727392662, 35.534057955118726 ], [ 127.625239270908224, 35.534164622243082 ], [ 127.625890309395899, 35.534399273246471 ], [ 127.62619003170127, 35.534544185571733 ], [ 127.626317582031646, 35.534641218926396 ], [ 127.626726999576917, 35.535075582419452 ], [ 127.627107150413906, 35.535406291248108 ], [ 127.627430019447658, 35.535648765805362 ], [ 127.62768448327742, 35.535745049497116 ], [ 127.628132719792831, 35.535803836842419 ], [ 127.628573434220939, 35.535844251033126 ], [ 127.628655374994466, 35.535831580035328 ], [ 127.628721900900999, 35.535751928237033 ], [ 127.628728161122325, 35.535593167478453 ], [ 127.628737379773057, 35.533902228275039 ], [ 127.628626195511174, 35.533698949603483 ], [ 127.627934703044971, 35.533067761243181 ], [ 127.627694505467787, 35.532891996584226 ], [ 127.62740258242583, 35.532783642186502 ], [ 127.627246946028237, 35.532761838351277 ], [ 127.62710219271051, 35.53275201317286 ], [ 127.626828842298565, 35.532733448942857 ], [ 127.626585217518553, 35.532674204086106 ], [ 127.62648484543567, 35.532649784132147 ], [ 127.626427128110848, 35.53262553939544 ], [ 127.626312608549625, 35.532577396922655 ], [ 127.626050369896859, 35.532444473875515 ], [ 127.625885209123723, 35.532317165518208 ], [ 127.625842603271735, 35.532236556138166 ], [ 127.625756517823888, 35.532073680981966 ], [ 127.625053978964715, 35.530010484148953 ], [ 127.624893519499111, 35.529535267715069 ], [ 127.624403128983076, 35.527898182229848 ], [ 127.624378836648276, 35.527708860409412 ], [ 127.624390794543046, 35.527644727997689 ], [ 127.624415360131863, 35.527513014532545 ], [ 127.624497410471491, 35.527329254455715 ], [ 127.625092660608416, 35.526331622734098 ], [ 127.625786381262714, 35.525209811660261 ], [ 127.626150403729142, 35.524766030487449 ], [ 127.626304695648443, 35.524588125583527 ], [ 127.626489468996468, 35.524431887990175 ], [ 127.62985800152812, 35.521616888120093 ], [ 127.6302654844323, 35.521294811132677 ], [ 127.630559801775931, 35.521063445636997 ], [ 127.630871001519068, 35.520821726209505 ], [ 127.631078959304432, 35.520699512261842 ], [ 127.631164833146983, 35.520668823596914 ], [ 127.631237928427964, 35.520642702185746 ], [ 127.6314541807225, 35.52062300967124 ], [ 127.632001214863521, 35.520666665137661 ], [ 127.632388921420684, 35.520720607076072 ], [ 127.632780551805851, 35.520796151864538 ], [ 127.633360282251786, 35.520945787517022 ], [ 127.633987680544749, 35.521073014247527 ], [ 127.634078853077426, 35.521088047396816 ], [ 127.634116848560382, 35.521081618660453 ], [ 127.634158383786286, 35.521050317137657 ], [ 127.634656899864581, 35.519421319195487 ], [ 127.634693844774191, 35.519296840854039 ], [ 127.634693137399182, 35.51920680039364 ], [ 127.63437941500024, 35.51742733471513 ], [ 127.633690348013531, 35.5162494738654 ], [ 127.63319955348031, 35.515586168557533 ], [ 127.633180014087287, 35.515511733225274 ], [ 127.633179453810044, 35.5154402605515 ], [ 127.633189128026601, 35.515395641728418 ], [ 127.633205091242246, 35.515322059844515 ], [ 127.634082047576626, 35.512979727069357 ], [ 127.634116899871302, 35.512914455441873 ], [ 127.634156905964275, 35.512839538352786 ], [ 127.634438529202669, 35.512443556310281 ], [ 127.634487524500798, 35.512393654851742 ], [ 127.634567012057801, 35.512368354705487 ], [ 127.634635386109139, 35.512371060059415 ], [ 127.634825479226834, 35.512407379693308 ], [ 127.635061361099559, 35.512474463138076 ], [ 127.635239962165684, 35.51249218187511 ], [ 127.6353347615253, 35.512491684240025 ], [ 127.635475102492308, 35.512466069058341 ], [ 127.635626151163763, 35.512372086313277 ], [ 127.636103110421999, 35.511976872434538 ], [ 127.636221172411297, 35.511877162694596 ], [ 127.636302949297132, 35.511808090103322 ], [ 127.636345491647447, 35.511766580679677 ], [ 127.636408512909654, 35.511705066245796 ], [ 127.636978285492191, 35.510808987784444 ], [ 127.637007893547647, 35.510706348959609 ], [ 127.63703324341391, 35.510550934978063 ], [ 127.637040361828753, 35.51047374959861 ], [ 127.637054167652948, 35.510324047255843 ], [ 127.637093660408652, 35.509191064747434 ] ] ] ] } },
{ "type": "Feature", "properties": { "OBJECTID": 2348, "adm_nm": "전북특별자치도 남원시 산내면", "adm_cd": "3505045", "adm_cd2": "4519046000", "sgg": "45190", "sido": "45", "sidonm": "전북특별자치도", "sggnm": "남원시" }, "geometry": { "type": "MultiPolygon", "coordinates": [ [ [ [ 127.669397428629722, 35.447340439329473 ], [ 127.671191946916622, 35.445935031619953 ], [ 127.671398684816225, 35.445701065282357 ], [ 127.672026968370091, 35.444990001489231 ], [ 127.672350834942606, 35.444578663678726 ], [ 127.67260684978352, 35.444141261656689 ], [ 127.672831800650286, 35.443756920315387 ], [ 127.672847629303305, 35.443494842483332 ], [ 127.67285617769511, 35.443353233651763 ], [ 127.672710769439732, 35.442938522596037 ], [ 127.672381159631755, 35.442652173879658 ], [ 127.671006680534532, 35.44183062608581 ], [ 127.669193580302519, 35.440227808464186 ], [ 127.666577780743992, 35.437860869057289 ], [ 127.666348873797688, 35.437585098174125 ], [ 127.665938606216002, 35.437090822905098 ], [ 127.665537286382289, 35.436339692814592 ], [ 127.665329915476107, 35.435521762874131 ], [ 127.665351499770892, 35.435142452404428 ], [ 127.665813868224561, 35.433931522936476 ], [ 127.66600825371502, 35.432418708586624 ], [ 127.665968718839494, 35.430988073277661 ], [ 127.665822514976597, 35.428597409737499 ], [ 127.665664558012679, 35.42777920314736 ], [ 127.665338619135952, 35.427179344343656 ], [ 127.664523028800346, 35.426473942073727 ], [ 127.664322056182272, 35.426300112253472 ], [ 127.664241224174418, 35.426221940219705 ], [ 127.663911381032634, 35.425902942307061 ], [ 127.66350682012984, 35.425500679887193 ], [ 127.661534529938635, 35.419075200898106 ], [ 127.661390740548768, 35.418474315785645 ], [ 127.661305501405081, 35.417863009976926 ], [ 127.66145078431029, 35.417513356889003 ], [ 127.661691045672356, 35.417132002335521 ], [ 127.6617727009681, 35.417002392699636 ], [ 127.661961936554064, 35.416682715058649 ], [ 127.661977729048402, 35.416656020358253 ], [ 127.660554469270011, 35.415081269436762 ], [ 127.65936132035938, 35.414091731642507 ], [ 127.658751475450984, 35.413862474394953 ], [ 127.658423626805543, 35.413773238078193 ], [ 127.657767778654289, 35.413625319141637 ], [ 127.657044673846784, 35.413462223149537 ], [ 127.656483759248161, 35.413177069489869 ], [ 127.655744692495773, 35.412429523653053 ], [ 127.655061772692974, 35.411738751240634 ], [ 127.652981887370302, 35.409838814321063 ], [ 127.651196903149952, 35.408528814247219 ], [ 127.650036359405391, 35.407731149113594 ], [ 127.64644657812282, 35.402664172815669 ], [ 127.64343819325984, 35.401596106796859 ], [ 127.643143514467624, 35.401569218297439 ], [ 127.641288124456437, 35.401415988519524 ], [ 127.639780934518484, 35.401291723595605 ], [ 127.63806219676934, 35.401430778620941 ], [ 127.636915482437189, 35.401038828973448 ], [ 127.635420090832241, 35.399819383484051 ], [ 127.635345574524393, 35.399633549737274 ], [ 127.635244312476544, 35.399310508717498 ], [ 127.634928283665175, 35.397962193733868 ], [ 127.634458206111063, 35.397034352095957 ], [ 127.631866537634394, 35.392699724327152 ], [ 127.631344852788786, 35.391873252855177 ], [ 127.629219430653791, 35.389533260914611 ], [ 127.628204377358259, 35.388734632158794 ], [ 127.627857098635232, 35.38847240142173 ], [ 127.627552663848903, 35.388242514794406 ], [ 127.627098576611459, 35.387769595811328 ], [ 127.626371635946853, 35.38672172498012 ], [ 127.625563085052164, 35.385487168209664 ], [ 127.625248900205662, 35.38475060225872 ], [ 127.625072333601338, 35.383856604682499 ], [ 127.625031719890913, 35.383558466302198 ], [ 127.625006954602895, 35.383376614598518 ], [ 127.624890466665789, 35.382269943932634 ], [ 127.624901046781702, 35.382042368077151 ], [ 127.624975092853475, 35.38096200882196 ], [ 127.624992577687095, 35.380707100153536 ], [ 127.624616848255343, 35.37655904831027 ], [ 127.622395779030356, 35.373202099540123 ], [ 127.621631493901049, 35.372563022726517 ], [ 127.620933031797094, 35.372080872550576 ], [ 127.620570472366893, 35.371830597134611 ], [ 127.619820937967305, 35.371433888483786 ], [ 127.616557598058748, 35.370051233165647 ], [ 127.61449039209046, 35.369468803475371 ], [ 127.613266061000431, 35.369253658392907 ], [ 127.612464793197489, 35.368814985075339 ], [ 127.612331824738263, 35.368673515689608 ], [ 127.610985722034926, 35.367241316058667 ], [ 127.610831004016049, 35.367016499310033 ], [ 127.61033510143389, 35.366295902221019 ], [ 127.61025408770702, 35.365790354950384 ], [ 127.610285040051764, 35.365718545046001 ], [ 127.610367934200283, 35.365526249999533 ], [ 127.610974266730025, 35.364005301590332 ], [ 127.611096776991047, 35.363562088973232 ], [ 127.611613225067316, 35.361693608216306 ], [ 127.611636519696233, 35.361129690710698 ], [ 127.611656771586041, 35.360639302451183 ], [ 127.611521717030925, 35.360411616117915 ], [ 127.611370017090564, 35.360155850111177 ], [ 127.611313499770461, 35.359871120556384 ], [ 127.611236249723419, 35.359481903275991 ], [ 127.612123329673111, 35.355946202678766 ], [ 127.61587569568718, 35.350161288346257 ], [ 127.616566213564255, 35.349588562550913 ], [ 127.617348936118148, 35.349299960941025 ], [ 127.618400657781919, 35.34885189201858 ], [ 127.618749302800325, 35.348640161057162 ], [ 127.619450924064196, 35.348214054372598 ], [ 127.620526094082351, 35.347470692911095 ], [ 127.620806420058585, 35.347110864410091 ], [ 127.622862332278572, 35.343948600020134 ], [ 127.623181840428686, 35.342805562963939 ], [ 127.623233740085411, 35.341524210524504 ], [ 127.622765689249348, 35.338397060790157 ], [ 127.62252926755643, 35.337765820657594 ], [ 127.621708703824325, 35.33645240104881 ], [ 127.621003541922093, 35.335085689945657 ], [ 127.620738212054832, 35.334032948419747 ], [ 127.620416441858268, 35.332326954469835 ], [ 127.619114188475862, 35.331943610716614 ], [ 127.614845567377799, 35.330563387946427 ], [ 127.608129731485121, 35.325316222663247 ], [ 127.607245761050606, 35.324076828292071 ], [ 127.606970694388608, 35.323414117577244 ], [ 127.606701338485379, 35.321792143997072 ], [ 127.606746972243215, 35.321011887158129 ], [ 127.606301971822248, 35.319981088098167 ], [ 127.605509756466432, 35.318962573321571 ], [ 127.604424494971667, 35.318314442971513 ], [ 127.601262006886103, 35.31680172290001 ], [ 127.594866707196488, 35.312901460307188 ], [ 127.593200464782129, 35.311929315268884 ], [ 127.592297282693124, 35.311533155677687 ], [ 127.585667396888155, 35.309144005446676 ], [ 127.584183265542507, 35.30901484252508 ], [ 127.582541528104741, 35.309091491406186 ], [ 127.58199116429742, 35.309158630206099 ], [ 127.580530412720876, 35.309454451590788 ], [ 127.58023174892017, 35.309514913269588 ], [ 127.579280667445047, 35.30960379237861 ], [ 127.578533250007254, 35.309396552347359 ], [ 127.577449810307641, 35.308958991688115 ], [ 127.572650705865797, 35.312045684769849 ], [ 127.570380877409733, 35.315253822920774 ], [ 127.568151750016213, 35.318285889091818 ], [ 127.567486446336133, 35.318794978635246 ], [ 127.566126870598552, 35.319349458833564 ], [ 127.560171986038299, 35.321295624963028 ], [ 127.558347789102342, 35.321641323962943 ], [ 127.556099648016357, 35.322062760401835 ], [ 127.555603694265386, 35.322007027530269 ], [ 127.555378752590968, 35.321981747118762 ], [ 127.554609426520031, 35.322343664489424 ], [ 127.552857469138914, 35.323859041413264 ], [ 127.552553472055152, 35.324556132395635 ], [ 127.552298926845978, 35.324957845365638 ], [ 127.552068669280501, 35.325148631714583 ], [ 127.550580532561654, 35.325745709745334 ], [ 127.54669080279831, 35.326933360914353 ], [ 127.544648392170288, 35.327374743982297 ], [ 127.543826960142894, 35.327652506975213 ], [ 127.542981463534531, 35.328183339089584 ], [ 127.542125844070085, 35.329125323676088 ], [ 127.54211683313936, 35.32992383449168 ], [ 127.542109666169921, 35.33055898812345 ], [ 127.542065303661829, 35.330896554803651 ], [ 127.541962733730813, 35.331676987353518 ], [ 127.541422684754224, 35.333650578834956 ], [ 127.541146343385748, 35.333986590396734 ], [ 127.541039822466217, 35.334116100883435 ], [ 127.540719618065694, 35.334363652992188 ], [ 127.540655834777084, 35.334412963769665 ], [ 127.539037269885071, 35.334778555346873 ], [ 127.538529281352083, 35.334873428657744 ], [ 127.537880838983099, 35.334994516498035 ], [ 127.535039994255428, 35.335354938218913 ], [ 127.53406350932562, 35.335548982340576 ], [ 127.533672727029909, 35.335728054643027 ], [ 127.533204115173945, 35.335942792846588 ], [ 127.531315950036145, 35.336891307054479 ], [ 127.530536834976886, 35.337282678289739 ], [ 127.529347044871869, 35.338310338480198 ], [ 127.528734156084411, 35.339029805481232 ], [ 127.528071304181168, 35.339981384008993 ], [ 127.527541076003374, 35.341543785204586 ], [ 127.526968718197622, 35.342568747985965 ], [ 127.526160355872577, 35.343556820440028 ], [ 127.525947481044398, 35.34381701463392 ], [ 127.524744993062214, 35.344897412660814 ], [ 127.523617353885243, 35.345619087029277 ], [ 127.522321293420902, 35.346162278458316 ], [ 127.519492917835592, 35.346532824053831 ], [ 127.518040663993304, 35.346802563590067 ], [ 127.517646481463828, 35.346960127605357 ], [ 127.517347594777135, 35.347079600026724 ], [ 127.51642520659361, 35.347715990949169 ], [ 127.515763745863552, 35.348920483721763 ], [ 127.51422209020194, 35.351340926998752 ], [ 127.514980630969433, 35.351754212328295 ], [ 127.515990426966823, 35.352719682866585 ], [ 127.516508882049706, 35.353307773004325 ], [ 127.520824305512889, 35.360056637447101 ], [ 127.52087943044711, 35.360625615314675 ], [ 127.520912060059715, 35.361700669737608 ], [ 127.520834670693034, 35.362665052409184 ], [ 127.521155584092469, 35.363554830318705 ], [ 127.52430544084082, 35.369043650506377 ], [ 127.524565161404155, 35.369400913018865 ], [ 127.525005060510281, 35.369757406533516 ], [ 127.525453561057475, 35.370099653535299 ], [ 127.526744177169419, 35.370637802986046 ], [ 127.527144742008275, 35.370878511475546 ], [ 127.527910465000573, 35.371855494418831 ], [ 127.528570642274346, 35.372432365844958 ], [ 127.529897285994977, 35.373559722665114 ], [ 127.530621848990904, 35.374136317000271 ], [ 127.531452705273011, 35.374700928337006 ], [ 127.531985838569028, 35.37506321114089 ], [ 127.532864599284949, 35.37559693610644 ], [ 127.535003011697839, 35.376836640770961 ], [ 127.535537982727135, 35.37695550020382 ], [ 127.536155733667371, 35.376942206398326 ], [ 127.536862912117329, 35.376823116000899 ], [ 127.537756253743083, 35.376634700280412 ], [ 127.537852574493684, 35.376607928786775 ], [ 127.537956368477026, 35.376579080085115 ], [ 127.538334412863136, 35.376474009677906 ], [ 127.5388622102505, 35.376482211451737 ], [ 127.53978282167138, 35.376525563475887 ], [ 127.540482868286674, 35.376627289329178 ], [ 127.540697613255134, 35.376658496746003 ], [ 127.543291022481753, 35.377585041776705 ], [ 127.549980947304931, 35.380392069366692 ], [ 127.551735635115136, 35.381251955190578 ], [ 127.551907955280626, 35.382139240575306 ], [ 127.55175538385086, 35.382346782404561 ], [ 127.551682887653953, 35.382543944754168 ], [ 127.551659224287349, 35.38269033653873 ], [ 127.551659805272152, 35.382776136311605 ], [ 127.551678980049985, 35.382877016960791 ], [ 127.552368363660577, 35.384639878479184 ], [ 127.552455599331381, 35.3847958486568 ], [ 127.55383225676222, 35.387095561593789 ], [ 127.553969401859675, 35.387321969735012 ], [ 127.554173876301661, 35.387512756182218 ], [ 127.554497953101659, 35.387757542669867 ], [ 127.55453907768883, 35.387788591709821 ], [ 127.554774342933712, 35.387959127580977 ], [ 127.555534094910783, 35.388537797576383 ], [ 127.55668714600607, 35.389632464274534 ], [ 127.557605006417546, 35.390566765426897 ], [ 127.558753361656002, 35.392042222204047 ], [ 127.558809342651202, 35.392117684077334 ], [ 127.559609871323019, 35.393953546933005 ], [ 127.559622674888629, 35.394024151584475 ], [ 127.559550559771338, 35.394291905604014 ], [ 127.559551347503401, 35.394406268650648 ], [ 127.559576866537753, 35.394547386926412 ], [ 127.559991243688273, 35.395690865657294 ], [ 127.560058456122306, 35.395859804414869 ], [ 127.560133071860406, 35.39597041125127 ], [ 127.562644361655813, 35.399506660377902 ], [ 127.56352041023527, 35.400607585019543 ], [ 127.563632173681881, 35.400723163590719 ], [ 127.564214867123269, 35.401298538193075 ], [ 127.563967731915497, 35.407350862856923 ], [ 127.563976410655542, 35.407507030690219 ], [ 127.564284518339122, 35.411302491313251 ], [ 127.564304268587435, 35.411339630123244 ], [ 127.565113020551266, 35.411751085437501 ], [ 127.565906874800731, 35.412029483052521 ], [ 127.566108178330751, 35.41216339191017 ], [ 127.567599917714986, 35.413572249195312 ], [ 127.567727774546924, 35.413718930859154 ], [ 127.567808809317953, 35.413844452754908 ], [ 127.56786819605351, 35.413977305714198 ], [ 127.568096053178039, 35.414488983969576 ], [ 127.568096735583993, 35.414586585261979 ], [ 127.568094959687102, 35.414804807752425 ], [ 127.568135173872008, 35.415438052579965 ], [ 127.568413480760086, 35.416974988694705 ], [ 127.56843812876393, 35.417083133256476 ], [ 127.569097283940579, 35.419304886290007 ], [ 127.569143027269845, 35.419345501594904 ], [ 127.570030501987958, 35.419992517357556 ], [ 127.571049901690742, 35.42045080465396 ], [ 127.574099655573235, 35.42172759269873 ], [ 127.574180690163459, 35.421743248430658 ], [ 127.576120587934113, 35.421642180120799 ], [ 127.577337904544066, 35.4208084626203 ], [ 127.583839836436894, 35.417761808903229 ], [ 127.583931136037336, 35.417719088740839 ], [ 127.584337058820523, 35.41756173484783 ], [ 127.584413460850456, 35.417544964296297 ], [ 127.584536593062836, 35.417534911886129 ], [ 127.584669829810068, 35.41753697267022 ], [ 127.584830578405189, 35.417552511257306 ], [ 127.585194247129735, 35.417658452617545 ], [ 127.585553837987888, 35.417764421016074 ], [ 127.58572582355076, 35.417841281021346 ], [ 127.58617095505403, 35.418038222393889 ], [ 127.587571392367039, 35.41843766351036 ], [ 127.587689894608914, 35.418471140813253 ], [ 127.587794789595449, 35.418482901879472 ], [ 127.588003706911763, 35.418473684323949 ], [ 127.590217705733025, 35.418325290393028 ], [ 127.590831412659085, 35.418248659057028 ], [ 127.591307806694417, 35.418168628165297 ], [ 127.591377709515697, 35.418144527454139 ], [ 127.591402374103666, 35.418121861258811 ], [ 127.591475355198483, 35.41796880870335 ], [ 127.59154083663752, 35.417814447133175 ], [ 127.59161992298192, 35.417713133747441 ], [ 127.591779409765991, 35.417539209043873 ], [ 127.591954488300217, 35.417361151570603 ], [ 127.591995949886396, 35.417339143312489 ], [ 127.59389378338372, 35.416870447656798 ], [ 127.594035159899519, 35.416858853848126 ], [ 127.594178249472819, 35.416851294464841 ], [ 127.594433880861743, 35.416847339354433 ], [ 127.594595536761275, 35.41688197537708 ], [ 127.594681304855769, 35.416907235503103 ], [ 127.594745714436414, 35.416926212276273 ], [ 127.59692366316132, 35.417767586908433 ], [ 127.597028815290727, 35.417813402567376 ], [ 127.598555729883174, 35.419143012607343 ], [ 127.60052207407945, 35.420966886683416 ], [ 127.602715268274295, 35.423319725397214 ], [ 127.605098683422767, 35.425912772829477 ], [ 127.608226025326388, 35.427878423899479 ], [ 127.608412243389765, 35.427938322263309 ], [ 127.608614669911859, 35.428044842442191 ], [ 127.609651398843226, 35.429126586558809 ], [ 127.610047358589384, 35.429621027522799 ], [ 127.611242580396777, 35.431269768487908 ], [ 127.611861297475457, 35.432137828652515 ], [ 127.611969760073848, 35.432327102377975 ], [ 127.612069442456061, 35.432548045706802 ], [ 127.612087943374391, 35.432635563535896 ], [ 127.612065654982644, 35.432835224974085 ], [ 127.612002193874631, 35.43307888144777 ], [ 127.611879489499884, 35.433366656029442 ], [ 127.611785850331358, 35.43355207744257 ], [ 127.611621404834708, 35.433825473432407 ], [ 127.611324019426007, 35.434184683769836 ], [ 127.611197096526297, 35.434299915345363 ], [ 127.610952138308761, 35.434522305309549 ], [ 127.610822999057149, 35.434614423988172 ], [ 127.610320105645343, 35.43492845228743 ], [ 127.610081776549663, 35.43507224589937 ], [ 127.610035238945287, 35.435087341842475 ], [ 127.609676610548931, 35.435203627603222 ], [ 127.609231607709745, 35.435308071174255 ], [ 127.609000084463062, 35.435348163443287 ], [ 127.608923116042959, 35.435392357445004 ], [ 127.608834455606441, 35.435465812391534 ], [ 127.608800947110552, 35.435518882933351 ], [ 127.608748481804454, 35.435688954323624 ], [ 127.608725074981493, 35.435785420748651 ], [ 127.608725512724547, 35.435856982075705 ], [ 127.608744833090924, 35.43599559775803 ], [ 127.609194480032997, 35.439072876181037 ], [ 127.609321311613769, 35.439741469296912 ], [ 127.609357510490383, 35.439809420332104 ], [ 127.614027636402369, 35.444176919298279 ], [ 127.61607123538225, 35.445955160321184 ], [ 127.617677370300555, 35.447278089514285 ], [ 127.617838963545282, 35.447408660605483 ], [ 127.617988089011135, 35.44748091329194 ], [ 127.618039931617531, 35.44749999439324 ], [ 127.618070496060326, 35.447511224645389 ], [ 127.618172699338942, 35.447523773372367 ], [ 127.622112694534877, 35.447732329979132 ], [ 127.623892712628589, 35.447612201156232 ], [ 127.634281702093617, 35.446235819393493 ], [ 127.634903582596095, 35.446100312824377 ], [ 127.635990869432092, 35.445735669495242 ], [ 127.63640516752713, 35.445610715728662 ], [ 127.636958053575938, 35.445503882200008 ], [ 127.637453986989883, 35.445491825831525 ], [ 127.638471036622263, 35.445732076789639 ], [ 127.638704465633239, 35.445850575900316 ], [ 127.639111895583071, 35.446057435077812 ], [ 127.639189120221374, 35.446096654668999 ], [ 127.643644885737359, 35.44864224308337 ], [ 127.645073219439226, 35.449510140557116 ], [ 127.645364948574411, 35.449700672675263 ], [ 127.647479749323452, 35.450452835842519 ], [ 127.648222354701176, 35.45065108856938 ], [ 127.649077152914771, 35.450774010183352 ], [ 127.649239336373114, 35.450797320101003 ], [ 127.649826405459962, 35.450849778300544 ], [ 127.652011641951674, 35.450824892371536 ], [ 127.652784565623165, 35.45072591803649 ], [ 127.653840807658014, 35.450150649184494 ], [ 127.65429647692136, 35.449991456566408 ], [ 127.663015012388172, 35.447638479890848 ], [ 127.663465765303528, 35.447636009366285 ], [ 127.665491188551783, 35.448019262053208 ], [ 127.665930027733125, 35.448067389895449 ], [ 127.667097114961649, 35.448071072158413 ], [ 127.667901743342668, 35.447925076325504 ], [ 127.668487271896097, 35.44779040048055 ], [ 127.669397428629722, 35.447340439329473 ] ] ] ] } },
{ "type": "Feature", "properties": { "OBJECTID": 2349, "adm_nm": "전북특별자치도 남원시 동충동", "adm_cd": "3505051", "adm_cd2": "4519051000", "sgg": "45190", "sido": "45", "sidonm": "전북특별자치도", "sggnm": "남원시" }, "geometry": { "type": "MultiPolygon", "coordinates": [ [ [ [ 127.388587262174084, 35.412186487900883 ], [ 127.391249881726537, 35.411824926279017 ], [ 127.390572981277614, 35.411110801148141 ], [ 127.390032077928495, 35.410540144605562 ], [ 127.389965294253855, 35.410505547546386 ], [ 127.388403015965125, 35.40969647006299 ], [ 127.387072817146091, 35.409026941828422 ], [ 127.386546352581988, 35.409032513190333 ], [ 127.386361970246853, 35.409034464225421 ], [ 127.385964298329782, 35.409038675392338 ], [ 127.385369946914764, 35.409044967388873 ], [ 127.383499749257908, 35.409076555620921 ], [ 127.382669675780122, 35.409098053465783 ], [ 127.382608432617474, 35.409100231935518 ], [ 127.377017155150085, 35.409301832647287 ], [ 127.376552770379547, 35.409318569336861 ], [ 127.376837199713847, 35.414073487728608 ], [ 127.380009654803061, 35.414231087804005 ], [ 127.380313338442647, 35.414217104680844 ], [ 127.381393315424873, 35.414161813149178 ], [ 127.381439130322164, 35.41415945334608 ], [ 127.386187712522727, 35.413900698716809 ], [ 127.386109554500905, 35.411958166760527 ], [ 127.388587262174084, 35.412186487900883 ] ] ] ] } },
{ "type": "Feature", "properties": { "OBJECTID": 2350, "adm_nm": "전북특별자치도 남원시 죽항동", "adm_cd": "3505052", "adm_cd2": "4519052000", "sgg": "45190", "sido": "45", "sidonm": "전북특별자치도", "sggnm": "남원시" }, "geometry": { "type": "MultiPolygon", "coordinates": [ [ [ [ 127.393656059037653, 35.411096103830459 ], [ 127.392366893232179, 35.409903226328865 ], [ 127.390472722955039, 35.408150437943029 ], [ 127.390279246212202, 35.407971397348739 ], [ 127.389351630101586, 35.407112991312943 ], [ 127.385439282325677, 35.403837500500764 ], [ 127.380796037617444, 35.401355589071052 ], [ 127.3797136634129, 35.404257432655697 ], [ 127.37985706625453, 35.405600323056454 ], [ 127.379938006819131, 35.406358369029562 ], [ 127.379115743706379, 35.406389310706736 ], [ 127.378609662555448, 35.406408351657227 ], [ 127.378068376949173, 35.406428714692908 ], [ 127.376417144205433, 35.406490793665313 ], [ 127.376552770379547, 35.409318569336861 ], [ 127.377017155150085, 35.409301832647287 ], [ 127.382608432617474, 35.409100231935518 ], [ 127.382669675780122, 35.409098053465783 ], [ 127.383499749257908, 35.409076555620921 ], [ 127.385369946914764, 35.409044967388873 ], [ 127.385964298329782, 35.409038675392338 ], [ 127.386361970246853, 35.409034464225421 ], [ 127.386546352581988, 35.409032513190333 ], [ 127.387072817146091, 35.409026941828422 ], [ 127.388403015965125, 35.40969647006299 ], [ 127.389965294253855, 35.410505547546386 ], [ 127.390032077928495, 35.410540144605562 ], [ 127.390572981277614, 35.411110801148141 ], [ 127.391249881726537, 35.411824926279017 ], [ 127.393656059037653, 35.411096103830459 ] ] ] ] } },
{ "type": "Feature", "properties": { "OBJECTID": 2351, "adm_nm": "전북특별자치도 남원시 노암동", "adm_cd": "3505054", "adm_cd2": "4519054000", "sgg": "45190", "sido": "45", "sidonm": "전북특별자치도", "sggnm": "남원시" }, "geometry": { "type": "MultiPolygon", "coordinates": [ [ [ [ 127.413819383434642, 35.412442015356639 ], [ 127.413820367286903, 35.412296916441811 ], [ 127.413669006349679, 35.412151332727248 ], [ 127.413342851070482, 35.411925150190974 ], [ 127.409621382288719, 35.409590046117337 ], [ 127.409312050592305, 35.409399925298118 ], [ 127.407658470499541, 35.404727956105631 ], [ 127.405788356965388, 35.402152412807474 ], [ 127.404964357875201, 35.401191351444325 ], [ 127.403413381441865, 35.400773779560382 ], [ 127.403253514667739, 35.400464316322548 ], [ 127.40388411926935, 35.398528918299704 ], [ 127.404020804448294, 35.398331186620027 ], [ 127.40515868893138, 35.397363577099007 ], [ 127.406029482775722, 35.396678650957369 ], [ 127.402669026745755, 35.39364621034521 ], [ 127.402096320829173, 35.393366281130774 ], [ 127.399655855680606, 35.394000008118027 ], [ 127.3980976114523, 35.394878757208524 ], [ 127.397086060742154, 35.39382734490097 ], [ 127.396334995707619, 35.393046657785639 ], [ 127.395026257239977, 35.387566745441596 ], [ 127.394991067111974, 35.387393814795317 ], [ 127.394927773930988, 35.387082705186238 ], [ 127.394830099834124, 35.38240211469369 ], [ 127.394829231130501, 35.382223111108736 ], [ 127.394835305482687, 35.382114470368457 ], [ 127.395023311692043, 35.381335481860624 ], [ 127.395436504337383, 35.380429464526777 ], [ 127.395691081368611, 35.379871232865163 ], [ 127.395946941450973, 35.378703653277086 ], [ 127.395855295165077, 35.378258689066726 ], [ 127.394909452261047, 35.376100313450173 ], [ 127.394771785654129, 35.375852363009962 ], [ 127.394620249482998, 35.375693220145948 ], [ 127.394425816992296, 35.375561536581642 ], [ 127.394297901585404, 35.375484001345249 ], [ 127.394111055131646, 35.375395553517727 ], [ 127.394051190969691, 35.375504554754038 ], [ 127.393755452934499, 35.375718199736866 ], [ 127.39345302359547, 35.375791519269818 ], [ 127.3902755940059, 35.375655297254191 ], [ 127.390097807925031, 35.37564548492287 ], [ 127.389459306650338, 35.375400945519488 ], [ 127.389218370203011, 35.375267060501933 ], [ 127.387058423119072, 35.374867185894161 ], [ 127.38147799347135, 35.374301059120832 ], [ 127.376057656180407, 35.375895991964768 ], [ 127.375830297187207, 35.376137289933503 ], [ 127.375538150404111, 35.37697995336714 ], [ 127.375509124356881, 35.377093005862548 ], [ 127.376533451445809, 35.37785859378814 ], [ 127.377304898658522, 35.378573153261513 ], [ 127.377696138554981, 35.37894081873187 ], [ 127.377748013806496, 35.379179642437052 ], [ 127.377846897069261, 35.380184432580187 ], [ 127.377860829436472, 35.380463906437718 ], [ 127.377492925282866, 35.381336841854058 ], [ 127.37659670996824, 35.382546985880531 ], [ 127.373772329022472, 35.382722332519712 ], [ 127.372863146651312, 35.382650853866046 ], [ 127.372653791262721, 35.382656318525214 ], [ 127.372407051012559, 35.382709843805806 ], [ 127.370091469599302, 35.384811942446071 ], [ 127.369914327181789, 35.385169343370194 ], [ 127.370000085316178, 35.386215009850424 ], [ 127.370141325139826, 35.386623590216594 ], [ 127.37050947300807, 35.387278431512577 ], [ 127.370899170970446, 35.388271742305371 ], [ 127.371181411889111, 35.38966284096621 ], [ 127.37126227649334, 35.391661329199252 ], [ 127.370961150223835, 35.392420483621947 ], [ 127.370658638160094, 35.392701257670296 ], [ 127.368614012970454, 35.394455736859264 ], [ 127.368247688031005, 35.394713512718482 ], [ 127.370036240378113, 35.395760866599602 ], [ 127.374132109399653, 35.398091756203463 ], [ 127.376960836889054, 35.399437193107737 ], [ 127.379394638715794, 35.400594708972605 ], [ 127.380796037617444, 35.401355589071052 ], [ 127.385439282325677, 35.403837500500764 ], [ 127.389351630101586, 35.407112991312943 ], [ 127.390279246212202, 35.407971397348739 ], [ 127.390472722955039, 35.408150437943029 ], [ 127.392366893232179, 35.409903226328865 ], [ 127.393656059037653, 35.411096103830459 ], [ 127.396489927408936, 35.413036414141729 ], [ 127.396666987678671, 35.413182721198609 ], [ 127.399913801918672, 35.415865596459973 ], [ 127.402271730576572, 35.417813812422466 ], [ 127.403729955793068, 35.418441592618109 ], [ 127.404375578251575, 35.418711401661689 ], [ 127.40522469280566, 35.419066241458232 ], [ 127.404326126389407, 35.417442904204194 ], [ 127.404187071683481, 35.415891866496636 ], [ 127.404285282978492, 35.415543833911244 ], [ 127.404510433122368, 35.415401685272052 ], [ 127.405232983469588, 35.41526529793007 ], [ 127.406898917498239, 35.414864117992273 ], [ 127.410697046572125, 35.414310752870129 ], [ 127.413819383434642, 35.412442015356639 ] ] ] ] } },
{ "type": "Feature", "properties": { "OBJECTID": 2352, "adm_nm": "전북특별자치도 남원시 금동", "adm_cd": "3505055", "adm_cd2": "4519055000", "sgg": "45190", "sido": "45", "sidonm": "전북특별자치도", "sggnm": "남원시" }, "geometry": { "type": "MultiPolygon", "coordinates": [ [ [ [ 127.376417144205433, 35.406490793665313 ], [ 127.378068376949173, 35.406428714692908 ], [ 127.378609662555448, 35.406408351657227 ], [ 127.379115743706379, 35.406389310706736 ], [ 127.379938006819131, 35.406358369029562 ], [ 127.37985706625453, 35.405600323056454 ], [ 127.3797136634129, 35.404257432655697 ], [ 127.380796037617444, 35.401355589071052 ], [ 127.379394638715794, 35.400594708972605 ], [ 127.376960836889054, 35.399437193107737 ], [ 127.374132109399653, 35.398091756203463 ], [ 127.370036240378113, 35.395760866599602 ], [ 127.368247688031005, 35.394713512718482 ], [ 127.356747002313824, 35.388570287011184 ], [ 127.35674811376181, 35.388740047708481 ], [ 127.356759257234359, 35.390427590746782 ], [ 127.356768690745469, 35.391855557886785 ], [ 127.356821820375089, 35.393539242821291 ], [ 127.35696319674112, 35.394149308767666 ], [ 127.357374801468595, 35.395647995299782 ], [ 127.357412995525181, 35.396114548333898 ], [ 127.357451640562914, 35.39641582947209 ], [ 127.357539401440562, 35.396875248152682 ], [ 127.35768777359614, 35.397298778095639 ], [ 127.357896399007728, 35.397604700854885 ], [ 127.358153447370626, 35.397910378945632 ], [ 127.358624675906796, 35.398381460633267 ], [ 127.359257093918373, 35.398637126751638 ], [ 127.361399194537555, 35.399542523416677 ], [ 127.362769953876011, 35.400656907525466 ], [ 127.365633642965946, 35.403067700774514 ], [ 127.370132556882155, 35.406833900811726 ], [ 127.374821800903973, 35.406577936905201 ], [ 127.376347321972034, 35.40649461657685 ], [ 127.376417144205433, 35.406490793665313 ] ] ] ] } },
{ "type": "Feature", "properties": { "OBJECTID": 2353, "adm_nm": "전북특별자치도 남원시 왕정동", "adm_cd": "3505056", "adm_cd2": "4519056000", "sgg": "45190", "sido": "45", "sidonm": "전북특별자치도", "sggnm": "남원시" }, "geometry": { "type": "MultiPolygon", "coordinates": [ [ [ [ 127.376837199713847, 35.414073487728608 ], [ 127.376552770379547, 35.409318569336861 ], [ 127.376417144205433, 35.406490793665313 ], [ 127.376347321972034, 35.40649461657685 ], [ 127.374821800903973, 35.406577936905201 ], [ 127.370132556882155, 35.406833900811726 ], [ 127.365633642965946, 35.403067700774514 ], [ 127.362769953876011, 35.400656907525466 ], [ 127.361399194537555, 35.399542523416677 ], [ 127.359257093918373, 35.398637126751638 ], [ 127.358624675906796, 35.398381460633267 ], [ 127.358153447370626, 35.397910378945632 ], [ 127.357896399007728, 35.397604700854885 ], [ 127.35768777359614, 35.397298778095639 ], [ 127.357539401440562, 35.396875248152682 ], [ 127.357451640562914, 35.39641582947209 ], [ 127.357412995525181, 35.396114548333898 ], [ 127.357374801468595, 35.395647995299782 ], [ 127.35640635007168, 35.395549231720523 ], [ 127.356511776264838, 35.400122778727024 ], [ 127.356435397545027, 35.400328984149361 ], [ 127.354151241375803, 35.401594802828356 ], [ 127.354117407366701, 35.404646697603923 ], [ 127.350991475715944, 35.404445563996212 ], [ 127.347765782275673, 35.404252425525918 ], [ 127.34714955269142, 35.404265144619316 ], [ 127.34672159889908, 35.404447240883307 ], [ 127.346603559210749, 35.404618507241047 ], [ 127.346231840161892, 35.405157827854943 ], [ 127.344940494020733, 35.406459979340767 ], [ 127.343702619150207, 35.407508857365322 ], [ 127.342996808666641, 35.408616966873929 ], [ 127.342413896221984, 35.410386865837317 ], [ 127.342203797788301, 35.411414329268972 ], [ 127.340248544286496, 35.412526664788729 ], [ 127.338604224875382, 35.412918432358623 ], [ 127.336449839705892, 35.412191132495913 ], [ 127.334316314610376, 35.411856545650778 ], [ 127.333663170332599, 35.411842625848799 ], [ 127.333812838722835, 35.412428875198962 ], [ 127.335254046805275, 35.416560429031833 ], [ 127.336481830861104, 35.417464721451005 ], [ 127.336712787057436, 35.417593747034587 ], [ 127.337158258307227, 35.417653723260862 ], [ 127.338600334235721, 35.417847842338006 ], [ 127.343941353002876, 35.417455585917565 ], [ 127.345525596934067, 35.417498231605762 ], [ 127.346131474044768, 35.417744062019942 ], [ 127.346594009598107, 35.4181435368371 ], [ 127.346999892880021, 35.41876716353638 ], [ 127.347539879380761, 35.420439565653318 ], [ 127.347441087782286, 35.420911395713496 ], [ 127.347528895757179, 35.421241206896944 ], [ 127.348790909076101, 35.423359511098383 ], [ 127.350466824256543, 35.424592433275123 ], [ 127.353323408339307, 35.425601410498231 ], [ 127.354835092190285, 35.425617104940969 ], [ 127.361433294995749, 35.422837435126468 ], [ 127.361488577811926, 35.422777812725677 ], [ 127.365345959060619, 35.418617276691585 ], [ 127.366269276684875, 35.418028064971317 ], [ 127.366296655810373, 35.418010595460302 ], [ 127.370827682473958, 35.416714060769785 ], [ 127.371031870623327, 35.416079035505994 ], [ 127.371194424938267, 35.415537207405841 ], [ 127.37155884466469, 35.41419103785686 ], [ 127.371560080775353, 35.413864620500732 ], [ 127.371381410195937, 35.413518611996672 ], [ 127.371192928304552, 35.413162317181779 ], [ 127.371142510536629, 35.41302991365113 ], [ 127.371418231904059, 35.412722251599504 ], [ 127.372134432431096, 35.412003461666586 ], [ 127.372419976762586, 35.41184318307856 ], [ 127.374671577648925, 35.413936742575295 ], [ 127.376313302931408, 35.414659540446245 ], [ 127.376460485180274, 35.414692530326406 ], [ 127.376891708791504, 35.414673395130542 ], [ 127.376837199713847, 35.414073487728608 ] ] ] ] } },
{ "type": "Feature", "properties": { "OBJECTID": 2354, "adm_nm": "전북특별자치도 남원시 향교동", "adm_cd": "3505057", "adm_cd2": "4519057000", "sgg": "45190", "sido": "45", "sidonm": "전북특별자치도", "sggnm": "남원시" }, "geometry": { "type": "MultiPolygon", "coordinates": [ [ [ [ 127.399495058848146, 35.461617410195991 ], [ 127.399030481460841, 35.459780467527054 ], [ 127.399080433646745, 35.459050018992897 ], [ 127.400694475112687, 35.456926831890129 ], [ 127.401708075114271, 35.456134745971653 ], [ 127.401902272413821, 35.455695934851342 ], [ 127.401731994371204, 35.453753899442617 ], [ 127.401694993673544, 35.45374875230695 ], [ 127.40132114266116, 35.453696840773347 ], [ 127.40034023004263, 35.453875349485145 ], [ 127.399948244038754, 35.45402272067534 ], [ 127.399397609755198, 35.454579548363604 ], [ 127.399004184102921, 35.45443479212679 ], [ 127.397733141158497, 35.453694061085649 ], [ 127.397410678764601, 35.45346142378218 ], [ 127.396155586898828, 35.452326261282863 ], [ 127.3928714673347, 35.448714693350418 ], [ 127.392026830614313, 35.447534337623985 ], [ 127.392111354893814, 35.446555465261916 ], [ 127.392440242941774, 35.444436542393071 ], [ 127.39332854858614, 35.443586515827228 ], [ 127.394213667157786, 35.44207920639569 ], [ 127.394389725444356, 35.441582036568896 ], [ 127.394797677447741, 35.43738879889279 ], [ 127.394797110002841, 35.437271947189856 ], [ 127.394796908315911, 35.437230495955966 ], [ 127.39479647012196, 35.437140482820965 ], [ 127.39441785546552, 35.436352994247535 ], [ 127.393753282070648, 35.43547879926178 ], [ 127.393305991652014, 35.435246555321719 ], [ 127.392769251265065, 35.434970781122651 ], [ 127.392534991957277, 35.434504159685112 ], [ 127.391593954811654, 35.431805080199801 ], [ 127.391960826387219, 35.426472709062843 ], [ 127.393446299726108, 35.422961853505498 ], [ 127.392877848658841, 35.422625669373701 ], [ 127.392282197605098, 35.42227339034504 ], [ 127.390057983577137, 35.420032629854404 ], [ 127.390041523101047, 35.420006936798906 ], [ 127.389642885905644, 35.419104466593957 ], [ 127.388878901122141, 35.416749855061234 ], [ 127.389943241231052, 35.41346465437816 ], [ 127.388587262174084, 35.412186487900883 ], [ 127.386109554500905, 35.411958166760527 ], [ 127.386187712522727, 35.413900698716809 ], [ 127.381439130322164, 35.41415945334608 ], [ 127.381393315424873, 35.414161813149178 ], [ 127.380313338442647, 35.414217104680844 ], [ 127.380009654803061, 35.414231087804005 ], [ 127.376837199713847, 35.414073487728608 ], [ 127.376891708791504, 35.414673395130542 ], [ 127.376460485180274, 35.414692530326406 ], [ 127.376313302931408, 35.414659540446245 ], [ 127.374671577648925, 35.413936742575295 ], [ 127.372419976762586, 35.41184318307856 ], [ 127.372134432431096, 35.412003461666586 ], [ 127.371418231904059, 35.412722251599504 ], [ 127.371142510536629, 35.41302991365113 ], [ 127.371192928304552, 35.413162317181779 ], [ 127.371381410195937, 35.413518611996672 ], [ 127.371560080775353, 35.413864620500732 ], [ 127.37155884466469, 35.41419103785686 ], [ 127.371194424938267, 35.415537207405841 ], [ 127.371031870623327, 35.416079035505994 ], [ 127.370827682473958, 35.416714060769785 ], [ 127.366296655810373, 35.418010595460302 ], [ 127.366269276684875, 35.418028064971317 ], [ 127.365345959060619, 35.418617276691585 ], [ 127.361488577811926, 35.422777812725677 ], [ 127.361433294995749, 35.422837435126468 ], [ 127.354835092190285, 35.425617104940969 ], [ 127.353323408339307, 35.425601410498231 ], [ 127.352813792132892, 35.427279348975468 ], [ 127.351164222250176, 35.429960045487555 ], [ 127.350617072147131, 35.430120722616657 ], [ 127.349842795994803, 35.430889580581919 ], [ 127.349386041451282, 35.431527319178571 ], [ 127.348519360878171, 35.435478588288561 ], [ 127.348694445561833, 35.43920988947211 ], [ 127.348850250297005, 35.442565169155714 ], [ 127.348344498295049, 35.444157702554143 ], [ 127.348283237689671, 35.446356455217256 ], [ 127.3491040937609, 35.448162124299927 ], [ 127.349233540788347, 35.449795134023056 ], [ 127.349663125348542, 35.450181278677313 ], [ 127.352951101886816, 35.452548293312901 ], [ 127.354128635800564, 35.453237731926549 ], [ 127.355022452345352, 35.453585244097447 ], [ 127.356827443329976, 35.454086551383433 ], [ 127.358392384250266, 35.453828637132538 ], [ 127.359814700588586, 35.45426396609318 ], [ 127.361065178721077, 35.454953097028209 ], [ 127.361797694792628, 35.455874715166289 ], [ 127.362086445822442, 35.457326614351423 ], [ 127.362548931922717, 35.457824149611717 ], [ 127.363522922203103, 35.458871909016416 ], [ 127.367916949039724, 35.459998482088629 ], [ 127.369445464293946, 35.459725639037934 ], [ 127.371383795715744, 35.459466418977748 ], [ 127.373178999567941, 35.459766347136636 ], [ 127.374602089719247, 35.460328173328222 ], [ 127.375486407180318, 35.461389722341607 ], [ 127.375357367853667, 35.462188331243972 ], [ 127.376688477670001, 35.464501128775979 ], [ 127.377137728830633, 35.465155340283857 ], [ 127.377299522507911, 35.465189334768844 ], [ 127.377347381063387, 35.465199382974149 ], [ 127.378230547004222, 35.46516684939408 ], [ 127.378485377708785, 35.46513624189879 ], [ 127.384069069416043, 35.463531836879319 ], [ 127.384271751540936, 35.463384975491891 ], [ 127.38436854416085, 35.463314817898379 ], [ 127.385080415700585, 35.461733169835071 ], [ 127.38562039412065, 35.460390456916357 ], [ 127.387183111112847, 35.459662814254948 ], [ 127.389355384481917, 35.46072864710569 ], [ 127.391816013548492, 35.463037665175719 ], [ 127.394217388055736, 35.466583508672791 ], [ 127.396785489937329, 35.468459976610674 ], [ 127.397004701389378, 35.466600129631061 ], [ 127.399495058848146, 35.461617410195991 ] ] ] ] } },
{ "type": "Feature", "properties": { "OBJECTID": 2355, "adm_nm": "전북특별자치도 남원시 도통동", "adm_cd": "3505059", "adm_cd2": "4519059000", "sgg": "45190", "sido": "45", "sidonm": "전북특별자치도", "sggnm": "남원시" }, "geometry": { "type": "MultiPolygon", "coordinates": [ [ [ [ 127.435802196828178, 35.457620846383968 ], [ 127.435788916265182, 35.457432054579556 ], [ 127.435778170823937, 35.457359271911834 ], [ 127.435627851291741, 35.456587947082461 ], [ 127.435420308676797, 35.455560656058104 ], [ 127.432519539677713, 35.443758580150707 ], [ 127.432394982573115, 35.443345342785072 ], [ 127.432195195161214, 35.44268520708075 ], [ 127.432060427145558, 35.442341748026436 ], [ 127.431969027334333, 35.442159110382278 ], [ 127.431616297686858, 35.441670151148621 ], [ 127.431219991256071, 35.441144667003144 ], [ 127.430979072652889, 35.440845025408407 ], [ 127.430569134070709, 35.440447842782113 ], [ 127.430066865197531, 35.440001034633276 ], [ 127.429422349704808, 35.439477866526794 ], [ 127.428973875657107, 35.439144169196489 ], [ 127.428488484402337, 35.43884548123777 ], [ 127.42805236295311, 35.438617283249748 ], [ 127.427353981436809, 35.438275717732779 ], [ 127.42657204592949, 35.437939402854923 ], [ 127.422484869594427, 35.43599442670439 ], [ 127.419745863802746, 35.434254643041115 ], [ 127.419104333885016, 35.433714087534156 ], [ 127.41819559251698, 35.432457584020959 ], [ 127.417397315251549, 35.431152415065455 ], [ 127.416356049650602, 35.429402442503111 ], [ 127.415554250447457, 35.428043688595004 ], [ 127.414675560330053, 35.426545484936099 ], [ 127.41369667023902, 35.424774979337379 ], [ 127.412560735607173, 35.422720298840773 ], [ 127.412518027662557, 35.422594198515874 ], [ 127.412299570510669, 35.42210180711664 ], [ 127.412072156771075, 35.421616818776876 ], [ 127.411620136144137, 35.421198821206438 ], [ 127.41064326724711, 35.420672581053601 ], [ 127.410242250419572, 35.420480878434013 ], [ 127.406358811619867, 35.418800947115301 ], [ 127.40522469280566, 35.419066241458232 ], [ 127.404375578251575, 35.418711401661689 ], [ 127.403729955793068, 35.418441592618109 ], [ 127.402271730576572, 35.417813812422466 ], [ 127.399913801918672, 35.415865596459973 ], [ 127.396666987678671, 35.413182721198609 ], [ 127.396489927408936, 35.413036414141729 ], [ 127.393656059037653, 35.411096103830459 ], [ 127.391249881726537, 35.411824926279017 ], [ 127.388587262174084, 35.412186487900883 ], [ 127.389943241231052, 35.41346465437816 ], [ 127.388878901122141, 35.416749855061234 ], [ 127.389642885905644, 35.419104466593957 ], [ 127.390041523101047, 35.420006936798906 ], [ 127.390057983577137, 35.420032629854404 ], [ 127.392282197605098, 35.42227339034504 ], [ 127.392877848658841, 35.422625669373701 ], [ 127.393446299726108, 35.422961853505498 ], [ 127.391960826387219, 35.426472709062843 ], [ 127.391593954811654, 35.431805080199801 ], [ 127.392534991957277, 35.434504159685112 ], [ 127.392769251265065, 35.434970781122651 ], [ 127.393305991652014, 35.435246555321719 ], [ 127.393753282070648, 35.43547879926178 ], [ 127.39441785546552, 35.436352994247535 ], [ 127.39479647012196, 35.437140482820965 ], [ 127.394796908315911, 35.437230495955966 ], [ 127.394797110002841, 35.437271947189856 ], [ 127.394797677447741, 35.43738879889279 ], [ 127.394389725444356, 35.441582036568896 ], [ 127.394213667157786, 35.44207920639569 ], [ 127.39332854858614, 35.443586515827228 ], [ 127.392440242941774, 35.444436542393071 ], [ 127.392111354893814, 35.446555465261916 ], [ 127.392026830614313, 35.447534337623985 ], [ 127.3928714673347, 35.448714693350418 ], [ 127.396155586898828, 35.452326261282863 ], [ 127.397410678764601, 35.45346142378218 ], [ 127.397733141158497, 35.453694061085649 ], [ 127.399004184102921, 35.45443479212679 ], [ 127.399397609755198, 35.454579548363604 ], [ 127.399948244038754, 35.45402272067534 ], [ 127.40034023004263, 35.453875349485145 ], [ 127.40132114266116, 35.453696840773347 ], [ 127.401694993673544, 35.45374875230695 ], [ 127.401731994371204, 35.453753899442617 ], [ 127.401902272413821, 35.455695934851342 ], [ 127.401708075114271, 35.456134745971653 ], [ 127.400694475112687, 35.456926831890129 ], [ 127.399080433646745, 35.459050018992897 ], [ 127.399030481460841, 35.459780467527054 ], [ 127.399495058848146, 35.461617410195991 ], [ 127.401118835370809, 35.463322834368412 ], [ 127.403571465461468, 35.464687633749769 ], [ 127.407346483621794, 35.46628166689851 ], [ 127.413389279502852, 35.4679116453379 ], [ 127.413746797611807, 35.467998067118259 ], [ 127.414995876143777, 35.467862330701173 ], [ 127.41572660019699, 35.467611521303347 ], [ 127.416563005378379, 35.467082842228159 ], [ 127.417026978469266, 35.46703742283843 ], [ 127.417223507876869, 35.467065969528022 ], [ 127.418440030187867, 35.467543755327256 ], [ 127.41940948882521, 35.468028845318564 ], [ 127.419808709735122, 35.467089156554337 ], [ 127.419834488871317, 35.46698315753541 ], [ 127.419932145076572, 35.466649889634489 ], [ 127.420013076974598, 35.466449525455339 ], [ 127.420045966579593, 35.466377129277859 ], [ 127.42037633694369, 35.46581797777592 ], [ 127.420489148109056, 35.465670941262886 ], [ 127.420918565396804, 35.465155712659616 ], [ 127.420992250720033, 35.465089927857271 ], [ 127.421133905493832, 35.464999936902814 ], [ 127.422766107473095, 35.464269146360387 ], [ 127.423925449086653, 35.46369025547245 ], [ 127.424096076183673, 35.463602675022912 ], [ 127.4242042339948, 35.463534619658745 ], [ 127.424768198920319, 35.46316003627237 ], [ 127.425239200421757, 35.462832570114365 ], [ 127.425576719869596, 35.462555131356972 ], [ 127.42572319724016, 35.462420227323257 ], [ 127.425851441595938, 35.462296579239577 ], [ 127.425952364944237, 35.462194012552054 ], [ 127.425988640923492, 35.462148018720974 ], [ 127.42599779795988, 35.462119504356771 ], [ 127.425998190312143, 35.462026844872852 ], [ 127.425966983932184, 35.461914207436308 ], [ 127.425958197598661, 35.461856912324251 ], [ 127.425963989200397, 35.461765422013912 ], [ 127.425973910007215, 35.461721212661395 ], [ 127.425994356864777, 35.461673458063693 ], [ 127.426032337261816, 35.461606084742272 ], [ 127.426184089288313, 35.461385182494311 ], [ 127.426240371323019, 35.461321977016297 ], [ 127.426462075507857, 35.461123633761638 ], [ 127.426532710226809, 35.461064622463049 ], [ 127.427226069394493, 35.460540415402384 ], [ 127.427327245786927, 35.460465808633629 ], [ 127.427726901164931, 35.460190473186366 ], [ 127.428114474843113, 35.459942688912669 ], [ 127.428223282662543, 35.459877952961605 ], [ 127.428597706732361, 35.459666353451617 ], [ 127.431447379336419, 35.458634431097906 ], [ 127.431525020873579, 35.458608919877598 ], [ 127.431739662113799, 35.45855849351193 ], [ 127.431823422472434, 35.458542974320494 ], [ 127.433467616613427, 35.458287626512451 ], [ 127.435802196828178, 35.457620846383968 ] ] ] ] } }
]
}
