{
"type": "FeatureCollection",
"name": "seogwiposhi",
"crs": { "type": "name", "properties": { "name": "urn:ogc:def:crs:OGC:1.3:CRS84" } },
"features": [
{ "type": "Feature", "properties": { "OBJECTID": 3420, "adm_nm": "제주특별자치도 서귀포시 대정읍", "adm_cd": "3902011", "adm_cd2": "5013025000", "sgg": "50130", "sido": "50", "sidonm": "제주특별자치도", "sggnm": "서귀포시" }, "geometry": { "type": "MultiPolygon", "coordinates": [ [ [ [ 126.269982403736719, 33.112454096545498 ], [ 126.269562888341142, 33.111867852754436 ], [ 126.267867451264578, 33.111890375791795 ], [ 126.267197382355619, 33.111930038540692 ], [ 126.266534295978445, 33.11230712537256 ], [ 126.265364076542596, 33.113486037313102 ], [ 126.265107014759892, 33.113968713680705 ], [ 126.264716748645171, 33.114814151709915 ], [ 126.264464691998072, 33.117031626126 ], [ 126.264424854848116, 33.117571575327062 ], [ 126.264434032907204, 33.118098073818778 ], [ 126.265436947147023, 33.120840596343072 ], [ 126.267192848260422, 33.123628750625386 ], [ 126.267605448117948, 33.124151136898689 ], [ 126.268253342169487, 33.12445356100018 ], [ 126.269055275710059, 33.124196502781039 ], [ 126.269586283741106, 33.123592189470756 ], [ 126.270274878656195, 33.122548961748322 ], [ 126.270555845448726, 33.121182347957046 ], [ 126.271132289271449, 33.116889337724736 ], [ 126.271145657905578, 33.115153088914788 ], [ 126.270351624098538, 33.112615139411773 ], [ 126.269982403736719, 33.112454096545498 ] ] ], [ [ [ 126.270376859899926, 33.161234415601669 ], [ 126.269825785347294, 33.16112073088437 ], [ 126.269654842551944, 33.161307879073078 ], [ 126.269412636431326, 33.161775671749119 ], [ 126.26928546871072, 33.162062224404487 ], [ 126.269237310754079, 33.162380945968792 ], [ 126.267462416200516, 33.166175238695416 ], [ 126.267360303433136, 33.166307348060521 ], [ 126.267215317675749, 33.166457786657574 ], [ 126.266825153810146, 33.166767119608949 ], [ 126.264255789175223, 33.168119922619063 ], [ 126.263349025004956, 33.168524124347734 ], [ 126.262619390272775, 33.169092937455979 ], [ 126.263364844518406, 33.170784481217424 ], [ 126.263709175771865, 33.171350262147961 ], [ 126.264331622061036, 33.171995152841255 ], [ 126.268490877697673, 33.175850578898583 ], [ 126.269875769956641, 33.176663311994297 ], [ 126.270906213673456, 33.176749804899679 ], [ 126.271387892136673, 33.176777440703198 ], [ 126.271837328113548, 33.176657890135218 ], [ 126.273484946629196, 33.17615299886338 ], [ 126.274974404378881, 33.175424891891609 ], [ 126.27532032889836, 33.174939459756466 ], [ 126.27564781034414, 33.173982859512179 ], [ 126.276513737361313, 33.172939462148562 ], [ 126.277100020708119, 33.172254388543564 ], [ 126.277217289170864, 33.172126113463968 ], [ 126.277335803390841, 33.172017618097485 ], [ 126.277515624503437, 33.17190027330026 ], [ 126.278503575437171, 33.171332706352935 ], [ 126.278796223431755, 33.171334404774498 ], [ 126.279193652667757, 33.171202854258077 ], [ 126.280153565027504, 33.167705678947719 ], [ 126.280218503927642, 33.167434551684984 ], [ 126.28005409103362, 33.167197113863629 ], [ 126.279869752271324, 33.167018836632664 ], [ 126.279524049431913, 33.16687489866819 ], [ 126.279043927254349, 33.166791514119772 ], [ 126.275337360197298, 33.164548389418862 ], [ 126.271977268986262, 33.161608300370006 ], [ 126.270376859899926, 33.161234415601669 ] ] ], [ [ [ 126.295225801105857, 33.219294424962428 ], [ 126.297329307195994, 33.219064530124058 ], [ 126.29733503434467, 33.218349542120258 ], [ 126.295123420134033, 33.212677032287999 ], [ 126.293556854445484, 33.211251918999949 ], [ 126.293458815917305, 33.211084196715753 ], [ 126.293027234424528, 33.209264861846087 ], [ 126.291948983906352, 33.204178450137093 ], [ 126.293597281306504, 33.203359597104949 ], [ 126.294013375257506, 33.203049294097944 ], [ 126.294323244612187, 33.202609951675434 ], [ 126.295751406505545, 33.198497155418934 ], [ 126.295694038846122, 33.197285185529189 ], [ 126.295435444867991, 33.196390673411209 ], [ 126.294721196231549, 33.196015830716931 ], [ 126.291575532864286, 33.194680641496412 ], [ 126.290982420515377, 33.194523625877373 ], [ 126.289898744265727, 33.19440857650229 ], [ 126.289097606554861, 33.194522613165866 ], [ 126.287800185716591, 33.195272741712138 ], [ 126.28721492320463, 33.195614788897366 ], [ 126.286620250513181, 33.196058230024718 ], [ 126.286040509286266, 33.196510360516619 ], [ 126.285732985729879, 33.197174775942116 ], [ 126.285691000756302, 33.197767625292855 ], [ 126.285748656296562, 33.198604635279054 ], [ 126.285694493973836, 33.199768346900015 ], [ 126.28556975058693, 33.199927889103272 ], [ 126.28503778249933, 33.20014749648022 ], [ 126.28470884242698, 33.200205595751754 ], [ 126.282455611338449, 33.199292077594954 ], [ 126.279537675517147, 33.19831414710076 ], [ 126.278376713384219, 33.198823418267999 ], [ 126.278145745634404, 33.199408739446568 ], [ 126.277742403440655, 33.199926008899745 ], [ 126.276728321569308, 33.198607662192444 ], [ 126.27637953147773, 33.197952771102806 ], [ 126.27621321883457, 33.196697920135477 ], [ 126.276439075375052, 33.195650002773831 ], [ 126.271598996047274, 33.193938833457835 ], [ 126.269073126170625, 33.194040927593406 ], [ 126.26467924787967, 33.196006267638971 ], [ 126.261858133261839, 33.19782143056937 ], [ 126.260587344770869, 33.199167608584382 ], [ 126.260325657581106, 33.200136023898025 ], [ 126.260201171546825, 33.200640347972858 ], [ 126.261170714493062, 33.204971265465822 ], [ 126.261793078868422, 33.205589942438401 ], [ 126.262899144933598, 33.204873291000986 ], [ 126.263675408728488, 33.205371177944876 ], [ 126.263457658590042, 33.207054646518294 ], [ 126.262405874625642, 33.209573416699342 ], [ 126.261449706834114, 33.2102531471429 ], [ 126.261099494764778, 33.210391281294648 ], [ 126.260287911170323, 33.210423426072346 ], [ 126.257457152764914, 33.210415547446324 ], [ 126.256094772568034, 33.209475678312991 ], [ 126.255271496563012, 33.209602291446835 ], [ 126.254382603526523, 33.211306937423387 ], [ 126.254115545791478, 33.21170622007304 ], [ 126.252312192603725, 33.213902995162165 ], [ 126.250156875037803, 33.213327295575702 ], [ 126.249362702808909, 33.213115142967574 ], [ 126.246440938903362, 33.216907371459399 ], [ 126.245928167277754, 33.217609398646417 ], [ 126.24568480080822, 33.218550271459321 ], [ 126.244690929746156, 33.220474534509698 ], [ 126.24228674660111, 33.221162603035737 ], [ 126.241166707191383, 33.222591765475343 ], [ 126.240183973600452, 33.224401378150858 ], [ 126.239915943172605, 33.225609146542205 ], [ 126.239858040507102, 33.225708925343106 ], [ 126.237987015130599, 33.226625934312629 ], [ 126.236914421494475, 33.227053658904865 ], [ 126.236225009728244, 33.227280326989664 ], [ 126.235133132839096, 33.228041018733549 ], [ 126.234921878684105, 33.229485484366933 ], [ 126.234354062278186, 33.231329196556466 ], [ 126.232458417757542, 33.234474255649204 ], [ 126.231060422357075, 33.23478102287261 ], [ 126.229291376806302, 33.235250764118213 ], [ 126.228044036972534, 33.235660757668732 ], [ 126.22673040900348, 33.23678775612732 ], [ 126.225235475136884, 33.238641600875283 ], [ 126.219258532876438, 33.241792319574024 ], [ 126.217005742020859, 33.241999832502835 ], [ 126.215522742344021, 33.241901481663376 ], [ 126.214307635524307, 33.241699152593426 ], [ 126.213553052089765, 33.241163529106345 ], [ 126.212209581179337, 33.240778043652384 ], [ 126.210125051581926, 33.241547423276636 ], [ 126.209169487811735, 33.242139693727189 ], [ 126.208924547922862, 33.243033080205066 ], [ 126.208757171281277, 33.243178780451217 ], [ 126.20760951937946, 33.243652230152534 ], [ 126.203919135568682, 33.244697519439576 ], [ 126.202806086687431, 33.244866512370216 ], [ 126.202001475761676, 33.244880613044707 ], [ 126.199826437303258, 33.245925221493472 ], [ 126.197584584893193, 33.247994239843109 ], [ 126.197041466047224, 33.248778122908291 ], [ 126.196125585579793, 33.249014666963433 ], [ 126.195008608058714, 33.249408017261267 ], [ 126.191437759268695, 33.252332916344578 ], [ 126.192325254521691, 33.253573573087017 ], [ 126.191962465488004, 33.253906727491277 ], [ 126.188979876092048, 33.255291145478523 ], [ 126.1872403766926, 33.255991381637131 ], [ 126.185610832613037, 33.256694367113546 ], [ 126.184064898322177, 33.25761481180205 ], [ 126.183203213022409, 33.25820107035657 ], [ 126.18221758590856, 33.258912480478699 ], [ 126.180111918706956, 33.261010377523725 ], [ 126.179585319213544, 33.261877338037756 ], [ 126.179576862807536, 33.262780584058611 ], [ 126.179945526347723, 33.26320001955925 ], [ 126.179157145469929, 33.265534442583501 ], [ 126.178007148997324, 33.267511403383168 ], [ 126.177296484279182, 33.268228848190304 ], [ 126.175922756382306, 33.26908322927914 ], [ 126.174801815397828, 33.269611011707603 ], [ 126.172946498270463, 33.270860364433616 ], [ 126.170484006267472, 33.272978677356846 ], [ 126.169439495339844, 33.274131606809298 ], [ 126.16848027067735, 33.275907932914798 ], [ 126.168101058681373, 33.277188895383453 ], [ 126.16881452273195, 33.277733306074133 ], [ 126.168815886040946, 33.279274033421679 ], [ 126.168340686437304, 33.281398538798676 ], [ 126.168169923772382, 33.281615444910273 ], [ 126.169220591538576, 33.282900143153256 ], [ 126.170616923759269, 33.284382233271884 ], [ 126.172071087797747, 33.285545622960527 ], [ 126.172059792524422, 33.285903457082064 ], [ 126.171914928674312, 33.286134691107641 ], [ 126.171645409971589, 33.286288926900568 ], [ 126.171198061345891, 33.286503621746718 ], [ 126.170832916085132, 33.286665487864582 ], [ 126.170645914157646, 33.286780355784217 ], [ 126.170547371344711, 33.287056832197983 ], [ 126.170515038055527, 33.287274313826863 ], [ 126.170550925950081, 33.287593835548464 ], [ 126.170793377609186, 33.288036964131045 ], [ 126.171246011588806, 33.288635027565199 ], [ 126.175964174444204, 33.292319602345671 ], [ 126.177644489064178, 33.293526323552264 ], [ 126.177803394327341, 33.293639865235996 ], [ 126.17865258414507, 33.294023807362898 ], [ 126.179040311686791, 33.294093402966496 ], [ 126.178996705320046, 33.29375396511611 ], [ 126.179040112640266, 33.293275314224523 ], [ 126.179090216232325, 33.293003531855248 ], [ 126.180661815337359, 33.2927788665205 ], [ 126.181765206498099, 33.292621121049834 ], [ 126.183511218513218, 33.29283185974186 ], [ 126.188341680266262, 33.293843233197215 ], [ 126.19160367450597, 33.294542364240435 ], [ 126.19178914781881, 33.295401413233549 ], [ 126.191770069259931, 33.29578303749053 ], [ 126.191754197552925, 33.295843507885969 ], [ 126.191738697017399, 33.295902566202123 ], [ 126.191673169605892, 33.296191258354582 ], [ 126.191661165133823, 33.296337474366275 ], [ 126.191655534013549, 33.296429639831246 ], [ 126.191649909267014, 33.296521808969189 ], [ 126.191673112885027, 33.296923539755937 ], [ 126.191701900071578, 33.297083369225327 ], [ 126.191949846123123, 33.298375001033833 ], [ 126.198141825467417, 33.296774930136081 ], [ 126.199396318442041, 33.296450703410741 ], [ 126.200491937153899, 33.29616426250039 ], [ 126.201436806728978, 33.295916782455969 ], [ 126.201665543911545, 33.295856869197003 ], [ 126.203936078554364, 33.295029854951252 ], [ 126.206281354071322, 33.294093589563687 ], [ 126.211431894817835, 33.292037190651961 ], [ 126.211505592804514, 33.292007762673862 ], [ 126.215773480606515, 33.290048902534693 ], [ 126.218777244509809, 33.288653915744469 ], [ 126.221203400765319, 33.287553748802956 ], [ 126.22472899782484, 33.286026370611133 ], [ 126.224794356787484, 33.285998915290612 ], [ 126.22844399893043, 33.284465877544342 ], [ 126.229698002006302, 33.284042542004869 ], [ 126.230275557822381, 33.283822757586833 ], [ 126.231540049082085, 33.282879953493797 ], [ 126.231628022684191, 33.282809282189049 ], [ 126.235192138607331, 33.279945588441485 ], [ 126.237883975268559, 33.277686772950844 ], [ 126.240179743418324, 33.275792023754555 ], [ 126.24174551566955, 33.274592249426014 ], [ 126.243070276650897, 33.273814546422273 ], [ 126.244724487037331, 33.273090567625829 ], [ 126.244338873536663, 33.274222669891472 ], [ 126.243936428252354, 33.275641713069511 ], [ 126.242932559889866, 33.283040534068491 ], [ 126.243283339627936, 33.284975674312811 ], [ 126.243832672529436, 33.285670708779413 ], [ 126.244198901768968, 33.286134062636044 ], [ 126.247386221834304, 33.289324502993914 ], [ 126.248490828962588, 33.289750953940342 ], [ 126.250802654280605, 33.290756503508462 ], [ 126.251545299237108, 33.291081514412625 ], [ 126.252270301786425, 33.291548816698381 ], [ 126.253561007736323, 33.29249983486735 ], [ 126.254306845674307, 33.292979461525654 ], [ 126.25507711954566, 33.293285894896826 ], [ 126.261247424853593, 33.295056440404579 ], [ 126.261522495594789, 33.295134648643248 ], [ 126.263229215680667, 33.295478097022254 ], [ 126.263465129917151, 33.295507536384264 ], [ 126.263747950428964, 33.295506816672564 ], [ 126.263821733741366, 33.29548009110831 ], [ 126.263945152078819, 33.295435382679528 ], [ 126.264254090121796, 33.295416784169717 ], [ 126.268321676583071, 33.296174822093143 ], [ 126.268808831474956, 33.29633151719414 ], [ 126.270537379506777, 33.297726136409992 ], [ 126.270837101386547, 33.298394469628995 ], [ 126.270830690809078, 33.299163551739717 ], [ 126.270758680420371, 33.299793813814702 ], [ 126.270698950273342, 33.30031645586196 ], [ 126.271150918417334, 33.30103697812833 ], [ 126.272452790461301, 33.302352139565087 ], [ 126.273178154374406, 33.302907386974333 ], [ 126.275152938028086, 33.304418956632972 ], [ 126.28065579558023, 33.308036780587372 ], [ 126.281037953295552, 33.308287997973245 ], [ 126.281767968378574, 33.307927806898881 ], [ 126.285140444913068, 33.306549805817795 ], [ 126.287200040276971, 33.305881080851123 ], [ 126.292388378825549, 33.302005891566296 ], [ 126.292537457867681, 33.301863473382291 ], [ 126.292629554548427, 33.301732660028911 ], [ 126.29301209097558, 33.301068694110029 ], [ 126.293653958486104, 33.297855789459575 ], [ 126.29358094163058, 33.296930499933069 ], [ 126.293356133153708, 33.295075795892814 ], [ 126.29266113778597, 33.288901678554865 ], [ 126.293697061349206, 33.285832228734918 ], [ 126.29419552602657, 33.284947852072044 ], [ 126.294890303677377, 33.284085248731827 ], [ 126.295795102835598, 33.283470152765858 ], [ 126.295975568469203, 33.283492188852833 ], [ 126.296081018199345, 33.28350179207834 ], [ 126.296215220071645, 33.283493549675065 ], [ 126.297071159511177, 33.283203443942249 ], [ 126.297245243862548, 33.283128049059798 ], [ 126.300697030747486, 33.281360421835693 ], [ 126.301861159192526, 33.280462752981272 ], [ 126.30214533356137, 33.280191247531107 ], [ 126.302520630997947, 33.279600365288012 ], [ 126.303573528087327, 33.276445830803212 ], [ 126.303776465608905, 33.275475972591103 ], [ 126.303755458178514, 33.274542371658193 ], [ 126.30365921973042, 33.274472337723012 ], [ 126.302239611662856, 33.27331402889817 ], [ 126.301146883588046, 33.272406812629733 ], [ 126.30040088132418, 33.271662221244981 ], [ 126.295226646595424, 33.266019193970791 ], [ 126.295155317929272, 33.265897427276599 ], [ 126.295177647797047, 33.265818644577898 ], [ 126.295454853402561, 33.265510727766106 ], [ 126.295527785613658, 33.265432251275989 ], [ 126.2959569071174, 33.265113037437182 ], [ 126.296247780957643, 33.264013042866971 ], [ 126.296236150337577, 33.26366099940617 ], [ 126.296003951845947, 33.261058315892924 ], [ 126.295793694227271, 33.260173408125212 ], [ 126.295744945985632, 33.259942508008095 ], [ 126.295732775059605, 33.259657210190447 ], [ 126.29641294360566, 33.258336869496688 ], [ 126.295896487611103, 33.255992393616289 ], [ 126.295575990076742, 33.254660166793641 ], [ 126.294075252149497, 33.248767146792694 ], [ 126.29245722389156, 33.244402271393881 ], [ 126.291993281702588, 33.24348171431231 ], [ 126.291900780958272, 33.243360158457122 ], [ 126.291473250379525, 33.243164315500145 ], [ 126.290606660117319, 33.242914060724367 ], [ 126.289910842022095, 33.242740005558304 ], [ 126.289460646921853, 33.242684083032444 ], [ 126.287715017795691, 33.242281596085832 ], [ 126.286267888811281, 33.241923539040357 ], [ 126.286115927315635, 33.241842567763577 ], [ 126.28541809998957, 33.23951142193129 ], [ 126.285301647152707, 33.237408098128867 ], [ 126.285422301463811, 33.236647828860001 ], [ 126.285485270375744, 33.235943303080376 ], [ 126.285357026561059, 33.235293761754264 ], [ 126.285301693650254, 33.235061144176001 ], [ 126.284707613424033, 33.23404344914281 ], [ 126.284209109651997, 33.233183506392244 ], [ 126.284041821281761, 33.23264585325424 ], [ 126.284282896997738, 33.231963147369441 ], [ 126.284352910685953, 33.231773360056465 ], [ 126.284496771397357, 33.231570731246897 ], [ 126.286496054037002, 33.229492765605869 ], [ 126.287704927191953, 33.228504542061593 ], [ 126.287916961160917, 33.228337683484654 ], [ 126.288060125218692, 33.228219086511231 ], [ 126.288545203664583, 33.227727762709982 ], [ 126.289037957853751, 33.227073023516631 ], [ 126.289671312911366, 33.226040839518035 ], [ 126.289730572309367, 33.225877531071056 ], [ 126.290474716506395, 33.222464694963826 ], [ 126.29045584373749, 33.22149378526511 ], [ 126.290465646662298, 33.221452589558602 ], [ 126.294338552554493, 33.219653467131991 ], [ 126.295225801105857, 33.219294424962428 ] ] ] ] } },
{ "type": "Feature", "properties": { "OBJECTID": 3421, "adm_nm": "제주특별자치도 서귀포시 남원읍", "adm_cd": "3902012", "adm_cd2": "5013025300", "sgg": "50130", "sido": "50", "sidonm": "제주특별자치도", "sggnm": "서귀포시" }, "geometry": { "type": "MultiPolygon", "coordinates": [ [ [ [ 126.651976318334022, 33.394537487684282 ], [ 126.652201175751387, 33.392778188176486 ], [ 126.652253921301977, 33.392458855313514 ], [ 126.652306672883185, 33.392139523351702 ], [ 126.653179865477341, 33.390000503904794 ], [ 126.653780618439825, 33.389069595328245 ], [ 126.654421809091318, 33.388311515139506 ], [ 126.654876834263746, 33.387777405953905 ], [ 126.658469878550108, 33.384989662613563 ], [ 126.659233111564291, 33.384594565584607 ], [ 126.660015577311484, 33.384544891287092 ], [ 126.660653409519838, 33.384633003408972 ], [ 126.661147047467125, 33.384737973675001 ], [ 126.661393741777587, 33.38482499084764 ], [ 126.661639786272076, 33.38508471811916 ], [ 126.661844273347853, 33.385430667856816 ], [ 126.661987864497462, 33.385569251537895 ], [ 126.662316968146243, 33.385639229103752 ], [ 126.663078966132503, 33.385554956695685 ], [ 126.66464490221739, 33.385196532308107 ], [ 126.664934048650679, 33.384955529670307 ], [ 126.665471807371759, 33.384300717789792 ], [ 126.665989552914596, 33.383490442446615 ], [ 126.666774848939895, 33.382698142102292 ], [ 126.667952043449404, 33.381699675964555 ], [ 126.673869537037078, 33.379159464378873 ], [ 126.677123813145172, 33.378649888957874 ], [ 126.677535701144336, 33.378599140759739 ], [ 126.678195038744747, 33.378428182304617 ], [ 126.678999804450996, 33.377894893770723 ], [ 126.680155880000669, 33.376982577891987 ], [ 126.680755599549556, 33.376224247613727 ], [ 126.681313384916635, 33.375673036716002 ], [ 126.682034459129056, 33.37550220764372 ], [ 126.683042937986244, 33.37553933677281 ], [ 126.683556384732739, 33.375851510062347 ], [ 126.683863390944381, 33.376335838778019 ], [ 126.685260455609722, 33.377064768543129 ], [ 126.686021440440797, 33.377239407528563 ], [ 126.686803396732941, 33.377310469801017 ], [ 126.688430605609653, 33.37702097524744 ], [ 126.688760173057759, 33.37695273807666 ], [ 126.691933743982133, 33.375941760778268 ], [ 126.692655808986984, 33.375477249926483 ], [ 126.693461002919747, 33.374788474360535 ], [ 126.694326970212572, 33.374376112814204 ], [ 126.694862938680401, 33.374152943486344 ], [ 126.695541885640523, 33.374240957846744 ], [ 126.696055492556809, 33.374518561484358 ], [ 126.696198753434686, 33.374760666579974 ], [ 126.696341020278396, 33.375279127374334 ], [ 126.696525107147963, 33.375607721731527 ], [ 126.697356096630685, 33.376358792510153 ], [ 126.697674517858161, 33.376560379169 ], [ 126.698003563077947, 33.376647526852757 ], [ 126.70086525332502, 33.376499075546263 ], [ 126.701689077330428, 33.376362883536828 ], [ 126.70202741355817, 33.376269179251466 ], [ 126.702492638053357, 33.376140330472957 ], [ 126.703090803708704, 33.375779081492688 ], [ 126.703565101894498, 33.375521164836101 ], [ 126.703833100711449, 33.375400943342392 ], [ 126.705317363541226, 33.374748235695698 ], [ 126.708078910732027, 33.373753099352157 ], [ 126.714650835554991, 33.371989641973393 ], [ 126.717802757736536, 33.371150637188897 ], [ 126.718708568754536, 33.371100909447776 ], [ 126.721774936019131, 33.371246007368079 ], [ 126.722536123977292, 33.371368629544627 ], [ 126.722700218297419, 33.371541666411865 ], [ 126.722658187213455, 33.37181789895552 ], [ 126.722719145101223, 33.372059817680309 ], [ 126.722815814824571, 33.372174020046401 ], [ 126.723068505427662, 33.37223331497286 ], [ 126.72411912930238, 33.371959334359211 ], [ 126.725274599852554, 33.371063863065018 ], [ 126.72593520858409, 33.370443638130688 ], [ 126.726538663928665, 33.369610805335142 ], [ 126.727010036291745, 33.368995310179578 ], [ 126.730747375313214, 33.365152300172838 ], [ 126.732723047859494, 33.365191129397729 ], [ 126.73500641076464, 33.365575996112341 ], [ 126.737712738423269, 33.362214087740668 ], [ 126.741186676855435, 33.3567122507988 ], [ 126.741786738482347, 33.355625499387479 ], [ 126.741952996592545, 33.355073194123285 ], [ 126.741912465117736, 33.354865874068928 ], [ 126.741595482755741, 33.354727442822011 ], [ 126.741316425839216, 33.354605577812727 ], [ 126.741545715132204, 33.353621655963977 ], [ 126.741855579069508, 33.353225090713352 ], [ 126.74517597065217, 33.350762370484219 ], [ 126.745588323820982, 33.350486891819699 ], [ 126.746863611232499, 33.350679491730283 ], [ 126.747337355067998, 33.350525018848003 ], [ 126.747526559659789, 33.350320543025397 ], [ 126.747688272505627, 33.350145776737264 ], [ 126.749360452862831, 33.348284006910596 ], [ 126.749608716671034, 33.347818231685316 ], [ 126.750423886234714, 33.345973123542137 ], [ 126.75081135734996, 33.345056813182723 ], [ 126.751379509324039, 33.343437159423978 ], [ 126.751532666693478, 33.342751051752657 ], [ 126.752290513705589, 33.341708902364964 ], [ 126.756135107368138, 33.338735533339353 ], [ 126.757614554197716, 33.336276774632836 ], [ 126.758498025237415, 33.334512716230059 ], [ 126.758896236530461, 33.333703332316311 ], [ 126.759845007329318, 33.330672226235414 ], [ 126.759833485352758, 33.330360592695015 ], [ 126.759542902420762, 33.328054153713893 ], [ 126.759481499825398, 33.327887827008041 ], [ 126.759209944003317, 33.327648387093213 ], [ 126.758538286674209, 33.327451749914829 ], [ 126.75792419078806, 33.327271960680434 ], [ 126.757793228297828, 33.32717313247219 ], [ 126.757689615894719, 33.327094931241355 ], [ 126.75764072755014, 33.326876721902856 ], [ 126.758380085992613, 33.323502420542148 ], [ 126.761598979415794, 33.318232146993502 ], [ 126.761970922354067, 33.317952423708086 ], [ 126.76312459479135, 33.317856900956926 ], [ 126.765196028661748, 33.315935788705119 ], [ 126.767474189392473, 33.313770382332869 ], [ 126.768518836152509, 33.312460873398997 ], [ 126.769787668543557, 33.31095770901667 ], [ 126.770158374986039, 33.310688012778556 ], [ 126.770190214747714, 33.310664848869145 ], [ 126.770890286754238, 33.310391284059293 ], [ 126.771396483851248, 33.31029225128114 ], [ 126.774068765276226, 33.309797412870971 ], [ 126.774487025654153, 33.309167231815721 ], [ 126.775764300887005, 33.30721424048 ], [ 126.775966482338092, 33.306708607611036 ], [ 126.775879451003505, 33.305833858660591 ], [ 126.77557368105785, 33.304126189582668 ], [ 126.772993951340268, 33.300512121874924 ], [ 126.772058227455489, 33.300208149546421 ], [ 126.770762051591561, 33.300004259887444 ], [ 126.769537814445002, 33.29984078087336 ], [ 126.76735780733776, 33.29790233443083 ], [ 126.765416836834078, 33.294764626371673 ], [ 126.765472391531375, 33.29196394028093 ], [ 126.763914312490442, 33.290993784080207 ], [ 126.762857252623874, 33.291213412812496 ], [ 126.7617045740935, 33.291271639560073 ], [ 126.75940317466366, 33.289957462642455 ], [ 126.758372682422177, 33.289250223717588 ], [ 126.756999713780615, 33.2874209965739 ], [ 126.754603689798742, 33.285663255362536 ], [ 126.753788857997137, 33.285137737087346 ], [ 126.753092490967262, 33.285176645018886 ], [ 126.752587449432127, 33.28547788998182 ], [ 126.749950669513126, 33.284001653084431 ], [ 126.749928107795313, 33.283497880943507 ], [ 126.750241085933737, 33.28319626311351 ], [ 126.75079402652014, 33.282935431184029 ], [ 126.750891035516531, 33.282593073083156 ], [ 126.748514721733031, 33.279696570212167 ], [ 126.748011434181876, 33.279393305372579 ], [ 126.74539851612235, 33.278058084294997 ], [ 126.738811832022407, 33.276557806205282 ], [ 126.738499144905489, 33.276758647654276 ], [ 126.735828248287149, 33.278788084774611 ], [ 126.734913592632694, 33.279571970334146 ], [ 126.733974356664575, 33.28053712948774 ], [ 126.733276841494828, 33.280958782844635 ], [ 126.732299759250452, 33.278599150877056 ], [ 126.731916255462025, 33.278396835163178 ], [ 126.7310523746348, 33.278274059442914 ], [ 126.728638759221695, 33.278198110526219 ], [ 126.727581894022023, 33.278377125382519 ], [ 126.72710067669297, 33.278718609883725 ], [ 126.72642797142241, 33.278878315075865 ], [ 126.725588288365842, 33.278695116652102 ], [ 126.723717140114246, 33.278247655366727 ], [ 126.723430905907065, 33.277662680900889 ], [ 126.72331170821812, 33.277400464864627 ], [ 126.723432757444002, 33.277078339513935 ], [ 126.723386281293102, 33.276594645834024 ], [ 126.723147486642816, 33.276191123854034 ], [ 126.72242793902204, 33.275988007190151 ], [ 126.71762127335856, 33.274685046511756 ], [ 126.716012548459574, 33.274782111812257 ], [ 126.715723426986074, 33.275103843394902 ], [ 126.71562589515402, 33.275567070245287 ], [ 126.705852172972072, 33.273343014905905 ], [ 126.702927473381365, 33.272167352665562 ], [ 126.700986830508711, 33.2710544521548 ], [ 126.700171638704361, 33.270770374622494 ], [ 126.698564916982974, 33.270303027875876 ], [ 126.697412543053886, 33.27034051704937 ], [ 126.693513615215963, 33.270209063358671 ], [ 126.689651297692109, 33.269514370243861 ], [ 126.683314100854176, 33.269498320891749 ], [ 126.682194677110019, 33.270348354622485 ], [ 126.681184142883126, 33.270689217218226 ], [ 126.678674710185547, 33.270636932918407 ], [ 126.678361684969033, 33.270452945245744 ], [ 126.67822690379181, 33.270017551640422 ], [ 126.678502924836025, 33.269136720787102 ], [ 126.678885447219557, 33.268965979147289 ], [ 126.678846042912241, 33.268553719936328 ], [ 126.677528953140211, 33.266958933065474 ], [ 126.677215861682754, 33.266797848321218 ], [ 126.674089615551978, 33.267602505097543 ], [ 126.673993971932347, 33.267648044709645 ], [ 126.672774740393038, 33.269087374135836 ], [ 126.670846952961838, 33.270631689010109 ], [ 126.668936342802951, 33.270352128148758 ], [ 126.665316624234649, 33.269730085415937 ], [ 126.663386435953527, 33.268014661544747 ], [ 126.661204920272752, 33.267012156515108 ], [ 126.660999536056508, 33.267009194070916 ], [ 126.660759533889475, 33.26710672763442 ], [ 126.660627753975589, 33.26733279647074 ], [ 126.660692383770026, 33.267634457728526 ], [ 126.660926160393146, 33.267846080566613 ], [ 126.661729176234644, 33.268185868562099 ], [ 126.66293485566456, 33.268400153090056 ], [ 126.663985227503687, 33.269781470753415 ], [ 126.662895434850029, 33.270601308928697 ], [ 126.66166694149193, 33.271420447363802 ], [ 126.66157481705261, 33.272697791950932 ], [ 126.661608209604211, 33.272734646631669 ], [ 126.662641228680528, 33.272778321430764 ], [ 126.662699853230777, 33.272844375343674 ], [ 126.662360901090068, 33.273828078945385 ], [ 126.662192775047714, 33.273968280332944 ], [ 126.66174003399793, 33.274037378753611 ], [ 126.66063374827533, 33.27410467662321 ], [ 126.659487404512859, 33.274083060076805 ], [ 126.658757251047646, 33.274001061479957 ], [ 126.658473028240635, 33.273831479858494 ], [ 126.658474023555527, 33.273576411659384 ], [ 126.658474291455761, 33.273507970108433 ], [ 126.658526313136946, 33.273057992070974 ], [ 126.659493538232894, 33.269972033570291 ], [ 126.660753931126152, 33.26904713884641 ], [ 126.661106430554511, 33.268893374164762 ], [ 126.661174213439438, 33.268696637795514 ], [ 126.661108011752873, 33.268485460768879 ], [ 126.66090752940741, 33.268330199179445 ], [ 126.657073349148177, 33.267518489690907 ], [ 126.656949896121489, 33.267512051459683 ], [ 126.65471393644107, 33.2685118103715 ], [ 126.653227899375565, 33.269313589395416 ], [ 126.648217406350298, 33.268439798729595 ], [ 126.648152439893437, 33.268418477773466 ], [ 126.647887139548061, 33.268331402956093 ], [ 126.644040995847377, 33.266938093017636 ], [ 126.642151409079176, 33.26575468163707 ], [ 126.641671291898533, 33.265043696625924 ], [ 126.641485113002716, 33.264664948662642 ], [ 126.641312005882284, 33.264312789340266 ], [ 126.640546893982915, 33.261240015233099 ], [ 126.640327988146311, 33.259096790482985 ], [ 126.640559761335538, 33.258109794487098 ], [ 126.640577139429084, 33.25744491956403 ], [ 126.640521133569237, 33.257221730367249 ], [ 126.640322882673402, 33.256982215466671 ], [ 126.637905597341444, 33.256489303002937 ], [ 126.637364888940525, 33.256471785614856 ], [ 126.633780861399771, 33.254938316464738 ], [ 126.63139023016879, 33.253479120670065 ], [ 126.62808690946315, 33.251641724611446 ], [ 126.627457102905481, 33.251301233532502 ], [ 126.625863478964064, 33.250825325303879 ], [ 126.62569700320897, 33.250802737076206 ], [ 126.625503998114283, 33.250831608258309 ], [ 126.62442275611987, 33.251498164064486 ], [ 126.624120822833973, 33.252064203425583 ], [ 126.623339089770127, 33.25270146867404 ], [ 126.623148503206849, 33.252973283147149 ], [ 126.623086780256784, 33.253127454448659 ], [ 126.623025061459117, 33.253281617625412 ], [ 126.622961480388398, 33.254813743777632 ], [ 126.622965330558998, 33.255139253444113 ], [ 126.623000390656486, 33.255495485639749 ], [ 126.623062929843414, 33.255775376832318 ], [ 126.623092829069563, 33.255909156884471 ], [ 126.62399820140152, 33.259513663862194 ], [ 126.624682629140565, 33.26220265774689 ], [ 126.624796588786495, 33.262458073551457 ], [ 126.624848094671648, 33.262660470964647 ], [ 126.624810157748215, 33.262972586079307 ], [ 126.624688844661947, 33.263178978465163 ], [ 126.624399009257019, 33.263644241795703 ], [ 126.62423123408017, 33.263727302963034 ], [ 126.623806837079698, 33.263857929759965 ], [ 126.623057560138207, 33.264093124357089 ], [ 126.622942692336366, 33.264152947284877 ], [ 126.622805746901605, 33.264224276648875 ], [ 126.62255914699297, 33.264390600046376 ], [ 126.622349996980645, 33.264594936908289 ], [ 126.62208573550997, 33.264960881141221 ], [ 126.621906658004292, 33.265224248869039 ], [ 126.621679611032647, 33.265680839177506 ], [ 126.621436672901339, 33.26619024714816 ], [ 126.621420147738547, 33.266388109856194 ], [ 126.621424427966573, 33.266560467934106 ], [ 126.621476324869249, 33.266700520675485 ], [ 126.621585395906507, 33.266894333503267 ], [ 126.62176763128889, 33.267119125760082 ], [ 126.621965813772619, 33.267278057664932 ], [ 126.622226673350937, 33.267441589806047 ], [ 126.622810699971851, 33.267927096839671 ], [ 126.623193791450078, 33.26831006947414 ], [ 126.6233004794273, 33.268416724172681 ], [ 126.623477396508676, 33.26865916741172 ], [ 126.623586113948249, 33.268936562106902 ], [ 126.62361451825862, 33.269179630350976 ], [ 126.623001040637973, 33.272347365050514 ], [ 126.622916150084265, 33.272619746724082 ], [ 126.620391401594702, 33.278404707791104 ], [ 126.620271665375228, 33.278538866861041 ], [ 126.620156156706386, 33.278638317846458 ], [ 126.620039901558314, 33.278738402020082 ], [ 126.619655587992114, 33.278918709119679 ], [ 126.619271643656333, 33.27901141077426 ], [ 126.618956843140523, 33.279051102793495 ], [ 126.617352279854032, 33.278977259332244 ], [ 126.616894212751006, 33.279286484396202 ], [ 126.615485124265817, 33.280204175166908 ], [ 126.615275872139321, 33.280359971446025 ], [ 126.614108002358549, 33.28239211933824 ], [ 126.614055464630582, 33.282547930782499 ], [ 126.614115805913755, 33.282763423575624 ], [ 126.614303146323437, 33.284097060330019 ], [ 126.614335186777083, 33.28540046328748 ], [ 126.614268705868838, 33.285504209345355 ], [ 126.614036896916843, 33.285681740140852 ], [ 126.61377232847353, 33.285792345596292 ], [ 126.61258285466333, 33.286135036825641 ], [ 126.608012060862805, 33.286416571979906 ], [ 126.604056469217554, 33.287313740519473 ], [ 126.603919453478966, 33.287369027345818 ], [ 126.603772660680207, 33.287520739745872 ], [ 126.603654005718568, 33.287691219767645 ], [ 126.60303039938664, 33.290006213086585 ], [ 126.602837548216897, 33.290933904107881 ], [ 126.60292096929237, 33.291264625868195 ], [ 126.603098984918347, 33.291521429869732 ], [ 126.603272696732432, 33.291685357503702 ], [ 126.604128641331883, 33.292211660541433 ], [ 126.604542032652319, 33.292554613184848 ], [ 126.604907572357121, 33.293056991476313 ], [ 126.605043364828887, 33.293276532048502 ], [ 126.605089234311265, 33.293555168419758 ], [ 126.605095813114232, 33.296280612229779 ], [ 126.605013762238571, 33.296688791738987 ], [ 126.604794888123948, 33.297129981931626 ], [ 126.604586224931481, 33.297378063683041 ], [ 126.604139695959702, 33.297718287488131 ], [ 126.604018336613038, 33.297810743678966 ], [ 126.603578527102727, 33.29808037940856 ], [ 126.602921162848176, 33.298497875649652 ], [ 126.601798889269602, 33.299504284269069 ], [ 126.601647025119519, 33.299700504291117 ], [ 126.600647305941607, 33.306535369970597 ], [ 126.60042891605184, 33.308901789559435 ], [ 126.600068610331874, 33.309101850927568 ], [ 126.599829644117207, 33.309345160315196 ], [ 126.599645961438199, 33.309665362279858 ], [ 126.599579120666149, 33.309885222077199 ], [ 126.599367664173613, 33.310732319035871 ], [ 126.599320025140344, 33.311193432016147 ], [ 126.599250546176805, 33.312526169832523 ], [ 126.599260076157833, 33.312673720935635 ], [ 126.599305395037646, 33.312725414515228 ], [ 126.599340618792638, 33.312765569335092 ], [ 126.599688508817181, 33.313078571926539 ], [ 126.599892545204852, 33.313286408767411 ], [ 126.599950010891206, 33.313448000463062 ], [ 126.599962134105795, 33.31356661145059 ], [ 126.599712872928947, 33.314930565363525 ], [ 126.598635250253608, 33.316424399426438 ], [ 126.598442362339924, 33.316545320997321 ], [ 126.598295330448195, 33.316594699823845 ], [ 126.598115644445613, 33.316600062710535 ], [ 126.597996736591043, 33.316582731685415 ], [ 126.594918355603212, 33.318842169945519 ], [ 126.594541077885651, 33.321596458759046 ], [ 126.594433474436784, 33.32187207760137 ], [ 126.59370663083871, 33.323577172181267 ], [ 126.593609721157151, 33.323724282297732 ], [ 126.593182278287671, 33.324208119556239 ], [ 126.590872916743109, 33.326515684175824 ], [ 126.590542665485458, 33.326766681640251 ], [ 126.590187305399525, 33.326964763882614 ], [ 126.58803192478787, 33.327609807565587 ], [ 126.585404122856445, 33.327767850391147 ], [ 126.584157234643584, 33.328273118613922 ], [ 126.583202771495067, 33.329188004985831 ], [ 126.582872446046736, 33.32953654886515 ], [ 126.58254947953705, 33.329918556880259 ], [ 126.58198607351099, 33.330603867806893 ], [ 126.58140371171271, 33.331343827991049 ], [ 126.581144507747169, 33.331686559535967 ], [ 126.580813673605704, 33.332135452195139 ], [ 126.58047499565275, 33.332678524469891 ], [ 126.580271620647324, 33.333045782609673 ], [ 126.577551038352738, 33.336530177838192 ], [ 126.575520474360218, 33.338633476161675 ], [ 126.575370146770496, 33.338842758424292 ], [ 126.575046761994074, 33.339294711623282 ], [ 126.574636552738141, 33.339931842222953 ], [ 126.574338350708842, 33.340593579628447 ], [ 126.574257837541595, 33.340844797019173 ], [ 126.574194263963889, 33.341043172316446 ], [ 126.574091421293858, 33.341447193254666 ], [ 126.573996026466148, 33.341866463709849 ], [ 126.573885415534846, 33.342343490028412 ], [ 126.573585125282193, 33.343409706748382 ], [ 126.573190167541398, 33.344740115091376 ], [ 126.572943841762935, 33.345465970273111 ], [ 126.572760468588129, 33.345926013225281 ], [ 126.572577093469761, 33.346386052232056 ], [ 126.572278546357907, 33.347111732247491 ], [ 126.571893391605897, 33.34794960676124 ], [ 126.571731715393625, 33.348247866733161 ], [ 126.571686112150829, 33.348331982585535 ], [ 126.571347302253855, 33.34887502371452 ], [ 126.571140407530294, 33.349178433860843 ], [ 126.57078385211274, 33.349526852584589 ], [ 126.570517536822976, 33.349766122868488 ], [ 126.56872915757657, 33.351134310473199 ], [ 126.568556793519321, 33.351252266633821 ], [ 126.568163622547701, 33.351442395726778 ], [ 126.567680740798977, 33.351653583118569 ], [ 126.567606124530712, 33.351679716632482 ], [ 126.567508664935886, 33.351713842905681 ], [ 126.567396489892261, 33.351728055601576 ], [ 126.567321709424689, 33.351737526187698 ], [ 126.56700785712853, 33.351769793764952 ], [ 126.566559179407477, 33.351862526837031 ], [ 126.564635111121149, 33.352436590682558 ], [ 126.562637973274036, 33.353275739679148 ], [ 126.562222755012641, 33.35358251852545 ], [ 126.562024085373849, 33.353757362155541 ], [ 126.561883086305244, 33.353894444109343 ], [ 126.561649659907303, 33.354145250916829 ], [ 126.561508426127787, 33.354329324336142 ], [ 126.56131154685697, 33.354618225873509 ], [ 126.5609828529266, 33.355033407239219 ], [ 126.560772617629056, 33.355242653211327 ], [ 126.56051375118443, 33.355487874433436 ], [ 126.560109715548279, 33.355823092877849 ], [ 126.559901946697551, 33.355988892500847 ], [ 126.556803481604931, 33.35799240460252 ], [ 126.556268298316041, 33.3583144367201 ], [ 126.556039983598566, 33.358442190347546 ], [ 126.555454592989008, 33.358706142036532 ], [ 126.554154619510868, 33.359282457319537 ], [ 126.553535182487963, 33.359459472433137 ], [ 126.552860438590983, 33.359650700041584 ], [ 126.552494340821482, 33.359741699899644 ], [ 126.552112096258213, 33.359839863038268 ], [ 126.551619181553903, 33.359981072383448 ], [ 126.551243656408261, 33.360108197523893 ], [ 126.548905340118452, 33.360928720874917 ], [ 126.546292521903695, 33.361900217328866 ], [ 126.539622566994026, 33.364285269963915 ], [ 126.539880912089927, 33.364575416474629 ], [ 126.539909099936779, 33.364607069596431 ], [ 126.541284729852137, 33.366024233290538 ], [ 126.545258362713355, 33.368785619415156 ], [ 126.54810684970316, 33.370730338063908 ], [ 126.551074000146798, 33.372037122104025 ], [ 126.551442964028382, 33.372019137204781 ], [ 126.5559348526522, 33.371203922414594 ], [ 126.558202603349187, 33.371056942305557 ], [ 126.561295188959448, 33.371103821271149 ], [ 126.56463500373539, 33.371258615390026 ], [ 126.568418433244801, 33.371516371456885 ], [ 126.569910119460204, 33.371870609741158 ], [ 126.575227419460603, 33.37116035489781 ], [ 126.575673096900005, 33.371105996352384 ], [ 126.576154446884999, 33.371093039956946 ], [ 126.577840299723917, 33.37114379579242 ], [ 126.579875703624268, 33.371237080605027 ], [ 126.580478798838925, 33.371267525345409 ], [ 126.581038427167726, 33.371295774759318 ], [ 126.58117782948402, 33.37130944463761 ], [ 126.581295337177039, 33.371320969860314 ], [ 126.581997303974973, 33.371442542876586 ], [ 126.583813238123724, 33.371795416063321 ], [ 126.585569123039093, 33.372216151282593 ], [ 126.591537069186202, 33.373755924253047 ], [ 126.591625984418471, 33.373813722692248 ], [ 126.591853863492801, 33.373990127159949 ], [ 126.591889058103092, 33.374017376056798 ], [ 126.592577871787768, 33.374636976307237 ], [ 126.593451932859992, 33.375379806600264 ], [ 126.593900181723072, 33.375741383637582 ], [ 126.59430066065481, 33.375978825781971 ], [ 126.594738476514536, 33.376207186758123 ], [ 126.595172762122075, 33.376361433440628 ], [ 126.597374335738877, 33.377131302187834 ], [ 126.600868068403187, 33.379218751455213 ], [ 126.600993632622476, 33.379444280689953 ], [ 126.601119332044291, 33.379640327304969 ], [ 126.601202375103284, 33.379745948612872 ], [ 126.601266245086933, 33.379827179710425 ], [ 126.601466849996967, 33.380045655685464 ], [ 126.601775210993964, 33.380319736446943 ], [ 126.60194828815699, 33.380427336452811 ], [ 126.602947581176963, 33.380860506102486 ], [ 126.603476813534584, 33.381035680335529 ], [ 126.60658177670426, 33.382038445591064 ], [ 126.607223438407601, 33.382236118369008 ], [ 126.607654558147672, 33.382318741821258 ], [ 126.607954538289206, 33.382360266081101 ], [ 126.608498502335991, 33.38239515616656 ], [ 126.609087041295098, 33.38241001610664 ], [ 126.609377873408377, 33.382407149985063 ], [ 126.609945573597798, 33.382372048536077 ], [ 126.610414676418031, 33.382351436398409 ], [ 126.610544039658535, 33.382348100984714 ], [ 126.610735929334808, 33.382343165147716 ], [ 126.610951639659547, 33.382362328094366 ], [ 126.611331250415745, 33.382429965628511 ], [ 126.611790460448262, 33.38252733498485 ], [ 126.61419169181832, 33.383079249688969 ], [ 126.614440008918237, 33.383139076859983 ], [ 126.614630595791709, 33.38320269205348 ], [ 126.615176291952224, 33.383479102861799 ], [ 126.615618911314471, 33.383711744401268 ], [ 126.616343883044294, 33.384036873985977 ], [ 126.617644913973976, 33.384481593160849 ], [ 126.619406513984202, 33.384873186399957 ], [ 126.619666873294477, 33.384930711105078 ], [ 126.620127168924711, 33.384910302040758 ], [ 126.620401185091808, 33.384849107709854 ], [ 126.620549133812489, 33.384780678865518 ], [ 126.620761498502375, 33.384410499558555 ], [ 126.621000706402597, 33.384243257030391 ], [ 126.621267553621678, 33.384073865583495 ], [ 126.621656389682144, 33.383922320468415 ], [ 126.6223168700499, 33.383758625162685 ], [ 126.622649947218093, 33.383681098039403 ], [ 126.622771867069261, 33.383694562651677 ], [ 126.624019018126916, 33.384878768051109 ], [ 126.624124564215805, 33.385049023583406 ], [ 126.624216320239839, 33.385695013684469 ], [ 126.624291344242309, 33.386223238368103 ], [ 126.624348485313689, 33.387128804008817 ], [ 126.624390119153972, 33.387373349358484 ], [ 126.624429509847161, 33.387604654621263 ], [ 126.624649360647425, 33.388063425798556 ], [ 126.62533764002653, 33.389189003577549 ], [ 126.625630067384265, 33.389543335704047 ], [ 126.626044397188139, 33.38991982769604 ], [ 126.629278717257279, 33.392176553835064 ], [ 126.63335511023331, 33.394033216435105 ], [ 126.63345471866198, 33.394077155546981 ], [ 126.633554326233408, 33.39412108284823 ], [ 126.633795426204841, 33.394169850905982 ], [ 126.634056212563962, 33.394137895179249 ], [ 126.634267190204937, 33.394066486920586 ], [ 126.634553511664862, 33.393890604470215 ], [ 126.634895718336949, 33.393613472259112 ], [ 126.634973727405253, 33.393543921814377 ], [ 126.636062018289962, 33.393205685084595 ], [ 126.638639810429709, 33.393404728026184 ], [ 126.64087828716805, 33.393818187167689 ], [ 126.641561154396896, 33.393996407501042 ], [ 126.642022200556283, 33.394061866020124 ], [ 126.643729049983833, 33.394248748350165 ], [ 126.649223672202822, 33.39483218497849 ], [ 126.650133333908244, 33.394562309836203 ], [ 126.651976318334022, 33.394537487684282 ] ] ] ] } },
{ "type": "Feature", "properties": { "OBJECTID": 3422, "adm_nm": "제주특별자치도 서귀포시 성산읍", "adm_cd": "3902013", "adm_cd2": "5013025900", "sgg": "50130", "sido": "50", "sidonm": "제주특별자치도", "sggnm": "서귀포시" }, "geometry": { "type": "MultiPolygon", "coordinates": [ [ [ [ 126.917311155610591, 33.475249882531301 ], [ 126.914696287271013, 33.475635170758508 ], [ 126.91367575794132, 33.477379451210382 ], [ 126.913604075176963, 33.477546159514333 ], [ 126.913693685742132, 33.477695507084178 ], [ 126.913819194638279, 33.477757722845936 ], [ 126.913951320298892, 33.477784525845884 ], [ 126.914086904347684, 33.477787641812782 ], [ 126.914237754464565, 33.477747280936583 ], [ 126.914362989795151, 33.477666584511191 ], [ 126.915132673343706, 33.4768553287538 ], [ 126.915481879438317, 33.475825647530655 ], [ 126.916089734359844, 33.475793911092843 ], [ 126.917033953073513, 33.47587955646452 ], [ 126.917193278111867, 33.475888604569619 ], [ 126.917370634149407, 33.475838139058062 ], [ 126.917441533759032, 33.475705462598327 ], [ 126.917457427417887, 33.475569837966525 ], [ 126.917417212310909, 33.475405679787038 ], [ 126.917311155610591, 33.475249882531301 ] ] ], [ [ [ 126.911434863442523, 33.476984491443126 ], [ 126.911027560445632, 33.476962205055571 ], [ 126.910895806652675, 33.477303152674232 ], [ 126.91117122030559, 33.480620235104652 ], [ 126.911211847665882, 33.480836913969611 ], [ 126.911330971139179, 33.481062085924087 ], [ 126.911456772270157, 33.481249781012771 ], [ 126.911612562398503, 33.48137309200375 ], [ 126.911735127627324, 33.48144937892198 ], [ 126.911878075557013, 33.481500856922388 ], [ 126.911981953048922, 33.481500933113644 ], [ 126.912095810121386, 33.481496749750093 ], [ 126.912428293756008, 33.481375784046712 ], [ 126.912770214156879, 33.481194473046521 ], [ 126.913027272431435, 33.48100055763706 ], [ 126.913172198549574, 33.480845342891769 ], [ 126.913977520941998, 33.479877312760188 ], [ 126.914188167448586, 33.479573309830037 ], [ 126.914324925061393, 33.479364214986724 ], [ 126.914352799002842, 33.479236171541679 ], [ 126.914364221090068, 33.479136324668943 ], [ 126.914113145939822, 33.478163825712464 ], [ 126.91403337938668, 33.478064797866963 ], [ 126.913917303131683, 33.477989396224174 ], [ 126.911802660891084, 33.477094782572209 ], [ 126.911434863442523, 33.476984491443126 ] ] ], [ [ [ 126.914696287271013, 33.475635170758508 ], [ 126.914799201147886, 33.475478649716365 ], [ 126.91491426094251, 33.47537215846954 ], [ 126.916345514510837, 33.474841176158797 ], [ 126.916593431400415, 33.474833493374781 ], [ 126.916798448863062, 33.474842614527397 ], [ 126.917021680500184, 33.474934259279955 ], [ 126.917181948955829, 33.475099047096968 ], [ 126.917295608986493, 33.475227042412527 ], [ 126.917311155610591, 33.475249882531301 ], [ 126.91963103133628, 33.474903437375204 ], [ 126.921366521513875, 33.473889657383495 ], [ 126.92155478653298, 33.473679795289712 ], [ 126.921596779798918, 33.473469833084785 ], [ 126.92159698996214, 33.473242361136855 ], [ 126.921493758690218, 33.471859899160265 ], [ 126.921452189258076, 33.471614896658096 ], [ 126.921264391729281, 33.47131730149566 ], [ 126.920826019104425, 33.470809557006582 ], [ 126.920282767852967, 33.470721703758969 ], [ 126.919676980803388, 33.470476333556057 ], [ 126.919468426801046, 33.470038737733844 ], [ 126.92047187702633, 33.469619431213182 ], [ 126.920764428409711, 33.469619621554095 ], [ 126.922975098124255, 33.471044853842258 ], [ 126.924357440477863, 33.472143085974714 ], [ 126.923810872366403, 33.472721906368491 ], [ 126.927225972650959, 33.475865419478609 ], [ 126.927739791654545, 33.475894476151637 ], [ 126.927632587824107, 33.473516784343154 ], [ 126.924438170395561, 33.470623929805001 ], [ 126.928072922472765, 33.469371434995274 ], [ 126.929090308619095, 33.471642720779691 ], [ 126.928543625755339, 33.47240446491157 ], [ 126.927960549080169, 33.473135687866076 ], [ 126.928433208046343, 33.473837070895762 ], [ 126.935532009782634, 33.473871520375305 ], [ 126.935474575751215, 33.477529367385294 ], [ 126.936093396648076, 33.477621142017952 ], [ 126.936278281162259, 33.473810953815494 ], [ 126.935624560287465, 33.471750296625601 ], [ 126.936135144776003, 33.470500783766305 ], [ 126.937555520336346, 33.469587057688173 ], [ 126.938248188913718, 33.468185220739841 ], [ 126.937557508753358, 33.466874119364881 ], [ 126.937807017387755, 33.465903552912422 ], [ 126.937922552770885, 33.465454134833188 ], [ 126.940145219970773, 33.462285090946487 ], [ 126.942256640481077, 33.461920319804648 ], [ 126.943421476281486, 33.461829420077819 ], [ 126.94476853754999, 33.461372807592788 ], [ 126.948410644590723, 33.457747005624945 ], [ 126.948301950782763, 33.456923931924052 ], [ 126.947138083634357, 33.455582202609534 ], [ 126.945537084228746, 33.454880396312852 ], [ 126.943972470632602, 33.454239541501465 ], [ 126.940751412267929, 33.454329463082253 ], [ 126.93885796071099, 33.455517332022119 ], [ 126.937146363527859, 33.456827208160149 ], [ 126.936271759620993, 33.458259426928585 ], [ 126.934195932362528, 33.459751962936373 ], [ 126.931903503901012, 33.458927672975221 ], [ 126.930484403678719, 33.458408662235826 ], [ 126.930048304434735, 33.457585393277071 ], [ 126.930813240423149, 33.456854240755355 ], [ 126.930741651440897, 33.455360573904009 ], [ 126.930014707947251, 33.454171330366748 ], [ 126.928669372669404, 33.452591969579011 ], [ 126.926522204215203, 33.452407795892313 ], [ 126.925141958838381, 33.449236778188897 ], [ 126.92481551736951, 33.447986785845828 ], [ 126.92576195711149, 33.447743511874513 ], [ 126.925690129489951, 33.446637101017188 ], [ 126.925436278114944, 33.445600554537286 ], [ 126.924927025293741, 33.445325902626088 ], [ 126.92361679688392, 33.445447000494852 ], [ 126.922743406212504, 33.445415972915242 ], [ 126.92216184662864, 33.444623052428121 ], [ 126.922241923264167, 33.443694042800445 ], [ 126.92227219277207, 33.443342866831117 ], [ 126.922745497009103, 33.443099300776218 ], [ 126.92347307870665, 33.443374105576666 ], [ 126.924418853569009, 33.443831933670012 ], [ 126.925438401837454, 33.443161961204481 ], [ 126.92518692126643, 33.439442926793916 ], [ 126.924314154482801, 33.438771770037071 ], [ 126.923841359144134, 33.438466653334515 ], [ 126.924389072893263, 33.436345703878537 ], [ 126.925299691966003, 33.435309863720896 ], [ 126.927373728851137, 33.435402577962464 ], [ 126.929156633156367, 33.435556028411376 ], [ 126.929957492613653, 33.435160231687753 ], [ 126.932105472473779, 33.433789732391325 ], [ 126.934799465517287, 33.432053690391747 ], [ 126.936911137301578, 33.430378258470419 ], [ 126.937130340966263, 33.429180570856552 ], [ 126.936221316783303, 33.428357067324406 ], [ 126.935166649594436, 33.427685887767652 ], [ 126.933567309397418, 33.425642682096175 ], [ 126.932913306302865, 33.424483987198577 ], [ 126.932695745827615, 33.423538902231073 ], [ 126.932114556979357, 33.422349754727591 ], [ 126.930877865993466, 33.421952800011994 ], [ 126.928548900197868, 33.422530619130931 ], [ 126.92683828876298, 33.423261179265666 ], [ 126.925309483001669, 33.424083282370326 ], [ 126.924253800228968, 33.424722774634461 ], [ 126.922957730941164, 33.425697404933842 ], [ 126.922083624104246, 33.426672288809208 ], [ 126.922082569822791, 33.427830625673835 ], [ 126.922736569011718, 33.42886746235407 ], [ 126.923463953012273, 33.429233701224454 ], [ 126.924700972653142, 33.429325922038814 ], [ 126.924809519989466, 33.430027086750997 ], [ 126.924408244278325, 33.43118517472768 ], [ 126.923351057810862, 33.433409744728721 ], [ 126.923023060562272, 33.433976200387015 ], [ 126.921821709141753, 33.434585101504084 ], [ 126.919492832814043, 33.434644552737005 ], [ 126.917710187773437, 33.434277559190164 ], [ 126.917128361253162, 33.433880890403707 ], [ 126.916655745083588, 33.43345381354505 ], [ 126.91662174314412, 33.430997203796622 ], [ 126.916768323124515, 33.429930421851424 ], [ 126.917716227395246, 33.427980164971629 ], [ 126.918977170333406, 33.427414202856951 ], [ 126.918626926232434, 33.42685291697159 ], [ 126.91724537089668, 33.425754631422286 ], [ 126.916154830863832, 33.424747953206086 ], [ 126.915573619889699, 33.423802585633403 ], [ 126.915356071023211, 33.423040376670805 ], [ 126.915390715005543, 33.422624521822307 ], [ 126.915429708958399, 33.422156423481944 ], [ 126.914376649958939, 33.420113362321693 ], [ 126.913450287679922, 33.420019541114229 ], [ 126.912565568926709, 33.419777942181717 ], [ 126.912057316830968, 33.419184400001186 ], [ 126.911705412294992, 33.417163609663582 ], [ 126.911706870693536, 33.415743880661175 ], [ 126.911818560885251, 33.414687349838552 ], [ 126.912194921600701, 33.414428104060939 ], [ 126.912151245840207, 33.413871959427063 ], [ 126.911533036784689, 33.412685161422722 ], [ 126.910229027928708, 33.411523981830825 ], [ 126.909321863319533, 33.411671614624815 ], [ 126.908901752648518, 33.411485931587002 ], [ 126.908661950516091, 33.408149101707465 ], [ 126.908706894062036, 33.407481816218933 ], [ 126.908707662461197, 33.406758864933295 ], [ 126.908111344344917, 33.405876250113579 ], [ 126.907293417635145, 33.40537513663034 ], [ 126.906541706253833, 33.405022361441155 ], [ 126.904993794205893, 33.404557753738843 ], [ 126.904396755019476, 33.404371916774174 ], [ 126.903424920092306, 33.403073568767716 ], [ 126.903713013429694, 33.402591829551213 ], [ 126.905286304754824, 33.40006291819396 ], [ 126.906393836152134, 33.398617890330492 ], [ 126.907525971501926, 33.394826284743303 ], [ 126.907571243752813, 33.393862397009507 ], [ 126.907131763313174, 33.391192741148728 ], [ 126.905452243098779, 33.38994947043718 ], [ 126.90403730667974, 33.38948495350791 ], [ 126.90308580083223, 33.389929084108218 ], [ 126.902365520011287, 33.389737477428277 ], [ 126.900022439174123, 33.388641899553029 ], [ 126.89840887216846, 33.387862018277595 ], [ 126.897126349330861, 33.387694115518265 ], [ 126.896197067043929, 33.388026990197808 ], [ 126.895002685519174, 33.388118653096157 ], [ 126.892990885818307, 33.387505203752148 ], [ 126.890957015009761, 33.386873161280263 ], [ 126.889710769777679, 33.385859900205652 ], [ 126.889755361701674, 33.385581883284495 ], [ 126.889733803852153, 33.385136973140057 ], [ 126.889513076195939, 33.384803111595986 ], [ 126.889049229744131, 33.384357802761457 ], [ 126.888518707573382, 33.384171949421827 ], [ 126.886218816449556, 33.384114241736341 ], [ 126.885532974580343, 33.384317503770582 ], [ 126.884825493558438, 33.384168538033499 ], [ 126.883278458179589, 33.383407061647539 ], [ 126.882284936461147, 33.382201215238027 ], [ 126.882327202443051, 33.380116054137034 ], [ 126.882265852672631, 33.379387088111713 ], [ 126.879771137847186, 33.376379025192719 ], [ 126.879437204147806, 33.376078401733352 ], [ 126.87808596630677, 33.375391029296033 ], [ 126.876912107532334, 33.374835838558717 ], [ 126.876230771350137, 33.374381164090607 ], [ 126.873694578585386, 33.371664609491688 ], [ 126.873531618754058, 33.371208640717306 ], [ 126.873835352335021, 33.370296283010084 ], [ 126.873873288216316, 33.368516940575404 ], [ 126.873800648765894, 33.368007086896597 ], [ 126.873379704095186, 33.365804223422067 ], [ 126.873178368360314, 33.365423170233036 ], [ 126.872700486964405, 33.36518682963473 ], [ 126.872187298823306, 33.365212379512002 ], [ 126.87102317018217, 33.365407483343674 ], [ 126.870748469542306, 33.365483939762335 ], [ 126.869411656967728, 33.364758336521838 ], [ 126.868963320794634, 33.364418869513294 ], [ 126.868086044382892, 33.363660544771783 ], [ 126.868723277552519, 33.358983378433244 ], [ 126.868766015228829, 33.358795305334596 ], [ 126.868812534405123, 33.358669108127664 ], [ 126.868872860241311, 33.358552794449579 ], [ 126.869342329865873, 33.357655247054808 ], [ 126.870195815168614, 33.355575144051194 ], [ 126.87017002475821, 33.354924191686429 ], [ 126.863625989908769, 33.347275825144926 ], [ 126.863001735626042, 33.347061748723135 ], [ 126.861887074472691, 33.346926625620156 ], [ 126.861408949403852, 33.346926088148528 ], [ 126.859794694423726, 33.343902214555413 ], [ 126.858110443267677, 33.340705339315704 ], [ 126.857052565062702, 33.338109792744483 ], [ 126.856803475040607, 33.337812991866095 ], [ 126.856558404358879, 33.337696981559233 ], [ 126.856065030312521, 33.33748937429786 ], [ 126.85555445418089, 33.337533848414552 ], [ 126.854329343071385, 33.337652549477347 ], [ 126.852270126473343, 33.33627930044031 ], [ 126.851462166894336, 33.33524231596202 ], [ 126.851242698323162, 33.335003406126098 ], [ 126.850846503141881, 33.334886569890571 ], [ 126.850536533769414, 33.334898011737323 ], [ 126.8497725896963, 33.336271422305835 ], [ 126.849285379168236, 33.337184577003732 ], [ 126.8490916233538, 33.337569227806476 ], [ 126.849282280240516, 33.338967274953383 ], [ 126.849330006689925, 33.339271183382806 ], [ 126.848942502325471, 33.340040498942642 ], [ 126.848313471139193, 33.340910839685442 ], [ 126.847559963715483, 33.341376869505254 ], [ 126.846429485520019, 33.342330390551616 ], [ 126.844421189339997, 33.344532131212979 ], [ 126.844419935146988, 33.345230802324309 ], [ 126.844128609286457, 33.346172631926507 ], [ 126.842311372645568, 33.350019315074562 ], [ 126.841585682272907, 33.350869206491076 ], [ 126.839892061241741, 33.353014352122166 ], [ 126.838246315139088, 33.355321567590707 ], [ 126.838169556449088, 33.355463132753009 ], [ 126.837543851136743, 33.356617158704054 ], [ 126.837204373492924, 33.357427008174035 ], [ 126.834086902904431, 33.35922580674044 ], [ 126.828916318787066, 33.361528115745948 ], [ 126.825606357217566, 33.362840244838729 ], [ 126.824736664120451, 33.36314287052496 ], [ 126.818707745945289, 33.36837738195041 ], [ 126.816529281205831, 33.370504499873114 ], [ 126.81580133770548, 33.371405009859771 ], [ 126.81484142474693, 33.372122419393882 ], [ 126.814434755792135, 33.372170547607375 ], [ 126.813868529893824, 33.372120954845769 ], [ 126.813302625863244, 33.371937321299036 ], [ 126.812795246506994, 33.371534519491028 ], [ 126.812359818650975, 33.371448558981285 ], [ 126.809333827817397, 33.371825937244253 ], [ 126.808307484951101, 33.372463414080826 ], [ 126.80781347093675, 33.372770254629394 ], [ 126.806442631882604, 33.374680268051748 ], [ 126.80478234080438, 33.376834162511337 ], [ 126.804128611234731, 33.37694275957378 ], [ 126.803547520159952, 33.377039321878812 ], [ 126.802936557810085, 33.377501306444024 ], [ 126.800398902426693, 33.382224487366969 ], [ 126.800442171537327, 33.382358577855648 ], [ 126.80145591607662, 33.383590764878456 ], [ 126.802210511634982, 33.383860028509268 ], [ 126.803856764823536, 33.384200617325092 ], [ 126.804228260010987, 33.38427747618902 ], [ 126.805896468915194, 33.385132959523958 ], [ 126.806243568771251, 33.385791427383211 ], [ 126.80799273322765, 33.389461454842255 ], [ 126.807703242090824, 33.390502034925923 ], [ 126.807582788211022, 33.390935021953965 ], [ 126.807969642893184, 33.392451264309237 ], [ 126.808091885381671, 33.392760945692999 ], [ 126.808904697065159, 33.394448732364303 ], [ 126.809246645822711, 33.394700794228058 ], [ 126.809698961659564, 33.394960519725103 ], [ 126.812022097639726, 33.399114726437624 ], [ 126.812485993012842, 33.400397062087123 ], [ 126.81350546558636, 33.403844986856051 ], [ 126.814129491948265, 33.40618678992395 ], [ 126.814236843915793, 33.406701331573167 ], [ 126.815983854969275, 33.411180232419269 ], [ 126.816754714330102, 33.412198934170235 ], [ 126.817534037179811, 33.414637897246976 ], [ 126.817751616152734, 33.416748561581855 ], [ 126.817822319860639, 33.418407893314274 ], [ 126.817818207452802, 33.419295228792471 ], [ 126.81788463510911, 33.419752512828914 ], [ 126.818143441233531, 33.420579849970636 ], [ 126.819211793814702, 33.423343287035969 ], [ 126.819748847668833, 33.423628395323007 ], [ 126.820062509681406, 33.424202940618052 ], [ 126.820278548094237, 33.424614036166886 ], [ 126.82027751145894, 33.424657613661616 ], [ 126.820258653513989, 33.42544729736656 ], [ 126.820236297423477, 33.426074369830651 ], [ 126.820072142787083, 33.426566553953087 ], [ 126.819097542580991, 33.42707684649848 ], [ 126.818617734524324, 33.427234524296765 ], [ 126.818021988448521, 33.427245809420626 ], [ 126.817484439994544, 33.427208455869469 ], [ 126.816641090829435, 33.427499623217223 ], [ 126.815448107821553, 33.428204493189106 ], [ 126.815659811647166, 33.431141041329944 ], [ 126.815846200312166, 33.432310926048572 ], [ 126.8161601023168, 33.435040513040327 ], [ 126.815853590400877, 33.435673600855964 ], [ 126.814482736354478, 33.437962059934456 ], [ 126.814191040448449, 33.438448945258756 ], [ 126.812850832067369, 33.439957668371939 ], [ 126.812472308724253, 33.440273878731062 ], [ 126.812050696502709, 33.4403585253283 ], [ 126.811164256857452, 33.440344983792706 ], [ 126.809304262922197, 33.440281179727727 ], [ 126.808635733057883, 33.440292358222727 ], [ 126.805770264786901, 33.441457474699241 ], [ 126.805227922252598, 33.443527835670501 ], [ 126.810759338932954, 33.44552837483667 ], [ 126.814049849826461, 33.445949169241018 ], [ 126.815942091841535, 33.446632370700236 ], [ 126.816524876078205, 33.448220780482778 ], [ 126.818148783957852, 33.447882983484462 ], [ 126.821803551447374, 33.446641003519964 ], [ 126.824685583089916, 33.448421652290179 ], [ 126.824297675314781, 33.450707895892243 ], [ 126.823909747319632, 33.452994122762128 ], [ 126.828192077323436, 33.453680542405124 ], [ 126.8291834951103, 33.453984296232825 ], [ 126.835985507745377, 33.457622181250521 ], [ 126.836886014600523, 33.458341541780726 ], [ 126.846484376263064, 33.462133715929291 ], [ 126.848828838369371, 33.462438995345046 ], [ 126.851850106918448, 33.462556068203767 ], [ 126.854329324490919, 33.463201609210245 ], [ 126.857930598286913, 33.467136824738958 ], [ 126.862166663467363, 33.469144929372213 ], [ 126.863845654912581, 33.469291687926464 ], [ 126.86523304815195, 33.469412945389543 ], [ 126.868161191090707, 33.471608411135811 ], [ 126.871644820613042, 33.473037554229109 ], [ 126.872777319661765, 33.473502125371787 ], [ 126.875643574280588, 33.474677846876126 ], [ 126.877670978563415, 33.476229607742013 ], [ 126.882764452049884, 33.478615856357116 ], [ 126.884972306790317, 33.480318864167629 ], [ 126.887767324396492, 33.481493208874355 ], [ 126.897011572569625, 33.483618004402658 ], [ 126.900258963099745, 33.483923104158912 ], [ 126.903235387222111, 33.483343440013336 ], [ 126.902680028461546, 33.482371168299103 ], [ 126.903891518932625, 33.479668239204486 ], [ 126.905899566077977, 33.478112432792514 ], [ 126.906129562659217, 33.478007615523047 ], [ 126.906840039202137, 33.478095647634248 ], [ 126.90738324136494, 33.47825355815062 ], [ 126.907633777399525, 33.478481221756056 ], [ 126.907696268481757, 33.478673758276024 ], [ 126.909095488450205, 33.479637219521244 ], [ 126.909429799412365, 33.479707458510283 ], [ 126.909618035598641, 33.479567615144859 ], [ 126.911842779667126, 33.475251824775064 ], [ 126.912199184350555, 33.47414966468515 ], [ 126.912450905857554, 33.473222424777781 ], [ 126.913830825852983, 33.472558458937321 ], [ 126.914144300645077, 33.47254117226467 ], [ 126.914332331662749, 33.472593798529587 ], [ 126.914415827791615, 33.472681363833217 ], [ 126.914477037128307, 33.474168777211318 ], [ 126.914476667399128, 33.474536248074394 ], [ 126.913848168176017, 33.475766950553158 ], [ 126.914696287271013, 33.475635170758508 ] ] ] ] } },
{ "type": "Feature", "properties": { "OBJECTID": 3423, "adm_nm": "제주특별자치도 서귀포시 안덕면", "adm_cd": "3902031", "adm_cd2": "5013031000", "sgg": "50130", "sido": "50", "sidonm": "제주특별자치도", "sggnm": "서귀포시" }, "geometry": { "type": "MultiPolygon", "coordinates": [ [ [ [ 126.309197253582042, 33.205640479617486 ], [ 126.30877278625654, 33.205513024799885 ], [ 126.308622750299691, 33.205655151201761 ], [ 126.307603204855226, 33.208151059910413 ], [ 126.307484718267062, 33.209687074378756 ], [ 126.307738596819732, 33.209867174633139 ], [ 126.308121374749504, 33.209887169461688 ], [ 126.309336925409994, 33.209518717295694 ], [ 126.310982423887197, 33.208580807535675 ], [ 126.311197409717707, 33.20829612485263 ], [ 126.310969011534795, 33.207580110531396 ], [ 126.312078711947194, 33.207139543694076 ], [ 126.312080953811744, 33.206853668735782 ], [ 126.312039805746892, 33.206674755158559 ], [ 126.311786219091388, 33.206458922013603 ], [ 126.309197253582042, 33.205640479617486 ] ] ], [ [ [ 126.433411766959281, 33.33975567252201 ], [ 126.434281579519833, 33.338932242981869 ], [ 126.434558913190457, 33.338569541710854 ], [ 126.434740237525162, 33.338270577981568 ], [ 126.434924112632174, 33.337940449919429 ], [ 126.435118138099256, 33.337520817505094 ], [ 126.435615239057654, 33.336440781595698 ], [ 126.435666521953252, 33.33628521660588 ], [ 126.435665250254957, 33.335368372579907 ], [ 126.435121927860635, 33.333232332420032 ], [ 126.435060685944606, 33.333085984619117 ], [ 126.434930248943445, 33.332927800001954 ], [ 126.434789999071384, 33.332790825592717 ], [ 126.432118269466031, 33.330718997285885 ], [ 126.430186709064202, 33.329563561294492 ], [ 126.429996031019812, 33.329471163275052 ], [ 126.429109570736202, 33.329003836483018 ], [ 126.428999997057943, 33.32894102762495 ], [ 126.428935984284252, 33.328858963076904 ], [ 126.427542225199574, 33.326628534003561 ], [ 126.427491854632194, 33.32653148192707 ], [ 126.427453069663159, 33.326435358741293 ], [ 126.427452486296048, 33.326342672552236 ], [ 126.427465818891505, 33.326258705498176 ], [ 126.427483715993176, 33.32618205730968 ], [ 126.427519150487726, 33.326085034477103 ], [ 126.42768664668273, 33.325829653123556 ], [ 126.428163935057029, 33.323795303347367 ], [ 126.427789362933126, 33.320232859883795 ], [ 126.427617797389672, 33.320226113472614 ], [ 126.426712775375364, 33.320116004318365 ], [ 126.426498570099838, 33.320060267712336 ], [ 126.42627543152534, 33.31995824955218 ], [ 126.426219033037938, 33.319894986061037 ], [ 126.425286443247913, 33.318148662325065 ], [ 126.42512591074609, 33.317689443817045 ], [ 126.425051120916564, 33.317435748069933 ], [ 126.424985739134996, 33.317138189030693 ], [ 126.42493471645345, 33.316960677313588 ], [ 126.424630630176111, 33.316301840209697 ], [ 126.424536804563743, 33.316102757973177 ], [ 126.423606432441204, 33.314226258969555 ], [ 126.423529434149714, 33.314111736860006 ], [ 126.423469514403322, 33.314046655798812 ], [ 126.423348460765695, 33.313954285602385 ], [ 126.422892468170105, 33.313634800522095 ], [ 126.421107862830539, 33.312384526599793 ], [ 126.419496225104155, 33.311307034162937 ], [ 126.417276134080652, 33.309999391909521 ], [ 126.415712774576534, 33.309149587453994 ], [ 126.415282936227385, 33.308926101372421 ], [ 126.414981346669805, 33.308774917667485 ], [ 126.414710442953449, 33.308661855218141 ], [ 126.414648213870052, 33.308637296881464 ], [ 126.413523770540323, 33.308283514267345 ], [ 126.413019066179274, 33.308143725789826 ], [ 126.411704702927921, 33.307834009137053 ], [ 126.409615641585333, 33.30736263937397 ], [ 126.408897187048765, 33.30737851147925 ], [ 126.408311816251583, 33.307307021917772 ], [ 126.408219751343964, 33.307250315989123 ], [ 126.403522784944116, 33.300908877845742 ], [ 126.403487730800123, 33.300853167586482 ], [ 126.402963119460452, 33.299864197138326 ], [ 126.402481852168123, 33.298928621733623 ], [ 126.401984377658849, 33.297569213198891 ], [ 126.401862369609489, 33.29708924988617 ], [ 126.401592768192941, 33.295866154766976 ], [ 126.401587961587111, 33.295768502868526 ], [ 126.401602465300343, 33.29564207515687 ], [ 126.401699806636856, 33.295364028521305 ], [ 126.401818801718406, 33.295091595543497 ], [ 126.401915559140761, 33.294883532306386 ], [ 126.401960275689731, 33.294719469742098 ], [ 126.401812175421753, 33.293658994498628 ], [ 126.401775394241611, 33.293465776635372 ], [ 126.40173550677477, 33.293332423894931 ], [ 126.401627970043421, 33.293106688452191 ], [ 126.401582201759808, 33.293033163646776 ], [ 126.401492831735709, 33.292961767995244 ], [ 126.401397705526264, 33.292914696023963 ], [ 126.401283621184348, 33.292878637584025 ], [ 126.401103992942566, 33.292848909159531 ], [ 126.394642161931088, 33.292372590601389 ], [ 126.394410683113975, 33.292358110143347 ], [ 126.394290882891468, 33.292357526831339 ], [ 126.394116238510037, 33.292383271499446 ], [ 126.393916949462252, 33.292451091592966 ], [ 126.393799357171616, 33.292517138452098 ], [ 126.393651302936263, 33.292642908461993 ], [ 126.393351885729686, 33.292997682000191 ], [ 126.392682073855227, 33.293724546315879 ], [ 126.39119437560143, 33.294914572571294 ], [ 126.390920623696843, 33.295111855194442 ], [ 126.390712718867135, 33.295228391898227 ], [ 126.390526887044985, 33.295302953902301 ], [ 126.390379530418713, 33.295342171725558 ], [ 126.390161392005325, 33.295369942233407 ], [ 126.389359845328798, 33.295445431860266 ], [ 126.389013054085737, 33.295476627731816 ], [ 126.388625296215196, 33.295534407642961 ], [ 126.387851949762791, 33.295751762972095 ], [ 126.386914457106329, 33.296104801056245 ], [ 126.386383025596132, 33.29633280810696 ], [ 126.386012186560308, 33.296531853147457 ], [ 126.385507927677978, 33.297017208528956 ], [ 126.385001589754026, 33.297507334137983 ], [ 126.384049119381416, 33.298443095396863 ], [ 126.383634836725633, 33.298864600731179 ], [ 126.383482310767832, 33.299025506660833 ], [ 126.383193809502373, 33.299406791749249 ], [ 126.383036566927231, 33.299826521823853 ], [ 126.382928948966423, 33.300257409050211 ], [ 126.382765366797543, 33.301133587703184 ], [ 126.38271350532176, 33.30157421706101 ], [ 126.38267340122195, 33.302024190506842 ], [ 126.382656084696492, 33.302226518838722 ], [ 126.382645272086606, 33.302479092378654 ], [ 126.382657839618858, 33.302676786556141 ], [ 126.382688073429733, 33.302910722909139 ], [ 126.382740688447271, 33.303078855804458 ], [ 126.38282229804598, 33.303275091803435 ], [ 126.383005627796706, 33.303527017939324 ], [ 126.383204558731805, 33.303744399598074 ], [ 126.383599821987573, 33.304074816545715 ], [ 126.384310597060619, 33.304597768556334 ], [ 126.384477718604415, 33.304728423868347 ], [ 126.384010988815163, 33.305365167745869 ], [ 126.382842426180432, 33.304666829590083 ], [ 126.380288703104398, 33.30245047937521 ], [ 126.378369874385641, 33.300081189291028 ], [ 126.378321409904672, 33.299981687067742 ], [ 126.378065822078639, 33.299142796266295 ], [ 126.376571391925708, 33.296116349942096 ], [ 126.37429207181431, 33.292095140646744 ], [ 126.372124386473089, 33.289198061143324 ], [ 126.370945214820011, 33.282015342467403 ], [ 126.37078512485482, 33.281871539750071 ], [ 126.37058812116851, 33.281651905637126 ], [ 126.368884205660351, 33.278888288221772 ], [ 126.368716557004504, 33.278601536246676 ], [ 126.368412431256587, 33.277684030027302 ], [ 126.368412987621923, 33.277607125070212 ], [ 126.36844883699024, 33.277518051514207 ], [ 126.369934979444665, 33.275590409096765 ], [ 126.37096871578018, 33.274115748149825 ], [ 126.373730341754381, 33.269105568585623 ], [ 126.373738683971084, 33.269034832825241 ], [ 126.373741149617913, 33.268885261237678 ], [ 126.37366977291785, 33.268675468990324 ], [ 126.373518328673427, 33.268510872021309 ], [ 126.372328264078504, 33.266953992727892 ], [ 126.370704249241484, 33.263647585551318 ], [ 126.370214735865588, 33.261679029266851 ], [ 126.369423108900975, 33.253931054136309 ], [ 126.369895737720114, 33.251033109731097 ], [ 126.37001769739841, 33.250548761821584 ], [ 126.370304257776453, 33.249828988112284 ], [ 126.370998421079548, 33.248230304651187 ], [ 126.371365703451403, 33.247610418325543 ], [ 126.371897330935241, 33.246944829962693 ], [ 126.372227984344093, 33.246268815943502 ], [ 126.372511527048573, 33.244886363044202 ], [ 126.37226486726729, 33.244176344338292 ], [ 126.371578551021159, 33.242684207280995 ], [ 126.370208789637459, 33.238344112061903 ], [ 126.370105520448448, 33.237133609012133 ], [ 126.370080614679637, 33.236931647425443 ], [ 126.369983573769431, 33.236766098115154 ], [ 126.369203211303969, 33.235972580754172 ], [ 126.368900655471606, 33.23583425745052 ], [ 126.368516747608112, 33.23568308764218 ], [ 126.368347227316875, 33.235576523433402 ], [ 126.368245289710629, 33.235339740478487 ], [ 126.368145910824296, 33.234597233544314 ], [ 126.368286879405929, 33.230663744837109 ], [ 126.36639401413376, 33.230289142988177 ], [ 126.366004349761511, 33.230319845759112 ], [ 126.365708315541184, 33.230358070035841 ], [ 126.365438027571287, 33.23044295815852 ], [ 126.364545631344996, 33.230834917395093 ], [ 126.364411052574098, 33.23091299762563 ], [ 126.364284833907774, 33.231004602761075 ], [ 126.363352064957695, 33.231736463140912 ], [ 126.363230022172871, 33.231850366829342 ], [ 126.360694419031034, 33.234099081405375 ], [ 126.357639247534408, 33.234912826851541 ], [ 126.355335094319614, 33.23528953659266 ], [ 126.350817925672857, 33.234333654613387 ], [ 126.350542632438504, 33.234301361545171 ], [ 126.349740811752525, 33.234312672220042 ], [ 126.349428909415877, 33.234340134674063 ], [ 126.34895202221692, 33.234498279150046 ], [ 126.348648726737025, 33.234610957918328 ], [ 126.344364317666717, 33.235971098531429 ], [ 126.3395700965836, 33.235626728013564 ], [ 126.333631547647869, 33.233955721170148 ], [ 126.333395992252491, 33.234482197375215 ], [ 126.336151826729775, 33.23531634401305 ], [ 126.336349187234774, 33.235690208287494 ], [ 126.336345988288741, 33.236339988263133 ], [ 126.336157461292643, 33.236721545778508 ], [ 126.334667295335507, 33.238639298634169 ], [ 126.333423306241244, 33.23967333733647 ], [ 126.332729604741999, 33.239980302630919 ], [ 126.331906210953761, 33.240191987543817 ], [ 126.330699089949789, 33.240386663478056 ], [ 126.330452010259179, 33.240417523947883 ], [ 126.328420601909841, 33.240359963352944 ], [ 126.323146134504228, 33.239244264028208 ], [ 126.320281587711662, 33.238274700968852 ], [ 126.319851920233802, 33.238094999806847 ], [ 126.317635652288558, 33.23687795767227 ], [ 126.316611490613454, 33.236168197347986 ], [ 126.315893789439372, 33.235638371313293 ], [ 126.315654155493959, 33.235057717841052 ], [ 126.315815407139041, 33.234800113539173 ], [ 126.315902063630162, 33.234577764096883 ], [ 126.315788963925044, 33.232235454934667 ], [ 126.315705869251843, 33.232003252878954 ], [ 126.315539169428064, 33.231601241724789 ], [ 126.315328623574771, 33.231377253537602 ], [ 126.314958028386826, 33.231259333834188 ], [ 126.31448030786099, 33.231265624585134 ], [ 126.314171668072163, 33.231370868660072 ], [ 126.313915183649797, 33.231592278660415 ], [ 126.313828386705509, 33.231832446618121 ], [ 126.313774127821418, 33.231983680098509 ], [ 126.313728185957345, 33.232429067755639 ], [ 126.313653180895997, 33.23251778470366 ], [ 126.313185378159247, 33.232613239216363 ], [ 126.312855983376537, 33.232655998472772 ], [ 126.312252076393975, 33.232510032387545 ], [ 126.311343378391911, 33.231979132190219 ], [ 126.31085918309013, 33.23145947641688 ], [ 126.309808309380884, 33.229968211331482 ], [ 126.309119950058644, 33.228234502001705 ], [ 126.307897965387355, 33.227912989161901 ], [ 126.307109936107949, 33.228238388788519 ], [ 126.30675925948961, 33.228289907578699 ], [ 126.306417772321922, 33.228296686930179 ], [ 126.305700128452273, 33.227998776201929 ], [ 126.302607350516169, 33.226648731144245 ], [ 126.297602944357436, 33.222754186374495 ], [ 126.295361017772038, 33.220348870507856 ], [ 126.295242034722591, 33.220125045531056 ], [ 126.29519869768464, 33.220030674062642 ], [ 126.295173792334424, 33.219739846869146 ], [ 126.295164504772373, 33.219441001269395 ], [ 126.295225801105857, 33.219294424962428 ], [ 126.294338552554493, 33.219653467131991 ], [ 126.290465646662298, 33.221452589558602 ], [ 126.29045584373749, 33.22149378526511 ], [ 126.290474716506395, 33.222464694963826 ], [ 126.289730572309367, 33.225877531071056 ], [ 126.289671312911366, 33.226040839518035 ], [ 126.289037957853751, 33.227073023516631 ], [ 126.288545203664583, 33.227727762709982 ], [ 126.288060125218692, 33.228219086511231 ], [ 126.287916961160917, 33.228337683484654 ], [ 126.287704927191953, 33.228504542061593 ], [ 126.286496054037002, 33.229492765605869 ], [ 126.284496771397357, 33.231570731246897 ], [ 126.284352910685953, 33.231773360056465 ], [ 126.284282896997738, 33.231963147369441 ], [ 126.284041821281761, 33.23264585325424 ], [ 126.284209109651997, 33.233183506392244 ], [ 126.284707613424033, 33.23404344914281 ], [ 126.285301693650254, 33.235061144176001 ], [ 126.285357026561059, 33.235293761754264 ], [ 126.285485270375744, 33.235943303080376 ], [ 126.285422301463811, 33.236647828860001 ], [ 126.285301647152707, 33.237408098128867 ], [ 126.28541809998957, 33.23951142193129 ], [ 126.286115927315635, 33.241842567763577 ], [ 126.286267888811281, 33.241923539040357 ], [ 126.287715017795691, 33.242281596085832 ], [ 126.289460646921853, 33.242684083032444 ], [ 126.289910842022095, 33.242740005558304 ], [ 126.290606660117319, 33.242914060724367 ], [ 126.291473250379525, 33.243164315500145 ], [ 126.291900780958272, 33.243360158457122 ], [ 126.291993281702588, 33.24348171431231 ], [ 126.29245722389156, 33.244402271393881 ], [ 126.294075252149497, 33.248767146792694 ], [ 126.295575990076742, 33.254660166793641 ], [ 126.295896487611103, 33.255992393616289 ], [ 126.29641294360566, 33.258336869496688 ], [ 126.295732775059605, 33.259657210190447 ], [ 126.295744945985632, 33.259942508008095 ], [ 126.295793694227271, 33.260173408125212 ], [ 126.296003951845947, 33.261058315892924 ], [ 126.296236150337577, 33.26366099940617 ], [ 126.296247780957643, 33.264013042866971 ], [ 126.2959569071174, 33.265113037437182 ], [ 126.295527785613658, 33.265432251275989 ], [ 126.295454853402561, 33.265510727766106 ], [ 126.295177647797047, 33.265818644577898 ], [ 126.295155317929272, 33.265897427276599 ], [ 126.295226646595424, 33.266019193970791 ], [ 126.30040088132418, 33.271662221244981 ], [ 126.301146883588046, 33.272406812629733 ], [ 126.302239611662856, 33.27331402889817 ], [ 126.30365921973042, 33.274472337723012 ], [ 126.303755458178514, 33.274542371658193 ], [ 126.303776465608905, 33.275475972591103 ], [ 126.303573528087327, 33.276445830803212 ], [ 126.302520630997947, 33.279600365288012 ], [ 126.30214533356137, 33.280191247531107 ], [ 126.301861159192526, 33.280462752981272 ], [ 126.300697030747486, 33.281360421835693 ], [ 126.297245243862548, 33.283128049059798 ], [ 126.297071159511177, 33.283203443942249 ], [ 126.296215220071645, 33.283493549675065 ], [ 126.296081018199345, 33.28350179207834 ], [ 126.295975568469203, 33.283492188852833 ], [ 126.295795102835598, 33.283470152765858 ], [ 126.294890303677377, 33.284085248731827 ], [ 126.29419552602657, 33.284947852072044 ], [ 126.293697061349206, 33.285832228734918 ], [ 126.29266113778597, 33.288901678554865 ], [ 126.293356133153708, 33.295075795892814 ], [ 126.29358094163058, 33.296930499933069 ], [ 126.293653958486104, 33.297855789459575 ], [ 126.29301209097558, 33.301068694110029 ], [ 126.292629554548427, 33.301732660028911 ], [ 126.292537457867681, 33.301863473382291 ], [ 126.292388378825549, 33.302005891566296 ], [ 126.287200040276971, 33.305881080851123 ], [ 126.285140444913068, 33.306549805817795 ], [ 126.281767968378574, 33.307927806898881 ], [ 126.281037953295552, 33.308287997973245 ], [ 126.282364807353389, 33.309217177952931 ], [ 126.282815043835186, 33.309629809355869 ], [ 126.282884201111344, 33.309857456513718 ], [ 126.282871099035432, 33.310198545609538 ], [ 126.282931707439857, 33.310322850041615 ], [ 126.283671464686392, 33.311577429204767 ], [ 126.284270697751225, 33.312264219613446 ], [ 126.28462931366856, 33.312553021038752 ], [ 126.284917818620812, 33.312785356125005 ], [ 126.286628754744484, 33.313778085572373 ], [ 126.289350188064986, 33.315267798407042 ], [ 126.2926858422789, 33.317053833584168 ], [ 126.29312644923111, 33.317207409314399 ], [ 126.293312234321007, 33.317272163054355 ], [ 126.294809932809244, 33.317632125541294 ], [ 126.295522555877866, 33.317798167826389 ], [ 126.296242890840702, 33.317992948059029 ], [ 126.296661068476055, 33.318133174803059 ], [ 126.297229516914555, 33.318323796579527 ], [ 126.297948238418229, 33.318720436326714 ], [ 126.299806917243089, 33.319808808601294 ], [ 126.30176699928559, 33.321777947184643 ], [ 126.30196644752597, 33.321913670559383 ], [ 126.302499053276208, 33.322185838151313 ], [ 126.302805636082141, 33.322299725891995 ], [ 126.310317865245381, 33.324542535272549 ], [ 126.315577915904655, 33.326088228910208 ], [ 126.315836613297606, 33.326176701977857 ], [ 126.317036031657452, 33.326732162612174 ], [ 126.317277973974754, 33.327069229930991 ], [ 126.317528487228174, 33.32725710897342 ], [ 126.318142977622315, 33.327341341013252 ], [ 126.318380377401098, 33.327311558310683 ], [ 126.319085345256823, 33.32719728557484 ], [ 126.319483719010407, 33.327041710647094 ], [ 126.320182780048327, 33.326734672538748 ], [ 126.32073428677721, 33.326339781120559 ], [ 126.320996382973291, 33.325993064288468 ], [ 126.321145807541768, 33.325838426120811 ], [ 126.321487675414232, 33.325715965947182 ], [ 126.321776849112254, 33.325698897854579 ], [ 126.322169485145253, 33.325719694910461 ], [ 126.322383968227911, 33.325776830136505 ], [ 126.323676937123381, 33.326293715678958 ], [ 126.323817312416963, 33.326350409951864 ], [ 126.325283147074074, 33.327866258341238 ], [ 126.325650390594888, 33.328297254844202 ], [ 126.32577952177293, 33.328960500780148 ], [ 126.325871792304866, 33.329489485449905 ], [ 126.326102963109605, 33.330021391929726 ], [ 126.32702998731078, 33.331155814241562 ], [ 126.327550030653768, 33.331436247649364 ], [ 126.329235681222073, 33.331986275216508 ], [ 126.330151278299894, 33.332438877410944 ], [ 126.330902661409439, 33.332964649078406 ], [ 126.334015245359438, 33.336728382961788 ], [ 126.33606091298158, 33.339235871449787 ], [ 126.336618429345734, 33.340270455809204 ], [ 126.337286170958365, 33.340744086085223 ], [ 126.33774457143511, 33.340991020122189 ], [ 126.338075720548176, 33.341160069428817 ], [ 126.338748299013602, 33.341489635650589 ], [ 126.34203012112981, 33.342989166734085 ], [ 126.342726062537835, 33.343202461682296 ], [ 126.343267397876417, 33.343319323031345 ], [ 126.344596402191328, 33.343115406634396 ], [ 126.344989963186819, 33.343024223377533 ], [ 126.345357626471454, 33.3428622710139 ], [ 126.347175296162163, 33.342018360900816 ], [ 126.347893667549187, 33.341462577957756 ], [ 126.349381135728237, 33.341086651372805 ], [ 126.351907159990361, 33.340868761822257 ], [ 126.352107393401013, 33.340857372725139 ], [ 126.353137700007736, 33.340862754162117 ], [ 126.353950536300403, 33.340868081935312 ], [ 126.356083889263971, 33.341065714301678 ], [ 126.357209692841579, 33.341189677824246 ], [ 126.357956829360788, 33.341398737407772 ], [ 126.365493746701361, 33.341329462489135 ], [ 126.367018484055706, 33.341234102841305 ], [ 126.368859367280322, 33.3415742167563 ], [ 126.370061508328149, 33.343606179080396 ], [ 126.370420463286962, 33.344227413767392 ], [ 126.370715645186564, 33.344569844728028 ], [ 126.370936995024564, 33.344731836126655 ], [ 126.371823659808854, 33.345206084592675 ], [ 126.373911638248771, 33.346290527090403 ], [ 126.37491246693908, 33.346759647868609 ], [ 126.375156926203815, 33.346773546943233 ], [ 126.3757830159593, 33.346823288260588 ], [ 126.376603620174095, 33.346810434490592 ], [ 126.37990297092233, 33.346747912443028 ], [ 126.380684581182237, 33.346703597096813 ], [ 126.381630931163926, 33.346561815638637 ], [ 126.386877540842789, 33.345091660714978 ], [ 126.391787553702272, 33.343682849367688 ], [ 126.391913472412327, 33.343665068786365 ], [ 126.392083448265922, 33.343675104058271 ], [ 126.39451060701937, 33.344048268920993 ], [ 126.395054937617232, 33.344153602028356 ], [ 126.395459715469599, 33.34424366847562 ], [ 126.400362048143094, 33.343770429189981 ], [ 126.400810392304876, 33.343618601530103 ], [ 126.406051010833082, 33.342042678510218 ], [ 126.40995169281733, 33.341188285490254 ], [ 126.413186181678938, 33.339969351847209 ], [ 126.414648100942358, 33.339268237316304 ], [ 126.415164847502794, 33.3390322038371 ], [ 126.417894845051876, 33.337818872377426 ], [ 126.418068965352845, 33.337753891411744 ], [ 126.418386600739865, 33.337718854930287 ], [ 126.418943805148984, 33.33769703211582 ], [ 126.427287405144838, 33.33751408125201 ], [ 126.428269716933585, 33.337494265146461 ], [ 126.428727699768615, 33.337515857312674 ], [ 126.429272159825672, 33.337601217276493 ], [ 126.429822076981949, 33.337754873336955 ], [ 126.431369646843081, 33.338308089714573 ], [ 126.432014550834381, 33.338605955199782 ], [ 126.432366109038128, 33.338873350584386 ], [ 126.433411766959281, 33.33975567252201 ] ] ] ] } },
{ "type": "Feature", "properties": { "OBJECTID": 3424, "adm_nm": "제주특별자치도 서귀포시 표선면", "adm_cd": "3902032", "adm_cd2": "5013032000", "sgg": "50130", "sido": "50", "sidonm": "제주특별자치도", "sggnm": "서귀포시" }, "geometry": { "type": "MultiPolygon", "coordinates": [ [ [ [ 126.8497725896963, 33.336271422305835 ], [ 126.849619273122187, 33.336088069795565 ], [ 126.848976459055791, 33.335412154838281 ], [ 126.846783008150823, 33.334304687651631 ], [ 126.844662531055775, 33.333332299917231 ], [ 126.844384898235162, 33.333086463355144 ], [ 126.843041068929381, 33.330935889446494 ], [ 126.843042794639388, 33.330607905794764 ], [ 126.843099900785077, 33.329058243667085 ], [ 126.843180519843955, 33.328446498130759 ], [ 126.843451524401843, 33.327860492619536 ], [ 126.847357303401111, 33.325909493202893 ], [ 126.848835640794618, 33.325764010719936 ], [ 126.849333484967346, 33.325605044562948 ], [ 126.849552845875621, 33.325299759861252 ], [ 126.849596983159913, 33.325164785142057 ], [ 126.84955346449361, 33.324943759257764 ], [ 126.848230624357456, 33.319860259055865 ], [ 126.847982196702631, 33.319663564830087 ], [ 126.847426648705977, 33.319368274035916 ], [ 126.847016563123262, 33.319564162600145 ], [ 126.846767450100458, 33.319760239673833 ], [ 126.846138168469821, 33.319784021662983 ], [ 126.845940454468007, 33.319748756630872 ], [ 126.844185901893951, 33.319132068559739 ], [ 126.844015231317698, 33.318949511162216 ], [ 126.843841270510978, 33.318712647603569 ], [ 126.84361010499893, 33.318358356524151 ], [ 126.843534707942652, 33.318097614104886 ], [ 126.843535298697418, 33.317769873609677 ], [ 126.84345674056371, 33.317406967435133 ], [ 126.843378185259496, 33.317150512392338 ], [ 126.843219670529194, 33.316755245640572 ], [ 126.842981215096216, 33.316496430524474 ], [ 126.842561030928806, 33.316041839117709 ], [ 126.839819885522573, 33.313861175590134 ], [ 126.838069345640776, 33.312244861632962 ], [ 126.836311627686911, 33.310518090068307 ], [ 126.834321062915635, 33.308061023868042 ], [ 126.829721689631953, 33.306382822083279 ], [ 126.829160343184839, 33.30619355969818 ], [ 126.828290229064947, 33.305933162745042 ], [ 126.823802091155756, 33.30492591621578 ], [ 126.823622353504405, 33.304925659569776 ], [ 126.821863833952193, 33.305056876887896 ], [ 126.821763395784018, 33.305075687663475 ], [ 126.820576224735461, 33.305392669623032 ], [ 126.820001105811585, 33.305556077495183 ], [ 126.820051765208191, 33.306015254414298 ], [ 126.820109019974396, 33.306578319961019 ], [ 126.820103516363332, 33.30674449187083 ], [ 126.820079190300476, 33.306874191633099 ], [ 126.820032727373899, 33.306961946901517 ], [ 126.819984585738368, 33.307033466561627 ], [ 126.81990548775137, 33.307117200790572 ], [ 126.819758860635559, 33.307251154868844 ], [ 126.819685634477736, 33.307294682509188 ], [ 126.819599047787463, 33.307340656142756 ], [ 126.819499463689155, 33.307366110022372 ], [ 126.819423976015429, 33.307361948005664 ], [ 126.819264458841459, 33.307344207397556 ], [ 126.816328240632942, 33.306860771847532 ], [ 126.815605322926785, 33.306678907048131 ], [ 126.812564459009394, 33.305289978749187 ], [ 126.812163894847941, 33.304389829888137 ], [ 126.812302789286463, 33.302915926423502 ], [ 126.809966121068442, 33.301566619276237 ], [ 126.808529087358011, 33.301385659169355 ], [ 126.808350799448661, 33.301427494212035 ], [ 126.806946962905059, 33.301985709776289 ], [ 126.806664371044263, 33.302123667774204 ], [ 126.80498346939153, 33.302963907696537 ], [ 126.80361032009894, 33.303863270638082 ], [ 126.801373809532066, 33.30301695644301 ], [ 126.799470625980831, 33.3026194785269 ], [ 126.797945008991775, 33.302610268835387 ], [ 126.793617713742989, 33.303793264912692 ], [ 126.793452439886352, 33.30362028062045 ], [ 126.792159927366455, 33.302430208799272 ], [ 126.791477679940854, 33.302197387194639 ], [ 126.79128182979349, 33.302213905608873 ], [ 126.788145563128708, 33.303239815339609 ], [ 126.782532892299798, 33.305837286165605 ], [ 126.781223811989918, 33.306545096151744 ], [ 126.780743747976331, 33.306876860637033 ], [ 126.778670336110395, 33.306768581934136 ], [ 126.778537543966081, 33.306757070386475 ], [ 126.778471109857236, 33.306741979003817 ], [ 126.778134434740252, 33.306636775653722 ], [ 126.777954305750384, 33.306572892796559 ], [ 126.777797913707076, 33.306507246303426 ], [ 126.777643892164463, 33.306439699426178 ], [ 126.777290788367338, 33.306248455490646 ], [ 126.77702569055775, 33.306033041275846 ], [ 126.77579371687159, 33.304421865377904 ], [ 126.77557368105785, 33.304126189582668 ], [ 126.775879451003505, 33.305833858660591 ], [ 126.775966482338092, 33.306708607611036 ], [ 126.775764300887005, 33.30721424048 ], [ 126.774487025654153, 33.309167231815721 ], [ 126.774068765276226, 33.309797412870971 ], [ 126.771396483851248, 33.31029225128114 ], [ 126.770890286754238, 33.310391284059293 ], [ 126.770190214747714, 33.310664848869145 ], [ 126.770158374986039, 33.310688012778556 ], [ 126.769787668543557, 33.31095770901667 ], [ 126.768518836152509, 33.312460873398997 ], [ 126.767474189392473, 33.313770382332869 ], [ 126.765196028661748, 33.315935788705119 ], [ 126.76312459479135, 33.317856900956926 ], [ 126.761970922354067, 33.317952423708086 ], [ 126.761598979415794, 33.318232146993502 ], [ 126.758380085992613, 33.323502420542148 ], [ 126.75764072755014, 33.326876721902856 ], [ 126.757689615894719, 33.327094931241355 ], [ 126.757793228297828, 33.32717313247219 ], [ 126.75792419078806, 33.327271960680434 ], [ 126.758538286674209, 33.327451749914829 ], [ 126.759209944003317, 33.327648387093213 ], [ 126.759481499825398, 33.327887827008041 ], [ 126.759542902420762, 33.328054153713893 ], [ 126.759833485352758, 33.330360592695015 ], [ 126.759845007329318, 33.330672226235414 ], [ 126.758896236530461, 33.333703332316311 ], [ 126.758498025237415, 33.334512716230059 ], [ 126.757614554197716, 33.336276774632836 ], [ 126.756135107368138, 33.338735533339353 ], [ 126.752290513705589, 33.341708902364964 ], [ 126.751532666693478, 33.342751051752657 ], [ 126.751379509324039, 33.343437159423978 ], [ 126.75081135734996, 33.345056813182723 ], [ 126.750423886234714, 33.345973123542137 ], [ 126.749608716671034, 33.347818231685316 ], [ 126.749360452862831, 33.348284006910596 ], [ 126.747688272505627, 33.350145776737264 ], [ 126.747526559659789, 33.350320543025397 ], [ 126.747337355067998, 33.350525018848003 ], [ 126.746863611232499, 33.350679491730283 ], [ 126.745588323820982, 33.350486891819699 ], [ 126.74517597065217, 33.350762370484219 ], [ 126.741855579069508, 33.353225090713352 ], [ 126.741545715132204, 33.353621655963977 ], [ 126.741316425839216, 33.354605577812727 ], [ 126.741595482755741, 33.354727442822011 ], [ 126.741912465117736, 33.354865874068928 ], [ 126.741952996592545, 33.355073194123285 ], [ 126.741786738482347, 33.355625499387479 ], [ 126.741186676855435, 33.3567122507988 ], [ 126.737712738423269, 33.362214087740668 ], [ 126.73500641076464, 33.365575996112341 ], [ 126.732723047859494, 33.365191129397729 ], [ 126.730747375313214, 33.365152300172838 ], [ 126.727010036291745, 33.368995310179578 ], [ 126.726538663928665, 33.369610805335142 ], [ 126.72593520858409, 33.370443638130688 ], [ 126.725274599852554, 33.371063863065018 ], [ 126.72411912930238, 33.371959334359211 ], [ 126.723068505427662, 33.37223331497286 ], [ 126.722815814824571, 33.372174020046401 ], [ 126.722719145101223, 33.372059817680309 ], [ 126.722658187213455, 33.37181789895552 ], [ 126.722700218297419, 33.371541666411865 ], [ 126.722536123977292, 33.371368629544627 ], [ 126.721774936019131, 33.371246007368079 ], [ 126.718708568754536, 33.371100909447776 ], [ 126.717802757736536, 33.371150637188897 ], [ 126.714650835554991, 33.371989641973393 ], [ 126.708078910732027, 33.373753099352157 ], [ 126.705317363541226, 33.374748235695698 ], [ 126.703833100711449, 33.375400943342392 ], [ 126.703565101894498, 33.375521164836101 ], [ 126.703090803708704, 33.375779081492688 ], [ 126.702492638053357, 33.376140330472957 ], [ 126.70202741355817, 33.376269179251466 ], [ 126.701689077330428, 33.376362883536828 ], [ 126.70086525332502, 33.376499075546263 ], [ 126.698003563077947, 33.376647526852757 ], [ 126.697674517858161, 33.376560379169 ], [ 126.697356096630685, 33.376358792510153 ], [ 126.696525107147963, 33.375607721731527 ], [ 126.696341020278396, 33.375279127374334 ], [ 126.696198753434686, 33.374760666579974 ], [ 126.696055492556809, 33.374518561484358 ], [ 126.695541885640523, 33.374240957846744 ], [ 126.694862938680401, 33.374152943486344 ], [ 126.694326970212572, 33.374376112814204 ], [ 126.693461002919747, 33.374788474360535 ], [ 126.692655808986984, 33.375477249926483 ], [ 126.691933743982133, 33.375941760778268 ], [ 126.688760173057759, 33.37695273807666 ], [ 126.688430605609653, 33.37702097524744 ], [ 126.686803396732941, 33.377310469801017 ], [ 126.686021440440797, 33.377239407528563 ], [ 126.685260455609722, 33.377064768543129 ], [ 126.683863390944381, 33.376335838778019 ], [ 126.683556384732739, 33.375851510062347 ], [ 126.683042937986244, 33.37553933677281 ], [ 126.682034459129056, 33.37550220764372 ], [ 126.681313384916635, 33.375673036716002 ], [ 126.680755599549556, 33.376224247613727 ], [ 126.680155880000669, 33.376982577891987 ], [ 126.678999804450996, 33.377894893770723 ], [ 126.678195038744747, 33.378428182304617 ], [ 126.677535701144336, 33.378599140759739 ], [ 126.677123813145172, 33.378649888957874 ], [ 126.673869537037078, 33.379159464378873 ], [ 126.667952043449404, 33.381699675964555 ], [ 126.666774848939895, 33.382698142102292 ], [ 126.665989552914596, 33.383490442446615 ], [ 126.665471807371759, 33.384300717789792 ], [ 126.664934048650679, 33.384955529670307 ], [ 126.66464490221739, 33.385196532308107 ], [ 126.663078966132503, 33.385554956695685 ], [ 126.662316968146243, 33.385639229103752 ], [ 126.661987864497462, 33.385569251537895 ], [ 126.661844273347853, 33.385430667856816 ], [ 126.661639786272076, 33.38508471811916 ], [ 126.661393741777587, 33.38482499084764 ], [ 126.661147047467125, 33.384737973675001 ], [ 126.660653409519838, 33.384633003408972 ], [ 126.660015577311484, 33.384544891287092 ], [ 126.659233111564291, 33.384594565584607 ], [ 126.658469878550108, 33.384989662613563 ], [ 126.654876834263746, 33.387777405953905 ], [ 126.654421809091318, 33.388311515139506 ], [ 126.653780618439825, 33.389069595328245 ], [ 126.653179865477341, 33.390000503904794 ], [ 126.652306672883185, 33.392139523351702 ], [ 126.652253921301977, 33.392458855313514 ], [ 126.652201175751387, 33.392778188176486 ], [ 126.651976318334022, 33.394537487684282 ], [ 126.652030394812883, 33.394546660171429 ], [ 126.652646239198134, 33.394748209039427 ], [ 126.652892131181261, 33.395042494776114 ], [ 126.653014341671764, 33.395370986230027 ], [ 126.653013170093175, 33.39566455831141 ], [ 126.652970897297621, 33.395940758043267 ], [ 126.652825410426729, 33.396285765730234 ], [ 126.652288863973581, 33.396595114693227 ], [ 126.653229108423787, 33.398307460282716 ], [ 126.654520127155052, 33.399848105668866 ], [ 126.660257261211157, 33.401729161124265 ], [ 126.662520182370201, 33.40223618493566 ], [ 126.664475889252572, 33.402327855917648 ], [ 126.6648877628771, 33.402311714139984 ], [ 126.665320419949936, 33.402243799568268 ], [ 126.665794580631925, 33.402089658220525 ], [ 126.666227965297054, 33.401831792855667 ], [ 126.666785744260608, 33.40134974853737 ], [ 126.667013496023898, 33.401022208790209 ], [ 126.667220718522884, 33.400677380386099 ], [ 126.667716433546659, 33.40026422214271 ], [ 126.669079607202576, 33.399145330785714 ], [ 126.669801360172073, 33.398853676319305 ], [ 126.671696521988281, 33.398599699514556 ], [ 126.676347550635015, 33.399181861180573 ], [ 126.681225925735774, 33.399539928474333 ], [ 126.686269571383249, 33.399760096217257 ], [ 126.687071052118256, 33.400176591867947 ], [ 126.687608821051228, 33.402865391069014 ], [ 126.687785101424382, 33.40400682513237 ], [ 126.688108624918115, 33.406956059416636 ], [ 126.688157196112059, 33.409612168959463 ], [ 126.688098261511456, 33.409843534691099 ], [ 126.68761762347755, 33.41018345023911 ], [ 126.687222107267701, 33.411096209293561 ], [ 126.687466529201487, 33.411803478145529 ], [ 126.689351379680616, 33.412843857673899 ], [ 126.690383153766177, 33.412761149818088 ], [ 126.693195517268848, 33.414461683373837 ], [ 126.694774418554132, 33.415781414041632 ], [ 126.695584729375966, 33.416709347095377 ], [ 126.697993641269704, 33.417931482382521 ], [ 126.698137930326666, 33.417927155936184 ], [ 126.698715408130269, 33.417909837920966 ], [ 126.699618382919979, 33.418217809850667 ], [ 126.70227265965616, 33.419515691565799 ], [ 126.702925254751918, 33.419870573500397 ], [ 126.70449133381797, 33.420763717540154 ], [ 126.705796574760143, 33.421461311392164 ], [ 126.706826933200901, 33.421817087517283 ], [ 126.711184050272209, 33.422314702113304 ], [ 126.711982844562314, 33.422401847078319 ], [ 126.714802024699239, 33.422249990076772 ], [ 126.717752122675165, 33.422049648482762 ], [ 126.722151826851942, 33.42287593327012 ], [ 126.724516483237778, 33.424129487575179 ], [ 126.732111028455819, 33.425444316373188 ], [ 126.732677811069209, 33.425409014198713 ], [ 126.733290645216854, 33.424569638524908 ], [ 126.734164983967872, 33.423730871494612 ], [ 126.73723610938184, 33.421946463814528 ], [ 126.744221437240569, 33.418111149662444 ], [ 126.745093843451642, 33.417869294263561 ], [ 126.749294614125787, 33.417171234567576 ], [ 126.749628488618271, 33.417269373223235 ], [ 126.750963787908304, 33.417735055652471 ], [ 126.753010594087314, 33.418336177705015 ], [ 126.754215996967204, 33.418496976046178 ], [ 126.754869785351772, 33.418498275725042 ], [ 126.756250630561254, 33.418281685382262 ], [ 126.757471148481727, 33.41823536551221 ], [ 126.759647261738976, 33.419384892236785 ], [ 126.761880716871531, 33.420826877327826 ], [ 126.765505695657623, 33.423526400052786 ], [ 126.771989467580326, 33.427668786471372 ], [ 126.773121597361524, 33.428133835468905 ], [ 126.774877933978686, 33.428843689441109 ], [ 126.775994422740737, 33.42974730265081 ], [ 126.776719176453, 33.4304308947575 ], [ 126.777037774388219, 33.430857900271626 ], [ 126.777747593941541, 33.431712014283107 ], [ 126.778196663460747, 33.432248903971043 ], [ 126.779806795221162, 33.433348322834121 ], [ 126.780851678444051, 33.43388626762448 ], [ 126.782550985186916, 33.434230407113581 ], [ 126.783203960575776, 33.43459706124991 ], [ 126.785840806137173, 33.437781569897794 ], [ 126.787635488454086, 33.440745274077223 ], [ 126.78869446360244, 33.441514659096825 ], [ 126.793339325762659, 33.441519762165058 ], [ 126.793384743265705, 33.441505850486934 ], [ 126.794871865002307, 33.441049924705311 ], [ 126.795555526860142, 33.440783031340686 ], [ 126.796675328943891, 33.440431567025897 ], [ 126.797067818949174, 33.440395656299977 ], [ 126.798055242591047, 33.440714060920691 ], [ 126.799637717763048, 33.441386746678326 ], [ 126.801510191471579, 33.442352264124402 ], [ 126.803092876726581, 33.442951808001048 ], [ 126.805227922252598, 33.443527835670501 ], [ 126.805770264786901, 33.441457474699241 ], [ 126.808635733057883, 33.440292358222727 ], [ 126.809304262922197, 33.440281179727727 ], [ 126.811164256857452, 33.440344983792706 ], [ 126.812050696502709, 33.4403585253283 ], [ 126.812472308724253, 33.440273878731062 ], [ 126.812850832067369, 33.439957668371939 ], [ 126.814191040448449, 33.438448945258756 ], [ 126.814482736354478, 33.437962059934456 ], [ 126.815853590400877, 33.435673600855964 ], [ 126.8161601023168, 33.435040513040327 ], [ 126.815846200312166, 33.432310926048572 ], [ 126.815659811647166, 33.431141041329944 ], [ 126.815448107821553, 33.428204493189106 ], [ 126.816641090829435, 33.427499623217223 ], [ 126.817484439994544, 33.427208455869469 ], [ 126.818021988448521, 33.427245809420626 ], [ 126.818617734524324, 33.427234524296765 ], [ 126.819097542580991, 33.42707684649848 ], [ 126.820072142787083, 33.426566553953087 ], [ 126.820236297423477, 33.426074369830651 ], [ 126.820258653513989, 33.42544729736656 ], [ 126.82027751145894, 33.424657613661616 ], [ 126.820278548094237, 33.424614036166886 ], [ 126.820062509681406, 33.424202940618052 ], [ 126.819748847668833, 33.423628395323007 ], [ 126.819211793814702, 33.423343287035969 ], [ 126.818143441233531, 33.420579849970636 ], [ 126.81788463510911, 33.419752512828914 ], [ 126.817818207452802, 33.419295228792471 ], [ 126.817822319860639, 33.418407893314274 ], [ 126.817751616152734, 33.416748561581855 ], [ 126.817534037179811, 33.414637897246976 ], [ 126.816754714330102, 33.412198934170235 ], [ 126.815983854969275, 33.411180232419269 ], [ 126.814236843915793, 33.406701331573167 ], [ 126.814129491948265, 33.40618678992395 ], [ 126.81350546558636, 33.403844986856051 ], [ 126.812485993012842, 33.400397062087123 ], [ 126.812022097639726, 33.399114726437624 ], [ 126.809698961659564, 33.394960519725103 ], [ 126.809246645822711, 33.394700794228058 ], [ 126.808904697065159, 33.394448732364303 ], [ 126.808091885381671, 33.392760945692999 ], [ 126.807969642893184, 33.392451264309237 ], [ 126.807582788211022, 33.390935021953965 ], [ 126.807703242090824, 33.390502034925923 ], [ 126.80799273322765, 33.389461454842255 ], [ 126.806243568771251, 33.385791427383211 ], [ 126.805896468915194, 33.385132959523958 ], [ 126.804228260010987, 33.38427747618902 ], [ 126.803856764823536, 33.384200617325092 ], [ 126.802210511634982, 33.383860028509268 ], [ 126.80145591607662, 33.383590764878456 ], [ 126.800442171537327, 33.382358577855648 ], [ 126.800398902426693, 33.382224487366969 ], [ 126.802936557810085, 33.377501306444024 ], [ 126.803547520159952, 33.377039321878812 ], [ 126.804128611234731, 33.37694275957378 ], [ 126.80478234080438, 33.376834162511337 ], [ 126.806442631882604, 33.374680268051748 ], [ 126.80781347093675, 33.372770254629394 ], [ 126.808307484951101, 33.372463414080826 ], [ 126.809333827817397, 33.371825937244253 ], [ 126.812359818650975, 33.371448558981285 ], [ 126.812795246506994, 33.371534519491028 ], [ 126.813302625863244, 33.371937321299036 ], [ 126.813868529893824, 33.372120954845769 ], [ 126.814434755792135, 33.372170547607375 ], [ 126.81484142474693, 33.372122419393882 ], [ 126.81580133770548, 33.371405009859771 ], [ 126.816529281205831, 33.370504499873114 ], [ 126.818707745945289, 33.36837738195041 ], [ 126.824736664120451, 33.36314287052496 ], [ 126.825606357217566, 33.362840244838729 ], [ 126.828916318787066, 33.361528115745948 ], [ 126.834086902904431, 33.35922580674044 ], [ 126.837204373492924, 33.357427008174035 ], [ 126.837543851136743, 33.356617158704054 ], [ 126.838169556449088, 33.355463132753009 ], [ 126.838246315139088, 33.355321567590707 ], [ 126.839892061241741, 33.353014352122166 ], [ 126.841585682272907, 33.350869206491076 ], [ 126.842311372645568, 33.350019315074562 ], [ 126.844128609286457, 33.346172631926507 ], [ 126.844419935146988, 33.345230802324309 ], [ 126.844421189339997, 33.344532131212979 ], [ 126.846429485520019, 33.342330390551616 ], [ 126.847559963715483, 33.341376869505254 ], [ 126.848313471139193, 33.340910839685442 ], [ 126.848942502325471, 33.340040498942642 ], [ 126.849330006689925, 33.339271183382806 ], [ 126.849282280240516, 33.338967274953383 ], [ 126.8490916233538, 33.337569227806476 ], [ 126.849285379168236, 33.337184577003732 ], [ 126.8497725896963, 33.336271422305835 ] ] ] ] } },
{ "type": "Feature", "properties": { "OBJECTID": 3425, "adm_nm": "제주특별자치도 서귀포시 송산동", "adm_cd": "3902051", "adm_cd2": "5013051000", "sgg": "50130", "sido": "50", "sidonm": "제주특별자치도", "sggnm": "서귀포시" }, "geometry": { "type": "MultiPolygon", "coordinates": [ [ [ [ 126.564019281568704, 33.22793617112125 ], [ 126.564057234925968, 33.227925400495828 ], [ 126.564328564714529, 33.227946076020103 ], [ 126.564429463752148, 33.227953574310568 ], [ 126.564645098153889, 33.227957620304728 ], [ 126.566709239984505, 33.227861181564563 ], [ 126.566791063164032, 33.227848974993471 ], [ 126.566859637810225, 33.227837471731142 ], [ 126.566944455721298, 33.227806009101272 ], [ 126.567039533435931, 33.227764221994484 ], [ 126.567252668704, 33.22766620094955 ], [ 126.568213172291792, 33.227173469655391 ], [ 126.568383921949476, 33.22706580111371 ], [ 126.568562307564775, 33.22694723433613 ], [ 126.568659698047085, 33.226874803963902 ], [ 126.568713878594309, 33.226815671399571 ], [ 126.568882741365059, 33.22655355134161 ], [ 126.568909100429167, 33.226478630040482 ], [ 126.568897486601642, 33.226384025234076 ], [ 126.568819915245527, 33.225853362642646 ], [ 126.568536139035146, 33.225245539722643 ], [ 126.568453749010985, 33.225134710859784 ], [ 126.568335215809057, 33.225107237133884 ], [ 126.568152786817791, 33.225067012675311 ], [ 126.567141108652592, 33.224875851717137 ], [ 126.564400479343007, 33.225203054481703 ], [ 126.564215636061846, 33.225266760228287 ], [ 126.56412411466394, 33.225315545889224 ], [ 126.563159860601019, 33.225967223391706 ], [ 126.563025208163964, 33.226069867545284 ], [ 126.562920144250427, 33.226213630940876 ], [ 126.562870693371565, 33.226357652641177 ], [ 126.562843821688418, 33.226511558484958 ], [ 126.562824681879334, 33.226680482414757 ], [ 126.562837376478001, 33.226849837375809 ], [ 126.562869698052481, 33.22699740099997 ], [ 126.563057317048802, 33.227488455637129 ], [ 126.56311954771742, 33.227561452432099 ], [ 126.563206621721619, 33.227629518581374 ], [ 126.563674736883641, 33.227891494813704 ], [ 126.563784465900312, 33.2279324450977 ], [ 126.563914386495995, 33.227960461643733 ], [ 126.564019281568704, 33.22793617112125 ] ] ], [ [ [ 126.599059036389619, 33.228182810386222 ], [ 126.597337864732836, 33.2281348952298 ], [ 126.597150682258132, 33.228150499120233 ], [ 126.596974499109066, 33.228245973530775 ], [ 126.596376275110103, 33.228671176948232 ], [ 126.596269034805289, 33.228768134246621 ], [ 126.596225927553476, 33.228835408504914 ], [ 126.596167077624671, 33.22895930702866 ], [ 126.596142443184007, 33.229055706250065 ], [ 126.595910135748156, 33.230139623590063 ], [ 126.595914098687999, 33.230282663442189 ], [ 126.59612824773582, 33.230960986708389 ], [ 126.596196641370895, 33.231084231271673 ], [ 126.596288158980684, 33.231190589549243 ], [ 126.596381412523087, 33.231277615150333 ], [ 126.596503570666059, 33.231387605250553 ], [ 126.596652887092276, 33.231518611479508 ], [ 126.597785193177643, 33.23221813217166 ], [ 126.597898425955123, 33.232276597605988 ], [ 126.598037881260723, 33.232324330354295 ], [ 126.598176890278097, 33.232357004209391 ], [ 126.598270068274587, 33.232374941396252 ], [ 126.59849142440045, 33.232402323827699 ], [ 126.598705758248826, 33.232390697563517 ], [ 126.598917637541959, 33.232366826189384 ], [ 126.599483451737498, 33.232206371952287 ], [ 126.59967852975187, 33.23213055466735 ], [ 126.600054663530827, 33.231966172249791 ], [ 126.600195803963757, 33.231895339584554 ], [ 126.600773203200291, 33.231561096085663 ], [ 126.602740613501297, 33.230075372376376 ], [ 126.602811283288858, 33.229973408616431 ], [ 126.602958453674503, 33.229599032725915 ], [ 126.602976237413245, 33.229399039480938 ], [ 126.602968209848001, 33.229276879651508 ], [ 126.602944121978339, 33.229094246640813 ], [ 126.602890367086985, 33.228862352890651 ], [ 126.602806569932255, 33.228710260740392 ], [ 126.602729683700645, 33.228623826961979 ], [ 126.602606603152054, 33.228551419112868 ], [ 126.602454629514284, 33.228509317797183 ], [ 126.601406725573355, 33.228366734705446 ], [ 126.599900640884542, 33.228220851921563 ], [ 126.599059036389619, 33.228182810386222 ] ] ], [ [ [ 126.559315026124111, 33.237149606404401 ], [ 126.559924727419485, 33.237491004036194 ], [ 126.560367786598547, 33.237739088246812 ], [ 126.560468858139586, 33.237792883068735 ], [ 126.560570916432084, 33.237847156082353 ], [ 126.560780152439762, 33.237933079811924 ], [ 126.562225634238231, 33.238369420495687 ], [ 126.562969574261686, 33.238483074247299 ], [ 126.563369599658657, 33.238322580888962 ], [ 126.56438724839785, 33.23703724968221 ], [ 126.564472909385231, 33.236889459251444 ], [ 126.564473566786262, 33.236756990440824 ], [ 126.564408597831047, 33.236571166226106 ], [ 126.56434412586438, 33.236290544813464 ], [ 126.564328985475512, 33.236122723178347 ], [ 126.56431368680218, 33.235952032129269 ], [ 126.564313314645048, 33.235790689382 ], [ 126.564330023559833, 33.234681487596482 ], [ 126.564787237592839, 33.233979728528894 ], [ 126.564658983657054, 33.233451787622393 ], [ 126.562038633302151, 33.23445344852729 ], [ 126.558610261847704, 33.236121106164347 ], [ 126.55846262369819, 33.236225279258662 ], [ 126.558411087158461, 33.236355764546211 ], [ 126.558419631334303, 33.236481054790389 ], [ 126.558474951044104, 33.236578397582051 ], [ 126.55857065167487, 33.236694860762022 ], [ 126.558644721516771, 33.236756216702858 ], [ 126.558800746662897, 33.23686163632194 ], [ 126.559315026124111, 33.237149606404401 ] ] ], [ [ [ 126.61440106534306, 33.240708728765561 ], [ 126.614367686923785, 33.240840427939325 ], [ 126.611909550236646, 33.240504809875354 ], [ 126.61123601003591, 33.240389506940687 ], [ 126.605323228339742, 33.238688162203161 ], [ 126.602927569866935, 33.23719152126742 ], [ 126.599392200954568, 33.235931370421142 ], [ 126.599228638016413, 33.235916225522452 ], [ 126.5981988827278, 33.235820880744328 ], [ 126.596707684387781, 33.235981946765591 ], [ 126.595063789895747, 33.236458841196225 ], [ 126.594616146305455, 33.236673552659141 ], [ 126.593081016213333, 33.237506177791929 ], [ 126.591496109873333, 33.238785085661682 ], [ 126.591248885828023, 33.239007497249084 ], [ 126.589938834782799, 33.241187235950854 ], [ 126.58928081304208, 33.242886674210006 ], [ 126.58919651424047, 33.242933137239106 ], [ 126.586328031308469, 33.243716794256869 ], [ 126.583500891956675, 33.243303344310696 ], [ 126.5831560664341, 33.243234168073734 ], [ 126.5827457087385, 33.243020771870334 ], [ 126.579791714180885, 33.243200343030402 ], [ 126.579271907190019, 33.243373012289702 ], [ 126.57688447884982, 33.244108290849674 ], [ 126.572014963280694, 33.244186991865249 ], [ 126.570580644842138, 33.243636097063572 ], [ 126.567356261591385, 33.240607806375188 ], [ 126.570688621079952, 33.237181713053012 ], [ 126.568313335331609, 33.235604595922076 ], [ 126.565741946043204, 33.235368247770197 ], [ 126.565875199704323, 33.235800720593851 ], [ 126.567498723676849, 33.236056504570968 ], [ 126.565727591787152, 33.23737700367397 ], [ 126.563484949262374, 33.239047161718126 ], [ 126.561530966078919, 33.239610653289212 ], [ 126.560765587885186, 33.24034455417538 ], [ 126.560975322657939, 33.241810105016057 ], [ 126.561641691526617, 33.243571383983024 ], [ 126.562357991245335, 33.244414945909739 ], [ 126.565044684260783, 33.245067095924462 ], [ 126.567377672611087, 33.244946662446736 ], [ 126.567587665454909, 33.244902673866548 ], [ 126.567708110835824, 33.24489254771747 ], [ 126.569634825623467, 33.244822608923116 ], [ 126.569735348600176, 33.244828370325735 ], [ 126.569969545015923, 33.244858585763716 ], [ 126.571430903030944, 33.245135243707175 ], [ 126.57305951015158, 33.244855721338126 ], [ 126.57329584925175, 33.244843731396152 ], [ 126.573570079499291, 33.244870285996647 ], [ 126.573851651314826, 33.244935272847997 ], [ 126.574634406246773, 33.245289412816128 ], [ 126.57494707905002, 33.245490113070481 ], [ 126.575056328450643, 33.245613620369348 ], [ 126.575141289409117, 33.245709673638665 ], [ 126.57539336943104, 33.246096428406929 ], [ 126.575432596854995, 33.246156629690383 ], [ 126.575512263880398, 33.246456863978771 ], [ 126.575526598551974, 33.246851606454079 ], [ 126.575528270209205, 33.246897555439816 ], [ 126.575866745930256, 33.247132863810513 ], [ 126.57626825227284, 33.247274699056788 ], [ 126.576583272773846, 33.247385980247429 ], [ 126.577999863724727, 33.247829561572253 ], [ 126.579116022573189, 33.248171770492696 ], [ 126.580360867692988, 33.248295665786216 ], [ 126.58150064115145, 33.24838632211641 ], [ 126.584892421169599, 33.248098726854579 ], [ 126.585045057245111, 33.248085010946859 ], [ 126.585326249246336, 33.247772722604402 ], [ 126.58538956492977, 33.247667403294891 ], [ 126.585445848862207, 33.247573786526402 ], [ 126.585992404256302, 33.247432035958383 ], [ 126.587756473566117, 33.24720299367084 ], [ 126.589121679047508, 33.247079393579519 ], [ 126.589435290130268, 33.247080432835808 ], [ 126.58953389234766, 33.247143046974685 ], [ 126.589510656923963, 33.247668702881604 ], [ 126.589419766687854, 33.248109032616036 ], [ 126.589350950279623, 33.248385591577247 ], [ 126.589262223153895, 33.248462519068696 ], [ 126.588850674004775, 33.250866723450237 ], [ 126.589017559239949, 33.25142965697016 ], [ 126.589857597673173, 33.253048423217308 ], [ 126.591320545093708, 33.25433707379652 ], [ 126.592877145987728, 33.255004254203087 ], [ 126.594060526591605, 33.25572712902008 ], [ 126.594212644824466, 33.255827282719935 ], [ 126.594288334461098, 33.255955679914337 ], [ 126.594198053869917, 33.255627698160481 ], [ 126.594578535969589, 33.254821862387402 ], [ 126.595367267153904, 33.25356555021277 ], [ 126.596167442412508, 33.252509642004888 ], [ 126.596225044760402, 33.252495503086401 ], [ 126.596624788535891, 33.252397410240533 ], [ 126.599539975938029, 33.253331811448177 ], [ 126.599766808417925, 33.25341719862061 ], [ 126.599833616657307, 33.253504661510327 ], [ 126.600025092734498, 33.253778838710559 ], [ 126.600352784311553, 33.25420803005359 ], [ 126.600380165354935, 33.25423506675677 ], [ 126.601677603438546, 33.255106422575878 ], [ 126.601890979839439, 33.255214854705628 ], [ 126.601918413672976, 33.255227784858107 ], [ 126.601945849772349, 33.255240704197497 ], [ 126.601982496786292, 33.255240820937587 ], [ 126.602007223716186, 33.255179300283366 ], [ 126.602231841980327, 33.2541537742106 ], [ 126.602917796885777, 33.252794087699193 ], [ 126.604136495603683, 33.250864933970909 ], [ 126.605651910579638, 33.250336783305954 ], [ 126.607224230564341, 33.250583430599043 ], [ 126.608071118117323, 33.250372884440459 ], [ 126.609257283800289, 33.249934947844402 ], [ 126.610858224087266, 33.247806038162842 ], [ 126.611377681042441, 33.246190706776211 ], [ 126.611292754948707, 33.246041182973791 ], [ 126.61116868050415, 33.245819655587965 ], [ 126.610959755954553, 33.24543204643124 ], [ 126.610904752450764, 33.245188077505439 ], [ 126.610900811669453, 33.245110821832569 ], [ 126.610885296350148, 33.244806483872146 ], [ 126.611892177536646, 33.242725271528485 ], [ 126.612227916175129, 33.242821198031905 ], [ 126.612518196506826, 33.242912370647446 ], [ 126.612938387137902, 33.243226986137145 ], [ 126.612997411699297, 33.243276917444561 ], [ 126.613002673164473, 33.243575460125157 ], [ 126.612989118356964, 33.243663879909427 ], [ 126.613015179312725, 33.243724764007602 ], [ 126.613159816442945, 33.243763903211921 ], [ 126.61340997960464, 33.243759172828945 ], [ 126.613686765205358, 33.243688166301354 ], [ 126.614056015165772, 33.24354558174263 ], [ 126.614307780831027, 33.243175958935126 ], [ 126.614672814676453, 33.24246809900125 ], [ 126.614701976595953, 33.242294284342492 ], [ 126.614678670558519, 33.241887212082226 ], [ 126.614656614540749, 33.241689957096135 ], [ 126.614637309176914, 33.24159038405142 ], [ 126.61440106534306, 33.240708728765561 ] ] ] ] } },
{ "type": "Feature", "properties": { "OBJECTID": 3426, "adm_nm": "제주특별자치도 서귀포시 정방동", "adm_cd": "3902052", "adm_cd2": "5013052000", "sgg": "50130", "sido": "50", "sidonm": "제주특별자치도", "sggnm": "서귀포시" }, "geometry": { "type": "MultiPolygon", "coordinates": [ [ [ [ 126.571430903030944, 33.245135243707175 ], [ 126.569969545015923, 33.244858585763716 ], [ 126.569735348600176, 33.244828370325735 ], [ 126.569634825623467, 33.244822608923116 ], [ 126.567708110835824, 33.24489254771747 ], [ 126.567587665454909, 33.244902673866548 ], [ 126.567377672611087, 33.244946662446736 ], [ 126.565044684260783, 33.245067095924462 ], [ 126.562357991245335, 33.244414945909739 ], [ 126.561641691526617, 33.243571383983024 ], [ 126.560891583655405, 33.244081025551203 ], [ 126.558912699813547, 33.24509401550084 ], [ 126.558580573435506, 33.245104303275596 ], [ 126.558525612488438, 33.245125185050092 ], [ 126.558493938153944, 33.245150849366418 ], [ 126.558449460586672, 33.245203711655897 ], [ 126.558250503823444, 33.245462672209733 ], [ 126.558142330130678, 33.245635408673003 ], [ 126.557993203673178, 33.245909363201314 ], [ 126.558460128223587, 33.246410485864381 ], [ 126.560980582168952, 33.247367582666442 ], [ 126.561611047946855, 33.247551226793057 ], [ 126.561871222034782, 33.247600468278257 ], [ 126.565247112669397, 33.248359368913938 ], [ 126.566003971066891, 33.248507527186746 ], [ 126.567755348227479, 33.248734625314839 ], [ 126.570196728303515, 33.248778570504825 ], [ 126.570773620211867, 33.248739082612609 ], [ 126.570821655031168, 33.248725271822721 ], [ 126.571790825161798, 33.248179889211073 ], [ 126.571856029790098, 33.248101135577308 ], [ 126.571898251803887, 33.248003102490344 ], [ 126.571957355718297, 33.24701916860144 ], [ 126.57195893605423, 33.246696385322949 ], [ 126.571934770987653, 33.246415184833168 ], [ 126.571867772063513, 33.246115437068795 ], [ 126.571430903030944, 33.245135243707175 ] ] ] ] } },
{ "type": "Feature", "properties": { "OBJECTID": 3427, "adm_nm": "제주특별자치도 서귀포시 중앙동", "adm_cd": "3902053", "adm_cd2": "5013053000", "sgg": "50130", "sido": "50", "sidonm": "제주특별자치도", "sggnm": "서귀포시" }, "geometry": { "type": "MultiPolygon", "coordinates": [ [ [ [ 126.570196728303515, 33.248778570504825 ], [ 126.567755348227479, 33.248734625314839 ], [ 126.566003971066891, 33.248507527186746 ], [ 126.565247112669397, 33.248359368913938 ], [ 126.561871222034782, 33.247600468278257 ], [ 126.561164071571113, 33.251795826209204 ], [ 126.56097044729745, 33.253171810838211 ], [ 126.563088596139949, 33.253640696952367 ], [ 126.563848954537988, 33.253802073443936 ], [ 126.563898386234968, 33.253812257011944 ], [ 126.564146776855281, 33.253863416535395 ], [ 126.565354395748315, 33.254110661544516 ], [ 126.565557869277072, 33.2541522212003 ], [ 126.565651390189018, 33.254166072605003 ], [ 126.565633795451816, 33.254076298919912 ], [ 126.565617089541888, 33.253920171634263 ], [ 126.565603278259999, 33.253653676085662 ], [ 126.565609370270181, 33.253615668471092 ], [ 126.565621910983737, 33.253556769574118 ], [ 126.566214800746451, 33.251771618407673 ], [ 126.566263040201292, 33.251684491171204 ], [ 126.566333720635896, 33.251580514351062 ], [ 126.567231453397369, 33.250844684871652 ], [ 126.567279713243124, 33.250814501293462 ], [ 126.570196728303515, 33.248778570504825 ] ] ] ] } },
{ "type": "Feature", "properties": { "OBJECTID": 3428, "adm_nm": "제주특별자치도 서귀포시 천지동", "adm_cd": "3902054", "adm_cd2": "5013054000", "sgg": "50130", "sido": "50", "sidonm": "제주특별자치도", "sggnm": "서귀포시" }, "geometry": { "type": "MultiPolygon", "coordinates": [ [ [ [ 126.561871222034782, 33.247600468278257 ], [ 126.561611047946855, 33.247551226793057 ], [ 126.560980582168952, 33.247367582666442 ], [ 126.558460128223587, 33.246410485864381 ], [ 126.557993203673178, 33.245909363201314 ], [ 126.558142330130678, 33.245635408673003 ], [ 126.558250503823444, 33.245462672209733 ], [ 126.558449460586672, 33.245203711655897 ], [ 126.558493938153944, 33.245150849366418 ], [ 126.558525612488438, 33.245125185050092 ], [ 126.558580573435506, 33.245104303275596 ], [ 126.558912699813547, 33.24509401550084 ], [ 126.560891583655405, 33.244081025551203 ], [ 126.561641691526617, 33.243571383983024 ], [ 126.560975322657939, 33.241810105016057 ], [ 126.560346144175185, 33.242245334347423 ], [ 126.559460720082384, 33.240927704865328 ], [ 126.559621095352384, 33.239786164232953 ], [ 126.559771531812615, 33.239573035108016 ], [ 126.560191265061334, 33.23770752017581 ], [ 126.559924727419485, 33.237491004036194 ], [ 126.559315026124111, 33.237149606404401 ], [ 126.554288872403433, 33.238722717871724 ], [ 126.552294353335768, 33.239889128160783 ], [ 126.551300873338903, 33.240716944231139 ], [ 126.550751735016547, 33.241079796040751 ], [ 126.550464450354113, 33.241100238512921 ], [ 126.550425162966775, 33.24109304313621 ], [ 126.549843111233159, 33.240656098819798 ], [ 126.549854220425161, 33.24035140743181 ], [ 126.549817175838314, 33.239595245308067 ], [ 126.549724777107443, 33.239001387891342 ], [ 126.548758761423073, 33.238015945336642 ], [ 126.548243852488, 33.237499424462797 ], [ 126.547973241800719, 33.237277187570484 ], [ 126.546741191534821, 33.237276329721219 ], [ 126.546129780545073, 33.237764346873568 ], [ 126.545819230332285, 33.238023166870178 ], [ 126.545372915146146, 33.238091818125149 ], [ 126.543653489880242, 33.237893787640303 ], [ 126.543767808081626, 33.238252280018806 ], [ 126.544268795728499, 33.239823183211435 ], [ 126.544797466558705, 33.240295770077289 ], [ 126.544911387943031, 33.240364156990751 ], [ 126.545423363442453, 33.240991060665579 ], [ 126.545612507252542, 33.241399558869581 ], [ 126.545835096099864, 33.242774868099517 ], [ 126.545572024738675, 33.243327316592136 ], [ 126.545023871700423, 33.243981233497486 ], [ 126.544506478105632, 33.244585735312683 ], [ 126.544138982623508, 33.244916252937323 ], [ 126.545215697731109, 33.247676730287758 ], [ 126.545456702930338, 33.248064925003298 ], [ 126.547368363585434, 33.248125984310782 ], [ 126.549444260860241, 33.248692747639851 ], [ 126.550297701869567, 33.249448757615596 ], [ 126.550699296960005, 33.249845490681651 ], [ 126.550966234992018, 33.250145301185228 ], [ 126.551428260830406, 33.250985920539733 ], [ 126.551528682512071, 33.251183013439473 ], [ 126.552268774499666, 33.251713774119189 ], [ 126.552430217046052, 33.251827104376325 ], [ 126.552551940159802, 33.251887304498403 ], [ 126.555270738757272, 33.252307081276435 ], [ 126.56097044729745, 33.253171810838211 ], [ 126.561164071571113, 33.251795826209204 ], [ 126.561871222034782, 33.247600468278257 ] ] ] ] } },
{ "type": "Feature", "properties": { "OBJECTID": 3429, "adm_nm": "제주특별자치도 서귀포시 효돈동", "adm_cd": "3902055", "adm_cd2": "5013055000", "sgg": "50130", "sido": "50", "sidonm": "제주특별자치도", "sggnm": "서귀포시" }, "geometry": { "type": "MultiPolygon", "coordinates": [ [ [ [ 126.624120822833973, 33.252064203425583 ], [ 126.623743823066917, 33.251284264551501 ], [ 126.621962193565508, 33.248962184997993 ], [ 126.621151017026122, 33.248441064876523 ], [ 126.620137177907296, 33.249557626935804 ], [ 126.619823951639447, 33.247054636990313 ], [ 126.619679909920677, 33.245731038474474 ], [ 126.62015167431818, 33.244169527608214 ], [ 126.620152234033867, 33.244040170708487 ], [ 126.620082222368225, 33.243237416495141 ], [ 126.620050816918777, 33.243129895360788 ], [ 126.619211127674248, 33.241283883177772 ], [ 126.619107976828531, 33.241129639065079 ], [ 126.618097083983528, 33.240355277199939 ], [ 126.617934541467434, 33.240259584740372 ], [ 126.617695057449751, 33.240197007436308 ], [ 126.614686734353356, 33.239581621694001 ], [ 126.61440106534306, 33.240708728765561 ], [ 126.614637309176914, 33.24159038405142 ], [ 126.614656614540749, 33.241689957096135 ], [ 126.614678670558519, 33.241887212082226 ], [ 126.614701976595953, 33.242294284342492 ], [ 126.614672814676453, 33.24246809900125 ], [ 126.614307780831027, 33.243175958935126 ], [ 126.614056015165772, 33.24354558174263 ], [ 126.613686765205358, 33.243688166301354 ], [ 126.61340997960464, 33.243759172828945 ], [ 126.613159816442945, 33.243763903211921 ], [ 126.613015179312725, 33.243724764007602 ], [ 126.612989118356964, 33.243663879909427 ], [ 126.613002673164473, 33.243575460125157 ], [ 126.612997411699297, 33.243276917444561 ], [ 126.612938387137902, 33.243226986137145 ], [ 126.612518196506826, 33.242912370647446 ], [ 126.612227916175129, 33.242821198031905 ], [ 126.611892177536646, 33.242725271528485 ], [ 126.610885296350148, 33.244806483872146 ], [ 126.610900811669453, 33.245110821832569 ], [ 126.610904752450764, 33.245188077505439 ], [ 126.610959755954553, 33.24543204643124 ], [ 126.61116868050415, 33.245819655587965 ], [ 126.611292754948707, 33.246041182973791 ], [ 126.611377681042441, 33.246190706776211 ], [ 126.610858224087266, 33.247806038162842 ], [ 126.609257283800289, 33.249934947844402 ], [ 126.608071118117323, 33.250372884440459 ], [ 126.607224230564341, 33.250583430599043 ], [ 126.605651910579638, 33.250336783305954 ], [ 126.604136495603683, 33.250864933970909 ], [ 126.602917796885777, 33.252794087699193 ], [ 126.602231841980327, 33.2541537742106 ], [ 126.602007223716186, 33.255179300283366 ], [ 126.601982496786292, 33.255240820937587 ], [ 126.601945849772349, 33.255240704197497 ], [ 126.601918413672976, 33.255227784858107 ], [ 126.601890979839439, 33.255214854705628 ], [ 126.601677603438546, 33.255106422575878 ], [ 126.600380165354935, 33.25423506675677 ], [ 126.600352784311553, 33.25420803005359 ], [ 126.600025092734498, 33.253778838710559 ], [ 126.599833616657307, 33.253504661510327 ], [ 126.599766808417925, 33.25341719862061 ], [ 126.599539975938029, 33.253331811448177 ], [ 126.596624788535891, 33.252397410240533 ], [ 126.596225044760402, 33.252495503086401 ], [ 126.596167442412508, 33.252509642004888 ], [ 126.595367267153904, 33.25356555021277 ], [ 126.594578535969589, 33.254821862387402 ], [ 126.594198053869917, 33.255627698160481 ], [ 126.594288334461098, 33.255955679914337 ], [ 126.59421345636386, 33.257517970521917 ], [ 126.593842105107043, 33.258990356455406 ], [ 126.593840485370876, 33.25933917933142 ], [ 126.594434757876073, 33.261090189444538 ], [ 126.594753488623041, 33.2618244772924 ], [ 126.594901456968515, 33.262048896515672 ], [ 126.595562114451283, 33.262002160879554 ], [ 126.59579504005751, 33.261962684366701 ], [ 126.596017267459445, 33.261887823517291 ], [ 126.596173813218257, 33.261836511102921 ], [ 126.596433136673298, 33.261799373730909 ], [ 126.596804660715989, 33.261788321874789 ], [ 126.598920830323337, 33.262552533130069 ], [ 126.599650238306722, 33.262838099657095 ], [ 126.600491509056937, 33.263246736685829 ], [ 126.600916292276821, 33.263776767307171 ], [ 126.602323393930874, 33.265839260858392 ], [ 126.603014692373321, 33.266896387745255 ], [ 126.602852514204841, 33.267129254978109 ], [ 126.60256253287389, 33.267421854159466 ], [ 126.602491211890808, 33.267493818584768 ], [ 126.602441585046307, 33.267543903032767 ], [ 126.602419980821807, 33.267582380482942 ], [ 126.604010847320239, 33.272525046958251 ], [ 126.604053951431922, 33.272618211981303 ], [ 126.604325985230744, 33.272838344086836 ], [ 126.604475978194429, 33.272918574742611 ], [ 126.606219171080909, 33.27365269305411 ], [ 126.606404799539533, 33.273729686139788 ], [ 126.609826335719262, 33.274298785938143 ], [ 126.61172489350983, 33.273150165438189 ], [ 126.611869716234551, 33.273247790490082 ], [ 126.612520188001923, 33.273818454859253 ], [ 126.612553633967835, 33.273940031787426 ], [ 126.612751667874733, 33.274813023963944 ], [ 126.612705553757493, 33.275218066578496 ], [ 126.612666390190213, 33.275401977873265 ], [ 126.612762361988302, 33.275624301962367 ], [ 126.61387680734083, 33.276752677849586 ], [ 126.61416648082681, 33.277027411359903 ], [ 126.616526047286499, 33.278494868335805 ], [ 126.616894212751006, 33.279286484396202 ], [ 126.617352279854032, 33.278977259332244 ], [ 126.618956843140523, 33.279051102793495 ], [ 126.619271643656333, 33.27901141077426 ], [ 126.619655587992114, 33.278918709119679 ], [ 126.620039901558314, 33.278738402020082 ], [ 126.620156156706386, 33.278638317846458 ], [ 126.620271665375228, 33.278538866861041 ], [ 126.620391401594702, 33.278404707791104 ], [ 126.622916150084265, 33.272619746724082 ], [ 126.623001040637973, 33.272347365050514 ], [ 126.62361451825862, 33.269179630350976 ], [ 126.623586113948249, 33.268936562106902 ], [ 126.623477396508676, 33.26865916741172 ], [ 126.6233004794273, 33.268416724172681 ], [ 126.623193791450078, 33.26831006947414 ], [ 126.622810699971851, 33.267927096839671 ], [ 126.622226673350937, 33.267441589806047 ], [ 126.621965813772619, 33.267278057664932 ], [ 126.62176763128889, 33.267119125760082 ], [ 126.621585395906507, 33.266894333503267 ], [ 126.621476324869249, 33.266700520675485 ], [ 126.621424427966573, 33.266560467934106 ], [ 126.621420147738547, 33.266388109856194 ], [ 126.621436672901339, 33.26619024714816 ], [ 126.621679611032647, 33.265680839177506 ], [ 126.621906658004292, 33.265224248869039 ], [ 126.62208573550997, 33.264960881141221 ], [ 126.622349996980645, 33.264594936908289 ], [ 126.62255914699297, 33.264390600046376 ], [ 126.622805746901605, 33.264224276648875 ], [ 126.622942692336366, 33.264152947284877 ], [ 126.623057560138207, 33.264093124357089 ], [ 126.623806837079698, 33.263857929759965 ], [ 126.62423123408017, 33.263727302963034 ], [ 126.624399009257019, 33.263644241795703 ], [ 126.624688844661947, 33.263178978465163 ], [ 126.624810157748215, 33.262972586079307 ], [ 126.624848094671648, 33.262660470964647 ], [ 126.624796588786495, 33.262458073551457 ], [ 126.624682629140565, 33.26220265774689 ], [ 126.62399820140152, 33.259513663862194 ], [ 126.623092829069563, 33.255909156884471 ], [ 126.623062929843414, 33.255775376832318 ], [ 126.623000390656486, 33.255495485639749 ], [ 126.622965330558998, 33.255139253444113 ], [ 126.622961480388398, 33.254813743777632 ], [ 126.623025061459117, 33.253281617625412 ], [ 126.623086780256784, 33.253127454448659 ], [ 126.623148503206849, 33.252973283147149 ], [ 126.623339089770127, 33.25270146867404 ], [ 126.624120822833973, 33.252064203425583 ] ] ] ] } },
{ "type": "Feature", "properties": { "OBJECTID": 3430, "adm_nm": "제주특별자치도 서귀포시 영천동", "adm_cd": "3902056", "adm_cd2": "5013056000", "sgg": "50130", "sido": "50", "sidonm": "제주특별자치도", "sggnm": "서귀포시" }, "geometry": { "type": "MultiPolygon", "coordinates": [ [ [ [ 126.616894212751006, 33.279286484396202 ], [ 126.616526047286499, 33.278494868335805 ], [ 126.61416648082681, 33.277027411359903 ], [ 126.61387680734083, 33.276752677849586 ], [ 126.612762361988302, 33.275624301962367 ], [ 126.612666390190213, 33.275401977873265 ], [ 126.612705553757493, 33.275218066578496 ], [ 126.612751667874733, 33.274813023963944 ], [ 126.612553633967835, 33.273940031787426 ], [ 126.612520188001923, 33.273818454859253 ], [ 126.611869716234551, 33.273247790490082 ], [ 126.61172489350983, 33.273150165438189 ], [ 126.609826335719262, 33.274298785938143 ], [ 126.606404799539533, 33.273729686139788 ], [ 126.606219171080909, 33.27365269305411 ], [ 126.604475978194429, 33.272918574742611 ], [ 126.604325985230744, 33.272838344086836 ], [ 126.604053951431922, 33.272618211981303 ], [ 126.604010847320239, 33.272525046958251 ], [ 126.602419980821807, 33.267582380482942 ], [ 126.602441585046307, 33.267543903032767 ], [ 126.602491211890808, 33.267493818584768 ], [ 126.60256253287389, 33.267421854159466 ], [ 126.602852514204841, 33.267129254978109 ], [ 126.603014692373321, 33.266896387745255 ], [ 126.602323393930874, 33.265839260858392 ], [ 126.600916292276821, 33.263776767307171 ], [ 126.600491509056937, 33.263246736685829 ], [ 126.599650238306722, 33.262838099657095 ], [ 126.598920830323337, 33.262552533130069 ], [ 126.596804660715989, 33.261788321874789 ], [ 126.596433136673298, 33.261799373730909 ], [ 126.596173813218257, 33.261836511102921 ], [ 126.596017267459445, 33.261887823517291 ], [ 126.59579504005751, 33.261962684366701 ], [ 126.595562114451283, 33.262002160879554 ], [ 126.594901456968515, 33.262048896515672 ], [ 126.594753488623041, 33.2618244772924 ], [ 126.594434757876073, 33.261090189444538 ], [ 126.593840485370876, 33.25933917933142 ], [ 126.593842105107043, 33.258990356455406 ], [ 126.59421345636386, 33.257517970521917 ], [ 126.594288334461098, 33.255955679914337 ], [ 126.594212644824466, 33.255827282719935 ], [ 126.594060526591605, 33.25572712902008 ], [ 126.592877145987728, 33.255004254203087 ], [ 126.591320545093708, 33.25433707379652 ], [ 126.589857597673173, 33.253048423217308 ], [ 126.589017559239949, 33.25142965697016 ], [ 126.588850674004775, 33.250866723450237 ], [ 126.589262223153895, 33.248462519068696 ], [ 126.589350950279623, 33.248385591577247 ], [ 126.589419766687854, 33.248109032616036 ], [ 126.589510656923963, 33.247668702881604 ], [ 126.58953389234766, 33.247143046974685 ], [ 126.589435290130268, 33.247080432835808 ], [ 126.589121679047508, 33.247079393579519 ], [ 126.587756473566117, 33.24720299367084 ], [ 126.585992404256302, 33.247432035958383 ], [ 126.585445848862207, 33.247573786526402 ], [ 126.58538956492977, 33.247667403294891 ], [ 126.585326249246336, 33.247772722604402 ], [ 126.585045057245111, 33.248085010946859 ], [ 126.584892421169599, 33.248098726854579 ], [ 126.58150064115145, 33.24838632211641 ], [ 126.580360867692988, 33.248295665786216 ], [ 126.579116022573189, 33.248171770492696 ], [ 126.577999863724727, 33.247829561572253 ], [ 126.577944916366832, 33.249526763039967 ], [ 126.577908440192545, 33.250066222250204 ], [ 126.577836759362228, 33.250445092514276 ], [ 126.577795361613767, 33.25066383059675 ], [ 126.57686654775776, 33.251678646985809 ], [ 126.576704227084591, 33.25194148811871 ], [ 126.576668700006365, 33.252275953069763 ], [ 126.576675561243064, 33.252610569477405 ], [ 126.577059706403645, 33.258700409314756 ], [ 126.577078368647548, 33.258822884271915 ], [ 126.578129534636602, 33.263054010719365 ], [ 126.578348030439031, 33.263431160410818 ], [ 126.579001040974234, 33.263965983164297 ], [ 126.579092149027602, 33.264013510858476 ], [ 126.579915903403517, 33.264387981509941 ], [ 126.580368250429871, 33.264560621108629 ], [ 126.580719101085307, 33.264656203458557 ], [ 126.580861219382072, 33.26471533813455 ], [ 126.580268234268217, 33.265826828110512 ], [ 126.579702723996391, 33.266688466413974 ], [ 126.579372670739716, 33.267129380246963 ], [ 126.578965757288103, 33.267438220928874 ], [ 126.57828499112631, 33.267776176473333 ], [ 126.577912260064238, 33.267951509334374 ], [ 126.57683521649119, 33.268543149463788 ], [ 126.575803676745025, 33.269586917657385 ], [ 126.575249737568939, 33.270920692895956 ], [ 126.575100792985239, 33.271813543104308 ], [ 126.57503303901845, 33.273001520213889 ], [ 126.575093207911436, 33.273374691043628 ], [ 126.575213623988816, 33.273701984923562 ], [ 126.575500599878168, 33.274482035018629 ], [ 126.575436431516977, 33.274932819146258 ], [ 126.574951527293322, 33.276934689103335 ], [ 126.574778160455651, 33.27703339089188 ], [ 126.574041502307324, 33.27679179678718 ], [ 126.570269032309383, 33.275426744814368 ], [ 126.567504827615437, 33.274603941568337 ], [ 126.565099003049696, 33.278271579407765 ], [ 126.565086170855892, 33.278313902474004 ], [ 126.565135963706865, 33.278446438692008 ], [ 126.565155456710087, 33.278680638424696 ], [ 126.565046253081917, 33.279020881081891 ], [ 126.564782598030206, 33.279601230349712 ], [ 126.564642540457058, 33.279865476716509 ], [ 126.564368881195989, 33.280362225616493 ], [ 126.563218396095891, 33.281948502508861 ], [ 126.56232373168227, 33.2830307952851 ], [ 126.561686463786813, 33.284017537538098 ], [ 126.56119559930633, 33.285058891089705 ], [ 126.560289160781252, 33.288106360699523 ], [ 126.560185126994824, 33.289103428187587 ], [ 126.560277939840162, 33.290336710280805 ], [ 126.560158307857705, 33.29115365065374 ], [ 126.559219540191819, 33.297196778619238 ], [ 126.558885203889389, 33.298040646680946 ], [ 126.558271756409312, 33.298592600026204 ], [ 126.556800811920837, 33.299494201255023 ], [ 126.556221317680738, 33.299705752401685 ], [ 126.555549075168031, 33.299955806193552 ], [ 126.555494763906879, 33.300020347887141 ], [ 126.555478578957533, 33.300169193750463 ], [ 126.555200947304542, 33.303155897959911 ], [ 126.55515621228345, 33.304351559007237 ], [ 126.555186012778975, 33.306843968992418 ], [ 126.555047110305964, 33.307636232127962 ], [ 126.553776010476099, 33.310028849885725 ], [ 126.551610095302465, 33.311549959879315 ], [ 126.549106800085013, 33.313088654556104 ], [ 126.548691882740712, 33.315069088894035 ], [ 126.54796770241353, 33.315991326264331 ], [ 126.545750696887936, 33.318644666409689 ], [ 126.545497775809778, 33.319719633402464 ], [ 126.545034365367187, 33.322360495819986 ], [ 126.544704536776052, 33.325247213379924 ], [ 126.543835366855447, 33.32807534404499 ], [ 126.54280992243396, 33.330676376323034 ], [ 126.540957553154342, 33.33657752089789 ], [ 126.540140561418923, 33.337990167699402 ], [ 126.53878646075438, 33.338910028586234 ], [ 126.537717455867011, 33.341189940893017 ], [ 126.537595005196408, 33.343077043759088 ], [ 126.537246152181524, 33.345246401759795 ], [ 126.536158763660893, 33.34673346515094 ], [ 126.534794819114239, 33.349465296593486 ], [ 126.534253543108434, 33.349746400123848 ], [ 126.533729292920725, 33.351046825725973 ], [ 126.533451758284542, 33.352480280199579 ], [ 126.532650298045695, 33.355138708170323 ], [ 126.531921956624643, 33.356740347050966 ], [ 126.532201106467639, 33.359214080277525 ], [ 126.531795710314285, 33.359306923185748 ], [ 126.530534729513946, 33.359566380814762 ], [ 126.529901868729993, 33.360130236754628 ], [ 126.529422406071234, 33.361449710340523 ], [ 126.529447995157597, 33.36153222718238 ], [ 126.52987059275867, 33.362364244980995 ], [ 126.532056988620894, 33.363010844537982 ], [ 126.534245672534709, 33.363231878531103 ], [ 126.53516958656499, 33.362887166424123 ], [ 126.535517505991109, 33.362482278531019 ], [ 126.53570480216905, 33.361941370554824 ], [ 126.535760663055783, 33.361770376455539 ], [ 126.536994398072252, 33.36217831261613 ], [ 126.537982514182488, 33.362762300572186 ], [ 126.539622566994026, 33.364285269963915 ], [ 126.546292521903695, 33.361900217328866 ], [ 126.548905340118452, 33.360928720874917 ], [ 126.551243656408261, 33.360108197523893 ], [ 126.551619181553903, 33.359981072383448 ], [ 126.552112096258213, 33.359839863038268 ], [ 126.552494340821482, 33.359741699899644 ], [ 126.552860438590983, 33.359650700041584 ], [ 126.553535182487963, 33.359459472433137 ], [ 126.554154619510868, 33.359282457319537 ], [ 126.555454592989008, 33.358706142036532 ], [ 126.556039983598566, 33.358442190347546 ], [ 126.556268298316041, 33.3583144367201 ], [ 126.556803481604931, 33.35799240460252 ], [ 126.559901946697551, 33.355988892500847 ], [ 126.560109715548279, 33.355823092877849 ], [ 126.56051375118443, 33.355487874433436 ], [ 126.560772617629056, 33.355242653211327 ], [ 126.5609828529266, 33.355033407239219 ], [ 126.56131154685697, 33.354618225873509 ], [ 126.561508426127787, 33.354329324336142 ], [ 126.561649659907303, 33.354145250916829 ], [ 126.561883086305244, 33.353894444109343 ], [ 126.562024085373849, 33.353757362155541 ], [ 126.562222755012641, 33.35358251852545 ], [ 126.562637973274036, 33.353275739679148 ], [ 126.564635111121149, 33.352436590682558 ], [ 126.566559179407477, 33.351862526837031 ], [ 126.56700785712853, 33.351769793764952 ], [ 126.567321709424689, 33.351737526187698 ], [ 126.567396489892261, 33.351728055601576 ], [ 126.567508664935886, 33.351713842905681 ], [ 126.567606124530712, 33.351679716632482 ], [ 126.567680740798977, 33.351653583118569 ], [ 126.568163622547701, 33.351442395726778 ], [ 126.568556793519321, 33.351252266633821 ], [ 126.56872915757657, 33.351134310473199 ], [ 126.570517536822976, 33.349766122868488 ], [ 126.57078385211274, 33.349526852584589 ], [ 126.571140407530294, 33.349178433860843 ], [ 126.571347302253855, 33.34887502371452 ], [ 126.571686112150829, 33.348331982585535 ], [ 126.571731715393625, 33.348247866733161 ], [ 126.571893391605897, 33.34794960676124 ], [ 126.572278546357907, 33.347111732247491 ], [ 126.572577093469761, 33.346386052232056 ], [ 126.572760468588129, 33.345926013225281 ], [ 126.572943841762935, 33.345465970273111 ], [ 126.573190167541398, 33.344740115091376 ], [ 126.573585125282193, 33.343409706748382 ], [ 126.573885415534846, 33.342343490028412 ], [ 126.573996026466148, 33.341866463709849 ], [ 126.574091421293858, 33.341447193254666 ], [ 126.574194263963889, 33.341043172316446 ], [ 126.574257837541595, 33.340844797019173 ], [ 126.574338350708842, 33.340593579628447 ], [ 126.574636552738141, 33.339931842222953 ], [ 126.575046761994074, 33.339294711623282 ], [ 126.575370146770496, 33.338842758424292 ], [ 126.575520474360218, 33.338633476161675 ], [ 126.577551038352738, 33.336530177838192 ], [ 126.580271620647324, 33.333045782609673 ], [ 126.58047499565275, 33.332678524469891 ], [ 126.580813673605704, 33.332135452195139 ], [ 126.581144507747169, 33.331686559535967 ], [ 126.58140371171271, 33.331343827991049 ], [ 126.58198607351099, 33.330603867806893 ], [ 126.58254947953705, 33.329918556880259 ], [ 126.582872446046736, 33.32953654886515 ], [ 126.583202771495067, 33.329188004985831 ], [ 126.584157234643584, 33.328273118613922 ], [ 126.585404122856445, 33.327767850391147 ], [ 126.58803192478787, 33.327609807565587 ], [ 126.590187305399525, 33.326964763882614 ], [ 126.590542665485458, 33.326766681640251 ], [ 126.590872916743109, 33.326515684175824 ], [ 126.593182278287671, 33.324208119556239 ], [ 126.593609721157151, 33.323724282297732 ], [ 126.59370663083871, 33.323577172181267 ], [ 126.594433474436784, 33.32187207760137 ], [ 126.594541077885651, 33.321596458759046 ], [ 126.594918355603212, 33.318842169945519 ], [ 126.597996736591043, 33.316582731685415 ], [ 126.598115644445613, 33.316600062710535 ], [ 126.598295330448195, 33.316594699823845 ], [ 126.598442362339924, 33.316545320997321 ], [ 126.598635250253608, 33.316424399426438 ], [ 126.599712872928947, 33.314930565363525 ], [ 126.599962134105795, 33.31356661145059 ], [ 126.599950010891206, 33.313448000463062 ], [ 126.599892545204852, 33.313286408767411 ], [ 126.599688508817181, 33.313078571926539 ], [ 126.599340618792638, 33.312765569335092 ], [ 126.599305395037646, 33.312725414515228 ], [ 126.599260076157833, 33.312673720935635 ], [ 126.599250546176805, 33.312526169832523 ], [ 126.599320025140344, 33.311193432016147 ], [ 126.599367664173613, 33.310732319035871 ], [ 126.599579120666149, 33.309885222077199 ], [ 126.599645961438199, 33.309665362279858 ], [ 126.599829644117207, 33.309345160315196 ], [ 126.600068610331874, 33.309101850927568 ], [ 126.60042891605184, 33.308901789559435 ], [ 126.600647305941607, 33.306535369970597 ], [ 126.601647025119519, 33.299700504291117 ], [ 126.601798889269602, 33.299504284269069 ], [ 126.602921162848176, 33.298497875649652 ], [ 126.603578527102727, 33.29808037940856 ], [ 126.604018336613038, 33.297810743678966 ], [ 126.604139695959702, 33.297718287488131 ], [ 126.604586224931481, 33.297378063683041 ], [ 126.604794888123948, 33.297129981931626 ], [ 126.605013762238571, 33.296688791738987 ], [ 126.605095813114232, 33.296280612229779 ], [ 126.605089234311265, 33.293555168419758 ], [ 126.605043364828887, 33.293276532048502 ], [ 126.604907572357121, 33.293056991476313 ], [ 126.604542032652319, 33.292554613184848 ], [ 126.604128641331883, 33.292211660541433 ], [ 126.603272696732432, 33.291685357503702 ], [ 126.603098984918347, 33.291521429869732 ], [ 126.60292096929237, 33.291264625868195 ], [ 126.602837548216897, 33.290933904107881 ], [ 126.60303039938664, 33.290006213086585 ], [ 126.603654005718568, 33.287691219767645 ], [ 126.603772660680207, 33.287520739745872 ], [ 126.603919453478966, 33.287369027345818 ], [ 126.604056469217554, 33.287313740519473 ], [ 126.608012060862805, 33.286416571979906 ], [ 126.61258285466333, 33.286135036825641 ], [ 126.61377232847353, 33.285792345596292 ], [ 126.614036896916843, 33.285681740140852 ], [ 126.614268705868838, 33.285504209345355 ], [ 126.614335186777083, 33.28540046328748 ], [ 126.614303146323437, 33.284097060330019 ], [ 126.614115805913755, 33.282763423575624 ], [ 126.614055464630582, 33.282547930782499 ], [ 126.614108002358549, 33.28239211933824 ], [ 126.615275872139321, 33.280359971446025 ], [ 126.615485124265817, 33.280204175166908 ], [ 126.616894212751006, 33.279286484396202 ] ] ] ] } },
{ "type": "Feature", "properties": { "OBJECTID": 3431, "adm_nm": "제주특별자치도 서귀포시 동홍동", "adm_cd": "3902057", "adm_cd2": "5013057000", "sgg": "50130", "sido": "50", "sidonm": "제주특별자치도", "sggnm": "서귀포시" }, "geometry": { "type": "MultiPolygon", "coordinates": [ [ [ [ 126.577999863724727, 33.247829561572253 ], [ 126.576583272773846, 33.247385980247429 ], [ 126.57626825227284, 33.247274699056788 ], [ 126.575866745930256, 33.247132863810513 ], [ 126.575528270209205, 33.246897555439816 ], [ 126.575526598551974, 33.246851606454079 ], [ 126.575512263880398, 33.246456863978771 ], [ 126.575432596854995, 33.246156629690383 ], [ 126.57539336943104, 33.246096428406929 ], [ 126.575141289409117, 33.245709673638665 ], [ 126.575056328450643, 33.245613620369348 ], [ 126.57494707905002, 33.245490113070481 ], [ 126.574634406246773, 33.245289412816128 ], [ 126.573851651314826, 33.244935272847997 ], [ 126.573570079499291, 33.244870285996647 ], [ 126.57329584925175, 33.244843731396152 ], [ 126.57305951015158, 33.244855721338126 ], [ 126.571430903030944, 33.245135243707175 ], [ 126.571867772063513, 33.246115437068795 ], [ 126.571934770987653, 33.246415184833168 ], [ 126.57195893605423, 33.246696385322949 ], [ 126.571957355718297, 33.24701916860144 ], [ 126.571898251803887, 33.248003102490344 ], [ 126.571856029790098, 33.248101135577308 ], [ 126.571790825161798, 33.248179889211073 ], [ 126.570821655031168, 33.248725271822721 ], [ 126.570773620211867, 33.248739082612609 ], [ 126.570196728303515, 33.248778570504825 ], [ 126.567279713243124, 33.250814501293462 ], [ 126.567231453397369, 33.250844684871652 ], [ 126.566333720635896, 33.251580514351062 ], [ 126.566263040201292, 33.251684491171204 ], [ 126.566214800746451, 33.251771618407673 ], [ 126.565621910983737, 33.253556769574118 ], [ 126.565609370270181, 33.253615668471092 ], [ 126.565603278259999, 33.253653676085662 ], [ 126.565617089541888, 33.253920171634263 ], [ 126.565633795451816, 33.254076298919912 ], [ 126.565651390189018, 33.254166072605003 ], [ 126.565557869277072, 33.2541522212003 ], [ 126.565354395748315, 33.254110661544516 ], [ 126.564146776855281, 33.253863416535395 ], [ 126.563898386234968, 33.253812257011944 ], [ 126.563848954537988, 33.253802073443936 ], [ 126.563088596139949, 33.253640696952367 ], [ 126.56097044729745, 33.253171810838211 ], [ 126.560770351328102, 33.254429640693118 ], [ 126.560227785089126, 33.257708630302162 ], [ 126.559635592719744, 33.259149222078506 ], [ 126.559598813142216, 33.259230078056675 ], [ 126.559547101807368, 33.259386110578973 ], [ 126.559534292088131, 33.259424763327864 ], [ 126.559202220603893, 33.260621837403839 ], [ 126.55914892614399, 33.260821944203641 ], [ 126.559033326898387, 33.261255992959526 ], [ 126.558984216359264, 33.261545423576983 ], [ 126.558752955266456, 33.264054992888212 ], [ 126.558787439580186, 33.264152758420465 ], [ 126.558871439011995, 33.264203174745283 ], [ 126.559107669825394, 33.264244342744803 ], [ 126.560124899537342, 33.26440510486313 ], [ 126.560190333099058, 33.265048685845073 ], [ 126.560168156070631, 33.26520363297621 ], [ 126.55994378840424, 33.266626220343916 ], [ 126.559532559528463, 33.268964803966213 ], [ 126.558040226131766, 33.2745031840848 ], [ 126.557552997666392, 33.27593335826861 ], [ 126.556148708205512, 33.278559024464698 ], [ 126.554771897791909, 33.279979903758999 ], [ 126.554648787388828, 33.280095180820396 ], [ 126.553725075496715, 33.281026262780202 ], [ 126.553591011999075, 33.281164647142624 ], [ 126.553478075651256, 33.281284257647684 ], [ 126.552682221792935, 33.282168631663062 ], [ 126.552584518545302, 33.282305456527681 ], [ 126.552203985666509, 33.282839850917092 ], [ 126.552136871246617, 33.282947547555082 ], [ 126.551719552678335, 33.284597307066861 ], [ 126.549393483183891, 33.290526054086349 ], [ 126.549392335836856, 33.290748713213574 ], [ 126.550050187465132, 33.291725360903314 ], [ 126.549939564897485, 33.29389612090376 ], [ 126.547645824256918, 33.298397110473516 ], [ 126.546712184771877, 33.299465351002162 ], [ 126.547216153326758, 33.301360008919225 ], [ 126.547011834447176, 33.302403087306033 ], [ 126.546152546608724, 33.305099979448023 ], [ 126.544563610633716, 33.307849855504102 ], [ 126.542390502731166, 33.311349091899636 ], [ 126.540203480842322, 33.314305457384691 ], [ 126.539221321923804, 33.31509513337592 ], [ 126.538490125899514, 33.315440320859686 ], [ 126.535283549317782, 33.316806190236157 ], [ 126.53463815792, 33.316595009422407 ], [ 126.534325968144202, 33.31607889272005 ], [ 126.533398859455971, 33.315852714166553 ], [ 126.529571374115292, 33.318607846478038 ], [ 126.529576622727362, 33.320709430529732 ], [ 126.529831433167772, 33.322644945452986 ], [ 126.529544307054181, 33.323632011871304 ], [ 126.528777743789604, 33.324366731021797 ], [ 126.528642034031932, 33.32493683263155 ], [ 126.528297088876712, 33.327412872401631 ], [ 126.528279279639719, 33.333773148871124 ], [ 126.528340788845924, 33.334664116646209 ], [ 126.529050628356416, 33.338313225924395 ], [ 126.531518685105866, 33.34187157168369 ], [ 126.533088415428338, 33.342907391877901 ], [ 126.533866556312262, 33.343133040911233 ], [ 126.534339242840417, 33.344665733071658 ], [ 126.534604061202245, 33.347867773554469 ], [ 126.534794819114239, 33.349465296593486 ], [ 126.536158763660893, 33.34673346515094 ], [ 126.537246152181524, 33.345246401759795 ], [ 126.537595005196408, 33.343077043759088 ], [ 126.537717455867011, 33.341189940893017 ], [ 126.53878646075438, 33.338910028586234 ], [ 126.540140561418923, 33.337990167699402 ], [ 126.540957553154342, 33.33657752089789 ], [ 126.54280992243396, 33.330676376323034 ], [ 126.543835366855447, 33.32807534404499 ], [ 126.544704536776052, 33.325247213379924 ], [ 126.545034365367187, 33.322360495819986 ], [ 126.545497775809778, 33.319719633402464 ], [ 126.545750696887936, 33.318644666409689 ], [ 126.54796770241353, 33.315991326264331 ], [ 126.548691882740712, 33.315069088894035 ], [ 126.549106800085013, 33.313088654556104 ], [ 126.551610095302465, 33.311549959879315 ], [ 126.553776010476099, 33.310028849885725 ], [ 126.555047110305964, 33.307636232127962 ], [ 126.555186012778975, 33.306843968992418 ], [ 126.55515621228345, 33.304351559007237 ], [ 126.555200947304542, 33.303155897959911 ], [ 126.555478578957533, 33.300169193750463 ], [ 126.555494763906879, 33.300020347887141 ], [ 126.555549075168031, 33.299955806193552 ], [ 126.556221317680738, 33.299705752401685 ], [ 126.556800811920837, 33.299494201255023 ], [ 126.558271756409312, 33.298592600026204 ], [ 126.558885203889389, 33.298040646680946 ], [ 126.559219540191819, 33.297196778619238 ], [ 126.560158307857705, 33.29115365065374 ], [ 126.560277939840162, 33.290336710280805 ], [ 126.560185126994824, 33.289103428187587 ], [ 126.560289160781252, 33.288106360699523 ], [ 126.56119559930633, 33.285058891089705 ], [ 126.561686463786813, 33.284017537538098 ], [ 126.56232373168227, 33.2830307952851 ], [ 126.563218396095891, 33.281948502508861 ], [ 126.564368881195989, 33.280362225616493 ], [ 126.564642540457058, 33.279865476716509 ], [ 126.564782598030206, 33.279601230349712 ], [ 126.565046253081917, 33.279020881081891 ], [ 126.565155456710087, 33.278680638424696 ], [ 126.565135963706865, 33.278446438692008 ], [ 126.565086170855892, 33.278313902474004 ], [ 126.565099003049696, 33.278271579407765 ], [ 126.567504827615437, 33.274603941568337 ], [ 126.570269032309383, 33.275426744814368 ], [ 126.574041502307324, 33.27679179678718 ], [ 126.574778160455651, 33.27703339089188 ], [ 126.574951527293322, 33.276934689103335 ], [ 126.575436431516977, 33.274932819146258 ], [ 126.575500599878168, 33.274482035018629 ], [ 126.575213623988816, 33.273701984923562 ], [ 126.575093207911436, 33.273374691043628 ], [ 126.57503303901845, 33.273001520213889 ], [ 126.575100792985239, 33.271813543104308 ], [ 126.575249737568939, 33.270920692895956 ], [ 126.575803676745025, 33.269586917657385 ], [ 126.57683521649119, 33.268543149463788 ], [ 126.577912260064238, 33.267951509334374 ], [ 126.57828499112631, 33.267776176473333 ], [ 126.578965757288103, 33.267438220928874 ], [ 126.579372670739716, 33.267129380246963 ], [ 126.579702723996391, 33.266688466413974 ], [ 126.580268234268217, 33.265826828110512 ], [ 126.580861219382072, 33.26471533813455 ], [ 126.580719101085307, 33.264656203458557 ], [ 126.580368250429871, 33.264560621108629 ], [ 126.579915903403517, 33.264387981509941 ], [ 126.579092149027602, 33.264013510858476 ], [ 126.579001040974234, 33.263965983164297 ], [ 126.578348030439031, 33.263431160410818 ], [ 126.578129534636602, 33.263054010719365 ], [ 126.577078368647548, 33.258822884271915 ], [ 126.577059706403645, 33.258700409314756 ], [ 126.576675561243064, 33.252610569477405 ], [ 126.576668700006365, 33.252275953069763 ], [ 126.576704227084591, 33.25194148811871 ], [ 126.57686654775776, 33.251678646985809 ], [ 126.577795361613767, 33.25066383059675 ], [ 126.577836759362228, 33.250445092514276 ], [ 126.577908440192545, 33.250066222250204 ], [ 126.577944916366832, 33.249526763039967 ], [ 126.577999863724727, 33.247829561572253 ] ] ] ] } },
{ "type": "Feature", "properties": { "OBJECTID": 3432, "adm_nm": "제주특별자치도 서귀포시 서홍동", "adm_cd": "3902058", "adm_cd2": "5013058000", "sgg": "50130", "sido": "50", "sidonm": "제주특별자치도", "sggnm": "서귀포시" }, "geometry": { "type": "MultiPolygon", "coordinates": [ [ [ [ 126.529447995157597, 33.36153222718238 ], [ 126.529422406071234, 33.361449710340523 ], [ 126.529901868729993, 33.360130236754628 ], [ 126.530534729513946, 33.359566380814762 ], [ 126.531795710314285, 33.359306923185748 ], [ 126.532201106467639, 33.359214080277525 ], [ 126.531921956624643, 33.356740347050966 ], [ 126.532650298045695, 33.355138708170323 ], [ 126.533451758284542, 33.352480280199579 ], [ 126.533729292920725, 33.351046825725973 ], [ 126.534253543108434, 33.349746400123848 ], [ 126.534794819114239, 33.349465296593486 ], [ 126.534604061202245, 33.347867773554469 ], [ 126.534339242840417, 33.344665733071658 ], [ 126.533866556312262, 33.343133040911233 ], [ 126.533088415428338, 33.342907391877901 ], [ 126.531518685105866, 33.34187157168369 ], [ 126.529050628356416, 33.338313225924395 ], [ 126.528340788845924, 33.334664116646209 ], [ 126.528279279639719, 33.333773148871124 ], [ 126.528297088876712, 33.327412872401631 ], [ 126.528642034031932, 33.32493683263155 ], [ 126.528777743789604, 33.324366731021797 ], [ 126.529544307054181, 33.323632011871304 ], [ 126.529831433167772, 33.322644945452986 ], [ 126.529576622727362, 33.320709430529732 ], [ 126.529571374115292, 33.318607846478038 ], [ 126.533398859455971, 33.315852714166553 ], [ 126.534325968144202, 33.31607889272005 ], [ 126.53463815792, 33.316595009422407 ], [ 126.535283549317782, 33.316806190236157 ], [ 126.538490125899514, 33.315440320859686 ], [ 126.539221321923804, 33.31509513337592 ], [ 126.540203480842322, 33.314305457384691 ], [ 126.542390502731166, 33.311349091899636 ], [ 126.544563610633716, 33.307849855504102 ], [ 126.546152546608724, 33.305099979448023 ], [ 126.547011834447176, 33.302403087306033 ], [ 126.547216153326758, 33.301360008919225 ], [ 126.546712184771877, 33.299465351002162 ], [ 126.547645824256918, 33.298397110473516 ], [ 126.549939564897485, 33.29389612090376 ], [ 126.550050187465132, 33.291725360903314 ], [ 126.549392335836856, 33.290748713213574 ], [ 126.549393483183891, 33.290526054086349 ], [ 126.551719552678335, 33.284597307066861 ], [ 126.552136871246617, 33.282947547555082 ], [ 126.552203985666509, 33.282839850917092 ], [ 126.552584518545302, 33.282305456527681 ], [ 126.552682221792935, 33.282168631663062 ], [ 126.553478075651256, 33.281284257647684 ], [ 126.553591011999075, 33.281164647142624 ], [ 126.553725075496715, 33.281026262780202 ], [ 126.554648787388828, 33.280095180820396 ], [ 126.554771897791909, 33.279979903758999 ], [ 126.556148708205512, 33.278559024464698 ], [ 126.557552997666392, 33.27593335826861 ], [ 126.558040226131766, 33.2745031840848 ], [ 126.559532559528463, 33.268964803966213 ], [ 126.55994378840424, 33.266626220343916 ], [ 126.560168156070631, 33.26520363297621 ], [ 126.560190333099058, 33.265048685845073 ], [ 126.560124899537342, 33.26440510486313 ], [ 126.559107669825394, 33.264244342744803 ], [ 126.558871439011995, 33.264203174745283 ], [ 126.558787439580186, 33.264152758420465 ], [ 126.558752955266456, 33.264054992888212 ], [ 126.558984216359264, 33.261545423576983 ], [ 126.559033326898387, 33.261255992959526 ], [ 126.55914892614399, 33.260821944203641 ], [ 126.559202220603893, 33.260621837403839 ], [ 126.559534292088131, 33.259424763327864 ], [ 126.559547101807368, 33.259386110578973 ], [ 126.559598813142216, 33.259230078056675 ], [ 126.559635592719744, 33.259149222078506 ], [ 126.560227785089126, 33.257708630302162 ], [ 126.560770351328102, 33.254429640693118 ], [ 126.56097044729745, 33.253171810838211 ], [ 126.555270738757272, 33.252307081276435 ], [ 126.552551940159802, 33.251887304498403 ], [ 126.552430217046052, 33.251827104376325 ], [ 126.552268774499666, 33.251713774119189 ], [ 126.551528682512071, 33.251183013439473 ], [ 126.551428260830406, 33.250985920539733 ], [ 126.550966234992018, 33.250145301185228 ], [ 126.550699296960005, 33.249845490681651 ], [ 126.550297701869567, 33.249448757615596 ], [ 126.549444260860241, 33.248692747639851 ], [ 126.549021520915588, 33.248745295984406 ], [ 126.548627241540331, 33.24882976963336 ], [ 126.548416396344962, 33.248890873668394 ], [ 126.546942052545475, 33.249440182406232 ], [ 126.541846421900871, 33.254191275140428 ], [ 126.540755396841902, 33.255213686193393 ], [ 126.541914529094669, 33.256678465575582 ], [ 126.542527917481394, 33.259756563439296 ], [ 126.542350482765116, 33.262010608040548 ], [ 126.541467373166611, 33.266140918875323 ], [ 126.540895483876781, 33.267781090456168 ], [ 126.539761654129379, 33.269154734241916 ], [ 126.538146808088783, 33.270624046374849 ], [ 126.536127467505068, 33.272463565698096 ], [ 126.535684193828288, 33.274575452366328 ], [ 126.535803647208482, 33.275348202707484 ], [ 126.535927158667235, 33.276147186784229 ], [ 126.535725157803896, 33.277155722483613 ], [ 126.534285456476837, 33.282837939393225 ], [ 126.531534854853504, 33.28666322308478 ], [ 126.529614050547536, 33.288448713203131 ], [ 126.525143136151883, 33.289036187943559 ], [ 126.52324766922429, 33.290696571684613 ], [ 126.523172073129089, 33.290904770153759 ], [ 126.523708029423815, 33.292762119130956 ], [ 126.523945338757542, 33.29476422710394 ], [ 126.523810442797455, 33.296744074096225 ], [ 126.523272340564716, 33.299827179244708 ], [ 126.519891100170312, 33.306790544163356 ], [ 126.518479183610836, 33.307716179186215 ], [ 126.517419336532143, 33.307823234370929 ], [ 126.517020288665506, 33.308155204638169 ], [ 126.516851864466048, 33.308682644274604 ], [ 126.517136956540341, 33.311004590673576 ], [ 126.517349889914485, 33.311408430004576 ], [ 126.519115122852796, 33.312457575756056 ], [ 126.519855203669081, 33.313322078425429 ], [ 126.522222832634512, 33.316221855414099 ], [ 126.522530540010266, 33.31745989682215 ], [ 126.522528640660113, 33.317807327827239 ], [ 126.522178403464224, 33.318292391709811 ], [ 126.521721191945161, 33.3201667453854 ], [ 126.521719366056317, 33.320500264369585 ], [ 126.52207585814358, 33.321905256756608 ], [ 126.523820760690981, 33.326734301482688 ], [ 126.523682508386301, 33.330833441386957 ], [ 126.523480808367708, 33.331388544204813 ], [ 126.523324975574212, 33.332638701953975 ], [ 126.522869090782962, 33.337292472886411 ], [ 126.523242910891582, 33.338572468930998 ], [ 126.52330382129955, 33.339545493291425 ], [ 126.523047491716383, 33.341003710813396 ], [ 126.522471777008633, 33.343336216994096 ], [ 126.52206352597706, 33.34532192551508 ], [ 126.522042150974642, 33.346197359530557 ], [ 126.523461037862788, 33.347133954717478 ], [ 126.523090766489858, 33.348230391134543 ], [ 126.522773431075095, 33.348729465601018 ], [ 126.522007802990814, 33.349449160715288 ], [ 126.521605976774751, 33.350253660549257 ], [ 126.521051611420361, 33.351696806643339 ], [ 126.521058614929487, 33.351738600673315 ], [ 126.521470020473799, 33.353533332923554 ], [ 126.522197288955809, 33.359280172911483 ], [ 126.522305056679386, 33.360583434917118 ], [ 126.522303064818374, 33.36116682927382 ], [ 126.524145838866275, 33.362419984132579 ], [ 126.524777562223349, 33.362707957636708 ], [ 126.525058427002364, 33.362824333926532 ], [ 126.525411501315276, 33.362940828212928 ], [ 126.525788307211613, 33.363020171305799 ], [ 126.526287775194248, 33.363088892764715 ], [ 126.52695249631833, 33.363135969601686 ], [ 126.527212057518355, 33.36310361483168 ], [ 126.527453012929058, 33.363011654706185 ], [ 126.527708483742074, 33.362860442529978 ], [ 126.529019574972622, 33.361956168328028 ], [ 126.529232742455278, 33.361797385849343 ], [ 126.529447995157597, 33.36153222718238 ] ] ] ] } },
{ "type": "Feature", "properties": { "OBJECTID": 3433, "adm_nm": "제주특별자치도 서귀포시 대륜동", "adm_cd": "3902059", "adm_cd2": "5013059000", "sgg": "50130", "sido": "50", "sidonm": "제주특별자치도", "sggnm": "서귀포시" }, "geometry": { "type": "MultiPolygon", "coordinates": [ [ [ [ 126.517691398952465, 33.215812133230266 ], [ 126.516813920079883, 33.215612310732077 ], [ 126.515757235083967, 33.215710323557573 ], [ 126.512954311788903, 33.217128407536698 ], [ 126.512923847788983, 33.217170644204167 ], [ 126.512903211182419, 33.217255274829945 ], [ 126.512902692713396, 33.217348460436661 ], [ 126.512900904324937, 33.217670358454441 ], [ 126.513000989006329, 33.217797819040662 ], [ 126.515559263778329, 33.220485815578144 ], [ 126.516374781964259, 33.220586902328591 ], [ 126.517428079259886, 33.219856706762634 ], [ 126.518769247285206, 33.218668152632866 ], [ 126.519070200698835, 33.21833149433985 ], [ 126.5191760270977, 33.217781969588685 ], [ 126.519217414501966, 33.217051493802529 ], [ 126.519097242639234, 33.216807479096182 ], [ 126.518539786816348, 33.216200388859754 ], [ 126.518409628010232, 33.216074183595374 ], [ 126.518018037461786, 33.215899827138756 ], [ 126.517691398952465, 33.215812133230266 ] ] ], [ [ [ 126.549444260860241, 33.248692747639851 ], [ 126.547368363585434, 33.248125984310782 ], [ 126.545456702930338, 33.248064925003298 ], [ 126.545215697731109, 33.247676730287758 ], [ 126.544138982623508, 33.244916252937323 ], [ 126.544506478105632, 33.244585735312683 ], [ 126.545023871700423, 33.243981233497486 ], [ 126.545572024738675, 33.243327316592136 ], [ 126.545835096099864, 33.242774868099517 ], [ 126.545612507252542, 33.241399558869581 ], [ 126.545423363442453, 33.240991060665579 ], [ 126.544911387943031, 33.240364156990751 ], [ 126.544797466558705, 33.240295770077289 ], [ 126.544268795728499, 33.239823183211435 ], [ 126.543767808081626, 33.238252280018806 ], [ 126.543653489880242, 33.237893787640303 ], [ 126.543618305572011, 33.237892118177996 ], [ 126.542846133654976, 33.238181217054205 ], [ 126.541616128784824, 33.239253650157636 ], [ 126.541146370257934, 33.239888301518661 ], [ 126.540033961409137, 33.240765340170228 ], [ 126.538925924070924, 33.240810185793741 ], [ 126.537122342884928, 33.24006915465484 ], [ 126.535844587677261, 33.239134272176287 ], [ 126.533926298779363, 33.238050112610637 ], [ 126.530367988557614, 33.238379360240508 ], [ 126.526573529269143, 33.239246089310775 ], [ 126.526454954814369, 33.239293325412909 ], [ 126.525112750156694, 33.239827951170767 ], [ 126.520851744526681, 33.240692722472751 ], [ 126.520562897944146, 33.240202081952972 ], [ 126.52068219068417, 33.239712999070171 ], [ 126.520569595595788, 33.238978273227701 ], [ 126.519936043780532, 33.237556174547208 ], [ 126.519589183779743, 33.23701634759157 ], [ 126.519008580901428, 33.236573513900495 ], [ 126.510952738875844, 33.23119520779435 ], [ 126.509192062971906, 33.230024245763872 ], [ 126.507445344067406, 33.22962571303357 ], [ 126.506163371116571, 33.229522695693326 ], [ 126.505298097386728, 33.228583269937502 ], [ 126.505721517752463, 33.231348630938427 ], [ 126.505872879619858, 33.231908380203627 ], [ 126.507027301066543, 33.235810521030899 ], [ 126.507300648817363, 33.236464676831112 ], [ 126.50838574698858, 33.23759851924985 ], [ 126.508521265400447, 33.237717863149427 ], [ 126.508773826602862, 33.237874543280888 ], [ 126.508860156594324, 33.238000797885796 ], [ 126.509265637642173, 33.239488225085751 ], [ 126.509280981608754, 33.239554288789819 ], [ 126.504360587218187, 33.242894233102469 ], [ 126.50408367635282, 33.243001481788284 ], [ 126.503505744293548, 33.24318120342862 ], [ 126.503159814935813, 33.243155388269614 ], [ 126.503031003368577, 33.243027614071181 ], [ 126.502651429649802, 33.243065815020664 ], [ 126.50249390196511, 33.243131198380993 ], [ 126.502359839858187, 33.24322986042489 ], [ 126.502065902128905, 33.243492272527838 ], [ 126.501951481145042, 33.243606572740326 ], [ 126.501922585761065, 33.243735963330955 ], [ 126.501779746769515, 33.245275481877535 ], [ 126.503749120007626, 33.2456218426316 ], [ 126.50545038142269, 33.245862786188042 ], [ 126.506788608022589, 33.246884605643707 ], [ 126.508884274876451, 33.250946865117555 ], [ 126.508966743811598, 33.251153992517096 ], [ 126.509047354208207, 33.251407498505053 ], [ 126.509058052599769, 33.251441149721323 ], [ 126.509539587065106, 33.255052538392768 ], [ 126.508776200150365, 33.2552487602741 ], [ 126.508161251927561, 33.255406815910831 ], [ 126.507296896945036, 33.255628978561838 ], [ 126.507342504446783, 33.255781342264868 ], [ 126.507466060835355, 33.256117418762443 ], [ 126.507590478959884, 33.256301308491388 ], [ 126.507673707562631, 33.256371879872923 ], [ 126.507766230779936, 33.256443036771699 ], [ 126.508907756794784, 33.256747605599571 ], [ 126.510215781703991, 33.257096579964319 ], [ 126.510299109709607, 33.257151545824946 ], [ 126.51031158435049, 33.259503918406338 ], [ 126.510314928342879, 33.260136347242508 ], [ 126.510300710696626, 33.260187012735258 ], [ 126.508978312187466, 33.26162558282266 ], [ 126.508296080362314, 33.263076716646978 ], [ 126.507450840335281, 33.266875074332631 ], [ 126.507449386080722, 33.267133266063091 ], [ 126.507452453085733, 33.267288857979651 ], [ 126.50745960534546, 33.267417976155663 ], [ 126.507956264562182, 33.269530500986797 ], [ 126.508021852904676, 33.269785302337617 ], [ 126.508285592330068, 33.2705576111236 ], [ 126.508410029233389, 33.270862654580313 ], [ 126.509504615418436, 33.273219839580605 ], [ 126.510078487428146, 33.274230058573515 ], [ 126.509476730693791, 33.276644338020347 ], [ 126.50950878439339, 33.277078922577374 ], [ 126.509606198601404, 33.277286191520119 ], [ 126.509752682798933, 33.277529653045967 ], [ 126.510447125526625, 33.278488207448959 ], [ 126.510590603670565, 33.278564479655287 ], [ 126.510915216799177, 33.278681622491192 ], [ 126.511264775208218, 33.278745062763711 ], [ 126.511501199433596, 33.278770812148849 ], [ 126.511703209178521, 33.278779899155495 ], [ 126.511851115826161, 33.278768054573703 ], [ 126.512093064140927, 33.278686264716129 ], [ 126.512285714490886, 33.278608397567837 ], [ 126.512562336924901, 33.278493642067552 ], [ 126.512720230894814, 33.278461154525488 ], [ 126.512823734979889, 33.278457427158941 ], [ 126.512902518589783, 33.278470146068848 ], [ 126.513050226497953, 33.278495557771159 ], [ 126.513344913426252, 33.278678765782999 ], [ 126.5134969229603, 33.278815911428666 ], [ 126.513692611482824, 33.279077350395902 ], [ 126.5137561769249, 33.279168626375423 ], [ 126.51412277167114, 33.2797133375134 ], [ 126.514141652428336, 33.279862365698513 ], [ 126.51412611208923, 33.279998858050078 ], [ 126.514025016367114, 33.280453617088348 ], [ 126.513714625770362, 33.281321317236262 ], [ 126.513081312625161, 33.282649919962203 ], [ 126.513026890525794, 33.282686950945902 ], [ 126.512433369625256, 33.283062378609884 ], [ 126.512329875519015, 33.283061971163278 ], [ 126.512059132725156, 33.283002971830506 ], [ 126.511955767921734, 33.282977754452205 ], [ 126.511778624701734, 33.282927386911041 ], [ 126.51164573778648, 33.282893764754505 ], [ 126.511118410202286, 33.282887548343716 ], [ 126.511039532933694, 33.282891376375943 ], [ 126.507420996517695, 33.283501856534954 ], [ 126.507386429507264, 33.283514124702513 ], [ 126.507272741456703, 33.283571606684475 ], [ 126.507123902155442, 33.287244453927428 ], [ 126.506229174397433, 33.290237011090817 ], [ 126.505885499910249, 33.293486202188475 ], [ 126.50587380684793, 33.293810560227229 ], [ 126.505878156881707, 33.293914022383127 ], [ 126.50658867318171, 33.294661624362313 ], [ 126.507124515637145, 33.294916155507664 ], [ 126.507311372854744, 33.294997166973246 ], [ 126.509247961546791, 33.295108288437682 ], [ 126.509317152958133, 33.295075455596873 ], [ 126.509939224033161, 33.294899997828402 ], [ 126.509998370103474, 33.294900230909178 ], [ 126.510970678399431, 33.295028208848002 ], [ 126.511859019420712, 33.296602843075576 ], [ 126.511927309898141, 33.296731388652141 ], [ 126.511940988347092, 33.296930043500431 ], [ 126.511833336752233, 33.297670274548068 ], [ 126.511743848989212, 33.297806455900421 ], [ 126.511440699557284, 33.298243872530279 ], [ 126.511231428411861, 33.298644395582649 ], [ 126.511176543118964, 33.298762915815935 ], [ 126.510858905528039, 33.30002779838 ], [ 126.510782691000372, 33.300432981914192 ], [ 126.510840781189117, 33.300623560754424 ], [ 126.510913618455334, 33.300821203692649 ], [ 126.511158149811166, 33.30116971503427 ], [ 126.512027604856613, 33.303488998405847 ], [ 126.512984117364667, 33.30700028873153 ], [ 126.513093359573347, 33.307410216811796 ], [ 126.513608131192569, 33.309674846578851 ], [ 126.513680012216781, 33.310046258637421 ], [ 126.513654604886739, 33.310182720596416 ], [ 126.513490023067519, 33.310521342217861 ], [ 126.513237603746731, 33.311583754054432 ], [ 126.512535601347409, 33.315100397317231 ], [ 126.512249396337239, 33.319222223874519 ], [ 126.511703302136112, 33.327428771468156 ], [ 126.512358047644994, 33.329623443058416 ], [ 126.513685225812466, 33.330855198485004 ], [ 126.515679280388014, 33.33212230448197 ], [ 126.51611802021236, 33.333196754533908 ], [ 126.516445851615174, 33.334224108601148 ], [ 126.516956205903526, 33.338980043114191 ], [ 126.517002703075889, 33.340631281519762 ], [ 126.516911972940733, 33.341478772199089 ], [ 126.515640869766671, 33.345732196357538 ], [ 126.515075409238236, 33.346848728779221 ], [ 126.514677598385319, 33.348759843334108 ], [ 126.515479035466427, 33.351631754325183 ], [ 126.516332258677181, 33.352934274246586 ], [ 126.517098053302888, 33.354489050694426 ], [ 126.51679349401644, 33.3551013701003 ], [ 126.516136153888581, 33.357264072970615 ], [ 126.516087520563261, 33.358274350305784 ], [ 126.516641428562252, 33.359250908668805 ], [ 126.517111701016745, 33.359794069555079 ], [ 126.517974482859387, 33.360293004184484 ], [ 126.522303064818374, 33.36116682927382 ], [ 126.522305056679386, 33.360583434917118 ], [ 126.522197288955809, 33.359280172911483 ], [ 126.521470020473799, 33.353533332923554 ], [ 126.521058614929487, 33.351738600673315 ], [ 126.521051611420361, 33.351696806643339 ], [ 126.521605976774751, 33.350253660549257 ], [ 126.522007802990814, 33.349449160715288 ], [ 126.522773431075095, 33.348729465601018 ], [ 126.523090766489858, 33.348230391134543 ], [ 126.523461037862788, 33.347133954717478 ], [ 126.522042150974642, 33.346197359530557 ], [ 126.52206352597706, 33.34532192551508 ], [ 126.522471777008633, 33.343336216994096 ], [ 126.523047491716383, 33.341003710813396 ], [ 126.52330382129955, 33.339545493291425 ], [ 126.523242910891582, 33.338572468930998 ], [ 126.522869090782962, 33.337292472886411 ], [ 126.523324975574212, 33.332638701953975 ], [ 126.523480808367708, 33.331388544204813 ], [ 126.523682508386301, 33.330833441386957 ], [ 126.523820760690981, 33.326734301482688 ], [ 126.52207585814358, 33.321905256756608 ], [ 126.521719366056317, 33.320500264369585 ], [ 126.521721191945161, 33.3201667453854 ], [ 126.522178403464224, 33.318292391709811 ], [ 126.522528640660113, 33.317807327827239 ], [ 126.522530540010266, 33.31745989682215 ], [ 126.522222832634512, 33.316221855414099 ], [ 126.519855203669081, 33.313322078425429 ], [ 126.519115122852796, 33.312457575756056 ], [ 126.517349889914485, 33.311408430004576 ], [ 126.517136956540341, 33.311004590673576 ], [ 126.516851864466048, 33.308682644274604 ], [ 126.517020288665506, 33.308155204638169 ], [ 126.517419336532143, 33.307823234370929 ], [ 126.518479183610836, 33.307716179186215 ], [ 126.519891100170312, 33.306790544163356 ], [ 126.523272340564716, 33.299827179244708 ], [ 126.523810442797455, 33.296744074096225 ], [ 126.523945338757542, 33.29476422710394 ], [ 126.523708029423815, 33.292762119130956 ], [ 126.523172073129089, 33.290904770153759 ], [ 126.52324766922429, 33.290696571684613 ], [ 126.525143136151883, 33.289036187943559 ], [ 126.529614050547536, 33.288448713203131 ], [ 126.531534854853504, 33.28666322308478 ], [ 126.534285456476837, 33.282837939393225 ], [ 126.535725157803896, 33.277155722483613 ], [ 126.535927158667235, 33.276147186784229 ], [ 126.535803647208482, 33.275348202707484 ], [ 126.535684193828288, 33.274575452366328 ], [ 126.536127467505068, 33.272463565698096 ], [ 126.538146808088783, 33.270624046374849 ], [ 126.539761654129379, 33.269154734241916 ], [ 126.540895483876781, 33.267781090456168 ], [ 126.541467373166611, 33.266140918875323 ], [ 126.542350482765116, 33.262010608040548 ], [ 126.542527917481394, 33.259756563439296 ], [ 126.541914529094669, 33.256678465575582 ], [ 126.540755396841902, 33.255213686193393 ], [ 126.541846421900871, 33.254191275140428 ], [ 126.546942052545475, 33.249440182406232 ], [ 126.548416396344962, 33.248890873668394 ], [ 126.548627241540331, 33.24882976963336 ], [ 126.549021520915588, 33.248745295984406 ], [ 126.549444260860241, 33.248692747639851 ] ] ] ] } },
{ "type": "Feature", "properties": { "OBJECTID": 3434, "adm_nm": "제주특별자치도 서귀포시 대천동", "adm_cd": "3902060", "adm_cd2": "5013060000", "sgg": "50130", "sido": "50", "sidonm": "제주특별자치도", "sggnm": "서귀포시" }, "geometry": { "type": "MultiPolygon", "coordinates": [ [ [ [ 126.517974482859387, 33.360293004184484 ], [ 126.517111701016745, 33.359794069555079 ], [ 126.516641428562252, 33.359250908668805 ], [ 126.516087520563261, 33.358274350305784 ], [ 126.516136153888581, 33.357264072970615 ], [ 126.51679349401644, 33.3551013701003 ], [ 126.517098053302888, 33.354489050694426 ], [ 126.516332258677181, 33.352934274246586 ], [ 126.515479035466427, 33.351631754325183 ], [ 126.514677598385319, 33.348759843334108 ], [ 126.515075409238236, 33.346848728779221 ], [ 126.515640869766671, 33.345732196357538 ], [ 126.516911972940733, 33.341478772199089 ], [ 126.517002703075889, 33.340631281519762 ], [ 126.516956205903526, 33.338980043114191 ], [ 126.516445851615174, 33.334224108601148 ], [ 126.51611802021236, 33.333196754533908 ], [ 126.515679280388014, 33.33212230448197 ], [ 126.513685225812466, 33.330855198485004 ], [ 126.512358047644994, 33.329623443058416 ], [ 126.511703302136112, 33.327428771468156 ], [ 126.512249396337239, 33.319222223874519 ], [ 126.512535601347409, 33.315100397317231 ], [ 126.513237603746731, 33.311583754054432 ], [ 126.513490023067519, 33.310521342217861 ], [ 126.513654604886739, 33.310182720596416 ], [ 126.513680012216781, 33.310046258637421 ], [ 126.513608131192569, 33.309674846578851 ], [ 126.513093359573347, 33.307410216811796 ], [ 126.512984117364667, 33.30700028873153 ], [ 126.512027604856613, 33.303488998405847 ], [ 126.511158149811166, 33.30116971503427 ], [ 126.510913618455334, 33.300821203692649 ], [ 126.510840781189117, 33.300623560754424 ], [ 126.510782691000372, 33.300432981914192 ], [ 126.510858905528039, 33.30002779838 ], [ 126.511176543118964, 33.298762915815935 ], [ 126.511231428411861, 33.298644395582649 ], [ 126.511440699557284, 33.298243872530279 ], [ 126.511743848989212, 33.297806455900421 ], [ 126.511833336752233, 33.297670274548068 ], [ 126.511940988347092, 33.296930043500431 ], [ 126.511927309898141, 33.296731388652141 ], [ 126.511859019420712, 33.296602843075576 ], [ 126.510970678399431, 33.295028208848002 ], [ 126.509998370103474, 33.294900230909178 ], [ 126.509939224033161, 33.294899997828402 ], [ 126.509317152958133, 33.295075455596873 ], [ 126.509247961546791, 33.295108288437682 ], [ 126.507311372854744, 33.294997166973246 ], [ 126.507124515637145, 33.294916155507664 ], [ 126.50658867318171, 33.294661624362313 ], [ 126.505878156881707, 33.293914022383127 ], [ 126.50587380684793, 33.293810560227229 ], [ 126.505885499910249, 33.293486202188475 ], [ 126.506229174397433, 33.290237011090817 ], [ 126.507123902155442, 33.287244453927428 ], [ 126.507272741456703, 33.283571606684475 ], [ 126.507386429507264, 33.283514124702513 ], [ 126.507420996517695, 33.283501856534954 ], [ 126.511039532933694, 33.282891376375943 ], [ 126.511118410202286, 33.282887548343716 ], [ 126.51164573778648, 33.282893764754505 ], [ 126.511778624701734, 33.282927386911041 ], [ 126.511955767921734, 33.282977754452205 ], [ 126.512059132725156, 33.283002971830506 ], [ 126.512329875519015, 33.283061971163278 ], [ 126.512433369625256, 33.283062378609884 ], [ 126.513026890525794, 33.282686950945902 ], [ 126.513081312625161, 33.282649919962203 ], [ 126.513714625770362, 33.281321317236262 ], [ 126.514025016367114, 33.280453617088348 ], [ 126.51412611208923, 33.279998858050078 ], [ 126.514141652428336, 33.279862365698513 ], [ 126.51412277167114, 33.2797133375134 ], [ 126.5137561769249, 33.279168626375423 ], [ 126.513692611482824, 33.279077350395902 ], [ 126.5134969229603, 33.278815911428666 ], [ 126.513344913426252, 33.278678765782999 ], [ 126.513050226497953, 33.278495557771159 ], [ 126.512902518589783, 33.278470146068848 ], [ 126.512823734979889, 33.278457427158941 ], [ 126.512720230894814, 33.278461154525488 ], [ 126.512562336924901, 33.278493642067552 ], [ 126.512285714490886, 33.278608397567837 ], [ 126.512093064140927, 33.278686264716129 ], [ 126.511851115826161, 33.278768054573703 ], [ 126.511703209178521, 33.278779899155495 ], [ 126.511501199433596, 33.278770812148849 ], [ 126.511264775208218, 33.278745062763711 ], [ 126.510915216799177, 33.278681622491192 ], [ 126.510590603670565, 33.278564479655287 ], [ 126.510447125526625, 33.278488207448959 ], [ 126.509752682798933, 33.277529653045967 ], [ 126.509606198601404, 33.277286191520119 ], [ 126.50950878439339, 33.277078922577374 ], [ 126.509476730693791, 33.276644338020347 ], [ 126.510078487428146, 33.274230058573515 ], [ 126.509504615418436, 33.273219839580605 ], [ 126.508410029233389, 33.270862654580313 ], [ 126.508285592330068, 33.2705576111236 ], [ 126.508021852904676, 33.269785302337617 ], [ 126.507956264562182, 33.269530500986797 ], [ 126.50745960534546, 33.267417976155663 ], [ 126.507452453085733, 33.267288857979651 ], [ 126.507449386080722, 33.267133266063091 ], [ 126.507450840335281, 33.266875074332631 ], [ 126.508296080362314, 33.263076716646978 ], [ 126.508978312187466, 33.26162558282266 ], [ 126.510300710696626, 33.260187012735258 ], [ 126.510314928342879, 33.260136347242508 ], [ 126.51031158435049, 33.259503918406338 ], [ 126.510299109709607, 33.257151545824946 ], [ 126.510215781703991, 33.257096579964319 ], [ 126.508907756794784, 33.256747605599571 ], [ 126.507766230779936, 33.256443036771699 ], [ 126.507673707562631, 33.256371879872923 ], [ 126.507590478959884, 33.256301308491388 ], [ 126.507466060835355, 33.256117418762443 ], [ 126.507342504446783, 33.255781342264868 ], [ 126.507296896945036, 33.255628978561838 ], [ 126.508161251927561, 33.255406815910831 ], [ 126.508776200150365, 33.2552487602741 ], [ 126.509539587065106, 33.255052538392768 ], [ 126.509058052599769, 33.251441149721323 ], [ 126.509047354208207, 33.251407498505053 ], [ 126.508966743811598, 33.251153992517096 ], [ 126.508884274876451, 33.250946865117555 ], [ 126.506788608022589, 33.246884605643707 ], [ 126.50545038142269, 33.245862786188042 ], [ 126.503749120007626, 33.2456218426316 ], [ 126.501779746769515, 33.245275481877535 ], [ 126.501922585761065, 33.243735963330955 ], [ 126.501951481145042, 33.243606572740326 ], [ 126.502065902128905, 33.243492272527838 ], [ 126.502359839858187, 33.24322986042489 ], [ 126.50249390196511, 33.243131198380993 ], [ 126.502651429649802, 33.243065815020664 ], [ 126.503031003368577, 33.243027614071181 ], [ 126.503159814935813, 33.243155388269614 ], [ 126.503505744293548, 33.24318120342862 ], [ 126.50408367635282, 33.243001481788284 ], [ 126.504360587218187, 33.242894233102469 ], [ 126.509280981608754, 33.239554288789819 ], [ 126.509265637642173, 33.239488225085751 ], [ 126.508860156594324, 33.238000797885796 ], [ 126.508773826602862, 33.237874543280888 ], [ 126.508521265400447, 33.237717863149427 ], [ 126.50838574698858, 33.23759851924985 ], [ 126.507300648817363, 33.236464676831112 ], [ 126.507027301066543, 33.235810521030899 ], [ 126.505872879619858, 33.231908380203627 ], [ 126.505721517752463, 33.231348630938427 ], [ 126.505298097386728, 33.228583269937502 ], [ 126.503537613350261, 33.228549842480071 ], [ 126.499456678518143, 33.228084139270095 ], [ 126.497524152225168, 33.227534520364848 ], [ 126.496243686118717, 33.229351206329461 ], [ 126.491712902234738, 33.23024796006419 ], [ 126.488464071965879, 33.229936413112412 ], [ 126.488183359721589, 33.229698382589596 ], [ 126.487658744327035, 33.229206649338458 ], [ 126.486753677458054, 33.22796536707758 ], [ 126.483724597044954, 33.226556065001837 ], [ 126.479887342581463, 33.226055331123789 ], [ 126.478658925234171, 33.225996811794133 ], [ 126.479115573713443, 33.225101120023787 ], [ 126.479084840999079, 33.22272946514056 ], [ 126.476025230855171, 33.221596982292589 ], [ 126.472274585001941, 33.221692793300484 ], [ 126.470313002609345, 33.222525081849675 ], [ 126.467972045700037, 33.226104291607584 ], [ 126.467470634685299, 33.226615690448448 ], [ 126.4640916594836, 33.227895244701067 ], [ 126.460921336986431, 33.230310491116455 ], [ 126.460564290198306, 33.23069738270403 ], [ 126.459796047932954, 33.231529850321117 ], [ 126.460072944046871, 33.233282393928647 ], [ 126.459188089208652, 33.237228402228531 ], [ 126.456591670435159, 33.239025948633014 ], [ 126.457241533548327, 33.240381500951997 ], [ 126.458245476320045, 33.245743163611195 ], [ 126.460332244473705, 33.252112917547286 ], [ 126.46129116710307, 33.253865273527069 ], [ 126.464423758671046, 33.253176855926746 ], [ 126.468742228553324, 33.252983817508614 ], [ 126.469424792889058, 33.260815891827733 ], [ 126.46912664773123, 33.264760593190658 ], [ 126.468845852527139, 33.265559230404243 ], [ 126.469154088215902, 33.268129944916602 ], [ 126.470247199722166, 33.269130891247478 ], [ 126.470420507366896, 33.269260900050483 ], [ 126.470470523520589, 33.269297808570059 ], [ 126.471158999239435, 33.269816180080966 ], [ 126.473772895608775, 33.271973514927367 ], [ 126.474508980006007, 33.272992975083618 ], [ 126.475539312961047, 33.27570801247402 ], [ 126.475621583554926, 33.276003422810611 ], [ 126.477056152517662, 33.278843294323643 ], [ 126.477406280992781, 33.27906287346174 ], [ 126.477648795468369, 33.279391015150857 ], [ 126.477814773327168, 33.279744497444653 ], [ 126.478371755933082, 33.281261741194164 ], [ 126.47862226095603, 33.282483180599016 ], [ 126.479258727118278, 33.287413058008831 ], [ 126.479036821424586, 33.288409648987809 ], [ 126.477992545231388, 33.292635305203035 ], [ 126.477113053544713, 33.293317761388806 ], [ 126.476390437869398, 33.297039614285517 ], [ 126.477550054115326, 33.29831883753485 ], [ 126.476809806886365, 33.304981352844095 ], [ 126.475103606582564, 33.307228656648171 ], [ 126.474106021599013, 33.308106672714338 ], [ 126.474156445270808, 33.309430208143354 ], [ 126.474432674628005, 33.312029014990266 ], [ 126.474659367006055, 33.313157229361792 ], [ 126.477095203644922, 33.31581417606376 ], [ 126.484381416854504, 33.324492959187147 ], [ 126.484819920649997, 33.326737608024587 ], [ 126.484630000574143, 33.329807417481355 ], [ 126.484059910426211, 33.33292420384803 ], [ 126.484015394126317, 33.333182519469723 ], [ 126.484056997767382, 33.333417142259052 ], [ 126.486143679172955, 33.339226188604961 ], [ 126.486242396210116, 33.339497124980937 ], [ 126.486284901884943, 33.339581454465289 ], [ 126.487319645516706, 33.340665371283741 ], [ 126.488140116962811, 33.341275909933813 ], [ 126.489167785004597, 33.341989511616042 ], [ 126.489967278984736, 33.342515808401551 ], [ 126.49216902993733, 33.343668821746377 ], [ 126.495991353997965, 33.346498305701218 ], [ 126.501553835123431, 33.3518752185281 ], [ 126.503425958029766, 33.35322565581891 ], [ 126.504346569581244, 33.353908639229559 ], [ 126.504560127250215, 33.354162005062619 ], [ 126.504708895097792, 33.354469152915513 ], [ 126.504823819466466, 33.354803202739916 ], [ 126.504829309640414, 33.355097803335426 ], [ 126.504762919989943, 33.355428161196969 ], [ 126.504674456859789, 33.355860651799773 ], [ 126.504651995082497, 33.35603489274132 ], [ 126.504713669713809, 33.356528067451087 ], [ 126.505287706666081, 33.357674928365782 ], [ 126.506267343741953, 33.357928876082937 ], [ 126.508493169897847, 33.358779028475901 ], [ 126.509829553152869, 33.360009647017478 ], [ 126.512157515123377, 33.361489164835895 ], [ 126.517974482859387, 33.360293004184484 ] ] ] ] } },
{ "type": "Feature", "properties": { "OBJECTID": 3435, "adm_nm": "제주특별자치도 서귀포시 중문동", "adm_cd": "3902061", "adm_cd2": "5013061000", "sgg": "50130", "sido": "50", "sidonm": "제주특별자치도", "sggnm": "서귀포시" }, "geometry": { "type": "MultiPolygon", "coordinates": [ [ [ [ 126.505287706666081, 33.357674928365782 ], [ 126.504713669713809, 33.356528067451087 ], [ 126.504651995082497, 33.35603489274132 ], [ 126.504674456859789, 33.355860651799773 ], [ 126.504762919989943, 33.355428161196969 ], [ 126.504829309640414, 33.355097803335426 ], [ 126.504823819466466, 33.354803202739916 ], [ 126.504708895097792, 33.354469152915513 ], [ 126.504560127250215, 33.354162005062619 ], [ 126.504346569581244, 33.353908639229559 ], [ 126.503425958029766, 33.35322565581891 ], [ 126.501553835123431, 33.3518752185281 ], [ 126.495991353997965, 33.346498305701218 ], [ 126.49216902993733, 33.343668821746377 ], [ 126.489967278984736, 33.342515808401551 ], [ 126.489167785004597, 33.341989511616042 ], [ 126.488140116962811, 33.341275909933813 ], [ 126.487319645516706, 33.340665371283741 ], [ 126.486284901884943, 33.339581454465289 ], [ 126.486242396210116, 33.339497124980937 ], [ 126.486143679172955, 33.339226188604961 ], [ 126.484056997767382, 33.333417142259052 ], [ 126.484015394126317, 33.333182519469723 ], [ 126.484059910426211, 33.33292420384803 ], [ 126.484630000574143, 33.329807417481355 ], [ 126.484819920649997, 33.326737608024587 ], [ 126.484381416854504, 33.324492959187147 ], [ 126.477095203644922, 33.31581417606376 ], [ 126.474659367006055, 33.313157229361792 ], [ 126.474432674628005, 33.312029014990266 ], [ 126.474156445270808, 33.309430208143354 ], [ 126.474106021599013, 33.308106672714338 ], [ 126.475103606582564, 33.307228656648171 ], [ 126.476809806886365, 33.304981352844095 ], [ 126.477550054115326, 33.29831883753485 ], [ 126.476390437869398, 33.297039614285517 ], [ 126.477113053544713, 33.293317761388806 ], [ 126.477992545231388, 33.292635305203035 ], [ 126.479036821424586, 33.288409648987809 ], [ 126.479258727118278, 33.287413058008831 ], [ 126.47862226095603, 33.282483180599016 ], [ 126.478371755933082, 33.281261741194164 ], [ 126.477814773327168, 33.279744497444653 ], [ 126.477648795468369, 33.279391015150857 ], [ 126.477406280992781, 33.27906287346174 ], [ 126.477056152517662, 33.278843294323643 ], [ 126.475621583554926, 33.276003422810611 ], [ 126.475539312961047, 33.27570801247402 ], [ 126.474508980006007, 33.272992975083618 ], [ 126.473772895608775, 33.271973514927367 ], [ 126.471158999239435, 33.269816180080966 ], [ 126.470470523520589, 33.269297808570059 ], [ 126.470420507366896, 33.269260900050483 ], [ 126.470247199722166, 33.269130891247478 ], [ 126.469154088215902, 33.268129944916602 ], [ 126.468845852527139, 33.265559230404243 ], [ 126.46912664773123, 33.264760593190658 ], [ 126.469424792889058, 33.260815891827733 ], [ 126.468742228553324, 33.252983817508614 ], [ 126.464423758671046, 33.253176855926746 ], [ 126.46129116710307, 33.253865273527069 ], [ 126.460332244473705, 33.252112917547286 ], [ 126.458245476320045, 33.245743163611195 ], [ 126.457241533548327, 33.240381500951997 ], [ 126.456591670435159, 33.239025948633014 ], [ 126.454394759214196, 33.239927161249035 ], [ 126.451844058603996, 33.24008327132411 ], [ 126.450436788491686, 33.240043889888753 ], [ 126.445689221064939, 33.237519069079958 ], [ 126.444613921885576, 33.23685278203169 ], [ 126.441074900211191, 33.235322800516656 ], [ 126.43872927839854, 33.235446585705709 ], [ 126.436238152243689, 33.235075981092542 ], [ 126.435416966147642, 33.234083953505177 ], [ 126.435350364109752, 33.233658561909209 ], [ 126.43558272946602, 33.232051842445912 ], [ 126.434827811035291, 33.231680990394132 ], [ 126.434528484827965, 33.231533950241612 ], [ 126.432477766025087, 33.23169479327926 ], [ 126.431249927733532, 33.231902916339635 ], [ 126.428321709457805, 33.233969733953174 ], [ 126.426787350182622, 33.234739478947105 ], [ 126.423663264739019, 33.236081013479762 ], [ 126.419867942668631, 33.23915696771779 ], [ 126.419898361404293, 33.240201907685652 ], [ 126.419304031039815, 33.24109412666823 ], [ 126.418967368653952, 33.241313014534441 ], [ 126.418897239224563, 33.2413192705014 ], [ 126.417028228166984, 33.241485838144484 ], [ 126.417733791625196, 33.243005998299822 ], [ 126.419113148296645, 33.246194488275748 ], [ 126.419181258226558, 33.246484720353308 ], [ 126.419185004963197, 33.246673813458095 ], [ 126.419098213512385, 33.246938130441499 ], [ 126.418926563540523, 33.247172601463085 ], [ 126.418730245187447, 33.247356554893919 ], [ 126.418408935903017, 33.247527328700329 ], [ 126.418002545890218, 33.247701897272826 ], [ 126.417651532085671, 33.247826292776523 ], [ 126.41743553612136, 33.247959741129897 ], [ 126.417254514814431, 33.248097535196443 ], [ 126.417016889141806, 33.248355605427712 ], [ 126.41690081974123, 33.248506326529444 ], [ 126.416470840768667, 33.24997069954005 ], [ 126.416802676276234, 33.251912517064383 ], [ 126.417438111478617, 33.252829645981372 ], [ 126.417829903849437, 33.253348288362083 ], [ 126.418828372919748, 33.254424397580834 ], [ 126.419042526629752, 33.254572449800385 ], [ 126.420550677773463, 33.255467674952762 ], [ 126.42202085507617, 33.256340073868131 ], [ 126.422135501706521, 33.256403632368581 ], [ 126.422670110579276, 33.256766223367563 ], [ 126.422749801970127, 33.256821215801544 ], [ 126.422854337399812, 33.256901546849072 ], [ 126.422888975732363, 33.256960516979646 ], [ 126.423198934787024, 33.257756069667238 ], [ 126.423990657199994, 33.260641704196345 ], [ 126.424015057517835, 33.260734244757906 ], [ 126.424374489486112, 33.265684438557933 ], [ 126.424541253342525, 33.2680600672984 ], [ 126.424036920427113, 33.268479069975456 ], [ 126.423365447486944, 33.270046454793025 ], [ 126.423974316949639, 33.271064324909972 ], [ 126.424940350615941, 33.273049142740064 ], [ 126.425024036470262, 33.273259618526538 ], [ 126.42502342988638, 33.27335204352881 ], [ 126.423917968236964, 33.279625089294242 ], [ 126.423682641906112, 33.280734818177613 ], [ 126.423194477147959, 33.28214981615502 ], [ 126.424050356368838, 33.28376258040656 ], [ 126.424709361325966, 33.284110363182528 ], [ 126.425549380410914, 33.284669668430418 ], [ 126.425862948890398, 33.285532972503837 ], [ 126.426465830012546, 33.287489283901685 ], [ 126.425196422466271, 33.289800811929751 ], [ 126.424161180253861, 33.291174960082998 ], [ 126.42318420809282, 33.294081539880708 ], [ 126.423216412000244, 33.294179317704064 ], [ 126.423474871728203, 33.294963893968593 ], [ 126.42536808495575, 33.29838173880664 ], [ 126.426186218234477, 33.298826047660192 ], [ 126.427068738518415, 33.299883482490266 ], [ 126.428126983898196, 33.301975956923485 ], [ 126.428168731072432, 33.302569863272936 ], [ 126.427961345916444, 33.302894499163855 ], [ 126.427638771119703, 33.303390946899874 ], [ 126.427115320746054, 33.303216161791305 ], [ 126.426292774790895, 33.303442189548932 ], [ 126.425993376861584, 33.303881286350581 ], [ 126.4252084897782, 33.305314061248147 ], [ 126.425681658358101, 33.306197255510092 ], [ 126.426065626632862, 33.306773598053638 ], [ 126.426786072625077, 33.308213323451184 ], [ 126.426668241654752, 33.308787363378876 ], [ 126.426771754954402, 33.310396603723213 ], [ 126.42800644220145, 33.31342834250016 ], [ 126.428827493755051, 33.316936934931014 ], [ 126.429071669012032, 33.317972284305306 ], [ 126.429972987405606, 33.319680958676194 ], [ 126.430808022840949, 33.321063741189128 ], [ 126.434745071203082, 33.326061300560177 ], [ 126.439797930792651, 33.331465940422227 ], [ 126.440351487581864, 33.330529996555114 ], [ 126.440626852603231, 33.330282280482123 ], [ 126.442010456289708, 33.331552540867179 ], [ 126.4426865763931, 33.332857934683027 ], [ 126.443596483353232, 33.336864775771076 ], [ 126.443534379091588, 33.33945001069015 ], [ 126.443412583525657, 33.340656061688094 ], [ 126.44306826197375, 33.34098008568381 ], [ 126.442194359787933, 33.342048661769859 ], [ 126.441456354037186, 33.343271062492917 ], [ 126.442047779273892, 33.343561006712946 ], [ 126.442888730800973, 33.344081907581788 ], [ 126.444044768410365, 33.345293670655344 ], [ 126.443950099374078, 33.345829495668539 ], [ 126.443719230712517, 33.346249810416076 ], [ 126.443192187265922, 33.346592179902338 ], [ 126.442892610008968, 33.347050487215277 ], [ 126.442337134787934, 33.348273688037125 ], [ 126.441897329900172, 33.349248471174612 ], [ 126.441868747905986, 33.350148477587723 ], [ 126.441885815118297, 33.351048697906641 ], [ 126.442181007779254, 33.351279869282635 ], [ 126.443570438456661, 33.35168829156634 ], [ 126.444437349900539, 33.351730491395024 ], [ 126.444915373804449, 33.351924158929776 ], [ 126.445732975168212, 33.352540695591017 ], [ 126.447954700613479, 33.35486799429701 ], [ 126.448612157719154, 33.35556038167325 ], [ 126.448837823560339, 33.355963570002963 ], [ 126.448855063142531, 33.356844650159069 ], [ 126.448870388389722, 33.358032121500912 ], [ 126.448733748732622, 33.358517270103349 ], [ 126.451389796053689, 33.358319966802483 ], [ 126.456167884158333, 33.35820511413646 ], [ 126.459571741238776, 33.357721710635779 ], [ 126.462382222725466, 33.357685555836547 ], [ 126.462958137623588, 33.357715874178517 ], [ 126.464321682841103, 33.357787649177126 ], [ 126.466223213253826, 33.35817930656367 ], [ 126.466324371453453, 33.358187196483584 ], [ 126.466589239165003, 33.358182308667736 ], [ 126.466830177168887, 33.358155028327168 ], [ 126.467533661008588, 33.358071140515548 ], [ 126.468027663209142, 33.35800248915676 ], [ 126.469269046478189, 33.357767352530288 ], [ 126.47051761787516, 33.35751404045719 ], [ 126.471151974383048, 33.357330830169388 ], [ 126.471636845202028, 33.357171147280411 ], [ 126.472158118087052, 33.356961226997576 ], [ 126.472520401990622, 33.356782902020186 ], [ 126.47343808779776, 33.356309851840116 ], [ 126.474587315603486, 33.355760970000752 ], [ 126.47511585205487, 33.355555108848179 ], [ 126.475428667151704, 33.355578618973851 ], [ 126.475969558707206, 33.355714357017526 ], [ 126.476353848109056, 33.355857438555866 ], [ 126.476920522324917, 33.356118518660168 ], [ 126.477448385378224, 33.356417808768875 ], [ 126.477736164628084, 33.356604945908877 ], [ 126.478030900667306, 33.356832475715912 ], [ 126.478435372430354, 33.357232328391859 ], [ 126.479098421482675, 33.357873737703649 ], [ 126.479440970859144, 33.358174331172187 ], [ 126.479774201485156, 33.358397973932149 ], [ 126.481856354305421, 33.358871574183695 ], [ 126.482214744230347, 33.358931680588533 ], [ 126.482558988964456, 33.358949245103588 ], [ 126.4828551825305, 33.35893435503489 ], [ 126.483281781819841, 33.358851195542861 ], [ 126.483576011745697, 33.358767578700807 ], [ 126.484034344309308, 33.358623967534704 ], [ 126.484502374359238, 33.358458136478404 ], [ 126.484724773211767, 33.358366365750108 ], [ 126.484857391311749, 33.358269653961912 ], [ 126.48515495534491, 33.358022299060345 ], [ 126.485820787613534, 33.357396564053907 ], [ 126.487365026495681, 33.356002497146378 ], [ 126.487766491498121, 33.355678786906374 ], [ 126.48831045927993, 33.355290983706716 ], [ 126.488759993601818, 33.354993779913819 ], [ 126.489030566139476, 33.354839267517583 ], [ 126.489329931993296, 33.354701034240513 ], [ 126.489641491224305, 33.354591510490714 ], [ 126.48984648459556, 33.354552676357933 ], [ 126.490192035841005, 33.354547443801387 ], [ 126.490614639418183, 33.354572351489459 ], [ 126.490980115966337, 33.354650043484561 ], [ 126.491337153325446, 33.354773850111691 ], [ 126.491608708604417, 33.354910650996629 ], [ 126.491782628869259, 33.355060306523171 ], [ 126.492053154225545, 33.355392416575782 ], [ 126.492222318095145, 33.355657813713698 ], [ 126.492533432324493, 33.355976815211221 ], [ 126.492841184245592, 33.356189869541005 ], [ 126.494084733263506, 33.356972586157937 ], [ 126.496537124923194, 33.358216968159546 ], [ 126.498673866418528, 33.359211804533629 ], [ 126.498905093247359, 33.359302099934808 ], [ 126.499014785757367, 33.359322374091562 ], [ 126.499880213255508, 33.3593987287461 ], [ 126.502668942203769, 33.35894419030322 ], [ 126.504129634788214, 33.358383782495402 ], [ 126.505287706666081, 33.357674928365782 ] ] ] ] } },
{ "type": "Feature", "properties": { "OBJECTID": 3436, "adm_nm": "제주특별자치도 서귀포시 예래동", "adm_cd": "3902062", "adm_cd2": "5013062000", "sgg": "50130", "sido": "50", "sidonm": "제주특별자치도", "sggnm": "서귀포시" }, "geometry": { "type": "MultiPolygon", "coordinates": [ [ [ [ 126.448733748732622, 33.358517270103349 ], [ 126.448870388389722, 33.358032121500912 ], [ 126.448855063142531, 33.356844650159069 ], [ 126.448837823560339, 33.355963570002963 ], [ 126.448612157719154, 33.35556038167325 ], [ 126.447954700613479, 33.35486799429701 ], [ 126.445732975168212, 33.352540695591017 ], [ 126.444915373804449, 33.351924158929776 ], [ 126.444437349900539, 33.351730491395024 ], [ 126.443570438456661, 33.35168829156634 ], [ 126.442181007779254, 33.351279869282635 ], [ 126.441885815118297, 33.351048697906641 ], [ 126.441868747905986, 33.350148477587723 ], [ 126.441897329900172, 33.349248471174612 ], [ 126.442337134787934, 33.348273688037125 ], [ 126.442892610008968, 33.347050487215277 ], [ 126.443192187265922, 33.346592179902338 ], [ 126.443719230712517, 33.346249810416076 ], [ 126.443950099374078, 33.345829495668539 ], [ 126.444044768410365, 33.345293670655344 ], [ 126.442888730800973, 33.344081907581788 ], [ 126.442047779273892, 33.343561006712946 ], [ 126.441456354037186, 33.343271062492917 ], [ 126.442194359787933, 33.342048661769859 ], [ 126.44306826197375, 33.34098008568381 ], [ 126.443412583525657, 33.340656061688094 ], [ 126.443534379091588, 33.33945001069015 ], [ 126.443596483353232, 33.336864775771076 ], [ 126.4426865763931, 33.332857934683027 ], [ 126.442010456289708, 33.331552540867179 ], [ 126.440626852603231, 33.330282280482123 ], [ 126.440351487581864, 33.330529996555114 ], [ 126.439797930792651, 33.331465940422227 ], [ 126.434745071203082, 33.326061300560177 ], [ 126.430808022840949, 33.321063741189128 ], [ 126.429972987405606, 33.319680958676194 ], [ 126.429071669012032, 33.317972284305306 ], [ 126.428827493755051, 33.316936934931014 ], [ 126.42800644220145, 33.31342834250016 ], [ 126.426771754954402, 33.310396603723213 ], [ 126.426668241654752, 33.308787363378876 ], [ 126.426786072625077, 33.308213323451184 ], [ 126.426065626632862, 33.306773598053638 ], [ 126.425681658358101, 33.306197255510092 ], [ 126.4252084897782, 33.305314061248147 ], [ 126.425993376861584, 33.303881286350581 ], [ 126.426292774790895, 33.303442189548932 ], [ 126.427115320746054, 33.303216161791305 ], [ 126.427638771119703, 33.303390946899874 ], [ 126.427961345916444, 33.302894499163855 ], [ 126.428168731072432, 33.302569863272936 ], [ 126.428126983898196, 33.301975956923485 ], [ 126.427068738518415, 33.299883482490266 ], [ 126.426186218234477, 33.298826047660192 ], [ 126.42536808495575, 33.29838173880664 ], [ 126.423474871728203, 33.294963893968593 ], [ 126.423216412000244, 33.294179317704064 ], [ 126.42318420809282, 33.294081539880708 ], [ 126.424161180253861, 33.291174960082998 ], [ 126.425196422466271, 33.289800811929751 ], [ 126.426465830012546, 33.287489283901685 ], [ 126.425862948890398, 33.285532972503837 ], [ 126.425549380410914, 33.284669668430418 ], [ 126.424709361325966, 33.284110363182528 ], [ 126.424050356368838, 33.28376258040656 ], [ 126.423194477147959, 33.28214981615502 ], [ 126.423682641906112, 33.280734818177613 ], [ 126.423917968236964, 33.279625089294242 ], [ 126.42502342988638, 33.27335204352881 ], [ 126.425024036470262, 33.273259618526538 ], [ 126.424940350615941, 33.273049142740064 ], [ 126.423974316949639, 33.271064324909972 ], [ 126.423365447486944, 33.270046454793025 ], [ 126.424036920427113, 33.268479069975456 ], [ 126.424541253342525, 33.2680600672984 ], [ 126.424374489486112, 33.265684438557933 ], [ 126.424015057517835, 33.260734244757906 ], [ 126.423990657199994, 33.260641704196345 ], [ 126.423198934787024, 33.257756069667238 ], [ 126.422888975732363, 33.256960516979646 ], [ 126.422854337399812, 33.256901546849072 ], [ 126.422749801970127, 33.256821215801544 ], [ 126.422670110579276, 33.256766223367563 ], [ 126.422135501706521, 33.256403632368581 ], [ 126.42202085507617, 33.256340073868131 ], [ 126.420550677773463, 33.255467674952762 ], [ 126.419042526629752, 33.254572449800385 ], [ 126.418828372919748, 33.254424397580834 ], [ 126.417829903849437, 33.253348288362083 ], [ 126.417438111478617, 33.252829645981372 ], [ 126.416802676276234, 33.251912517064383 ], [ 126.416470840768667, 33.24997069954005 ], [ 126.41690081974123, 33.248506326529444 ], [ 126.417016889141806, 33.248355605427712 ], [ 126.417254514814431, 33.248097535196443 ], [ 126.41743553612136, 33.247959741129897 ], [ 126.417651532085671, 33.247826292776523 ], [ 126.418002545890218, 33.247701897272826 ], [ 126.418408935903017, 33.247527328700329 ], [ 126.418730245187447, 33.247356554893919 ], [ 126.418926563540523, 33.247172601463085 ], [ 126.419098213512385, 33.246938130441499 ], [ 126.419185004963197, 33.246673813458095 ], [ 126.419181258226558, 33.246484720353308 ], [ 126.419113148296645, 33.246194488275748 ], [ 126.417733791625196, 33.243005998299822 ], [ 126.417028228166984, 33.241485838144484 ], [ 126.416158712354985, 33.241376581890378 ], [ 126.414144573506604, 33.242190569829894 ], [ 126.413158915768506, 33.242975788679637 ], [ 126.413143190471729, 33.243445883483069 ], [ 126.412546289282886, 33.244058948067476 ], [ 126.411486892832528, 33.244118083055007 ], [ 126.410578860699616, 33.244050217366002 ], [ 126.40801217528643, 33.243483731972859 ], [ 126.404852194949228, 33.242470105982754 ], [ 126.403033532160038, 33.240687824313305 ], [ 126.401239092636345, 33.240141245258947 ], [ 126.400263669713695, 33.24027832918496 ], [ 126.398638363887599, 33.239464258151536 ], [ 126.39800755065545, 33.239082413480844 ], [ 126.396904685640308, 33.237843829343433 ], [ 126.393755309314429, 33.236825706217999 ], [ 126.393469499263887, 33.23684336269087 ], [ 126.392934289568359, 33.236876398369766 ], [ 126.391247054586429, 33.236058846726813 ], [ 126.388545764033125, 33.234458424821945 ], [ 126.387165092164366, 33.233594334358962 ], [ 126.386230962487502, 33.233009690802966 ], [ 126.384618761163367, 33.231478640979226 ], [ 126.383177886722251, 33.231695323458176 ], [ 126.381617062352589, 33.232228005814775 ], [ 126.380277310902372, 33.231366425577775 ], [ 126.380178921245474, 33.230792444954389 ], [ 126.379695576536719, 33.230187899128119 ], [ 126.378263044884932, 33.23000520334314 ], [ 126.37752737789215, 33.230434422493346 ], [ 126.376885022192326, 33.231512139083364 ], [ 126.374138379613044, 33.23089481570937 ], [ 126.374055463270565, 33.230801748615548 ], [ 126.373537993282085, 33.229766587372552 ], [ 126.373044086242444, 33.22945162908988 ], [ 126.37054225500296, 33.228673008985851 ], [ 126.369753545058259, 33.228669006465672 ], [ 126.369158875650982, 33.228997563594525 ], [ 126.368299715925531, 33.229677542188945 ], [ 126.368286879405929, 33.230663744837109 ], [ 126.368145910824296, 33.234597233544314 ], [ 126.368245289710629, 33.235339740478487 ], [ 126.368347227316875, 33.235576523433402 ], [ 126.368516747608112, 33.23568308764218 ], [ 126.368900655471606, 33.23583425745052 ], [ 126.369203211303969, 33.235972580754172 ], [ 126.369983573769431, 33.236766098115154 ], [ 126.370080614679637, 33.236931647425443 ], [ 126.370105520448448, 33.237133609012133 ], [ 126.370208789637459, 33.238344112061903 ], [ 126.371578551021159, 33.242684207280995 ], [ 126.37226486726729, 33.244176344338292 ], [ 126.372511527048573, 33.244886363044202 ], [ 126.372227984344093, 33.246268815943502 ], [ 126.371897330935241, 33.246944829962693 ], [ 126.371365703451403, 33.247610418325543 ], [ 126.370998421079548, 33.248230304651187 ], [ 126.370304257776453, 33.249828988112284 ], [ 126.37001769739841, 33.250548761821584 ], [ 126.369895737720114, 33.251033109731097 ], [ 126.369423108900975, 33.253931054136309 ], [ 126.370214735865588, 33.261679029266851 ], [ 126.370704249241484, 33.263647585551318 ], [ 126.372328264078504, 33.266953992727892 ], [ 126.373518328673427, 33.268510872021309 ], [ 126.37366977291785, 33.268675468990324 ], [ 126.373741149617913, 33.268885261237678 ], [ 126.373738683971084, 33.269034832825241 ], [ 126.373730341754381, 33.269105568585623 ], [ 126.37096871578018, 33.274115748149825 ], [ 126.369934979444665, 33.275590409096765 ], [ 126.36844883699024, 33.277518051514207 ], [ 126.368412987621923, 33.277607125070212 ], [ 126.368412431256587, 33.277684030027302 ], [ 126.368716557004504, 33.278601536246676 ], [ 126.368884205660351, 33.278888288221772 ], [ 126.37058812116851, 33.281651905637126 ], [ 126.37078512485482, 33.281871539750071 ], [ 126.370945214820011, 33.282015342467403 ], [ 126.372124386473089, 33.289198061143324 ], [ 126.37429207181431, 33.292095140646744 ], [ 126.376571391925708, 33.296116349942096 ], [ 126.378065822078639, 33.299142796266295 ], [ 126.378321409904672, 33.299981687067742 ], [ 126.378369874385641, 33.300081189291028 ], [ 126.380288703104398, 33.30245047937521 ], [ 126.382842426180432, 33.304666829590083 ], [ 126.384010988815163, 33.305365167745869 ], [ 126.384477718604415, 33.304728423868347 ], [ 126.384310597060619, 33.304597768556334 ], [ 126.383599821987573, 33.304074816545715 ], [ 126.383204558731805, 33.303744399598074 ], [ 126.383005627796706, 33.303527017939324 ], [ 126.38282229804598, 33.303275091803435 ], [ 126.382740688447271, 33.303078855804458 ], [ 126.382688073429733, 33.302910722909139 ], [ 126.382657839618858, 33.302676786556141 ], [ 126.382645272086606, 33.302479092378654 ], [ 126.382656084696492, 33.302226518838722 ], [ 126.38267340122195, 33.302024190506842 ], [ 126.38271350532176, 33.30157421706101 ], [ 126.382765366797543, 33.301133587703184 ], [ 126.382928948966423, 33.300257409050211 ], [ 126.383036566927231, 33.299826521823853 ], [ 126.383193809502373, 33.299406791749249 ], [ 126.383482310767832, 33.299025506660833 ], [ 126.383634836725633, 33.298864600731179 ], [ 126.384049119381416, 33.298443095396863 ], [ 126.385001589754026, 33.297507334137983 ], [ 126.385507927677978, 33.297017208528956 ], [ 126.386012186560308, 33.296531853147457 ], [ 126.386383025596132, 33.29633280810696 ], [ 126.386914457106329, 33.296104801056245 ], [ 126.387851949762791, 33.295751762972095 ], [ 126.388625296215196, 33.295534407642961 ], [ 126.389013054085737, 33.295476627731816 ], [ 126.389359845328798, 33.295445431860266 ], [ 126.390161392005325, 33.295369942233407 ], [ 126.390379530418713, 33.295342171725558 ], [ 126.390526887044985, 33.295302953902301 ], [ 126.390712718867135, 33.295228391898227 ], [ 126.390920623696843, 33.295111855194442 ], [ 126.39119437560143, 33.294914572571294 ], [ 126.392682073855227, 33.293724546315879 ], [ 126.393351885729686, 33.292997682000191 ], [ 126.393651302936263, 33.292642908461993 ], [ 126.393799357171616, 33.292517138452098 ], [ 126.393916949462252, 33.292451091592966 ], [ 126.394116238510037, 33.292383271499446 ], [ 126.394290882891468, 33.292357526831339 ], [ 126.394410683113975, 33.292358110143347 ], [ 126.394642161931088, 33.292372590601389 ], [ 126.401103992942566, 33.292848909159531 ], [ 126.401283621184348, 33.292878637584025 ], [ 126.401397705526264, 33.292914696023963 ], [ 126.401492831735709, 33.292961767995244 ], [ 126.401582201759808, 33.293033163646776 ], [ 126.401627970043421, 33.293106688452191 ], [ 126.40173550677477, 33.293332423894931 ], [ 126.401775394241611, 33.293465776635372 ], [ 126.401812175421753, 33.293658994498628 ], [ 126.401960275689731, 33.294719469742098 ], [ 126.401915559140761, 33.294883532306386 ], [ 126.401818801718406, 33.295091595543497 ], [ 126.401699806636856, 33.295364028521305 ], [ 126.401602465300343, 33.29564207515687 ], [ 126.401587961587111, 33.295768502868526 ], [ 126.401592768192941, 33.295866154766976 ], [ 126.401862369609489, 33.29708924988617 ], [ 126.401984377658849, 33.297569213198891 ], [ 126.402481852168123, 33.298928621733623 ], [ 126.402963119460452, 33.299864197138326 ], [ 126.403487730800123, 33.300853167586482 ], [ 126.403522784944116, 33.300908877845742 ], [ 126.408219751343964, 33.307250315989123 ], [ 126.408311816251583, 33.307307021917772 ], [ 126.408897187048765, 33.30737851147925 ], [ 126.409615641585333, 33.30736263937397 ], [ 126.411704702927921, 33.307834009137053 ], [ 126.413019066179274, 33.308143725789826 ], [ 126.413523770540323, 33.308283514267345 ], [ 126.414648213870052, 33.308637296881464 ], [ 126.414710442953449, 33.308661855218141 ], [ 126.414981346669805, 33.308774917667485 ], [ 126.415282936227385, 33.308926101372421 ], [ 126.415712774576534, 33.309149587453994 ], [ 126.417276134080652, 33.309999391909521 ], [ 126.419496225104155, 33.311307034162937 ], [ 126.421107862830539, 33.312384526599793 ], [ 126.422892468170105, 33.313634800522095 ], [ 126.423348460765695, 33.313954285602385 ], [ 126.423469514403322, 33.314046655798812 ], [ 126.423529434149714, 33.314111736860006 ], [ 126.423606432441204, 33.314226258969555 ], [ 126.424536804563743, 33.316102757973177 ], [ 126.424630630176111, 33.316301840209697 ], [ 126.42493471645345, 33.316960677313588 ], [ 126.424985739134996, 33.317138189030693 ], [ 126.425051120916564, 33.317435748069933 ], [ 126.42512591074609, 33.317689443817045 ], [ 126.425286443247913, 33.318148662325065 ], [ 126.426219033037938, 33.319894986061037 ], [ 126.42627543152534, 33.31995824955218 ], [ 126.426498570099838, 33.320060267712336 ], [ 126.426712775375364, 33.320116004318365 ], [ 126.427617797389672, 33.320226113472614 ], [ 126.427789362933126, 33.320232859883795 ], [ 126.428163935057029, 33.323795303347367 ], [ 126.42768664668273, 33.325829653123556 ], [ 126.427519150487726, 33.326085034477103 ], [ 126.427483715993176, 33.32618205730968 ], [ 126.427465818891505, 33.326258705498176 ], [ 126.427452486296048, 33.326342672552236 ], [ 126.427453069663159, 33.326435358741293 ], [ 126.427491854632194, 33.32653148192707 ], [ 126.427542225199574, 33.326628534003561 ], [ 126.428935984284252, 33.328858963076904 ], [ 126.428999997057943, 33.32894102762495 ], [ 126.429109570736202, 33.329003836483018 ], [ 126.429996031019812, 33.329471163275052 ], [ 126.430186709064202, 33.329563561294492 ], [ 126.432118269466031, 33.330718997285885 ], [ 126.434789999071384, 33.332790825592717 ], [ 126.434930248943445, 33.332927800001954 ], [ 126.435060685944606, 33.333085984619117 ], [ 126.435121927860635, 33.333232332420032 ], [ 126.435665250254957, 33.335368372579907 ], [ 126.435666521953252, 33.33628521660588 ], [ 126.435615239057654, 33.336440781595698 ], [ 126.435118138099256, 33.337520817505094 ], [ 126.434924112632174, 33.337940449919429 ], [ 126.434740237525162, 33.338270577981568 ], [ 126.434558913190457, 33.338569541710854 ], [ 126.434281579519833, 33.338932242981869 ], [ 126.433411766959281, 33.33975567252201 ], [ 126.434538161672251, 33.341491629107942 ], [ 126.434793850264953, 33.341768249815111 ], [ 126.435082876201278, 33.341991348783118 ], [ 126.436353064034876, 33.342845555400928 ], [ 126.437295693528696, 33.343410453238704 ], [ 126.437659217593406, 33.343692502341966 ], [ 126.438006046447043, 33.344247394488519 ], [ 126.438156272495348, 33.344640547983253 ], [ 126.438271930418296, 33.345279764105996 ], [ 126.438344058063223, 33.34617476929143 ], [ 126.438470110452144, 33.347986552116708 ], [ 126.438485009983438, 33.348459515772554 ], [ 126.438385851199172, 33.349443906156516 ], [ 126.438291259926942, 33.350187021631271 ], [ 126.438206357232303, 33.350810732735042 ], [ 126.438114037799664, 33.351200343343628 ], [ 126.438021436497394, 33.351616722378822 ], [ 126.438005516771966, 33.351770203891448 ], [ 126.438005051011999, 33.352309009888288 ], [ 126.438012295908635, 33.353269519023328 ], [ 126.438075982679308, 33.353588971712298 ], [ 126.438130363916429, 33.353752124193953 ], [ 126.438229667464171, 33.354014684933603 ], [ 126.438434631959154, 33.354301512487815 ], [ 126.438835358812142, 33.354752153801307 ], [ 126.439166304188177, 33.355063335503708 ], [ 126.440792567212, 33.356586392564104 ], [ 126.441163925885292, 33.356912093837657 ], [ 126.441583149439296, 33.357230533906474 ], [ 126.441810741699371, 33.357359769757515 ], [ 126.442100314807291, 33.357473497118555 ], [ 126.445403135193587, 33.358561525549099 ], [ 126.445709816108291, 33.358604987425814 ], [ 126.445923905176713, 33.358611623344302 ], [ 126.446882741895195, 33.358620514329658 ], [ 126.447337244417213, 33.358616960374114 ], [ 126.448301386130481, 33.358551018370349 ], [ 126.448733748732622, 33.358517270103349 ] ] ] ] } }
]
}
