{
"type": "FeatureCollection",
"name": "danyanggun",
"crs": { "type": "name", "properties": { "name": "urn:ogc:def:crs:OGC:1.3:CRS84" } },
"features": [
{ "type": "Feature", "properties": { "OBJECTID": 2004, "adm_nm": "충청북도 단양군 단양읍", "adm_cd": "3338011", "adm_cd2": "4380025000", "sgg": "43800", "sido": "43", "sidonm": "충청북도", "sggnm": "단양군" }, "geometry": { "type": "MultiPolygon", "coordinates": [ [ [ [ 128.477127209479278, 36.957540942850713 ], [ 128.47664760685754, 36.957435837552644 ], [ 128.476557186071773, 36.957407871252585 ], [ 128.476454486763203, 36.957369828906522 ], [ 128.476326839558283, 36.957301605882201 ], [ 128.476165178466204, 36.95720050929242 ], [ 128.467794129504966, 36.951813512888819 ], [ 128.463712262655065, 36.947917518067079 ], [ 128.463326649624918, 36.947546881366947 ], [ 128.463241792885213, 36.947445644885192 ], [ 128.46322585954232, 36.947335383204056 ], [ 128.463215433582917, 36.947222426685663 ], [ 128.463215682746267, 36.94718521874686 ], [ 128.463262838999469, 36.946851229629033 ], [ 128.463364446344059, 36.946482780239783 ], [ 128.463402018359886, 36.946359784679046 ], [ 128.462812277995198, 36.942089171431618 ], [ 128.460201610034375, 36.934006045109754 ], [ 128.457399498641365, 36.933803745768685 ], [ 128.457040116501162, 36.933846436267117 ], [ 128.450719224263707, 36.931045382762363 ], [ 128.446057759355938, 36.92855148222278 ], [ 128.445994483198263, 36.928500106829524 ], [ 128.445865282829374, 36.928409473173922 ], [ 128.445779152351378, 36.928353832061212 ], [ 128.445695423612307, 36.928322817469805 ], [ 128.445436262963199, 36.928245899207788 ], [ 128.445357464230369, 36.928231213107296 ], [ 128.445185664692019, 36.928212037046443 ], [ 128.442799375353644, 36.927967720787315 ], [ 128.442728033911976, 36.927961242464427 ], [ 128.441868290181816, 36.927900345043241 ], [ 128.440926984580074, 36.928803476310591 ], [ 128.440713354844547, 36.929007998758607 ], [ 128.440674952541627, 36.929040537677849 ], [ 128.440621226062575, 36.929066863670023 ], [ 128.440360822981489, 36.929159708533234 ], [ 128.440314968588353, 36.929167679551696 ], [ 128.433654754508126, 36.929831653821388 ], [ 128.429602916413188, 36.930130840453288 ], [ 128.429544359827531, 36.930126503195396 ], [ 128.429470680438186, 36.930103626658628 ], [ 128.429205451258213, 36.929998079592998 ], [ 128.428769158920176, 36.929777115054698 ], [ 128.426428663981937, 36.928456815993805 ], [ 128.426273205650773, 36.92835406489759 ], [ 128.426057604062947, 36.928203263558856 ], [ 128.425944165310653, 36.928094850687629 ], [ 128.425873602935269, 36.928000435170077 ], [ 128.425828411032938, 36.927920467236568 ], [ 128.425816040582987, 36.927865176755766 ], [ 128.425751242853664, 36.927555706597005 ], [ 128.425175902499177, 36.926872245703699 ], [ 128.424506727345147, 36.926116684668045 ], [ 128.42302079259116, 36.925041155879612 ], [ 128.422603472963715, 36.924810243970988 ], [ 128.422539051921376, 36.924780632353936 ], [ 128.421484614716007, 36.924618848046393 ], [ 128.418076193944955, 36.924140214735203 ], [ 128.417949020124638, 36.924134346824786 ], [ 128.417820511794218, 36.924128419680521 ], [ 128.417117085759116, 36.924152536851089 ], [ 128.414684556077958, 36.924333459917541 ], [ 128.414629603113355, 36.924342186985946 ], [ 128.414566790118897, 36.924352163525583 ], [ 128.405150952908485, 36.92645279136967 ], [ 128.398538763907737, 36.928478733315998 ], [ 128.396304373696069, 36.928148301979782 ], [ 128.396052026975184, 36.927981483948109 ], [ 128.39599717296619, 36.927949575437594 ], [ 128.395942323546251, 36.927917671373784 ], [ 128.395884934111166, 36.927903588645897 ], [ 128.395830188718833, 36.927890162916761 ], [ 128.395719025626704, 36.92786931304834 ], [ 128.393228094123629, 36.927736457882325 ], [ 128.392908139145476, 36.927746637496313 ], [ 128.391565294010064, 36.927809585308047 ], [ 128.390672040510822, 36.927862318203424 ], [ 128.388598211971384, 36.928006326765782 ], [ 128.388539884603659, 36.928012514202344 ], [ 128.388474191805273, 36.928019489563702 ], [ 128.388414316554929, 36.92803084646264 ], [ 128.388360444126647, 36.928041071317502 ], [ 128.388328878203026, 36.928051375405879 ], [ 128.388292811321236, 36.928063162636803 ], [ 128.382681785423131, 36.930046866136109 ], [ 128.380935038209316, 36.930167238337404 ], [ 128.380766323094065, 36.930182927682274 ], [ 128.380538840715644, 36.930206696556773 ], [ 128.380099518647796, 36.930264957611456 ], [ 128.376963344179558, 36.931128319206906 ], [ 128.374495858626261, 36.931961067184716 ], [ 128.374375872934621, 36.931987991802892 ], [ 128.374289698052934, 36.931998631988151 ], [ 128.374138198923902, 36.932008826245657 ], [ 128.369470260784027, 36.932159081759352 ], [ 128.362766864335953, 36.930968940142122 ], [ 128.361431905192831, 36.930696665074066 ], [ 128.360248430733122, 36.930403380696482 ], [ 128.359321171807636, 36.930114015461498 ], [ 128.359286449087762, 36.930104698948632 ], [ 128.358892939016442, 36.930012724310373 ], [ 128.358837419123006, 36.930002194199702 ], [ 128.358645347576385, 36.929983111531072 ], [ 128.355870139079627, 36.929769269795003 ], [ 128.355816408783937, 36.92977022034961 ], [ 128.3557537202079, 36.92977134179224 ], [ 128.355713528789067, 36.929772474194728 ], [ 128.355673341859813, 36.929773606551244 ], [ 128.35474235412056, 36.929862966187706 ], [ 128.352812566144166, 36.93006889491781 ], [ 128.352218307814525, 36.930142323099851 ], [ 128.352140414037137, 36.930154596002843 ], [ 128.351607096820942, 36.930257029862396 ], [ 128.351507183160152, 36.930284775454332 ], [ 128.349441757689647, 36.931233531238504 ], [ 128.348104493394175, 36.933378487310804 ], [ 128.348000110952484, 36.933543162254331 ], [ 128.347459953916712, 36.933988660251757 ], [ 128.347329358903266, 36.934085197200375 ], [ 128.347225206902607, 36.934162179157035 ], [ 128.347102456241544, 36.934197267424679 ], [ 128.347000409010093, 36.934226431586602 ], [ 128.346694118917384, 36.934273957208212 ], [ 128.346449425483769, 36.934280808843482 ], [ 128.346204727465363, 36.934287656401708 ], [ 128.345916223972381, 36.934341336227298 ], [ 128.345618771118097, 36.934396692624262 ], [ 128.34538344000336, 36.934523718345879 ], [ 128.345168147029938, 36.934639928133336 ], [ 128.344819310104583, 36.934900122110747 ], [ 128.344551663703214, 36.935193463677038 ], [ 128.344448352972819, 36.935348507872746 ], [ 128.344345048604964, 36.93550355553738 ], [ 128.344260325909033, 36.935879909753446 ], [ 128.344237647301981, 36.936141826832632 ], [ 128.344388465881707, 36.937584181475017 ], [ 128.344325074178727, 36.937829556545324 ], [ 128.344263164161873, 36.937927520030492 ], [ 128.343956454605859, 36.938024043096789 ], [ 128.343528094849717, 36.938038063878679 ], [ 128.34327324535198, 36.938036655604741 ], [ 128.343018389076036, 36.938035243226146 ], [ 128.341592768548168, 36.93783080051287 ], [ 128.340920713803797, 36.937728763711277 ], [ 128.340045235271617, 36.937576470795847 ], [ 128.338519139891019, 36.937207537130789 ], [ 128.338091350694384, 36.937156040283028 ], [ 128.33780591332507, 36.937154457505279 ], [ 128.337581358129682, 36.937185988536235 ], [ 128.337498074207673, 36.937218836077932 ], [ 128.337335833511872, 36.937282847264399 ], [ 128.337253657256213, 36.937347984902246 ], [ 128.337089139016655, 36.937510782805077 ], [ 128.336944082317217, 36.93777208992983 ], [ 128.336547329781212, 36.938851059174084 ], [ 128.336442711687198, 36.939161707870454 ], [ 128.336360107072295, 36.939275856592111 ], [ 128.336155163490901, 36.939389411755037 ], [ 128.336073612714983, 36.939388960069593 ], [ 128.33589014234613, 36.939387924058977 ], [ 128.330393823268764, 36.938375015617019 ], [ 128.328145577066181, 36.937318511054791 ], [ 128.327590513163528, 36.939863447684793 ], [ 128.327293254581861, 36.942087855608591 ], [ 128.327116037460684, 36.942516823572646 ], [ 128.326949659382024, 36.942610720870249 ], [ 128.326783285345499, 36.942704614301597 ], [ 128.325899624172166, 36.942788114276752 ], [ 128.325538348333481, 36.94289542051515 ], [ 128.325314753809749, 36.942961837572099 ], [ 128.325041174586687, 36.943178174998934 ], [ 128.324806670273659, 36.943363618994688 ], [ 128.324422635698028, 36.943987093667104 ], [ 128.32410038798119, 36.944769306582792 ], [ 128.324096241158259, 36.945237196682356 ], [ 128.324344798319913, 36.945655926910057 ], [ 128.32476825151673, 36.945911255829827 ], [ 128.324926305077923, 36.946025565664101 ], [ 128.325050250434629, 36.946115211291833 ], [ 128.325174703235888, 36.946305605529545 ], [ 128.325808486632752, 36.948125124814084 ], [ 128.325836331538738, 36.948542606270266 ], [ 128.325674859036752, 36.948971646146425 ], [ 128.325163842456476, 36.949702211422945 ], [ 128.324654832294755, 36.950205145463258 ], [ 128.324510556998035, 36.950352704477936 ], [ 128.32438432673456, 36.950481830116217 ], [ 128.324302347693475, 36.950835451070546 ], [ 128.324258772572648, 36.951635247468566 ], [ 128.325340218752757, 36.951984086951455 ], [ 128.326134082906037, 36.952302352747417 ], [ 128.330922587274301, 36.955299051052343 ], [ 128.33215110968797, 36.956095225898594 ], [ 128.333237201609563, 36.956799119820666 ], [ 128.33419304538819, 36.957549822772734 ], [ 128.334232715586012, 36.957580984792521 ], [ 128.335590870912597, 36.958776223247675 ], [ 128.335626276513892, 36.958808854371185 ], [ 128.335696176576647, 36.958879539645501 ], [ 128.3357194315779, 36.958903090593445 ], [ 128.335764497142634, 36.958950195430681 ], [ 128.335786305399722, 36.95897374392824 ], [ 128.335804397695057, 36.958997271704341 ], [ 128.335871513281887, 36.959091363874705 ], [ 128.337408447941527, 36.961480937770588 ], [ 128.33754906602698, 36.961903057154728 ], [ 128.337749343136807, 36.964171535770866 ], [ 128.337873914221859, 36.968824603955987 ], [ 128.337941795099226, 36.969387154093276 ], [ 128.338151290981955, 36.97059556297328 ], [ 128.338508229831604, 36.971716523410855 ], [ 128.339313617573993, 36.973988259557927 ], [ 128.340243883704062, 36.976461912123362 ], [ 128.341592709562747, 36.979412273376738 ], [ 128.341605906369523, 36.979458027792987 ], [ 128.341608340914718, 36.979488510044412 ], [ 128.341582735937436, 36.979526754880816 ], [ 128.34145360067987, 36.979615957041105 ], [ 128.340601664618475, 36.980179702252748 ], [ 128.340353580169051, 36.98032112630554 ], [ 128.3403127470269, 36.980338068161934 ], [ 128.340231161103077, 36.980371907995917 ], [ 128.340125773814151, 36.98040150467213 ], [ 128.340071631728989, 36.980416700835221 ], [ 128.339994326757818, 36.980430332851753 ], [ 128.339063632963985, 36.980622107525484 ], [ 128.337890757229331, 36.980866411924211 ], [ 128.337480743712206, 36.981028669705772 ], [ 128.335926619157277, 36.981652216926001 ], [ 128.335426611204838, 36.98186981563989 ], [ 128.335375679134529, 36.98189268609736 ], [ 128.335098026711307, 36.982017374117895 ], [ 128.334928317551402, 36.982094741354274 ], [ 128.334848467471261, 36.98213338337753 ], [ 128.3347430315564, 36.982195146374913 ], [ 128.334577625047757, 36.982293601300974 ], [ 128.333917497388853, 36.982722044304225 ], [ 128.333743853121661, 36.982839286524502 ], [ 128.33366401489161, 36.982893969322276 ], [ 128.333572780647899, 36.982956459953115 ], [ 128.333419901002713, 36.983073818205035 ], [ 128.333236933907472, 36.983215604971129 ], [ 128.333085940035573, 36.983322784255684 ], [ 128.332932325547034, 36.983422035728289 ], [ 128.332776914215003, 36.98350739161517 ], [ 128.332692395176451, 36.983550158289681 ], [ 128.332615241210021, 36.983589196359141 ], [ 128.332357852700426, 36.983698920140782 ], [ 128.33158634487134, 36.984019140564037 ], [ 128.331416615593838, 36.984086308791014 ], [ 128.33089153231569, 36.984277702090708 ], [ 128.330524234603274, 36.984406809963119 ], [ 128.330427792250816, 36.984436824947721 ], [ 128.330336493274331, 36.984465238113195 ], [ 128.330253829501032, 36.98448694194807 ], [ 128.330163456977061, 36.984510662925537 ], [ 128.328548143166984, 36.984885807829286 ], [ 128.328469196577316, 36.98490399058003 ], [ 128.328382355777563, 36.984923985232321 ], [ 128.328226614428985, 36.984957886292825 ], [ 128.328148775930202, 36.984970502048888 ], [ 128.328102161825171, 36.984969696854975 ], [ 128.327727732296239, 36.986137874502418 ], [ 128.327685170937514, 36.986302424205782 ], [ 128.327673741729853, 36.986425907231634 ], [ 128.327683056290766, 36.986541280683447 ], [ 128.32782362999194, 36.986904584506156 ], [ 128.328279495458645, 36.987623866371258 ], [ 128.329710198691998, 36.989625570236697 ], [ 128.329852679176241, 36.989778801486544 ], [ 128.329995171451515, 36.98993203067311 ], [ 128.330132892133236, 36.990044028833957 ], [ 128.330250126373699, 36.990139354167766 ], [ 128.330925245087172, 36.990456192167649 ], [ 128.331619143804488, 36.990987422255742 ], [ 128.331942830217201, 36.99155762560865 ], [ 128.332800700721009, 36.993300705305643 ], [ 128.333884338909655, 36.995077920777682 ], [ 128.333945573386814, 36.995127745475081 ], [ 128.334091105486124, 36.995210453730017 ], [ 128.334594959713797, 36.995444501227098 ], [ 128.335098833828681, 36.995678543715051 ], [ 128.337948013501716, 36.996994476893462 ], [ 128.339122713320393, 36.997381679023604 ], [ 128.340071649994456, 36.997694451086247 ], [ 128.342009554504472, 36.998117111242351 ], [ 128.342655109991085, 36.998318483653307 ], [ 128.342755873884556, 36.998377688972568 ], [ 128.343023059506322, 36.998534705807515 ], [ 128.343092334476438, 36.998594677137085 ], [ 128.343121888592947, 36.998620262126089 ], [ 128.343339069046976, 36.998808303209699 ], [ 128.343674209355044, 36.999263207966806 ], [ 128.344218710186595, 37.000452565619781 ], [ 128.344612191628499, 37.001295001071519 ], [ 128.344813262809907, 37.001713846897445 ], [ 128.345349130220484, 37.002830060717031 ], [ 128.346323410258435, 37.004610525207319 ], [ 128.347315296587055, 37.005773336628216 ], [ 128.347999540416566, 37.006348621722168 ], [ 128.350504364403861, 37.006881842699187 ], [ 128.351555414771468, 37.007128862658654 ], [ 128.352108073344709, 37.007258758700793 ], [ 128.352638846604577, 37.007394182716574 ], [ 128.35375592104549, 37.007679214434845 ], [ 128.355120139365141, 37.00768074525292 ], [ 128.356644016595823, 37.007613911280004 ], [ 128.357959020813666, 37.007423985306637 ], [ 128.358044172624005, 37.007410959042531 ], [ 128.358129337850158, 37.007397929014779 ], [ 128.358303113441025, 37.007369092746508 ], [ 128.358476068793806, 37.007336793517467 ], [ 128.358829851343671, 37.007259807804708 ], [ 128.359913746676654, 37.007015747504319 ], [ 128.360081573507472, 37.006975812069818 ], [ 128.360246902284217, 37.006926862340478 ], [ 128.360422322291214, 37.006870378221706 ], [ 128.360565610213001, 37.006810905186278 ], [ 128.360900089691199, 37.006665944271468 ], [ 128.36202649626, 37.006156861648535 ], [ 128.362920779488377, 37.005710911093843 ], [ 128.374910423986705, 36.998505374631343 ], [ 128.374986136755439, 36.998459058030932 ], [ 128.375061838225463, 36.998412744169912 ], [ 128.375158514187433, 36.998346854646499 ], [ 128.375209441919537, 36.998298705990329 ], [ 128.375267486230371, 36.99824011152991 ], [ 128.375340412024286, 36.998156692324642 ], [ 128.375417730506399, 36.998042669220943 ], [ 128.375543461452992, 36.997834186744996 ], [ 128.375578213347779, 36.997761829889498 ], [ 128.375616882623405, 36.997648683083476 ], [ 128.375625306201982, 36.997608445819139 ], [ 128.375904448435847, 36.995635335961865 ], [ 128.376786244368674, 36.995714007360966 ], [ 128.382501028312078, 36.994942662060609 ], [ 128.382549017515515, 36.994981573548323 ], [ 128.384745920981942, 36.996167456396925 ], [ 128.384832124872815, 36.996191435014509 ], [ 128.384876773073557, 36.996197788852619 ], [ 128.384932064362602, 36.996194016168033 ], [ 128.388586248085801, 36.995257802729377 ], [ 128.389388320130791, 36.994486936203195 ], [ 128.389482940091852, 36.994258650899518 ], [ 128.389548847861846, 36.99408185310304 ], [ 128.389576090308935, 36.993974758407987 ], [ 128.390258084842287, 36.992818109991184 ], [ 128.392787036711837, 36.992253749373042 ], [ 128.397580934898969, 36.992153613148766 ], [ 128.397625585114241, 36.99215384699859 ], [ 128.399556942659842, 36.992204837102236 ], [ 128.400069775764422, 36.992227434812989 ], [ 128.400230343461317, 36.99223518350545 ], [ 128.400299988361411, 36.992247741100897 ], [ 128.400384019902305, 36.992262909090229 ], [ 128.400538517145719, 36.992314968205278 ], [ 128.402443179394453, 36.993076426318396 ], [ 128.40260471067171, 36.993148423478196 ], [ 128.40275457075046, 36.993249120024963 ], [ 128.402879923712618, 36.99337904902135 ], [ 128.402968339835979, 36.993464281083106 ], [ 128.403044332971291, 36.993525755307779 ], [ 128.403118900345163, 36.993545145255943 ], [ 128.403493591163226, 36.993622361774477 ], [ 128.403546543923682, 36.99363137124994 ], [ 128.40374869740586, 36.993652306262753 ], [ 128.403806084750244, 36.993654396867186 ], [ 128.404226014472528, 36.993635694309994 ], [ 128.405874864877433, 36.993300353199402 ], [ 128.406332781497383, 36.993164478833116 ], [ 128.411476361448592, 36.991231148692584 ], [ 128.413317156215811, 36.990377444383213 ], [ 128.418922539577864, 36.986875673172143 ], [ 128.420363931535434, 36.983426537603563 ], [ 128.420375680160873, 36.983284495589061 ], [ 128.420427506091102, 36.983160491095099 ], [ 128.421825725719856, 36.981161701040243 ], [ 128.421871166245467, 36.981128979322868 ], [ 128.42190580606578, 36.981120493934377 ], [ 128.423396677502097, 36.980971243606007 ], [ 128.424141387855286, 36.980948121572162 ], [ 128.424277394328158, 36.980959433708094 ], [ 128.424392032543182, 36.980968972241072 ], [ 128.424464383110262, 36.980978264884222 ], [ 128.425083545029764, 36.980984682165861 ], [ 128.425260878307284, 36.980985535629387 ], [ 128.425419999641974, 36.980974060653104 ], [ 128.426091725073803, 36.980769703746702 ], [ 128.426143876506529, 36.980734633954171 ], [ 128.426672014446154, 36.980117259500112 ], [ 128.428186336391349, 36.977048974703962 ], [ 128.430100771351476, 36.974235964796037 ], [ 128.430846796315222, 36.973635746265117 ], [ 128.430976233576189, 36.973553032579737 ], [ 128.431109631310306, 36.973480322230401 ], [ 128.43467057930178, 36.971841114227217 ], [ 128.434849733967354, 36.971775207492819 ], [ 128.435018255820694, 36.971736002978695 ], [ 128.435225036503795, 36.971715275101808 ], [ 128.435738249655941, 36.971701048817671 ], [ 128.435901268155391, 36.971706883198102 ], [ 128.435986275664703, 36.971726806739056 ], [ 128.43604633436604, 36.971740900976378 ], [ 128.436132577253119, 36.971766197012826 ], [ 128.436208032505931, 36.971788341078536 ], [ 128.436279286062188, 36.971812955654492 ], [ 128.436355102275968, 36.971839154943538 ], [ 128.437064913611607, 36.97163230135326 ], [ 128.438240995328584, 36.970983879911586 ], [ 128.438295054792036, 36.970948010897466 ], [ 128.438772613205771, 36.97060300735091 ], [ 128.438870768584167, 36.970526699919624 ], [ 128.440079441895165, 36.969563320885818 ], [ 128.440897665823371, 36.968733246366064 ], [ 128.441597997122727, 36.967545608947972 ], [ 128.441648459070336, 36.967462421077812 ], [ 128.441732212197593, 36.967374404367433 ], [ 128.441801156745811, 36.967313007538465 ], [ 128.443933585995666, 36.965686795816154 ], [ 128.44418541776227, 36.965521632962194 ], [ 128.444336358058024, 36.965426821579406 ], [ 128.444921781332511, 36.965096463144818 ], [ 128.444970551204989, 36.965089191797112 ], [ 128.445025094712975, 36.965081075821608 ], [ 128.448060591584266, 36.965013260241257 ], [ 128.455121749475779, 36.963401786152701 ], [ 128.456262748843756, 36.963019744953577 ], [ 128.457410642930085, 36.962612953832263 ], [ 128.457481062884256, 36.962579048997355 ], [ 128.458450159765619, 36.96208085572281 ], [ 128.468126937961898, 36.961598403400039 ], [ 128.474377272551777, 36.960582773445751 ], [ 128.474670516209301, 36.960524248279313 ], [ 128.475760204166647, 36.959957974705034 ], [ 128.475843979517578, 36.959908254779904 ], [ 128.475983108651889, 36.959824617574185 ], [ 128.476031354846185, 36.959771807456313 ], [ 128.476079612044572, 36.959718984608578 ], [ 128.476268456385498, 36.959459947153427 ], [ 128.476316075089272, 36.959359783666009 ], [ 128.477127209479278, 36.957540942850713 ] ] ] ] } },
{ "type": "Feature", "properties": { "OBJECTID": 2005, "adm_nm": "충청북도 단양군 매포읍", "adm_cd": "3338012", "adm_cd2": "4380025300", "sgg": "43800", "sido": "43", "sidonm": "충청북도", "sggnm": "단양군" }, "geometry": { "type": "MultiPolygon", "coordinates": [ [ [ [ 128.294309133063081, 37.097894188977527 ], [ 128.294860974273604, 37.096879757294438 ], [ 128.296328412046591, 37.094934649524674 ], [ 128.298715189220388, 37.09184547791353 ], [ 128.300402202898539, 37.090106117173974 ], [ 128.300561433468971, 37.090122006778046 ], [ 128.300836629130714, 37.090118966003928 ], [ 128.301342219387095, 37.090110732566664 ], [ 128.301434511985718, 37.090094440646027 ], [ 128.301484584874999, 37.090064787639825 ], [ 128.308001688677905, 37.084719388153857 ], [ 128.308213960288498, 37.084515754671308 ], [ 128.308377425717225, 37.084340831545802 ], [ 128.308440297928371, 37.084265710711016 ], [ 128.308475593607653, 37.084223535815859 ], [ 128.310939831493243, 37.081029214139519 ], [ 128.31098534139565, 37.08095275218529 ], [ 128.313155424870729, 37.078187931778018 ], [ 128.315591301435376, 37.076157566449417 ], [ 128.318530139228898, 37.073402109748429 ], [ 128.320880931867435, 37.069824773469719 ], [ 128.322598030172401, 37.067187154644358 ], [ 128.323156765633968, 37.066125486137992 ], [ 128.323425495345617, 37.065143585671137 ], [ 128.323457148568565, 37.064993806223946 ], [ 128.323810841286758, 37.061862797118039 ], [ 128.323819521489781, 37.061739462102381 ], [ 128.323810261093172, 37.061644483776554 ], [ 128.323780786663718, 37.061551307126408 ], [ 128.323735430501387, 37.061481949586792 ], [ 128.323683597787692, 37.061402689965419 ], [ 128.323630355996812, 37.061329998747617 ], [ 128.323583771084571, 37.061266396153293 ], [ 128.323527570704925, 37.061224445410602 ], [ 128.323463337761382, 37.061176501956169 ], [ 128.323319877376207, 37.061098784132824 ], [ 128.323272237257868, 37.061081654513544 ], [ 128.323241994692154, 37.061072716016895 ], [ 128.323197629389313, 37.06107083889902 ], [ 128.323138485855168, 37.061068343189781 ], [ 128.323093051986717, 37.061064275815205 ], [ 128.323055238579968, 37.061056476000637 ], [ 128.323001336019786, 37.061027283815129 ], [ 128.322262381142508, 37.060454324676464 ], [ 128.322237637756103, 37.060425990061582 ], [ 128.322222960230931, 37.060390188714578 ], [ 128.322235835340592, 37.060347044611305 ], [ 128.32235167012405, 37.060255621265561 ], [ 128.324427577376383, 37.058791439073822 ], [ 128.324484725313454, 37.058756543184622 ], [ 128.324530926396534, 37.058745259127917 ], [ 128.325086239083106, 37.058640061598823 ], [ 128.325795784643958, 37.058529612554814 ], [ 128.326379115024764, 37.058493133801676 ], [ 128.331029818988441, 37.056838230103295 ], [ 128.33106158551459, 37.056721742135139 ], [ 128.331321488150564, 37.055993411279971 ], [ 128.331398284894277, 37.055821221504054 ], [ 128.33254383389928, 37.053787865217615 ], [ 128.332606019190905, 37.053703934916989 ], [ 128.33270240541782, 37.053575157416589 ], [ 128.337857022364432, 37.046752485129289 ], [ 128.338023554362962, 37.046592837554115 ], [ 128.338673129646139, 37.04599213097444 ], [ 128.338779298978523, 37.045924391260932 ], [ 128.338869861173237, 37.04588275845277 ], [ 128.338968210807224, 37.045837558614949 ], [ 128.340840659905979, 37.045010398409431 ], [ 128.340909922845981, 37.04498582363945 ], [ 128.341125492769237, 37.044945801697338 ], [ 128.346340170703343, 37.041962103118301 ], [ 128.346288598000626, 37.041651362178548 ], [ 128.345551288355864, 37.03984224758694 ], [ 128.344512380822835, 37.038008753525254 ], [ 128.343256716172334, 37.036862446259796 ], [ 128.343250110597552, 37.035897852491779 ], [ 128.343885283432968, 37.032224036166767 ], [ 128.344015778194006, 37.031688376564254 ], [ 128.344387577915171, 37.030464184013447 ], [ 128.344420983187064, 37.030407490902796 ], [ 128.346307610338329, 37.027827131295282 ], [ 128.347481804878498, 37.026536619109692 ], [ 128.348769463219355, 37.025090334638556 ], [ 128.348905215113007, 37.024911179686853 ], [ 128.349135490140412, 37.024607070575591 ], [ 128.349233060397381, 37.024444258831764 ], [ 128.349637712306645, 37.022872166345209 ], [ 128.349659414582675, 37.022748575201511 ], [ 128.349643101386874, 37.022686195309305 ], [ 128.349613193370573, 37.0226250323051 ], [ 128.349199879783299, 37.021904869035424 ], [ 128.349128993277446, 37.021806906033383 ], [ 128.349069148290795, 37.021752142585015 ], [ 128.348880932462379, 37.021585992341748 ], [ 128.348621490984783, 37.021361963095501 ], [ 128.348479040495079, 37.021308464311836 ], [ 128.348294240958182, 37.021253009160695 ], [ 128.346249295388247, 37.017927181953539 ], [ 128.346111814020929, 37.017664967714744 ], [ 128.346020589854618, 37.017438123095012 ], [ 128.345685304075857, 37.016211713753762 ], [ 128.345660662137334, 37.015959194376805 ], [ 128.346226590068369, 37.015503478238919 ], [ 128.34777696162007, 37.015273928219088 ], [ 128.348171654199831, 37.015331208770753 ], [ 128.349064128879945, 37.01544634445829 ], [ 128.349356560687482, 37.015406614236483 ], [ 128.350355409040077, 37.015136542369419 ], [ 128.351115594693653, 37.01464468307956 ], [ 128.351824467680842, 37.014125005478853 ], [ 128.352621692403744, 37.013316451232988 ], [ 128.352782174971424, 37.012628428446725 ], [ 128.352551409121986, 37.009458163601828 ], [ 128.351367411447313, 37.008161165111076 ], [ 128.351831787482951, 37.007974032835484 ], [ 128.352181734609616, 37.00783954995763 ], [ 128.35229334023964, 37.007812486732519 ], [ 128.352373772274206, 37.007796999705349 ], [ 128.352540642486957, 37.007770226200542 ], [ 128.35375592104549, 37.007679214434845 ], [ 128.352638846604577, 37.007394182716574 ], [ 128.352108073344709, 37.007258758700793 ], [ 128.351555414771468, 37.007128862658654 ], [ 128.350504364403861, 37.006881842699187 ], [ 128.347999540416566, 37.006348621722168 ], [ 128.347315296587055, 37.005773336628216 ], [ 128.346323410258435, 37.004610525207319 ], [ 128.345349130220484, 37.002830060717031 ], [ 128.344813262809907, 37.001713846897445 ], [ 128.344612191628499, 37.001295001071519 ], [ 128.344218710186595, 37.000452565619781 ], [ 128.343674209355044, 36.999263207966806 ], [ 128.343339069046976, 36.998808303209699 ], [ 128.343121888592947, 36.998620262126089 ], [ 128.343092334476438, 36.998594677137085 ], [ 128.343023059506322, 36.998534705807515 ], [ 128.342755873884556, 36.998377688972568 ], [ 128.342655109991085, 36.998318483653307 ], [ 128.342009554504472, 36.998117111242351 ], [ 128.340071649994456, 36.997694451086247 ], [ 128.339122713320393, 36.997381679023604 ], [ 128.337948013501716, 36.996994476893462 ], [ 128.335098833828681, 36.995678543715051 ], [ 128.334594959713797, 36.995444501227098 ], [ 128.334091105486124, 36.995210453730017 ], [ 128.333945573386814, 36.995127745475081 ], [ 128.333884338909655, 36.995077920777682 ], [ 128.332800700721009, 36.993300705305643 ], [ 128.331942830217201, 36.99155762560865 ], [ 128.331619143804488, 36.990987422255742 ], [ 128.330925245087172, 36.990456192167649 ], [ 128.330250126373699, 36.990139354167766 ], [ 128.330132892133236, 36.990044028833957 ], [ 128.329995171451515, 36.98993203067311 ], [ 128.329852679176241, 36.989778801486544 ], [ 128.329710198691998, 36.989625570236697 ], [ 128.328279495458645, 36.987623866371258 ], [ 128.32782362999194, 36.986904584506156 ], [ 128.327683056290766, 36.986541280683447 ], [ 128.327673741729853, 36.986425907231634 ], [ 128.327685170937514, 36.986302424205782 ], [ 128.327727732296239, 36.986137874502418 ], [ 128.328102161825171, 36.984969696854975 ], [ 128.326446850175103, 36.984594631996018 ], [ 128.326283700433464, 36.98455092302121 ], [ 128.318994381411585, 36.981751614398952 ], [ 128.315611412712002, 36.979668062087491 ], [ 128.315443963274959, 36.979541319747156 ], [ 128.315078975449893, 36.979300425548473 ], [ 128.315040209256239, 36.979276518305284 ], [ 128.314935886062955, 36.979227689703372 ], [ 128.314881552656885, 36.979210069409632 ], [ 128.314784531723348, 36.979195913274971 ], [ 128.31224634113093, 36.978953768565653 ], [ 128.312199425088465, 36.978951260893631 ], [ 128.312119080372838, 36.978956835067443 ], [ 128.311833528846989, 36.979011654674608 ], [ 128.311669370378866, 36.979045294108026 ], [ 128.311003084500385, 36.979188399688752 ], [ 128.310534014569953, 36.979294074029276 ], [ 128.310206492580505, 36.979370548068516 ], [ 128.309547612337582, 36.979525659577 ], [ 128.308892401978852, 36.979696657921714 ], [ 128.308392805432817, 36.979849604024459 ], [ 128.308345194875955, 36.97987420709353 ], [ 128.302766938608244, 36.983233649772885 ], [ 128.302628436701013, 36.983333016039317 ], [ 128.302476567368132, 36.983446568025499 ], [ 128.302445664450431, 36.983496109882182 ], [ 128.30114461226276, 36.985722007551118 ], [ 128.299781947260357, 36.988105644074523 ], [ 128.299742661953303, 36.988188298569625 ], [ 128.299285958145475, 36.989237946940285 ], [ 128.299270939387043, 36.989284625348397 ], [ 128.29911329236586, 36.99069455130536 ], [ 128.299115348683927, 36.990727730449187 ], [ 128.299158973448215, 36.990784478609733 ], [ 128.299203793532683, 36.990820890784519 ], [ 128.299250593204249, 36.990838464359143 ], [ 128.29978538067175, 36.990948664762534 ], [ 128.299966980519969, 36.990976876915198 ], [ 128.300161429027241, 36.991024694596078 ], [ 128.300267666611091, 36.991063703080066 ], [ 128.301166281953101, 36.992376808685414 ], [ 128.30172428131624, 36.99333901219709 ], [ 128.303737465700124, 36.99779380073285 ], [ 128.303746745752619, 36.997860158922983 ], [ 128.304125337035032, 37.000995364325526 ], [ 128.304117683568819, 37.001156520325338 ], [ 128.303943442089803, 37.003283961713969 ], [ 128.303935202529402, 37.003312126436036 ], [ 128.30360172386176, 37.003709611421954 ], [ 128.303496624369245, 37.003825863099131 ], [ 128.301657856722841, 37.005833830345125 ], [ 128.299210917715669, 37.009358825435505 ], [ 128.298412171896672, 37.010896435809016 ], [ 128.298377475441924, 37.011015717562444 ], [ 128.298378401059153, 37.011086368904529 ], [ 128.298387465379989, 37.01115182291074 ], [ 128.298433758432623, 37.011334469364733 ], [ 128.298472893383064, 37.011440034217557 ], [ 128.298615070355453, 37.011643811866612 ], [ 128.298838795852362, 37.011872471217217 ], [ 128.298949340321201, 37.012033590881082 ], [ 128.298997349519908, 37.012212377377388 ], [ 128.29921706021122, 37.013563462819718 ], [ 128.299206998777294, 37.013618644086193 ], [ 128.298471576593414, 37.014876657985127 ], [ 128.298003925790908, 37.0155709384033 ], [ 128.297686273543775, 37.015876194155972 ], [ 128.296476545642435, 37.017179971912221 ], [ 128.294487846171506, 37.0194147795549 ], [ 128.294089540112338, 37.019865273493444 ], [ 128.293783173812443, 37.020227911195676 ], [ 128.293428180235026, 37.020699674130185 ], [ 128.293285168555116, 37.020895371214444 ], [ 128.292638202632872, 37.021978488046088 ], [ 128.292728962362332, 37.021991183064294 ], [ 128.292804737420539, 37.0219855613026 ], [ 128.293062402031495, 37.021968895901047 ], [ 128.29328201735666, 37.021970198025052 ], [ 128.293380407273304, 37.021976858840759 ], [ 128.293644668308048, 37.022063385400507 ], [ 128.293794553328524, 37.022234191774345 ], [ 128.293673977823687, 37.023489694728084 ], [ 128.291389536661427, 37.027184978893999 ], [ 128.291354444734253, 37.027205122483537 ], [ 128.291292418890549, 37.027221276632531 ], [ 128.290063076128803, 37.027362749662416 ], [ 128.288000868157781, 37.02736502523998 ], [ 128.287450187564275, 37.027209708264756 ], [ 128.287190724270573, 37.027131160606636 ], [ 128.286934989093453, 37.026993498980552 ], [ 128.28677904482555, 37.026872328203901 ], [ 128.286356299813889, 37.026611530480018 ], [ 128.286274712206961, 37.026598001836774 ], [ 128.285889308886254, 37.026583576830262 ], [ 128.285690074206826, 37.026597322205724 ], [ 128.285288276560863, 37.026639422487669 ], [ 128.285096098943228, 37.026660191767505 ], [ 128.284745773622632, 37.026712763927542 ], [ 128.28461063367908, 37.026743122148069 ], [ 128.28188977153539, 37.027407171532538 ], [ 128.281740963759944, 37.027456846451265 ], [ 128.281695276037908, 37.027506811826768 ], [ 128.28117476269594, 37.028118036203296 ], [ 128.281051733332646, 37.028296766566044 ], [ 128.280691580346314, 37.02883255645132 ], [ 128.280649492755032, 37.028906959442594 ], [ 128.280622097831127, 37.028969761897017 ], [ 128.280595359561829, 37.029111344627431 ], [ 128.280569890214849, 37.029269925103002 ], [ 128.280556600255466, 37.029431574094801 ], [ 128.280559191966461, 37.029605397686993 ], [ 128.280570268922247, 37.029675958817769 ], [ 128.280617237147709, 37.029783321180965 ], [ 128.280661893253836, 37.029884246404691 ], [ 128.27959775344641, 37.032002609390602 ], [ 128.279538845156594, 37.032115729180376 ], [ 128.279486358629697, 37.032193835458607 ], [ 128.279423029230628, 37.032275282371025 ], [ 128.279343242682955, 37.032357722533661 ], [ 128.279262156290656, 37.032427735258878 ], [ 128.278498282673439, 37.033029314966477 ], [ 128.273351296513596, 37.03639052219819 ], [ 128.271584656949472, 37.037312891770227 ], [ 128.271528186694326, 37.037332816081936 ], [ 128.271461244236804, 37.03734024814672 ], [ 128.271420479746837, 37.037337379876504 ], [ 128.271337487596583, 37.037317273439484 ], [ 128.270451287103043, 37.036934494558089 ], [ 128.26996343210979, 37.036691513020791 ], [ 128.269713029082737, 37.036520608724487 ], [ 128.269557125209701, 37.036447716615406 ], [ 128.26948077027086, 37.036415861849164 ], [ 128.269406614980284, 37.036408213787887 ], [ 128.2692450793256, 37.036412437775105 ], [ 128.266252154966054, 37.036702561323118 ], [ 128.266169607416487, 37.036721019035845 ], [ 128.266097592312576, 37.036745421123868 ], [ 128.265452638308773, 37.037144227751348 ], [ 128.260655705075067, 37.040264930373539 ], [ 128.260450888953784, 37.040440847365154 ], [ 128.260226774776584, 37.040672238133205 ], [ 128.260144755181756, 37.04080186247797 ], [ 128.260105866162945, 37.040944174599701 ], [ 128.259920433370269, 37.041976863913199 ], [ 128.259802697125593, 37.044017622600343 ], [ 128.259809885434692, 37.044117061156058 ], [ 128.25982900804982, 37.044165589820658 ], [ 128.259873304795491, 37.044222748741696 ], [ 128.259933264796985, 37.044264988066949 ], [ 128.259993278540406, 37.044300654805532 ], [ 128.261711514968255, 37.045190879330974 ], [ 128.261961840363654, 37.045202271170361 ], [ 128.26210688130422, 37.045218856733825 ], [ 128.262319362199776, 37.045262685817178 ], [ 128.262460906597653, 37.045301478113316 ], [ 128.262749466196027, 37.045408569964287 ], [ 128.26287609199224, 37.045473449945625 ], [ 128.263058668920678, 37.045573317983241 ], [ 128.263232069568488, 37.04569470202545 ], [ 128.264685451556915, 37.046986069604806 ], [ 128.264732221591913, 37.047041279889001 ], [ 128.264739975531768, 37.047085787682036 ], [ 128.264719888420473, 37.04713666314175 ], [ 128.264683663372153, 37.04717045987163 ], [ 128.264635976457782, 37.047209387394879 ], [ 128.264136660650848, 37.047555494133647 ], [ 128.263281330970074, 37.048272078491109 ], [ 128.26310582149722, 37.04845343346684 ], [ 128.263061246253415, 37.048506781886388 ], [ 128.263008114862231, 37.048686266018329 ], [ 128.262900868617038, 37.049062890197085 ], [ 128.262835373419705, 37.049339082554262 ], [ 128.262794325913177, 37.049619364231738 ], [ 128.262782612018981, 37.049902423831178 ], [ 128.262782550176581, 37.050076375354593 ], [ 128.262808300362394, 37.050197510260347 ], [ 128.262872594985481, 37.05029600259379 ], [ 128.264816006798355, 37.051878117059843 ], [ 128.264900508168836, 37.051913945160301 ], [ 128.265158658255956, 37.051960679061594 ], [ 128.266463656436912, 37.051990999318591 ], [ 128.267915976805028, 37.05188554720548 ], [ 128.267988606203431, 37.051884035011 ], [ 128.268148117394929, 37.051922956485093 ], [ 128.268247395574861, 37.051949722863483 ], [ 128.268342307810826, 37.052004582917974 ], [ 128.27083917417329, 37.053454042895112 ], [ 128.270906439139736, 37.053497435165781 ], [ 128.270958472229324, 37.053547761797873 ], [ 128.271004406474447, 37.053625223595169 ], [ 128.271031871328205, 37.053680645999826 ], [ 128.271045235126394, 37.05374650826213 ], [ 128.27105040132264, 37.053817598811591 ], [ 128.270925671918405, 37.057212182215558 ], [ 128.27092179608411, 37.057251638757577 ], [ 128.270906146665254, 37.057300648353717 ], [ 128.270781433920178, 37.057530585888607 ], [ 128.270737685546464, 37.057590828440297 ], [ 128.270568850981846, 37.057794159694744 ], [ 128.27052400682328, 37.057846506608819 ], [ 128.268389636215346, 37.060157723020282 ], [ 128.2682553295883, 37.060273671623158 ], [ 128.267588181921667, 37.060737804107951 ], [ 128.267409926633746, 37.060829679097381 ], [ 128.267324522709629, 37.060851081226225 ], [ 128.267170300294623, 37.060870292664212 ], [ 128.266803610323478, 37.060896988218282 ], [ 128.26293642948491, 37.062322858883064 ], [ 128.258625106993122, 37.0650009933116 ], [ 128.258514302483604, 37.06499592207463 ], [ 128.258343833498003, 37.06500450187437 ], [ 128.257571691172558, 37.06507947101268 ], [ 128.257507346076437, 37.065096631975884 ], [ 128.25513102544906, 37.065952682569836 ], [ 128.255041934029776, 37.065992466512832 ], [ 128.249987766407912, 37.069864633314161 ], [ 128.249890136471151, 37.069941205293212 ], [ 128.249767670001461, 37.070050956483314 ], [ 128.249592107774077, 37.070219126431041 ], [ 128.24909925741494, 37.070725597021031 ], [ 128.249040149172743, 37.070800665731497 ], [ 128.248960869337253, 37.070910676080217 ], [ 128.248909752369997, 37.071005091724963 ], [ 128.248896366248971, 37.071060273184258 ], [ 128.24888507204443, 37.071140008486083 ], [ 128.248887626288933, 37.07123651633799 ], [ 128.248893077385873, 37.071274240218933 ], [ 128.24901284299645, 37.071439027165702 ], [ 128.249086625026791, 37.071531600329983 ], [ 128.249262457969934, 37.071691478072132 ], [ 128.249351213752732, 37.071804326554151 ], [ 128.249403881012285, 37.071908158121445 ], [ 128.249426481346489, 37.071982853147617 ], [ 128.249555401067653, 37.072993237364742 ], [ 128.24957488635701, 37.073146850696403 ], [ 128.249617483537861, 37.073680419322613 ], [ 128.249609442279422, 37.073784753420036 ], [ 128.249453820687023, 37.075063901619153 ], [ 128.251440100987054, 37.078125065996097 ], [ 128.252349979803029, 37.079220855292334 ], [ 128.255773974543501, 37.082379300739063 ], [ 128.25587798197833, 37.082451141804576 ], [ 128.258702974780221, 37.083979000519399 ], [ 128.258804664251272, 37.084033954199249 ], [ 128.258842045703062, 37.084036065887602 ], [ 128.260211811090528, 37.083688645036666 ], [ 128.262062425162185, 37.083377464230082 ], [ 128.262165533817381, 37.083366000959352 ], [ 128.262340061185483, 37.083367087658374 ], [ 128.262419837989455, 37.08336758439539 ], [ 128.262524352212608, 37.083388845517227 ], [ 128.262621306150947, 37.083417552119307 ], [ 128.262720530464264, 37.083472520090879 ], [ 128.267561990431318, 37.086308327075763 ], [ 128.269737824574747, 37.088016290938292 ], [ 128.269447794446819, 37.08830499365483 ], [ 128.269098196525221, 37.088496501069187 ], [ 128.268970253954279, 37.088495719045426 ], [ 128.268739850838841, 37.088494284161982 ], [ 128.268328205290345, 37.088382804001007 ], [ 128.267892109728137, 37.088138042705751 ], [ 128.26676041851988, 37.087901067646143 ], [ 128.265400105606943, 37.087856313373621 ], [ 128.26506370660934, 37.087869162152707 ], [ 128.264624684673151, 37.087926947032201 ], [ 128.264473034357451, 37.087974415716744 ], [ 128.261421347168266, 37.092208571585992 ], [ 128.261410529218921, 37.092294720008326 ], [ 128.261407306519317, 37.092369616974992 ], [ 128.261419208337088, 37.092427782263947 ], [ 128.261458077533263, 37.09253295222851 ], [ 128.261545727024128, 37.092752704053467 ], [ 128.261647940780591, 37.093011891656154 ], [ 128.261698898769367, 37.093156487137712 ], [ 128.261759147962977, 37.093372334104387 ], [ 128.261762982033162, 37.093490397374033 ], [ 128.26176410058892, 37.093630912297641 ], [ 128.261739935971718, 37.093808761844286 ], [ 128.261575644566733, 37.094547809586871 ], [ 128.261534026468411, 37.094725558427477 ], [ 128.261310747489773, 37.095632858863588 ], [ 128.26105997596423, 37.096288954607111 ], [ 128.260955159397554, 37.096552453961259 ], [ 128.260832593140918, 37.096847724493735 ], [ 128.260758626235173, 37.097015884078225 ], [ 128.260680311841014, 37.097120324047154 ], [ 128.260599833967319, 37.097189148854518 ], [ 128.260476876751397, 37.097267088841889 ], [ 128.260339034093221, 37.097337408111819 ], [ 128.260106260861761, 37.097424011234445 ], [ 128.259981056210279, 37.097477573060338 ], [ 128.25982311465313, 37.097562763947806 ], [ 128.259639950083027, 37.097675913780158 ], [ 128.259519320627277, 37.097772579904351 ], [ 128.259401068975308, 37.097878635950998 ], [ 128.25932804666445, 37.097949382622652 ], [ 128.259252272811523, 37.098048207644631 ], [ 128.259143237074625, 37.098233021583795 ], [ 128.258703892046697, 37.099554921543927 ], [ 128.25860075868431, 37.099900900138735 ], [ 128.258180729974384, 37.101539535582909 ], [ 128.258144237502592, 37.101700437289104 ], [ 128.258107450081383, 37.10189318933481 ], [ 128.258110504748259, 37.102089948482316 ], [ 128.258114430629462, 37.102198640123483 ], [ 128.258139644931362, 37.102302660677083 ], [ 128.258156334820796, 37.102332295844029 ], [ 128.258197280388998, 37.102397757322279 ], [ 128.258511105782873, 37.102695759627601 ], [ 128.259436411975713, 37.103556916795867 ], [ 128.259597599038415, 37.103678255496845 ], [ 128.259705831350459, 37.103754235627875 ], [ 128.264473573060286, 37.10936923753772 ], [ 128.267162701333234, 37.11281419116272 ], [ 128.267267936460485, 37.11309070980743 ], [ 128.26736405258788, 37.113294333171758 ], [ 128.267449925937882, 37.113430736586508 ], [ 128.26755200340844, 37.113582795168938 ], [ 128.267716097848137, 37.113745885492946 ], [ 128.267873968734818, 37.11387621021467 ], [ 128.268064379736273, 37.114021451271491 ], [ 128.273348401743618, 37.117297392957667 ], [ 128.273419294511257, 37.117320424652696 ], [ 128.273476592435543, 37.117335170971195 ], [ 128.273651569751877, 37.117342390668469 ], [ 128.273783136170692, 37.117314454806909 ], [ 128.273876450224236, 37.117280119754909 ], [ 128.277225936552156, 37.115665489810461 ], [ 128.277584312702317, 37.115657388912517 ], [ 128.277641947444891, 37.115637209777667 ], [ 128.277906167446531, 37.1154621718483 ], [ 128.278010812718122, 37.115386777834708 ], [ 128.278049543350335, 37.115339777829043 ], [ 128.278135429390488, 37.115226312582593 ], [ 128.278545378989008, 37.114682393856725 ], [ 128.278784281882395, 37.114294580056622 ], [ 128.278890011235205, 37.11410417628263 ], [ 128.278934891480247, 37.113987370616165 ], [ 128.278937957900666, 37.113952470690329 ], [ 128.278914911887568, 37.113786956892611 ], [ 128.278891437986431, 37.113667676141887 ], [ 128.278864822020154, 37.113591508488135 ], [ 128.278419542581503, 37.112672639329368 ], [ 128.278201856891229, 37.112268678581252 ], [ 128.278097641755295, 37.112010248852833 ], [ 128.278079000014998, 37.111958795612864 ], [ 128.277835090676092, 37.110861398969803 ], [ 128.277844003259105, 37.11078544324306 ], [ 128.277885601763103, 37.110726122098988 ], [ 128.278198209522827, 37.110351088022327 ], [ 128.278476721366019, 37.110109369194781 ], [ 128.278617002903729, 37.110023945980139 ], [ 128.278792694474248, 37.109957219482936 ], [ 128.27906130852142, 37.109893129942314 ], [ 128.279351919439421, 37.10981889954369 ], [ 128.279448009779799, 37.109779416492167 ], [ 128.279596376070344, 37.109706382845538 ], [ 128.279722817315331, 37.109639360437633 ], [ 128.279849486187402, 37.109547691128888 ], [ 128.282314387173642, 37.107438641117035 ], [ 128.283569171322227, 37.106330829562296 ], [ 128.285513760491227, 37.104568784315653 ], [ 128.286027886195626, 37.103985403159776 ], [ 128.289921958043379, 37.101049028728553 ], [ 128.290140204621053, 37.100992146365876 ], [ 128.290546435652203, 37.100879869408239 ], [ 128.290809156804414, 37.100807105819591 ], [ 128.290969022332376, 37.100741814481317 ], [ 128.291374355791618, 37.10050833970115 ], [ 128.291887294131328, 37.100193069977863 ], [ 128.292090120506373, 37.10005856706001 ], [ 128.292216031831202, 37.099959133926319 ], [ 128.294309133063081, 37.097894188977527 ] ] ] ] } },
{ "type": "Feature", "properties": { "OBJECTID": 2006, "adm_nm": "충청북도 단양군 단성면", "adm_cd": "3338031", "adm_cd2": "4380036000", "sgg": "43800", "sido": "43", "sidonm": "충청북도", "sggnm": "단양군" }, "geometry": { "type": "MultiPolygon", "coordinates": [ [ [ [ 128.349441757689647, 36.931233531238504 ], [ 128.348356288945951, 36.930770092558035 ], [ 128.348210383309123, 36.930703344706757 ], [ 128.348106139997213, 36.930648966924402 ], [ 128.348000141437154, 36.930591817076831 ], [ 128.347612423579108, 36.930382514282762 ], [ 128.347540922563695, 36.930329505064584 ], [ 128.347458060106646, 36.930255340175059 ], [ 128.347250349054718, 36.930039104233231 ], [ 128.345890990887966, 36.928575474377531 ], [ 128.34498941988582, 36.927483989557466 ], [ 128.343288894973455, 36.925378523636844 ], [ 128.342855861426699, 36.924709247187025 ], [ 128.342902935482186, 36.924607585530893 ], [ 128.343964563459394, 36.924154458202352 ], [ 128.346439104371484, 36.922906611465152 ], [ 128.346587874673702, 36.922815376976558 ], [ 128.346842168177176, 36.922659428373308 ], [ 128.346878396743193, 36.922595918744697 ], [ 128.347070773469625, 36.922251246604013 ], [ 128.347117283356511, 36.922153013623237 ], [ 128.347156816252465, 36.922059421351861 ], [ 128.347187264764045, 36.921936873312589 ], [ 128.347203816731536, 36.921812342082923 ], [ 128.347200375086203, 36.921676520650188 ], [ 128.347176086810805, 36.921523839767758 ], [ 128.347061178540883, 36.921207488463899 ], [ 128.346894706168541, 36.920936871710033 ], [ 128.346791303801979, 36.920797439644353 ], [ 128.344653593420674, 36.917936011027237 ], [ 128.344572427518443, 36.917836453016704 ], [ 128.344514802331929, 36.917788266732749 ], [ 128.344413236368013, 36.917710948541497 ], [ 128.344080081777207, 36.91747238715778 ], [ 128.343994633075482, 36.917425597218461 ], [ 128.343905940244298, 36.917378420114233 ], [ 128.343809547452651, 36.917337882571587 ], [ 128.34356042436886, 36.917257932985422 ], [ 128.343016715988341, 36.91710201377451 ], [ 128.342900879083118, 36.917078752330745 ], [ 128.34278797765586, 36.917066582753378 ], [ 128.342647896526728, 36.917056817078802 ], [ 128.342504053532423, 36.91704267083724 ], [ 128.342360221049461, 36.917025392785014 ], [ 128.34232166543643, 36.917006248520913 ], [ 128.338247608080707, 36.914739815592426 ], [ 128.337589874788137, 36.913914897945979 ], [ 128.334740334855752, 36.910104623995863 ], [ 128.334627999979517, 36.909937743735178 ], [ 128.334559692973357, 36.909780470699879 ], [ 128.334512372397342, 36.909622711261541 ], [ 128.334498931032499, 36.909465035629005 ], [ 128.334496510262483, 36.909123884864073 ], [ 128.33450420088721, 36.908949643032329 ], [ 128.334518179463771, 36.908774745855347 ], [ 128.334549103177096, 36.908600018093104 ], [ 128.33361628774955, 36.905436609393782 ], [ 128.33171081299372, 36.903387568375472 ], [ 128.327082358601245, 36.899025237428702 ], [ 128.323631215060033, 36.896602544468202 ], [ 128.322266591445697, 36.89526095979307 ], [ 128.322014817416601, 36.89499776093335 ], [ 128.321941237441678, 36.894869302876451 ], [ 128.321925907804683, 36.894825464072298 ], [ 128.32190869298816, 36.894776210779426 ], [ 128.321916965310578, 36.894683973933688 ], [ 128.321931383354098, 36.894626582728201 ], [ 128.323619086807412, 36.890673738485475 ], [ 128.324749804427455, 36.888164915138368 ], [ 128.326913801726107, 36.883525249101098 ], [ 128.327026822949819, 36.883403515319344 ], [ 128.327106170282917, 36.883296554151229 ], [ 128.327238183745749, 36.883056180017803 ], [ 128.327277719608702, 36.882948452014482 ], [ 128.32731106290862, 36.882816447315108 ], [ 128.327357098225775, 36.882263181583767 ], [ 128.327360740083407, 36.881846999126694 ], [ 128.327347183729728, 36.881630568059336 ], [ 128.32732467550926, 36.88140896918415 ], [ 128.327302233252851, 36.881193471646867 ], [ 128.327277820977059, 36.881035834669646 ], [ 128.327243944747693, 36.88094580084644 ], [ 128.327209642892484, 36.880892449347407 ], [ 128.326633484155053, 36.880033511670256 ], [ 128.326139821142277, 36.879437899792933 ], [ 128.325802559463625, 36.879052836100854 ], [ 128.325737666735705, 36.878970919318604 ], [ 128.32569586175012, 36.878903549894019 ], [ 128.325677027946114, 36.878851269523238 ], [ 128.325668535848394, 36.878796432939851 ], [ 128.325670337875124, 36.878733475918558 ], [ 128.326033851784103, 36.87661988413808 ], [ 128.32609772802553, 36.876321093880868 ], [ 128.326112599220011, 36.876273963523609 ], [ 128.326808112794652, 36.874692201432502 ], [ 128.326886030113656, 36.87454413307514 ], [ 128.32692927859722, 36.874472845898723 ], [ 128.326995651885568, 36.874384908725908 ], [ 128.327151275579865, 36.874224605091115 ], [ 128.327315472522969, 36.874046564417036 ], [ 128.327419593734163, 36.873926972621838 ], [ 128.32747225362229, 36.873857422589623 ], [ 128.327780917783258, 36.873434495473049 ], [ 128.327822286748187, 36.873371748639407 ], [ 128.327888861180554, 36.873262916987009 ], [ 128.327960643068366, 36.873134269714868 ], [ 128.327975583168922, 36.873093267490354 ], [ 128.327959428287755, 36.872506945620842 ], [ 128.327957381249121, 36.872446396018347 ], [ 128.327941167038688, 36.87235041772739 ], [ 128.32749507742497, 36.870186566315972 ], [ 128.327482675614078, 36.87014270134452 ], [ 128.327159488075665, 36.869500819998194 ], [ 128.327126016847785, 36.869442430747483 ], [ 128.327045135862875, 36.869330059882287 ], [ 128.327002161975116, 36.869281252284161 ], [ 128.32697421053399, 36.869259463456487 ], [ 128.326885349842712, 36.869200102879766 ], [ 128.326801461033142, 36.869149004466578 ], [ 128.326472360352824, 36.868988356204035 ], [ 128.326415484822604, 36.868965775899184 ], [ 128.326362795714346, 36.868950422119504 ], [ 128.323002857481953, 36.868053735176112 ], [ 128.322640586209815, 36.868020851993734 ], [ 128.322566448582535, 36.868020799035058 ], [ 128.320291018566763, 36.868089962210284 ], [ 128.318850598018457, 36.868277577574148 ], [ 128.318699441711914, 36.868301500110469 ], [ 128.318661840828611, 36.868305246784161 ], [ 128.318594027902776, 36.868300523409758 ], [ 128.318514682814595, 36.868281409553688 ], [ 128.318470170895438, 36.868267915103274 ], [ 128.318350891397756, 36.868224886085834 ], [ 128.318302884558278, 36.868200541602441 ], [ 128.318214834018818, 36.868151918546623 ], [ 128.315797854940939, 36.866477121935965 ], [ 128.309072159487869, 36.861714423205576 ], [ 128.308929408785644, 36.861589776679416 ], [ 128.308490965965632, 36.861188949641083 ], [ 128.30839092985471, 36.861091050537702 ], [ 128.308298057267564, 36.860994361039353 ], [ 128.308263655584852, 36.860954336733556 ], [ 128.308237303215321, 36.860904635724133 ], [ 128.308203104310195, 36.860829105953833 ], [ 128.308177180513667, 36.860733167220516 ], [ 128.308164447568146, 36.860665603522186 ], [ 128.307927123849367, 36.859254927214288 ], [ 128.307917400216297, 36.859140062537818 ], [ 128.307919729838034, 36.859080884357141 ], [ 128.30792991840508, 36.859044262649924 ], [ 128.308625770706527, 36.858131828353336 ], [ 128.308808110812095, 36.857907167828763 ], [ 128.308832781981351, 36.857881815538633 ], [ 128.308905473257425, 36.857818360741064 ], [ 128.309013215693625, 36.857744277343002 ], [ 128.309178511725975, 36.857630808492686 ], [ 128.309232444208163, 36.857594173715732 ], [ 128.309370656323921, 36.857524616903468 ], [ 128.309749901789047, 36.857349577724975 ], [ 128.310144394050099, 36.857173822244867 ], [ 128.310348803712088, 36.857087168910994 ], [ 128.31040894681297, 36.857057682941907 ], [ 128.310537177272181, 36.856989578345406 ], [ 128.310655775351592, 36.856917375558481 ], [ 128.311099486545885, 36.856630707088165 ], [ 128.312453282086636, 36.85572809890747 ], [ 128.31277690712821, 36.855488485174078 ], [ 128.312990065372901, 36.855313474217496 ], [ 128.313208961554182, 36.85511199973233 ], [ 128.313370289322961, 36.854938926511657 ], [ 128.316120719674643, 36.851823028258821 ], [ 128.316151531999509, 36.851787523539329 ], [ 128.318014410552479, 36.848469474979218 ], [ 128.318052847451355, 36.848359399753171 ], [ 128.318205050087528, 36.847904735883006 ], [ 128.318198880518736, 36.847836266199465 ], [ 128.318177441770302, 36.847751444019657 ], [ 128.316336735865661, 36.842378791069656 ], [ 128.316246865657178, 36.842198769309135 ], [ 128.316183681816966, 36.842130378102944 ], [ 128.316156166866136, 36.842110226892856 ], [ 128.30991714103439, 36.839205751463176 ], [ 128.30886708674845, 36.839027891350334 ], [ 128.308694769119541, 36.838991208505064 ], [ 128.308317870722362, 36.838890971296742 ], [ 128.30825010732039, 36.838860503543927 ], [ 128.308186896520027, 36.838808754207975 ], [ 128.308105739582487, 36.838732494021762 ], [ 128.307478165175098, 36.838138002392775 ], [ 128.307432926049614, 36.83808430966252 ], [ 128.307364132101412, 36.837942257058927 ], [ 128.307312712422231, 36.837802650129511 ], [ 128.307281324949514, 36.837678731064678 ], [ 128.307273364988191, 36.83762850627199 ], [ 128.307277078703464, 36.837527075107118 ], [ 128.307283928864649, 36.837464665911703 ], [ 128.307698750813586, 36.834903060629664 ], [ 128.307723230419725, 36.834799565550675 ], [ 128.307750299475003, 36.834719436295167 ], [ 128.308574955421136, 36.828737742507769 ], [ 128.308274337251163, 36.828621819146107 ], [ 128.308129199431079, 36.828583029537604 ], [ 128.308044043719292, 36.828565852575267 ], [ 128.30795678210535, 36.828559762293985 ], [ 128.305556427301013, 36.828478795698253 ], [ 128.30549670858295, 36.828488532043551 ], [ 128.305446686049578, 36.828503817766446 ], [ 128.305388120308351, 36.828534653552076 ], [ 128.305305125417192, 36.828589950487739 ], [ 128.305228429349427, 36.828641851335632 ], [ 128.305166944361247, 36.828697282844253 ], [ 128.305115024079271, 36.828761667595771 ], [ 128.305083406694678, 36.828812751966097 ], [ 128.304491732657709, 36.829857152770664 ], [ 128.30447031777436, 36.829919480153642 ], [ 128.30444912586799, 36.830043054608396 ], [ 128.304413171719489, 36.830262451426222 ], [ 128.304395615575316, 36.830357147861505 ], [ 128.304357587819084, 36.83049622293715 ], [ 128.304261434915645, 36.83078995252702 ], [ 128.304225886760833, 36.830877883610057 ], [ 128.304172409645133, 36.830964517981457 ], [ 128.304003355015624, 36.831189792620592 ], [ 128.303882068877869, 36.831337393885391 ], [ 128.303777232952342, 36.83143931404588 ], [ 128.303698999355987, 36.831500149489131 ], [ 128.301588183297923, 36.832652646950947 ], [ 128.301519936516115, 36.832686847191994 ], [ 128.301427963763814, 36.832729741295189 ], [ 128.301361235388867, 36.832758365698623 ], [ 128.301313194356538, 36.832777003225502 ], [ 128.300666660601934, 36.832980620424657 ], [ 128.3005665249255, 36.833010131921618 ], [ 128.300429697410124, 36.833041576969414 ], [ 128.300376962641593, 36.833046849369566 ], [ 128.300295266791608, 36.833044116267722 ], [ 128.300226633984408, 36.833035964049181 ], [ 128.298739873133883, 36.833478629488084 ], [ 128.296626881275301, 36.834438401796753 ], [ 128.29652927029025, 36.83449683202489 ], [ 128.296353477312664, 36.834645539003027 ], [ 128.295461173832564, 36.835401857873229 ], [ 128.295404270879175, 36.835457382584842 ], [ 128.294969458649945, 36.835954713601303 ], [ 128.294721531657984, 36.836242315300105 ], [ 128.294624534825573, 36.836379878466346 ], [ 128.294551119920669, 36.836511260505461 ], [ 128.294458905830851, 36.836701657608295 ], [ 128.294251105310764, 36.837184569973786 ], [ 128.294117527458383, 36.837581422108762 ], [ 128.293080279606158, 36.839253327653374 ], [ 128.290007305988752, 36.843033115697445 ], [ 128.289866656096081, 36.843197891094164 ], [ 128.289756661771719, 36.843320596072552 ], [ 128.289592565586958, 36.843473602622957 ], [ 128.289437920957056, 36.843598201223273 ], [ 128.289284773798101, 36.843708024051985 ], [ 128.28909079321329, 36.843831300432299 ], [ 128.28873983167864, 36.84404230627397 ], [ 128.288517119751873, 36.844157035566781 ], [ 128.288415757452697, 36.8441943587138 ], [ 128.288289480723932, 36.844233700354302 ], [ 128.287989707021268, 36.844304622930174 ], [ 128.287800479524492, 36.844339347658561 ], [ 128.28748501953595, 36.844408189623785 ], [ 128.287323101652163, 36.844459926795579 ], [ 128.287136142794964, 36.844539000837905 ], [ 128.287045633997963, 36.844580148790996 ], [ 128.28694383954462, 36.844626428477724 ], [ 128.286860519104522, 36.844688182554684 ], [ 128.286781112270688, 36.844764654664566 ], [ 128.286705483173222, 36.844854956891659 ], [ 128.286586725906375, 36.845074636420946 ], [ 128.28649064680684, 36.845255450639144 ], [ 128.286453138579247, 36.84533432620519 ], [ 128.286005309722725, 36.84665008743913 ], [ 128.285956978362833, 36.846915623927167 ], [ 128.285942643299023, 36.847046279989243 ], [ 128.285931034055096, 36.847305721491288 ], [ 128.285910511080544, 36.847956359441291 ], [ 128.285947871005561, 36.848867939041412 ], [ 128.285541030687085, 36.850354881111755 ], [ 128.284607154338488, 36.852948864159885 ], [ 128.284555740900373, 36.853087506260266 ], [ 128.284525000997263, 36.853149036009633 ], [ 128.282934585665345, 36.855905746814813 ], [ 128.282011155950016, 36.856627593383493 ], [ 128.281857016838046, 36.856612879045151 ], [ 128.281695781879534, 36.856598202158175 ], [ 128.281508211675344, 36.856595460209789 ], [ 128.281326074406479, 36.856599131161964 ], [ 128.278986167133326, 36.856689716310264 ], [ 128.278921727819949, 36.856697620570735 ], [ 128.278783944702582, 36.856718859919148 ], [ 128.27862717248297, 36.856743773376706 ], [ 128.277469817218218, 36.856974702916389 ], [ 128.277098505453978, 36.85705037858294 ], [ 128.276924895782656, 36.857089967169891 ], [ 128.276786116333511, 36.857132816463476 ], [ 128.276449515424105, 36.857248979558058 ], [ 128.276143108690178, 36.857362180724543 ], [ 128.268982233782594, 36.860134761709169 ], [ 128.268888327832059, 36.860174205113331 ], [ 128.268758379684954, 36.860243408274243 ], [ 128.268641534117819, 36.860313054805701 ], [ 128.268577463083801, 36.860365204646349 ], [ 128.268490760897976, 36.86044990038102 ], [ 128.268435753560681, 36.860514892969356 ], [ 128.268330200627076, 36.860682468172541 ], [ 128.268280396984409, 36.860777589272836 ], [ 128.268095257930327, 36.861200215916639 ], [ 128.268063094320581, 36.861304284209716 ], [ 128.268047343486927, 36.861367814095544 ], [ 128.268033071519426, 36.861487198532309 ], [ 128.264048855478535, 36.864225062113213 ], [ 128.261928538500342, 36.864588174986338 ], [ 128.259961877599835, 36.864974292010011 ], [ 128.259915443571487, 36.864986170622807 ], [ 128.255429901748812, 36.866200237389286 ], [ 128.25194567005795, 36.867267430141958 ], [ 128.249385239670886, 36.868732625575106 ], [ 128.249304930254681, 36.868768060972663 ], [ 128.249255844527482, 36.868787413378911 ], [ 128.249200526236706, 36.868802271706748 ], [ 128.248981521477077, 36.86884584944049 ], [ 128.248228787798894, 36.868982567191409 ], [ 128.247292098759544, 36.868869574023442 ], [ 128.246339396217593, 36.869576094936527 ], [ 128.244577538320101, 36.870334935713224 ], [ 128.242763754619176, 36.871725639959202 ], [ 128.241919670326297, 36.872794856204358 ], [ 128.241740228060138, 36.874486315814885 ], [ 128.24190023819466, 36.87678529659069 ], [ 128.242477618031529, 36.878470844479168 ], [ 128.243273385581801, 36.879370333353314 ], [ 128.244418026867947, 36.880471522959191 ], [ 128.247950052865747, 36.883117644563136 ], [ 128.249695740590028, 36.883964252217325 ], [ 128.250707235672763, 36.884371629502745 ], [ 128.250875857084537, 36.884403856048486 ], [ 128.250929314355062, 36.884417748354508 ], [ 128.250998818135258, 36.884435818353381 ], [ 128.251392839289792, 36.88454391058216 ], [ 128.2514686781021, 36.88457664992216 ], [ 128.251509319282945, 36.884612646962282 ], [ 128.251538493727651, 36.884663949020542 ], [ 128.251501983787961, 36.884714912889763 ], [ 128.249423537673948, 36.886867136835875 ], [ 128.249074043212744, 36.887193460838937 ], [ 128.248465524255039, 36.887715466486448 ], [ 128.248258719500399, 36.887892387162772 ], [ 128.248211168569611, 36.88792182558246 ], [ 128.248147766391497, 36.887961063263475 ], [ 128.247950016167493, 36.888070066114878 ], [ 128.247539737775384, 36.888124535617251 ], [ 128.247379144369518, 36.88805060383774 ], [ 128.247267033540794, 36.887998992153754 ], [ 128.24694242547784, 36.887928093215301 ], [ 128.245973491201568, 36.888093959108595 ], [ 128.24576744766253, 36.888147705354548 ], [ 128.245439305086023, 36.888434589186822 ], [ 128.245074648806821, 36.888955157388459 ], [ 128.243838240366244, 36.891052443086949 ], [ 128.243545783891904, 36.892061949693733 ], [ 128.243945979205932, 36.894885291626771 ], [ 128.244676857118264, 36.898034054306883 ], [ 128.245560207617899, 36.901348854872055 ], [ 128.24625578501059, 36.904621270703053 ], [ 128.24618071144576, 36.905056677866902 ], [ 128.246174018397767, 36.905095434772825 ], [ 128.245581527976867, 36.906137440966333 ], [ 128.241961932237274, 36.911934718342479 ], [ 128.241116471877064, 36.912562228493087 ], [ 128.24017457840219, 36.913241604430148 ], [ 128.240133162424314, 36.913271462894315 ], [ 128.239594608785012, 36.913397867431186 ], [ 128.239077457781121, 36.91351924699476 ], [ 128.23794420673542, 36.913800933192718 ], [ 128.237325292630658, 36.914030876886621 ], [ 128.236996461075165, 36.914372696221086 ], [ 128.236800758007377, 36.915114453465648 ], [ 128.237026651078082, 36.91907186818726 ], [ 128.23695391770616, 36.922764501386645 ], [ 128.236361399425761, 36.926518489232706 ], [ 128.23586801600419, 36.930457473728353 ], [ 128.236213152966769, 36.931918237386732 ], [ 128.236795727752792, 36.932768178553886 ], [ 128.237393487427852, 36.933525494002836 ], [ 128.239187020939653, 36.935205264776819 ], [ 128.241546059974553, 36.937062872250877 ], [ 128.241680300862896, 36.937099771536502 ], [ 128.241923998568353, 36.937166749200415 ], [ 128.242321259377604, 36.937130628174771 ], [ 128.244010306657628, 36.936638982468573 ], [ 128.244443632841012, 36.936612823610865 ], [ 128.244915693004685, 36.936712150065354 ], [ 128.245295940872921, 36.936792157133119 ], [ 128.246350395672636, 36.937214264212294 ], [ 128.246839772480371, 36.937603825987381 ], [ 128.246961151227396, 36.937819525980096 ], [ 128.247052573776159, 36.937981996375207 ], [ 128.246871810443565, 36.938623313254752 ], [ 128.246284604774502, 36.939614712180081 ], [ 128.245852409832793, 36.940215216389433 ], [ 128.24551624088528, 36.940682279630217 ], [ 128.244912706557812, 36.941494793265612 ], [ 128.244775018626825, 36.94203499889926 ], [ 128.244724096502893, 36.942314816652981 ], [ 128.244814953115082, 36.942866126882436 ], [ 128.245008585137526, 36.94335528951045 ], [ 128.245365175746343, 36.943792331538511 ], [ 128.245626591304642, 36.944054149708322 ], [ 128.2459265850039, 36.944201641792965 ], [ 128.246347163891386, 36.944252611924078 ], [ 128.247248588005675, 36.944345293036378 ], [ 128.247947396317187, 36.944243491738725 ], [ 128.25106977133305, 36.942413461231048 ], [ 128.251166125854041, 36.942275858795412 ], [ 128.251259877200255, 36.942113354516174 ], [ 128.251432075032255, 36.941770698816931 ], [ 128.251563417845915, 36.941426604916046 ], [ 128.251612948813232, 36.941218128696484 ], [ 128.251628811756262, 36.941089213929168 ], [ 128.251745106942593, 36.940045785350947 ], [ 128.251695271452689, 36.939816053054635 ], [ 128.251568465201416, 36.939502321276471 ], [ 128.251286661003405, 36.939083342663913 ], [ 128.250812097240527, 36.938428065937508 ], [ 128.250490886254539, 36.938056243990495 ], [ 128.250363984460506, 36.937742491568223 ], [ 128.250322685746369, 36.93747759030898 ], [ 128.250331035736622, 36.93733691074241 ], [ 128.250452670207011, 36.936403911242806 ], [ 128.250485525924063, 36.936257417612374 ], [ 128.250571074919748, 36.936038539598172 ], [ 128.250641879883773, 36.93589355936939 ], [ 128.250733810821373, 36.935766272261283 ], [ 128.250844029897422, 36.935629648727812 ], [ 128.251480391286492, 36.935225584222252 ], [ 128.251924208621318, 36.935019783789365 ], [ 128.252289302910498, 36.934896927053543 ], [ 128.254086928953171, 36.934470253268195 ], [ 128.255806128642604, 36.934084674427361 ], [ 128.258135994922242, 36.933702998742881 ], [ 128.259879384109041, 36.933505295619462 ], [ 128.266187834725315, 36.932918725910788 ], [ 128.267007093478128, 36.932861173146975 ], [ 128.268046536445951, 36.932888512080886 ], [ 128.270072835974617, 36.932984446571908 ], [ 128.270471234030509, 36.933002381179882 ], [ 128.271557526693073, 36.93305032927077 ], [ 128.277234987081357, 36.933241424038115 ], [ 128.277525027040298, 36.933217244121458 ], [ 128.278161642824074, 36.933150018033466 ], [ 128.279341156588032, 36.932976347255583 ], [ 128.280430150854642, 36.93273717489479 ], [ 128.282504492739946, 36.932141794330981 ], [ 128.283510067679686, 36.931806548863072 ], [ 128.284052327814948, 36.931492908410313 ], [ 128.284708054011787, 36.931095821437374 ], [ 128.285186531571952, 36.930723585099599 ], [ 128.285395893545797, 36.930540583504346 ], [ 128.285650591165336, 36.929985887176088 ], [ 128.285721313421192, 36.929313665687488 ], [ 128.285831604419911, 36.927838725632007 ], [ 128.285531809198972, 36.927071749961762 ], [ 128.285512737241334, 36.926975217524301 ], [ 128.285493997130345, 36.926830479802597 ], [ 128.285475379480317, 36.926685742165709 ], [ 128.285476533428437, 36.92656259644405 ], [ 128.285484269735349, 36.926455485103148 ], [ 128.28551855336039, 36.926353972760886 ], [ 128.285829057061136, 36.925938015414943 ], [ 128.286023472443645, 36.925816004956658 ], [ 128.286631998288328, 36.92561080424678 ], [ 128.289075181024941, 36.924851098203888 ], [ 128.289195353726399, 36.924830394433229 ], [ 128.289475584396627, 36.924794582537253 ], [ 128.289742288540452, 36.924790848976038 ], [ 128.289955357734101, 36.92480817468072 ], [ 128.290208062980582, 36.924873927082729 ], [ 128.290360713760037, 36.924944494930628 ], [ 128.290785135870493, 36.925177353530685 ], [ 128.291427643240382, 36.925615062605083 ], [ 128.291698886943067, 36.925836278724262 ], [ 128.29315203490745, 36.927053094053896 ], [ 128.294049468657619, 36.927838474809349 ], [ 128.300095592825841, 36.934360951897126 ], [ 128.301709651865423, 36.937064755105233 ], [ 128.301973264732595, 36.937550724369792 ], [ 128.302171180745432, 36.937879261610931 ], [ 128.30312863465511, 36.93929884912162 ], [ 128.303277502723262, 36.939506052204628 ], [ 128.303470759623224, 36.939744909488084 ], [ 128.303642246483577, 36.93992089587919 ], [ 128.303895229569463, 36.940134860100549 ], [ 128.304139142637752, 36.940320191853452 ], [ 128.305265176546698, 36.941120639171046 ], [ 128.305476142545103, 36.941251976988134 ], [ 128.305653908524505, 36.941356202078246 ], [ 128.305909553313057, 36.94148773179505 ], [ 128.306282260392379, 36.941633447971263 ], [ 128.306616163260145, 36.941751999718662 ], [ 128.306838823943309, 36.941820613699576 ], [ 128.308694606389082, 36.942344512286986 ], [ 128.310053494758051, 36.942715738736162 ], [ 128.311743371357267, 36.943181418767331 ], [ 128.312004783001385, 36.943286108132092 ], [ 128.312333006633878, 36.943427054112384 ], [ 128.312671922829281, 36.943599407412748 ], [ 128.313018452342732, 36.943790240031056 ], [ 128.313116403286756, 36.94384418411736 ], [ 128.314163119777305, 36.944543265600515 ], [ 128.315537116754257, 36.945726378184844 ], [ 128.317794485036615, 36.947812661150557 ], [ 128.319155389500509, 36.948916359263222 ], [ 128.319754489789943, 36.949363834471939 ], [ 128.320220552230381, 36.949689463234407 ], [ 128.321077888128883, 36.95021159211084 ], [ 128.321850387027126, 36.950619682133862 ], [ 128.32281752654265, 36.951118634257604 ], [ 128.323392550765902, 36.9513494361711 ], [ 128.324258772572648, 36.951635247468566 ], [ 128.324302347693475, 36.950835451070546 ], [ 128.32438432673456, 36.950481830116217 ], [ 128.324510556998035, 36.950352704477936 ], [ 128.324654832294755, 36.950205145463258 ], [ 128.325163842456476, 36.949702211422945 ], [ 128.325674859036752, 36.948971646146425 ], [ 128.325836331538738, 36.948542606270266 ], [ 128.325808486632752, 36.948125124814084 ], [ 128.325174703235888, 36.946305605529545 ], [ 128.325050250434629, 36.946115211291833 ], [ 128.324926305077923, 36.946025565664101 ], [ 128.32476825151673, 36.945911255829827 ], [ 128.324344798319913, 36.945655926910057 ], [ 128.324096241158259, 36.945237196682356 ], [ 128.32410038798119, 36.944769306582792 ], [ 128.324422635698028, 36.943987093667104 ], [ 128.324806670273659, 36.943363618994688 ], [ 128.325041174586687, 36.943178174998934 ], [ 128.325314753809749, 36.942961837572099 ], [ 128.325538348333481, 36.94289542051515 ], [ 128.325899624172166, 36.942788114276752 ], [ 128.326783285345499, 36.942704614301597 ], [ 128.326949659382024, 36.942610720870249 ], [ 128.327116037460684, 36.942516823572646 ], [ 128.327293254581861, 36.942087855608591 ], [ 128.327590513163528, 36.939863447684793 ], [ 128.328145577066181, 36.937318511054791 ], [ 128.330393823268764, 36.938375015617019 ], [ 128.33589014234613, 36.939387924058977 ], [ 128.336073612714983, 36.939388960069593 ], [ 128.336155163490901, 36.939389411755037 ], [ 128.336360107072295, 36.939275856592111 ], [ 128.336442711687198, 36.939161707870454 ], [ 128.336547329781212, 36.938851059174084 ], [ 128.336944082317217, 36.93777208992983 ], [ 128.337089139016655, 36.937510782805077 ], [ 128.337253657256213, 36.937347984902246 ], [ 128.337335833511872, 36.937282847264399 ], [ 128.337498074207673, 36.937218836077932 ], [ 128.337581358129682, 36.937185988536235 ], [ 128.33780591332507, 36.937154457505279 ], [ 128.338091350694384, 36.937156040283028 ], [ 128.338519139891019, 36.937207537130789 ], [ 128.340045235271617, 36.937576470795847 ], [ 128.340920713803797, 36.937728763711277 ], [ 128.341592768548168, 36.93783080051287 ], [ 128.343018389076036, 36.938035243226146 ], [ 128.34327324535198, 36.938036655604741 ], [ 128.343528094849717, 36.938038063878679 ], [ 128.343956454605859, 36.938024043096789 ], [ 128.344263164161873, 36.937927520030492 ], [ 128.344325074178727, 36.937829556545324 ], [ 128.344388465881707, 36.937584181475017 ], [ 128.344237647301981, 36.936141826832632 ], [ 128.344260325909033, 36.935879909753446 ], [ 128.344345048604964, 36.93550355553738 ], [ 128.344448352972819, 36.935348507872746 ], [ 128.344551663703214, 36.935193463677038 ], [ 128.344819310104583, 36.934900122110747 ], [ 128.345168147029938, 36.934639928133336 ], [ 128.34538344000336, 36.934523718345879 ], [ 128.345618771118097, 36.934396692624262 ], [ 128.345916223972381, 36.934341336227298 ], [ 128.346204727465363, 36.934287656401708 ], [ 128.346449425483769, 36.934280808843482 ], [ 128.346694118917384, 36.934273957208212 ], [ 128.347000409010093, 36.934226431586602 ], [ 128.347102456241544, 36.934197267424679 ], [ 128.347225206902607, 36.934162179157035 ], [ 128.347329358903266, 36.934085197200375 ], [ 128.347459953916712, 36.933988660251757 ], [ 128.348000110952484, 36.933543162254331 ], [ 128.348104493394175, 36.933378487310804 ], [ 128.349441757689647, 36.931233531238504 ] ] ] ] } },
{ "type": "Feature", "properties": { "OBJECTID": 2007, "adm_nm": "충청북도 단양군 대강면", "adm_cd": "3338032", "adm_cd2": "4380031000", "sgg": "43800", "sido": "43", "sidonm": "충청북도", "sggnm": "단양군" }, "geometry": { "type": "MultiPolygon", "coordinates": [ [ [ [ 128.441868290181816, 36.927900345043241 ], [ 128.443145723819242, 36.924245023747105 ], [ 128.443502637949308, 36.923071601209415 ], [ 128.443521063535258, 36.922977254617855 ], [ 128.443561433102047, 36.922766142190824 ], [ 128.443573003107502, 36.922701942163641 ], [ 128.443573337048321, 36.922657430977154 ], [ 128.443567036453913, 36.922612796717161 ], [ 128.443375131251798, 36.921841672063927 ], [ 128.443342489654242, 36.921763024554927 ], [ 128.443226316317748, 36.92150270192613 ], [ 128.443134317500608, 36.921253025904456 ], [ 128.44309548177435, 36.921099480680319 ], [ 128.443083695969449, 36.921022838116656 ], [ 128.443069180315973, 36.920597461153683 ], [ 128.443069680719475, 36.920529703692893 ], [ 128.443099430004253, 36.920250786953261 ], [ 128.443122353315346, 36.920154646899761 ], [ 128.443151567754001, 36.920103054683359 ], [ 128.443468912824301, 36.91963113763201 ], [ 128.444172426996687, 36.91882978147104 ], [ 128.444327040948451, 36.918664791262039 ], [ 128.444443050628109, 36.918544687568748 ], [ 128.444924009785922, 36.918086843856628 ], [ 128.445060400700584, 36.918002600013423 ], [ 128.445221886623557, 36.917926510695828 ], [ 128.445383563001769, 36.917838501957071 ], [ 128.445396748618265, 36.917815139452536 ], [ 128.445396658156824, 36.917751518780292 ], [ 128.444860896677426, 36.913814549430661 ], [ 128.443058729181018, 36.909531916551728 ], [ 128.441753624526939, 36.906321728186278 ], [ 128.440375053547626, 36.902017978306041 ], [ 128.440379533931861, 36.901880488347857 ], [ 128.440363381667623, 36.901788235590516 ], [ 128.440303986529472, 36.901625846374124 ], [ 128.440233942951352, 36.901522517046018 ], [ 128.440107260855882, 36.901370626358002 ], [ 128.436064337998346, 36.896990251594076 ], [ 128.43085788771333, 36.892647372935699 ], [ 128.429662043674, 36.892221007169667 ], [ 128.429368602022549, 36.892109410336417 ], [ 128.429222577093469, 36.89202984596632 ], [ 128.427948040559954, 36.890699378908543 ], [ 128.426953204351804, 36.889307086542779 ], [ 128.42691803229431, 36.889225020118076 ], [ 128.426890788243526, 36.889117562651649 ], [ 128.426902599875746, 36.888903443894364 ], [ 128.426940504750149, 36.888784780967441 ], [ 128.426995314100509, 36.888641940589991 ], [ 128.427206869174768, 36.888282890486195 ], [ 128.427853467184832, 36.886500243922939 ], [ 128.428049987128048, 36.885841792521063 ], [ 128.428002880769185, 36.884970301089936 ], [ 128.427580274755655, 36.882518141640979 ], [ 128.42746613385583, 36.882019383007446 ], [ 128.427291896447315, 36.88145337254123 ], [ 128.427262187189399, 36.881377268774656 ], [ 128.427173738803759, 36.881160849164729 ], [ 128.427119957127132, 36.881047062398423 ], [ 128.426814782428636, 36.88087744427358 ], [ 128.426627044255952, 36.880784631659658 ], [ 128.4264326514934, 36.880680965151811 ], [ 128.426184489710579, 36.880522527495422 ], [ 128.426060912246498, 36.880413880586147 ], [ 128.425953823363983, 36.880304962637283 ], [ 128.425081884932638, 36.879388929392924 ], [ 128.425005224901355, 36.879274764430917 ], [ 128.424952155956419, 36.879157916132129 ], [ 128.424906250556774, 36.878998269930506 ], [ 128.424684090112038, 36.878112511153887 ], [ 128.424454228945564, 36.87710416875268 ], [ 128.424406839039136, 36.87647074297152 ], [ 128.426900413640993, 36.875556060422554 ], [ 128.427265891625694, 36.875428181060897 ], [ 128.427451201390824, 36.875364992519714 ], [ 128.428228534364195, 36.87510067848617 ], [ 128.428444147865378, 36.875034945843694 ], [ 128.428539225819634, 36.875009087382516 ], [ 128.428598961957078, 36.875001275776079 ], [ 128.428659292228673, 36.875017052585854 ], [ 128.428778169941154, 36.875079091035062 ], [ 128.428886765529484, 36.875165304016434 ], [ 128.428977828155183, 36.875227209019492 ], [ 128.429044758351949, 36.875260579500193 ], [ 128.429090047714055, 36.875279005787668 ], [ 128.429186402370874, 36.875307866154991 ], [ 128.429442965067409, 36.875376582276409 ], [ 128.42948819910572, 36.875386263184929 ], [ 128.429541972382168, 36.875395252592405 ], [ 128.430181352034566, 36.875492865528329 ], [ 128.430240948679312, 36.875499902515301 ], [ 128.430312358344281, 36.875505667926156 ], [ 128.430407229295724, 36.875508813951114 ], [ 128.432397495405553, 36.875373921651942 ], [ 128.432479140972077, 36.875359443203614 ], [ 128.438579712215329, 36.873314106005942 ], [ 128.438643701857018, 36.873290169783495 ], [ 128.4387432103332, 36.873240000844163 ], [ 128.43885370186544, 36.873177088102267 ], [ 128.438895896420604, 36.873142872771616 ], [ 128.438931497473675, 36.873108605856402 ], [ 128.438961172432698, 36.873067580872863 ], [ 128.439018206206271, 36.872967911842615 ], [ 128.439077846141799, 36.872848715286096 ], [ 128.44292648435038, 36.868303055565406 ], [ 128.445075317696592, 36.866904378503726 ], [ 128.44798322242454, 36.864583066724443 ], [ 128.448919614677976, 36.863386092161193 ], [ 128.448510179043268, 36.862825420252683 ], [ 128.448427129190236, 36.862709338057137 ], [ 128.448300578208347, 36.862516468524213 ], [ 128.4479800499779, 36.861975219560883 ], [ 128.447929432857393, 36.861888566865247 ], [ 128.447884762140859, 36.861799329198909 ], [ 128.447854152490891, 36.861720899289118 ], [ 128.44779153808031, 36.861555884520499 ], [ 128.447757209157373, 36.861433530555253 ], [ 128.447729604280909, 36.861297075988993 ], [ 128.447137216283892, 36.854583193726548 ], [ 128.447744371016057, 36.852395583820481 ], [ 128.44791544034868, 36.852197862895338 ], [ 128.448018045863506, 36.852072273088403 ], [ 128.448327268874294, 36.851668869062038 ], [ 128.448890202852084, 36.849712707924503 ], [ 128.449110107996432, 36.848914365033743 ], [ 128.448973866306233, 36.848073820038657 ], [ 128.448955945556008, 36.84799428200941 ], [ 128.4489221735748, 36.847903724321277 ], [ 128.448904013297778, 36.847857162542411 ], [ 128.446907882490137, 36.843751783269383 ], [ 128.446838844787976, 36.843638912320067 ], [ 128.446808175935274, 36.843602456599932 ], [ 128.446774009855716, 36.843566437073868 ], [ 128.442587702266081, 36.839406242207183 ], [ 128.441668271295839, 36.838027847826112 ], [ 128.441459378744753, 36.837725279447206 ], [ 128.441398882935175, 36.837658207822784 ], [ 128.441275900580763, 36.837551116022958 ], [ 128.441164344999663, 36.83746075256915 ], [ 128.440473251845759, 36.837011733586678 ], [ 128.44033420187634, 36.836924754475383 ], [ 128.440247129565023, 36.836875318065111 ], [ 128.440048238956592, 36.836770294637162 ], [ 128.439872970073196, 36.836700269772507 ], [ 128.438687084941506, 36.83623222031526 ], [ 128.437915100821755, 36.835965361000966 ], [ 128.437863904731785, 36.835960890842557 ], [ 128.437817998426112, 36.835952829989218 ], [ 128.437751891884943, 36.835932587832168 ], [ 128.43766024947098, 36.835894942048014 ], [ 128.436640584069892, 36.835436136449431 ], [ 128.436079009892268, 36.835153956750354 ], [ 128.435009594217291, 36.834602990182248 ], [ 128.43480812294024, 36.834484434114323 ], [ 128.434721094413561, 36.834428952742272 ], [ 128.434649038666265, 36.834379593320776 ], [ 128.434591008733747, 36.834329315008411 ], [ 128.43447000599005, 36.834214388624829 ], [ 128.434368312505939, 36.834110544029294 ], [ 128.434341994899086, 36.834077718712138 ], [ 128.434315051236155, 36.834021078811915 ], [ 128.43308171549495, 36.829115699906403 ], [ 128.433071529800827, 36.829067001393419 ], [ 128.433060796690341, 36.828958267095068 ], [ 128.433071589114547, 36.828817317846131 ], [ 128.433079037393469, 36.828765080724665 ], [ 128.433114138527401, 36.828672258509819 ], [ 128.433186951621622, 36.828510944020223 ], [ 128.43328190169845, 36.828328472108907 ], [ 128.433325246255777, 36.828196953214928 ], [ 128.433371437200407, 36.828044066874874 ], [ 128.433378212760971, 36.827960658876066 ], [ 128.433381557635215, 36.827871208445742 ], [ 128.433372792586965, 36.827632903537499 ], [ 128.433336250046949, 36.827510905312437 ], [ 128.432280700982261, 36.825195744135733 ], [ 128.432187481935529, 36.825024723600301 ], [ 128.432088896151612, 36.824850782037664 ], [ 128.431746374109764, 36.824260625772901 ], [ 128.431669742307491, 36.824134835055453 ], [ 128.430495627331055, 36.823037620437617 ], [ 128.429620873864991, 36.822442037658114 ], [ 128.428576247369449, 36.821556830155018 ], [ 128.425713101076411, 36.818958297617336 ], [ 128.425686572227846, 36.818923848403664 ], [ 128.425663830336561, 36.818862733138801 ], [ 128.425498196199612, 36.816691559637015 ], [ 128.425553632376278, 36.816202990761127 ], [ 128.425543423420066, 36.816130577525158 ], [ 128.425239566940064, 36.815281907686533 ], [ 128.425202892287444, 36.815181338404216 ], [ 128.425160501233592, 36.815123825682178 ], [ 128.420645915672338, 36.811416391162574 ], [ 128.417917733747345, 36.811761671656818 ], [ 128.413069734791492, 36.811144694199463 ], [ 128.41174080183734, 36.811196404835776 ], [ 128.411631909935551, 36.811206591215466 ], [ 128.406710655558186, 36.811755083761724 ], [ 128.406332107581932, 36.811797342648639 ], [ 128.406137268014419, 36.811820160981561 ], [ 128.405375780641492, 36.811920432955617 ], [ 128.400276750587381, 36.812722593793808 ], [ 128.400193359889244, 36.812738396340897 ], [ 128.400005012399248, 36.812804649968875 ], [ 128.399819243574115, 36.812870939675975 ], [ 128.398646056085482, 36.813407717205166 ], [ 128.39824304951469, 36.813608419953972 ], [ 128.398022849388951, 36.813720663639025 ], [ 128.397302580144327, 36.814105379060521 ], [ 128.395958044178428, 36.814678113161911 ], [ 128.39580021457715, 36.814738672892069 ], [ 128.394112838198453, 36.815382273281998 ], [ 128.394057933886785, 36.81539497363665 ], [ 128.393960984453173, 36.815395467266903 ], [ 128.393882906270193, 36.815378219246426 ], [ 128.391716765515355, 36.814814133355092 ], [ 128.385168968081388, 36.814079145705186 ], [ 128.385108364038388, 36.814076230844286 ], [ 128.385046929065936, 36.814092387606642 ], [ 128.384859034020764, 36.814170362429898 ], [ 128.384658850013153, 36.814272127258604 ], [ 128.383980039032622, 36.814466569045337 ], [ 128.382087246391336, 36.814053408730878 ], [ 128.381897090304761, 36.814008528371758 ], [ 128.381823026496591, 36.813978967709602 ], [ 128.381744836500815, 36.813877620702321 ], [ 128.381206515034791, 36.813162229750944 ], [ 128.379312210612454, 36.811141022464049 ], [ 128.379130844449264, 36.811008063073167 ], [ 128.377238157135622, 36.80990583212764 ], [ 128.376107536327964, 36.809590284606024 ], [ 128.373533617790827, 36.807592701652233 ], [ 128.373504102104221, 36.807556505594825 ], [ 128.373364118230711, 36.807202722393207 ], [ 128.373311390800239, 36.807031415475649 ], [ 128.373264399662787, 36.806857617186068 ], [ 128.373223782997513, 36.806685010646582 ], [ 128.373208611910286, 36.806567518046108 ], [ 128.371637439036476, 36.804705222499337 ], [ 128.366990014413659, 36.800510011772211 ], [ 128.366943811574487, 36.800473618351063 ], [ 128.366912323700745, 36.800460130610816 ], [ 128.366865737624323, 36.800457159182443 ], [ 128.366788566721425, 36.800493872261534 ], [ 128.366588787354146, 36.80064320462207 ], [ 128.366428750779363, 36.800754272888732 ], [ 128.366340103846227, 36.800810652251435 ], [ 128.366225381983639, 36.800876541500131 ], [ 128.366167773757638, 36.800904255903852 ], [ 128.366119429928631, 36.800924090896984 ], [ 128.364900541389432, 36.801357671427446 ], [ 128.364832654834316, 36.801370379680883 ], [ 128.364704212937511, 36.801373285996583 ], [ 128.364531775041598, 36.801372725943537 ], [ 128.364466207741543, 36.801372376840433 ], [ 128.364408883135781, 36.801369364420076 ], [ 128.364344557161246, 36.801356685291509 ], [ 128.3642015362081, 36.801321487516738 ], [ 128.364044317734937, 36.801281528527817 ], [ 128.363566107935327, 36.801129301804451 ], [ 128.363512288306708, 36.801108278789648 ], [ 128.363458041435962, 36.801082945442438 ], [ 128.363332366764354, 36.801009385923244 ], [ 128.363260033497625, 36.800962576163606 ], [ 128.363188938603713, 36.800915434653874 ], [ 128.36311422392896, 36.800857175719273 ], [ 128.362954723374969, 36.800701606305559 ], [ 128.362809637621609, 36.800565120233792 ], [ 128.362782798065524, 36.800545956435379 ], [ 128.362711560889664, 36.800514850554464 ], [ 128.362644242687111, 36.800513137539639 ], [ 128.361026620497768, 36.8013685937402 ], [ 128.3604185307249, 36.801703861708702 ], [ 128.359010403945206, 36.802491278798684 ], [ 128.356394563553209, 36.804103870769246 ], [ 128.355975515537551, 36.805807618597797 ], [ 128.355978938127919, 36.806521138111002 ], [ 128.355971071580029, 36.806698053486357 ], [ 128.35594918149252, 36.806783177524352 ], [ 128.355910506374357, 36.806890379731698 ], [ 128.354717790933478, 36.808844401485587 ], [ 128.354592162926849, 36.809005016711794 ], [ 128.354415534116498, 36.809166778000929 ], [ 128.352179354371458, 36.810543183152809 ], [ 128.351637859894453, 36.810822174809744 ], [ 128.351451077126114, 36.810884329124526 ], [ 128.351278144735318, 36.810925992446172 ], [ 128.351107803824505, 36.81095264055665 ], [ 128.35076200326094, 36.811001932398952 ], [ 128.350591027203336, 36.811011533512101 ], [ 128.347437660148756, 36.811704826025547 ], [ 128.344400980656474, 36.812547554786022 ], [ 128.338444477348872, 36.814835139532455 ], [ 128.336617466967937, 36.81555060023544 ], [ 128.336252894325128, 36.815733004520361 ], [ 128.336072531026588, 36.815828513343668 ], [ 128.335905855417224, 36.81596039988802 ], [ 128.335661346763146, 36.816279799836508 ], [ 128.335480506119467, 36.816533446866593 ], [ 128.335379809534743, 36.816617487392364 ], [ 128.334893098232442, 36.81679560639752 ], [ 128.334724587005383, 36.816854956895952 ], [ 128.334550392344653, 36.816911011703802 ], [ 128.334354149849048, 36.816962254910933 ], [ 128.334276143886768, 36.816975710006112 ], [ 128.334228696058886, 36.816966881524216 ], [ 128.329638629055125, 36.816233052075667 ], [ 128.323483316081337, 36.815413182444196 ], [ 128.321657136437835, 36.815397983915901 ], [ 128.316630984625846, 36.816614445231622 ], [ 128.316570686652511, 36.816639681507532 ], [ 128.316453117143112, 36.816742451241858 ], [ 128.316263792946643, 36.816984918159669 ], [ 128.316009556132741, 36.81739264229801 ], [ 128.31597905259207, 36.817545638393391 ], [ 128.315624544180963, 36.819770741748528 ], [ 128.315637369031606, 36.819865329777976 ], [ 128.315663862336407, 36.819973080683774 ], [ 128.315740176893485, 36.82007559495419 ], [ 128.315855991605076, 36.820184669298136 ], [ 128.316077444144923, 36.820375004910204 ], [ 128.316199904015889, 36.820492927851433 ], [ 128.316326608501839, 36.820724787509789 ], [ 128.316403391347535, 36.820975729017185 ], [ 128.316440086442981, 36.821095967694319 ], [ 128.316426881223776, 36.821220062826121 ], [ 128.31612493376312, 36.822553366655043 ], [ 128.316079240930804, 36.822674570218908 ], [ 128.315971398369612, 36.822827780571018 ], [ 128.315794595706762, 36.823021306002822 ], [ 128.315680512702755, 36.82310758612919 ], [ 128.313268502546663, 36.82467019470522 ], [ 128.313054804465338, 36.824765545178387 ], [ 128.31098891226884, 36.828215630296832 ], [ 128.310989628168215, 36.828283669069009 ], [ 128.310969803052217, 36.828332572384859 ], [ 128.310942397562599, 36.828375842898112 ], [ 128.310835802919996, 36.828512368739645 ], [ 128.310788408707737, 36.828535511085484 ], [ 128.310741201974025, 36.828549749478952 ], [ 128.309212171402407, 36.828923201669589 ], [ 128.309120572283064, 36.828925987631891 ], [ 128.309078317979299, 36.828925737919427 ], [ 128.308980033364776, 36.828910743223439 ], [ 128.308844528024991, 36.828872040396128 ], [ 128.30877620975636, 36.828840445309623 ], [ 128.308574955421136, 36.828737742507769 ], [ 128.307750299475003, 36.834719436295167 ], [ 128.307723230419725, 36.834799565550675 ], [ 128.307698750813586, 36.834903060629664 ], [ 128.307283928864649, 36.837464665911703 ], [ 128.307277078703464, 36.837527075107118 ], [ 128.307273364988191, 36.83762850627199 ], [ 128.307281324949514, 36.837678731064678 ], [ 128.307312712422231, 36.837802650129511 ], [ 128.307364132101412, 36.837942257058927 ], [ 128.307432926049614, 36.83808430966252 ], [ 128.307478165175098, 36.838138002392775 ], [ 128.308105739582487, 36.838732494021762 ], [ 128.308186896520027, 36.838808754207975 ], [ 128.30825010732039, 36.838860503543927 ], [ 128.308317870722362, 36.838890971296742 ], [ 128.308694769119541, 36.838991208505064 ], [ 128.30886708674845, 36.839027891350334 ], [ 128.30991714103439, 36.839205751463176 ], [ 128.316156166866136, 36.842110226892856 ], [ 128.316183681816966, 36.842130378102944 ], [ 128.316246865657178, 36.842198769309135 ], [ 128.316336735865661, 36.842378791069656 ], [ 128.318177441770302, 36.847751444019657 ], [ 128.318198880518736, 36.847836266199465 ], [ 128.318205050087528, 36.847904735883006 ], [ 128.318052847451355, 36.848359399753171 ], [ 128.318014410552479, 36.848469474979218 ], [ 128.316151531999509, 36.851787523539329 ], [ 128.316120719674643, 36.851823028258821 ], [ 128.313370289322961, 36.854938926511657 ], [ 128.313208961554182, 36.85511199973233 ], [ 128.312990065372901, 36.855313474217496 ], [ 128.31277690712821, 36.855488485174078 ], [ 128.312453282086636, 36.85572809890747 ], [ 128.311099486545885, 36.856630707088165 ], [ 128.310655775351592, 36.856917375558481 ], [ 128.310537177272181, 36.856989578345406 ], [ 128.31040894681297, 36.857057682941907 ], [ 128.310348803712088, 36.857087168910994 ], [ 128.310144394050099, 36.857173822244867 ], [ 128.309749901789047, 36.857349577724975 ], [ 128.309370656323921, 36.857524616903468 ], [ 128.309232444208163, 36.857594173715732 ], [ 128.309178511725975, 36.857630808492686 ], [ 128.309013215693625, 36.857744277343002 ], [ 128.308905473257425, 36.857818360741064 ], [ 128.308832781981351, 36.857881815538633 ], [ 128.308808110812095, 36.857907167828763 ], [ 128.308625770706527, 36.858131828353336 ], [ 128.30792991840508, 36.859044262649924 ], [ 128.307919729838034, 36.859080884357141 ], [ 128.307917400216297, 36.859140062537818 ], [ 128.307927123849367, 36.859254927214288 ], [ 128.308164447568146, 36.860665603522186 ], [ 128.308177180513667, 36.860733167220516 ], [ 128.308203104310195, 36.860829105953833 ], [ 128.308237303215321, 36.860904635724133 ], [ 128.308263655584852, 36.860954336733556 ], [ 128.308298057267564, 36.860994361039353 ], [ 128.30839092985471, 36.861091050537702 ], [ 128.308490965965632, 36.861188949641083 ], [ 128.308929408785644, 36.861589776679416 ], [ 128.309072159487869, 36.861714423205576 ], [ 128.315797854940939, 36.866477121935965 ], [ 128.318214834018818, 36.868151918546623 ], [ 128.318302884558278, 36.868200541602441 ], [ 128.318350891397756, 36.868224886085834 ], [ 128.318470170895438, 36.868267915103274 ], [ 128.318514682814595, 36.868281409553688 ], [ 128.318594027902776, 36.868300523409758 ], [ 128.318661840828611, 36.868305246784161 ], [ 128.318699441711914, 36.868301500110469 ], [ 128.318850598018457, 36.868277577574148 ], [ 128.320291018566763, 36.868089962210284 ], [ 128.322566448582535, 36.868020799035058 ], [ 128.322640586209815, 36.868020851993734 ], [ 128.323002857481953, 36.868053735176112 ], [ 128.326362795714346, 36.868950422119504 ], [ 128.326415484822604, 36.868965775899184 ], [ 128.326472360352824, 36.868988356204035 ], [ 128.326801461033142, 36.869149004466578 ], [ 128.326885349842712, 36.869200102879766 ], [ 128.32697421053399, 36.869259463456487 ], [ 128.327002161975116, 36.869281252284161 ], [ 128.327045135862875, 36.869330059882287 ], [ 128.327126016847785, 36.869442430747483 ], [ 128.327159488075665, 36.869500819998194 ], [ 128.327482675614078, 36.87014270134452 ], [ 128.32749507742497, 36.870186566315972 ], [ 128.327941167038688, 36.87235041772739 ], [ 128.327957381249121, 36.872446396018347 ], [ 128.327959428287755, 36.872506945620842 ], [ 128.327975583168922, 36.873093267490354 ], [ 128.327960643068366, 36.873134269714868 ], [ 128.327888861180554, 36.873262916987009 ], [ 128.327822286748187, 36.873371748639407 ], [ 128.327780917783258, 36.873434495473049 ], [ 128.32747225362229, 36.873857422589623 ], [ 128.327419593734163, 36.873926972621838 ], [ 128.327315472522969, 36.874046564417036 ], [ 128.327151275579865, 36.874224605091115 ], [ 128.326995651885568, 36.874384908725908 ], [ 128.32692927859722, 36.874472845898723 ], [ 128.326886030113656, 36.87454413307514 ], [ 128.326808112794652, 36.874692201432502 ], [ 128.326112599220011, 36.876273963523609 ], [ 128.32609772802553, 36.876321093880868 ], [ 128.326033851784103, 36.87661988413808 ], [ 128.325670337875124, 36.878733475918558 ], [ 128.325668535848394, 36.878796432939851 ], [ 128.325677027946114, 36.878851269523238 ], [ 128.32569586175012, 36.878903549894019 ], [ 128.325737666735705, 36.878970919318604 ], [ 128.325802559463625, 36.879052836100854 ], [ 128.326139821142277, 36.879437899792933 ], [ 128.326633484155053, 36.880033511670256 ], [ 128.327209642892484, 36.880892449347407 ], [ 128.327243944747693, 36.88094580084644 ], [ 128.327277820977059, 36.881035834669646 ], [ 128.327302233252851, 36.881193471646867 ], [ 128.32732467550926, 36.88140896918415 ], [ 128.327347183729728, 36.881630568059336 ], [ 128.327360740083407, 36.881846999126694 ], [ 128.327357098225775, 36.882263181583767 ], [ 128.32731106290862, 36.882816447315108 ], [ 128.327277719608702, 36.882948452014482 ], [ 128.327238183745749, 36.883056180017803 ], [ 128.327106170282917, 36.883296554151229 ], [ 128.327026822949819, 36.883403515319344 ], [ 128.326913801726107, 36.883525249101098 ], [ 128.324749804427455, 36.888164915138368 ], [ 128.323619086807412, 36.890673738485475 ], [ 128.321931383354098, 36.894626582728201 ], [ 128.321916965310578, 36.894683973933688 ], [ 128.32190869298816, 36.894776210779426 ], [ 128.321925907804683, 36.894825464072298 ], [ 128.321941237441678, 36.894869302876451 ], [ 128.322014817416601, 36.89499776093335 ], [ 128.322266591445697, 36.89526095979307 ], [ 128.323631215060033, 36.896602544468202 ], [ 128.327082358601245, 36.899025237428702 ], [ 128.33171081299372, 36.903387568375472 ], [ 128.33361628774955, 36.905436609393782 ], [ 128.334549103177096, 36.908600018093104 ], [ 128.334518179463771, 36.908774745855347 ], [ 128.33450420088721, 36.908949643032329 ], [ 128.334496510262483, 36.909123884864073 ], [ 128.334498931032499, 36.909465035629005 ], [ 128.334512372397342, 36.909622711261541 ], [ 128.334559692973357, 36.909780470699879 ], [ 128.334627999979517, 36.909937743735178 ], [ 128.334740334855752, 36.910104623995863 ], [ 128.337589874788137, 36.913914897945979 ], [ 128.338247608080707, 36.914739815592426 ], [ 128.34232166543643, 36.917006248520913 ], [ 128.342360221049461, 36.917025392785014 ], [ 128.342504053532423, 36.91704267083724 ], [ 128.342647896526728, 36.917056817078802 ], [ 128.34278797765586, 36.917066582753378 ], [ 128.342900879083118, 36.917078752330745 ], [ 128.343016715988341, 36.91710201377451 ], [ 128.34356042436886, 36.917257932985422 ], [ 128.343809547452651, 36.917337882571587 ], [ 128.343905940244298, 36.917378420114233 ], [ 128.343994633075482, 36.917425597218461 ], [ 128.344080081777207, 36.91747238715778 ], [ 128.344413236368013, 36.917710948541497 ], [ 128.344514802331929, 36.917788266732749 ], [ 128.344572427518443, 36.917836453016704 ], [ 128.344653593420674, 36.917936011027237 ], [ 128.346791303801979, 36.920797439644353 ], [ 128.346894706168541, 36.920936871710033 ], [ 128.347061178540883, 36.921207488463899 ], [ 128.347176086810805, 36.921523839767758 ], [ 128.347200375086203, 36.921676520650188 ], [ 128.347203816731536, 36.921812342082923 ], [ 128.347187264764045, 36.921936873312589 ], [ 128.347156816252465, 36.922059421351861 ], [ 128.347117283356511, 36.922153013623237 ], [ 128.347070773469625, 36.922251246604013 ], [ 128.346878396743193, 36.922595918744697 ], [ 128.346842168177176, 36.922659428373308 ], [ 128.346587874673702, 36.922815376976558 ], [ 128.346439104371484, 36.922906611465152 ], [ 128.343964563459394, 36.924154458202352 ], [ 128.342902935482186, 36.924607585530893 ], [ 128.342855861426699, 36.924709247187025 ], [ 128.343288894973455, 36.925378523636844 ], [ 128.34498941988582, 36.927483989557466 ], [ 128.345890990887966, 36.928575474377531 ], [ 128.347250349054718, 36.930039104233231 ], [ 128.347458060106646, 36.930255340175059 ], [ 128.347540922563695, 36.930329505064584 ], [ 128.347612423579108, 36.930382514282762 ], [ 128.348000141437154, 36.930591817076831 ], [ 128.348106139997213, 36.930648966924402 ], [ 128.348210383309123, 36.930703344706757 ], [ 128.348356288945951, 36.930770092558035 ], [ 128.349441757689647, 36.931233531238504 ], [ 128.351507183160152, 36.930284775454332 ], [ 128.351607096820942, 36.930257029862396 ], [ 128.352140414037137, 36.930154596002843 ], [ 128.352218307814525, 36.930142323099851 ], [ 128.352812566144166, 36.93006889491781 ], [ 128.35474235412056, 36.929862966187706 ], [ 128.355673341859813, 36.929773606551244 ], [ 128.355713528789067, 36.929772474194728 ], [ 128.3557537202079, 36.92977134179224 ], [ 128.355816408783937, 36.92977022034961 ], [ 128.355870139079627, 36.929769269795003 ], [ 128.358645347576385, 36.929983111531072 ], [ 128.358837419123006, 36.930002194199702 ], [ 128.358892939016442, 36.930012724310373 ], [ 128.359286449087762, 36.930104698948632 ], [ 128.359321171807636, 36.930114015461498 ], [ 128.360248430733122, 36.930403380696482 ], [ 128.361431905192831, 36.930696665074066 ], [ 128.362766864335953, 36.930968940142122 ], [ 128.369470260784027, 36.932159081759352 ], [ 128.374138198923902, 36.932008826245657 ], [ 128.374289698052934, 36.931998631988151 ], [ 128.374375872934621, 36.931987991802892 ], [ 128.374495858626261, 36.931961067184716 ], [ 128.376963344179558, 36.931128319206906 ], [ 128.380099518647796, 36.930264957611456 ], [ 128.380538840715644, 36.930206696556773 ], [ 128.380766323094065, 36.930182927682274 ], [ 128.380935038209316, 36.930167238337404 ], [ 128.382681785423131, 36.930046866136109 ], [ 128.388292811321236, 36.928063162636803 ], [ 128.388328878203026, 36.928051375405879 ], [ 128.388360444126647, 36.928041071317502 ], [ 128.388414316554929, 36.92803084646264 ], [ 128.388474191805273, 36.928019489563702 ], [ 128.388539884603659, 36.928012514202344 ], [ 128.388598211971384, 36.928006326765782 ], [ 128.390672040510822, 36.927862318203424 ], [ 128.391565294010064, 36.927809585308047 ], [ 128.392908139145476, 36.927746637496313 ], [ 128.393228094123629, 36.927736457882325 ], [ 128.395719025626704, 36.92786931304834 ], [ 128.395830188718833, 36.927890162916761 ], [ 128.395884934111166, 36.927903588645897 ], [ 128.395942323546251, 36.927917671373784 ], [ 128.39599717296619, 36.927949575437594 ], [ 128.396052026975184, 36.927981483948109 ], [ 128.396304373696069, 36.928148301979782 ], [ 128.398538763907737, 36.928478733315998 ], [ 128.405150952908485, 36.92645279136967 ], [ 128.414566790118897, 36.924352163525583 ], [ 128.414629603113355, 36.924342186985946 ], [ 128.414684556077958, 36.924333459917541 ], [ 128.417117085759116, 36.924152536851089 ], [ 128.417820511794218, 36.924128419680521 ], [ 128.417949020124638, 36.924134346824786 ], [ 128.418076193944955, 36.924140214735203 ], [ 128.421484614716007, 36.924618848046393 ], [ 128.422539051921376, 36.924780632353936 ], [ 128.422603472963715, 36.924810243970988 ], [ 128.42302079259116, 36.925041155879612 ], [ 128.424506727345147, 36.926116684668045 ], [ 128.425175902499177, 36.926872245703699 ], [ 128.425751242853664, 36.927555706597005 ], [ 128.425816040582987, 36.927865176755766 ], [ 128.425828411032938, 36.927920467236568 ], [ 128.425873602935269, 36.928000435170077 ], [ 128.425944165310653, 36.928094850687629 ], [ 128.426057604062947, 36.928203263558856 ], [ 128.426273205650773, 36.92835406489759 ], [ 128.426428663981937, 36.928456815993805 ], [ 128.428769158920176, 36.929777115054698 ], [ 128.429205451258213, 36.929998079592998 ], [ 128.429470680438186, 36.930103626658628 ], [ 128.429544359827531, 36.930126503195396 ], [ 128.429602916413188, 36.930130840453288 ], [ 128.433654754508126, 36.929831653821388 ], [ 128.440314968588353, 36.929167679551696 ], [ 128.440360822981489, 36.929159708533234 ], [ 128.440621226062575, 36.929066863670023 ], [ 128.440674952541627, 36.929040537677849 ], [ 128.440713354844547, 36.929007998758607 ], [ 128.440926984580074, 36.928803476310591 ], [ 128.441868290181816, 36.927900345043241 ] ] ] ] } },
{ "type": "Feature", "properties": { "OBJECTID": 2008, "adm_nm": "충청북도 단양군 가곡면", "adm_cd": "3338033", "adm_cd2": "4380032000", "sgg": "43800", "sido": "43", "sidonm": "충청북도", "sggnm": "단양군" }, "geometry": { "type": "MultiPolygon", "coordinates": [ [ [ [ 128.514490568429096, 36.98680996018053 ], [ 128.514615911070308, 36.986270476589098 ], [ 128.514591037323243, 36.984902639186117 ], [ 128.514390139751612, 36.983435537601537 ], [ 128.514352946298686, 36.983389001239971 ], [ 128.514060445649051, 36.983114426994561 ], [ 128.513744401625331, 36.982695941639818 ], [ 128.513665406439401, 36.982557241685974 ], [ 128.512853269112952, 36.980766982123072 ], [ 128.512787930656913, 36.98046634447342 ], [ 128.512772146565482, 36.980305775453203 ], [ 128.512754371305448, 36.979837645408097 ], [ 128.512776703378591, 36.979631858422991 ], [ 128.513458019121799, 36.977294485481458 ], [ 128.513628762083272, 36.976811197687233 ], [ 128.513553716848861, 36.976685873992132 ], [ 128.512867023246059, 36.976086908590723 ], [ 128.512763669233721, 36.976019161708486 ], [ 128.512616488940637, 36.975938438729159 ], [ 128.512403931214578, 36.975827739749171 ], [ 128.509849737821526, 36.974531941097979 ], [ 128.506845037002364, 36.972000718822827 ], [ 128.506845570709658, 36.97191740433172 ], [ 128.506843172140918, 36.971695241926099 ], [ 128.506736961589098, 36.970271273550587 ], [ 128.506701554286167, 36.97019419507113 ], [ 128.506554523384466, 36.970094211729993 ], [ 128.504864436264796, 36.969144854062527 ], [ 128.503772063563844, 36.968670263473527 ], [ 128.495114726834259, 36.964990056292272 ], [ 128.493441884021848, 36.964370181758767 ], [ 128.491478471985886, 36.963749213649123 ], [ 128.490489825675439, 36.96360512157522 ], [ 128.489763644953854, 36.963522441619396 ], [ 128.489106599002923, 36.963478230413408 ], [ 128.488972487540508, 36.963450083270999 ], [ 128.488427479604695, 36.963261028348711 ], [ 128.488308861963105, 36.963215105441762 ], [ 128.488167231152516, 36.963154488948661 ], [ 128.486096187232931, 36.962086113656859 ], [ 128.48594381101617, 36.962005164945289 ], [ 128.485664044842423, 36.961813376023329 ], [ 128.48552100467063, 36.961711203042221 ], [ 128.48550567893551, 36.961668880077283 ], [ 128.485470794521461, 36.96153051269458 ], [ 128.485196228953981, 36.960220323240982 ], [ 128.485188211285902, 36.96012827630129 ], [ 128.48496278009361, 36.957462304220179 ], [ 128.483918687195995, 36.957860260793844 ], [ 128.483749757143386, 36.957902133925408 ], [ 128.483546437145719, 36.957948831199964 ], [ 128.482885251956674, 36.95806011038426 ], [ 128.482367824178397, 36.958114707470699 ], [ 128.481845375876247, 36.958131073459683 ], [ 128.48167852051273, 36.958131528234254 ], [ 128.481310272495932, 36.958111254484017 ], [ 128.478526060313072, 36.957861681954931 ], [ 128.477756943546069, 36.95776169169978 ], [ 128.47759955071038, 36.957724693850302 ], [ 128.477453125095991, 36.957678896960459 ], [ 128.477127209479278, 36.957540942850713 ], [ 128.476316075089272, 36.959359783666009 ], [ 128.476268456385498, 36.959459947153427 ], [ 128.476079612044572, 36.959718984608578 ], [ 128.476031354846185, 36.959771807456313 ], [ 128.475983108651889, 36.959824617574185 ], [ 128.475843979517578, 36.959908254779904 ], [ 128.475760204166647, 36.959957974705034 ], [ 128.474670516209301, 36.960524248279313 ], [ 128.474377272551777, 36.960582773445751 ], [ 128.468126937961898, 36.961598403400039 ], [ 128.458450159765619, 36.96208085572281 ], [ 128.457481062884256, 36.962579048997355 ], [ 128.457410642930085, 36.962612953832263 ], [ 128.456262748843756, 36.963019744953577 ], [ 128.455121749475779, 36.963401786152701 ], [ 128.448060591584266, 36.965013260241257 ], [ 128.445025094712975, 36.965081075821608 ], [ 128.444970551204989, 36.965089191797112 ], [ 128.444921781332511, 36.965096463144818 ], [ 128.444336358058024, 36.965426821579406 ], [ 128.44418541776227, 36.965521632962194 ], [ 128.443933585995666, 36.965686795816154 ], [ 128.441801156745811, 36.967313007538465 ], [ 128.441732212197593, 36.967374404367433 ], [ 128.441648459070336, 36.967462421077812 ], [ 128.441597997122727, 36.967545608947972 ], [ 128.440897665823371, 36.968733246366064 ], [ 128.440079441895165, 36.969563320885818 ], [ 128.438870768584167, 36.970526699919624 ], [ 128.438772613205771, 36.97060300735091 ], [ 128.438295054792036, 36.970948010897466 ], [ 128.438240995328584, 36.970983879911586 ], [ 128.437064913611607, 36.97163230135326 ], [ 128.436355102275968, 36.971839154943538 ], [ 128.436279286062188, 36.971812955654492 ], [ 128.436208032505931, 36.971788341078536 ], [ 128.436132577253119, 36.971766197012826 ], [ 128.43604633436604, 36.971740900976378 ], [ 128.435986275664703, 36.971726806739056 ], [ 128.435901268155391, 36.971706883198102 ], [ 128.435738249655941, 36.971701048817671 ], [ 128.435225036503795, 36.971715275101808 ], [ 128.435018255820694, 36.971736002978695 ], [ 128.434849733967354, 36.971775207492819 ], [ 128.43467057930178, 36.971841114227217 ], [ 128.431109631310306, 36.973480322230401 ], [ 128.430976233576189, 36.973553032579737 ], [ 128.430846796315222, 36.973635746265117 ], [ 128.430100771351476, 36.974235964796037 ], [ 128.428186336391349, 36.977048974703962 ], [ 128.426672014446154, 36.980117259500112 ], [ 128.426143876506529, 36.980734633954171 ], [ 128.426091725073803, 36.980769703746702 ], [ 128.425419999641974, 36.980974060653104 ], [ 128.425260878307284, 36.980985535629387 ], [ 128.425083545029764, 36.980984682165861 ], [ 128.424464383110262, 36.980978264884222 ], [ 128.424392032543182, 36.980968972241072 ], [ 128.424277394328158, 36.980959433708094 ], [ 128.424141387855286, 36.980948121572162 ], [ 128.423396677502097, 36.980971243606007 ], [ 128.42190580606578, 36.981120493934377 ], [ 128.421871166245467, 36.981128979322868 ], [ 128.421825725719856, 36.981161701040243 ], [ 128.420427506091102, 36.983160491095099 ], [ 128.420375680160873, 36.983284495589061 ], [ 128.420363931535434, 36.983426537603563 ], [ 128.418922539577864, 36.986875673172143 ], [ 128.413317156215811, 36.990377444383213 ], [ 128.411476361448592, 36.991231148692584 ], [ 128.406332781497383, 36.993164478833116 ], [ 128.405874864877433, 36.993300353199402 ], [ 128.404226014472528, 36.993635694309994 ], [ 128.403806084750244, 36.993654396867186 ], [ 128.40374869740586, 36.993652306262753 ], [ 128.403546543923682, 36.99363137124994 ], [ 128.403493591163226, 36.993622361774477 ], [ 128.403118900345163, 36.993545145255943 ], [ 128.403044332971291, 36.993525755307779 ], [ 128.402968339835979, 36.993464281083106 ], [ 128.402879923712618, 36.99337904902135 ], [ 128.40275457075046, 36.993249120024963 ], [ 128.40260471067171, 36.993148423478196 ], [ 128.402443179394453, 36.993076426318396 ], [ 128.400538517145719, 36.992314968205278 ], [ 128.400384019902305, 36.992262909090229 ], [ 128.400299988361411, 36.992247741100897 ], [ 128.400230343461317, 36.99223518350545 ], [ 128.400069775764422, 36.992227434812989 ], [ 128.399556942659842, 36.992204837102236 ], [ 128.397625585114241, 36.99215384699859 ], [ 128.397580934898969, 36.992153613148766 ], [ 128.392787036711837, 36.992253749373042 ], [ 128.390258084842287, 36.992818109991184 ], [ 128.389576090308935, 36.993974758407987 ], [ 128.389548847861846, 36.99408185310304 ], [ 128.389482940091852, 36.994258650899518 ], [ 128.389388320130791, 36.994486936203195 ], [ 128.388586248085801, 36.995257802729377 ], [ 128.384932064362602, 36.996194016168033 ], [ 128.384876773073557, 36.996197788852619 ], [ 128.384832124872815, 36.996191435014509 ], [ 128.384745920981942, 36.996167456396925 ], [ 128.382549017515515, 36.994981573548323 ], [ 128.382501028312078, 36.994942662060609 ], [ 128.376786244368674, 36.995714007360966 ], [ 128.375904448435847, 36.995635335961865 ], [ 128.375625306201982, 36.997608445819139 ], [ 128.375616882623405, 36.997648683083476 ], [ 128.375578213347779, 36.997761829889498 ], [ 128.375543461452992, 36.997834186744996 ], [ 128.375417730506399, 36.998042669220943 ], [ 128.375340412024286, 36.998156692324642 ], [ 128.375267486230371, 36.99824011152991 ], [ 128.375209441919537, 36.998298705990329 ], [ 128.375158514187433, 36.998346854646499 ], [ 128.375061838225463, 36.998412744169912 ], [ 128.374986136755439, 36.998459058030932 ], [ 128.374910423986705, 36.998505374631343 ], [ 128.362920779488377, 37.005710911093843 ], [ 128.36202649626, 37.006156861648535 ], [ 128.360900089691199, 37.006665944271468 ], [ 128.360565610213001, 37.006810905186278 ], [ 128.360422322291214, 37.006870378221706 ], [ 128.360246902284217, 37.006926862340478 ], [ 128.360081573507472, 37.006975812069818 ], [ 128.359913746676654, 37.007015747504319 ], [ 128.358829851343671, 37.007259807804708 ], [ 128.358476068793806, 37.007336793517467 ], [ 128.358303113441025, 37.007369092746508 ], [ 128.358129337850158, 37.007397929014779 ], [ 128.358044172624005, 37.007410959042531 ], [ 128.357959020813666, 37.007423985306637 ], [ 128.356644016595823, 37.007613911280004 ], [ 128.355120139365141, 37.00768074525292 ], [ 128.35375592104549, 37.007679214434845 ], [ 128.352540642486957, 37.007770226200542 ], [ 128.352373772274206, 37.007796999705349 ], [ 128.35229334023964, 37.007812486732519 ], [ 128.352181734609616, 37.00783954995763 ], [ 128.351831787482951, 37.007974032835484 ], [ 128.351367411447313, 37.008161165111076 ], [ 128.352551409121986, 37.009458163601828 ], [ 128.352782174971424, 37.012628428446725 ], [ 128.352621692403744, 37.013316451232988 ], [ 128.351824467680842, 37.014125005478853 ], [ 128.351115594693653, 37.01464468307956 ], [ 128.350355409040077, 37.015136542369419 ], [ 128.349356560687482, 37.015406614236483 ], [ 128.349064128879945, 37.01544634445829 ], [ 128.348171654199831, 37.015331208770753 ], [ 128.34777696162007, 37.015273928219088 ], [ 128.346226590068369, 37.015503478238919 ], [ 128.345660662137334, 37.015959194376805 ], [ 128.345685304075857, 37.016211713753762 ], [ 128.346020589854618, 37.017438123095012 ], [ 128.346111814020929, 37.017664967714744 ], [ 128.346249295388247, 37.017927181953539 ], [ 128.348294240958182, 37.021253009160695 ], [ 128.348479040495079, 37.021308464311836 ], [ 128.348621490984783, 37.021361963095501 ], [ 128.348880932462379, 37.021585992341748 ], [ 128.349069148290795, 37.021752142585015 ], [ 128.349128993277446, 37.021806906033383 ], [ 128.349199879783299, 37.021904869035424 ], [ 128.349613193370573, 37.0226250323051 ], [ 128.349643101386874, 37.022686195309305 ], [ 128.349659414582675, 37.022748575201511 ], [ 128.349637712306645, 37.022872166345209 ], [ 128.349233060397381, 37.024444258831764 ], [ 128.349135490140412, 37.024607070575591 ], [ 128.348905215113007, 37.024911179686853 ], [ 128.348769463219355, 37.025090334638556 ], [ 128.347481804878498, 37.026536619109692 ], [ 128.346307610338329, 37.027827131295282 ], [ 128.344420983187064, 37.030407490902796 ], [ 128.344387577915171, 37.030464184013447 ], [ 128.344015778194006, 37.031688376564254 ], [ 128.343885283432968, 37.032224036166767 ], [ 128.343250110597552, 37.035897852491779 ], [ 128.343256716172334, 37.036862446259796 ], [ 128.344512380822835, 37.038008753525254 ], [ 128.345551288355864, 37.03984224758694 ], [ 128.346288598000626, 37.041651362178548 ], [ 128.346340170703343, 37.041962103118301 ], [ 128.348110532255987, 37.041054547112914 ], [ 128.348157882933521, 37.041035886572331 ], [ 128.348212123491265, 37.041014523006005 ], [ 128.348297045504069, 37.040984401896232 ], [ 128.348366240740262, 37.040967627675279 ], [ 128.348509085749384, 37.040937670920371 ], [ 128.348574993261479, 37.040930420945806 ], [ 128.348650312404601, 37.040922148119769 ], [ 128.350211817268502, 37.040785713979446 ], [ 128.350395318135952, 37.040773372804409 ], [ 128.350595967085297, 37.040797523649729 ], [ 128.350657260647097, 37.040813156323296 ], [ 128.350754808224082, 37.040857922155062 ], [ 128.350817585593376, 37.04089285048795 ], [ 128.350878633497899, 37.040935427929305 ], [ 128.3509245753892, 37.040999365305808 ], [ 128.350970513021736, 37.041063317116524 ], [ 128.350986330026387, 37.041085702840206 ], [ 128.351059906135333, 37.041189850316471 ], [ 128.351140264643817, 37.041314389441048 ], [ 128.351220401450689, 37.041444830721915 ], [ 128.351932353465116, 37.042051050734933 ], [ 128.353297272650934, 37.042963840887985 ], [ 128.353405261720184, 37.043010078021808 ], [ 128.353505150448143, 37.04302621940618 ], [ 128.35354772156623, 37.043031835394196 ], [ 128.353591409756802, 37.043037591160811 ], [ 128.354592974474031, 37.043067663136853 ], [ 128.354737381559971, 37.043068786229988 ], [ 128.354866161760413, 37.043053185238087 ], [ 128.355423112092211, 37.042955799289089 ], [ 128.358473792922808, 37.043001948270501 ], [ 128.363771346485549, 37.043733630376984 ], [ 128.365639656280877, 37.044335973006618 ], [ 128.368125707059733, 37.045116580844294 ], [ 128.370828489815381, 37.045590929369212 ], [ 128.370872164863158, 37.045592048320721 ], [ 128.370931467717753, 37.045583831135133 ], [ 128.370971011654973, 37.045570126087988 ], [ 128.371015542196233, 37.045554687968448 ], [ 128.371124666211358, 37.045508380102653 ], [ 128.371157859384567, 37.045490403885076 ], [ 128.371240657721415, 37.045434828051185 ], [ 128.371929559690557, 37.044930933583352 ], [ 128.372663803783581, 37.04436942799471 ], [ 128.372721445611319, 37.044324171593701 ], [ 128.378973074240918, 37.04741651305055 ], [ 128.381095678094624, 37.048605675321689 ], [ 128.385560348438844, 37.051784064122238 ], [ 128.386654851246618, 37.052918987584221 ], [ 128.386528564861095, 37.053201333846893 ], [ 128.386453226859544, 37.053419908856029 ], [ 128.38642466449997, 37.053574731272626 ], [ 128.386432177435466, 37.053685942760538 ], [ 128.386460790428487, 37.053785491040784 ], [ 128.386506179873948, 37.053890154709862 ], [ 128.386566516759217, 37.053966258309785 ], [ 128.388098067565437, 37.05561991845304 ], [ 128.388162743610337, 37.05567754057094 ], [ 128.389675064170774, 37.056856034646053 ], [ 128.389753065306081, 37.056891281332206 ], [ 128.389790341925732, 37.0568953888612 ], [ 128.389836655773991, 37.056887192024313 ], [ 128.389889304778109, 37.056874831832495 ], [ 128.389941944746823, 37.056862469882361 ], [ 128.3901442048994, 37.056802878431 ], [ 128.390420347390148, 37.056704903746265 ], [ 128.390549478060166, 37.056641953828482 ], [ 128.390690450311325, 37.056573221588877 ], [ 128.390935281925977, 37.056446473616312 ], [ 128.391125568907569, 37.056307632426027 ], [ 128.3913242229888, 37.056173896714348 ], [ 128.391375589012569, 37.056148741057974 ], [ 128.391429727356638, 37.05612223948188 ], [ 128.391694932272685, 37.056076419961521 ], [ 128.39180857386134, 37.056060169680443 ], [ 128.392012484364926, 37.056056166670409 ], [ 128.392228850785727, 37.056072434147815 ], [ 128.392419836655876, 37.056108786163797 ], [ 128.392524804219107, 37.056145606624654 ], [ 128.392614769893697, 37.056177165706458 ], [ 128.394246431219273, 37.056894680380069 ], [ 128.394474466343127, 37.057028930677873 ], [ 128.394706579356608, 37.057180042081342 ], [ 128.394798876649958, 37.057243992780357 ], [ 128.394877995543737, 37.05729881244789 ], [ 128.397132222295937, 37.058810353106423 ], [ 128.400190622498059, 37.060778517624058 ], [ 128.400279212674803, 37.060792410152509 ], [ 128.400540633016504, 37.06077548770925 ], [ 128.400887603264636, 37.06070235430883 ], [ 128.401011404801807, 37.060657832962477 ], [ 128.401713368861806, 37.060402090925805 ], [ 128.401860173072549, 37.060328898683956 ], [ 128.401954106079984, 37.060272719348049 ], [ 128.402036110358466, 37.060208790247692 ], [ 128.402185670291686, 37.060089502338542 ], [ 128.40241520055514, 37.059861143668563 ], [ 128.402559113663131, 37.059696716325085 ], [ 128.402596723885409, 37.059640233080877 ], [ 128.402640751518391, 37.059528093440356 ], [ 128.40267991916599, 37.059424602770441 ], [ 128.402703488091419, 37.059399265253958 ], [ 128.402727059250509, 37.059373927715761 ], [ 128.402762274338556, 37.059351212075704 ], [ 128.402932678950776, 37.059288535846598 ], [ 128.403152452312696, 37.059232030389055 ], [ 128.403378123106478, 37.059187069852342 ], [ 128.403606191847217, 37.059143082164042 ], [ 128.403718354014131, 37.059127963898945 ], [ 128.403832959755277, 37.059112525840469 ], [ 128.403958113543439, 37.059112192323923 ], [ 128.404094489616938, 37.059112688967694 ], [ 128.404194855425516, 37.059120123122725 ], [ 128.404323397757992, 37.059141561117023 ], [ 128.404365332843838, 37.059151847316535 ], [ 128.404402028417309, 37.05916085740084 ], [ 128.404572893650993, 37.059209411136266 ], [ 128.405311424148607, 37.059483927548278 ], [ 128.405629321132636, 37.059603671644162 ], [ 128.405795403167218, 37.059669794209299 ], [ 128.405958744310084, 37.059779127283903 ], [ 128.406036022885615, 37.059859230613505 ], [ 128.406274762410078, 37.059684186080077 ], [ 128.406459212468178, 37.059545853630453 ], [ 128.406610178540035, 37.05939873304343 ], [ 128.406926910663969, 37.059050750982841 ], [ 128.407116820939279, 37.058828918486107 ], [ 128.407203070922804, 37.058728161707094 ], [ 128.407306717594736, 37.05860707316814 ], [ 128.408021209726968, 37.057509173358028 ], [ 128.408058888185195, 37.057442140552887 ], [ 128.40809657096915, 37.057375098688262 ], [ 128.408376221824511, 37.056861776413697 ], [ 128.408392196222621, 37.056810954673644 ], [ 128.408393960416248, 37.056737991519235 ], [ 128.408357578477847, 37.056639847726423 ], [ 128.40831243700157, 37.056588739500867 ], [ 128.408258139963181, 37.056535125148933 ], [ 128.40821371789724, 37.056491238825714 ], [ 128.408188113558651, 37.056464472088528 ], [ 128.408151906013359, 37.056426600109511 ], [ 128.408065380022634, 37.056302291975264 ], [ 128.407615976273803, 37.055529852127464 ], [ 128.407344201241784, 37.054880285122678 ], [ 128.407333906546114, 37.054815909917906 ], [ 128.407330779029763, 37.054755379363044 ], [ 128.40735176353158, 37.054676740874605 ], [ 128.407465998617624, 37.054474690935024 ], [ 128.407527753933948, 37.054394338833951 ], [ 128.407645008063355, 37.054265296426586 ], [ 128.407764256928886, 37.054187140891052 ], [ 128.411114737183993, 37.052278115608786 ], [ 128.411209386959001, 37.052236061973872 ], [ 128.411308433302167, 37.052209944654791 ], [ 128.41136777065509, 37.052194311876207 ], [ 128.411544948239055, 37.052164914213932 ], [ 128.411804437225925, 37.052160529481135 ], [ 128.411932050695441, 37.052168782521719 ], [ 128.412057933194347, 37.052176925240921 ], [ 128.412311172267209, 37.052225495324784 ], [ 128.413790108000057, 37.052553347340805 ], [ 128.414037319603267, 37.052611240999411 ], [ 128.414237624415222, 37.05266643358344 ], [ 128.41427502976984, 37.052676746705437 ], [ 128.4143771445288, 37.052728128362382 ], [ 128.414455865243923, 37.052767742169493 ], [ 128.414496260783636, 37.052825077304249 ], [ 128.414485520892612, 37.052930544944957 ], [ 128.414440083700129, 37.053073417862898 ], [ 128.414324034680732, 37.053358030812134 ], [ 128.414070017104422, 37.053819639076302 ], [ 128.413905242623002, 37.054050274238932 ], [ 128.413744068106666, 37.054280892256969 ], [ 128.413596065025615, 37.054512572324811 ], [ 128.413478049710676, 37.054741486540841 ], [ 128.41336002272314, 37.054970423259952 ], [ 128.413220113920488, 37.055498109008148 ], [ 128.413187300946532, 37.055650096558303 ], [ 128.413158933366248, 37.055907730342788 ], [ 128.41315775588123, 37.056059865552285 ], [ 128.413201296900269, 37.056567187777112 ], [ 128.413236463306418, 37.056795556038878 ], [ 128.413277354562894, 37.056964800472649 ], [ 128.413346692041074, 37.057163703756011 ], [ 128.41343261398012, 37.057366762750085 ], [ 128.413518536300842, 37.057569814458269 ], [ 128.414444777463814, 37.059308755409909 ], [ 128.414619916913324, 37.059599627993499 ], [ 128.414715952785656, 37.059734549390647 ], [ 128.414812004670665, 37.059869464271728 ], [ 128.415011476977412, 37.060112451783517 ], [ 128.415235208951003, 37.060320969641396 ], [ 128.415464982329496, 37.060520897850559 ], [ 128.416189595268833, 37.061056487826924 ], [ 128.416431568440828, 37.061230547901992 ], [ 128.41683095424591, 37.061453845944506 ], [ 128.425490429826539, 37.064808745659441 ], [ 128.426969001849926, 37.065135516983197 ], [ 128.42737975358375, 37.065208501589602 ], [ 128.428135116154436, 37.065320557801613 ], [ 128.4289350683257, 37.065439213384998 ], [ 128.430225003406377, 37.065597531523153 ], [ 128.436781248043616, 37.067399036006705 ], [ 128.438189320489897, 37.067826147202268 ], [ 128.438282675411187, 37.067848406136079 ], [ 128.438909814115931, 37.067987453614954 ], [ 128.439871277099456, 37.068068071329314 ], [ 128.443091388742118, 37.068270960712795 ], [ 128.444698383234481, 37.068369778841571 ], [ 128.445515052731281, 37.068391303081484 ], [ 128.446337377947202, 37.068412967665502 ], [ 128.446691817585219, 37.068409578509865 ], [ 128.447760050345295, 37.06836954535671 ], [ 128.448933117275772, 37.06833478439745 ], [ 128.44952234494005, 37.068319436793864 ], [ 128.449756165671545, 37.068327202458832 ], [ 128.450018925449683, 37.068344951420379 ], [ 128.450281696787528, 37.068362715931407 ], [ 128.451151086240685, 37.06842845494824 ], [ 128.452729041004744, 37.06870473629629 ], [ 128.453185323465419, 37.068799390284056 ], [ 128.453652389931705, 37.068911732270905 ], [ 128.45421265759353, 37.069090756209974 ], [ 128.45495257473948, 37.069367542644024 ], [ 128.455555300383963, 37.069758315425325 ], [ 128.455664805738678, 37.069838119058929 ], [ 128.455763985417292, 37.069932666129006 ], [ 128.455850761484413, 37.070015403808412 ], [ 128.456375551065719, 37.070533663080958 ], [ 128.456545531854744, 37.070631393772501 ], [ 128.456660921271151, 37.070660575195753 ], [ 128.456738062105785, 37.070660929173911 ], [ 128.456873085520243, 37.070632895348858 ], [ 128.457069060859226, 37.070556669390328 ], [ 128.457276184721053, 37.070462820947448 ], [ 128.45750058603403, 37.070342458675377 ], [ 128.457757044520065, 37.070204894451784 ], [ 128.458086045996851, 37.070003569259356 ], [ 128.460494528119, 37.068467021228706 ], [ 128.465163996398644, 37.064006383224736 ], [ 128.466468377693758, 37.062870353407718 ], [ 128.466770331880156, 37.062605008097947 ], [ 128.467008531794022, 37.06238777110255 ], [ 128.467230141754868, 37.062179353880801 ], [ 128.467302329721406, 37.062098141469001 ], [ 128.467346862214896, 37.062016788588068 ], [ 128.467355786081839, 37.0619308648578 ], [ 128.467368398426288, 37.061703868386047 ], [ 128.467379638391833, 37.06132752232859 ], [ 128.467281968776319, 37.0610729112719 ], [ 128.467100960101504, 37.060834848741429 ], [ 128.465856712082854, 37.059049381202122 ], [ 128.464494683010429, 37.057048095332163 ], [ 128.463576834353717, 37.055677126993999 ], [ 128.462595004570744, 37.054028074680687 ], [ 128.462082076775914, 37.053020508384158 ], [ 128.461652040810634, 37.052111351367991 ], [ 128.461383453277051, 37.051072688978735 ], [ 128.461523643859607, 37.050802372160639 ], [ 128.461642082078896, 37.050532904850172 ], [ 128.462006952581334, 37.049486488358028 ], [ 128.46228691760254, 37.048488089204703 ], [ 128.462344800315691, 37.048243514124465 ], [ 128.462364064732043, 37.047994890416689 ], [ 128.462357988954608, 37.047746143250613 ], [ 128.462316841464002, 37.047503071848716 ], [ 128.462235817563766, 37.047265601567972 ], [ 128.462110058688097, 37.047032772074715 ], [ 128.461959369344555, 37.046817041346223 ], [ 128.461757947361178, 37.046620840421568 ], [ 128.461640238453242, 37.046529042291752 ], [ 128.461551993635908, 37.046460226218009 ], [ 128.461457341955452, 37.046394755719355 ], [ 128.461335092147635, 37.046310210694976 ], [ 128.461122855557562, 37.046184411867237 ], [ 128.460896171640314, 37.04605272273669 ], [ 128.459985774716301, 37.0452753397458 ], [ 128.460013725836546, 37.043124195391023 ], [ 128.460160985550345, 37.042622607814657 ], [ 128.460196645960565, 37.042562678877992 ], [ 128.460232313197935, 37.042502760691931 ], [ 128.460256924672251, 37.042461425132856 ], [ 128.461117281831093, 37.041094053245821 ], [ 128.461567866639939, 37.040469021847613 ], [ 128.462082923967444, 37.039775544397614 ], [ 128.462224908913214, 37.039590376278831 ], [ 128.462427263195138, 37.039405496195556 ], [ 128.463452469691902, 37.03861950893625 ], [ 128.463654543102649, 37.038471382801951 ], [ 128.463867407986157, 37.038336872665866 ], [ 128.470573703924515, 37.035066025938846 ], [ 128.470636558074716, 37.035071209513063 ], [ 128.470671610234177, 37.03506555129664 ], [ 128.47375066056523, 37.033850037294435 ], [ 128.47409909625614, 37.033695936367785 ], [ 128.474185946547863, 37.033654301461731 ], [ 128.474279972196939, 37.033609223710116 ], [ 128.474463219947069, 37.03352065153733 ], [ 128.474749138479524, 37.033358844971005 ], [ 128.474801503658483, 37.033312136792162 ], [ 128.474856951788752, 37.033239926942272 ], [ 128.476577687335521, 37.029776217732774 ], [ 128.476735075304276, 37.028722657765769 ], [ 128.476768240041707, 37.027212849452283 ], [ 128.477779223677544, 37.024835213100211 ], [ 128.480179271852819, 37.019629084267237 ], [ 128.481075412521676, 37.018818744635375 ], [ 128.481806671527636, 37.018131344738897 ], [ 128.483821207972056, 37.016003199909527 ], [ 128.484478726087872, 37.015305987266892 ], [ 128.484616758626686, 37.015143364617991 ], [ 128.484740816991462, 37.014992482270678 ], [ 128.484860832757136, 37.01483568047307 ], [ 128.484903687115008, 37.01472509395203 ], [ 128.484931395226539, 37.014555423518132 ], [ 128.484927961461779, 37.014397455767856 ], [ 128.48493266402636, 37.014247353739322 ], [ 128.484959413249726, 37.014099990173321 ], [ 128.485014570635826, 37.0139822335803 ], [ 128.485068845359535, 37.013927951230379 ], [ 128.485113750572339, 37.013883040107856 ], [ 128.485200960616112, 37.013801467414304 ], [ 128.485840033152073, 37.013226750562083 ], [ 128.487722861108068, 37.011745599292389 ], [ 128.488524439153394, 37.01137411605071 ], [ 128.489617863599022, 37.010697122254697 ], [ 128.493731080903927, 37.008028476888114 ], [ 128.493756384835564, 37.008003355607137 ], [ 128.493781683049207, 37.007978228058818 ], [ 128.493803161583543, 37.007697103084595 ], [ 128.49381571712135, 37.007468399157084 ], [ 128.493805337940842, 37.007370029303516 ], [ 128.493774039665283, 37.007282708256618 ], [ 128.493709013450427, 37.007165748401327 ], [ 128.492998468243115, 37.005971657956998 ], [ 128.493693278083441, 37.00283800997164 ], [ 128.497042484081675, 36.99992622447607 ], [ 128.501027974478461, 36.996646317698023 ], [ 128.51003105427958, 36.989995838115156 ], [ 128.512988819562736, 36.988374124250825 ], [ 128.514490568429096, 36.98680996018053 ] ] ] ] } },
{ "type": "Feature", "properties": { "OBJECTID": 2009, "adm_nm": "충청북도 단양군 영춘면", "adm_cd": "3338034", "adm_cd2": "4380033000", "sgg": "43800", "sido": "43", "sidonm": "충청북도", "sggnm": "단양군" }, "geometry": { "type": "MultiPolygon", "coordinates": [ [ [ [ 128.4508418513214, 37.112421035657441 ], [ 128.452692169661674, 37.111748047456274 ], [ 128.457191431153461, 37.111171875856101 ], [ 128.461312183972836, 37.110607030595119 ], [ 128.465118980261479, 37.109877637458915 ], [ 128.46581391376094, 37.109860950803615 ], [ 128.469930750242895, 37.110227497105313 ], [ 128.473878189545104, 37.110632147798718 ], [ 128.479200288570581, 37.111338696482768 ], [ 128.479470622841404, 37.111380925369801 ], [ 128.480083899326416, 37.111495167831286 ], [ 128.480331641659063, 37.111553832662089 ], [ 128.480552550347369, 37.111629616359728 ], [ 128.480672206093658, 37.111712213433435 ], [ 128.481681390477917, 37.112570909892327 ], [ 128.481779656060866, 37.11266490973933 ], [ 128.481786382940044, 37.11269513350851 ], [ 128.481803209529858, 37.112770808229058 ], [ 128.484106014426629, 37.116701019903942 ], [ 128.486715227531363, 37.120164012415145 ], [ 128.486744852119187, 37.120187975314032 ], [ 128.486813759121759, 37.120222018642622 ], [ 128.486957327295045, 37.120265811738406 ], [ 128.487525665033019, 37.12038847187933 ], [ 128.488026863828338, 37.120469801373055 ], [ 128.488304216218239, 37.120543692793319 ], [ 128.48840469177415, 37.120577241247929 ], [ 128.488588484318853, 37.12065648026401 ], [ 128.488774901711963, 37.120747968591459 ], [ 128.489028522607555, 37.120873572351599 ], [ 128.489144966569228, 37.120940291420752 ], [ 128.489339289660251, 37.121058426408055 ], [ 128.489410704925064, 37.121136453022665 ], [ 128.490147332001897, 37.122853175078049 ], [ 128.490800722128796, 37.122360921569147 ], [ 128.490964266078862, 37.122244304965257 ], [ 128.491794999498723, 37.121725385831347 ], [ 128.492148067920056, 37.12150596322676 ], [ 128.492205827911249, 37.121473087543094 ], [ 128.492556877501784, 37.121283889721241 ], [ 128.492893333121657, 37.121126276927356 ], [ 128.493215166721711, 37.121003146579092 ], [ 128.49352965387456, 37.12090158583721 ], [ 128.493563888253505, 37.120893090882852 ], [ 128.493766522248393, 37.120844298505567 ], [ 128.494185293911698, 37.120747506263939 ], [ 128.497767788764406, 37.120072602231602 ], [ 128.500817481609175, 37.120094489938047 ], [ 128.504420366068558, 37.117823226517004 ], [ 128.504483860040153, 37.117781271612387 ], [ 128.504617107613683, 37.117693221767546 ], [ 128.504821911815043, 37.117546326669874 ], [ 128.504961568333755, 37.117446150742332 ], [ 128.505870669879897, 37.116650696953734 ], [ 128.506700048523072, 37.115924972088337 ], [ 128.507255960871902, 37.115334311582352 ], [ 128.508241551011736, 37.114948804977509 ], [ 128.509430910107454, 37.114631449846705 ], [ 128.510035987722887, 37.114476893220321 ], [ 128.510836799190457, 37.1143625378065 ], [ 128.511144585814634, 37.114313060797286 ], [ 128.511392513288797, 37.114273194073149 ], [ 128.511443433354771, 37.114246686137605 ], [ 128.51196587208284, 37.113974616806686 ], [ 128.512392130037341, 37.113701650316223 ], [ 128.512475138642003, 37.1135746751414 ], [ 128.512639510123535, 37.11332322109179 ], [ 128.514375482294355, 37.10950181868796 ], [ 128.514458831618924, 37.109240492770304 ], [ 128.514526515557719, 37.108861338048555 ], [ 128.514803728778816, 37.106292498326525 ], [ 128.514823289940438, 37.105784833240776 ], [ 128.514827957659975, 37.10505569292976 ], [ 128.514832913020797, 37.104281469841801 ], [ 128.514773772593344, 37.103327816838537 ], [ 128.514742647810777, 37.103092177258226 ], [ 128.514686688387826, 37.102868836011531 ], [ 128.514615290489388, 37.102583991698161 ], [ 128.514390899204727, 37.101928902161958 ], [ 128.513988320261717, 37.101118112251221 ], [ 128.513865198822401, 37.100945009583278 ], [ 128.513745607877809, 37.100776870288058 ], [ 128.512838039140178, 37.099739536143893 ], [ 128.512546247808217, 37.0994243282897 ], [ 128.511833139597599, 37.09873071600726 ], [ 128.511217189704809, 37.098060858821661 ], [ 128.511107138991548, 37.097727661251533 ], [ 128.51105710713253, 37.097576151466008 ], [ 128.511026726686566, 37.09720966034579 ], [ 128.511098100047008, 37.096953007534978 ], [ 128.511110332752196, 37.096909045211412 ], [ 128.511357312909382, 37.096582992081331 ], [ 128.511764575957613, 37.096205692494109 ], [ 128.512009923686264, 37.096115149896342 ], [ 128.512271025568708, 37.096129308423741 ], [ 128.512365650763769, 37.09625204503287 ], [ 128.512432891778559, 37.096339272580231 ], [ 128.512561554817893, 37.09664076230024 ], [ 128.513760192524273, 37.098098012986192 ], [ 128.514733397308731, 37.099070193274351 ], [ 128.515316543180603, 37.099559808704981 ], [ 128.515608145000016, 37.099804629035702 ], [ 128.518817687606003, 37.102274624476912 ], [ 128.518970401549495, 37.102334486662826 ], [ 128.519289989138798, 37.102459731401552 ], [ 128.522251495973734, 37.103373607496685 ], [ 128.529213341434172, 37.101350549841932 ], [ 128.52944558277963, 37.101240929639125 ], [ 128.52961973528781, 37.101158719845792 ], [ 128.532174104015866, 37.099899817138876 ], [ 128.534133374980826, 37.098851164836105 ], [ 128.53425791557666, 37.098757683645537 ], [ 128.534668379799854, 37.098449580524566 ], [ 128.534740223467423, 37.098395637413752 ], [ 128.534872116842422, 37.098221364045173 ], [ 128.534937666422252, 37.098134749069459 ], [ 128.53498394944711, 37.097936527464448 ], [ 128.535004783507048, 37.097847221808273 ], [ 128.534991029419245, 37.097489486460709 ], [ 128.534962489660927, 37.0967479421425 ], [ 128.535163847790926, 37.09577325432835 ], [ 128.535215128652254, 37.095538739622171 ], [ 128.535298204119499, 37.095158821117181 ], [ 128.535901969946906, 37.092481911958977 ], [ 128.536101227539717, 37.091920166422462 ], [ 128.53636464214182, 37.091554821306644 ], [ 128.5371521851539, 37.090656681553313 ], [ 128.537971928320133, 37.090044999029253 ], [ 128.538741254014781, 37.08969469999456 ], [ 128.539439677965959, 37.089517216068757 ], [ 128.541841071491007, 37.089173247664512 ], [ 128.542380289620894, 37.089045427990328 ], [ 128.542491084293175, 37.089019155648103 ], [ 128.547077040165334, 37.087770838171039 ], [ 128.547514676654828, 37.087636736926903 ], [ 128.547878290411091, 37.087525303711089 ], [ 128.548385345818531, 37.087330989642339 ], [ 128.548991326795885, 37.08699315369666 ], [ 128.549400566470695, 37.086714307538259 ], [ 128.550594322278215, 37.085900872057337 ], [ 128.550732930962823, 37.08585387690816 ], [ 128.550823212652546, 37.085823268023212 ], [ 128.550906102492746, 37.085823639485874 ], [ 128.551065119896691, 37.08582435654192 ], [ 128.553282314224674, 37.086251394795028 ], [ 128.555184601381939, 37.0868330759142 ], [ 128.559753157839424, 37.089007129004244 ], [ 128.560157789056746, 37.089324865614351 ], [ 128.561374866085032, 37.090280584845473 ], [ 128.561607527697333, 37.090356154790754 ], [ 128.561929293087786, 37.090374183163604 ], [ 128.562040495708715, 37.090367182213029 ], [ 128.562125180737894, 37.09036183746246 ], [ 128.562354258745643, 37.09027114302873 ], [ 128.562697870240896, 37.090115361137521 ], [ 128.565871140156702, 37.088467410721847 ], [ 128.56899101898, 37.086728993795489 ], [ 128.569318371946537, 37.086560065569763 ], [ 128.57404227315098, 37.084655038080406 ], [ 128.574496418472933, 37.084515304099831 ], [ 128.57512407237931, 37.084333698080471 ], [ 128.57967396075577, 37.08301715907713 ], [ 128.583094102389339, 37.082127370588402 ], [ 128.583979722246681, 37.082130625416639 ], [ 128.584420504371252, 37.082105961041258 ], [ 128.585545542510573, 37.081744524063012 ], [ 128.586363766642506, 37.081402972350396 ], [ 128.586477959734964, 37.081355292107268 ], [ 128.587853052180236, 37.080588161164542 ], [ 128.590353968080194, 37.078884846206577 ], [ 128.591090563327214, 37.078468681920945 ], [ 128.59166314499646, 37.078208991035957 ], [ 128.592231396447829, 37.078145532044211 ], [ 128.592590003126446, 37.078212186239838 ], [ 128.593078310739116, 37.078462479431259 ], [ 128.593159404371733, 37.078530906108455 ], [ 128.593451901509496, 37.078777770849861 ], [ 128.593711129039377, 37.079131881171534 ], [ 128.594079292174598, 37.080126213580385 ], [ 128.594530123628147, 37.081266061164847 ], [ 128.594740183869476, 37.081461770763475 ], [ 128.594861836813607, 37.081549214187547 ], [ 128.595032808598717, 37.081672084433755 ], [ 128.595284757924304, 37.081801875534367 ], [ 128.595390798897, 37.081856500742347 ], [ 128.595895806224746, 37.082041412489914 ], [ 128.599593930675638, 37.082962897399199 ], [ 128.599742298243342, 37.082957115613759 ], [ 128.601021206925424, 37.082882753763165 ], [ 128.601259747666347, 37.082865906631774 ], [ 128.601551898751296, 37.082845257477345 ], [ 128.601796965540984, 37.082780671719014 ], [ 128.601892238144671, 37.08270878986098 ], [ 128.601960918752212, 37.082656964757895 ], [ 128.602116851348569, 37.082474309457758 ], [ 128.602195616103415, 37.082302945339315 ], [ 128.602215930289873, 37.082258748236796 ], [ 128.602224985602248, 37.082075592879711 ], [ 128.602180117584538, 37.081960135114031 ], [ 128.601757766611541, 37.081233503733479 ], [ 128.601279147641577, 37.080068632448729 ], [ 128.601216259515098, 37.079623563613332 ], [ 128.601283112313155, 37.079271565821905 ], [ 128.60144786989386, 37.078971174303099 ], [ 128.601824556651934, 37.078723838790722 ], [ 128.605940938884999, 37.076617271715563 ], [ 128.606316517568217, 37.076579233950106 ], [ 128.606675507844727, 37.076593492209298 ], [ 128.607213333644609, 37.076713045432449 ], [ 128.608010769357918, 37.077147491784785 ], [ 128.608432632603865, 37.07761987013297 ], [ 128.608626171958548, 37.078078430630484 ], [ 128.608769190811302, 37.078824711803044 ], [ 128.608947258110192, 37.079100033258882 ], [ 128.60941886142939, 37.07941560570714 ], [ 128.609903979505049, 37.079663384639737 ], [ 128.612018112395361, 37.08034919549339 ], [ 128.614378851459179, 37.081442883515933 ], [ 128.615011190572886, 37.081783467632199 ], [ 128.615271204442422, 37.082006788515116 ], [ 128.616128662737964, 37.082847328708532 ], [ 128.61656790629641, 37.083277893038364 ], [ 128.616619535069191, 37.083322722144857 ], [ 128.617006619049363, 37.083658756611356 ], [ 128.622756858479505, 37.087132449617044 ], [ 128.623013892593065, 37.08714615223731 ], [ 128.62323066020852, 37.087146850194593 ], [ 128.623432662799388, 37.086890061844194 ], [ 128.624309860434295, 37.08488484609309 ], [ 128.624779349459004, 37.084126839241662 ], [ 128.625167942135221, 37.08369791309687 ], [ 128.625360706448561, 37.083485141558548 ], [ 128.625810974075193, 37.083129841527594 ], [ 128.626342758479922, 37.082758216730802 ], [ 128.62735788680817, 37.082066351344544 ], [ 128.627857402066297, 37.081733275819147 ], [ 128.628050911198727, 37.081583220046738 ], [ 128.628058656227125, 37.081535026974663 ], [ 128.628083969632115, 37.081377342614644 ], [ 128.627833111673368, 37.08015373481291 ], [ 128.627548812890666, 37.079166987718018 ], [ 128.62723560835181, 37.07754418313997 ], [ 128.627268648513962, 37.077364071104967 ], [ 128.628129604118072, 37.075143060716861 ], [ 128.628303116089569, 37.07497994167575 ], [ 128.633679253324232, 37.071829988320559 ], [ 128.636078561359739, 37.071710516481282 ], [ 128.63801929332098, 37.071486556168978 ], [ 128.64113715960184, 37.070916771437759 ], [ 128.641776854875985, 37.070766552163015 ], [ 128.642760687766071, 37.070535505965488 ], [ 128.642951184737967, 37.070435245622733 ], [ 128.648156812726711, 37.067651088114552 ], [ 128.650138209332482, 37.066253946850452 ], [ 128.650350731193981, 37.066135598416096 ], [ 128.650621135503627, 37.065985040540049 ], [ 128.651280649517616, 37.065729557038786 ], [ 128.65140471963241, 37.065686531203951 ], [ 128.651984300126685, 37.06548556019942 ], [ 128.65222772050285, 37.065456864502252 ], [ 128.64900444719666, 37.063932365570679 ], [ 128.645240499980247, 37.06236551809473 ], [ 128.644888132197678, 37.062197130523487 ], [ 128.644616413203579, 37.061925991888216 ], [ 128.644313791404556, 37.061410220390712 ], [ 128.643629865633386, 37.060043773363844 ], [ 128.643440488403542, 37.059335234392343 ], [ 128.643350516494337, 37.058553741486833 ], [ 128.642370884149472, 37.055814804110433 ], [ 128.641813304178754, 37.054899166247544 ], [ 128.641397887991786, 37.054473135017346 ], [ 128.641145702060953, 37.05433351025858 ], [ 128.639447145650394, 37.053684722416541 ], [ 128.637584793666861, 37.051416722351902 ], [ 128.637682417074529, 37.051146785484846 ], [ 128.637651116919443, 37.050992162646978 ], [ 128.63641442266885, 37.048548645592874 ], [ 128.636254990254884, 37.048342253576287 ], [ 128.634864811393044, 37.046999258814729 ], [ 128.634529965927811, 37.046547702922481 ], [ 128.632899226856097, 37.042637437119922 ], [ 128.630673126373836, 37.039171306536311 ], [ 128.630508388853229, 37.038956427845996 ], [ 128.63029138629912, 37.038997749139583 ], [ 128.629999645872687, 37.039053319875222 ], [ 128.629709716797123, 37.039245506915613 ], [ 128.627296647251484, 37.041063472958456 ], [ 128.626019960337061, 37.042822922542172 ], [ 128.625550928423735, 37.043542289719291 ], [ 128.625308232389614, 37.044388518553767 ], [ 128.624936549164346, 37.044902207673807 ], [ 128.624550240179019, 37.04511985078053 ], [ 128.624148501603287, 37.045208688977389 ], [ 128.623555524129557, 37.045233286183198 ], [ 128.622974456513646, 37.045350285266082 ], [ 128.622725778398092, 37.045492037800578 ], [ 128.622561928403115, 37.045641992915698 ], [ 128.622282580845905, 37.046002788115899 ], [ 128.621182601821147, 37.047881042853192 ], [ 128.620640998885619, 37.048533583223083 ], [ 128.620002432807041, 37.049015564713564 ], [ 128.619265676947549, 37.049549601397558 ], [ 128.618239296094913, 37.050002683732686 ], [ 128.614648157781829, 37.051258466475176 ], [ 128.608824343456007, 37.052625977521529 ], [ 128.608628820546329, 37.052586040081813 ], [ 128.608255727763378, 37.052166081143817 ], [ 128.607287051977096, 37.050504459298033 ], [ 128.607174462601478, 37.050190061984388 ], [ 128.60654795156205, 37.045483709270535 ], [ 128.606599841400566, 37.045080566426883 ], [ 128.606683410945237, 37.044701415053808 ], [ 128.606738077468208, 37.044563951538613 ], [ 128.607042931388605, 37.044134731787999 ], [ 128.607098795883957, 37.043852733505517 ], [ 128.607073327521846, 37.043720880624988 ], [ 128.606788375003163, 37.043395796810323 ], [ 128.60516079417701, 37.043331368361379 ], [ 128.602061032959284, 37.043156022414799 ], [ 128.600078834714424, 37.043032290220424 ], [ 128.596578140991824, 37.042759254756902 ], [ 128.595146537836882, 37.042504861341754 ], [ 128.594103765170303, 37.042291966348735 ], [ 128.593207029108584, 37.042223465159793 ], [ 128.592211774887886, 37.042246168296764 ], [ 128.591885230576025, 37.042310461557058 ], [ 128.591541897605651, 37.042466336503956 ], [ 128.590298948674615, 37.043063848063269 ], [ 128.583858340635999, 37.04389168455068 ], [ 128.583638786873166, 37.043888945304772 ], [ 128.583387122767618, 37.043812186361414 ], [ 128.583094974552438, 37.043667699955563 ], [ 128.582786158388103, 37.043470350493521 ], [ 128.582152667621472, 37.042970913207597 ], [ 128.581877247184082, 37.042629778522077 ], [ 128.581540176236786, 37.041951175065456 ], [ 128.581024994557623, 37.04073265695957 ], [ 128.580283994476076, 37.039333817540459 ], [ 128.577341354217737, 37.035835602207918 ], [ 128.57711405493373, 37.035638524747426 ], [ 128.576788630600106, 37.035506531079342 ], [ 128.576560457931123, 37.035466428218541 ], [ 128.57605437259744, 37.03554318847614 ], [ 128.575564449446119, 37.035659118848997 ], [ 128.575041919858222, 37.035761938037979 ], [ 128.572140285725595, 37.036104767709908 ], [ 128.571830567979418, 37.036077437041996 ], [ 128.571490340827324, 37.035998356258986 ], [ 128.568855532940006, 37.034930388188556 ], [ 128.56853034079262, 37.034759180619183 ], [ 128.568107777450365, 37.034495879866036 ], [ 128.567669430334291, 37.034141050506982 ], [ 128.566195641085983, 37.032620338283238 ], [ 128.565256210013615, 37.031491637125171 ], [ 128.565160561630336, 37.031218168888493 ], [ 128.565162676191051, 37.030866848307454 ], [ 128.566929409080643, 37.026510105483617 ], [ 128.56717581966015, 37.026183924347002 ], [ 128.569338101676323, 37.024049274723886 ], [ 128.569633184057238, 37.023775605037187 ], [ 128.570629864799713, 37.023180123184133 ], [ 128.572821318068492, 37.021881681172687 ], [ 128.572920372676862, 37.021672724484915 ], [ 128.572921912589521, 37.021397893002025 ], [ 128.572907045016677, 37.021123108003806 ], [ 128.572860006229661, 37.020795851558134 ], [ 128.571467818892359, 37.01642785165577 ], [ 128.571307275594222, 37.015982420181075 ], [ 128.570824175964475, 37.015132851246214 ], [ 128.569920593976946, 37.013732282751768 ], [ 128.569450292769545, 37.013285712533744 ], [ 128.568657842390735, 37.01256539756438 ], [ 128.567521258471686, 37.011723888584399 ], [ 128.566841570632249, 37.011330700535403 ], [ 128.563337775395894, 37.008702198445505 ], [ 128.563049144917301, 37.008153817894168 ], [ 128.562903546610841, 37.007957035158555 ], [ 128.558613133442037, 37.006294755730579 ], [ 128.556353534060861, 37.005672768981086 ], [ 128.556044777260695, 37.00550148899984 ], [ 128.555866695493989, 37.005291501489729 ], [ 128.555578206889521, 37.004690663614468 ], [ 128.555451206437311, 37.004101430366774 ], [ 128.555486388336021, 37.003656715645334 ], [ 128.555570325938447, 37.003251459610588 ], [ 128.55590524017461, 37.002404321116934 ], [ 128.556178131470887, 37.001793866149129 ], [ 128.556170118903765, 37.0017438673827 ], [ 128.555637378260457, 36.999911951728372 ], [ 128.554710387401343, 36.998234994942642 ], [ 128.553904109816102, 36.997718896648855 ], [ 128.548051632355225, 36.994473137837986 ], [ 128.545140629697386, 36.993137185100551 ], [ 128.542610754086496, 36.992259522934397 ], [ 128.539802130963096, 36.991325285950872 ], [ 128.538085777690469, 36.990761006176491 ], [ 128.534931722246739, 36.990144004575065 ], [ 128.534384560186737, 36.990137015233785 ], [ 128.533261775499938, 36.99013020401874 ], [ 128.53318060495809, 36.990129874865282 ], [ 128.533081355534591, 36.990134307376138 ], [ 128.53300003625094, 36.990158126194743 ], [ 128.532482014917292, 36.990303327974672 ], [ 128.531500550546838, 36.990519103732431 ], [ 128.531301894323747, 36.990554521687983 ], [ 128.529147360957353, 36.990733948396397 ], [ 128.526211277540966, 36.990230827932727 ], [ 128.524577398243423, 36.989698018118879 ], [ 128.524163863238272, 36.989481533377081 ], [ 128.523594165532529, 36.989235429785097 ], [ 128.521434163056341, 36.988546261863206 ], [ 128.516024396537404, 36.9868871225558 ], [ 128.515894257130185, 36.986859587936451 ], [ 128.515818636803488, 36.986852530784439 ], [ 128.514490568429096, 36.98680996018053 ], [ 128.512988819562736, 36.988374124250825 ], [ 128.51003105427958, 36.989995838115156 ], [ 128.501027974478461, 36.996646317698023 ], [ 128.497042484081675, 36.99992622447607 ], [ 128.493693278083441, 37.00283800997164 ], [ 128.492998468243115, 37.005971657956998 ], [ 128.493709013450427, 37.007165748401327 ], [ 128.493774039665283, 37.007282708256618 ], [ 128.493805337940842, 37.007370029303516 ], [ 128.49381571712135, 37.007468399157084 ], [ 128.493803161583543, 37.007697103084595 ], [ 128.493781683049207, 37.007978228058818 ], [ 128.493756384835564, 37.008003355607137 ], [ 128.493731080903927, 37.008028476888114 ], [ 128.489617863599022, 37.010697122254697 ], [ 128.488524439153394, 37.01137411605071 ], [ 128.487722861108068, 37.011745599292389 ], [ 128.485840033152073, 37.013226750562083 ], [ 128.485200960616112, 37.013801467414304 ], [ 128.485113750572339, 37.013883040107856 ], [ 128.485068845359535, 37.013927951230379 ], [ 128.485014570635826, 37.0139822335803 ], [ 128.484959413249726, 37.014099990173321 ], [ 128.48493266402636, 37.014247353739322 ], [ 128.484927961461779, 37.014397455767856 ], [ 128.484931395226539, 37.014555423518132 ], [ 128.484903687115008, 37.01472509395203 ], [ 128.484860832757136, 37.01483568047307 ], [ 128.484740816991462, 37.014992482270678 ], [ 128.484616758626686, 37.015143364617991 ], [ 128.484478726087872, 37.015305987266892 ], [ 128.483821207972056, 37.016003199909527 ], [ 128.481806671527636, 37.018131344738897 ], [ 128.481075412521676, 37.018818744635375 ], [ 128.480179271852819, 37.019629084267237 ], [ 128.477779223677544, 37.024835213100211 ], [ 128.476768240041707, 37.027212849452283 ], [ 128.476735075304276, 37.028722657765769 ], [ 128.476577687335521, 37.029776217732774 ], [ 128.474856951788752, 37.033239926942272 ], [ 128.474801503658483, 37.033312136792162 ], [ 128.474749138479524, 37.033358844971005 ], [ 128.474463219947069, 37.03352065153733 ], [ 128.474279972196939, 37.033609223710116 ], [ 128.474185946547863, 37.033654301461731 ], [ 128.47409909625614, 37.033695936367785 ], [ 128.47375066056523, 37.033850037294435 ], [ 128.470671610234177, 37.03506555129664 ], [ 128.470636558074716, 37.035071209513063 ], [ 128.470573703924515, 37.035066025938846 ], [ 128.463867407986157, 37.038336872665866 ], [ 128.463654543102649, 37.038471382801951 ], [ 128.463452469691902, 37.03861950893625 ], [ 128.462427263195138, 37.039405496195556 ], [ 128.462224908913214, 37.039590376278831 ], [ 128.462082923967444, 37.039775544397614 ], [ 128.461567866639939, 37.040469021847613 ], [ 128.461117281831093, 37.041094053245821 ], [ 128.460256924672251, 37.042461425132856 ], [ 128.460232313197935, 37.042502760691931 ], [ 128.460196645960565, 37.042562678877992 ], [ 128.460160985550345, 37.042622607814657 ], [ 128.460013725836546, 37.043124195391023 ], [ 128.459985774716301, 37.0452753397458 ], [ 128.460896171640314, 37.04605272273669 ], [ 128.461122855557562, 37.046184411867237 ], [ 128.461335092147635, 37.046310210694976 ], [ 128.461457341955452, 37.046394755719355 ], [ 128.461551993635908, 37.046460226218009 ], [ 128.461640238453242, 37.046529042291752 ], [ 128.461757947361178, 37.046620840421568 ], [ 128.461959369344555, 37.046817041346223 ], [ 128.462110058688097, 37.047032772074715 ], [ 128.462235817563766, 37.047265601567972 ], [ 128.462316841464002, 37.047503071848716 ], [ 128.462357988954608, 37.047746143250613 ], [ 128.462364064732043, 37.047994890416689 ], [ 128.462344800315691, 37.048243514124465 ], [ 128.46228691760254, 37.048488089204703 ], [ 128.462006952581334, 37.049486488358028 ], [ 128.461642082078896, 37.050532904850172 ], [ 128.461523643859607, 37.050802372160639 ], [ 128.461383453277051, 37.051072688978735 ], [ 128.461652040810634, 37.052111351367991 ], [ 128.462082076775914, 37.053020508384158 ], [ 128.462595004570744, 37.054028074680687 ], [ 128.463576834353717, 37.055677126993999 ], [ 128.464494683010429, 37.057048095332163 ], [ 128.465856712082854, 37.059049381202122 ], [ 128.467100960101504, 37.060834848741429 ], [ 128.467281968776319, 37.0610729112719 ], [ 128.467379638391833, 37.06132752232859 ], [ 128.467368398426288, 37.061703868386047 ], [ 128.467355786081839, 37.0619308648578 ], [ 128.467346862214896, 37.062016788588068 ], [ 128.467302329721406, 37.062098141469001 ], [ 128.467230141754868, 37.062179353880801 ], [ 128.467008531794022, 37.06238777110255 ], [ 128.466770331880156, 37.062605008097947 ], [ 128.466468377693758, 37.062870353407718 ], [ 128.465163996398644, 37.064006383224736 ], [ 128.460494528119, 37.068467021228706 ], [ 128.458086045996851, 37.070003569259356 ], [ 128.457757044520065, 37.070204894451784 ], [ 128.45750058603403, 37.070342458675377 ], [ 128.457276184721053, 37.070462820947448 ], [ 128.457069060859226, 37.070556669390328 ], [ 128.456873085520243, 37.070632895348858 ], [ 128.456738062105785, 37.070660929173911 ], [ 128.456660921271151, 37.070660575195753 ], [ 128.456545531854744, 37.070631393772501 ], [ 128.456375551065719, 37.070533663080958 ], [ 128.455850761484413, 37.070015403808412 ], [ 128.455763985417292, 37.069932666129006 ], [ 128.455664805738678, 37.069838119058929 ], [ 128.455555300383963, 37.069758315425325 ], [ 128.45495257473948, 37.069367542644024 ], [ 128.45421265759353, 37.069090756209974 ], [ 128.453652389931705, 37.068911732270905 ], [ 128.453185323465419, 37.068799390284056 ], [ 128.452729041004744, 37.06870473629629 ], [ 128.451151086240685, 37.06842845494824 ], [ 128.450281696787528, 37.068362715931407 ], [ 128.450018925449683, 37.068344951420379 ], [ 128.449756165671545, 37.068327202458832 ], [ 128.44952234494005, 37.068319436793864 ], [ 128.448933117275772, 37.06833478439745 ], [ 128.447760050345295, 37.06836954535671 ], [ 128.446691817585219, 37.068409578509865 ], [ 128.446337377947202, 37.068412967665502 ], [ 128.445515052731281, 37.068391303081484 ], [ 128.444698383234481, 37.068369778841571 ], [ 128.443091388742118, 37.068270960712795 ], [ 128.439871277099456, 37.068068071329314 ], [ 128.438909814115931, 37.067987453614954 ], [ 128.438282675411187, 37.067848406136079 ], [ 128.438189320489897, 37.067826147202268 ], [ 128.436781248043616, 37.067399036006705 ], [ 128.430225003406377, 37.065597531523153 ], [ 128.4289350683257, 37.065439213384998 ], [ 128.428135116154436, 37.065320557801613 ], [ 128.42737975358375, 37.065208501589602 ], [ 128.426969001849926, 37.065135516983197 ], [ 128.425490429826539, 37.064808745659441 ], [ 128.41683095424591, 37.061453845944506 ], [ 128.416431568440828, 37.061230547901992 ], [ 128.416189595268833, 37.061056487826924 ], [ 128.415464982329496, 37.060520897850559 ], [ 128.415235208951003, 37.060320969641396 ], [ 128.415011476977412, 37.060112451783517 ], [ 128.414812004670665, 37.059869464271728 ], [ 128.414715952785656, 37.059734549390647 ], [ 128.414619916913324, 37.059599627993499 ], [ 128.414444777463814, 37.059308755409909 ], [ 128.413518536300842, 37.057569814458269 ], [ 128.41343261398012, 37.057366762750085 ], [ 128.413346692041074, 37.057163703756011 ], [ 128.413277354562894, 37.056964800472649 ], [ 128.413236463306418, 37.056795556038878 ], [ 128.413201296900269, 37.056567187777112 ], [ 128.41315775588123, 37.056059865552285 ], [ 128.413158933366248, 37.055907730342788 ], [ 128.413187300946532, 37.055650096558303 ], [ 128.413220113920488, 37.055498109008148 ], [ 128.41336002272314, 37.054970423259952 ], [ 128.413478049710676, 37.054741486540841 ], [ 128.413596065025615, 37.054512572324811 ], [ 128.413744068106666, 37.054280892256969 ], [ 128.413905242623002, 37.054050274238932 ], [ 128.414070017104422, 37.053819639076302 ], [ 128.414324034680732, 37.053358030812134 ], [ 128.414440083700129, 37.053073417862898 ], [ 128.414485520892612, 37.052930544944957 ], [ 128.414496260783636, 37.052825077304249 ], [ 128.414455865243923, 37.052767742169493 ], [ 128.4143771445288, 37.052728128362382 ], [ 128.41427502976984, 37.052676746705437 ], [ 128.414237624415222, 37.05266643358344 ], [ 128.414037319603267, 37.052611240999411 ], [ 128.413790108000057, 37.052553347340805 ], [ 128.412311172267209, 37.052225495324784 ], [ 128.412057933194347, 37.052176925240921 ], [ 128.411932050695441, 37.052168782521719 ], [ 128.411804437225925, 37.052160529481135 ], [ 128.411544948239055, 37.052164914213932 ], [ 128.41136777065509, 37.052194311876207 ], [ 128.411308433302167, 37.052209944654791 ], [ 128.411209386959001, 37.052236061973872 ], [ 128.411114737183993, 37.052278115608786 ], [ 128.407764256928886, 37.054187140891052 ], [ 128.407645008063355, 37.054265296426586 ], [ 128.407527753933948, 37.054394338833951 ], [ 128.407465998617624, 37.054474690935024 ], [ 128.40735176353158, 37.054676740874605 ], [ 128.407330779029763, 37.054755379363044 ], [ 128.407333906546114, 37.054815909917906 ], [ 128.407344201241784, 37.054880285122678 ], [ 128.407615976273803, 37.055529852127464 ], [ 128.408065380022634, 37.056302291975264 ], [ 128.408151906013359, 37.056426600109511 ], [ 128.408188113558651, 37.056464472088528 ], [ 128.40821371789724, 37.056491238825714 ], [ 128.408258139963181, 37.056535125148933 ], [ 128.40831243700157, 37.056588739500867 ], [ 128.408357578477847, 37.056639847726423 ], [ 128.408393960416248, 37.056737991519235 ], [ 128.408392196222621, 37.056810954673644 ], [ 128.408376221824511, 37.056861776413697 ], [ 128.40809657096915, 37.057375098688262 ], [ 128.408058888185195, 37.057442140552887 ], [ 128.408021209726968, 37.057509173358028 ], [ 128.407306717594736, 37.05860707316814 ], [ 128.407203070922804, 37.058728161707094 ], [ 128.407116820939279, 37.058828918486107 ], [ 128.406926910663969, 37.059050750982841 ], [ 128.406610178540035, 37.05939873304343 ], [ 128.406459212468178, 37.059545853630453 ], [ 128.406274762410078, 37.059684186080077 ], [ 128.406036022885615, 37.059859230613505 ], [ 128.406096605187741, 37.059929623520631 ], [ 128.406171011950619, 37.06006924848365 ], [ 128.406227262573026, 37.060234718307065 ], [ 128.406247076627182, 37.060305867878554 ], [ 128.406225798388789, 37.06042196344017 ], [ 128.405780197179666, 37.061308004105641 ], [ 128.405519950421706, 37.06163416609116 ], [ 128.405356556189304, 37.061837906181701 ], [ 128.405202755195944, 37.06203878840445 ], [ 128.405043555058626, 37.062318396841981 ], [ 128.405000998040066, 37.062395000019798 ], [ 128.404838090341741, 37.062689007519282 ], [ 128.404445996179021, 37.06347255462498 ], [ 128.403994832750641, 37.064605373391714 ], [ 128.403960507374933, 37.064702191386992 ], [ 128.403952593415113, 37.064794342547096 ], [ 128.403704248662251, 37.068031269002667 ], [ 128.403649557167768, 37.070417343891144 ], [ 128.40367871448106, 37.070672928612353 ], [ 128.40366726454593, 37.070910067254076 ], [ 128.40366159579375, 37.0710214307922 ], [ 128.403648230686287, 37.071197094928394 ], [ 128.403636389529566, 37.071332445801104 ], [ 128.403598334923828, 37.07144460501965 ], [ 128.403562864392001, 37.071534694463637 ], [ 128.401353723670297, 37.074407339629253 ], [ 128.400619057558799, 37.075294782756473 ], [ 128.399900460828206, 37.075815482564963 ], [ 128.399606981529132, 37.075937866641389 ], [ 128.399513024513112, 37.075995015085134 ], [ 128.39945499363688, 37.076056164540965 ], [ 128.397261419111999, 37.078570080155743 ], [ 128.39633656000052, 37.080026356177889 ], [ 128.396006461857439, 37.080379270864462 ], [ 128.395763749798135, 37.080589020443227 ], [ 128.395454377503938, 37.080837446265605 ], [ 128.395096389715263, 37.081082059326384 ], [ 128.394758436336843, 37.081310826778832 ], [ 128.394658703167465, 37.081338680693321 ], [ 128.394614484503109, 37.081338450888481 ], [ 128.39457039960385, 37.081320498528022 ], [ 128.394458292673846, 37.081233039326804 ], [ 128.394172306507357, 37.081045409689352 ], [ 128.394046825854758, 37.080973857880856 ], [ 128.39393671277611, 37.08091832697211 ], [ 128.393826451915146, 37.08087875095967 ], [ 128.393720545436651, 37.080846293740798 ], [ 128.393391294993052, 37.080816242937104 ], [ 128.393086159207229, 37.08081113165521 ], [ 128.392718847786966, 37.080837612987253 ], [ 128.392508586056778, 37.080861351959157 ], [ 128.392406681314242, 37.08088210647238 ], [ 128.388823612999829, 37.082603007465437 ], [ 128.388581367932119, 37.082750682000615 ], [ 128.38819903280725, 37.082993388948488 ], [ 128.388058747892728, 37.083113234196823 ], [ 128.384936028901393, 37.087217577981058 ], [ 128.383627404523708, 37.089044085307826 ], [ 128.380481812709689, 37.095894630822862 ], [ 128.37902838978232, 37.100787672223227 ], [ 128.379016976010263, 37.100831944291599 ], [ 128.378670669540469, 37.103877235845019 ], [ 128.378431759636953, 37.107028040205257 ], [ 128.378462016589623, 37.107205435518587 ], [ 128.37846877477341, 37.107310077361163 ], [ 128.37847376730636, 37.10747514484563 ], [ 128.378473001849699, 37.107568575860192 ], [ 128.378466395157432, 37.107600022287698 ], [ 128.378427295355181, 37.107728306814707 ], [ 128.378316077541541, 37.107984163141666 ], [ 128.377752384604349, 37.109117718224482 ], [ 128.377727913263669, 37.1091622661651 ], [ 128.37770229963084, 37.109189560798541 ], [ 128.377671673020217, 37.109212750615058 ], [ 128.377624579355029, 37.109229775972544 ], [ 128.375581949080896, 37.109848735260705 ], [ 128.375070867360392, 37.109977069001353 ], [ 128.374924730720295, 37.110004237549141 ], [ 128.374856156353076, 37.110011994413071 ], [ 128.374744516310813, 37.110011915842982 ], [ 128.374667131854153, 37.110010494669204 ], [ 128.374588501665471, 37.11000703375796 ], [ 128.374339922504305, 37.109996070940582 ], [ 128.374273965237194, 37.109993191509417 ], [ 128.374202853091361, 37.110001949232412 ], [ 128.374097142602011, 37.110016894991986 ], [ 128.374064405936593, 37.110021526144024 ], [ 128.373955096808288, 37.110045838587119 ], [ 128.37379873435961, 37.110082587263705 ], [ 128.372390002192134, 37.110517509533089 ], [ 128.372215296101729, 37.110572828284795 ], [ 128.372144760008524, 37.110616084230422 ], [ 128.372112958622665, 37.110656668314945 ], [ 128.370231905598786, 37.114230098090808 ], [ 128.370411866329306, 37.116165827524867 ], [ 128.370832949692669, 37.118798180681353 ], [ 128.371167488776024, 37.120195531614058 ], [ 128.370628283440226, 37.121297266929368 ], [ 128.37003941962459, 37.121963308480979 ], [ 128.369201100572127, 37.123227354164079 ], [ 128.369178949425674, 37.123271852629415 ], [ 128.369168793103057, 37.123329013389359 ], [ 128.369142924027784, 37.124112487069851 ], [ 128.369102592771299, 37.125468063402643 ], [ 128.369110288035699, 37.125705705858266 ], [ 128.369128317781758, 37.125866783729059 ], [ 128.369146842279662, 37.125967754725416 ], [ 128.369234514671518, 37.126196121290207 ], [ 128.369360213138549, 37.126508102671693 ], [ 128.369426985406562, 37.126628717218658 ], [ 128.369532062693622, 37.126799959755054 ], [ 128.369661381776297, 37.126968421119102 ], [ 128.369855590849653, 37.127192514434327 ], [ 128.369973141865103, 37.127321160637074 ], [ 128.370021162665466, 37.127366989380135 ], [ 128.370180160097021, 37.12745900044488 ], [ 128.370298307691201, 37.127515889086119 ], [ 128.370469721201914, 37.127571102893491 ], [ 128.370597707405693, 37.127606693837613 ], [ 128.370696803364353, 37.127625649774579 ], [ 128.370878211411423, 37.127642122434963 ], [ 128.371054879453794, 37.127646944864139 ], [ 128.371468835718389, 37.127644298061483 ], [ 128.371936036118825, 37.127642904133118 ], [ 128.372076220555215, 37.127666915472346 ], [ 128.372291282412817, 37.127714608781055 ], [ 128.372390175340939, 37.127757804202453 ], [ 128.372470430486686, 37.127815709567827 ], [ 128.372531876816083, 37.127879212170079 ], [ 128.372578982370641, 37.127955957230711 ], [ 128.372603335227836, 37.128066314212433 ], [ 128.37260109770429, 37.128167541095742 ], [ 128.372597474383554, 37.128266513874735 ], [ 128.372152113643011, 37.129994145033535 ], [ 128.371625141457571, 37.130893462795257 ], [ 128.371405109480492, 37.131182503661435 ], [ 128.371233970008234, 37.131501047966893 ], [ 128.371151154474035, 37.131667085930061 ], [ 128.371132224866727, 37.131747980968157 ], [ 128.371128722833078, 37.131831191883542 ], [ 128.371150283913892, 37.131941536263191 ], [ 128.371188742712093, 37.132042974162367 ], [ 128.372996261601173, 37.134554202052307 ], [ 128.36970038262055, 37.137868067854669 ], [ 128.365681879309534, 37.139921447379727 ], [ 128.364022224375901, 37.140777806084955 ], [ 128.362446513949493, 37.143928571004871 ], [ 128.360306986245178, 37.146720776785031 ], [ 128.360101225332158, 37.146788963331957 ], [ 128.359946916625177, 37.146879793276725 ], [ 128.359823236948387, 37.14698197470473 ], [ 128.359772449086762, 37.147044311197718 ], [ 128.359746778233159, 37.147109011004346 ], [ 128.359746057602308, 37.147193961687961 ], [ 128.359746232901188, 37.149651176544616 ], [ 128.359800241830413, 37.150042658779185 ], [ 128.360625866573372, 37.15049316824058 ], [ 128.360672166041212, 37.150519237402477 ], [ 128.360727273629209, 37.150564069055058 ], [ 128.360750897493631, 37.150600699524816 ], [ 128.36078900770886, 37.150659810058073 ], [ 128.361353129422724, 37.151543039139618 ], [ 128.361633243137362, 37.151994129116687 ], [ 128.361663925133911, 37.152151722649947 ], [ 128.361730329540592, 37.152488400069714 ], [ 128.36178399256778, 37.152747490837093 ], [ 128.361806187686, 37.152853991136283 ], [ 128.361827647990964, 37.152897530948501 ], [ 128.362680791904097, 37.15403219811715 ], [ 128.362825677614495, 37.154177783545329 ], [ 128.363837119362756, 37.155189640303725 ], [ 128.363985173518671, 37.155288469434872 ], [ 128.364197226458771, 37.155389864884008 ], [ 128.364498802388624, 37.155433254111863 ], [ 128.364665710753286, 37.155441389274635 ], [ 128.365300648159746, 37.15539245609515 ], [ 128.365334831958762, 37.155389130048349 ], [ 128.365544363979978, 37.155368689614619 ], [ 128.365955323602918, 37.155312976775576 ], [ 128.366185377904543, 37.155257950305092 ], [ 128.3664377549579, 37.155195264218385 ], [ 128.366560610919691, 37.155146347932934 ], [ 128.366810403549408, 37.155002055375562 ], [ 128.366913187926713, 37.154908788356231 ], [ 128.36847532353832, 37.154137356464432 ], [ 128.376703869656637, 37.151713856968371 ], [ 128.377014198757536, 37.15164890972278 ], [ 128.377070851291933, 37.151643013622717 ], [ 128.37710358832652, 37.151642634333619 ], [ 128.377181077322234, 37.151702849731159 ], [ 128.378214714339009, 37.152719617338356 ], [ 128.37839881810234, 37.153684233678426 ], [ 128.378425917692454, 37.154026315162753 ], [ 128.378445569351953, 37.154274378204882 ], [ 128.378702782475614, 37.154787797204783 ], [ 128.378836500394414, 37.1549508731458 ], [ 128.379072046269187, 37.155213794213381 ], [ 128.379368461145845, 37.155382463568493 ], [ 128.384370703681782, 37.158184430432613 ], [ 128.385930572104314, 37.15705253337385 ], [ 128.387689648825358, 37.155521882280532 ], [ 128.38824823463699, 37.155382583078179 ], [ 128.388402657832103, 37.155323595087566 ], [ 128.39125079410087, 37.15415824547788 ], [ 128.391326310916327, 37.154125458261184 ], [ 128.391624580010358, 37.153995923936684 ], [ 128.392214134300758, 37.15369871734655 ], [ 128.392547356321955, 37.153458050229943 ], [ 128.395068140614171, 37.151123765879333 ], [ 128.395317541538333, 37.150887149287954 ], [ 128.395383654477769, 37.150776959678872 ], [ 128.39543450195913, 37.150657502803028 ], [ 128.395454995821524, 37.150491837440974 ], [ 128.39546131377017, 37.150181817011052 ], [ 128.395464092921742, 37.150072855817612 ], [ 128.395466502335978, 37.150037107413347 ], [ 128.395468444248081, 37.150008410509876 ], [ 128.39548814491306, 37.149944044826164 ], [ 128.395772369593061, 37.149429774854887 ], [ 128.396667458700506, 37.148579405986112 ], [ 128.396721577825815, 37.148530562124662 ], [ 128.39700084175405, 37.148395396431972 ], [ 128.398078370121254, 37.147954431041313 ], [ 128.398328923582852, 37.147854798954981 ], [ 128.398530923942531, 37.147797446389923 ], [ 128.398624925580293, 37.147791984263307 ], [ 128.398895782970413, 37.147782480269598 ], [ 128.401007582150299, 37.146375504072651 ], [ 128.402632384318963, 37.142433357296937 ], [ 128.403587940704909, 37.139623552159286 ], [ 128.403613426100662, 37.139526731454033 ], [ 128.40358299459902, 37.139466232228159 ], [ 128.403487618496541, 37.13933316850941 ], [ 128.403310872140139, 37.139170029796787 ], [ 128.403239608538428, 37.139114257570654 ], [ 128.403115016846016, 37.139080989247013 ], [ 128.402897725158994, 37.139042295717573 ], [ 128.402713772874876, 37.13901827131054 ], [ 128.402669255057305, 37.139012461061725 ], [ 128.402578535546837, 37.138991213858873 ], [ 128.402321366369847, 37.138917691202899 ], [ 128.402275134293944, 37.13889873895198 ], [ 128.402187056495507, 37.138862613706173 ], [ 128.402140509137524, 37.138833129242471 ], [ 128.40210832376269, 37.138812734150676 ], [ 128.401869819066661, 37.138643356921293 ], [ 128.401744607302078, 37.138529941050109 ], [ 128.4017165034291, 37.138489234394591 ], [ 128.401687402816208, 37.138417858263075 ], [ 128.401506329467139, 37.137709577370281 ], [ 128.401484976148453, 37.137594703296159 ], [ 128.401497901302577, 37.137366215823825 ], [ 128.401613806964974, 37.136464540279228 ], [ 128.401625617388646, 37.134825297473171 ], [ 128.401615518637499, 37.134792101210984 ], [ 128.400472368148996, 37.133238432494807 ], [ 128.400288014704188, 37.132991251391481 ], [ 128.400130122945399, 37.132843033010722 ], [ 128.399938719846062, 37.132694649693661 ], [ 128.399565724866704, 37.132483355196079 ], [ 128.398859154630003, 37.132102834562218 ], [ 128.398413133427511, 37.13186269751057 ], [ 128.39820057483459, 37.131744351931822 ], [ 128.398125813669935, 37.131670260565819 ], [ 128.396001426730038, 37.12892152298685 ], [ 128.395908220893915, 37.128765919579841 ], [ 128.395918734086791, 37.128694369558779 ], [ 128.395955928798429, 37.128657666744097 ], [ 128.39600379967564, 37.128623213321951 ], [ 128.396228315579634, 37.128516975191033 ], [ 128.396415152624257, 37.128460245755051 ], [ 128.396644073178749, 37.128425624373008 ], [ 128.396912464993875, 37.12842698407708 ], [ 128.397776603712288, 37.12841148633148 ], [ 128.398189100102201, 37.128355217192556 ], [ 128.400703816160245, 37.127906609029047 ], [ 128.406425926648353, 37.126833889861267 ], [ 128.406537788490397, 37.126812476395642 ], [ 128.406598734818431, 37.126797217541856 ], [ 128.406648158372406, 37.126783488114526 ], [ 128.406713911122324, 37.126755173625185 ], [ 128.406756668770299, 37.126729804075687 ], [ 128.406846578430361, 37.126665445522399 ], [ 128.40692589272561, 37.126595910139386 ], [ 128.408032999178289, 37.125475759797318 ], [ 128.408417115495013, 37.12507686744673 ], [ 128.408528810895405, 37.124949500065775 ], [ 128.408562735498037, 37.124898773777041 ], [ 128.40866477264214, 37.12470969882164 ], [ 128.408974216129764, 37.124259825449407 ], [ 128.409389097653929, 37.1238127498371 ], [ 128.410563001860083, 37.12257862393696 ], [ 128.410706696914161, 37.122437791570576 ], [ 128.410939939857883, 37.122278607258465 ], [ 128.411106829109144, 37.122168585169923 ], [ 128.413436090326002, 37.120977700235379 ], [ 128.413515096166378, 37.120945684213901 ], [ 128.413603749300165, 37.120911188875752 ], [ 128.413670938857166, 37.120885050757401 ], [ 128.413830921622349, 37.120839791794417 ], [ 128.415063732607337, 37.120506482037072 ], [ 128.415110573097735, 37.120506708180031 ], [ 128.415146697815231, 37.120512008039746 ], [ 128.415176376202197, 37.120527515451755 ], [ 128.415235659994522, 37.120568733684713 ], [ 128.415413485069081, 37.120692415446712 ], [ 128.415824401414085, 37.120952006773315 ], [ 128.415873254942625, 37.120965883080586 ], [ 128.415917919560968, 37.120971223991596 ], [ 128.415970127333338, 37.120963783441738 ], [ 128.41605431335978, 37.120948016583618 ], [ 128.416410761543176, 37.120820151040625 ], [ 128.417157908424343, 37.120533897422966 ], [ 128.417979880795201, 37.120205336955323 ], [ 128.418069576771217, 37.120166557611626 ], [ 128.418137913040454, 37.12013619678229 ], [ 128.418231950740136, 37.120087193443325 ], [ 128.41832182122377, 37.120022813899929 ], [ 128.418443930529463, 37.119919382265472 ], [ 128.418578981005794, 37.119797240072756 ], [ 128.418664762349238, 37.119710671716724 ], [ 128.419707040291797, 37.118405880620415 ], [ 128.419936136913009, 37.11739385771628 ], [ 128.419921808627663, 37.117319197430241 ], [ 128.419911565996586, 37.117265818881776 ], [ 128.419905856287727, 37.117177102993729 ], [ 128.419904171870229, 37.117119101492747 ], [ 128.419913959706463, 37.11695200097676 ], [ 128.41992545625871, 37.116841191827831 ], [ 128.419963134458555, 37.116645227697909 ], [ 128.420009447438758, 37.116433970206188 ], [ 128.421212737938504, 37.114098046803257 ], [ 128.421275117092762, 37.114013087079627 ], [ 128.421440353297527, 37.11383309174672 ], [ 128.422191942052507, 37.113232973488067 ], [ 128.422348088833417, 37.113129688588714 ], [ 128.422519047679089, 37.113038418284319 ], [ 128.422562863060563, 37.108807527954255 ], [ 128.422512003487185, 37.107526174201489 ], [ 128.42260184339986, 37.106051186582548 ], [ 128.422724504377101, 37.105213019291668 ], [ 128.422879461547751, 37.104436424372651 ], [ 128.423134490479498, 37.103358887334544 ], [ 128.423177451089629, 37.1032657154662 ], [ 128.423212804712847, 37.103225546252993 ], [ 128.423275440078299, 37.103184939244869 ], [ 128.423313013298525, 37.1031631637129 ], [ 128.424686684607963, 37.102442635393267 ], [ 128.424817190751099, 37.102386486417124 ], [ 128.424948861116064, 37.102370570098799 ], [ 128.425087830711931, 37.10236651132589 ], [ 128.425253243206242, 37.102386242986519 ], [ 128.429259346731897, 37.103447446567053 ], [ 128.429656461104798, 37.103594065138992 ], [ 128.429913408688606, 37.103720788283255 ], [ 128.430103468057609, 37.103832014199618 ], [ 128.430261727910874, 37.103968369594668 ], [ 128.430309406709029, 37.104015152858643 ], [ 128.430336622418167, 37.104096245996999 ], [ 128.430328705809274, 37.10413870790687 ], [ 128.430247533783842, 37.105015699351497 ], [ 128.430142692211035, 37.10618503890305 ], [ 128.430141803670068, 37.106302419111188 ], [ 128.430152152066114, 37.106439087530902 ], [ 128.430257048117141, 37.106949636244529 ], [ 128.430305185663002, 37.107104708453896 ], [ 128.430400165734483, 37.107250888579571 ], [ 128.430505699979051, 37.107340446758002 ], [ 128.431867288335184, 37.108013882054131 ], [ 128.433041202580682, 37.10840434922315 ], [ 128.433692282179209, 37.108602515878083 ], [ 128.433930592510194, 37.108687652234259 ], [ 128.434033821946343, 37.108746845703635 ], [ 128.435507176235433, 37.109750830201342 ], [ 128.435295585775577, 37.111101196492093 ], [ 128.435235509157621, 37.111270145283356 ], [ 128.437937943375516, 37.111121353288638 ], [ 128.442524219207399, 37.109312461662363 ], [ 128.442701821873328, 37.109230312789194 ], [ 128.442853083576807, 37.109120735523682 ], [ 128.442937204954575, 37.109028018089191 ], [ 128.443127341255234, 37.108614013959041 ], [ 128.443295721009747, 37.108237342531453 ], [ 128.443377732326923, 37.108087960176633 ], [ 128.44348212279192, 37.10798928511506 ], [ 128.443686956357595, 37.107815186017717 ], [ 128.443997044772573, 37.107594005313658 ], [ 128.444230429355315, 37.107460493027915 ], [ 128.444320625806455, 37.107430595682267 ], [ 128.444711664844903, 37.107376777174935 ], [ 128.444876103413009, 37.107365401861607 ], [ 128.4450151728077, 37.107364033881879 ], [ 128.445160390170713, 37.107387999052442 ], [ 128.445281438855744, 37.107434970092235 ], [ 128.445329321004039, 37.107453552732856 ], [ 128.446289549186275, 37.108227154201636 ], [ 128.447772364465237, 37.109643835077762 ], [ 128.44789759871486, 37.10978528363313 ], [ 128.448469327760705, 37.110437710846156 ], [ 128.44892099620958, 37.110957422426274 ], [ 128.449577675731859, 37.111663120523872 ], [ 128.449684334448733, 37.111753905318388 ], [ 128.450317713017739, 37.112263450928857 ], [ 128.450349731500637, 37.112287489489027 ], [ 128.45037382160271, 37.112305561284323 ], [ 128.450469887255508, 37.112339039551237 ], [ 128.450750285523441, 37.112405046467437 ], [ 128.4508418513214, 37.112421035657441 ] ] ] ] } },
{ "type": "Feature", "properties": { "OBJECTID": 2010, "adm_nm": "충청북도 단양군 어상천면", "adm_cd": "3338035", "adm_cd2": "4380034000", "sgg": "43800", "sido": "43", "sidonm": "충청북도", "sggnm": "단양군" }, "geometry": { "type": "MultiPolygon", "coordinates": [ [ [ [ 128.359800241830413, 37.150042658779185 ], [ 128.359746232901188, 37.149651176544616 ], [ 128.359746057602308, 37.147193961687961 ], [ 128.359746778233159, 37.147109011004346 ], [ 128.359772449086762, 37.147044311197718 ], [ 128.359823236948387, 37.14698197470473 ], [ 128.359946916625177, 37.146879793276725 ], [ 128.360101225332158, 37.146788963331957 ], [ 128.360306986245178, 37.146720776785031 ], [ 128.362446513949493, 37.143928571004871 ], [ 128.364022224375901, 37.140777806084955 ], [ 128.365681879309534, 37.139921447379727 ], [ 128.36970038262055, 37.137868067854669 ], [ 128.372996261601173, 37.134554202052307 ], [ 128.371188742712093, 37.132042974162367 ], [ 128.371150283913892, 37.131941536263191 ], [ 128.371128722833078, 37.131831191883542 ], [ 128.371132224866727, 37.131747980968157 ], [ 128.371151154474035, 37.131667085930061 ], [ 128.371233970008234, 37.131501047966893 ], [ 128.371405109480492, 37.131182503661435 ], [ 128.371625141457571, 37.130893462795257 ], [ 128.372152113643011, 37.129994145033535 ], [ 128.372597474383554, 37.128266513874735 ], [ 128.37260109770429, 37.128167541095742 ], [ 128.372603335227836, 37.128066314212433 ], [ 128.372578982370641, 37.127955957230711 ], [ 128.372531876816083, 37.127879212170079 ], [ 128.372470430486686, 37.127815709567827 ], [ 128.372390175340939, 37.127757804202453 ], [ 128.372291282412817, 37.127714608781055 ], [ 128.372076220555215, 37.127666915472346 ], [ 128.371936036118825, 37.127642904133118 ], [ 128.371468835718389, 37.127644298061483 ], [ 128.371054879453794, 37.127646944864139 ], [ 128.370878211411423, 37.127642122434963 ], [ 128.370696803364353, 37.127625649774579 ], [ 128.370597707405693, 37.127606693837613 ], [ 128.370469721201914, 37.127571102893491 ], [ 128.370298307691201, 37.127515889086119 ], [ 128.370180160097021, 37.12745900044488 ], [ 128.370021162665466, 37.127366989380135 ], [ 128.369973141865103, 37.127321160637074 ], [ 128.369855590849653, 37.127192514434327 ], [ 128.369661381776297, 37.126968421119102 ], [ 128.369532062693622, 37.126799959755054 ], [ 128.369426985406562, 37.126628717218658 ], [ 128.369360213138549, 37.126508102671693 ], [ 128.369234514671518, 37.126196121290207 ], [ 128.369146842279662, 37.125967754725416 ], [ 128.369128317781758, 37.125866783729059 ], [ 128.369110288035699, 37.125705705858266 ], [ 128.369102592771299, 37.125468063402643 ], [ 128.369142924027784, 37.124112487069851 ], [ 128.369168793103057, 37.123329013389359 ], [ 128.369178949425674, 37.123271852629415 ], [ 128.369201100572127, 37.123227354164079 ], [ 128.37003941962459, 37.121963308480979 ], [ 128.370628283440226, 37.121297266929368 ], [ 128.371167488776024, 37.120195531614058 ], [ 128.370832949692669, 37.118798180681353 ], [ 128.370411866329306, 37.116165827524867 ], [ 128.370231905598786, 37.114230098090808 ], [ 128.372112958622665, 37.110656668314945 ], [ 128.372144760008524, 37.110616084230422 ], [ 128.372215296101729, 37.110572828284795 ], [ 128.372390002192134, 37.110517509533089 ], [ 128.37379873435961, 37.110082587263705 ], [ 128.373955096808288, 37.110045838587119 ], [ 128.374064405936593, 37.110021526144024 ], [ 128.374097142602011, 37.110016894991986 ], [ 128.374202853091361, 37.110001949232412 ], [ 128.374273965237194, 37.109993191509417 ], [ 128.374339922504305, 37.109996070940582 ], [ 128.374588501665471, 37.11000703375796 ], [ 128.374667131854153, 37.110010494669204 ], [ 128.374744516310813, 37.110011915842982 ], [ 128.374856156353076, 37.110011994413071 ], [ 128.374924730720295, 37.110004237549141 ], [ 128.375070867360392, 37.109977069001353 ], [ 128.375581949080896, 37.109848735260705 ], [ 128.377624579355029, 37.109229775972544 ], [ 128.377671673020217, 37.109212750615058 ], [ 128.37770229963084, 37.109189560798541 ], [ 128.377727913263669, 37.1091622661651 ], [ 128.377752384604349, 37.109117718224482 ], [ 128.378316077541541, 37.107984163141666 ], [ 128.378427295355181, 37.107728306814707 ], [ 128.378466395157432, 37.107600022287698 ], [ 128.378473001849699, 37.107568575860192 ], [ 128.37847376730636, 37.10747514484563 ], [ 128.37846877477341, 37.107310077361163 ], [ 128.378462016589623, 37.107205435518587 ], [ 128.378431759636953, 37.107028040205257 ], [ 128.378670669540469, 37.103877235845019 ], [ 128.379016976010263, 37.100831944291599 ], [ 128.37902838978232, 37.100787672223227 ], [ 128.380481812709689, 37.095894630822862 ], [ 128.383627404523708, 37.089044085307826 ], [ 128.384936028901393, 37.087217577981058 ], [ 128.388058747892728, 37.083113234196823 ], [ 128.38819903280725, 37.082993388948488 ], [ 128.388581367932119, 37.082750682000615 ], [ 128.388823612999829, 37.082603007465437 ], [ 128.392406681314242, 37.08088210647238 ], [ 128.392508586056778, 37.080861351959157 ], [ 128.392718847786966, 37.080837612987253 ], [ 128.393086159207229, 37.08081113165521 ], [ 128.393391294993052, 37.080816242937104 ], [ 128.393720545436651, 37.080846293740798 ], [ 128.393826451915146, 37.08087875095967 ], [ 128.39393671277611, 37.08091832697211 ], [ 128.394046825854758, 37.080973857880856 ], [ 128.394172306507357, 37.081045409689352 ], [ 128.394458292673846, 37.081233039326804 ], [ 128.39457039960385, 37.081320498528022 ], [ 128.394614484503109, 37.081338450888481 ], [ 128.394658703167465, 37.081338680693321 ], [ 128.394758436336843, 37.081310826778832 ], [ 128.395096389715263, 37.081082059326384 ], [ 128.395454377503938, 37.080837446265605 ], [ 128.395763749798135, 37.080589020443227 ], [ 128.396006461857439, 37.080379270864462 ], [ 128.39633656000052, 37.080026356177889 ], [ 128.397261419111999, 37.078570080155743 ], [ 128.39945499363688, 37.076056164540965 ], [ 128.399513024513112, 37.075995015085134 ], [ 128.399606981529132, 37.075937866641389 ], [ 128.399900460828206, 37.075815482564963 ], [ 128.400619057558799, 37.075294782756473 ], [ 128.401353723670297, 37.074407339629253 ], [ 128.403562864392001, 37.071534694463637 ], [ 128.403598334923828, 37.07144460501965 ], [ 128.403636389529566, 37.071332445801104 ], [ 128.403648230686287, 37.071197094928394 ], [ 128.40366159579375, 37.0710214307922 ], [ 128.40366726454593, 37.070910067254076 ], [ 128.40367871448106, 37.070672928612353 ], [ 128.403649557167768, 37.070417343891144 ], [ 128.403704248662251, 37.068031269002667 ], [ 128.403952593415113, 37.064794342547096 ], [ 128.403960507374933, 37.064702191386992 ], [ 128.403994832750641, 37.064605373391714 ], [ 128.404445996179021, 37.06347255462498 ], [ 128.404838090341741, 37.062689007519282 ], [ 128.405000998040066, 37.062395000019798 ], [ 128.405043555058626, 37.062318396841981 ], [ 128.405202755195944, 37.06203878840445 ], [ 128.405356556189304, 37.061837906181701 ], [ 128.405519950421706, 37.06163416609116 ], [ 128.405780197179666, 37.061308004105641 ], [ 128.406225798388789, 37.06042196344017 ], [ 128.406247076627182, 37.060305867878554 ], [ 128.406227262573026, 37.060234718307065 ], [ 128.406171011950619, 37.06006924848365 ], [ 128.406096605187741, 37.059929623520631 ], [ 128.406036022885615, 37.059859230613505 ], [ 128.405958744310084, 37.059779127283903 ], [ 128.405795403167218, 37.059669794209299 ], [ 128.405629321132636, 37.059603671644162 ], [ 128.405311424148607, 37.059483927548278 ], [ 128.404572893650993, 37.059209411136266 ], [ 128.404402028417309, 37.05916085740084 ], [ 128.404365332843838, 37.059151847316535 ], [ 128.404323397757992, 37.059141561117023 ], [ 128.404194855425516, 37.059120123122725 ], [ 128.404094489616938, 37.059112688967694 ], [ 128.403958113543439, 37.059112192323923 ], [ 128.403832959755277, 37.059112525840469 ], [ 128.403718354014131, 37.059127963898945 ], [ 128.403606191847217, 37.059143082164042 ], [ 128.403378123106478, 37.059187069852342 ], [ 128.403152452312696, 37.059232030389055 ], [ 128.402932678950776, 37.059288535846598 ], [ 128.402762274338556, 37.059351212075704 ], [ 128.402727059250509, 37.059373927715761 ], [ 128.402703488091419, 37.059399265253958 ], [ 128.40267991916599, 37.059424602770441 ], [ 128.402640751518391, 37.059528093440356 ], [ 128.402596723885409, 37.059640233080877 ], [ 128.402559113663131, 37.059696716325085 ], [ 128.40241520055514, 37.059861143668563 ], [ 128.402185670291686, 37.060089502338542 ], [ 128.402036110358466, 37.060208790247692 ], [ 128.401954106079984, 37.060272719348049 ], [ 128.401860173072549, 37.060328898683956 ], [ 128.401713368861806, 37.060402090925805 ], [ 128.401011404801807, 37.060657832962477 ], [ 128.400887603264636, 37.06070235430883 ], [ 128.400540633016504, 37.06077548770925 ], [ 128.400279212674803, 37.060792410152509 ], [ 128.400190622498059, 37.060778517624058 ], [ 128.397132222295937, 37.058810353106423 ], [ 128.394877995543737, 37.05729881244789 ], [ 128.394798876649958, 37.057243992780357 ], [ 128.394706579356608, 37.057180042081342 ], [ 128.394474466343127, 37.057028930677873 ], [ 128.394246431219273, 37.056894680380069 ], [ 128.392614769893697, 37.056177165706458 ], [ 128.392524804219107, 37.056145606624654 ], [ 128.392419836655876, 37.056108786163797 ], [ 128.392228850785727, 37.056072434147815 ], [ 128.392012484364926, 37.056056166670409 ], [ 128.39180857386134, 37.056060169680443 ], [ 128.391694932272685, 37.056076419961521 ], [ 128.391429727356638, 37.05612223948188 ], [ 128.391375589012569, 37.056148741057974 ], [ 128.3913242229888, 37.056173896714348 ], [ 128.391125568907569, 37.056307632426027 ], [ 128.390935281925977, 37.056446473616312 ], [ 128.390690450311325, 37.056573221588877 ], [ 128.390549478060166, 37.056641953828482 ], [ 128.390420347390148, 37.056704903746265 ], [ 128.3901442048994, 37.056802878431 ], [ 128.389941944746823, 37.056862469882361 ], [ 128.389889304778109, 37.056874831832495 ], [ 128.389836655773991, 37.056887192024313 ], [ 128.389790341925732, 37.0568953888612 ], [ 128.389753065306081, 37.056891281332206 ], [ 128.389675064170774, 37.056856034646053 ], [ 128.388162743610337, 37.05567754057094 ], [ 128.388098067565437, 37.05561991845304 ], [ 128.386566516759217, 37.053966258309785 ], [ 128.386506179873948, 37.053890154709862 ], [ 128.386460790428487, 37.053785491040784 ], [ 128.386432177435466, 37.053685942760538 ], [ 128.38642466449997, 37.053574731272626 ], [ 128.386453226859544, 37.053419908856029 ], [ 128.386528564861095, 37.053201333846893 ], [ 128.386654851246618, 37.052918987584221 ], [ 128.385560348438844, 37.051784064122238 ], [ 128.381095678094624, 37.048605675321689 ], [ 128.378973074240918, 37.04741651305055 ], [ 128.372721445611319, 37.044324171593701 ], [ 128.372663803783581, 37.04436942799471 ], [ 128.371929559690557, 37.044930933583352 ], [ 128.371240657721415, 37.045434828051185 ], [ 128.371157859384567, 37.045490403885076 ], [ 128.371124666211358, 37.045508380102653 ], [ 128.371015542196233, 37.045554687968448 ], [ 128.370971011654973, 37.045570126087988 ], [ 128.370931467717753, 37.045583831135133 ], [ 128.370872164863158, 37.045592048320721 ], [ 128.370828489815381, 37.045590929369212 ], [ 128.368125707059733, 37.045116580844294 ], [ 128.365639656280877, 37.044335973006618 ], [ 128.363771346485549, 37.043733630376984 ], [ 128.358473792922808, 37.043001948270501 ], [ 128.355423112092211, 37.042955799289089 ], [ 128.354866161760413, 37.043053185238087 ], [ 128.354737381559971, 37.043068786229988 ], [ 128.354592974474031, 37.043067663136853 ], [ 128.353591409756802, 37.043037591160811 ], [ 128.35354772156623, 37.043031835394196 ], [ 128.353505150448143, 37.04302621940618 ], [ 128.353405261720184, 37.043010078021808 ], [ 128.353297272650934, 37.042963840887985 ], [ 128.351932353465116, 37.042051050734933 ], [ 128.351220401450689, 37.041444830721915 ], [ 128.351140264643817, 37.041314389441048 ], [ 128.351059906135333, 37.041189850316471 ], [ 128.350986330026387, 37.041085702840206 ], [ 128.350970513021736, 37.041063317116524 ], [ 128.3509245753892, 37.040999365305808 ], [ 128.350878633497899, 37.040935427929305 ], [ 128.350817585593376, 37.04089285048795 ], [ 128.350754808224082, 37.040857922155062 ], [ 128.350657260647097, 37.040813156323296 ], [ 128.350595967085297, 37.040797523649729 ], [ 128.350395318135952, 37.040773372804409 ], [ 128.350211817268502, 37.040785713979446 ], [ 128.348650312404601, 37.040922148119769 ], [ 128.348574993261479, 37.040930420945806 ], [ 128.348509085749384, 37.040937670920371 ], [ 128.348366240740262, 37.040967627675279 ], [ 128.348297045504069, 37.040984401896232 ], [ 128.348212123491265, 37.041014523006005 ], [ 128.348157882933521, 37.041035886572331 ], [ 128.348110532255987, 37.041054547112914 ], [ 128.346340170703343, 37.041962103118301 ], [ 128.341125492769237, 37.044945801697338 ], [ 128.340909922845981, 37.04498582363945 ], [ 128.340840659905979, 37.045010398409431 ], [ 128.338968210807224, 37.045837558614949 ], [ 128.338869861173237, 37.04588275845277 ], [ 128.338779298978523, 37.045924391260932 ], [ 128.338673129646139, 37.04599213097444 ], [ 128.338023554362962, 37.046592837554115 ], [ 128.337857022364432, 37.046752485129289 ], [ 128.33270240541782, 37.053575157416589 ], [ 128.332606019190905, 37.053703934916989 ], [ 128.33254383389928, 37.053787865217615 ], [ 128.331398284894277, 37.055821221504054 ], [ 128.331321488150564, 37.055993411279971 ], [ 128.33106158551459, 37.056721742135139 ], [ 128.331029818988441, 37.056838230103295 ], [ 128.326379115024764, 37.058493133801676 ], [ 128.325795784643958, 37.058529612554814 ], [ 128.325086239083106, 37.058640061598823 ], [ 128.324530926396534, 37.058745259127917 ], [ 128.324484725313454, 37.058756543184622 ], [ 128.324427577376383, 37.058791439073822 ], [ 128.32235167012405, 37.060255621265561 ], [ 128.322235835340592, 37.060347044611305 ], [ 128.322222960230931, 37.060390188714578 ], [ 128.322237637756103, 37.060425990061582 ], [ 128.322262381142508, 37.060454324676464 ], [ 128.323001336019786, 37.061027283815129 ], [ 128.323055238579968, 37.061056476000637 ], [ 128.323093051986717, 37.061064275815205 ], [ 128.323138485855168, 37.061068343189781 ], [ 128.323197629389313, 37.06107083889902 ], [ 128.323241994692154, 37.061072716016895 ], [ 128.323272237257868, 37.061081654513544 ], [ 128.323319877376207, 37.061098784132824 ], [ 128.323463337761382, 37.061176501956169 ], [ 128.323527570704925, 37.061224445410602 ], [ 128.323583771084571, 37.061266396153293 ], [ 128.323630355996812, 37.061329998747617 ], [ 128.323683597787692, 37.061402689965419 ], [ 128.323735430501387, 37.061481949586792 ], [ 128.323780786663718, 37.061551307126408 ], [ 128.323810261093172, 37.061644483776554 ], [ 128.323819521489781, 37.061739462102381 ], [ 128.323810841286758, 37.061862797118039 ], [ 128.323457148568565, 37.064993806223946 ], [ 128.323425495345617, 37.065143585671137 ], [ 128.323156765633968, 37.066125486137992 ], [ 128.322598030172401, 37.067187154644358 ], [ 128.320880931867435, 37.069824773469719 ], [ 128.318530139228898, 37.073402109748429 ], [ 128.315591301435376, 37.076157566449417 ], [ 128.313155424870729, 37.078187931778018 ], [ 128.31098534139565, 37.08095275218529 ], [ 128.310939831493243, 37.081029214139519 ], [ 128.308475593607653, 37.084223535815859 ], [ 128.308440297928371, 37.084265710711016 ], [ 128.308377425717225, 37.084340831545802 ], [ 128.308213960288498, 37.084515754671308 ], [ 128.308001688677905, 37.084719388153857 ], [ 128.301484584874999, 37.090064787639825 ], [ 128.301434511985718, 37.090094440646027 ], [ 128.301342219387095, 37.090110732566664 ], [ 128.300836629130714, 37.090118966003928 ], [ 128.300561433468971, 37.090122006778046 ], [ 128.300402202898539, 37.090106117173974 ], [ 128.298715189220388, 37.09184547791353 ], [ 128.296328412046591, 37.094934649524674 ], [ 128.294860974273604, 37.096879757294438 ], [ 128.294309133063081, 37.097894188977527 ], [ 128.294711437381352, 37.09816348310023 ], [ 128.294987761660479, 37.098317549415015 ], [ 128.295478759067976, 37.098566994034307 ], [ 128.295604499941703, 37.098612693524366 ], [ 128.295773068954446, 37.0986691927355 ], [ 128.295840264358901, 37.098682647724658 ], [ 128.295881521867216, 37.098690908010362 ], [ 128.297940926304307, 37.099036062381451 ], [ 128.299919702250975, 37.098657912942024 ], [ 128.300066407363801, 37.098593929472791 ], [ 128.300187006893339, 37.098551225658582 ], [ 128.300292536021772, 37.098513874112633 ], [ 128.300414813774182, 37.098486525872566 ], [ 128.300493930954588, 37.098476509022404 ], [ 128.300584349436605, 37.098465076331991 ], [ 128.300635860398074, 37.098460423434027 ], [ 128.30068157246717, 37.098456294625734 ], [ 128.300810882623523, 37.098477640999207 ], [ 128.301054130513137, 37.098565152206177 ], [ 128.301293545437261, 37.098664780240966 ], [ 128.301481847205991, 37.098770671899466 ], [ 128.302709461375827, 37.09946733933662 ], [ 128.304007323145044, 37.100249530371499 ], [ 128.304225063230973, 37.100404226386573 ], [ 128.304351161547089, 37.10050413532737 ], [ 128.304434465550969, 37.100578949147369 ], [ 128.304531485252596, 37.100666082168296 ], [ 128.304606760269706, 37.100742284417038 ], [ 128.304643590573193, 37.100798649823439 ], [ 128.308882580863298, 37.109675521960519 ], [ 128.30964965831302, 37.111490296790002 ], [ 128.309678369518963, 37.111585272468297 ], [ 128.30968118444531, 37.111683055281013 ], [ 128.309622065744037, 37.112491582297693 ], [ 128.308943633713938, 37.114336419830359 ], [ 128.308894628636295, 37.114442795893304 ], [ 128.308749082838233, 37.11459305360524 ], [ 128.308670860751732, 37.114657797565577 ], [ 128.308347781370713, 37.114821804077756 ], [ 128.307980274377712, 37.114991511890011 ], [ 128.307660777328891, 37.115167415852014 ], [ 128.307564550244877, 37.115235654782111 ], [ 128.307478467999005, 37.115296710683843 ], [ 128.307426324431077, 37.115333765450238 ], [ 128.307366840142805, 37.115376042421872 ], [ 128.306119807307624, 37.11640593963488 ], [ 128.305559579152657, 37.116953534712401 ], [ 128.304539200715197, 37.118177142689376 ], [ 128.304486608106942, 37.118268670847058 ], [ 128.304414981472746, 37.118419371672751 ], [ 128.303742327678606, 37.121224164861694 ], [ 128.30376078927452, 37.122033152671762 ], [ 128.303931524094281, 37.122763015948941 ], [ 128.303811407930766, 37.124169628411963 ], [ 128.303783087989075, 37.124436123657375 ], [ 128.30375630527476, 37.124533749261097 ], [ 128.302575016107255, 37.12756368014584 ], [ 128.299617014192961, 37.132298742714923 ], [ 128.299397036298728, 37.132639566991834 ], [ 128.299005980955542, 37.133244336107182 ], [ 128.29826652272402, 37.134179418268417 ], [ 128.299346111354197, 37.13488579904952 ], [ 128.302947428321744, 37.136522386420815 ], [ 128.303208648714929, 37.136596155559197 ], [ 128.303699163625026, 37.136791637590257 ], [ 128.304011117223837, 37.136950534190561 ], [ 128.304159037713845, 37.137049987923703 ], [ 128.304272518617239, 37.137160711870258 ], [ 128.304311342995277, 37.13720018835285 ], [ 128.304340568331781, 37.137229908330461 ], [ 128.309787007762793, 37.143569432671121 ], [ 128.310049165851638, 37.144172838810711 ], [ 128.310142242428554, 37.144324701780334 ], [ 128.310241499560107, 37.144426173125872 ], [ 128.310501116117166, 37.14468103731091 ], [ 128.310895846458635, 37.145029568194481 ], [ 128.311090573221833, 37.14517859496528 ], [ 128.311278530140157, 37.145285147991025 ], [ 128.311478081538922, 37.145375728816738 ], [ 128.316054091714648, 37.147101296313174 ], [ 128.316238174406692, 37.147163113764414 ], [ 128.316918943951237, 37.147381425947913 ], [ 128.317150128762449, 37.1474523999835 ], [ 128.317352858155516, 37.147514627062726 ], [ 128.317696974149584, 37.147607173060607 ], [ 128.317902794501805, 37.147640458399771 ], [ 128.318151537091524, 37.147673998745773 ], [ 128.318211587069783, 37.14768121991991 ], [ 128.320690891482627, 37.147972928292809 ], [ 128.323160954711682, 37.148076778319108 ], [ 128.32353838770581, 37.147882815382118 ], [ 128.323803239307779, 37.147757311467664 ], [ 128.324094256589376, 37.14762636358725 ], [ 128.324209135029918, 37.147578453344885 ], [ 128.324259015142161, 37.14756565999572 ], [ 128.324303828917778, 37.147562181723579 ], [ 128.324360228449109, 37.147581203696461 ], [ 128.325626186175725, 37.148262714025378 ], [ 128.325717656948996, 37.148328594313071 ], [ 128.325774310473037, 37.148392431184654 ], [ 128.325825614650626, 37.148499181946526 ], [ 128.327167053261462, 37.15140009833182 ], [ 128.327208370338695, 37.151510536321283 ], [ 128.327207818822018, 37.151572172099129 ], [ 128.327184670892791, 37.15207822221786 ], [ 128.327139799925249, 37.152507570144188 ], [ 128.327139164307482, 37.152580408122915 ], [ 128.327205626521476, 37.152801185105929 ], [ 128.327230588138548, 37.152853486429699 ], [ 128.327382439011785, 37.152970666762698 ], [ 128.327763994242872, 37.153012213048044 ], [ 128.3279181923115, 37.152996500907918 ], [ 128.328070322054003, 37.152907408818962 ], [ 128.328162318752135, 37.152853529661208 ], [ 128.328304483266351, 37.152764474458117 ], [ 128.328565007043153, 37.152566106188793 ], [ 128.329410975207963, 37.151864851629604 ], [ 128.329629182788494, 37.151668115729699 ], [ 128.329754802875897, 37.151530599378589 ], [ 128.330015394636234, 37.151184644896141 ], [ 128.330254779027825, 37.150842336712785 ], [ 128.330372546157832, 37.150670379261477 ], [ 128.33048793592971, 37.150501851028444 ], [ 128.330611291366381, 37.150340036324955 ], [ 128.330652666625099, 37.150304779459255 ], [ 128.330699934599011, 37.150303179898046 ], [ 128.330784090935111, 37.150354079440795 ], [ 128.331093287005132, 37.150559427865332 ], [ 128.331291156866143, 37.150693169930108 ], [ 128.331478707749483, 37.150867932583125 ], [ 128.331684703161272, 37.151068954707341 ], [ 128.331968309350771, 37.151354462860041 ], [ 128.332388638014095, 37.151797647325701 ], [ 128.332622726404395, 37.152056745556848 ], [ 128.334315690016979, 37.154163510970932 ], [ 128.334531459581228, 37.154439181943147 ], [ 128.334717640649586, 37.154721264296612 ], [ 128.334802736244285, 37.15493187216277 ], [ 128.334819546158087, 37.155072481064465 ], [ 128.334810669841318, 37.155172757784207 ], [ 128.33478350579631, 37.155254801941979 ], [ 128.334669781538736, 37.155501047813402 ], [ 128.334527988744384, 37.15576816107297 ], [ 128.334494352276636, 37.155862515992922 ], [ 128.334477111326009, 37.155958277908567 ], [ 128.334495795702281, 37.156081853531099 ], [ 128.334500365491095, 37.156112059484855 ], [ 128.334587304712699, 37.156308340348431 ], [ 128.334624182104278, 37.156365269519661 ], [ 128.334642821270364, 37.156394040514471 ], [ 128.334695671940864, 37.156475611218646 ], [ 128.334766916648675, 37.156582383279009 ], [ 128.33504996999261, 37.15685450003194 ], [ 128.335271600881981, 37.157023843139577 ], [ 128.336016020194791, 37.157425838752737 ], [ 128.336209916621669, 37.157529015184274 ], [ 128.336623706064472, 37.157739265965049 ], [ 128.336777307579382, 37.157808410797941 ], [ 128.336983461773514, 37.157872607906285 ], [ 128.337058810184459, 37.157870579406612 ], [ 128.337185292936198, 37.157867163851229 ], [ 128.337511999614009, 37.15784012480205 ], [ 128.337715616543392, 37.157817613776857 ], [ 128.337896509322434, 37.157770033995419 ], [ 128.338253560201252, 37.15764860716461 ], [ 128.338637147664997, 37.157494466524788 ], [ 128.338907201311315, 37.157369172524454 ], [ 128.338997893377154, 37.157327083554904 ], [ 128.339036441397099, 37.157304534525508 ], [ 128.339144647533772, 37.157241228855824 ], [ 128.339222750647622, 37.157175185108336 ], [ 128.339306626409098, 37.157104247328164 ], [ 128.339586157463856, 37.156840529005201 ], [ 128.339759905699964, 37.156670778076304 ], [ 128.339777187859227, 37.156642354586978 ], [ 128.339796512876632, 37.156610569747642 ], [ 128.339915478080769, 37.156326266599486 ], [ 128.339995577543334, 37.155981332603197 ], [ 128.340029590268898, 37.155844955068119 ], [ 128.340045713899997, 37.155815566245039 ], [ 128.340071259520414, 37.15576902112533 ], [ 128.340154188371116, 37.155664421531192 ], [ 128.340245264794277, 37.155566437122694 ], [ 128.340430254336923, 37.155423019009788 ], [ 128.340525990349448, 37.155355263802036 ], [ 128.341745876783051, 37.154673929471137 ], [ 128.341943674399147, 37.154566034764194 ], [ 128.342031066617892, 37.154525088256044 ], [ 128.34212649934463, 37.154480377120287 ], [ 128.342363693275388, 37.154370072672656 ], [ 128.342462391912875, 37.154339106829305 ], [ 128.342685962338436, 37.154285252762783 ], [ 128.342771452497033, 37.15426466277026 ], [ 128.342869997879149, 37.154250758340503 ], [ 128.343086498704054, 37.154254589758672 ], [ 128.343214258652438, 37.154277617295953 ], [ 128.343314057016784, 37.154308395538706 ], [ 128.343614337048223, 37.154489962244156 ], [ 128.343774707984608, 37.1546240060188 ], [ 128.343842157837287, 37.154702662641895 ], [ 128.343963451877471, 37.154902940191121 ], [ 128.344076190544797, 37.155145201410768 ], [ 128.344124488956254, 37.155250528558824 ], [ 128.344192619702994, 37.155338887216281 ], [ 128.344355446042954, 37.155480304099235 ], [ 128.345106604064455, 37.156072812873354 ], [ 128.3465650546961, 37.157015870975663 ], [ 128.346728400151733, 37.157098196353893 ], [ 128.348375084007273, 37.157790696932757 ], [ 128.348679520989492, 37.157911022598093 ], [ 128.348818297098489, 37.157956993905302 ], [ 128.349248906274255, 37.158075142444531 ], [ 128.349291680137696, 37.158085482248381 ], [ 128.349380692766289, 37.158092029291545 ], [ 128.34953198969086, 37.158095840255932 ], [ 128.34967939414679, 37.158085433339103 ], [ 128.350010551446132, 37.158039511381325 ], [ 128.35013083134595, 37.158013627759239 ], [ 128.350231623412128, 37.157974167353728 ], [ 128.350330501149358, 37.15793202002893 ], [ 128.353786473798351, 37.155814577328798 ], [ 128.353914573625758, 37.155735338747569 ], [ 128.354069244855282, 37.155613538610758 ], [ 128.354102635542887, 37.155572991326743 ], [ 128.354125861473847, 37.155544758195646 ], [ 128.354184554483851, 37.155461550431632 ], [ 128.354970224467905, 37.154241714462621 ], [ 128.355943775146926, 37.153363677272836 ], [ 128.357655382449877, 37.151337769535054 ], [ 128.357655989450791, 37.151265387845143 ], [ 128.357675376213422, 37.151176043056765 ], [ 128.357749501827499, 37.151038094740137 ], [ 128.357827874443643, 37.150927627933314 ], [ 128.357958116000106, 37.15075897839877 ], [ 128.358136994291954, 37.150560772351675 ], [ 128.358292305469462, 37.150419700203287 ], [ 128.358364190481296, 37.150372399124755 ], [ 128.35850783218919, 37.150290874266673 ], [ 128.358959945810255, 37.150094165866953 ], [ 128.359308702672166, 37.149969637834033 ], [ 128.359462943389644, 37.149956159508037 ], [ 128.359523654750461, 37.149960036891301 ], [ 128.359639883377866, 37.149986934251118 ], [ 128.359800241830413, 37.150042658779185 ] ] ] ] } },
{ "type": "Feature", "properties": { "OBJECTID": 2011, "adm_nm": "충청북도 단양군 적성면", "adm_cd": "3338036", "adm_cd2": "4380035000", "sgg": "43800", "sido": "43", "sidonm": "충청북도", "sggnm": "단양군" }, "geometry": { "type": "MultiPolygon", "coordinates": [ [ [ [ 128.249453820687023, 37.075063901619153 ], [ 128.249609442279422, 37.073784753420036 ], [ 128.249617483537861, 37.073680419322613 ], [ 128.24957488635701, 37.073146850696403 ], [ 128.249555401067653, 37.072993237364742 ], [ 128.249426481346489, 37.071982853147617 ], [ 128.249403881012285, 37.071908158121445 ], [ 128.249351213752732, 37.071804326554151 ], [ 128.249262457969934, 37.071691478072132 ], [ 128.249086625026791, 37.071531600329983 ], [ 128.24901284299645, 37.071439027165702 ], [ 128.248893077385873, 37.071274240218933 ], [ 128.248887626288933, 37.07123651633799 ], [ 128.24888507204443, 37.071140008486083 ], [ 128.248896366248971, 37.071060273184258 ], [ 128.248909752369997, 37.071005091724963 ], [ 128.248960869337253, 37.070910676080217 ], [ 128.249040149172743, 37.070800665731497 ], [ 128.24909925741494, 37.070725597021031 ], [ 128.249592107774077, 37.070219126431041 ], [ 128.249767670001461, 37.070050956483314 ], [ 128.249890136471151, 37.069941205293212 ], [ 128.249987766407912, 37.069864633314161 ], [ 128.255041934029776, 37.065992466512832 ], [ 128.25513102544906, 37.065952682569836 ], [ 128.257507346076437, 37.065096631975884 ], [ 128.257571691172558, 37.06507947101268 ], [ 128.258343833498003, 37.06500450187437 ], [ 128.258514302483604, 37.06499592207463 ], [ 128.258625106993122, 37.0650009933116 ], [ 128.26293642948491, 37.062322858883064 ], [ 128.266803610323478, 37.060896988218282 ], [ 128.267170300294623, 37.060870292664212 ], [ 128.267324522709629, 37.060851081226225 ], [ 128.267409926633746, 37.060829679097381 ], [ 128.267588181921667, 37.060737804107951 ], [ 128.2682553295883, 37.060273671623158 ], [ 128.268389636215346, 37.060157723020282 ], [ 128.27052400682328, 37.057846506608819 ], [ 128.270568850981846, 37.057794159694744 ], [ 128.270737685546464, 37.057590828440297 ], [ 128.270781433920178, 37.057530585888607 ], [ 128.270906146665254, 37.057300648353717 ], [ 128.27092179608411, 37.057251638757577 ], [ 128.270925671918405, 37.057212182215558 ], [ 128.27105040132264, 37.053817598811591 ], [ 128.271045235126394, 37.05374650826213 ], [ 128.271031871328205, 37.053680645999826 ], [ 128.271004406474447, 37.053625223595169 ], [ 128.270958472229324, 37.053547761797873 ], [ 128.270906439139736, 37.053497435165781 ], [ 128.27083917417329, 37.053454042895112 ], [ 128.268342307810826, 37.052004582917974 ], [ 128.268247395574861, 37.051949722863483 ], [ 128.268148117394929, 37.051922956485093 ], [ 128.267988606203431, 37.051884035011 ], [ 128.267915976805028, 37.05188554720548 ], [ 128.266463656436912, 37.051990999318591 ], [ 128.265158658255956, 37.051960679061594 ], [ 128.264900508168836, 37.051913945160301 ], [ 128.264816006798355, 37.051878117059843 ], [ 128.262872594985481, 37.05029600259379 ], [ 128.262808300362394, 37.050197510260347 ], [ 128.262782550176581, 37.050076375354593 ], [ 128.262782612018981, 37.049902423831178 ], [ 128.262794325913177, 37.049619364231738 ], [ 128.262835373419705, 37.049339082554262 ], [ 128.262900868617038, 37.049062890197085 ], [ 128.263008114862231, 37.048686266018329 ], [ 128.263061246253415, 37.048506781886388 ], [ 128.26310582149722, 37.04845343346684 ], [ 128.263281330970074, 37.048272078491109 ], [ 128.264136660650848, 37.047555494133647 ], [ 128.264635976457782, 37.047209387394879 ], [ 128.264683663372153, 37.04717045987163 ], [ 128.264719888420473, 37.04713666314175 ], [ 128.264739975531768, 37.047085787682036 ], [ 128.264732221591913, 37.047041279889001 ], [ 128.264685451556915, 37.046986069604806 ], [ 128.263232069568488, 37.04569470202545 ], [ 128.263058668920678, 37.045573317983241 ], [ 128.26287609199224, 37.045473449945625 ], [ 128.262749466196027, 37.045408569964287 ], [ 128.262460906597653, 37.045301478113316 ], [ 128.262319362199776, 37.045262685817178 ], [ 128.26210688130422, 37.045218856733825 ], [ 128.261961840363654, 37.045202271170361 ], [ 128.261711514968255, 37.045190879330974 ], [ 128.259993278540406, 37.044300654805532 ], [ 128.259933264796985, 37.044264988066949 ], [ 128.259873304795491, 37.044222748741696 ], [ 128.25982900804982, 37.044165589820658 ], [ 128.259809885434692, 37.044117061156058 ], [ 128.259802697125593, 37.044017622600343 ], [ 128.259920433370269, 37.041976863913199 ], [ 128.260105866162945, 37.040944174599701 ], [ 128.260144755181756, 37.04080186247797 ], [ 128.260226774776584, 37.040672238133205 ], [ 128.260450888953784, 37.040440847365154 ], [ 128.260655705075067, 37.040264930373539 ], [ 128.265452638308773, 37.037144227751348 ], [ 128.266097592312576, 37.036745421123868 ], [ 128.266169607416487, 37.036721019035845 ], [ 128.266252154966054, 37.036702561323118 ], [ 128.2692450793256, 37.036412437775105 ], [ 128.269406614980284, 37.036408213787887 ], [ 128.26948077027086, 37.036415861849164 ], [ 128.269557125209701, 37.036447716615406 ], [ 128.269713029082737, 37.036520608724487 ], [ 128.26996343210979, 37.036691513020791 ], [ 128.270451287103043, 37.036934494558089 ], [ 128.271337487596583, 37.037317273439484 ], [ 128.271420479746837, 37.037337379876504 ], [ 128.271461244236804, 37.03734024814672 ], [ 128.271528186694326, 37.037332816081936 ], [ 128.271584656949472, 37.037312891770227 ], [ 128.273351296513596, 37.03639052219819 ], [ 128.278498282673439, 37.033029314966477 ], [ 128.279262156290656, 37.032427735258878 ], [ 128.279343242682955, 37.032357722533661 ], [ 128.279423029230628, 37.032275282371025 ], [ 128.279486358629697, 37.032193835458607 ], [ 128.279538845156594, 37.032115729180376 ], [ 128.27959775344641, 37.032002609390602 ], [ 128.280661893253836, 37.029884246404691 ], [ 128.280617237147709, 37.029783321180965 ], [ 128.280570268922247, 37.029675958817769 ], [ 128.280559191966461, 37.029605397686993 ], [ 128.280556600255466, 37.029431574094801 ], [ 128.280569890214849, 37.029269925103002 ], [ 128.280595359561829, 37.029111344627431 ], [ 128.280622097831127, 37.028969761897017 ], [ 128.280649492755032, 37.028906959442594 ], [ 128.280691580346314, 37.02883255645132 ], [ 128.281051733332646, 37.028296766566044 ], [ 128.28117476269594, 37.028118036203296 ], [ 128.281695276037908, 37.027506811826768 ], [ 128.281740963759944, 37.027456846451265 ], [ 128.28188977153539, 37.027407171532538 ], [ 128.28461063367908, 37.026743122148069 ], [ 128.284745773622632, 37.026712763927542 ], [ 128.285096098943228, 37.026660191767505 ], [ 128.285288276560863, 37.026639422487669 ], [ 128.285690074206826, 37.026597322205724 ], [ 128.285889308886254, 37.026583576830262 ], [ 128.286274712206961, 37.026598001836774 ], [ 128.286356299813889, 37.026611530480018 ], [ 128.28677904482555, 37.026872328203901 ], [ 128.286934989093453, 37.026993498980552 ], [ 128.287190724270573, 37.027131160606636 ], [ 128.287450187564275, 37.027209708264756 ], [ 128.288000868157781, 37.02736502523998 ], [ 128.290063076128803, 37.027362749662416 ], [ 128.291292418890549, 37.027221276632531 ], [ 128.291354444734253, 37.027205122483537 ], [ 128.291389536661427, 37.027184978893999 ], [ 128.293673977823687, 37.023489694728084 ], [ 128.293794553328524, 37.022234191774345 ], [ 128.293644668308048, 37.022063385400507 ], [ 128.293380407273304, 37.021976858840759 ], [ 128.29328201735666, 37.021970198025052 ], [ 128.293062402031495, 37.021968895901047 ], [ 128.292804737420539, 37.0219855613026 ], [ 128.292728962362332, 37.021991183064294 ], [ 128.292638202632872, 37.021978488046088 ], [ 128.293285168555116, 37.020895371214444 ], [ 128.293428180235026, 37.020699674130185 ], [ 128.293783173812443, 37.020227911195676 ], [ 128.294089540112338, 37.019865273493444 ], [ 128.294487846171506, 37.0194147795549 ], [ 128.296476545642435, 37.017179971912221 ], [ 128.297686273543775, 37.015876194155972 ], [ 128.298003925790908, 37.0155709384033 ], [ 128.298471576593414, 37.014876657985127 ], [ 128.299206998777294, 37.013618644086193 ], [ 128.29921706021122, 37.013563462819718 ], [ 128.298997349519908, 37.012212377377388 ], [ 128.298949340321201, 37.012033590881082 ], [ 128.298838795852362, 37.011872471217217 ], [ 128.298615070355453, 37.011643811866612 ], [ 128.298472893383064, 37.011440034217557 ], [ 128.298433758432623, 37.011334469364733 ], [ 128.298387465379989, 37.01115182291074 ], [ 128.298378401059153, 37.011086368904529 ], [ 128.298377475441924, 37.011015717562444 ], [ 128.298412171896672, 37.010896435809016 ], [ 128.299210917715669, 37.009358825435505 ], [ 128.301657856722841, 37.005833830345125 ], [ 128.303496624369245, 37.003825863099131 ], [ 128.30360172386176, 37.003709611421954 ], [ 128.303935202529402, 37.003312126436036 ], [ 128.303943442089803, 37.003283961713969 ], [ 128.304117683568819, 37.001156520325338 ], [ 128.304125337035032, 37.000995364325526 ], [ 128.303746745752619, 36.997860158922983 ], [ 128.303737465700124, 36.99779380073285 ], [ 128.30172428131624, 36.99333901219709 ], [ 128.301166281953101, 36.992376808685414 ], [ 128.300267666611091, 36.991063703080066 ], [ 128.300161429027241, 36.991024694596078 ], [ 128.299966980519969, 36.990976876915198 ], [ 128.29978538067175, 36.990948664762534 ], [ 128.299250593204249, 36.990838464359143 ], [ 128.299203793532683, 36.990820890784519 ], [ 128.299158973448215, 36.990784478609733 ], [ 128.299115348683927, 36.990727730449187 ], [ 128.29911329236586, 36.99069455130536 ], [ 128.299270939387043, 36.989284625348397 ], [ 128.299285958145475, 36.989237946940285 ], [ 128.299742661953303, 36.988188298569625 ], [ 128.299781947260357, 36.988105644074523 ], [ 128.30114461226276, 36.985722007551118 ], [ 128.302445664450431, 36.983496109882182 ], [ 128.302476567368132, 36.983446568025499 ], [ 128.302628436701013, 36.983333016039317 ], [ 128.302766938608244, 36.983233649772885 ], [ 128.308345194875955, 36.97987420709353 ], [ 128.308392805432817, 36.979849604024459 ], [ 128.308892401978852, 36.979696657921714 ], [ 128.309547612337582, 36.979525659577 ], [ 128.310206492580505, 36.979370548068516 ], [ 128.310534014569953, 36.979294074029276 ], [ 128.311003084500385, 36.979188399688752 ], [ 128.311669370378866, 36.979045294108026 ], [ 128.311833528846989, 36.979011654674608 ], [ 128.312119080372838, 36.978956835067443 ], [ 128.312199425088465, 36.978951260893631 ], [ 128.31224634113093, 36.978953768565653 ], [ 128.314784531723348, 36.979195913274971 ], [ 128.314881552656885, 36.979210069409632 ], [ 128.314935886062955, 36.979227689703372 ], [ 128.315040209256239, 36.979276518305284 ], [ 128.315078975449893, 36.979300425548473 ], [ 128.315443963274959, 36.979541319747156 ], [ 128.315611412712002, 36.979668062087491 ], [ 128.318994381411585, 36.981751614398952 ], [ 128.326283700433464, 36.98455092302121 ], [ 128.326446850175103, 36.984594631996018 ], [ 128.328102161825171, 36.984969696854975 ], [ 128.328148775930202, 36.984970502048888 ], [ 128.328226614428985, 36.984957886292825 ], [ 128.328382355777563, 36.984923985232321 ], [ 128.328469196577316, 36.98490399058003 ], [ 128.328548143166984, 36.984885807829286 ], [ 128.330163456977061, 36.984510662925537 ], [ 128.330253829501032, 36.98448694194807 ], [ 128.330336493274331, 36.984465238113195 ], [ 128.330427792250816, 36.984436824947721 ], [ 128.330524234603274, 36.984406809963119 ], [ 128.33089153231569, 36.984277702090708 ], [ 128.331416615593838, 36.984086308791014 ], [ 128.33158634487134, 36.984019140564037 ], [ 128.332357852700426, 36.983698920140782 ], [ 128.332615241210021, 36.983589196359141 ], [ 128.332692395176451, 36.983550158289681 ], [ 128.332776914215003, 36.98350739161517 ], [ 128.332932325547034, 36.983422035728289 ], [ 128.333085940035573, 36.983322784255684 ], [ 128.333236933907472, 36.983215604971129 ], [ 128.333419901002713, 36.983073818205035 ], [ 128.333572780647899, 36.982956459953115 ], [ 128.33366401489161, 36.982893969322276 ], [ 128.333743853121661, 36.982839286524502 ], [ 128.333917497388853, 36.982722044304225 ], [ 128.334577625047757, 36.982293601300974 ], [ 128.3347430315564, 36.982195146374913 ], [ 128.334848467471261, 36.98213338337753 ], [ 128.334928317551402, 36.982094741354274 ], [ 128.335098026711307, 36.982017374117895 ], [ 128.335375679134529, 36.98189268609736 ], [ 128.335426611204838, 36.98186981563989 ], [ 128.335926619157277, 36.981652216926001 ], [ 128.337480743712206, 36.981028669705772 ], [ 128.337890757229331, 36.980866411924211 ], [ 128.339063632963985, 36.980622107525484 ], [ 128.339994326757818, 36.980430332851753 ], [ 128.340071631728989, 36.980416700835221 ], [ 128.340125773814151, 36.98040150467213 ], [ 128.340231161103077, 36.980371907995917 ], [ 128.3403127470269, 36.980338068161934 ], [ 128.340353580169051, 36.98032112630554 ], [ 128.340601664618475, 36.980179702252748 ], [ 128.34145360067987, 36.979615957041105 ], [ 128.341582735937436, 36.979526754880816 ], [ 128.341608340914718, 36.979488510044412 ], [ 128.341605906369523, 36.979458027792987 ], [ 128.341592709562747, 36.979412273376738 ], [ 128.340243883704062, 36.976461912123362 ], [ 128.339313617573993, 36.973988259557927 ], [ 128.338508229831604, 36.971716523410855 ], [ 128.338151290981955, 36.97059556297328 ], [ 128.337941795099226, 36.969387154093276 ], [ 128.337873914221859, 36.968824603955987 ], [ 128.337749343136807, 36.964171535770866 ], [ 128.33754906602698, 36.961903057154728 ], [ 128.337408447941527, 36.961480937770588 ], [ 128.335871513281887, 36.959091363874705 ], [ 128.335804397695057, 36.958997271704341 ], [ 128.335786305399722, 36.95897374392824 ], [ 128.335764497142634, 36.958950195430681 ], [ 128.3357194315779, 36.958903090593445 ], [ 128.335696176576647, 36.958879539645501 ], [ 128.335626276513892, 36.958808854371185 ], [ 128.335590870912597, 36.958776223247675 ], [ 128.334232715586012, 36.957580984792521 ], [ 128.33419304538819, 36.957549822772734 ], [ 128.333237201609563, 36.956799119820666 ], [ 128.33215110968797, 36.956095225898594 ], [ 128.330922587274301, 36.955299051052343 ], [ 128.326134082906037, 36.952302352747417 ], [ 128.325340218752757, 36.951984086951455 ], [ 128.324258772572648, 36.951635247468566 ], [ 128.323392550765902, 36.9513494361711 ], [ 128.32281752654265, 36.951118634257604 ], [ 128.321850387027126, 36.950619682133862 ], [ 128.321077888128883, 36.95021159211084 ], [ 128.320220552230381, 36.949689463234407 ], [ 128.319754489789943, 36.949363834471939 ], [ 128.319155389500509, 36.948916359263222 ], [ 128.317794485036615, 36.947812661150557 ], [ 128.315537116754257, 36.945726378184844 ], [ 128.314163119777305, 36.944543265600515 ], [ 128.313116403286756, 36.94384418411736 ], [ 128.313018452342732, 36.943790240031056 ], [ 128.312671922829281, 36.943599407412748 ], [ 128.312333006633878, 36.943427054112384 ], [ 128.312004783001385, 36.943286108132092 ], [ 128.311743371357267, 36.943181418767331 ], [ 128.310053494758051, 36.942715738736162 ], [ 128.308694606389082, 36.942344512286986 ], [ 128.306838823943309, 36.941820613699576 ], [ 128.306616163260145, 36.941751999718662 ], [ 128.306282260392379, 36.941633447971263 ], [ 128.305909553313057, 36.94148773179505 ], [ 128.305653908524505, 36.941356202078246 ], [ 128.305476142545103, 36.941251976988134 ], [ 128.305265176546698, 36.941120639171046 ], [ 128.304139142637752, 36.940320191853452 ], [ 128.303895229569463, 36.940134860100549 ], [ 128.303642246483577, 36.93992089587919 ], [ 128.303470759623224, 36.939744909488084 ], [ 128.303277502723262, 36.939506052204628 ], [ 128.30312863465511, 36.93929884912162 ], [ 128.302171180745432, 36.937879261610931 ], [ 128.301973264732595, 36.937550724369792 ], [ 128.301709651865423, 36.937064755105233 ], [ 128.300095592825841, 36.934360951897126 ], [ 128.294049468657619, 36.927838474809349 ], [ 128.29315203490745, 36.927053094053896 ], [ 128.291698886943067, 36.925836278724262 ], [ 128.291427643240382, 36.925615062605083 ], [ 128.290785135870493, 36.925177353530685 ], [ 128.290360713760037, 36.924944494930628 ], [ 128.290208062980582, 36.924873927082729 ], [ 128.289955357734101, 36.92480817468072 ], [ 128.289742288540452, 36.924790848976038 ], [ 128.289475584396627, 36.924794582537253 ], [ 128.289195353726399, 36.924830394433229 ], [ 128.289075181024941, 36.924851098203888 ], [ 128.286631998288328, 36.92561080424678 ], [ 128.286023472443645, 36.925816004956658 ], [ 128.285829057061136, 36.925938015414943 ], [ 128.28551855336039, 36.926353972760886 ], [ 128.285484269735349, 36.926455485103148 ], [ 128.285476533428437, 36.92656259644405 ], [ 128.285475379480317, 36.926685742165709 ], [ 128.285493997130345, 36.926830479802597 ], [ 128.285512737241334, 36.926975217524301 ], [ 128.285531809198972, 36.927071749961762 ], [ 128.285831604419911, 36.927838725632007 ], [ 128.285721313421192, 36.929313665687488 ], [ 128.285650591165336, 36.929985887176088 ], [ 128.285395893545797, 36.930540583504346 ], [ 128.285186531571952, 36.930723585099599 ], [ 128.284708054011787, 36.931095821437374 ], [ 128.284052327814948, 36.931492908410313 ], [ 128.283510067679686, 36.931806548863072 ], [ 128.282504492739946, 36.932141794330981 ], [ 128.280430150854642, 36.93273717489479 ], [ 128.279341156588032, 36.932976347255583 ], [ 128.278161642824074, 36.933150018033466 ], [ 128.277525027040298, 36.933217244121458 ], [ 128.277234987081357, 36.933241424038115 ], [ 128.271557526693073, 36.93305032927077 ], [ 128.270471234030509, 36.933002381179882 ], [ 128.270072835974617, 36.932984446571908 ], [ 128.268046536445951, 36.932888512080886 ], [ 128.267007093478128, 36.932861173146975 ], [ 128.266187834725315, 36.932918725910788 ], [ 128.259879384109041, 36.933505295619462 ], [ 128.258135994922242, 36.933702998742881 ], [ 128.255806128642604, 36.934084674427361 ], [ 128.254086928953171, 36.934470253268195 ], [ 128.252289302910498, 36.934896927053543 ], [ 128.251924208621318, 36.935019783789365 ], [ 128.251480391286492, 36.935225584222252 ], [ 128.250844029897422, 36.935629648727812 ], [ 128.250733810821373, 36.935766272261283 ], [ 128.250641879883773, 36.93589355936939 ], [ 128.250571074919748, 36.936038539598172 ], [ 128.250485525924063, 36.936257417612374 ], [ 128.250452670207011, 36.936403911242806 ], [ 128.250331035736622, 36.93733691074241 ], [ 128.250322685746369, 36.93747759030898 ], [ 128.250363984460506, 36.937742491568223 ], [ 128.250490886254539, 36.938056243990495 ], [ 128.250812097240527, 36.938428065937508 ], [ 128.251286661003405, 36.939083342663913 ], [ 128.251568465201416, 36.939502321276471 ], [ 128.251695271452689, 36.939816053054635 ], [ 128.251745106942593, 36.940045785350947 ], [ 128.251628811756262, 36.941089213929168 ], [ 128.251612948813232, 36.941218128696484 ], [ 128.251563417845915, 36.941426604916046 ], [ 128.251432075032255, 36.941770698816931 ], [ 128.251259877200255, 36.942113354516174 ], [ 128.251166125854041, 36.942275858795412 ], [ 128.25106977133305, 36.942413461231048 ], [ 128.251207344322722, 36.942406967985434 ], [ 128.251462656140774, 36.942414870959993 ], [ 128.251621461683186, 36.942429484179179 ], [ 128.25173733014168, 36.94245112970448 ], [ 128.253101754031803, 36.942778873632719 ], [ 128.25341739966899, 36.942885307282857 ], [ 128.253749249184722, 36.943008146030387 ], [ 128.254254807654917, 36.943220101220732 ], [ 128.254355776198366, 36.943268487775391 ], [ 128.254453693843118, 36.943315420688833 ], [ 128.255979687361787, 36.944196239702528 ], [ 128.257892934307819, 36.945431424925239 ], [ 128.257975561410916, 36.945535110002368 ], [ 128.258238341123501, 36.9460343350164 ], [ 128.258360398061029, 36.946298646090248 ], [ 128.258565949068355, 36.946748123496974 ], [ 128.259835986686085, 36.948380600873143 ], [ 128.25988000710862, 36.948431149861172 ], [ 128.25992403551362, 36.948481705091055 ], [ 128.259989266658636, 36.948539324323789 ], [ 128.260037839274844, 36.94857529235631 ], [ 128.260084149358306, 36.948606336824241 ], [ 128.260128734467941, 36.948627783086593 ], [ 128.260192152072136, 36.948652514375063 ], [ 128.260318517529385, 36.948692217385826 ], [ 128.262074182036599, 36.94922163145435 ], [ 128.262171125387169, 36.949239537253703 ], [ 128.262296778844785, 36.949247263642704 ], [ 128.262348518772569, 36.949248489169172 ], [ 128.262405663609911, 36.949241306604932 ], [ 128.262444791552156, 36.949230882772454 ], [ 128.262515637260606, 36.949214113837989 ], [ 128.262573528014883, 36.949200417189452 ], [ 128.262843250563009, 36.949147486419193 ], [ 128.26291887200307, 36.949140215565116 ], [ 128.262955582398604, 36.949140443049075 ], [ 128.262991147586717, 36.949143185653334 ], [ 128.263031813219868, 36.949149340733641 ], [ 128.263130536308068, 36.949183067000611 ], [ 128.263175215109328, 36.949203203536449 ], [ 128.263216493589027, 36.949221811452468 ], [ 128.263291236124331, 36.949257247569768 ], [ 128.263370158590732, 36.949294668757766 ], [ 128.263590516342134, 36.949436512421698 ], [ 128.263814514043474, 36.949596485218457 ], [ 128.263854627562466, 36.949632799945491 ], [ 128.263907118765047, 36.949680324522539 ], [ 128.263955157823233, 36.949728286965843 ], [ 128.264015628287495, 36.949797443114178 ], [ 128.264119055300256, 36.949915731909144 ], [ 128.264258859241835, 36.950134120858735 ], [ 128.264377000613621, 36.950363724017087 ], [ 128.264415003599879, 36.950450644781576 ], [ 128.264473195357709, 36.950633110432491 ], [ 128.264483166245299, 36.950716346304375 ], [ 128.264495346716984, 36.951573787277326 ], [ 128.264495256967507, 36.951698648235087 ], [ 128.264481614936415, 36.951822475963048 ], [ 128.264332003134825, 36.95280732131728 ], [ 128.264320826318453, 36.952848675040478 ], [ 128.264294364008492, 36.952938458092255 ], [ 128.264262529048096, 36.952991778711898 ], [ 128.264237165292258, 36.953025488582107 ], [ 128.264174872295229, 36.953070083766612 ], [ 128.263236800353894, 36.953899521423004 ], [ 128.262477487386178, 36.954714415958115 ], [ 128.26242674248553, 36.954781039977085 ], [ 128.261265934483021, 36.956476825957722 ], [ 128.261250917184981, 36.956507548226497 ], [ 128.261259624917471, 36.956536255145146 ], [ 128.261346501011133, 36.9566906967774 ], [ 128.261749843005163, 36.957325033223356 ], [ 128.261884997059269, 36.957513197192405 ], [ 128.261926582064007, 36.957566996160573 ], [ 128.262000534741361, 36.957652597984172 ], [ 128.262088049847819, 36.957729198504012 ], [ 128.262170909894564, 36.95778783004247 ], [ 128.262417897559516, 36.957928751046296 ], [ 128.26277775614696, 36.958104008421735 ], [ 128.262954075221955, 36.958189878672641 ], [ 128.263139054405656, 36.95827996666636 ], [ 128.263630416251061, 36.958521818254056 ], [ 128.263669056531654, 36.958542303469841 ], [ 128.2637162045379, 36.958567300581926 ], [ 128.263895916670236, 36.958677440145749 ], [ 128.264201616401067, 36.95889611533611 ], [ 128.264331785461053, 36.959001249244011 ], [ 128.264499514158985, 36.959144976454361 ], [ 128.265501549321641, 36.960064242578234 ], [ 128.266246215385138, 36.960916121784564 ], [ 128.264361834696416, 36.96292254046098 ], [ 128.263215283484527, 36.964084718489879 ], [ 128.26299638003627, 36.965798700409337 ], [ 128.263007701323914, 36.965997928399062 ], [ 128.263006194400617, 36.966061700437336 ], [ 128.262971808536264, 36.966215288186866 ], [ 128.262924024335291, 36.966349430824451 ], [ 128.262901256488362, 36.966386651859608 ], [ 128.262883060318558, 36.96641639864081 ], [ 128.262802132186209, 36.966511747685729 ], [ 128.262730510462092, 36.966596116118197 ], [ 128.262394341764718, 36.966966511203132 ], [ 128.26229117330513, 36.967072051797807 ], [ 128.261014800497094, 36.9692975221799 ], [ 128.260708610477536, 36.972178477928139 ], [ 128.260446617980165, 36.975328377015259 ], [ 128.260447661013615, 36.975478253800574 ], [ 128.260447287947159, 36.975530638871589 ], [ 128.260426473483847, 36.975715336159894 ], [ 128.260143481411518, 36.977196008200131 ], [ 128.259960733519335, 36.978112782721681 ], [ 128.259621963885223, 36.9797488685075 ], [ 128.259605939319954, 36.979813727535507 ], [ 128.259538211410387, 36.980034256146688 ], [ 128.259468555764727, 36.980232585961005 ], [ 128.259384376725478, 36.980457862048993 ], [ 128.259304813955509, 36.980625693255881 ], [ 128.259275806377104, 36.980678500303497 ], [ 128.259253700639306, 36.9807187243971 ], [ 128.259075840144135, 36.980979639513627 ], [ 128.259009564954766, 36.981051218055605 ], [ 128.258943879555318, 36.981119518818609 ], [ 128.258911192439541, 36.981153500526972 ], [ 128.258803540834407, 36.981262666005186 ], [ 128.258707482429742, 36.981335306420455 ], [ 128.257697790542807, 36.983330064073151 ], [ 128.256406009473324, 36.985958653348455 ], [ 128.256396349551949, 36.985983642857946 ], [ 128.256169058552274, 36.986598523800254 ], [ 128.256151671987084, 36.986675836934587 ], [ 128.256163932875268, 36.986710055279239 ], [ 128.256727159258247, 36.987084178702986 ], [ 128.256785384876849, 36.98711626595675 ], [ 128.256860893653652, 36.987147195534419 ], [ 128.2568961434703, 36.987160571451909 ], [ 128.256931396607484, 36.987173941027685 ], [ 128.256966198429524, 36.987175783369338 ], [ 128.257002192390985, 36.987170699676938 ], [ 128.257074709378003, 36.98715745323004 ], [ 128.257106932956276, 36.98715323457975 ], [ 128.257158141259168, 36.987153564202004 ], [ 128.257222650645048, 36.987162175964777 ], [ 128.257255739776667, 36.98717159298679 ], [ 128.257303976147995, 36.987197219207573 ], [ 128.257338837790627, 36.98723660352195 ], [ 128.257648495849963, 36.988289621311623 ], [ 128.257659356026579, 36.988327537951648 ], [ 128.257693015853079, 36.988458216004311 ], [ 128.258729783204018, 36.993065869431547 ], [ 128.258740413468985, 36.993128026643902 ], [ 128.2587340736128, 36.993156804501893 ], [ 128.258709014586628, 36.99320351591161 ], [ 128.258236819403322, 36.993995378326886 ], [ 128.25821058117802, 36.994036338877223 ], [ 128.258180584622238, 36.994083148415911 ], [ 128.25755076817623, 36.994955851860546 ], [ 128.257501949738071, 36.99502058532893 ], [ 128.257351438924445, 36.995202739647603 ], [ 128.25728613076015, 36.995277572300772 ], [ 128.25712964512249, 36.995450578065359 ], [ 128.257062410203275, 36.995513607949739 ], [ 128.257000400879491, 36.995560880068666 ], [ 128.256852772994421, 36.995666528828643 ], [ 128.256772275530409, 36.995719457949868 ], [ 128.254123632894505, 36.99740816049615 ], [ 128.253855374365315, 36.99753352878728 ], [ 128.255763683521195, 36.997955866864729 ], [ 128.255988357119747, 36.998025218405935 ], [ 128.256169171087237, 36.998098785451504 ], [ 128.256309602858408, 36.998178873514469 ], [ 128.256400610308702, 36.99823568618681 ], [ 128.256535865382745, 36.998327608375462 ], [ 128.256645698649976, 36.998411746438279 ], [ 128.256711589395934, 36.998474987461329 ], [ 128.256763447015402, 36.998524760542601 ], [ 128.256978181459488, 36.998761541349367 ], [ 128.25713903133834, 36.998947730684414 ], [ 128.257265879125072, 36.999222708573377 ], [ 128.257362759111231, 36.999448757293401 ], [ 128.257442191911196, 36.999759915864729 ], [ 128.257523305296218, 37.00008158231978 ], [ 128.257526946270104, 37.00012368609255 ], [ 128.257528852588308, 37.000193264530147 ], [ 128.257519766086375, 37.000271317975567 ], [ 128.257499218451272, 37.000351653948478 ], [ 128.256821521582395, 37.002801557123263 ], [ 128.256336750749682, 37.004268072048042 ], [ 128.255215097639621, 37.007103527144452 ], [ 128.255151699860249, 37.00720828885067 ], [ 128.253827753024922, 37.009284761209095 ], [ 128.253793451430312, 37.0093351566141 ], [ 128.253750414185276, 37.009356887351601 ], [ 128.253504322475834, 37.009395696704033 ], [ 128.253185965899291, 37.009448538664834 ], [ 128.253025623395075, 37.009479161469869 ], [ 128.252862892430102, 37.009523023039932 ], [ 128.252577068699594, 37.00963028844582 ], [ 128.250895004545526, 37.010516854318105 ], [ 128.250777827299856, 37.010588408486221 ], [ 128.250711226824933, 37.010637701165223 ], [ 128.248793663735455, 37.012539832974952 ], [ 128.247948914012312, 37.013466777650329 ], [ 128.247731073080786, 37.013740560269078 ], [ 128.24766326918899, 37.01384557015016 ], [ 128.246273652381319, 37.016426861307281 ], [ 128.245826399535105, 37.017735064962636 ], [ 128.244591727468617, 37.020413661188158 ], [ 128.244570764015037, 37.020449614201397 ], [ 128.244052311495807, 37.020904747238617 ], [ 128.243969750822686, 37.020976822187599 ], [ 128.24391761466498, 37.021019708617125 ], [ 128.240567765831599, 37.023744705366674 ], [ 128.240437593951782, 37.02383720094867 ], [ 128.240409206651123, 37.023853580170162 ], [ 128.240381268711758, 37.023869695169829 ], [ 128.240249593612816, 37.023931171298884 ], [ 128.240200895830469, 37.023953905970643 ], [ 128.238358746734974, 37.024796823025262 ], [ 128.238292656522106, 37.024816951865752 ], [ 128.237618019705678, 37.024983922795862 ], [ 128.237490656489257, 37.025010751895969 ], [ 128.237408679703236, 37.025022324460537 ], [ 128.233804178396554, 37.02490911830472 ], [ 128.230688029002494, 37.024552846007872 ], [ 128.230544148317193, 37.024522546394948 ], [ 128.230408596011785, 37.024494002688705 ], [ 128.230276897924909, 37.024477229272854 ], [ 128.230122473944988, 37.024457562266946 ], [ 128.229974902393309, 37.024444843410336 ], [ 128.229840529092257, 37.0244332700264 ], [ 128.229731548551797, 37.024428833719526 ], [ 128.229638143589028, 37.02442503259379 ], [ 128.228289693211565, 37.024411116087336 ], [ 128.228254381106439, 37.024412885050154 ], [ 128.228213233656334, 37.02441494671713 ], [ 128.228133162087147, 37.024450714202963 ], [ 128.226687271738513, 37.025235437904847 ], [ 128.226555080287625, 37.025312343354614 ], [ 128.226522370060508, 37.025338163760487 ], [ 128.226483424482723, 37.025368915234118 ], [ 128.226450632712812, 37.025417109339024 ], [ 128.226443787898063, 37.025455082953918 ], [ 128.226449854777428, 37.025493144286585 ], [ 128.226533960702, 37.02569592548241 ], [ 128.226561433789669, 37.02574795663876 ], [ 128.22664219129021, 37.025847479077683 ], [ 128.226743985118873, 37.026005436007701 ], [ 128.22677552407373, 37.026081689475824 ], [ 128.226787807687231, 37.026143993328972 ], [ 128.226789064418114, 37.026233891346472 ], [ 128.226764568733046, 37.026311504805861 ], [ 128.226714482078194, 37.026364756395019 ], [ 128.226653801468558, 37.026400661932989 ], [ 128.22564644098685, 37.026846141959226 ], [ 128.225553406356624, 37.026887006079129 ], [ 128.225242397220654, 37.027002611403496 ], [ 128.225204104646394, 37.027798134767671 ], [ 128.22451391669054, 37.029625104079869 ], [ 128.22418261612691, 37.031313312489928 ], [ 128.224168698834262, 37.031410027661089 ], [ 128.224172281183343, 37.031482638472319 ], [ 128.224196500990047, 37.031602045750134 ], [ 128.224254716358843, 37.031808115190969 ], [ 128.224313205172791, 37.031988247323063 ], [ 128.224384501166867, 37.032178858641885 ], [ 128.224490049738336, 37.032390422464353 ], [ 128.224614103426347, 37.032635231050342 ], [ 128.224724530482149, 37.032791511532693 ], [ 128.224803084300419, 37.032906106730245 ], [ 128.224860309027036, 37.03299808218793 ], [ 128.224885554360242, 37.033057003287674 ], [ 128.224902071253183, 37.033127982790909 ], [ 128.224897208004563, 37.033181527881652 ], [ 128.224863646518401, 37.033304039100798 ], [ 128.224797202997649, 37.03348335120225 ], [ 128.224753553304339, 37.033583491323981 ], [ 128.224731556795746, 37.033628280118208 ], [ 128.224398129567987, 37.034212048016954 ], [ 128.224347724070412, 37.034298141869805 ], [ 128.224321449502696, 37.034339446580411 ], [ 128.224275745839435, 37.034384087946584 ], [ 128.224154128023372, 37.034480070456524 ], [ 128.224007789802386, 37.034593640711364 ], [ 128.223877615172597, 37.034682678345789 ], [ 128.223515674266025, 37.034894629620801 ], [ 128.221696434266505, 37.035930190141883 ], [ 128.221527759154469, 37.035993038822859 ], [ 128.220630422716937, 37.036312070207025 ], [ 128.218623913273007, 37.036974758826865 ], [ 128.217352341794566, 37.037230801321932 ], [ 128.217310665242223, 37.037253168672905 ], [ 128.2172915168467, 37.03727880357139 ], [ 128.217269447326885, 37.037330512506443 ], [ 128.217275284719676, 37.037391052487948 ], [ 128.217302284016341, 37.037489745941258 ], [ 128.217340419695319, 37.037552221602951 ], [ 128.218374466923905, 37.039111889817576 ], [ 128.218939355940563, 37.039862525442857 ], [ 128.219499745626223, 37.040469423911098 ], [ 128.219601950102827, 37.040587646902942 ], [ 128.220537015186665, 37.041680036601029 ], [ 128.220566761387772, 37.041718243685274 ], [ 128.220632563415194, 37.041815480095458 ], [ 128.220660071160523, 37.041864068847794 ], [ 128.220670283272113, 37.041919451165128 ], [ 128.220667712066927, 37.041960903112603 ], [ 128.220606082648146, 37.042297532961967 ], [ 128.220597009491883, 37.042342428146092 ], [ 128.22055504461602, 37.042442394136707 ], [ 128.220287685891094, 37.042955712208602 ], [ 128.220259263448099, 37.042995289289749 ], [ 128.220194113536905, 37.043044994082543 ], [ 128.220104970168308, 37.043123893525561 ], [ 128.219988739163114, 37.043323620924426 ], [ 128.219841253971566, 37.043686034413874 ], [ 128.219604521108039, 37.044291147407769 ], [ 128.219443071024472, 37.044750293136687 ], [ 128.219262836576092, 37.045713543421158 ], [ 128.219249060210046, 37.045796425638073 ], [ 128.219263552638665, 37.045853554277656 ], [ 128.220461454758549, 37.04866924146971 ], [ 128.220876047703996, 37.049214708051103 ], [ 128.219690848960852, 37.051172444763814 ], [ 128.219293723148951, 37.051759592486796 ], [ 128.2180066132712, 37.054175682844701 ], [ 128.217982244336525, 37.054239475653404 ], [ 128.217977411538044, 37.054291274977288 ], [ 128.218002461469183, 37.054369230986815 ], [ 128.218055697156217, 37.054431811316483 ], [ 128.218498886516272, 37.054825781166116 ], [ 128.218629467954202, 37.054911325929687 ], [ 128.21876457657433, 37.054974457377192 ], [ 128.218826794834371, 37.055000769478866 ], [ 128.218884903019983, 37.055008070373027 ], [ 128.218934503739519, 37.055004960975204 ], [ 128.219014383125312, 37.054989924405689 ], [ 128.21909847132153, 37.054985286232487 ], [ 128.219221315106722, 37.054984355827962 ], [ 128.219371946233764, 37.055004371539177 ], [ 128.219675306743852, 37.055053028817795 ], [ 128.21997641062265, 37.055108614669386 ], [ 128.220372336200455, 37.055219652329114 ], [ 128.220709590260668, 37.055325586156862 ], [ 128.220977960608082, 37.055422406129097 ], [ 128.221207590762589, 37.055513785712122 ], [ 128.221325470329646, 37.055575046669951 ], [ 128.221449787394391, 37.055643270548636 ], [ 128.221505898618716, 37.055680242449888 ], [ 128.221591385239634, 37.055749937279913 ], [ 128.221713001245462, 37.055868267120445 ], [ 128.2218303048314, 37.055988303309668 ], [ 128.221889823783187, 37.056068194078328 ], [ 128.22501604656847, 37.060562920397587 ], [ 128.225588034576333, 37.062296376832791 ], [ 128.225639046486577, 37.062365854023597 ], [ 128.22583947146606, 37.062535202259426 ], [ 128.225899333692865, 37.06258225389864 ], [ 128.225961580437627, 37.062606865549668 ], [ 128.22642142656909, 37.062739498547593 ], [ 128.226679409389533, 37.062801680767535 ], [ 128.226931009785403, 37.062855181264219 ], [ 128.22728185315367, 37.062898943271129 ], [ 128.227837694438364, 37.062933443817997 ], [ 128.228022976326855, 37.062939828191922 ], [ 128.231562311711031, 37.063834398632231 ], [ 128.236015320460439, 37.065037254671481 ], [ 128.236426070997766, 37.065178563480593 ], [ 128.23667083468743, 37.065271735198799 ], [ 128.236795301818802, 37.065324387039482 ], [ 128.23686391571988, 37.065359397144398 ], [ 128.236895952863989, 37.065389004223547 ], [ 128.238510653637093, 37.067341271451461 ], [ 128.238557363088802, 37.067412444567744 ], [ 128.238698545595099, 37.067734836984677 ], [ 128.238729913023491, 37.067830101158648 ], [ 128.238752607599793, 37.067900181607705 ], [ 128.238787300055691, 37.069591408925241 ], [ 128.238783026493962, 37.06980397219219 ], [ 128.238753514720997, 37.069952418392077 ], [ 128.238694324687657, 37.070052292063146 ], [ 128.238600452454762, 37.070170950757685 ], [ 128.238530468849092, 37.070272478041765 ], [ 128.238497525382598, 37.070334489348298 ], [ 128.238442318818102, 37.070495006693307 ], [ 128.23843069438368, 37.070579627863921 ], [ 128.238455530179294, 37.071112144354053 ], [ 128.238480182000529, 37.071233293813044 ], [ 128.238524312493382, 37.071345913615183 ], [ 128.23952195425943, 37.073422182880392 ], [ 128.239751145785362, 37.073783156928485 ], [ 128.239780951847166, 37.0738196602545 ], [ 128.239840817856589, 37.073868420949204 ], [ 128.239954429774343, 37.073929649959624 ], [ 128.243263699019423, 37.075329027878958 ], [ 128.243991101131741, 37.075632285382021 ], [ 128.247918172152822, 37.076132242195477 ], [ 128.249453820687023, 37.075063901619153 ] ] ] ] } }
]
}
