{
"type": "FeatureCollection",
"name": "okcheongun",
"crs": { "type": "name", "properties": { "name": "urn:ogc:def:crs:OGC:1.3:CRS84" } },
"features": [
{ "type": "Feature", "properties": { "OBJECTID": 1957, "adm_nm": "충청북도 옥천군 옥천읍", "adm_cd": "3333011", "adm_cd2": "4373025000", "sgg": "43730", "sido": "43", "sidonm": "충청북도", "sggnm": "옥천군" }, "geometry": { "type": "MultiPolygon", "coordinates": [ [ [ [ 127.642462672607152, 36.352906846436255 ], [ 127.640397419656779, 36.350788021882224 ], [ 127.639287804824889, 36.347457101619213 ], [ 127.638117453827221, 36.343842500689448 ], [ 127.63636413498557, 36.340467647023679 ], [ 127.631232643386639, 36.335288371875436 ], [ 127.626267903339453, 36.33259286209443 ], [ 127.622218206755079, 36.329626950037365 ], [ 127.617059967680404, 36.325848610845263 ], [ 127.61396960510902, 36.323355914661811 ], [ 127.61436660668052, 36.321768286707616 ], [ 127.615258873183535, 36.319941435015664 ], [ 127.615503381596142, 36.319796609124865 ], [ 127.615782822981672, 36.319631100800969 ], [ 127.616696461479037, 36.316810173375238 ], [ 127.615051509508859, 36.315872000673053 ], [ 127.612205495378987, 36.314655974822969 ], [ 127.608280238500456, 36.31377665245936 ], [ 127.606353465308871, 36.314188738193174 ], [ 127.604490614288991, 36.315310434365195 ], [ 127.60409297159903, 36.315343112532574 ], [ 127.603389679657937, 36.315400898931046 ], [ 127.602649500837131, 36.315461710513652 ], [ 127.600855798973782, 36.315502688043807 ], [ 127.599113094583728, 36.315297915975009 ], [ 127.597773802602134, 36.314948768069854 ], [ 127.59329626023775, 36.313576140817169 ], [ 127.593673575010158, 36.312307517208282 ], [ 127.594039976041358, 36.311921392690358 ], [ 127.595984718291078, 36.311603681757916 ], [ 127.596872173432615, 36.3115227949596 ], [ 127.597553910112126, 36.311476930641597 ], [ 127.598136605844815, 36.311389036123494 ], [ 127.59843221987461, 36.311344436975908 ], [ 127.599846333658363, 36.309985195314376 ], [ 127.600001776740058, 36.309614368989642 ], [ 127.600069836173006, 36.309315115533323 ], [ 127.59950381759954, 36.307109540897109 ], [ 127.598856556163256, 36.304723803284325 ], [ 127.598658240434659, 36.304084293486177 ], [ 127.598461448189596, 36.303644049433629 ], [ 127.60081842072141, 36.301426070266281 ], [ 127.601360565696268, 36.301039056714146 ], [ 127.601636886669425, 36.300382931091761 ], [ 127.601485728753289, 36.299039483156022 ], [ 127.602293276003095, 36.298312543235326 ], [ 127.60502030889235, 36.296764850005935 ], [ 127.605304625504502, 36.297525889664328 ], [ 127.605412415067676, 36.297596248939584 ], [ 127.606452519482232, 36.298275109806063 ], [ 127.606910715016454, 36.298449990945237 ], [ 127.607120396033821, 36.298487451955054 ], [ 127.611679345215748, 36.298382125013845 ], [ 127.612081079139571, 36.298038475339318 ], [ 127.615306570712463, 36.294352102023929 ], [ 127.615264214333635, 36.294250310145337 ], [ 127.613588683683886, 36.293573462400602 ], [ 127.607667816970064, 36.291243138424612 ], [ 127.607403882352699, 36.291216008334573 ], [ 127.606668166633924, 36.29130028746976 ], [ 127.60610396800891, 36.291364920298278 ], [ 127.605504442624579, 36.29114021473849 ], [ 127.605080301858592, 36.290857692628776 ], [ 127.604263249799601, 36.289780070902154 ], [ 127.604050093973058, 36.289496495425183 ], [ 127.602965963619496, 36.285687389107466 ], [ 127.602797045981731, 36.282001773313709 ], [ 127.602885907235674, 36.280342627449862 ], [ 127.602889311273103, 36.280279066929957 ], [ 127.60264712049738, 36.280122677326602 ], [ 127.602429976322369, 36.279982472072014 ], [ 127.601864944639487, 36.279657929052597 ], [ 127.600949113594282, 36.279434792622276 ], [ 127.600508676064024, 36.279308906668824 ], [ 127.600050215944037, 36.279126164275475 ], [ 127.599468057254114, 36.278858631133062 ], [ 127.597772197163579, 36.277771126054439 ], [ 127.597276977628482, 36.277375056107438 ], [ 127.593984626948327, 36.274373939666816 ], [ 127.593634872533116, 36.273788448167188 ], [ 127.593450542387046, 36.273479857394697 ], [ 127.592717189242165, 36.269469652785396 ], [ 127.592927842130493, 36.266192619427166 ], [ 127.593322408973108, 36.264909653312898 ], [ 127.594151847041516, 36.263026736552867 ], [ 127.595018638394322, 36.261442515737343 ], [ 127.595717952809693, 36.260955116861894 ], [ 127.59866742934976, 36.259135059580544 ], [ 127.598923782356266, 36.256430458338059 ], [ 127.598835758604707, 36.256255374222533 ], [ 127.598665866676157, 36.25591745374345 ], [ 127.598637504404451, 36.255901153571678 ], [ 127.598608835951978, 36.255884791438163 ], [ 127.598076364324456, 36.255581900865181 ], [ 127.597689903385458, 36.255362076180219 ], [ 127.595634548237115, 36.254681652560414 ], [ 127.595179093541617, 36.254434106946903 ], [ 127.594823091068449, 36.254228800720313 ], [ 127.594794687809681, 36.254212420327399 ], [ 127.59409591723967, 36.253809428465125 ], [ 127.590848480170422, 36.251415537237861 ], [ 127.59038384018119, 36.250922737961012 ], [ 127.590007234254088, 36.250523282682607 ], [ 127.589822399828634, 36.250068658564011 ], [ 127.589785128129293, 36.249936593208076 ], [ 127.58904045073605, 36.249822696309934 ], [ 127.588460316609385, 36.249877787165644 ], [ 127.587898303695582, 36.249931157051449 ], [ 127.587364488468126, 36.250125668504779 ], [ 127.586794640718622, 36.250333316856903 ], [ 127.584251394813307, 36.25232953066002 ], [ 127.581102824974451, 36.253446952256397 ], [ 127.580726696930313, 36.253499595186213 ], [ 127.580341605761419, 36.253553476281859 ], [ 127.575538367232568, 36.251710390253514 ], [ 127.574604115311018, 36.250480520764796 ], [ 127.573938685878247, 36.248793811480432 ], [ 127.574025960966651, 36.248323141302819 ], [ 127.57382159179538, 36.247662871833136 ], [ 127.573585595080999, 36.247419200191743 ], [ 127.573254936326308, 36.24707779059095 ], [ 127.572636427900065, 36.246845627339361 ], [ 127.57234807745229, 36.246771784240181 ], [ 127.5720730022623, 36.246701352955021 ], [ 127.57020556583538, 36.246857208468739 ], [ 127.568023193068697, 36.247696062545934 ], [ 127.567576416604581, 36.249673831733929 ], [ 127.567462817591974, 36.250123924024138 ], [ 127.567054726738689, 36.250244157848257 ], [ 127.566341461675819, 36.250578775130514 ], [ 127.56581804906601, 36.250912497682002 ], [ 127.565166749377809, 36.25174367988388 ], [ 127.564316230095997, 36.253309292161887 ], [ 127.562096517722566, 36.257460311641061 ], [ 127.56192774426836, 36.258372021259568 ], [ 127.559528567395247, 36.259921178886543 ], [ 127.557354616999845, 36.262344664939434 ], [ 127.556943231046361, 36.264073805170895 ], [ 127.55658497847827, 36.265057388902306 ], [ 127.555251744934083, 36.268648128408621 ], [ 127.554176874732306, 36.269528527523249 ], [ 127.554022308317656, 36.269547146002402 ], [ 127.553155079372203, 36.269651548615023 ], [ 127.552106321990593, 36.270094104954232 ], [ 127.550827922718142, 36.273211348389268 ], [ 127.546938776034381, 36.279096928710374 ], [ 127.546285570554588, 36.279715083731418 ], [ 127.545399479354117, 36.280464436473487 ], [ 127.544758493372342, 36.280739445901354 ], [ 127.543679247516692, 36.281028251436865 ], [ 127.541683156613814, 36.281853579101302 ], [ 127.539948995662982, 36.284653333705769 ], [ 127.539737584816976, 36.285557234609357 ], [ 127.539721871933395, 36.285624432445893 ], [ 127.539556758776669, 36.287115780804371 ], [ 127.542744108210371, 36.291608715804401 ], [ 127.545137556785008, 36.294118009731129 ], [ 127.546659054790368, 36.29560137583325 ], [ 127.547131229743613, 36.296249887195394 ], [ 127.547353653499158, 36.296710233314471 ], [ 127.547431667283533, 36.297419703824119 ], [ 127.547463040325184, 36.297727138662914 ], [ 127.547130129288362, 36.298190032039429 ], [ 127.547191306208205, 36.29858015247126 ], [ 127.547412497992113, 36.298863070291681 ], [ 127.548987468312248, 36.300464771229066 ], [ 127.551293995669255, 36.302169569529703 ], [ 127.552026327272415, 36.30239097277606 ], [ 127.552536958345584, 36.30244133988981 ], [ 127.552713731092069, 36.302458781877199 ], [ 127.554092544271199, 36.303162240316915 ], [ 127.556032034411118, 36.304608371109381 ], [ 127.556456012040115, 36.306688500372836 ], [ 127.555274313847278, 36.307001566052719 ], [ 127.554733606417628, 36.307015902407592 ], [ 127.554091191914239, 36.307113515989769 ], [ 127.55397459799957, 36.307161375068397 ], [ 127.550945780708616, 36.31086634405284 ], [ 127.55098022921338, 36.311227912975539 ], [ 127.550993117363291, 36.311363003446623 ], [ 127.55159704634751, 36.312022711184838 ], [ 127.551234697725661, 36.312462087298123 ], [ 127.550229285161066, 36.312916265340938 ], [ 127.549923245279771, 36.313047792222079 ], [ 127.547574293304322, 36.31368554070535 ], [ 127.54588149578889, 36.314095488481925 ], [ 127.542127918253897, 36.31666783811918 ], [ 127.542000968227867, 36.316821768673265 ], [ 127.542055164457892, 36.317256568205131 ], [ 127.542276895822198, 36.317856332107418 ], [ 127.545117961723236, 36.321489476383427 ], [ 127.545503099865741, 36.321653437877416 ], [ 127.547272966105012, 36.322152925024341 ], [ 127.547572183975902, 36.322242556093528 ], [ 127.548260629043483, 36.322448793588229 ], [ 127.549570980318364, 36.323126434234275 ], [ 127.552718876408449, 36.324810686075573 ], [ 127.554340809737511, 36.326097941437304 ], [ 127.554589944857568, 36.326935788774101 ], [ 127.554710200098398, 36.32764993586526 ], [ 127.556887299930992, 36.329587145974131 ], [ 127.557749876335009, 36.330277128786946 ], [ 127.558253604371686, 36.330906621214446 ], [ 127.558320717519123, 36.331341342002787 ], [ 127.558118392824824, 36.331694460041817 ], [ 127.557480843951112, 36.332049599022284 ], [ 127.556754272391956, 36.332488017358592 ], [ 127.55552097770699, 36.333684921206256 ], [ 127.555447552210111, 36.334161723262248 ], [ 127.555486757794569, 36.334275470886951 ], [ 127.555539968067308, 36.334258133825642 ], [ 127.556163701152315, 36.33405482188612 ], [ 127.558543934102588, 36.332127518273637 ], [ 127.558989174500809, 36.331731833393413 ], [ 127.56040011331541, 36.330326908524334 ], [ 127.562360046485097, 36.326941008390136 ], [ 127.564346825248563, 36.323751768918527 ], [ 127.566853040272676, 36.323387756773577 ], [ 127.567699772549318, 36.323653058502245 ], [ 127.570188117209966, 36.324355958267617 ], [ 127.574995054330472, 36.325285923703952 ], [ 127.576737302964276, 36.325474355127838 ], [ 127.578002364920451, 36.325178235185476 ], [ 127.578372888222361, 36.325083216085858 ], [ 127.578616546856225, 36.32514419165436 ], [ 127.57932268027011, 36.325430814954565 ], [ 127.580854752953499, 36.326104484861183 ], [ 127.580953651342341, 36.32614797696646 ], [ 127.581134010769603, 36.326302469632509 ], [ 127.581381447991802, 36.32860075997101 ], [ 127.580915498011365, 36.329638815320521 ], [ 127.580635570445637, 36.329868046357369 ], [ 127.579703178648856, 36.330152230886384 ], [ 127.580197795882157, 36.332987929745009 ], [ 127.580300898111787, 36.333080650122035 ], [ 127.583558496563668, 36.335602551860788 ], [ 127.583738496570845, 36.33570523880109 ], [ 127.584482076230628, 36.335846638279961 ], [ 127.585287572702597, 36.335708055214198 ], [ 127.585708026112869, 36.33543668285342 ], [ 127.586611441507415, 36.334696856029773 ], [ 127.587018148306299, 36.334301268887785 ], [ 127.587297452356864, 36.333989150928574 ], [ 127.587666356136182, 36.333676608702071 ], [ 127.588622807728981, 36.333185078553107 ], [ 127.589339053822826, 36.333098701218823 ], [ 127.589826207717124, 36.333189511017672 ], [ 127.590074033392909, 36.333799421706708 ], [ 127.590221156423993, 36.334637688634118 ], [ 127.590033656325659, 36.335239375938407 ], [ 127.589849108040511, 36.336234656478197 ], [ 127.590428462772422, 36.336666852134954 ], [ 127.591071831076476, 36.337098713101426 ], [ 127.591955475779784, 36.337135771480931 ], [ 127.592811493845133, 36.336903665619964 ], [ 127.594900624415743, 36.33721441604105 ], [ 127.595785614332812, 36.337427536239247 ], [ 127.596213196723227, 36.33741000035964 ], [ 127.602146056522358, 36.339841794131665 ], [ 127.603696929311624, 36.34295179064992 ], [ 127.60430041071865, 36.344161865265484 ], [ 127.606334747092816, 36.34546044119508 ], [ 127.606671722011427, 36.345642258635628 ], [ 127.608217374493194, 36.346297287803168 ], [ 127.609546550837678, 36.346821884688687 ], [ 127.61039690454453, 36.347088080164411 ], [ 127.611306629209508, 36.347329088326852 ], [ 127.62267660718318, 36.349408925210646 ], [ 127.624496520012997, 36.349449004378471 ], [ 127.62680727616646, 36.349412758747661 ], [ 127.628701682043285, 36.34958657904496 ], [ 127.630945574941791, 36.350145292803411 ], [ 127.632271733902684, 36.350940891678349 ], [ 127.633450912601347, 36.352017680790432 ], [ 127.636668339587345, 36.355495752234155 ], [ 127.640065998774602, 36.358582290633002 ], [ 127.640323129544129, 36.358771913558634 ], [ 127.64065880384166, 36.358950486178642 ], [ 127.641131621928324, 36.359069992060398 ], [ 127.641505634806293, 36.359126330465138 ], [ 127.641696064093992, 36.359173073191229 ], [ 127.641952621846414, 36.35929371558715 ], [ 127.642137198373916, 36.359425339983204 ], [ 127.642256247770135, 36.359557327009341 ], [ 127.642290579838644, 36.359748150114712 ], [ 127.642278995954356, 36.359933904440062 ], [ 127.642203692992211, 36.360568601061644 ], [ 127.644262800173692, 36.358197651859115 ], [ 127.643870400933324, 36.356857867343642 ], [ 127.64254471998639, 36.355646483923913 ], [ 127.642244678453935, 36.353936023198415 ], [ 127.642462672607152, 36.352906846436255 ] ] ] ] } },
{ "type": "Feature", "properties": { "OBJECTID": 1958, "adm_nm": "충청북도 옥천군 동이면", "adm_cd": "3333031", "adm_cd2": "4373031000", "sgg": "43730", "sido": "43", "sidonm": "충청북도", "sggnm": "옥천군" }, "geometry": { "type": "MultiPolygon", "coordinates": [ [ [ [ 127.683657378376267, 36.317906955308018 ], [ 127.684943098829194, 36.317228052428888 ], [ 127.688071435046425, 36.315944529892725 ], [ 127.691447057431702, 36.313818569040059 ], [ 127.691762196976015, 36.30567530080868 ], [ 127.69038968868594, 36.303576695235229 ], [ 127.683706374951214, 36.303444219935308 ], [ 127.671843568132417, 36.310400239663572 ], [ 127.666766244465379, 36.310997937598358 ], [ 127.662320878594983, 36.305215391499274 ], [ 127.667052114015831, 36.29496962598558 ], [ 127.667342130841661, 36.294781245725716 ], [ 127.667590725472721, 36.294619788977613 ], [ 127.667634492990288, 36.294591381126914 ], [ 127.670811672138242, 36.29254319759162 ], [ 127.674275700793856, 36.292426753100685 ], [ 127.677756819930366, 36.292309640128465 ], [ 127.680412611839486, 36.292220224546206 ], [ 127.687012091842348, 36.291994230834234 ], [ 127.68794915950302, 36.291962107126395 ], [ 127.692581406798027, 36.290896389981668 ], [ 127.696999809711045, 36.287540184105502 ], [ 127.698358011589093, 36.28408779840435 ], [ 127.698291864285011, 36.282579445393516 ], [ 127.697197442070234, 36.280094990177155 ], [ 127.695848746346456, 36.278665255548013 ], [ 127.695469621257914, 36.27849873732162 ], [ 127.695090513404693, 36.278332234086172 ], [ 127.694936751513879, 36.278259875718419 ], [ 127.694454414079289, 36.278032839059811 ], [ 127.693588951016295, 36.277568153941431 ], [ 127.693057728135798, 36.277129984370674 ], [ 127.692966454319759, 36.276746209751209 ], [ 127.693400613312349, 36.276145901182886 ], [ 127.694142337071682, 36.27599965424271 ], [ 127.694962379257205, 36.275837961304397 ], [ 127.697408046874173, 36.276094183919383 ], [ 127.70049381274832, 36.27519372912824 ], [ 127.701246462111598, 36.274833499736481 ], [ 127.701381100440983, 36.274771120155961 ], [ 127.701526553616844, 36.274703740227864 ], [ 127.70198318531753, 36.274658366552927 ], [ 127.702862040471473, 36.274653216938226 ], [ 127.703802398749289, 36.274692912829003 ], [ 127.704638118164468, 36.274728193323206 ], [ 127.704849670639888, 36.274798121494889 ], [ 127.705924046469903, 36.275033748607818 ], [ 127.707520777983461, 36.272761235833208 ], [ 127.707569666787748, 36.272333949005528 ], [ 127.707404167995691, 36.271523624023068 ], [ 127.707894661511489, 36.269385715950342 ], [ 127.708032832718189, 36.269114476379492 ], [ 127.709737370711764, 36.26837225378646 ], [ 127.710090896959898, 36.268335426987448 ], [ 127.711585355417242, 36.266972658636874 ], [ 127.71365253180555, 36.264284495159238 ], [ 127.714649120369273, 36.263709225070599 ], [ 127.714626118439426, 36.263111547679898 ], [ 127.712095252579658, 36.263112381182566 ], [ 127.710778180813108, 36.263234068670961 ], [ 127.709262954854267, 36.263234464511442 ], [ 127.708012664979577, 36.262974170890828 ], [ 127.707753904728534, 36.26292028582165 ], [ 127.706733894150787, 36.262500431960049 ], [ 127.705385416821812, 36.26187688875217 ], [ 127.705289546815209, 36.261304729324799 ], [ 127.705283618587757, 36.260643907241217 ], [ 127.705007497497476, 36.260204957374867 ], [ 127.703372533439776, 36.260559182909219 ], [ 127.70237297436914, 36.260807007709033 ], [ 127.701671562991748, 36.261356321469414 ], [ 127.70125598115817, 36.261681798791486 ], [ 127.697948962137559, 36.263337918799927 ], [ 127.694468554416886, 36.263286973556234 ], [ 127.687745185210019, 36.262201309736703 ], [ 127.686124235682982, 36.261740886308878 ], [ 127.685293784400926, 36.26123322614135 ], [ 127.684655539782298, 36.260596400909293 ], [ 127.682090822476368, 36.260739100775325 ], [ 127.676673691102195, 36.260271630742331 ], [ 127.675775590803454, 36.260063190246093 ], [ 127.675144386775258, 36.260237565197464 ], [ 127.670516508406735, 36.26369378124577 ], [ 127.670254955528534, 36.263937200010375 ], [ 127.669122257585073, 36.265082212781572 ], [ 127.668422783809021, 36.265498883421579 ], [ 127.667862302810505, 36.265729743200353 ], [ 127.666215178381904, 36.266322487787384 ], [ 127.662468481640161, 36.267625552159529 ], [ 127.659123160919648, 36.267372254098866 ], [ 127.658225246442839, 36.26719214209372 ], [ 127.658236390754823, 36.266423489295811 ], [ 127.657787475275015, 36.26528727505822 ], [ 127.657644849557173, 36.2650460848281 ], [ 127.65644771219857, 36.264810676140826 ], [ 127.655552931580772, 36.265000613130539 ], [ 127.654938272362045, 36.265060901733705 ], [ 127.653039194776184, 36.264957397022435 ], [ 127.652509106145899, 36.264618673459232 ], [ 127.651731083623346, 36.264053572951916 ], [ 127.651147926321741, 36.263672442913588 ], [ 127.648504996959588, 36.262875454126757 ], [ 127.645299042984263, 36.261996071533687 ], [ 127.641176618846643, 36.260794096749585 ], [ 127.640082488014173, 36.260244831847565 ], [ 127.639941558171444, 36.260202894221287 ], [ 127.636685959147812, 36.259679353996425 ], [ 127.634669747854375, 36.260287845262376 ], [ 127.632569319495275, 36.261352227143327 ], [ 127.63127555514437, 36.26219881153844 ], [ 127.630297530910283, 36.262972557876424 ], [ 127.629756014815612, 36.26338817423575 ], [ 127.628635083462285, 36.263878009209726 ], [ 127.62844051523021, 36.263722448712414 ], [ 127.628138098359429, 36.26326857558233 ], [ 127.627448479320492, 36.262745536509215 ], [ 127.622933336401033, 36.262968349115638 ], [ 127.621808992214611, 36.263031119726932 ], [ 127.621528697587834, 36.263146457574237 ], [ 127.620949735091799, 36.263277551587599 ], [ 127.618858547345383, 36.263316831602147 ], [ 127.617732741493384, 36.263194524973898 ], [ 127.61380365041002, 36.2619479360689 ], [ 127.608061433366245, 36.260311870648017 ], [ 127.604258058280578, 36.259377462447375 ], [ 127.602814695152631, 36.259085815537496 ], [ 127.602480459766895, 36.259044788604882 ], [ 127.60051368896913, 36.259253921465366 ], [ 127.59866742934976, 36.259135059580544 ], [ 127.595717952809693, 36.260955116861894 ], [ 127.595018638394322, 36.261442515737343 ], [ 127.594151847041516, 36.263026736552867 ], [ 127.593322408973108, 36.264909653312898 ], [ 127.592927842130493, 36.266192619427166 ], [ 127.592717189242165, 36.269469652785396 ], [ 127.593450542387046, 36.273479857394697 ], [ 127.593634872533116, 36.273788448167188 ], [ 127.593984626948327, 36.274373939666816 ], [ 127.597276977628482, 36.277375056107438 ], [ 127.597772197163579, 36.277771126054439 ], [ 127.599468057254114, 36.278858631133062 ], [ 127.600050215944037, 36.279126164275475 ], [ 127.600508676064024, 36.279308906668824 ], [ 127.600949113594282, 36.279434792622276 ], [ 127.601864944639487, 36.279657929052597 ], [ 127.602429976322369, 36.279982472072014 ], [ 127.60264712049738, 36.280122677326602 ], [ 127.602889311273103, 36.280279066929957 ], [ 127.602885907235674, 36.280342627449862 ], [ 127.602797045981731, 36.282001773313709 ], [ 127.602965963619496, 36.285687389107466 ], [ 127.604050093973058, 36.289496495425183 ], [ 127.604263249799601, 36.289780070902154 ], [ 127.605080301858592, 36.290857692628776 ], [ 127.605504442624579, 36.29114021473849 ], [ 127.60610396800891, 36.291364920298278 ], [ 127.606668166633924, 36.29130028746976 ], [ 127.607403882352699, 36.291216008334573 ], [ 127.607667816970064, 36.291243138424612 ], [ 127.613588683683886, 36.293573462400602 ], [ 127.615264214333635, 36.294250310145337 ], [ 127.615306570712463, 36.294352102023929 ], [ 127.612081079139571, 36.298038475339318 ], [ 127.611679345215748, 36.298382125013845 ], [ 127.607120396033821, 36.298487451955054 ], [ 127.606910715016454, 36.298449990945237 ], [ 127.606452519482232, 36.298275109806063 ], [ 127.605412415067676, 36.297596248939584 ], [ 127.605304625504502, 36.297525889664328 ], [ 127.60502030889235, 36.296764850005935 ], [ 127.602293276003095, 36.298312543235326 ], [ 127.601485728753289, 36.299039483156022 ], [ 127.601636886669425, 36.300382931091761 ], [ 127.601360565696268, 36.301039056714146 ], [ 127.60081842072141, 36.301426070266281 ], [ 127.598461448189596, 36.303644049433629 ], [ 127.598658240434659, 36.304084293486177 ], [ 127.598856556163256, 36.304723803284325 ], [ 127.59950381759954, 36.307109540897109 ], [ 127.600069836173006, 36.309315115533323 ], [ 127.600001776740058, 36.309614368989642 ], [ 127.599846333658363, 36.309985195314376 ], [ 127.59843221987461, 36.311344436975908 ], [ 127.598136605844815, 36.311389036123494 ], [ 127.597553910112126, 36.311476930641597 ], [ 127.596872173432615, 36.3115227949596 ], [ 127.595984718291078, 36.311603681757916 ], [ 127.594039976041358, 36.311921392690358 ], [ 127.593673575010158, 36.312307517208282 ], [ 127.59329626023775, 36.313576140817169 ], [ 127.597773802602134, 36.314948768069854 ], [ 127.599113094583728, 36.315297915975009 ], [ 127.600855798973782, 36.315502688043807 ], [ 127.602649500837131, 36.315461710513652 ], [ 127.603389679657937, 36.315400898931046 ], [ 127.60409297159903, 36.315343112532574 ], [ 127.604490614288991, 36.315310434365195 ], [ 127.606353465308871, 36.314188738193174 ], [ 127.608280238500456, 36.31377665245936 ], [ 127.612205495378987, 36.314655974822969 ], [ 127.615051509508859, 36.315872000673053 ], [ 127.616696461479037, 36.316810173375238 ], [ 127.615782822981672, 36.319631100800969 ], [ 127.615503381596142, 36.319796609124865 ], [ 127.615258873183535, 36.319941435015664 ], [ 127.61436660668052, 36.321768286707616 ], [ 127.61396960510902, 36.323355914661811 ], [ 127.617059967680404, 36.325848610845263 ], [ 127.622218206755079, 36.329626950037365 ], [ 127.626267903339453, 36.33259286209443 ], [ 127.631232643386639, 36.335288371875436 ], [ 127.63636413498557, 36.340467647023679 ], [ 127.638117453827221, 36.343842500689448 ], [ 127.639287804824889, 36.347457101619213 ], [ 127.640397419656779, 36.350788021882224 ], [ 127.642462672607152, 36.352906846436255 ], [ 127.645776309058306, 36.353835662788924 ], [ 127.648387989269125, 36.353485502124627 ], [ 127.6495346081051, 36.351988271401922 ], [ 127.649832804802514, 36.351598871469285 ], [ 127.650135462177701, 36.349903478147048 ], [ 127.648285574396056, 36.345358865698429 ], [ 127.646914661447454, 36.341267104228059 ], [ 127.64580495099294, 36.33683231399916 ], [ 127.646902294184784, 36.335502691170319 ], [ 127.651482086625819, 36.334097253999644 ], [ 127.653765447799231, 36.333672041892868 ], [ 127.658107329155726, 36.333292434132829 ], [ 127.660517030186568, 36.335343011731318 ], [ 127.661225081174052, 36.3400360680521 ], [ 127.661226641505678, 36.340221098431144 ], [ 127.66118843328556, 36.344035819097158 ], [ 127.661587511723738, 36.344625710426577 ], [ 127.661936718386485, 36.345141865076961 ], [ 127.662523786647029, 36.345907216751748 ], [ 127.663008582111559, 36.346002428137091 ], [ 127.66351069289135, 36.3461010352108 ], [ 127.664704995858415, 36.345852448608468 ], [ 127.665310373611263, 36.344625015440741 ], [ 127.665255825913761, 36.344193151619486 ], [ 127.66470684246859, 36.339845999338159 ], [ 127.665335719783855, 36.335174005620999 ], [ 127.668561432236189, 36.328732702526146 ], [ 127.669763751937481, 36.326338923910818 ], [ 127.671026536726984, 36.325133062966657 ], [ 127.675625683954365, 36.32074081309365 ], [ 127.68098380911259, 36.318067511479605 ], [ 127.683657378376267, 36.317906955308018 ] ] ] ] } },
{ "type": "Feature", "properties": { "OBJECTID": 1959, "adm_nm": "충청북도 옥천군 안남면", "adm_cd": "3333032", "adm_cd2": "4373032000", "sgg": "43730", "sido": "43", "sidonm": "충청북도", "sggnm": "옥천군" }, "geometry": { "type": "MultiPolygon", "coordinates": [ [ [ [ 127.708183269746343, 36.379555203200866 ], [ 127.70786929290351, 36.378383295899681 ], [ 127.706975077844575, 36.376522278505384 ], [ 127.706513992908867, 36.376154820694786 ], [ 127.706012970965972, 36.375587100545715 ], [ 127.705103792943646, 36.374173451574073 ], [ 127.706400511060366, 36.371465352372724 ], [ 127.70893448612361, 36.369631604471678 ], [ 127.709995096802245, 36.366710186690923 ], [ 127.712941103005619, 36.361417682429966 ], [ 127.713089714619286, 36.360984928953862 ], [ 127.713479062731395, 36.359764103932889 ], [ 127.71320649608559, 36.359148776838367 ], [ 127.711782541736525, 36.357738237790109 ], [ 127.711360378338711, 36.357447704477515 ], [ 127.71021267012182, 36.357053478523916 ], [ 127.70971508923337, 36.356855927792921 ], [ 127.709408479347033, 36.356688073412535 ], [ 127.70860102059504, 36.353854841579064 ], [ 127.709562267549757, 36.352615223582561 ], [ 127.710127142315613, 36.35182524936301 ], [ 127.710069861322822, 36.349712514339927 ], [ 127.707374448030478, 36.348941840244365 ], [ 127.706573683347528, 36.348946567379237 ], [ 127.706192370290481, 36.348948816246335 ], [ 127.702021231727016, 36.347322957400586 ], [ 127.701498860899278, 36.34647770131054 ], [ 127.701012885130183, 36.343303199623357 ], [ 127.70069253748828, 36.34159299711277 ], [ 127.699476646950359, 36.339934307060027 ], [ 127.700340068628478, 36.338417703173384 ], [ 127.700509018614667, 36.338123656081905 ], [ 127.701318948433055, 36.337023810898515 ], [ 127.702106325175052, 36.335538490693672 ], [ 127.703249086990638, 36.333295297119747 ], [ 127.703469991150428, 36.332565549959085 ], [ 127.70369342870525, 36.331827395612116 ], [ 127.701888101817417, 36.330326432000518 ], [ 127.701105926484317, 36.328125371956816 ], [ 127.700611640704039, 36.326138551831377 ], [ 127.700509998596132, 36.325429643012733 ], [ 127.700742203123298, 36.323685372791701 ], [ 127.698199276430017, 36.320661661192467 ], [ 127.695468018634244, 36.317870375741585 ], [ 127.694849096365672, 36.317925104735444 ], [ 127.692668489327275, 36.318117946524936 ], [ 127.688408602707696, 36.319191348849323 ], [ 127.687460125521184, 36.31970577932136 ], [ 127.685870006482347, 36.319970440613844 ], [ 127.685768453140369, 36.319984714864646 ], [ 127.685615875976879, 36.319978741140709 ], [ 127.683962644936329, 36.318905587974669 ], [ 127.683723250606022, 36.318660299582092 ], [ 127.683509337966171, 36.318421688994441 ], [ 127.683490962296005, 36.318257353829985 ], [ 127.683574078474194, 36.318071880283412 ], [ 127.683657378376267, 36.317906955308018 ], [ 127.68098380911259, 36.318067511479605 ], [ 127.675625683954365, 36.32074081309365 ], [ 127.671026536726984, 36.325133062966657 ], [ 127.669763751937481, 36.326338923910818 ], [ 127.668561432236189, 36.328732702526146 ], [ 127.665335719783855, 36.335174005620999 ], [ 127.66470684246859, 36.339845999338159 ], [ 127.665255825913761, 36.344193151619486 ], [ 127.665310373611263, 36.344625015440741 ], [ 127.664704995858415, 36.345852448608468 ], [ 127.66351069289135, 36.3461010352108 ], [ 127.663008582111559, 36.346002428137091 ], [ 127.662523786647029, 36.345907216751748 ], [ 127.661936718386485, 36.345141865076961 ], [ 127.661587511723738, 36.344625710426577 ], [ 127.66118843328556, 36.344035819097158 ], [ 127.661226641505678, 36.340221098431144 ], [ 127.661225081174052, 36.3400360680521 ], [ 127.660517030186568, 36.335343011731318 ], [ 127.658107329155726, 36.333292434132829 ], [ 127.653765447799231, 36.333672041892868 ], [ 127.651482086625819, 36.334097253999644 ], [ 127.646902294184784, 36.335502691170319 ], [ 127.64580495099294, 36.33683231399916 ], [ 127.646914661447454, 36.341267104228059 ], [ 127.648285574396056, 36.345358865698429 ], [ 127.650135462177701, 36.349903478147048 ], [ 127.649832804802514, 36.351598871469285 ], [ 127.6495346081051, 36.351988271401922 ], [ 127.648387989269125, 36.353485502124627 ], [ 127.645776309058306, 36.353835662788924 ], [ 127.642462672607152, 36.352906846436255 ], [ 127.642244678453935, 36.353936023198415 ], [ 127.64254471998639, 36.355646483923913 ], [ 127.643870400933324, 36.356857867343642 ], [ 127.644262800173692, 36.358197651859115 ], [ 127.642203692992211, 36.360568601061644 ], [ 127.643012050983813, 36.361474263646201 ], [ 127.644262715083613, 36.362824869278896 ], [ 127.645281013992289, 36.36374482680904 ], [ 127.646162542452643, 36.364264488485986 ], [ 127.647950648140011, 36.363714989751152 ], [ 127.649036212203839, 36.363539439886658 ], [ 127.652400048353513, 36.364431193384505 ], [ 127.654828111498418, 36.365158290688562 ], [ 127.656179882037378, 36.364888691512483 ], [ 127.661153883695519, 36.364475722223872 ], [ 127.665561364316815, 36.364728934370817 ], [ 127.668277318717259, 36.365654674538469 ], [ 127.669064329226686, 36.366251821413535 ], [ 127.669059583356898, 36.366306710153921 ], [ 127.669012260557565, 36.366853656316806 ], [ 127.668802507857677, 36.369091299883529 ], [ 127.668654676636407, 36.369647391273347 ], [ 127.666171408480082, 36.373671472602119 ], [ 127.665528597247146, 36.374338277952845 ], [ 127.664689426348261, 36.374342939293335 ], [ 127.663148098525056, 36.374767935278875 ], [ 127.662673378167469, 36.375017340961222 ], [ 127.66241079422457, 36.375543210272866 ], [ 127.662577452145044, 36.379459981443787 ], [ 127.663048808673878, 36.381061474761069 ], [ 127.664153159868803, 36.383075900604581 ], [ 127.665253500282091, 36.384612179221783 ], [ 127.667384271629118, 36.38609776324661 ], [ 127.66833073391463, 36.386332941030858 ], [ 127.677226294732321, 36.388226399957169 ], [ 127.678449264460724, 36.388486657965259 ], [ 127.680553756993561, 36.389184209445425 ], [ 127.683403590002939, 36.390031721120309 ], [ 127.684665704745569, 36.390379262564835 ], [ 127.68644448255732, 36.389794701485236 ], [ 127.686815208052579, 36.389672871312214 ], [ 127.688018894287978, 36.389881892992975 ], [ 127.69021697585876, 36.390362801656622 ], [ 127.690731064025314, 36.390251873917535 ], [ 127.692170616741791, 36.389086753496748 ], [ 127.693059115200811, 36.388171610410211 ], [ 127.6965448486458, 36.387580687567556 ], [ 127.697199990713486, 36.38761082251547 ], [ 127.698033415321191, 36.387649139165006 ], [ 127.701645553316041, 36.386270711078978 ], [ 127.701679992534849, 36.386200006894967 ], [ 127.702994158776292, 36.38350191371817 ], [ 127.70522935674677, 36.381761293723493 ], [ 127.705609021095896, 36.381558543734933 ], [ 127.707375645323467, 36.380746078228533 ], [ 127.708183269746343, 36.379555203200866 ] ] ] ] } },
{ "type": "Feature", "properties": { "OBJECTID": 1960, "adm_nm": "충청북도 옥천군 안내면", "adm_cd": "3333033", "adm_cd2": "4373033000", "sgg": "43730", "sido": "43", "sidonm": "충청북도", "sggnm": "옥천군" }, "geometry": { "type": "MultiPolygon", "coordinates": [ [ [ [ 127.704065106193895, 36.414562588816999 ], [ 127.705441314433941, 36.413191928051873 ], [ 127.710412164855754, 36.413360650795667 ], [ 127.710188945017222, 36.412092159831587 ], [ 127.709217077998218, 36.410584963995454 ], [ 127.708176370025569, 36.408853030816203 ], [ 127.707885916109348, 36.406306121763627 ], [ 127.710731576004491, 36.403146262771749 ], [ 127.712963060929312, 36.40229546328078 ], [ 127.714320140501229, 36.402071221911079 ], [ 127.715069934763832, 36.400004425508996 ], [ 127.717427688079979, 36.39714451235939 ], [ 127.718986204060471, 36.395820314836584 ], [ 127.721699362942076, 36.394083897837959 ], [ 127.724500198269467, 36.393409557567786 ], [ 127.725846538330316, 36.393248302764299 ], [ 127.726511926419718, 36.392929061271964 ], [ 127.727404845797835, 36.391924006988219 ], [ 127.727972804454353, 36.390713786172476 ], [ 127.730582108556689, 36.389824323813883 ], [ 127.731238913075472, 36.389784292676644 ], [ 127.73042386489071, 36.389056760685769 ], [ 127.730587539975105, 36.387452301867732 ], [ 127.730633861063893, 36.38667195926876 ], [ 127.730593408409447, 36.386166618525984 ], [ 127.728857525100452, 36.383938134308117 ], [ 127.728136226865402, 36.383220248264301 ], [ 127.725583160572242, 36.381473393431307 ], [ 127.722006531836712, 36.379140382577525 ], [ 127.720094220023526, 36.379050794337175 ], [ 127.718862577301721, 36.379159303988871 ], [ 127.717667716410503, 36.379383159288459 ], [ 127.716473118205357, 36.379635890956614 ], [ 127.715642513654942, 36.380623156958976 ], [ 127.715289199183474, 36.381058642435576 ], [ 127.715040426650958, 36.38120457933249 ], [ 127.714755925911419, 36.381350730501353 ], [ 127.712366770950595, 36.381870577845959 ], [ 127.710918201107191, 36.381705848235633 ], [ 127.708837868225473, 36.380822547771409 ], [ 127.708475232801945, 36.380232415984629 ], [ 127.708183269746343, 36.379555203200866 ], [ 127.707375645323467, 36.380746078228533 ], [ 127.705609021095896, 36.381558543734933 ], [ 127.70522935674677, 36.381761293723493 ], [ 127.702994158776292, 36.38350191371817 ], [ 127.701679992534849, 36.386200006894967 ], [ 127.701645553316041, 36.386270711078978 ], [ 127.698033415321191, 36.387649139165006 ], [ 127.697199990713486, 36.38761082251547 ], [ 127.6965448486458, 36.387580687567556 ], [ 127.693059115200811, 36.388171610410211 ], [ 127.692170616741791, 36.389086753496748 ], [ 127.690731064025314, 36.390251873917535 ], [ 127.69021697585876, 36.390362801656622 ], [ 127.688018894287978, 36.389881892992975 ], [ 127.686815208052579, 36.389672871312214 ], [ 127.68644448255732, 36.389794701485236 ], [ 127.684665704745569, 36.390379262564835 ], [ 127.683403590002939, 36.390031721120309 ], [ 127.680553756993561, 36.389184209445425 ], [ 127.678449264460724, 36.388486657965259 ], [ 127.677226294732321, 36.388226399957169 ], [ 127.66833073391463, 36.386332941030858 ], [ 127.667384271629118, 36.38609776324661 ], [ 127.665253500282091, 36.384612179221783 ], [ 127.664153159868803, 36.383075900604581 ], [ 127.663048808673878, 36.381061474761069 ], [ 127.662577452145044, 36.379459981443787 ], [ 127.66241079422457, 36.375543210272866 ], [ 127.662673378167469, 36.375017340961222 ], [ 127.663148098525056, 36.374767935278875 ], [ 127.664689426348261, 36.374342939293335 ], [ 127.665528597247146, 36.374338277952845 ], [ 127.666171408480082, 36.373671472602119 ], [ 127.668654676636407, 36.369647391273347 ], [ 127.668802507857677, 36.369091299883529 ], [ 127.669012260557565, 36.366853656316806 ], [ 127.669059583356898, 36.366306710153921 ], [ 127.669064329226686, 36.366251821413535 ], [ 127.668277318717259, 36.365654674538469 ], [ 127.665561364316815, 36.364728934370817 ], [ 127.661153883695519, 36.364475722223872 ], [ 127.656179882037378, 36.364888691512483 ], [ 127.654828111498418, 36.365158290688562 ], [ 127.652400048353513, 36.364431193384505 ], [ 127.649036212203839, 36.363539439886658 ], [ 127.647950648140011, 36.363714989751152 ], [ 127.646162542452643, 36.364264488485986 ], [ 127.645281013992289, 36.36374482680904 ], [ 127.644262715083613, 36.362824869278896 ], [ 127.643012050983813, 36.361474263646201 ], [ 127.642203692992211, 36.360568601061644 ], [ 127.642278995954356, 36.359933904440062 ], [ 127.642290579838644, 36.359748150114712 ], [ 127.642256247770135, 36.359557327009341 ], [ 127.642137198373916, 36.359425339983204 ], [ 127.641952621846414, 36.35929371558715 ], [ 127.641696064093992, 36.359173073191229 ], [ 127.641505634806293, 36.359126330465138 ], [ 127.641131621928324, 36.359069992060398 ], [ 127.64065880384166, 36.358950486178642 ], [ 127.640323129544129, 36.358771913558634 ], [ 127.640065998774602, 36.358582290633002 ], [ 127.636668339587345, 36.355495752234155 ], [ 127.633450912601347, 36.352017680790432 ], [ 127.632271733902684, 36.350940891678349 ], [ 127.630945574941791, 36.350145292803411 ], [ 127.628701682043285, 36.34958657904496 ], [ 127.62680727616646, 36.349412758747661 ], [ 127.624496520012997, 36.349449004378471 ], [ 127.62267660718318, 36.349408925210646 ], [ 127.611306629209508, 36.347329088326852 ], [ 127.61039690454453, 36.347088080164411 ], [ 127.609546550837678, 36.346821884688687 ], [ 127.608217374493194, 36.346297287803168 ], [ 127.606671722011427, 36.345642258635628 ], [ 127.606334747092816, 36.34546044119508 ], [ 127.60430041071865, 36.344161865265484 ], [ 127.603696929311624, 36.34295179064992 ], [ 127.602146056522358, 36.339841794131665 ], [ 127.596213196723227, 36.33741000035964 ], [ 127.595785614332812, 36.337427536239247 ], [ 127.596195819272054, 36.337497992334114 ], [ 127.597391779210369, 36.338196380429402 ], [ 127.597752684562678, 36.338515685468764 ], [ 127.59796201530105, 36.339105039279069 ], [ 127.59806870285739, 36.339663838903704 ], [ 127.598996809985735, 36.342165837026251 ], [ 127.600827314406118, 36.345460868452356 ], [ 127.605020584397948, 36.349614039523857 ], [ 127.606740875018588, 36.350195739377249 ], [ 127.60722727260881, 36.350172548118245 ], [ 127.607766408484665, 36.350345899182244 ], [ 127.6086531013746, 36.35075573196233 ], [ 127.611043666250822, 36.35354021407079 ], [ 127.614334537466476, 36.355170290715598 ], [ 127.615650138926426, 36.3563754179361 ], [ 127.616425036779034, 36.357210420068945 ], [ 127.619219277465319, 36.360779866038307 ], [ 127.621381083315669, 36.363699972712482 ], [ 127.622264812960481, 36.365321569217642 ], [ 127.622344531392457, 36.365683678958916 ], [ 127.622586818927971, 36.367163611678414 ], [ 127.621829932091458, 36.368617648454254 ], [ 127.621039670664089, 36.37071406058633 ], [ 127.620882457391801, 36.371885306513079 ], [ 127.620864228528859, 36.376049291686911 ], [ 127.621032955447674, 36.376328076257785 ], [ 127.622374321038393, 36.377491571176712 ], [ 127.623636148233004, 36.378313627422479 ], [ 127.624691003126458, 36.378877816162415 ], [ 127.626644958344144, 36.379748027915483 ], [ 127.628288897088225, 36.380288391965067 ], [ 127.630766190657667, 36.380917552091859 ], [ 127.630312819420595, 36.381883219499827 ], [ 127.629829900205095, 36.382362222962186 ], [ 127.629718364781894, 36.382828913340795 ], [ 127.63022154814881, 36.384866784257106 ], [ 127.630537817103544, 36.385963054274185 ], [ 127.630687571813468, 36.387060210538657 ], [ 127.630694332425719, 36.38789915650041 ], [ 127.629646401400223, 36.388215399441712 ], [ 127.628171731791397, 36.388036704597432 ], [ 127.627542126122407, 36.387801774012402 ], [ 127.62680763151414, 36.387267020620598 ], [ 127.626716558769985, 36.387091410739025 ], [ 127.626469263486669, 36.386605883190626 ], [ 127.625928763563408, 36.38629796502309 ], [ 127.619327260325562, 36.384157139795335 ], [ 127.613514567230908, 36.384549594400873 ], [ 127.612836382689807, 36.384646277551624 ], [ 127.610805300786936, 36.385381714348213 ], [ 127.610512050646278, 36.385559295548546 ], [ 127.609798974334112, 36.38611189039834 ], [ 127.609750073809892, 36.386412529851263 ], [ 127.609727275346188, 36.386775162826858 ], [ 127.609600715940445, 36.386972609817612 ], [ 127.60925637204511, 36.387171172925939 ], [ 127.608949495609437, 36.387245224063278 ], [ 127.604205254204189, 36.388346475978203 ], [ 127.603923436815052, 36.388347898001037 ], [ 127.603382534253129, 36.387977749780276 ], [ 127.603098305339344, 36.387668439721715 ], [ 127.602340761479368, 36.387444372621061 ], [ 127.60096983268518, 36.387420190839428 ], [ 127.59534767683796, 36.387645076723473 ], [ 127.594746543512613, 36.387772361428546 ], [ 127.594568372783911, 36.38792861611325 ], [ 127.593870102641503, 36.388760722444289 ], [ 127.592295880374962, 36.390653647803198 ], [ 127.591598876635786, 36.391661819226186 ], [ 127.591357126228786, 36.391880514804832 ], [ 127.590579875084842, 36.392443686159581 ], [ 127.590210154999951, 36.392683734559107 ], [ 127.589620840165637, 36.39268663937586 ], [ 127.589223704695542, 36.392688592812611 ], [ 127.58874868464855, 36.392556283149524 ], [ 127.585264579273712, 36.390926447734088 ], [ 127.584763258169247, 36.390701032196759 ], [ 127.582309323990259, 36.389760058063771 ], [ 127.577666244790308, 36.389016056791782 ], [ 127.577243949181579, 36.389080241373883 ], [ 127.574081851163186, 36.391125602081061 ], [ 127.57232433397914, 36.392553029351149 ], [ 127.57223609317019, 36.392750261060641 ], [ 127.571702636643224, 36.393384637374268 ], [ 127.569587739097173, 36.396771389504472 ], [ 127.569641397864544, 36.397102599962508 ], [ 127.570064655705394, 36.398923575788302 ], [ 127.570930279985191, 36.401664644420102 ], [ 127.57201301528697, 36.402274231904492 ], [ 127.578205688453025, 36.406582574040293 ], [ 127.579110840275106, 36.407353731359905 ], [ 127.580213660453921, 36.408499551331545 ], [ 127.580941848834868, 36.409659303350331 ], [ 127.5815819974449, 36.411073963175895 ], [ 127.581906014486464, 36.412308377729055 ], [ 127.582204732940568, 36.414173027874526 ], [ 127.582301711884611, 36.415117721057179 ], [ 127.582702698505372, 36.416618336862783 ], [ 127.58332848309486, 36.418105750925996 ], [ 127.583599166692551, 36.418213483103976 ], [ 127.583824137138663, 36.418224505277507 ], [ 127.584272739631601, 36.418064801549541 ], [ 127.585703833033506, 36.416967220091884 ], [ 127.58592689357404, 36.416723788812668 ], [ 127.586028308128746, 36.416250709398874 ], [ 127.585392656823657, 36.415454056876122 ], [ 127.58546670559879, 36.415332517134985 ], [ 127.588089778465772, 36.413259689302478 ], [ 127.588358064962961, 36.41305235787172 ], [ 127.590208955843508, 36.411976913385615 ], [ 127.590852111559883, 36.411779856701791 ], [ 127.596511069168457, 36.410746047311356 ], [ 127.596660894876138, 36.410733169456144 ], [ 127.596901572931984, 36.410841032033453 ], [ 127.597158277842581, 36.411082098663414 ], [ 127.597385355315552, 36.411371786875407 ], [ 127.597597276588587, 36.411637315155033 ], [ 127.597763188783787, 36.41176977945868 ], [ 127.597868691296682, 36.411841958032845 ], [ 127.598004254776441, 36.411926102219802 ], [ 127.598154636863612, 36.411985942297434 ], [ 127.598394954107718, 36.412045333079895 ], [ 127.598529869322121, 36.412044659285002 ], [ 127.598589835603747, 36.412044359167417 ], [ 127.598739475526003, 36.412007251092987 ], [ 127.598887799431836, 36.411800509887001 ], [ 127.598985219853716, 36.410818515764021 ], [ 127.599022038056404, 36.409751990821789 ], [ 127.598896729004494, 36.409049788443404 ], [ 127.598774762727658, 36.408783820159805 ], [ 127.598757726822612, 36.408517312443614 ], [ 127.598845262173498, 36.408201820893112 ], [ 127.598978048335411, 36.407922450430384 ], [ 127.600398502557454, 36.407442759238783 ], [ 127.601116540485918, 36.407245272262301 ], [ 127.60125155007232, 36.407256701998314 ], [ 127.601417086093278, 36.407340703370643 ], [ 127.601660661984567, 36.407824173852461 ], [ 127.60186085557244, 36.408513869365976 ], [ 127.604659475612181, 36.407906017368006 ], [ 127.603983991799282, 36.405849440864287 ], [ 127.603971362212718, 36.40421362955086 ], [ 127.603970240600233, 36.404068221373471 ], [ 127.604014376127921, 36.403958946895443 ], [ 127.606244152474758, 36.403475094879745 ], [ 127.607860567765513, 36.403151835651208 ], [ 127.610318076515554, 36.403042392340041 ], [ 127.611113378393981, 36.403147400392577 ], [ 127.611608964866988, 36.40326603801762 ], [ 127.612255130261005, 36.403468738933576 ], [ 127.613385602638729, 36.40426270767 ], [ 127.613975911621779, 36.404986736537964 ], [ 127.615763771289338, 36.407401067356794 ], [ 127.615855043366963, 36.407570250562884 ], [ 127.616691836197234, 36.40912908838807 ], [ 127.61722816623363, 36.410604664871414 ], [ 127.617417044291784, 36.411742735309055 ], [ 127.617435097767569, 36.412130412234603 ], [ 127.617276516710774, 36.412930973954836 ], [ 127.61708478766765, 36.413331857678642 ], [ 127.61704095171369, 36.413477479046904 ], [ 127.617698695135502, 36.415134189701988 ], [ 127.618596139503779, 36.416765426382518 ], [ 127.618868299502935, 36.417054831175605 ], [ 127.619348526080984, 36.417112938156613 ], [ 127.619453084922313, 36.417063924657121 ], [ 127.619587250924255, 36.416966288003053 ], [ 127.620501375371603, 36.416913082057093 ], [ 127.620996109262805, 36.416910516381762 ], [ 127.621356692993473, 36.417005591038468 ], [ 127.62140224876859, 36.417078062972891 ], [ 127.621374474295351, 36.417356912153934 ], [ 127.621122696945193, 36.417745969179599 ], [ 127.620811510634539, 36.41820805927162 ], [ 127.619855846357879, 36.418697706025519 ], [ 127.618511899238285, 36.41938323340225 ], [ 127.617526515723242, 36.419909374068709 ], [ 127.617228675671697, 36.420165385951542 ], [ 127.615103690267873, 36.422587705875287 ], [ 127.615030344760825, 36.422794080892075 ], [ 127.614944382654244, 36.423303452399985 ], [ 127.614993089276638, 36.423775792763948 ], [ 127.615376506497213, 36.424864393377682 ], [ 127.61575697839092, 36.425577365892067 ], [ 127.616271786518254, 36.42638230120756 ], [ 127.620019186043876, 36.424995574740727 ], [ 127.621284185752046, 36.424020958135671 ], [ 127.622621405279091, 36.422719245497191 ], [ 127.623546509971163, 36.422315088008048 ], [ 127.623800458955273, 36.422241169979074 ], [ 127.624401175732444, 36.422467954788992 ], [ 127.62494773279623, 36.423408963609056 ], [ 127.627392970620761, 36.427716115476592 ], [ 127.628046159793413, 36.428874357651551 ], [ 127.628421287305628, 36.432696193057524 ], [ 127.628555684370824, 36.434510591347312 ], [ 127.628904585262532, 36.435065381562339 ], [ 127.629403911473005, 36.435704095068381 ], [ 127.630024128143504, 36.43647528504831 ], [ 127.632033907379039, 36.438703308123799 ], [ 127.632530051862872, 36.438942694502835 ], [ 127.634305450594098, 36.438110451399055 ], [ 127.635363969669001, 36.437524003141796 ], [ 127.636258336564907, 36.437011028020784 ], [ 127.636808184681101, 36.43648777908367 ], [ 127.63960301990771, 36.437634533284736 ], [ 127.639932967638003, 36.439520464174507 ], [ 127.641318580662485, 36.442296199705908 ], [ 127.641500978418691, 36.442621937875295 ], [ 127.642060370493098, 36.443260282866973 ], [ 127.643707235709414, 36.445006029087139 ], [ 127.644457766048944, 36.445207703418269 ], [ 127.645416368881328, 36.445214622651072 ], [ 127.645984075338689, 36.44504215113033 ], [ 127.647336617950913, 36.44378848201751 ], [ 127.650785362532162, 36.442475005920379 ], [ 127.653243862806676, 36.439170231415666 ], [ 127.653822839815234, 36.438562037807415 ], [ 127.655388744790216, 36.437779025873418 ], [ 127.655942828683706, 36.437775990093627 ], [ 127.657696646345343, 36.437972074660877 ], [ 127.661516828249347, 36.441665916309624 ], [ 127.663302373386287, 36.443822049922211 ], [ 127.66324462474121, 36.444076474716375 ], [ 127.663698332694565, 36.44459428690763 ], [ 127.664795325066194, 36.445023820691262 ], [ 127.665289962978648, 36.445069471674074 ], [ 127.665813211303188, 36.444957656382634 ], [ 127.666648488539792, 36.444553685987223 ], [ 127.668779390068579, 36.443351547907334 ], [ 127.673907494211335, 36.442250202534318 ], [ 127.675313154776333, 36.442000179922381 ], [ 127.675493700950582, 36.44036565256679 ], [ 127.675613616014189, 36.438646685636414 ], [ 127.675992610271905, 36.437446587247457 ], [ 127.676350440516202, 36.437263057328842 ], [ 127.67764916346529, 36.436783786775734 ], [ 127.679772652584361, 36.436432925156893 ], [ 127.680519071746104, 36.436162464916286 ], [ 127.680635607310649, 36.435786676335766 ], [ 127.679563757685813, 36.429633548726876 ], [ 127.678939644544471, 36.42846334000987 ], [ 127.678848118272484, 36.428270229113821 ], [ 127.678553759224712, 36.427134455222841 ], [ 127.678522023336427, 36.426928921691541 ], [ 127.678587122921243, 36.425803194482398 ], [ 127.678656723647862, 36.425197767814488 ], [ 127.678799839849006, 36.424434606747347 ], [ 127.680138351060776, 36.419949760928695 ], [ 127.681028635806328, 36.419025044332933 ], [ 127.681653105138693, 36.41852535976119 ], [ 127.682890127818524, 36.417876982632428 ], [ 127.683770893050138, 36.417581527891308 ], [ 127.684883952698144, 36.418168101297375 ], [ 127.685904760666503, 36.418476862661514 ], [ 127.686547936012872, 36.418400145520238 ], [ 127.686757273325853, 36.41837517408301 ], [ 127.687519228282227, 36.418189289856777 ], [ 127.694369544412666, 36.415729604776466 ], [ 127.695442918739516, 36.415215154445995 ], [ 127.697098508065082, 36.414515775852266 ], [ 127.698023875488587, 36.414195761330916 ], [ 127.700113680443096, 36.413505918228928 ], [ 127.700532961621207, 36.413515569857722 ], [ 127.701658008228975, 36.413763091778421 ], [ 127.704065106193895, 36.414562588816999 ] ] ] ] } },
{ "type": "Feature", "properties": { "OBJECTID": 1961, "adm_nm": "충청북도 옥천군 청성면", "adm_cd": "3333034", "adm_cd2": "4373034000", "sgg": "43730", "sido": "43", "sidonm": "충청북도", "sggnm": "옥천군" }, "geometry": { "type": "MultiPolygon", "coordinates": [ [ [ [ 127.757328742551167, 36.390117363425404 ], [ 127.757134243881936, 36.389189223242425 ], [ 127.758278738631773, 36.384132687022429 ], [ 127.758141777536892, 36.378590539733324 ], [ 127.758261973614793, 36.377929619172107 ], [ 127.758272540336833, 36.377871592490649 ], [ 127.759990654814757, 36.377613833918048 ], [ 127.764454261453324, 36.37715902161834 ], [ 127.764873582309335, 36.37747053116631 ], [ 127.766735687309293, 36.377750364135125 ], [ 127.768535699218759, 36.377357307660475 ], [ 127.772331985113141, 36.37396666600511 ], [ 127.773541849799145, 36.372836785758437 ], [ 127.773842867591625, 36.372408454783091 ], [ 127.774142554621974, 36.371845477289618 ], [ 127.773956540213362, 36.369871845367598 ], [ 127.775521242741021, 36.368156187793417 ], [ 127.778606342760185, 36.365869569450098 ], [ 127.780962724260803, 36.365652250879698 ], [ 127.781587650997338, 36.364324127876209 ], [ 127.782094151033419, 36.359473479776547 ], [ 127.78130224148984, 36.358696470223194 ], [ 127.779868332522412, 36.35807726112732 ], [ 127.778510955122613, 36.357881442726494 ], [ 127.777127965475572, 36.356925637160572 ], [ 127.772973424360615, 36.35347348125201 ], [ 127.772498698989409, 36.352979526632048 ], [ 127.770925039700629, 36.349159781469048 ], [ 127.771133390079939, 36.3482959764711 ], [ 127.771761848496908, 36.346055386627192 ], [ 127.771722689564129, 36.34574864943589 ], [ 127.77094986300655, 36.344335696941648 ], [ 127.769049685172746, 36.344040934064971 ], [ 127.766876074013012, 36.343499390127775 ], [ 127.765933537648237, 36.343198453099561 ], [ 127.763521832114222, 36.342353075412419 ], [ 127.762946143345985, 36.342093389117395 ], [ 127.762735690021685, 36.341905083936055 ], [ 127.763504181308747, 36.340541228034347 ], [ 127.763756063711654, 36.338937786073302 ], [ 127.76391376276743, 36.336274216690228 ], [ 127.763777632658417, 36.33567462291942 ], [ 127.763228937341538, 36.334205659067663 ], [ 127.764976096167956, 36.331676741679352 ], [ 127.765474749007481, 36.328072862522099 ], [ 127.765215463248637, 36.321466102522074 ], [ 127.764619637005012, 36.319642663608761 ], [ 127.763357718603416, 36.317543017713298 ], [ 127.76251426970255, 36.316860729283484 ], [ 127.762063197486015, 36.316495828350511 ], [ 127.762349940214222, 36.316158936165444 ], [ 127.762825691825512, 36.316088901375728 ], [ 127.764030848052229, 36.316018561324249 ], [ 127.764394942189796, 36.315998842208181 ], [ 127.764919028751322, 36.316030341244577 ], [ 127.766246937875465, 36.316922169610812 ], [ 127.767908275591083, 36.3177126510205 ], [ 127.770349857337465, 36.318470577433395 ], [ 127.772618133662874, 36.315600619993077 ], [ 127.775204852754626, 36.31232409177376 ], [ 127.776387076100391, 36.309317717867565 ], [ 127.778120509646044, 36.305814785254299 ], [ 127.780274733801221, 36.302687122638865 ], [ 127.781846852135871, 36.299153935764309 ], [ 127.782445077854774, 36.297571265406035 ], [ 127.782018250493451, 36.296419233052326 ], [ 127.781624051630558, 36.294916140970059 ], [ 127.781704011445584, 36.293877746743476 ], [ 127.781953745203154, 36.293569133831603 ], [ 127.782366701222443, 36.293332549095844 ], [ 127.782617161974613, 36.293097020567316 ], [ 127.782595033442789, 36.292687874244777 ], [ 127.782501829273386, 36.292396105960279 ], [ 127.781136713348516, 36.291308665061706 ], [ 127.77932502941789, 36.290706512165983 ], [ 127.778337904703491, 36.289901783027908 ], [ 127.777311025269114, 36.290041791930541 ], [ 127.776540284368409, 36.290499282089549 ], [ 127.775970437802926, 36.291218160008363 ], [ 127.776064053112393, 36.29156787047966 ], [ 127.775922126775257, 36.291802310055118 ], [ 127.775272370535816, 36.291733541049467 ], [ 127.77292332011244, 36.291208668087812 ], [ 127.770692190163615, 36.289836427533388 ], [ 127.769410079299604, 36.288855900354136 ], [ 127.769899660197481, 36.288075409975249 ], [ 127.769849303517617, 36.286616140920415 ], [ 127.769552417475055, 36.285756890378202 ], [ 127.769114904943166, 36.285263427015799 ], [ 127.768391243966292, 36.285005344353877 ], [ 127.767654405565096, 36.285243603634008 ], [ 127.766337422694463, 36.285149862074078 ], [ 127.764056760346705, 36.284215690212996 ], [ 127.764422400422745, 36.2828851267248 ], [ 127.76265368727347, 36.28082376506525 ], [ 127.762015824195672, 36.280112626672199 ], [ 127.761409077169986, 36.2788904113062 ], [ 127.76138001096605, 36.277752113408049 ], [ 127.761848593042657, 36.275880844905402 ], [ 127.762085253587557, 36.274710893499801 ], [ 127.761675665336412, 36.272918958506693 ], [ 127.761451602916708, 36.272117609551856 ], [ 127.761101506038969, 36.271331639856733 ], [ 127.760047494345883, 36.270447966112101 ], [ 127.754332512573683, 36.268573907861537 ], [ 127.754059681935544, 36.268609641001007 ], [ 127.753316231561612, 36.268869373501566 ], [ 127.750413526655024, 36.269545353108469 ], [ 127.742663154877093, 36.270901373196395 ], [ 127.737235826525563, 36.272486608052745 ], [ 127.734944820905056, 36.273924908445949 ], [ 127.733086142068004, 36.275091727922081 ], [ 127.730768616646714, 36.273602082065374 ], [ 127.730499267295727, 36.272114052350673 ], [ 127.729461056534205, 36.272125154424181 ], [ 127.72842976141412, 36.271487514963177 ], [ 127.726308533472704, 36.270653142662745 ], [ 127.725595687825518, 36.270504959858457 ], [ 127.7255684757247, 36.27045903386032 ], [ 127.725425628035097, 36.270217924485991 ], [ 127.724982932844199, 36.268757890059085 ], [ 127.724907650424257, 36.26850963158968 ], [ 127.72423121953311, 36.267768133808197 ], [ 127.723405613895878, 36.267256946330406 ], [ 127.722442411119317, 36.266660570781838 ], [ 127.721099427280336, 36.266245032800569 ], [ 127.720575093051508, 36.266112619864721 ], [ 127.720103278908582, 36.266257591348527 ], [ 127.719281409734165, 36.266510129156579 ], [ 127.718933300701877, 36.267342508230755 ], [ 127.718937639907764, 36.267816959190171 ], [ 127.719180337821228, 36.269749658277391 ], [ 127.718859734998688, 36.269746829398954 ], [ 127.7140856102247, 36.268100135268796 ], [ 127.713654979869673, 36.267916308903921 ], [ 127.713224351512892, 36.267732475566895 ], [ 127.712794034289743, 36.266430278961266 ], [ 127.713078820484384, 36.265530495062613 ], [ 127.71365253180555, 36.264284495159238 ], [ 127.711585355417242, 36.266972658636874 ], [ 127.710090896959898, 36.268335426987448 ], [ 127.709737370711764, 36.26837225378646 ], [ 127.708032832718189, 36.269114476379492 ], [ 127.707894661511489, 36.269385715950342 ], [ 127.707404167995691, 36.271523624023068 ], [ 127.707569666787748, 36.272333949005528 ], [ 127.707520777983461, 36.272761235833208 ], [ 127.705924046469903, 36.275033748607818 ], [ 127.704849670639888, 36.274798121494889 ], [ 127.704638118164468, 36.274728193323206 ], [ 127.703802398749289, 36.274692912829003 ], [ 127.702862040471473, 36.274653216938226 ], [ 127.70198318531753, 36.274658366552927 ], [ 127.701526553616844, 36.274703740227864 ], [ 127.701381100440983, 36.274771120155961 ], [ 127.701246462111598, 36.274833499736481 ], [ 127.70049381274832, 36.27519372912824 ], [ 127.697408046874173, 36.276094183919383 ], [ 127.694962379257205, 36.275837961304397 ], [ 127.694142337071682, 36.27599965424271 ], [ 127.693400613312349, 36.276145901182886 ], [ 127.692966454319759, 36.276746209751209 ], [ 127.693057728135798, 36.277129984370674 ], [ 127.693588951016295, 36.277568153941431 ], [ 127.694454414079289, 36.278032839059811 ], [ 127.694936751513879, 36.278259875718419 ], [ 127.695090513404693, 36.278332234086172 ], [ 127.695469621257914, 36.27849873732162 ], [ 127.695848746346456, 36.278665255548013 ], [ 127.697197442070234, 36.280094990177155 ], [ 127.698291864285011, 36.282579445393516 ], [ 127.698358011589093, 36.28408779840435 ], [ 127.696999809711045, 36.287540184105502 ], [ 127.692581406798027, 36.290896389981668 ], [ 127.68794915950302, 36.291962107126395 ], [ 127.687012091842348, 36.291994230834234 ], [ 127.680412611839486, 36.292220224546206 ], [ 127.677756819930366, 36.292309640128465 ], [ 127.674275700793856, 36.292426753100685 ], [ 127.670811672138242, 36.29254319759162 ], [ 127.667634492990288, 36.294591381126914 ], [ 127.667590725472721, 36.294619788977613 ], [ 127.667342130841661, 36.294781245725716 ], [ 127.667052114015831, 36.29496962598558 ], [ 127.662320878594983, 36.305215391499274 ], [ 127.666766244465379, 36.310997937598358 ], [ 127.671843568132417, 36.310400239663572 ], [ 127.683706374951214, 36.303444219935308 ], [ 127.69038968868594, 36.303576695235229 ], [ 127.691762196976015, 36.30567530080868 ], [ 127.691447057431702, 36.313818569040059 ], [ 127.688071435046425, 36.315944529892725 ], [ 127.684943098829194, 36.317228052428888 ], [ 127.683657378376267, 36.317906955308018 ], [ 127.683574078474194, 36.318071880283412 ], [ 127.683490962296005, 36.318257353829985 ], [ 127.683509337966171, 36.318421688994441 ], [ 127.683723250606022, 36.318660299582092 ], [ 127.683962644936329, 36.318905587974669 ], [ 127.685615875976879, 36.319978741140709 ], [ 127.685768453140369, 36.319984714864646 ], [ 127.685870006482347, 36.319970440613844 ], [ 127.687460125521184, 36.31970577932136 ], [ 127.688408602707696, 36.319191348849323 ], [ 127.692668489327275, 36.318117946524936 ], [ 127.694849096365672, 36.317925104735444 ], [ 127.695468018634244, 36.317870375741585 ], [ 127.698199276430017, 36.320661661192467 ], [ 127.700742203123298, 36.323685372791701 ], [ 127.700509998596132, 36.325429643012733 ], [ 127.700611640704039, 36.326138551831377 ], [ 127.701105926484317, 36.328125371956816 ], [ 127.701888101817417, 36.330326432000518 ], [ 127.70369342870525, 36.331827395612116 ], [ 127.703469991150428, 36.332565549959085 ], [ 127.703249086990638, 36.333295297119747 ], [ 127.702106325175052, 36.335538490693672 ], [ 127.701318948433055, 36.337023810898515 ], [ 127.700509018614667, 36.338123656081905 ], [ 127.700340068628478, 36.338417703173384 ], [ 127.699476646950359, 36.339934307060027 ], [ 127.70069253748828, 36.34159299711277 ], [ 127.701012885130183, 36.343303199623357 ], [ 127.701498860899278, 36.34647770131054 ], [ 127.702021231727016, 36.347322957400586 ], [ 127.706192370290481, 36.348948816246335 ], [ 127.706573683347528, 36.348946567379237 ], [ 127.707374448030478, 36.348941840244365 ], [ 127.710069861322822, 36.349712514339927 ], [ 127.710127142315613, 36.35182524936301 ], [ 127.709562267549757, 36.352615223582561 ], [ 127.70860102059504, 36.353854841579064 ], [ 127.709408479347033, 36.356688073412535 ], [ 127.70971508923337, 36.356855927792921 ], [ 127.71021267012182, 36.357053478523916 ], [ 127.711360378338711, 36.357447704477515 ], [ 127.711782541736525, 36.357738237790109 ], [ 127.71320649608559, 36.359148776838367 ], [ 127.713479062731395, 36.359764103932889 ], [ 127.713089714619286, 36.360984928953862 ], [ 127.712941103005619, 36.361417682429966 ], [ 127.709995096802245, 36.366710186690923 ], [ 127.70893448612361, 36.369631604471678 ], [ 127.706400511060366, 36.371465352372724 ], [ 127.705103792943646, 36.374173451574073 ], [ 127.706012970965972, 36.375587100545715 ], [ 127.706513992908867, 36.376154820694786 ], [ 127.706975077844575, 36.376522278505384 ], [ 127.70786929290351, 36.378383295899681 ], [ 127.708183269746343, 36.379555203200866 ], [ 127.708475232801945, 36.380232415984629 ], [ 127.708837868225473, 36.380822547771409 ], [ 127.710918201107191, 36.381705848235633 ], [ 127.712366770950595, 36.381870577845959 ], [ 127.714755925911419, 36.381350730501353 ], [ 127.715040426650958, 36.38120457933249 ], [ 127.715289199183474, 36.381058642435576 ], [ 127.715642513654942, 36.380623156958976 ], [ 127.716473118205357, 36.379635890956614 ], [ 127.717667716410503, 36.379383159288459 ], [ 127.718862577301721, 36.379159303988871 ], [ 127.720094220023526, 36.379050794337175 ], [ 127.722006531836712, 36.379140382577525 ], [ 127.725583160572242, 36.381473393431307 ], [ 127.728136226865402, 36.383220248264301 ], [ 127.728857525100452, 36.383938134308117 ], [ 127.730593408409447, 36.386166618525984 ], [ 127.730633861063893, 36.38667195926876 ], [ 127.730587539975105, 36.387452301867732 ], [ 127.73042386489071, 36.389056760685769 ], [ 127.731238913075472, 36.389784292676644 ], [ 127.731908089516693, 36.391068023742093 ], [ 127.73268800468685, 36.393467781536216 ], [ 127.733430150976318, 36.394210699268875 ], [ 127.737048632022194, 36.391657883864738 ], [ 127.738694716715912, 36.390215810328044 ], [ 127.738834575451534, 36.38969260994228 ], [ 127.740258610901989, 36.389512714604159 ], [ 127.741077106956155, 36.388904265045944 ], [ 127.742534647599314, 36.387562375083412 ], [ 127.74277364082748, 36.386920258242853 ], [ 127.746550225586446, 36.385835311999749 ], [ 127.747375086123512, 36.385902207032814 ], [ 127.747866243025172, 36.386016220062757 ], [ 127.748355319831418, 36.387075839489505 ], [ 127.74821251617081, 36.387283855931102 ], [ 127.748360573599953, 36.387625150908391 ], [ 127.749525533547612, 36.388311316877264 ], [ 127.75484654216045, 36.39029515919669 ], [ 127.755729571733582, 36.390613794788337 ], [ 127.757328742551167, 36.390117363425404 ] ] ] ] } },
{ "type": "Feature", "properties": { "OBJECTID": 1962, "adm_nm": "충청북도 옥천군 청산면", "adm_cd": "3333035", "adm_cd2": "4373035000", "sgg": "43730", "sido": "43", "sidonm": "충청북도", "sggnm": "옥천군" }, "geometry": { "type": "MultiPolygon", "coordinates": [ [ [ [ 127.879632357199952, 36.371506602821995 ], [ 127.880924569852141, 36.371142404063448 ], [ 127.883504059645247, 36.37068590971969 ], [ 127.885047200273263, 36.368948853456551 ], [ 127.885304470551858, 36.367780324595167 ], [ 127.885386915356065, 36.367099169685169 ], [ 127.885257651489027, 36.366298069678038 ], [ 127.886288134496795, 36.363932854385887 ], [ 127.88819938590315, 36.362873576893733 ], [ 127.88951404519446, 36.362207579002856 ], [ 127.890880203926656, 36.360787734992691 ], [ 127.891173773930035, 36.360177926149937 ], [ 127.891326560441712, 36.359551612638477 ], [ 127.891051820283209, 36.35738378369183 ], [ 127.890803719015537, 36.356705088311891 ], [ 127.888659988142663, 36.35579742509875 ], [ 127.886124067961305, 36.354746819487637 ], [ 127.885942143331008, 36.354602327741823 ], [ 127.885541673950925, 36.353730310948258 ], [ 127.885224186906797, 36.352225771392625 ], [ 127.885158066351735, 36.351691553571534 ], [ 127.885153396514411, 36.351278390505676 ], [ 127.885355733555329, 36.35057206408667 ], [ 127.882329137080816, 36.345952142585425 ], [ 127.882184121721352, 36.345773687577569 ], [ 127.881445629517231, 36.344864926550009 ], [ 127.879947380331387, 36.345216219382756 ], [ 127.877006864257623, 36.345553769050255 ], [ 127.875023296471866, 36.345495368371047 ], [ 127.87354530399422, 36.344971458125606 ], [ 127.869774201377609, 36.343564915683359 ], [ 127.869802102935793, 36.343512035344055 ], [ 127.870392110096589, 36.342393791600429 ], [ 127.870535554296112, 36.341785115891852 ], [ 127.870529343819726, 36.341226144207177 ], [ 127.870003290549704, 36.339844593027109 ], [ 127.867471809532503, 36.336411640410688 ], [ 127.865098796226533, 36.336428811146519 ], [ 127.864740217357451, 36.336601532730207 ], [ 127.86365829941218, 36.336560731847811 ], [ 127.862182416187807, 36.336206790792296 ], [ 127.861850397140032, 36.336063359241216 ], [ 127.861546808159872, 36.335773879899769 ], [ 127.86011502155371, 36.33396128424112 ], [ 127.856298461435671, 36.331072031936451 ], [ 127.854641959183681, 36.330670680771391 ], [ 127.854016502210712, 36.3311612630337 ], [ 127.853510917925234, 36.331626657318267 ], [ 127.853151535890106, 36.331726445490574 ], [ 127.852085732456487, 36.330397247278171 ], [ 127.851053650793247, 36.326637290418667 ], [ 127.85135711125406, 36.324156008298168 ], [ 127.850657882086367, 36.32061243100641 ], [ 127.849051956361038, 36.319311343599082 ], [ 127.848658386275972, 36.319022471785004 ], [ 127.848144171074551, 36.318685863673736 ], [ 127.84672613449807, 36.318088253176548 ], [ 127.846158909188887, 36.318267738764071 ], [ 127.846097576506651, 36.318287135416014 ], [ 127.845640816077179, 36.317707042067902 ], [ 127.844951306873782, 36.316264998410446 ], [ 127.843980292989926, 36.316534572590065 ], [ 127.840217467620192, 36.315466360247441 ], [ 127.836101677971939, 36.313422547838613 ], [ 127.835082641809294, 36.31256851307942 ], [ 127.829141350654979, 36.310113893046001 ], [ 127.827391708265964, 36.310082215501332 ], [ 127.825806224869709, 36.310224519101176 ], [ 127.825010630457896, 36.310025662178354 ], [ 127.823736227942547, 36.308881355220144 ], [ 127.82265991882069, 36.307706493820881 ], [ 127.822583197027754, 36.307269144732565 ], [ 127.82301061725488, 36.306755355760124 ], [ 127.822861769888888, 36.306318500943142 ], [ 127.82083075984562, 36.305237742331897 ], [ 127.820791916814926, 36.305272536176098 ], [ 127.820223313022311, 36.305781953476135 ], [ 127.819696235128745, 36.307113780596666 ], [ 127.81928434606013, 36.309116242541279 ], [ 127.817222171934858, 36.310239614649376 ], [ 127.816039549985916, 36.309240564024897 ], [ 127.814262059900173, 36.308260136492493 ], [ 127.81372048657407, 36.308205440488003 ], [ 127.811616440838478, 36.308774364027144 ], [ 127.809996384551965, 36.309062645075286 ], [ 127.80785109683562, 36.309135518597103 ], [ 127.807264598088253, 36.308219940883198 ], [ 127.80638689845766, 36.307043574200151 ], [ 127.804999835099395, 36.305432765959353 ], [ 127.803421362606599, 36.304494642171733 ], [ 127.80302287287337, 36.304322153261936 ], [ 127.802481329793778, 36.30426739894034 ], [ 127.80141554075054, 36.304084788955286 ], [ 127.800560621727513, 36.303360714405727 ], [ 127.800187637850769, 36.30215174202003 ], [ 127.800895325832045, 36.3008187937507 ], [ 127.799718316652402, 36.298564285621715 ], [ 127.794969126981428, 36.297880699826422 ], [ 127.794673258428972, 36.297152873877884 ], [ 127.79497385720272, 36.296567032903162 ], [ 127.795096960581418, 36.296259712128098 ], [ 127.795031641158175, 36.295150848889186 ], [ 127.794698545001239, 36.290745091659595 ], [ 127.794407883877398, 36.290528090375886 ], [ 127.792554936787099, 36.290934435175984 ], [ 127.79100846442806, 36.291338752643178 ], [ 127.788788592888551, 36.291119848617662 ], [ 127.787968379573726, 36.29023489730222 ], [ 127.787632307718127, 36.289084030008325 ], [ 127.779397814379848, 36.289575765606926 ], [ 127.778337904703491, 36.289901783027908 ], [ 127.77932502941789, 36.290706512165983 ], [ 127.781136713348516, 36.291308665061706 ], [ 127.782501829273386, 36.292396105960279 ], [ 127.782595033442789, 36.292687874244777 ], [ 127.782617161974613, 36.293097020567316 ], [ 127.782366701222443, 36.293332549095844 ], [ 127.781953745203154, 36.293569133831603 ], [ 127.781704011445584, 36.293877746743476 ], [ 127.781624051630558, 36.294916140970059 ], [ 127.782018250493451, 36.296419233052326 ], [ 127.782445077854774, 36.297571265406035 ], [ 127.781846852135871, 36.299153935764309 ], [ 127.780274733801221, 36.302687122638865 ], [ 127.778120509646044, 36.305814785254299 ], [ 127.776387076100391, 36.309317717867565 ], [ 127.775204852754626, 36.31232409177376 ], [ 127.772618133662874, 36.315600619993077 ], [ 127.770349857337465, 36.318470577433395 ], [ 127.767908275591083, 36.3177126510205 ], [ 127.766246937875465, 36.316922169610812 ], [ 127.764919028751322, 36.316030341244577 ], [ 127.764394942189796, 36.315998842208181 ], [ 127.764030848052229, 36.316018561324249 ], [ 127.762825691825512, 36.316088901375728 ], [ 127.762349940214222, 36.316158936165444 ], [ 127.762063197486015, 36.316495828350511 ], [ 127.76251426970255, 36.316860729283484 ], [ 127.763357718603416, 36.317543017713298 ], [ 127.764619637005012, 36.319642663608761 ], [ 127.765215463248637, 36.321466102522074 ], [ 127.765474749007481, 36.328072862522099 ], [ 127.764976096167956, 36.331676741679352 ], [ 127.763228937341538, 36.334205659067663 ], [ 127.763777632658417, 36.33567462291942 ], [ 127.76391376276743, 36.336274216690228 ], [ 127.763756063711654, 36.338937786073302 ], [ 127.763504181308747, 36.340541228034347 ], [ 127.762735690021685, 36.341905083936055 ], [ 127.762946143345985, 36.342093389117395 ], [ 127.763521832114222, 36.342353075412419 ], [ 127.765933537648237, 36.343198453099561 ], [ 127.766876074013012, 36.343499390127775 ], [ 127.769049685172746, 36.344040934064971 ], [ 127.77094986300655, 36.344335696941648 ], [ 127.771722689564129, 36.34574864943589 ], [ 127.771761848496908, 36.346055386627192 ], [ 127.771133390079939, 36.3482959764711 ], [ 127.770925039700629, 36.349159781469048 ], [ 127.772498698989409, 36.352979526632048 ], [ 127.772973424360615, 36.35347348125201 ], [ 127.777127965475572, 36.356925637160572 ], [ 127.778510955122613, 36.357881442726494 ], [ 127.779868332522412, 36.35807726112732 ], [ 127.78130224148984, 36.358696470223194 ], [ 127.782094151033419, 36.359473479776547 ], [ 127.781587650997338, 36.364324127876209 ], [ 127.780962724260803, 36.365652250879698 ], [ 127.778606342760185, 36.365869569450098 ], [ 127.775521242741021, 36.368156187793417 ], [ 127.773956540213362, 36.369871845367598 ], [ 127.774142554621974, 36.371845477289618 ], [ 127.773842867591625, 36.372408454783091 ], [ 127.773541849799145, 36.372836785758437 ], [ 127.772331985113141, 36.37396666600511 ], [ 127.768535699218759, 36.377357307660475 ], [ 127.766735687309293, 36.377750364135125 ], [ 127.764873582309335, 36.37747053116631 ], [ 127.764454261453324, 36.37715902161834 ], [ 127.759990654814757, 36.377613833918048 ], [ 127.758272540336833, 36.377871592490649 ], [ 127.758261973614793, 36.377929619172107 ], [ 127.758141777536892, 36.378590539733324 ], [ 127.758278738631773, 36.384132687022429 ], [ 127.757134243881936, 36.389189223242425 ], [ 127.757328742551167, 36.390117363425404 ], [ 127.758005915320354, 36.391031664266031 ], [ 127.759832568689049, 36.391020086716637 ], [ 127.760168985249422, 36.391252096787994 ], [ 127.760765524195904, 36.39188770523549 ], [ 127.762360101989429, 36.393763037340456 ], [ 127.76495765923471, 36.391241007801192 ], [ 127.765314362560673, 36.39021579736562 ], [ 127.76578875373184, 36.389975555278774 ], [ 127.770534724617491, 36.387795462007155 ], [ 127.774691241497365, 36.387220095374786 ], [ 127.775370061703427, 36.387260174212422 ], [ 127.776728282234615, 36.387399621793442 ], [ 127.776986285199229, 36.387531377830037 ], [ 127.777118598637912, 36.387930783512516 ], [ 127.777361521436561, 36.388388789693749 ], [ 127.77815271600592, 36.388665324241231 ], [ 127.780080091357263, 36.388875167084414 ], [ 127.781216842665529, 36.388867751469981 ], [ 127.781508430221649, 36.388687937336485 ], [ 127.781632032374389, 36.388212724047605 ], [ 127.782192695091155, 36.387438147287099 ], [ 127.78281280571349, 36.387107940419696 ], [ 127.783709859123718, 36.386968644969876 ], [ 127.785911760112825, 36.387132108600433 ], [ 127.786610255618484, 36.387305418534844 ], [ 127.787768457569683, 36.38760912792587 ], [ 127.789813922227083, 36.388618589586706 ], [ 127.791076166588766, 36.388328581569318 ], [ 127.792635519257161, 36.386598538873017 ], [ 127.794503473278354, 36.38456993694259 ], [ 127.797150694261006, 36.383455277330874 ], [ 127.801211002294039, 36.382479343672472 ], [ 127.801559019425682, 36.382447370859417 ], [ 127.814548770522563, 36.381544288630131 ], [ 127.81552428889286, 36.381908275552945 ], [ 127.816550308376776, 36.381841972386674 ], [ 127.818838060858738, 36.381455701896698 ], [ 127.822872479819054, 36.379797283137613 ], [ 127.824233517189697, 36.378468476897801 ], [ 127.824643294360101, 36.377338947541965 ], [ 127.828355699898026, 36.374733752285536 ], [ 127.831780706916092, 36.37270860570775 ], [ 127.831717998358542, 36.371982616988824 ], [ 127.831759441563733, 36.370707355311019 ], [ 127.831956187074056, 36.370246408027775 ], [ 127.832532506716461, 36.369278769190501 ], [ 127.835057298871362, 36.368816417008723 ], [ 127.835296700645699, 36.36891853829804 ], [ 127.83566550564565, 36.369123505935583 ], [ 127.836109550051503, 36.369505871092279 ], [ 127.836434943667328, 36.370793375181186 ], [ 127.836684481198304, 36.371844213922849 ], [ 127.837009259563459, 36.373072430990113 ], [ 127.837267313444983, 36.373204048769686 ], [ 127.837945872217489, 36.373228936505384 ], [ 127.838473502635154, 36.372854620869909 ], [ 127.839916705656449, 36.372384924568799 ], [ 127.842292044742933, 36.371656630903907 ], [ 127.843702372030904, 36.371542931942329 ], [ 127.844566934261039, 36.371818507823924 ], [ 127.846659982742494, 36.372115035367635 ], [ 127.850138773620046, 36.371719752691611 ], [ 127.851438147823686, 36.371517783139033 ], [ 127.8529537448848, 36.370973290430747 ], [ 127.855939944883318, 36.372478949734955 ], [ 127.857249543880314, 36.373210825955759 ], [ 127.857472275603655, 36.373461265440511 ], [ 127.857494186129273, 36.373787254530427 ], [ 127.858249328120024, 36.374107991777144 ], [ 127.858303457718023, 36.374119305954764 ], [ 127.859278294942357, 36.374322987885577 ], [ 127.862189512814098, 36.373990735541653 ], [ 127.863741752019536, 36.373445830188949 ], [ 127.866102316311043, 36.373058149464832 ], [ 127.866341591670135, 36.373039186988791 ], [ 127.866853380326646, 36.373008232865651 ], [ 127.869185337508213, 36.37334711965881 ], [ 127.870306815351228, 36.37363546395197 ], [ 127.871123777858557, 36.372917917179393 ], [ 127.871719267868258, 36.37206855403214 ], [ 127.872575855189311, 36.371617568014294 ], [ 127.873397404646099, 36.37131506321132 ], [ 127.874639553939687, 36.370920539478519 ], [ 127.875434555098337, 36.371522563812491 ], [ 127.876279579142349, 36.371679441417385 ], [ 127.878936641193363, 36.371585841176234 ], [ 127.879632357199952, 36.371506602821995 ] ] ] ] } },
{ "type": "Feature", "properties": { "OBJECTID": 1963, "adm_nm": "충청북도 옥천군 이원면", "adm_cd": "3333036", "adm_cd2": "4373036000", "sgg": "43730", "sido": "43", "sidonm": "충청북도", "sggnm": "옥천군" }, "geometry": { "type": "MultiPolygon", "coordinates": [ [ [ [ 127.701671562991748, 36.261356321469414 ], [ 127.700593714215969, 36.259744182846624 ], [ 127.699437474076774, 36.258266773035096 ], [ 127.698278027609405, 36.254379451086095 ], [ 127.696854262523331, 36.251360618050093 ], [ 127.696012214633399, 36.250513222803214 ], [ 127.695685024931734, 36.250441638569086 ], [ 127.693940095440865, 36.250069704625922 ], [ 127.693030193262587, 36.24975167415888 ], [ 127.692943511293478, 36.248150467833213 ], [ 127.693379932597438, 36.246208248798595 ], [ 127.693309717747766, 36.244415896124842 ], [ 127.691722476888643, 36.239267207606794 ], [ 127.688700200416676, 36.236816371334825 ], [ 127.686915585320719, 36.235121539227912 ], [ 127.682599267783516, 36.231016976990212 ], [ 127.68271704851152, 36.229958285745418 ], [ 127.683111458402465, 36.229427015635061 ], [ 127.683052963366151, 36.228957126321419 ], [ 127.682594075447341, 36.22832786343163 ], [ 127.681622432859896, 36.227128429956601 ], [ 127.678354073111464, 36.224590071622046 ], [ 127.673244721772335, 36.22306121347939 ], [ 127.663346731506763, 36.223557201682993 ], [ 127.661993504688454, 36.224387600638437 ], [ 127.660820759420588, 36.225114112038526 ], [ 127.660155783259327, 36.225837820992716 ], [ 127.659634524060792, 36.226399086334169 ], [ 127.656768709103588, 36.22854555032476 ], [ 127.655992759654978, 36.229020037017385 ], [ 127.655443652180651, 36.228420549590318 ], [ 127.654598625299968, 36.227132023623291 ], [ 127.653610619035732, 36.226094088532243 ], [ 127.650645987552792, 36.225081570209092 ], [ 127.650208981662104, 36.222673997684986 ], [ 127.650146809049517, 36.221733856852929 ], [ 127.650078330648583, 36.22002963161102 ], [ 127.650467330761714, 36.218822563224052 ], [ 127.651494057130932, 36.217979377107838 ], [ 127.651761442212432, 36.217419517170534 ], [ 127.651916128061643, 36.216390042359755 ], [ 127.651926616584035, 36.215464216164861 ], [ 127.651684176391186, 36.214657323657924 ], [ 127.650101580754878, 36.212556935025304 ], [ 127.64964486938031, 36.21145021813777 ], [ 127.649217525358509, 36.210203477179128 ], [ 127.648659045746214, 36.2084431152118 ], [ 127.648579132089509, 36.207547151845219 ], [ 127.648610682272178, 36.206973882270916 ], [ 127.649599143975408, 36.203706288919314 ], [ 127.650473721455384, 36.202026350873531 ], [ 127.652446518253697, 36.199414627818271 ], [ 127.652099505013055, 36.196918396337914 ], [ 127.65187770186526, 36.196405278866116 ], [ 127.652022751826877, 36.194214947844216 ], [ 127.652565749270536, 36.194109129202964 ], [ 127.65372024440029, 36.193412186434131 ], [ 127.654523317170586, 36.191879553250381 ], [ 127.653643408982774, 36.188519226940073 ], [ 127.653349136158354, 36.188006501965923 ], [ 127.652160163384806, 36.186719824932645 ], [ 127.651612965413946, 36.186311347386045 ], [ 127.650152906704605, 36.185114285863996 ], [ 127.650556235060023, 36.18346627079454 ], [ 127.65200560028633, 36.181180692451285 ], [ 127.653065267486213, 36.179999351716653 ], [ 127.654706360625013, 36.177267560426458 ], [ 127.654615923379865, 36.17670201355179 ], [ 127.654266801069326, 36.175959141891248 ], [ 127.652049920163591, 36.171522396523301 ], [ 127.651483757715638, 36.171187841008596 ], [ 127.650475736474434, 36.170736489067572 ], [ 127.649446575001306, 36.170692428307866 ], [ 127.646190093080463, 36.170858956279567 ], [ 127.6452244371212, 36.171092559206798 ], [ 127.644053749351983, 36.171714526091058 ], [ 127.639208978798777, 36.175394834067042 ], [ 127.635781192290594, 36.178650341241848 ], [ 127.634157088857748, 36.18079399052565 ], [ 127.633616546561498, 36.180598239280528 ], [ 127.632275404813527, 36.179850589935505 ], [ 127.630012166559794, 36.178670830320307 ], [ 127.627102057796108, 36.177772486600553 ], [ 127.625369033013911, 36.178566032084916 ], [ 127.625029779434456, 36.179034522719938 ], [ 127.624002489172284, 36.180787619147715 ], [ 127.620764182932476, 36.181767664111362 ], [ 127.619722326083561, 36.181683694634337 ], [ 127.618827237005817, 36.181569139027118 ], [ 127.617875483629433, 36.18204078594578 ], [ 127.614643782844666, 36.183884568347302 ], [ 127.614103266479759, 36.183688729047439 ], [ 127.613438808459165, 36.18330483982048 ], [ 127.611622408741411, 36.18285730844444 ], [ 127.610572132199422, 36.183269791328037 ], [ 127.609586423790716, 36.184108962245467 ], [ 127.609263118171, 36.185073862251912 ], [ 127.609200365916806, 36.185134191902449 ], [ 127.609093241406057, 36.18520744714499 ], [ 127.60897709498353, 36.185273479043353 ], [ 127.608511234632743, 36.18537765894051 ], [ 127.608304849614811, 36.185378705930226 ], [ 127.608134289894565, 36.185372288600789 ], [ 127.608017464332335, 36.185351073837829 ], [ 127.607918540918632, 36.185322478832667 ], [ 127.606766760373191, 36.18492110661623 ], [ 127.606640740228912, 36.1848708412329 ], [ 127.606559416132001, 36.184798535022779 ], [ 127.604906481670724, 36.184450858032669 ], [ 127.602362772602817, 36.183918277155122 ], [ 127.602272934602354, 36.183904186725933 ], [ 127.602156210619214, 36.183897499396231 ], [ 127.601941029646298, 36.183920393277369 ], [ 127.598121570281776, 36.184352318266455 ], [ 127.597620273099025, 36.185905058142964 ], [ 127.597391169000289, 36.186448155142408 ], [ 127.596595315683075, 36.188115800519476 ], [ 127.596254409130424, 36.188268732722008 ], [ 127.595775772321815, 36.188712228008356 ], [ 127.595560202672687, 36.188990594568686 ], [ 127.593544517442382, 36.191798580182152 ], [ 127.593283046794085, 36.192177985214848 ], [ 127.593208244841335, 36.192569069374855 ], [ 127.592838955381836, 36.195154637675479 ], [ 127.592912105799968, 36.195313687238801 ], [ 127.593076080591771, 36.195670211582737 ], [ 127.595007634406414, 36.198181375530048 ], [ 127.595202078031434, 36.198385306305696 ], [ 127.595462171560825, 36.198658058504137 ], [ 127.596493117705009, 36.199270506345364 ], [ 127.597416654811283, 36.200072558554133 ], [ 127.597887361793767, 36.200624765524367 ], [ 127.598236441406712, 36.201543095400133 ], [ 127.599269808861962, 36.204512383898866 ], [ 127.599201354309457, 36.205735280242614 ], [ 127.599173226689217, 36.206126126585957 ], [ 127.598373804117045, 36.209394455204979 ], [ 127.59709353980459, 36.212841612167239 ], [ 127.597882208703851, 36.214260920566204 ], [ 127.597919139289274, 36.215531865034407 ], [ 127.597923971886956, 36.215698489480374 ], [ 127.597797002715808, 36.217413204344005 ], [ 127.596807040861989, 36.218136543839108 ], [ 127.596087925578843, 36.218642237438999 ], [ 127.596039265110946, 36.218675769494219 ], [ 127.592659774095878, 36.220955092530964 ], [ 127.590741013046596, 36.222287933561411 ], [ 127.586635313994847, 36.226568085623335 ], [ 127.586287300997498, 36.227880559236745 ], [ 127.58532128017363, 36.22976320894999 ], [ 127.584958109294021, 36.230085930833113 ], [ 127.584912993311264, 36.230120378085921 ], [ 127.584517242467072, 36.230422520196718 ], [ 127.583851892045502, 36.230904686061514 ], [ 127.583201903351735, 36.231361584837387 ], [ 127.579138540811343, 36.233057539734922 ], [ 127.578733709179787, 36.233009082956492 ], [ 127.576911395366182, 36.232715374563981 ], [ 127.574014333822362, 36.232237720118754 ], [ 127.570409943952797, 36.232897691924187 ], [ 127.569299818213167, 36.234197831853351 ], [ 127.569201570839851, 36.23515696339043 ], [ 127.568948309264769, 36.236500312992035 ], [ 127.567195621397715, 36.241429778095899 ], [ 127.56605707930045, 36.242381720556153 ], [ 127.56609173065992, 36.243138701489578 ], [ 127.566307253233703, 36.244675624087428 ], [ 127.566834237947191, 36.246873574240233 ], [ 127.568023193068697, 36.247696062545934 ], [ 127.57020556583538, 36.246857208468739 ], [ 127.5720730022623, 36.246701352955021 ], [ 127.57234807745229, 36.246771784240181 ], [ 127.572636427900065, 36.246845627339361 ], [ 127.573254936326308, 36.24707779059095 ], [ 127.573585595080999, 36.247419200191743 ], [ 127.57382159179538, 36.247662871833136 ], [ 127.574025960966651, 36.248323141302819 ], [ 127.573938685878247, 36.248793811480432 ], [ 127.574604115311018, 36.250480520764796 ], [ 127.575538367232568, 36.251710390253514 ], [ 127.580341605761419, 36.253553476281859 ], [ 127.580726696930313, 36.253499595186213 ], [ 127.581102824974451, 36.253446952256397 ], [ 127.584251394813307, 36.25232953066002 ], [ 127.586794640718622, 36.250333316856903 ], [ 127.587364488468126, 36.250125668504779 ], [ 127.587898303695582, 36.249931157051449 ], [ 127.588460316609385, 36.249877787165644 ], [ 127.58904045073605, 36.249822696309934 ], [ 127.589785128129293, 36.249936593208076 ], [ 127.589822399828634, 36.250068658564011 ], [ 127.590007234254088, 36.250523282682607 ], [ 127.59038384018119, 36.250922737961012 ], [ 127.590848480170422, 36.251415537237861 ], [ 127.59409591723967, 36.253809428465125 ], [ 127.594794687809681, 36.254212420327399 ], [ 127.594823091068449, 36.254228800720313 ], [ 127.595179093541617, 36.254434106946903 ], [ 127.595634548237115, 36.254681652560414 ], [ 127.597689903385458, 36.255362076180219 ], [ 127.598076364324456, 36.255581900865181 ], [ 127.598608835951978, 36.255884791438163 ], [ 127.598637504404451, 36.255901153571678 ], [ 127.598665866676157, 36.25591745374345 ], [ 127.598835758604707, 36.256255374222533 ], [ 127.598923782356266, 36.256430458338059 ], [ 127.59866742934976, 36.259135059580544 ], [ 127.60051368896913, 36.259253921465366 ], [ 127.602480459766895, 36.259044788604882 ], [ 127.602814695152631, 36.259085815537496 ], [ 127.604258058280578, 36.259377462447375 ], [ 127.608061433366245, 36.260311870648017 ], [ 127.61380365041002, 36.2619479360689 ], [ 127.617732741493384, 36.263194524973898 ], [ 127.618858547345383, 36.263316831602147 ], [ 127.620949735091799, 36.263277551587599 ], [ 127.621528697587834, 36.263146457574237 ], [ 127.621808992214611, 36.263031119726932 ], [ 127.622933336401033, 36.262968349115638 ], [ 127.627448479320492, 36.262745536509215 ], [ 127.628138098359429, 36.26326857558233 ], [ 127.62844051523021, 36.263722448712414 ], [ 127.628635083462285, 36.263878009209726 ], [ 127.629756014815612, 36.26338817423575 ], [ 127.630297530910283, 36.262972557876424 ], [ 127.63127555514437, 36.26219881153844 ], [ 127.632569319495275, 36.261352227143327 ], [ 127.634669747854375, 36.260287845262376 ], [ 127.636685959147812, 36.259679353996425 ], [ 127.639941558171444, 36.260202894221287 ], [ 127.640082488014173, 36.260244831847565 ], [ 127.641176618846643, 36.260794096749585 ], [ 127.645299042984263, 36.261996071533687 ], [ 127.648504996959588, 36.262875454126757 ], [ 127.651147926321741, 36.263672442913588 ], [ 127.651731083623346, 36.264053572951916 ], [ 127.652509106145899, 36.264618673459232 ], [ 127.653039194776184, 36.264957397022435 ], [ 127.654938272362045, 36.265060901733705 ], [ 127.655552931580772, 36.265000613130539 ], [ 127.65644771219857, 36.264810676140826 ], [ 127.657644849557173, 36.2650460848281 ], [ 127.657787475275015, 36.26528727505822 ], [ 127.658236390754823, 36.266423489295811 ], [ 127.658225246442839, 36.26719214209372 ], [ 127.659123160919648, 36.267372254098866 ], [ 127.662468481640161, 36.267625552159529 ], [ 127.666215178381904, 36.266322487787384 ], [ 127.667862302810505, 36.265729743200353 ], [ 127.668422783809021, 36.265498883421579 ], [ 127.669122257585073, 36.265082212781572 ], [ 127.670254955528534, 36.263937200010375 ], [ 127.670516508406735, 36.26369378124577 ], [ 127.675144386775258, 36.260237565197464 ], [ 127.675775590803454, 36.260063190246093 ], [ 127.676673691102195, 36.260271630742331 ], [ 127.682090822476368, 36.260739100775325 ], [ 127.684655539782298, 36.260596400909293 ], [ 127.685293784400926, 36.26123322614135 ], [ 127.686124235682982, 36.261740886308878 ], [ 127.687745185210019, 36.262201309736703 ], [ 127.694468554416886, 36.263286973556234 ], [ 127.697948962137559, 36.263337918799927 ], [ 127.70125598115817, 36.261681798791486 ], [ 127.701671562991748, 36.261356321469414 ] ] ] ] } },
{ "type": "Feature", "properties": { "OBJECTID": 1964, "adm_nm": "충청북도 옥천군 군서면", "adm_cd": "3333037", "adm_cd2": "4373037000", "sgg": "43730", "sido": "43", "sidonm": "충청북도", "sggnm": "옥천군" }, "geometry": { "type": "MultiPolygon", "coordinates": [ [ [ [ 127.542127918253897, 36.31666783811918 ], [ 127.54588149578889, 36.314095488481925 ], [ 127.547574293304322, 36.31368554070535 ], [ 127.549923245279771, 36.313047792222079 ], [ 127.550229285161066, 36.312916265340938 ], [ 127.551234697725661, 36.312462087298123 ], [ 127.55159704634751, 36.312022711184838 ], [ 127.550993117363291, 36.311363003446623 ], [ 127.55098022921338, 36.311227912975539 ], [ 127.550945780708616, 36.31086634405284 ], [ 127.55397459799957, 36.307161375068397 ], [ 127.554091191914239, 36.307113515989769 ], [ 127.554733606417628, 36.307015902407592 ], [ 127.555274313847278, 36.307001566052719 ], [ 127.556456012040115, 36.306688500372836 ], [ 127.556032034411118, 36.304608371109381 ], [ 127.554092544271199, 36.303162240316915 ], [ 127.552713731092069, 36.302458781877199 ], [ 127.552536958345584, 36.30244133988981 ], [ 127.552026327272415, 36.30239097277606 ], [ 127.551293995669255, 36.302169569529703 ], [ 127.548987468312248, 36.300464771229066 ], [ 127.547412497992113, 36.298863070291681 ], [ 127.547191306208205, 36.29858015247126 ], [ 127.547130129288362, 36.298190032039429 ], [ 127.547463040325184, 36.297727138662914 ], [ 127.547431667283533, 36.297419703824119 ], [ 127.547353653499158, 36.296710233314471 ], [ 127.547131229743613, 36.296249887195394 ], [ 127.546659054790368, 36.29560137583325 ], [ 127.545137556785008, 36.294118009731129 ], [ 127.542744108210371, 36.291608715804401 ], [ 127.539556758776669, 36.287115780804371 ], [ 127.539721871933395, 36.285624432445893 ], [ 127.539737584816976, 36.285557234609357 ], [ 127.539948995662982, 36.284653333705769 ], [ 127.541683156613814, 36.281853579101302 ], [ 127.543679247516692, 36.281028251436865 ], [ 127.544758493372342, 36.280739445901354 ], [ 127.545399479354117, 36.280464436473487 ], [ 127.546285570554588, 36.279715083731418 ], [ 127.546938776034381, 36.279096928710374 ], [ 127.550827922718142, 36.273211348389268 ], [ 127.552106321990593, 36.270094104954232 ], [ 127.553155079372203, 36.269651548615023 ], [ 127.554022308317656, 36.269547146002402 ], [ 127.554176874732306, 36.269528527523249 ], [ 127.555251744934083, 36.268648128408621 ], [ 127.55658497847827, 36.265057388902306 ], [ 127.556943231046361, 36.264073805170895 ], [ 127.557354616999845, 36.262344664939434 ], [ 127.559528567395247, 36.259921178886543 ], [ 127.56192774426836, 36.258372021259568 ], [ 127.562096517722566, 36.257460311641061 ], [ 127.564316230095997, 36.253309292161887 ], [ 127.565166749377809, 36.25174367988388 ], [ 127.56581804906601, 36.250912497682002 ], [ 127.566341461675819, 36.250578775130514 ], [ 127.567054726738689, 36.250244157848257 ], [ 127.567462817591974, 36.250123924024138 ], [ 127.567576416604581, 36.249673831733929 ], [ 127.568023193068697, 36.247696062545934 ], [ 127.566834237947191, 36.246873574240233 ], [ 127.566307253233703, 36.244675624087428 ], [ 127.56609173065992, 36.243138701489578 ], [ 127.56605707930045, 36.242381720556153 ], [ 127.567195621397715, 36.241429778095899 ], [ 127.568948309264769, 36.236500312992035 ], [ 127.569201570839851, 36.23515696339043 ], [ 127.569299818213167, 36.234197831853351 ], [ 127.570409943952797, 36.232897691924187 ], [ 127.569734445714076, 36.231993457652734 ], [ 127.569233914891967, 36.231617718772689 ], [ 127.566661072250582, 36.230785468212147 ], [ 127.566115531457058, 36.230636799921825 ], [ 127.562798150324255, 36.230097850518995 ], [ 127.561817226749213, 36.229976414566515 ], [ 127.561023881659509, 36.229980126921149 ], [ 127.559873378945539, 36.23007372204976 ], [ 127.559050165009324, 36.230254008503984 ], [ 127.555849306976498, 36.230785637997059 ], [ 127.553015632156104, 36.230445828353282 ], [ 127.550555856428247, 36.23017986000459 ], [ 127.549762154011773, 36.230133086235348 ], [ 127.548065855809213, 36.230040020177306 ], [ 127.546620030360231, 36.230172648185224 ], [ 127.546752284708532, 36.23133609882148 ], [ 127.548219126710819, 36.234562315131768 ], [ 127.549787748209482, 36.238323563213612 ], [ 127.549668239788872, 36.23866645478892 ], [ 127.549607729778401, 36.238840060520836 ], [ 127.549231709145829, 36.239337637987653 ], [ 127.548827156096834, 36.239564594346682 ], [ 127.548536644008522, 36.239727570024364 ], [ 127.543104138298958, 36.241914165320189 ], [ 127.542417510828656, 36.241758609811733 ], [ 127.542123098741413, 36.241670687522891 ], [ 127.541572291891782, 36.241683089984242 ], [ 127.540557514070628, 36.24187608589002 ], [ 127.537896006952323, 36.242939238846368 ], [ 127.536780762568839, 36.244560692956149 ], [ 127.535049998129963, 36.247490894988289 ], [ 127.535140083228754, 36.248135089632157 ], [ 127.535527638894592, 36.249313462333319 ], [ 127.53615810724024, 36.250203168492767 ], [ 127.536544241062941, 36.25098874237996 ], [ 127.536629895631592, 36.251163001478218 ], [ 127.536239867237796, 36.251422581007056 ], [ 127.536162430166968, 36.25147333502175 ], [ 127.535996094403416, 36.251582344593693 ], [ 127.533533312565936, 36.251315649648106 ], [ 127.533267343162692, 36.251228897708785 ], [ 127.532893500319773, 36.250852401099408 ], [ 127.532485186741525, 36.250219526189298 ], [ 127.529033356571659, 36.248519179716546 ], [ 127.528641584792894, 36.248520905973159 ], [ 127.527918661141157, 36.248434839344988 ], [ 127.524406063129632, 36.246774283109552 ], [ 127.52395143916884, 36.246528350853481 ], [ 127.523742428242528, 36.245860349403095 ], [ 127.523613695886581, 36.245448878866107 ], [ 127.518195610916436, 36.240692458657968 ], [ 127.517839427717192, 36.240515488657053 ], [ 127.517055513265291, 36.24044945205037 ], [ 127.515611528817928, 36.240535007808141 ], [ 127.515075754169303, 36.240973641260439 ], [ 127.514746782629345, 36.241213068462358 ], [ 127.513807404945595, 36.241712933090639 ], [ 127.513269288099593, 36.241794572356561 ], [ 127.512068757472122, 36.241670784852246 ], [ 127.511784423435813, 36.241245570829008 ], [ 127.511772942740805, 36.240951141131092 ], [ 127.511769731825936, 36.240868793132059 ], [ 127.511731069769922, 36.240571443230969 ], [ 127.511594612845158, 36.240294359930608 ], [ 127.510709043183724, 36.239653523834029 ], [ 127.510192842435359, 36.239338382342432 ], [ 127.50957909915661, 36.239083152304602 ], [ 127.50919535627024, 36.238955926548265 ], [ 127.508781676425301, 36.238818773798343 ], [ 127.506514424340281, 36.238421775029735 ], [ 127.503464640524058, 36.238166853125335 ], [ 127.500294663428846, 36.238259445201514 ], [ 127.499083658403109, 36.238403326280014 ], [ 127.496959878104121, 36.238488822916914 ], [ 127.495619120147381, 36.238378010454404 ], [ 127.492765039536636, 36.238092259981613 ], [ 127.492701617524418, 36.239330701680359 ], [ 127.492883927140838, 36.239607996835119 ], [ 127.492980933349912, 36.239755532659025 ], [ 127.493339415914349, 36.240201327715418 ], [ 127.493355714602714, 36.240701786256729 ], [ 127.492590348646544, 36.244709109879203 ], [ 127.492171045933873, 36.245072901286896 ], [ 127.491921940816184, 36.24526561787215 ], [ 127.491523073356589, 36.245227681587863 ], [ 127.491170534129438, 36.245194154214431 ], [ 127.490458795513703, 36.245143817906914 ], [ 127.490255161305186, 36.2452153454851 ], [ 127.489906659484291, 36.245337758005178 ], [ 127.489635862220609, 36.245472167879278 ], [ 127.489538904844139, 36.245520300801765 ], [ 127.489304156833668, 36.245904632877597 ], [ 127.488522677458903, 36.247356139698525 ], [ 127.487686508434336, 36.250618253498935 ], [ 127.487560232908848, 36.251502669208655 ], [ 127.488674627334802, 36.252733453054226 ], [ 127.48895752067088, 36.252804402231007 ], [ 127.489176089454944, 36.252859211585488 ], [ 127.489927633127394, 36.252941332370057 ], [ 127.490154409738395, 36.253387688298666 ], [ 127.490289604120292, 36.253940905926093 ], [ 127.489813512714889, 36.257893764844638 ], [ 127.489314929095912, 36.258236581997842 ], [ 127.488854612178926, 36.258376896850862 ], [ 127.487998009341297, 36.258359085783226 ], [ 127.487523457688724, 36.258329069524038 ], [ 127.486185050677093, 36.259239697117877 ], [ 127.486149075386848, 36.259814909558543 ], [ 127.486251375816622, 36.261443858325201 ], [ 127.487658257484128, 36.265197364261446 ], [ 127.488594639267831, 36.267440568345151 ], [ 127.489361886218049, 36.27002523624234 ], [ 127.488855403210479, 36.27123067185142 ], [ 127.488598176749292, 36.272254066708854 ], [ 127.488471953165828, 36.272807014213292 ], [ 127.488457059824412, 36.272872300558944 ], [ 127.488519193271443, 36.273063590892939 ], [ 127.488577979446632, 36.273244538250673 ], [ 127.494253643383857, 36.277734810492802 ], [ 127.495209104446843, 36.278468124874315 ], [ 127.496245827940086, 36.279112800701007 ], [ 127.496656696950566, 36.279473177766832 ], [ 127.498065097898476, 36.281256432069121 ], [ 127.498259894192302, 36.282874311360196 ], [ 127.497295388581364, 36.286680121692349 ], [ 127.4967047943327, 36.287087244666033 ], [ 127.491214617492204, 36.296577090630286 ], [ 127.491005954398119, 36.296940027283021 ], [ 127.491305365113988, 36.298440351316565 ], [ 127.490143150591393, 36.300223540003671 ], [ 127.488999844948466, 36.30083743036127 ], [ 127.492019824465402, 36.299847345426514 ], [ 127.493304191205752, 36.300025629869523 ], [ 127.498689148154682, 36.304041995732746 ], [ 127.499451925131737, 36.30528304170889 ], [ 127.499153342798678, 36.305814606379371 ], [ 127.500930252155442, 36.306300745813658 ], [ 127.502150254958522, 36.307062764569444 ], [ 127.504761162285902, 36.308704093305757 ], [ 127.507862063707179, 36.310933388470332 ], [ 127.509229797385075, 36.311970090069259 ], [ 127.510302971165586, 36.31255562949206 ], [ 127.512787465507628, 36.313390848826202 ], [ 127.514611534178755, 36.31357971586133 ], [ 127.515657248159457, 36.313673576069561 ], [ 127.51845843256126, 36.314605665372795 ], [ 127.519434877248798, 36.315250552086063 ], [ 127.51992293324146, 36.315543472655243 ], [ 127.522459357629032, 36.316850346867128 ], [ 127.52370284449394, 36.31743502295943 ], [ 127.524518820789339, 36.317468819637149 ], [ 127.524991407619268, 36.317488380894154 ], [ 127.52651826310472, 36.316832589739938 ], [ 127.52921932003008, 36.316548076539789 ], [ 127.530271146841415, 36.316448777215491 ], [ 127.532436082510628, 36.316663964824272 ], [ 127.534148920764807, 36.317034902442217 ], [ 127.53799760895221, 36.317632862856669 ], [ 127.538699344702792, 36.31764155493623 ], [ 127.539853748694384, 36.317577198301194 ], [ 127.540481259432724, 36.317420588071997 ], [ 127.542127918253897, 36.31666783811918 ] ] ] ] } },
{ "type": "Feature", "properties": { "OBJECTID": 1965, "adm_nm": "충청북도 옥천군 군북면", "adm_cd": "3333038", "adm_cd2": "4373038000", "sgg": "43730", "sido": "43", "sidonm": "충청북도", "sggnm": "옥천군" }, "geometry": { "type": "MultiPolygon", "coordinates": [ [ [ [ 127.595785614332812, 36.337427536239247 ], [ 127.594900624415743, 36.33721441604105 ], [ 127.592811493845133, 36.336903665619964 ], [ 127.591955475779784, 36.337135771480931 ], [ 127.591071831076476, 36.337098713101426 ], [ 127.590428462772422, 36.336666852134954 ], [ 127.589849108040511, 36.336234656478197 ], [ 127.590033656325659, 36.335239375938407 ], [ 127.590221156423993, 36.334637688634118 ], [ 127.590074033392909, 36.333799421706708 ], [ 127.589826207717124, 36.333189511017672 ], [ 127.589339053822826, 36.333098701218823 ], [ 127.588622807728981, 36.333185078553107 ], [ 127.587666356136182, 36.333676608702071 ], [ 127.587297452356864, 36.333989150928574 ], [ 127.587018148306299, 36.334301268887785 ], [ 127.586611441507415, 36.334696856029773 ], [ 127.585708026112869, 36.33543668285342 ], [ 127.585287572702597, 36.335708055214198 ], [ 127.584482076230628, 36.335846638279961 ], [ 127.583738496570845, 36.33570523880109 ], [ 127.583558496563668, 36.335602551860788 ], [ 127.580300898111787, 36.333080650122035 ], [ 127.580197795882157, 36.332987929745009 ], [ 127.579703178648856, 36.330152230886384 ], [ 127.580635570445637, 36.329868046357369 ], [ 127.580915498011365, 36.329638815320521 ], [ 127.581381447991802, 36.32860075997101 ], [ 127.581134010769603, 36.326302469632509 ], [ 127.580953651342341, 36.32614797696646 ], [ 127.580854752953499, 36.326104484861183 ], [ 127.57932268027011, 36.325430814954565 ], [ 127.578616546856225, 36.32514419165436 ], [ 127.578372888222361, 36.325083216085858 ], [ 127.578002364920451, 36.325178235185476 ], [ 127.576737302964276, 36.325474355127838 ], [ 127.574995054330472, 36.325285923703952 ], [ 127.570188117209966, 36.324355958267617 ], [ 127.567699772549318, 36.323653058502245 ], [ 127.566853040272676, 36.323387756773577 ], [ 127.564346825248563, 36.323751768918527 ], [ 127.562360046485097, 36.326941008390136 ], [ 127.56040011331541, 36.330326908524334 ], [ 127.558989174500809, 36.331731833393413 ], [ 127.558543934102588, 36.332127518273637 ], [ 127.556163701152315, 36.33405482188612 ], [ 127.555539968067308, 36.334258133825642 ], [ 127.555486757794569, 36.334275470886951 ], [ 127.555447552210111, 36.334161723262248 ], [ 127.55552097770699, 36.333684921206256 ], [ 127.556754272391956, 36.332488017358592 ], [ 127.557480843951112, 36.332049599022284 ], [ 127.558118392824824, 36.331694460041817 ], [ 127.558320717519123, 36.331341342002787 ], [ 127.558253604371686, 36.330906621214446 ], [ 127.557749876335009, 36.330277128786946 ], [ 127.556887299930992, 36.329587145974131 ], [ 127.554710200098398, 36.32764993586526 ], [ 127.554589944857568, 36.326935788774101 ], [ 127.554340809737511, 36.326097941437304 ], [ 127.552718876408449, 36.324810686075573 ], [ 127.549570980318364, 36.323126434234275 ], [ 127.548260629043483, 36.322448793588229 ], [ 127.547572183975902, 36.322242556093528 ], [ 127.547272966105012, 36.322152925024341 ], [ 127.545503099865741, 36.321653437877416 ], [ 127.545117961723236, 36.321489476383427 ], [ 127.542276895822198, 36.317856332107418 ], [ 127.542055164457892, 36.317256568205131 ], [ 127.542000968227867, 36.316821768673265 ], [ 127.542127918253897, 36.31666783811918 ], [ 127.540481259432724, 36.317420588071997 ], [ 127.539853748694384, 36.317577198301194 ], [ 127.538699344702792, 36.31764155493623 ], [ 127.53799760895221, 36.317632862856669 ], [ 127.534148920764807, 36.317034902442217 ], [ 127.532436082510628, 36.316663964824272 ], [ 127.530271146841415, 36.316448777215491 ], [ 127.52921932003008, 36.316548076539789 ], [ 127.52651826310472, 36.316832589739938 ], [ 127.524991407619268, 36.317488380894154 ], [ 127.524518820789339, 36.317468819637149 ], [ 127.52370284449394, 36.31743502295943 ], [ 127.522459357629032, 36.316850346867128 ], [ 127.51992293324146, 36.315543472655243 ], [ 127.519434877248798, 36.315250552086063 ], [ 127.51845843256126, 36.314605665372795 ], [ 127.515657248159457, 36.313673576069561 ], [ 127.514611534178755, 36.31357971586133 ], [ 127.512787465507628, 36.313390848826202 ], [ 127.510302971165586, 36.31255562949206 ], [ 127.509229797385075, 36.311970090069259 ], [ 127.507862063707179, 36.310933388470332 ], [ 127.504761162285902, 36.308704093305757 ], [ 127.502150254958522, 36.307062764569444 ], [ 127.500930252155442, 36.306300745813658 ], [ 127.499153342798678, 36.305814606379371 ], [ 127.497929272259995, 36.307227093846087 ], [ 127.494761525700397, 36.311686775112626 ], [ 127.495721012719201, 36.312192740042931 ], [ 127.495871243743579, 36.312235528253431 ], [ 127.496426912597599, 36.312393795651275 ], [ 127.499261609223055, 36.314931653150296 ], [ 127.49929223603398, 36.315788207575252 ], [ 127.498280469906376, 36.318953956313479 ], [ 127.500178152128214, 36.320537020520156 ], [ 127.502108242012753, 36.323241764021873 ], [ 127.503584237476659, 36.325764801195021 ], [ 127.503531461733189, 36.32647769423059 ], [ 127.503514752961095, 36.326703355077285 ], [ 127.502711306977815, 36.328045984793548 ], [ 127.502045530595325, 36.329177559416763 ], [ 127.501216048265633, 36.333301244899644 ], [ 127.501166578663003, 36.337380832130961 ], [ 127.501250561494075, 36.33870629031555 ], [ 127.50213843553685, 36.339763210042712 ], [ 127.503979134706654, 36.340224623182792 ], [ 127.505705739720739, 36.340292941575832 ], [ 127.505842532638965, 36.340298355043657 ], [ 127.506826564748039, 36.340640946038008 ], [ 127.508472265574426, 36.342082160781374 ], [ 127.509309650842624, 36.343098455368995 ], [ 127.508157018934298, 36.343939626534862 ], [ 127.507916889974851, 36.345735574600951 ], [ 127.50856175289293, 36.348119283078525 ], [ 127.509766259233572, 36.350445951745748 ], [ 127.5141910095616, 36.351524991387862 ], [ 127.515870098406751, 36.35300370451094 ], [ 127.518466816451763, 36.353502425477728 ], [ 127.520156231286748, 36.353325426961618 ], [ 127.521310061756807, 36.353204532950862 ], [ 127.523077007349073, 36.357643355405408 ], [ 127.524956361240768, 36.363794996147341 ], [ 127.526856806959643, 36.369293812821653 ], [ 127.526719353610673, 36.371323903690524 ], [ 127.526650618696678, 36.372338950161058 ], [ 127.526581882004763, 36.373353995518393 ], [ 127.526424429559441, 36.373649850314095 ], [ 127.526233683726247, 36.374008223942838 ], [ 127.52575887451944, 36.374561020479938 ], [ 127.525618728678623, 36.375056965834801 ], [ 127.525291425280955, 36.376215220316766 ], [ 127.525165044496489, 36.38366061413565 ], [ 127.525207184656097, 36.386189631817409 ], [ 127.525718491797491, 36.387309214327402 ], [ 127.526695624270587, 36.387974364077827 ], [ 127.531771747448019, 36.390916017024466 ], [ 127.532754226524176, 36.39136082432038 ], [ 127.533053732586822, 36.391533806838979 ], [ 127.533306190256837, 36.391824152768223 ], [ 127.533702968638195, 36.392750442770705 ], [ 127.534099762016254, 36.393676727698498 ], [ 127.534597000684087, 36.394022646097191 ], [ 127.535643817060915, 36.394750854169551 ], [ 127.539158778349545, 36.397191645576498 ], [ 127.54122583595543, 36.397192181484705 ], [ 127.543113788797172, 36.397009884577045 ], [ 127.54361239478618, 36.396100834189937 ], [ 127.544659898581287, 36.39615859789027 ], [ 127.546874032161725, 36.39642560439426 ], [ 127.548123388071673, 36.39675557402002 ], [ 127.550770340723048, 36.395697446125375 ], [ 127.551468032272993, 36.395250156742563 ], [ 127.554185114376267, 36.394727697592444 ], [ 127.55415956933571, 36.394637907304805 ], [ 127.554499463783628, 36.393786969810108 ], [ 127.55485406748133, 36.393205294036036 ], [ 127.555248862292459, 36.392872008428661 ], [ 127.555939260316194, 36.392672001593752 ], [ 127.557726721787901, 36.393606260999022 ], [ 127.563982161619606, 36.39762692006407 ], [ 127.568858124772362, 36.400390124712388 ], [ 127.570930279985191, 36.401664644420102 ], [ 127.570064655705394, 36.398923575788302 ], [ 127.569641397864544, 36.397102599962508 ], [ 127.569587739097173, 36.396771389504472 ], [ 127.571702636643224, 36.393384637374268 ], [ 127.57223609317019, 36.392750261060641 ], [ 127.57232433397914, 36.392553029351149 ], [ 127.574081851163186, 36.391125602081061 ], [ 127.577243949181579, 36.389080241373883 ], [ 127.577666244790308, 36.389016056791782 ], [ 127.582309323990259, 36.389760058063771 ], [ 127.584763258169247, 36.390701032196759 ], [ 127.585264579273712, 36.390926447734088 ], [ 127.58874868464855, 36.392556283149524 ], [ 127.589223704695542, 36.392688592812611 ], [ 127.589620840165637, 36.39268663937586 ], [ 127.590210154999951, 36.392683734559107 ], [ 127.590579875084842, 36.392443686159581 ], [ 127.591357126228786, 36.391880514804832 ], [ 127.591598876635786, 36.391661819226186 ], [ 127.592295880374962, 36.390653647803198 ], [ 127.593870102641503, 36.388760722444289 ], [ 127.594568372783911, 36.38792861611325 ], [ 127.594746543512613, 36.387772361428546 ], [ 127.59534767683796, 36.387645076723473 ], [ 127.60096983268518, 36.387420190839428 ], [ 127.602340761479368, 36.387444372621061 ], [ 127.603098305339344, 36.387668439721715 ], [ 127.603382534253129, 36.387977749780276 ], [ 127.603923436815052, 36.388347898001037 ], [ 127.604205254204189, 36.388346475978203 ], [ 127.608949495609437, 36.387245224063278 ], [ 127.60925637204511, 36.387171172925939 ], [ 127.609600715940445, 36.386972609817612 ], [ 127.609727275346188, 36.386775162826858 ], [ 127.609750073809892, 36.386412529851263 ], [ 127.609798974334112, 36.38611189039834 ], [ 127.610512050646278, 36.385559295548546 ], [ 127.610805300786936, 36.385381714348213 ], [ 127.612836382689807, 36.384646277551624 ], [ 127.613514567230908, 36.384549594400873 ], [ 127.619327260325562, 36.384157139795335 ], [ 127.625928763563408, 36.38629796502309 ], [ 127.626469263486669, 36.386605883190626 ], [ 127.626716558769985, 36.387091410739025 ], [ 127.62680763151414, 36.387267020620598 ], [ 127.627542126122407, 36.387801774012402 ], [ 127.628171731791397, 36.388036704597432 ], [ 127.629646401400223, 36.388215399441712 ], [ 127.630694332425719, 36.38789915650041 ], [ 127.630687571813468, 36.387060210538657 ], [ 127.630537817103544, 36.385963054274185 ], [ 127.63022154814881, 36.384866784257106 ], [ 127.629718364781894, 36.382828913340795 ], [ 127.629829900205095, 36.382362222962186 ], [ 127.630312819420595, 36.381883219499827 ], [ 127.630766190657667, 36.380917552091859 ], [ 127.628288897088225, 36.380288391965067 ], [ 127.626644958344144, 36.379748027915483 ], [ 127.624691003126458, 36.378877816162415 ], [ 127.623636148233004, 36.378313627422479 ], [ 127.622374321038393, 36.377491571176712 ], [ 127.621032955447674, 36.376328076257785 ], [ 127.620864228528859, 36.376049291686911 ], [ 127.620882457391801, 36.371885306513079 ], [ 127.621039670664089, 36.37071406058633 ], [ 127.621829932091458, 36.368617648454254 ], [ 127.622586818927971, 36.367163611678414 ], [ 127.622344531392457, 36.365683678958916 ], [ 127.622264812960481, 36.365321569217642 ], [ 127.621381083315669, 36.363699972712482 ], [ 127.619219277465319, 36.360779866038307 ], [ 127.616425036779034, 36.357210420068945 ], [ 127.615650138926426, 36.3563754179361 ], [ 127.614334537466476, 36.355170290715598 ], [ 127.611043666250822, 36.35354021407079 ], [ 127.6086531013746, 36.35075573196233 ], [ 127.607766408484665, 36.350345899182244 ], [ 127.60722727260881, 36.350172548118245 ], [ 127.606740875018588, 36.350195739377249 ], [ 127.605020584397948, 36.349614039523857 ], [ 127.600827314406118, 36.345460868452356 ], [ 127.598996809985735, 36.342165837026251 ], [ 127.59806870285739, 36.339663838903704 ], [ 127.59796201530105, 36.339105039279069 ], [ 127.597752684562678, 36.338515685468764 ], [ 127.597391779210369, 36.338196380429402 ], [ 127.596195819272054, 36.337497992334114 ], [ 127.595785614332812, 36.337427536239247 ] ] ] ] } }
]
}
